id,pair_id,suffix,text,true_label,predicted_label,logit_non_pun,logit_pun,pun_score,probability_non_pun,probability_pun,correct
5.1811.H,5.1811,H,Qual é o animal que está sempre cansado? Dormedário,1,1,-2.12109375,2.55859375,4.6796875,0.009196552447974682,0.9908034801483154,True
5.2585.N,5.2585,N,Qual apresentador de TV vive gripado? Fausto Silva.,0,0,3.146484375,-3.138671875,-6.28515625,0.9981397390365601,0.0018602984491735697,True
4.19.H,4.19,H,O meu baralho de cartas fica doido quando ligo o aspirador. Hoje encontrei o meu ás pirado,1,1,-1.490234375,1.75390625,3.244140625,0.03753800690174103,0.9624620079994202,True
5.2731.H,5.2731,H,Qual é a Luta mais praticada nos quadrinhos japoneses? Krav Mangá,1,1,-1.5859375,1.9287109375,3.5146484375,0.028898300603032112,0.9711017608642578,True
5.1845.H,5.1845,H,Qual é o filme que só tinha atiradores de Elite? Top em Gun,1,1,-1.6669921875,2.087890625,3.7548828125,0.02286800742149353,0.9771320223808289,True
4.707.H,4.707,H,Onde é que a andorinha dá o iogurte aos filhotes? Danoninho.,1,1,-0.59228515625,0.830078125,1.42236328125,0.1942913681268692,0.805708646774292,True
5.3500.N,5.3500,N,Qual a bacteria que só pega em mulher? Salmonela.,0,1,-1.5693359375,1.9072265625,3.4765625,0.029986508190631866,0.9700134992599487,False
4.713.N,4.713,N,O que é um anão? É um Humano.,0,0,1.7021484375,-1.728515625,-3.4306640625,0.9686492681503296,0.0313507616519928,True
5.457.H,5.457,H,Por que o diabo gosta de carro pequeno? Porque é com pacto.,1,1,-1.486328125,1.8671875,3.353515625,0.03378022834658623,0.9662197828292847,True
5.2517.H,5.2517,H,Qual herói da literatura atirava em patos? Duck Shot de la Mancha.,1,1,-2.052734375,2.47265625,4.525390625,0.010714440606534481,0.9892855286598206,True
5.1205.N,5.1205,N,Por que o pessoal do Nordeste se orgulha do GPS? Porque ele fala: Você chegou no destino.,0,0,2.064453125,-1.8154296875,-3.8798828125,0.9797646999359131,0.020235320553183556,True
5.360.H,5.360,H,Por que o casal de patos sempre tomam banho quando discutem? Para deixar tudo em patos limpos.,1,1,-0.47412109375,0.669921875,1.14404296875,0.2415788173675537,0.7584211230278015,True
4.114.N,4.114,N,Um veterinário está a descrever o que costuma ver ao mesmo tempo . Qual é o filme? Como cães e gatos.,0,1,-0.11968994140625,0.163818359375,0.28350830078125,0.42959386110305786,0.5704061388969421,False
5.3127.N,5.3127,N,Qual programa onde você fala com um carro? O assistente pessoal.,0,0,1.64453125,-1.6171875,-3.26171875,0.9630919694900513,0.036908067762851715,True
5.1838.N,5.1838,N,O que o velho vaidoso disse em frente ao espelho? Lindo!,0,0,2.01171875,-1.6728515625,-3.6845703125,0.9755069613456726,0.024492992088198662,True
4.216.H,4.216,H,"Quanto tinha 11 anos só queria receber uma carta de Hogwarts a dizer que eu era um feiticeiro. Enfim, não se Potter tudo.",1,0,0.372314453125,-0.383056640625,-0.75537109375,0.6803479194641113,0.31965211033821106,False
5.158.H,5.158,H,Qual é o alimento que só pode ser servido em duas mesas de tamanho considerável? Parmesão.,1,0,1.796875,-1.6279296875,-3.4248046875,0.9684708714485168,0.03152918443083763,False
4.224.N,4.224,N,Vira-se um porta-moedas para uma carteira: nunca reparas em mim ...,0,0,0.062225341796875,-0.03472900390625,-0.096954345703125,0.5242195725440979,0.4757803678512573,True
5.2731.N,5.2731,N,Qual é a Luta mais praticada nos quadrinhos japoneses? Karatê,0,0,2.666015625,-2.47265625,-5.138671875,0.994168758392334,0.005831271409988403,True
5.1292.H,5.1292,H,O que o Sam da série Supernatural disse pro irmão quando viu um cara andando com um macaco no ombro? Aladdin.,1,0,0.55859375,-0.322265625,-0.880859375,0.7070003151893616,0.2929997444152832,False
4.188.H,4.188,H,Porque é que o poste caiu? Tinha alta tensão.,1,0,1.8583984375,-1.5263671875,-3.384765625,0.9672250151634216,0.03277498483657837,False
2.2.H,2.2,H,Quem há de nos salvar da hipotenusa? O Cateto Fantástico.,1,1,-1.359375,1.765625,3.125,0.042087722569704056,0.957912266254425,True
4.644.H,4.644,H,"Para quem não viu o eclipse ontem à noite, no fim o Edward fica com a Bella.",1,0,1.333984375,-1.19921875,-2.533203125,0.9264369606971741,0.07356304675340652,False
5.26.N,5.26,N,Qual grupo de pagode odeia o final dos parabéns? Só pra Contrariar.,0,0,1.0478515625,-1.0078125,-2.0556640625,0.8865187168121338,0.1134813129901886,True
5.26.H,5.26,H,Qual grupo de pagode odeia o final dos parabéns? Sopra Contrariado.,1,1,-2.03125,2.466796875,4.498046875,0.01100818533450365,0.9889918565750122,True
4.224.H,4.224,H,Vira-se um posta-moedas para uma carteira: nunca notas em mim...,1,1,-1.09765625,1.2490234375,2.3466796875,0.08733005076646805,0.9126699566841125,True
5.925.H,5.925,H,Qual o animal mais educado que existe? Gentilesma.,1,1,-2.03515625,2.53125,4.56640625,0.010288300924003124,0.9897116422653198,True
5.3500.H,5.3500,H,Qual a bacteria que só prega em mulher? Salmo nelas.,1,1,-1.423828125,1.8818359375,3.3056640625,0.035377390682697296,0.9646226167678833,True
3.13.N,3.13,N,Sabe por que o pinheiro não se perde na floresta? Porque ele não se move.,0,0,1.8935546875,-1.8115234375,-3.705078125,0.9759923219680786,0.024007748812437057,True
4.287.N,4.287,N,O que diz uma pessoa quando entra na casa de banho? Que cheiro!,0,0,1.95703125,-1.6259765625,-3.5830078125,0.9729595184326172,0.027040472254157066,True
5.3298.H,5.3298,H,Qual cara que trabalhava com computadores e começou a salvar judeus? Analista de Schindler.,1,1,-1.0244140625,1.2685546875,2.29296875,0.09170696884393692,0.9082930684089661,True
2.20.H,2.20,H,Eu odeio academia. Mas o Tim Maia.,1,1,-1.1083984375,1.5224609375,2.630859375,0.06717856973409653,0.9328213930130005,True
4.253.H,4.253,H,Porque é que os polícias não gostam de sabão? Porque preferem deter gente.,1,1,-0.86962890625,1.224609375,2.09423828125,0.10965808480978012,0.8903418779373169,True
5.2675.N,5.2675,N,Qual cantor sempre manda uma jogada boa no baralho? Nando Reis.,0,0,1.986328125,-2.10546875,-4.091796875,0.9835653901100159,0.016434574499726295,True
5.1980.H,5.1980,H,Qual o dispositivo usado pra enxergar melhor uma determinada nota musical? Óculos de Sol ,1,0,2.33984375,-1.794921875,-4.134765625,0.9842457175254822,0.015754245221614838,False
4.575.H,4.575,H,Vira-se a mãe pata para o patinho: Anda quá!,1,1,-0.462890625,0.6708984375,1.1337890625,0.24346250295639038,0.7565374970436096,True
4.164.H,4.164,H,Como se faz cócegas a um rico? Gucci Gucci Gucci!,1,1,-0.83251953125,1.259765625,2.09228515625,0.10984892398118973,0.8901510238647461,True
5.1837.H,5.1837,H,Qual é o apresentador que me dá tesão? Otávio me Excita,1,1,-1.1826171875,1.65234375,2.8349609375,0.05546393245458603,0.9445360898971558,True
5.1602.H,5.1602,H,Qual é a novela em que Antônio Fagundes faz uso de entorpecentes? O Rei Dro Gado.,1,0,1.875,-1.505859375,-3.380859375,0.967100977897644,0.03289904072880745,False
5.3242.H,5.3242,H,Qual é a técnica que faz o nariz obedecer todas as ordens? HipiNOSE.,1,1,-2.287109375,2.68359375,4.970703125,0.006890459917485714,0.9931095838546753,True
4.452.N,4.452,N,"O que diz um bombista suicida quando chega ao paraíso e encontra as 72 virgens? Olá meninas, acabo de chegar ...",0,0,0.55078125,-0.384033203125,-0.934814453125,0.718051016330719,0.2819490134716034,True
4.91.N,4.91,N,O que diz uma aranha carente? Saudades!,0,0,0.904296875,-0.8193359375,-1.7236328125,0.8485961556434631,0.15140381455421448,True
5.2403.H,5.2403,H,Qual o torresmo que nunca está de bem com a vida? O Torresmungando,1,1,-1.8720703125,2.408203125,4.2802734375,0.013649977743625641,0.9863499999046326,True
5.245.N,5.245,N,Qual é o cantor que está sempre perdido? Stevie Wonder?,0,0,1.9267578125,-1.7802734375,-3.70703125,0.9760379791259766,0.023962022736668587,True
5.1961.N,5.1961,N,Qual o romano mais malhado que existe? Adriano.,0,0,2.984375,-2.51171875,-5.49609375,0.9959140419960022,0.004086002707481384,True
2.14.H,2.14,H,Por que o astronauta cometeu um homicídio no espaço e não foi preso? Porque foi um crime sem gravidade.,1,0,2.31640625,-2.115234375,-4.431640625,0.988244891166687,0.011755131185054779,False
2.10.N,2.10,N,Como o padre bateu o carro? Dando uma ré.,0,0,2.427734375,-2.193359375,-4.62109375,0.9902538657188416,0.009746103547513485,True
5.2973.H,5.2973,H,Qual personagem de conto de fadas é uma divindade na Espanha? El Mágico Dios,1,1,-1.7197265625,2.23046875,3.9501953125,0.018887341022491455,0.9811125993728638,True
5.2811.H,5.2811,H,Profissional que conhecia tudo a respeito de suínos? Ex Perito de Porco ,1,1,-1.9990234375,2.45703125,4.4560546875,0.011474868282675743,0.9885250926017761,True
5.3433.H,5.3433,H,Qual o nome do chinês que adora doce? Chan Ti Lee.,1,1,-1.1044921875,1.5986328125,2.703125,0.06278920918703079,0.937210738658905,True
5.1021.H,5.1021,H,Qual galaxia treina com nutricionista? A Milky Whey,1,1,-1.48828125,2.001953125,3.490234375,0.02959137223660946,0.9704086184501648,True
4.738.N,4.738,N,O meu amigo fez anos ontem . Fiz-lhe uma festa.,0,0,1.6552734375,-1.443359375,-3.0986328125,0.9568363428115845,0.04316368326544762,True
5.3218.H,5.3218,H,Qual piloto nos enchia de orgulho? Emerson FittiProud.,1,1,-1.9150390625,2.37109375,4.2861328125,0.01357131265103817,0.9864286780357361,True
5.2244.N,5.2244,N,Qual a sobremesa favorita do marceneiro? Leite moça,0,0,1.59765625,-1.2265625,-2.82421875,0.9439706206321716,0.05602937936782837,True
5.2563.N,5.2563,N,"Quando um extraterrestre cai, o que ele passa no machucado? Remédio.",0,0,2.33203125,-1.9931640625,-4.3251953125,0.9869418740272522,0.013058193027973175,True
5.1095.N,5.1095,N,Vários bichos fizeram seus sons na caverna e ouviram a repetição . Porque só na vez do gato que não? Porque não deu eco.,0,0,1.0205078125,-1.0380859375,-2.05859375,0.8868131041526794,0.11318691074848175,True
5.3704.N,5.3704,N,Onde o Sílvio conseguiu comprar novelas tão ruins? Na porta da Globo!,0,0,2.662109375,-2.392578125,-5.0546875,0.9936610460281372,0.006338921841233969,True
5.3899.N,5.3899,N,Qual o programa preferido dos filhinhos do Drácula? Brincar.,0,0,1.9072265625,-1.703125,-3.6103515625,0.9736696481704712,0.02633030340075493,True
5.1430.H,5.1430,H,Qual é o nome do X-Men que quer crescer? Me estica.,1,1,-1.568359375,2.029296875,3.59765625,0.026657739654183388,0.97334223985672,True
5.2245.H,5.2245,H,Qual é a parte da casa que machuca o queixo de muitos? A Sacada ,1,0,1.400390625,-1.228515625,-2.62890625,0.9326989054679871,0.06730107218027115,False
5.693.N,5.693,N,Qual é a bebida que conecta com seu cérebro? Red Bull.,0,0,2.24609375,-2.021484375,-4.267578125,0.9861780405044556,0.013821962289512157,True
5.1095.H,5.1095,H,Vários bichos fizeram seus sons na caverna e ouviram a repetição.  Porque só na vez do gato que não? Porque economia.,1,1,-0.4267578125,0.6103515625,1.037109375,0.2617080807685852,0.73829185962677,True
5.828.N,5.828,N,Qual o nome e sobrenome da mulher que apareceu sem roupa e surpreendeu o japonês? A Maria Silva.,0,0,1.8193359375,-1.5302734375,-3.349609375,0.966092050075531,0.03390796110033989,True
4.645.N,4.645,N,"Se um dia te oferecerem uns óculos sem lentes, tem cuidado! Pode ser engano.",0,0,0.9716796875,-0.92529296875,-1.89697265625,0.869548499584198,0.130451500415802,True
5.2372.N,5.2372,N,Por que no telefone do mágico não precisava de usar dedos para ligar? Porque ele tinha discagem automática.,0,0,1.419921875,-1.3359375,-2.755859375,0.9402433633804321,0.059756580740213394,True
5.4037.H,5.4037,H,Por que o otimista não sorri mais? Porque ele cry na real.,1,1,-1.990234375,2.451171875,4.44140625,0.011642225086688995,0.9883578419685364,True
5.2064.N,5.2064,N,Em qual história os protagonistas nunca são atacados à noite? Os Três Mosqueteiros,0,0,1.150390625,-1.19140625,-2.341796875,0.9122800230979919,0.08772001415491104,True
5.1184.H,5.1184,H,Qual ex-presidente dos Estados Unidos ama fazer obras? Barack Obra Ama.,1,1,-2.2421875,2.712890625,4.955078125,0.006998209748417139,0.9930017590522766,True
5.3552.H,5.3552,H,Qual cachorro que não gosta de boneca ? Doll Mata.,1,1,-2.0078125,2.53125,4.5390625,0.01057048887014389,0.9894295334815979,True
5.3218.N,5.3218,N,Qual piloto nos enchia de orgulho? Emerson.,0,0,2.1484375,-2.4921875,-4.640625,0.9904406070709229,0.00955939944833517,True
5.1705.N,5.1705,N,Qual é a cidade que quer ser um instrumento musical? Cuparaque.,0,0,0.64599609375,-0.49755859375,-1.1435546875,0.7583316564559937,0.24166831374168396,True
5.2172.H,5.2172,H,Qual a promoção de quadros que uma pintora famosa faz na última sexta-feira de novembro? Black Frida ,1,1,-0.93310546875,1.3017578125,2.23486328125,0.09666314721107483,0.9033368229866028,True
5.2753.H,5.2753,H,Como se chama a deficiente visual grávida? Cegonha,1,0,1.80078125,-1.5478515625,-3.3486328125,0.9660599827766418,0.03393996134400368,False
5.1671.H,5.1671,H,Qual é a pizza que se deve experimentar sozinho? Provo alone.,1,1,-1.513671875,1.9775390625,3.4912109375,0.02956334501504898,0.970436692237854,True
4.320.N,4.320,N,Porque é que a equipa de futebol não tem pena do jogador que foi expulso? Porque é o que fez mais faltas.,0,0,1.185546875,-1.09375,-2.279296875,0.9071478247642517,0.0928521603345871,True
4.381.N,4.381,N,O que acontece quando metes um tomate no micro-ondas? Estraga o molho.,0,0,0.051849365234375,-0.07427978515625,-0.126129150390625,0.5314905643463135,0.4685094356536865,True
4.35.N,4.35,N,Quem é a mulher mais santa do mundo? A Irmã Lúcia . Foi a única mulher que fez vir o Papa.,0,0,0.92626953125,-0.6044921875,-1.53076171875,0.8221176862716675,0.17788225412368774,True
5.3676.N,5.3676,N,"Por que o marido prometeu levar a eposa pra Foz do Iguaçu, mas não levou? Porque era longe.",0,0,1.8076171875,-1.5185546875,-3.326171875,0.9653158187866211,0.03468417003750801,True
5.149.H,5.149,H,Qual doença acomete geralmente aos arquitetos? Ataque Decoração.,1,1,-1.75,2.087890625,3.837890625,0.021084841340780258,0.9789151549339294,True
4.42.H,4.42,H,O que é que fazes com 365 preservativos usados? Fazes um pneu e chamas-lhe Goodyear.,1,1,-0.311767578125,0.498779296875,0.810546875,0.30777397751808167,0.692225992679596,True
5.227.N,5.227,N,Qual é o mestre especializado em golpes com giro? Mestre Kame.,0,1,-0.1556396484375,0.54052734375,0.6961669921875,0.33266258239746094,0.6673374176025391,False
4.301.H,4.301,H,Adoro álcool destilado. É que quando está do outro lado eu não consigo beber.,1,0,1.193359375,-1.1123046875,-2.3056640625,0.9093450307846069,0.09065493941307068,False
5.2506.N,5.2506,N,Qual é o biscoito mais temido da mitologia? Maria e Maisena.,0,1,-0.603515625,1.04296875,1.646484375,0.16158464550971985,0.8384153246879578,False
4.510.H,4.510,H,"No outro dia estava a lavar o carro com o meu filho, vira-se ele: Pai, porque é que não usas uma esponja?",1,0,1.1162109375,-0.8193359375,-1.935546875,0.8738621473312378,0.1261378973722458,False
5.3186.H,5.3186,H,Como se segura uma bomba incendiária? Segura napalm da mão.,1,1,-1.9453125,2.361328125,4.306640625,0.013299493119120598,0.9867004752159119,True
5.1324.N,5.1324,N,Qual o meio de transporte que aceita qualquer estilo esportivo? Bicieclética.,0,1,-1.75390625,2.234375,3.98828125,0.01819436624646187,0.9818056225776672,False
4.373.N,4.373,N,Qual é a cantora preferida dos cirurgiões? É a Anastácia.,0,0,0.48876953125,-0.5263671875,-1.01513671875,0.7340242266654968,0.26597580313682556,True
5.1931.N,5.1931,N,Qual o lutador de UFC mais perdedor? Over dum.,0,1,-2.1484375,2.796875,4.9453125,0.007066401652991772,0.9929336309432983,False
5.989.N,5.989,N,Qual figura histórica terminou mal seu último relacionamento? John Kennedy.,0,0,2.83203125,-2.298828125,-5.130859375,0.9941232800483704,0.005876737646758556,True
5.659.N,5.659,N,Qual planta trabalha muito? Samambaia.,0,0,2.263671875,-2.3515625,-4.615234375,0.9901971817016602,0.009802816435694695,True
5.3619.N,5.3619,N,Qual é o ator que mais gosta de biscoito? Rodrigo Santoro.,0,0,2.796875,-2.517578125,-5.314453125,0.9951040744781494,0.004895880818367004,True
5.1756.N,5.1756,N,Qual tipo de roupa o Goku gostaria de dar de presente para sua esposa? Vestido.,0,0,2.689453125,-2.57421875,-5.263671875,0.9948503375053406,0.0051496075466275215,True
5.2017.N,5.2017,N,Que lei incentiva a espera em estabelecimentos? 8192/1998,0,0,1.7314453125,-1.5419921875,-3.2734375,0.9635062217712402,0.03649376332759857,True
5.1903.H,5.1903,H,Qual é a comida favorita das baleias? TapiOrca ,1,1,-1.98828125,2.505859375,4.494140625,0.011050794273614883,0.988949179649353,True
5.2479.N,5.2479,N,Qual é o personagem mais fedido da Disney? O Ió.,0,1,-0.53857421875,0.923828125,1.46240234375,0.1881001740694046,0.8118999004364014,False
5.692.N,5.692,N,Como se chama o profissional que trabalha com plástico e não interage com ninguém? Plastiqueiro.,0,1,-0.93701171875,1.185546875,2.12255859375,0.10692350566387177,0.8930765390396118,False
5.1705.H,5.1705,H,Uma família russa sai para viajar no Natal e esquece o filho em casa. Qual é o nome do filme? Esqueceram Dmitri,1,1,-1.3623046875,1.7353515625,3.09765625,0.04320403188467026,0.9567959308624268,True
5.2271.N,5.2271,N,Qual eletrônico se contenta em ser passivo na relação sexual? Celular,0,0,2.587890625,-2.33203125,-4.919921875,0.9927532076835632,0.007246802095323801,True
5.1435.H,5.1435,H,Por que o amor entre patos é o mais bonito que existe ? Porque é patoda vida.,1,1,-1.8681640625,2.421875,4.2900390625,0.013519118539988995,0.9864808320999146,True
5.3663.H,5.3663,H,Qual atacante visitou o Olimpo? Felipe Vi Zeus.,1,1,-2.07421875,2.603515625,4.677734375,0.009214365854859352,0.9907855987548828,True
5.476.N,5.476,N,"Por que a Pepsi é inteligente e a Coca burra? Porque a Pepsi estuda e a Coca, não.",0,0,1.40234375,-1.244140625,-2.646484375,0.9337939620018005,0.06620601564645767,True
5.2441.H,5.2441,H,Qual é o pote que toca música? O Spotefy.,1,1,-1.0419921875,1.263671875,2.3056640625,0.09065493941307068,0.9093450307846069,True
4.20.N,4.20,N,Adoro mulheres com inteligência  . Têm centenas de pontos a seu favor.,0,0,0.61572265625,-0.69287109375,-1.30859375,0.7872777581214905,0.2127222716808319,True
5.2973.N,5.2973,N,Qual personagem de conto de fadas é uma divindade na Espanha? El Gato con Botas,0,1,-1.611328125,2.09765625,3.708984375,0.02391638606786728,0.9760836362838745,False
4.373.H,4.373,H,Qual é a cantora preferida dos cirurgiões? É a Anestesia.,1,1,-1.7763671875,2.224609375,4.0009765625,0.01796896755695343,0.982030987739563,True
5.2492.H,5.2492,H,Por que o alfaiate foi expulso da balada? Porque ele perdeu a linha.,1,0,0.334716796875,-0.0765380859375,-0.4112548828125,0.6013887524604797,0.39861124753952026,False
5.865.H,5.865,H,Fui comer um doce e quando vi tinha pelos. Qual o nome do doce? Torrone Ramos.,1,1,-0.87451171875,1.1904296875,2.06494140625,0.11255132406949997,0.8874487280845642,True
4.216.N,4.216,N,"Quanto tinha 11 anos só queria receber uma carta de Hogwarts a dizer que eu era um feiticeiro . Enfim, não se pode ter tudo.",0,0,0.89111328125,-0.87060546875,-1.76171875,0.8534248471260071,0.1465752124786377,True
5.217.N,5.217,N,O que usam para fazer as bonecas Barbie? Aparelho de moldar.,0,0,0.79541015625,-0.830078125,-1.62548828125,0.8355506658554077,0.16444936394691467,True
4.287.H,4.287,H,O que diz um ouriço quando entra na casa de banho? Cacheiro!,1,1,-0.7421875,1.068359375,1.810546875,0.14057204127311707,0.8594279289245605,True
4.67.H,4.67,H,Porque é que as galinhas não gostam de ralis? Porque não vêem nada capoeira.,1,1,-0.796875,0.95751953125,1.75439453125,0.14749377965927124,0.852506160736084,True
5.2047.N,5.2047,N,"Qual conto mostra a história de alguém que acha a esposa linda, mas quando ela o procura de noite, ele nega? A pequena sereia.",0,0,2.1875,-1.798828125,-3.986328125,0.9817706942558289,0.0182292889803648,True
5.1961.H,5.1961,H,Que cantor é conhecido por seus dedos pequenos? Mindinho Ouro Preto ,1,1,-1.83203125,2.33984375,4.171875,0.015189048834145069,0.9848109483718872,True
5.3740.N,5.3740,N,"O que o Galvão disse quando viu um juíz retirar um jogador do campo? "" Eeergue o braço...""",0,1,-1.21484375,1.5361328125,2.7509765625,0.06003152206540108,0.9399685263633728,False
5.1782.N,5.1782,N,Por que o alfaiate foi expulso da balada? Porque ele faltou com respeito.,0,0,2.30078125,-2.28515625,-4.5859375,0.9899086952209473,0.01009131595492363,True
5.3970.H,5.3970,H,"Por que na crise, as aves não voavam sobre o Japão ? Porque estavam com a Ásia Quebrada.",1,1,-0.86376953125,1.12109375,1.98486328125,0.12080135196447372,0.8791986107826233,True
4.608.N,4.608,N,Qual é o passatempo preferido dos músicos? Gravação do disco.,0,0,2.31640625,-2.171875,-4.48828125,0.9888850450515747,0.011115013621747494,True
2.20.N,2.20,N,Eu odeio academia . Mas o Tim não.,0,0,1.9375,-2.283203125,-4.220703125,0.9855242371559143,0.014475689269602299,True
5.4060.N,5.4060,N,Qual autor bebia para escrever? Nelson Rodrigues.,0,0,3.12890625,-3.197265625,-6.326171875,0.9982143640518188,0.0017856743652373552,True
4.108.N,4.108,N,"Uma feminista perguntou-me de que forma eu via as relações lésbicas . Parece que "" em euforia "" não era a resposta correta ...",0,0,0.80078125,-0.607421875,-1.408203125,0.8034823536872864,0.19651760160923004,True
5.101.N,5.101,N,Qual é o filme protagonizado por Jim Carrey e um cigarro? Debi e Lóide.,0,1,-1.048828125,1.3837890625,2.4326171875,0.08071905374526978,0.9192809462547302,False
5.97.H,5.97,H,Qual o índio que envia boletos para cantores em grupo? Cacique cobra coral.,1,1,-1.1904296875,1.568359375,2.7587890625,0.059592198580503464,0.9404078125953674,True
4.112.N,4.112,N,Quando é que os informáticos vão ao dermatologista? Quando têm problemas de pele.,0,0,0.8603515625,-0.966796875,-1.8271484375,0.8614217042922974,0.13857834041118622,True
5.826.N,5.826,N,Como chama o cara que filma a missa? Film maker.,0,0,1.7265625,-1.5302734375,-3.2568359375,0.9629179239273071,0.03708202391862869,True
4.113.H,4.113,H,Porque é que o Pai Natal é tão feliz? Porque sabe onde vivem as meninas marotas.,1,0,0.2398681640625,-0.204345703125,-0.4442138671875,0.6092626452445984,0.3907373547554016,False
5.1433.N,5.1433,N,Qual é o cereal que se você coloca no microondas vira pipoca? O milho.,0,0,2.26953125,-2.072265625,-4.341796875,0.9871540665626526,0.012845957651734352,True
5.465.N,5.465,N,Qual estado brasileiro mais toma refrigerante? Paraná.,0,0,2.65625,-2.439453125,-5.095703125,0.9939143061637878,0.006085737142711878,True
5.1643.H,5.1643,H,Qual é a série que se passa no norte do país? Fresh Prince of Belém.,1,1,-1.8759765625,2.314453125,4.1904296875,0.014913982711732388,0.9850859642028809,True
4.280.N,4.280,N,Qual é o animal mais estranho? É o Papa-formigas.,0,0,0.09197998046875,0.0736083984375,-0.01837158203125,0.504592776298523,0.49540722370147705,True
5.1405.N,5.1405,N,Qual é o personagem da Marvel que usa rastafari? Pantera Negra.,0,0,1.9072265625,-1.66796875,-3.5751953125,0.9727531671524048,0.02724677324295044,True
5.3004.H,5.3004,H,Qual refeição que volta mais rápido do que vai? Backfast.,1,1,-0.8916015625,1.3291015625,2.220703125,0.0979066863656044,0.9020932912826538,True
5.355.N,5.355,N,Como se chama o vampiro pederasta? Conde Vlad.,0,0,0.205322265625,-0.00909423828125,-0.21441650390625,0.5533996820449829,0.4466003179550171,True
4.257.N,4.257,N,Um homem foi para a guerra e perdeu os dois pés . Qual é o filme? O pestinha.,0,1,-1.1171875,1.4443359375,2.5615234375,0.07165613770484924,0.9283438920974731,False
5.87.N,5.87,N,Qual a embarcação criada para salvar os dinossauros do dilúvio? A arca,0,0,2.681640625,-2.041015625,-4.72265625,0.991186797618866,0.008813166059553623,True
5.423.H,5.423,H,Qual deus grego não tem talento pra ser deus? Posemdom,1,1,-1.7138671875,2.244140625,3.9580078125,0.018743114545941353,0.9812568426132202,True
5.2347.N,5.2347,N,Qual nome se dá quando cai uma parte de um estádio? Tragédia.,0,0,2.763671875,-2.37890625,-5.142578125,0.9941913485527039,0.005808669608086348,True
5.202.N,5.202,N,Por que o Sílvio Santos só entra em casa depois que o olho dele é escaneado? Porque a porta só abre com reconhecimento de Íris.,0,1,-1.0009765625,1.333984375,2.3349609375,0.08826860040426254,0.9117313623428345,False
5.1315.H,5.1315,H,Por que o jogador quando faz uma falta sempre levanta os braços para cima? Por força do árbitro.,1,0,1.4130859375,-1.3017578125,-2.71484375,0.9378969073295593,0.06210312247276306,False
5.454.H,5.454,H,Por que a criança vivia no quarto sem poder falar nada? Porque foi criado mudo.,1,1,-1.103515625,1.4169921875,2.5205078125,0.07443295419216156,0.925567090511322,True
5.914.N,5.914,N,Qual é a cantora que tem medo de um animal específico? Zizi Possi.,0,0,2.666015625,-2.6328125,-5.298828125,0.9950273633003235,0.004972596187144518,True
5.3143.H,5.3143,H,Qual o pós-sol dos heróis? Os Vinga Ardores.,1,1,-1.8759765625,2.38671875,4.2626953125,0.013888676650822163,0.9861112833023071,True
4.521.H,4.521,H,Eu não sou supersticioso. Sou só um pouco sticioso.,1,0,0.018646240234375,-0.045135498046875,-0.06378173828125,0.5159400105476379,0.4840599596500397,False
4.18.N,4.18,N,"Cristiano Ronaldo, está nervoso para o jogo com a Suécia? Não, confiante.",0,0,0.71728515625,-0.689453125,-1.40673828125,0.8032509684562683,0.1967490315437317,True
4.650.N,4.650,N,Qual é a religião dos gatos? Católica.,0,0,2.298828125,-2.037109375,-4.3359375,0.9870795607566833,0.012920473702251911,True
5.3026.N,5.3026,N,Qual estado americano é um saco de viver? Utah!,0,0,0.5595703125,-0.640625,-1.2001953125,0.7685595154762268,0.231440469622612,True
5.872.N,5.872,N,Qual comediante vive com calor? Renato Aragão.,0,0,2.900390625,-3.08203125,-5.982421875,0.9974836707115173,0.002516360953450203,True
5.1065.N,5.1065,N,Qual a cidade que deixa a gente em pedaços? Nova York.,0,0,1.8291015625,-1.5146484375,-3.34375,0.9658995866775513,0.034100428223609924,True
5.3736.H,5.3736,H,Qual clube campeão da Libertadores consegue segurar bebês gêmeos? Colo-Colo.,1,0,1.423828125,-1.3740234375,-2.7978515625,0.9425595998764038,0.057440385222435,False
5.2336.H,5.2336,H,Qual meio-campo brasileiro tem uma estatura baixíssima? Philippe Curtinho.,1,1,-1.9482421875,2.41015625,4.3583984375,0.012637127190828323,0.9873628616333008,True
5.1685.H,5.1685,H,"Toda vez que um rapaz entrava no banheiro, ouvia-se o som de um pintinho. Qual o nome do filme? O homem que o cu piava.",1,1,-1.1728515625,1.3681640625,2.541015625,0.07303237915039062,0.9269675612449646,True
4.637.N,4.637,N,O que faz uma pessoa surda? Finge que ouve.,0,0,1.6279296875,-1.43359375,-3.0615234375,0.9552773833274841,0.04472257196903229,True
4.201.N,4.201,N,Era uma vez uma cidade onde quase todas as motos eram Yamaha . Qual é o filme? Pocahontas.,0,1,-1.421875,1.814453125,3.236328125,0.03782128542661667,0.9621787071228027,False
5.466.H,5.466,H,Por que o jardineiro não brigou com a planta? Porque ele sempre arrega.,1,0,0.1197509765625,0.0248870849609375,-0.0948638916015625,0.5236982107162476,0.47630178928375244,False
4.478.H,4.478,H,Porque é que os indecisos não atravessam o rio? Porque não há margem para dúvidas.,1,0,0.6904296875,-0.646484375,-1.3369140625,0.7919820547103882,0.2080179899930954,False
5.101.H,5.101,H,Qual é o filme protagonizado por Jim Carrey e um cigarro? Derby & Lóide.,1,1,-1.51953125,1.9560546875,3.4755859375,0.030014922842383385,0.9699850082397461,True
5.942.H,5.942,H,Qual banda não está bem? Banda Mal tá.,1,1,-1.794921875,2.25390625,4.048828125,0.017143765464425087,0.9828562140464783,True
5.3806.H,5.3806,H,Como chamam o cara que bate nos outros? Rebelte.,1,1,-0.29443359375,0.56787109375,0.8623046875,0.2968580424785614,0.7031419277191162,True
5.4026.N,5.4026,N,Porque o carro passou a virada de ano andando pra trás? Por que a ré estava quebrada.,0,0,0.301513671875,-0.1900634765625,-0.4915771484375,0.6204779148101807,0.3795221447944641,True
2.17.N,2.17,N,Sabe qual é o legume que ninguém consegue domesticar? O nabo.,0,0,1.1103515625,-1.119140625,-2.2294921875,0.9028668403625488,0.09713316708803177,True
4.50.H,4.50,H,Eu tenho uma teoria sobre a inércia. Mas não parece estar a ganhar muita força.,1,0,0.50146484375,-0.491455078125,-0.992919921875,0.7296642661094666,0.27033570408821106,False
5.1182.H,5.1182,H,Por que o Chico Buarque foi preso na saída do Santander? Por Assaltimbanco.,1,1,-1.962890625,2.470703125,4.43359375,0.011732463724911213,0.9882676005363464,True
5.2530.H,5.2530,H,Que bicho anda sempre acompanhado de mais 3? A Four Miga.,1,1,-1.98046875,2.41015625,4.390625,0.012241274118423462,0.9877586960792542,True
5.1230.H,5.1230,H,Qual a dupla sertaneja que vivia no queijo? Cheddar Menoti e FaBrieano.,1,1,-1.3857421875,1.88671875,3.2724609375,0.036528121680021286,0.9634719491004944,True
5.2452.H,5.2452,H,Qual é o salgado muito bom que não deixa ninguem transar? Empada foda.,1,1,-1.951171875,2.380859375,4.33203125,0.012970385141670704,0.9870296716690063,True
5.2007.N,5.2007,N,Por que o atirador jogou fora todos os seus planos depois de atirar num careca? Porque ele errou os tiros!,0,0,1.505859375,-1.3203125,-2.826171875,0.9440738558769226,0.05592617392539978,True
5.1735.H,5.1735,H,Qual esporte radical os carecas mais praticam? Parapente.,1,0,1.9306640625,-1.5869140625,-3.517578125,0.9711838364601135,0.02881619706749916,False
5.495.H,5.495,H,Qual pseudo celebridade agora canta rap? Jay Z Arruda.,1,1,-1.83984375,2.19140625,4.03125,0.017442483454942703,0.982557475566864,True
5.866.N,5.866,N,Qual a bebida favorita das ninfomaníacas? Vodka.,0,0,1.1845703125,-1.0205078125,-2.205078125,0.9007046222686768,0.09929539263248444,True
4.176.H,4.176,H,"Há um bocado vi um incêndio numa pastelaria. A maioria das pessoas saiu com calma, mas os gordos foi o panike.",1,1,-0.83349609375,1.1015625,1.93505859375,0.12619172036647797,0.8738082647323608,True
5.1745.N,5.1745,N,Onde o Mickey gosta de morar? No condomínio.,0,0,2.349609375,-2.607421875,-4.95703125,0.9930152893066406,0.006984650157392025,True
5.2211.H,5.2211,H,"Qual é o filme da Marvel em que um pão vence outro pão, mas oferece uma chance de empate? Pão terá nêga.",1,1,-1.75,2.220703125,3.970703125,0.01851104572415352,0.9814888834953308,True
4.200.H,4.200,H,Qual é a marca de computadores que canta melhor? A Dell.,1,0,1.8798828125,-1.703125,-3.5830078125,0.9729595184326172,0.027040472254157066,False
5.208.N,5.208,N,Por que as pistas de corridas com obstáculos são perigosas? Porque pode cair.,0,0,1.2998046875,-1.4150390625,-2.71484375,0.9378969073295593,0.06210312247276306,True
4.192.H,4.192,H,Porque é que o exame de Neurologia é o mais fácil? Porque a matéria está toda na cabeça.,1,1,-0.162353515625,0.18994140625,0.352294921875,0.4128260314464569,0.5871739387512207,True
5.74.N,5.74,N,"O que o Faustão diria se fosse professor de arte? Ô loco, meu! Essa esfera.",0,1,-1.4248046875,1.9482421875,3.373046875,0.03314851596951485,0.9668514132499695,False
5.2213.H,5.2213,H,O que se deve dizer pro professor de geometria esquerdista? Vai pra cubo ,1,1,-0.7421875,1.041015625,1.783203125,0.1439080834388733,0.8560919761657715,True
5.283.H,5.283,H,O que o coveiro disse quando pediram a ele para gerenciar o cemitério? Isso não é da minha ossada.,1,0,0.2259521484375,-0.06903076171875,-0.29498291015625,0.5732156038284302,0.4267843961715698,False
5.317.H,5.317,H,Qual banda é formada por um padre? É o Tchan! Com Padre Washington.,1,1,-0.5546875,0.8935546875,1.4482421875,0.190272256731987,0.8097277879714966,True
5.1408.N,5.1408,N,Por qual pasta de dente você não paga nada? A Sorriso.,0,1,-1.037109375,1.4892578125,2.5263671875,0.07403029501438141,0.9259697198867798,False
5.2844.H,5.2844,H,Como o padre bateu o carro? Dando uma rezinha,1,0,2.25390625,-2.05078125,-4.3046875,0.9866748452186584,0.013325147330760956,False
5.1851.H,5.1851,H,Quem foi a primeira personalidade a mandar mensagem de texto? Torpedro I.,1,1,-1.6630859375,2.140625,3.8037109375,0.021801987662911415,0.9781979322433472,True
5.1475.H,5.1475,H,Qual pico mais gelado que existe? O pico lé.,1,0,0.22998046875,0.2271728515625,-0.0028076171875,0.500701904296875,0.499298095703125,False
5.1020.N,5.1020,N,O que é o número 5 no cinto? O cinto,0,0,2.416015625,-2.171875,-4.587890625,0.9899281859397888,0.010071824304759502,True
4.237.H,4.237,H,O que é um elfo muito gordo? É um elfante.,1,1,-0.95947265625,1.3271484375,2.28662109375,0.09223707765340805,0.907762885093689,True
4.76.N,4.76,N,O que é que está entre dois gatos? Uma meada.,0,1,-0.1748046875,0.34423828125,0.51904296875,0.37307605147361755,0.6269239783287048,False
4.566.N,4.566,N,Porque é que os lutadores praticam boxe? Porque há um assalto a cada 3 minutos.,0,0,0.873046875,-0.8486328125,-1.7216796875,0.8483450412750244,0.151654914021492,True
5.2638.H,5.2638,H,Quem é a pessoa que só escreve histórias sobre felinos depressivos? Agatha Triste.,1,1,-1.845703125,2.259765625,4.10546875,0.01621503196656704,0.9837850332260132,True
5.3658.N,5.3658,N,Qual comediante se formou em uma escola agrotécnica? Rony Rios,0,0,0.494873046875,-0.306396484375,-0.80126953125,0.6902459859848022,0.30975404381752014,True
5.2491.N,5.2491,N,Qual é a dupla sertaneja favorita dos velhos? Leandro e Leonardo.,0,0,2.1796875,-2.0625,-4.2421875,0.9858275651931763,0.014172364957630634,True
5.4100.N,5.4100,N,Qual a raça de cachorro que se manda calar a boca? Pinscher.,0,0,1.6591796875,-1.4140625,-3.0732421875,0.9557754397392273,0.044224582612514496,True
5.3447.N,5.3447,N,Qual time de futebol é um grande vazio? Vasco da Gama.,0,0,1.6259765625,-1.380859375,-3.0068359375,0.9528819918632507,0.04711800441145897,True
5.896.H,5.896,H,Para onde se leva um cachorro canhoto? Para o adestramento.,1,0,1.6728515625,-1.6982421875,-3.37109375,0.9667888283729553,0.03321117162704468,False
5.435.N,5.435,N,Qual animal vive no esteticista? O homem.,0,0,2.916015625,-2.720703125,-5.63671875,0.9964480400085449,0.0035518843214958906,True
5.1997.N,5.1997,N,O que o comediante faz no carnaval? Stand-up Comedy,0,0,2.232421875,-2.177734375,-4.41015625,0.9879926443099976,0.012007350102066994,True
5.383.N,5.383,N,Qual hortaliça não tem gosto de nada? Acelga.,0,1,-1.8984375,2.337890625,4.236328125,0.014254463836550713,0.9857455492019653,False
5.1733.N,5.1733,N,Qual o tipo de conexão que não funciona no elevador? Internet fibra ótica.,0,0,0.63232421875,-0.294677734375,-0.927001953125,0.7164666652679443,0.28353333473205566,True
5.3986.N,5.3986,N,Por que o bebê demorou muito pra nascer? Porque é demorado.,0,0,2.654296875,-2.580078125,-5.234375,0.9946980476379395,0.005301895085722208,True
5.1937.N,5.1937,N,Qual apresentador é o mais duas caras? Marcos Mion.,0,0,2.673828125,-2.57421875,-5.248046875,0.9947697520256042,0.005230278242379427,True
5.2017.H,5.2017,H,Que lei incentiva a espera em estabelecimentos? Lei Maria da Senha ,1,1,-1.09765625,1.5576171875,2.6552734375,0.06566473096609116,0.9343352913856506,True
5.358.N,5.358,N,Qual cidade incentiva o uso do tato? Curitiba.,0,0,2.34765625,-2.57421875,-4.921875,0.9927672147750854,0.007232763804495335,True
5.2200.N,5.2200,N,Qual é o filme favorito da cabra? A bruxa de blair,0,1,-0.640625,1.0380859375,1.6787109375,0.15726622939109802,0.8427337408065796,False
4.418.H,4.418,H,"Qual é o masculino de ""tábua""? Eu até dizia, mas é tabu.",1,0,1.876953125,-1.8271484375,-3.7041015625,0.9759693741798401,0.024030638858675957,False
5.2058.H,5.2058,H,Como você chama um droid pirata? Arrrr2-D2 ,1,1,-0.56201171875,0.853515625,1.41552734375,0.19536371529102325,0.8046362400054932,True
5.2274.N,5.2274,N,Qual é o doce usado em baterias de celular? O pudim.,0,0,2.791015625,-2.4375,-5.228515625,0.9946671724319458,0.005332885775715113,True
4.250.H,4.250,H,Qual é a especialidade de um médico bipolar? Otorrino otochorando.,1,1,-1.90625,2.404296875,4.310546875,0.013248330913484097,0.9867516756057739,True
4.405.H,4.405,H,Porque é que o bode está à porta da quinta? Está à espera cabra.,1,1,-1.326171875,1.634765625,2.9609375,0.04922211542725563,0.9507778882980347,True
5.254.H,5.254,H,Qual é o youtuber que ama a Microsoft? Windows Son.,1,1,-2.01953125,2.578125,4.59765625,0.009974921122193336,0.9900250434875488,True
5.1570.H,5.1570,H,"Uma pessoa com o apelido Lu, foi para a padaria com suas duas irmãs Ana. Qual o nome da pessoa? Lu sem Anas",1,1,-1.3525390625,1.74609375,3.0986328125,0.04316368326544762,0.9568363428115845,True
4.446.N,4.446,N,Qual é a banda preferida dos obesos? A banda Queen.,0,0,1.94140625,-1.607421875,-3.548828125,0.9720456600189209,0.027954399585723877,True
4.324.H,4.324,H,Quais são as escadas que demoram mais a subir? São as escadas em caracol.,1,1,-0.095458984375,0.11004638671875,0.20550537109375,0.44880369305610657,0.551196277141571,True
5.1131.H,5.1131,H,Por que o Ben 10 de vez em quando ganha algumas roupas de presente? Porque há malhas que vêm pra Ben.,1,1,-0.5654296875,0.8046875,1.3701171875,0.20260089635849,0.79739910364151,True
5.187.N,5.187,N,Por que o Mario perdeu o processo para o Sonic? Porque a justiça é infalível.,0,0,1.9677734375,-1.951171875,-3.9189453125,0.9805247783660889,0.019475216045975685,True
5.2289.N,5.2289,N,Qual super herói sempre quer mais e mais? Incrível Hulk,0,0,2.076171875,-1.9140625,-3.990234375,0.9818405508995056,0.01815951243042946,True
5.3186.N,5.3186,N,Como se segura uma bomba incendiária? Segura sem o uso da mão.,0,0,1.423828125,-1.310546875,-2.734375,0.939024806022644,0.06097518280148506,True
5.3230.H,5.3230,H,Qual médico que é funkeiro? PediCatra.,1,1,-2.2109375,2.6796875,4.890625,0.007460643071681261,0.9925393462181091,True
5.1314.N,5.1314,N,Por que a manicure foi demitida? Porque ela estava chengando atrasada.,0,1,-0.69921875,1.076171875,1.775390625,0.1448732167482376,0.8551267385482788,False
5.3732.H,5.3732,H,Qual caneta gosta de dar dura nas pessoas? Caneta de enquadro.,1,1,-1.78515625,2.236328125,4.021484375,0.017610641196370125,0.9823893308639526,True
5.2309.N,5.2309,N,Por que a mulher que trabalhava na joalheria virou piloto? Porque ela sabia pilotar,0,0,2.431640625,-2.126953125,-4.55859375,0.9896317720413208,0.010368156246840954,True
5.1292.N,5.1292,N,O que o Sam da série Supernatural disse pro irmão quando viu um cara andando com um macaco no ombro? Olha lá.,0,0,2.392578125,-2.060546875,-4.453125,0.9884918928146362,0.011508149094879627,True
5.162.N,5.162,N,O que são dois pontinhos marrons no palco? Bruno e Marrone.,0,0,1.9658203125,-1.8486328125,-3.814453125,0.978425920009613,0.02157406695187092,True
5.1335.N,5.1335,N,Qual é o youtuber que mais economiza na luz? O Whindersson Nunes.,0,1,-2.056640625,2.443359375,4.5,0.010986942797899246,0.9890130758285522,False
5.3962.H,5.3962,H,Qual passarinho grita muito? João de Berro.,1,1,0.057830810546875,0.3095703125,0.251739501953125,0.4373953938484192,0.5626046061515808,True
5.2009.N,5.2009,N,Nome do cara que não joga na linha? O goleiro,0,0,2.748046875,-2.60546875,-5.353515625,0.9952907562255859,0.004709205590188503,True
4.171.H,4.171,H,Hoje decidi queimar as minhas bonecas. Fiz um barbiecue.,1,1,-1.4599609375,1.9384765625,3.3984375,0.032344333827495575,0.9676556587219238,True
4.40.N,4.40,N,"Hoje no trânsito disse "" amo-te "" a um semáforo . O semáforo mudou.",0,0,1.2197265625,-0.94921875,-2.1689453125,0.8974258899688721,0.10257407277822495,True
5.2210.H,5.2210,H,Qual é o filme dirigido por Jordan Peele e Sérgio Mallandro? CoRRÁ!,1,1,-1.509765625,1.728515625,3.23828125,0.03775027021765709,0.9622496962547302,True
5.355.H,5.355,H,Como se chama o vampiro pederasta? Conde Dá-o-cu-lá.,1,1,-1.3720703125,1.833984375,3.2060546875,0.03893851116299629,0.9610614776611328,True
5.495.N,5.495,N,Qual pseudo celebridade agora canta rap? Carol Conká.,0,1,-1.556640625,1.90234375,3.458984375,0.03050205111503601,0.9694979190826416,False
5.604.N,5.604,N,Qual é a loja que no ENEM só chutava a terceira e primeira alternativas? Renner.,0,0,1.3955078125,-1.3642578125,-2.759765625,0.9404625296592712,0.059537485241889954,True
4.204.N,4.204,N,Como é que os drogados espirram? Achim!,0,0,0.66455078125,-0.61083984375,-1.275390625,0.7816640734672546,0.21833586692810059,True
5.3918.H,5.3918,H,Como se chamava a apresentadora do primeiro programa feito para a internet? Web Camargo.,1,1,-1.7421875,2.232421875,3.974609375,0.018440209329128265,0.9815597534179688,True
5.2024.N,5.2024,N,Qual é o celular nudista? iPhone,0,0,0.81689453125,-0.5546875,-1.37158203125,0.7976356148719788,0.20236438512802124,True
5.456.H,5.456,H,Qual é a madeira que vive online? IP.,1,1,-0.56591796875,0.65966796875,1.2255859375,0.22695492208003998,0.7730450630187988,True
5.1657.N,5.1657,N,Qual é a lanchonete favorita dos góticos? KFC.,0,1,-0.7431640625,1.015625,1.7587890625,0.14694207906723022,0.8530579209327698,False
4.635.H,4.635,H,Por que é que o Mozart vai à igreja? Porque Amadeus.,1,1,-0.771484375,1.1826171875,1.9541015625,0.12410682439804077,0.875893235206604,True
5.82.H,5.82,H,Qual é o adoçante preferido das vacas? Zero Cow.,1,1,-2.083984375,2.623046875,4.70703125,0.008950712159276009,0.9910492897033691,True
5.1306.H,5.1306,H,Qual rapper americano os gatos mais gostam? Whiska Lifa.,1,1,-1.90625,2.314453125,4.220703125,0.014475689269602299,0.9855242371559143,True
4.42.N,4.42,N,O que é que fazes com preservativos usados? Fazes um pneu e chamas-lhe reciclagem.,0,0,0.1109619140625,-0.0307159423828125,-0.1416778564453125,0.5353603363037109,0.4646396338939667,True
5.2058.N,5.2058,N,Como você chama um droid pirata? R2-D2,0,0,0.701171875,-0.5390625,-1.240234375,0.775604784488678,0.22439520061016083,True
5.3760.N,5.3760,N,Por que o povo brasileiro não acha necessário dubladores de super heróis? Porque pro povo é redundante,0,0,0.57958984375,-0.48828125,-1.06787109375,0.7441918849945068,0.25580814480781555,True
5.3385.H,5.3385,H,Qual atriz tá com o demônio no corpo? Zezé Possessa.,1,0,1.998046875,-1.9404296875,-3.9384765625,0.9808942675590515,0.01910572685301304,False
5.970.N,5.970,N,Qual é a parte do corpo que mais se precipita? Pé.,0,0,1.3232421875,-1.1337890625,-2.45703125,0.9210741519927979,0.07892589271068573,True
4.14.N,4.14,N,O meu sonho é ser probre um dia . É que ser rico todos os dias é lixado.,0,1,-0.38232421875,0.515625,0.89794921875,0.2894721031188965,0.7105278968811035,False
5.3303.H,5.3303,H,Qual a ave que te serve comida? Garça on.,1,1,-2.01171875,2.533203125,4.544921875,0.01050938293337822,0.9894906878471375,True
5.1837.N,5.1837,N,"O que o cachorro falou pro dono depois que tomou um esporro? Desculpa, você tem toda a razão.",0,0,2.494140625,-2.02734375,-4.521484375,0.9892441034317017,0.010755925439298153,True
4.231.N,4.231,N,Onde é que os anões se embebedam? No bar.,0,0,1.32421875,-1.203125,-2.52734375,0.9260365962982178,0.07396337389945984,True
5.2362.H,5.2362,H,Qual é o tipo de gol que vale uma fortuna no mercado? Gold Letra.,1,1,-2.16015625,2.73828125,4.8984375,0.007403014227747917,0.9925969839096069,True
5.1717.N,5.1717,N,O que é que tem na boca do sapo? Herpes.,0,0,1.765625,-1.6142578125,-3.3798828125,0.9670699238777161,0.032930128276348114,True
5.3440.N,5.3440,N,Qual o documento atesta a morte do cearense? Atestado de óbito.,0,0,2.890625,-2.880859375,-5.771484375,0.9968944787979126,0.0031054557766765356,True
5.3070.N,5.3070,N,"O que me disse o garçom ao me ver no restaurante com uma coleira na mão? "" Tem perro? """,0,1,-0.3369140625,0.6953125,1.0322265625,0.2626526653766632,0.7373473048210144,False
5.2159.H,5.2159,H,"Qual heroína histórica era gótica? Joana ""Dark"" ",1,1,-1.5908203125,2.087890625,3.6787109375,0.0246333796530962,0.9753665924072266,True
4.139.N,4.139,N,O que são dois pontos pretos vistos ao microscópio? Uma bactéria e um protozoário.,0,0,1.892578125,-1.7578125,-3.650390625,0.9746769666671753,0.025323059409856796,True
5.3109.H,5.3109,H,Qual rap te provoca gases? Rap Olho.,1,1,-2.146484375,2.677734375,4.82421875,0.007968815043568611,0.9920312166213989,True
4.139.H,4.139,H,O que são dois pontos pretos vistos ao microscópio? Uma blacktéria e um pretozoário.,1,1,-0.97802734375,1.2060546875,2.18408203125,0.10118905454874039,0.8988109230995178,True
5.3070.H,5.3070,H,"O que me disse o garçom argentino ao me ver no restaurante com uma coleira na mão? ""Tem perro?""",1,1,-0.38037109375,0.8271484375,1.20751953125,0.23014023900032043,0.769859790802002,True
2.19.N,2.19,N,Todos morrem uma só vez . A Alanis também.,0,0,1.2744140625,-1.279296875,-2.5537109375,0.927822470664978,0.07217757403850555,True
5.1175.N,5.1175,N,Por que as mulheres adoram sair pra comprar vestidos? Porque é muito DiVestido.,0,1,-1.470703125,1.8095703125,3.2802734375,0.0362541638314724,0.9637458920478821,False
4.258.H,4.258,H,Que nome se dá ao Super-Homem quando ele vai à missa? Clark Krente.,1,1,-1.99609375,2.552734375,4.548828125,0.010468839667737484,0.9895311594009399,True
5.1408.H,5.1408,H,Por qual pasta de dente você não paga nada? A Colgrátis.,1,1,-1.7763671875,2.26953125,4.0458984375,0.017193201929330826,0.9828068017959595,True
4.180.N,4.180,N,Comi um iogurte e vomitei a seguir . Devia ser iogurte estragado.,0,0,1.6298828125,-1.4013671875,-3.03125,0.9539660811424255,0.04603390395641327,True
5.2212.H,5.2212,H,"Qual é o filme do número primo, estrelado pela Emma Watson? As Vantagens de Ser Indivisível.",1,0,0.1883544921875,-0.2222900390625,-0.41064453125,0.6012424230575562,0.39875760674476624,False
5.2362.N,5.2362,N,Qual é o tipo de gol que vale uma fortuna no mercado? Gol de letra.,0,0,0.425537109375,-0.06494140625,-0.490478515625,0.6202191710472107,0.3797808885574341,True
5.1815.N,5.1815,N,Qual cantora apaga tudo que escreve no computador? A Anitta.,0,0,2.80859375,-2.66796875,-5.4765625,0.9958337545394897,0.004166256636381149,True
5.140.H,5.140,H,Qual cantor nunca fica preso? MC Livrinho.,1,0,0.71728515625,-0.6123046875,-1.32958984375,0.7907727956771851,0.20922721922397614,False
4.526.H,4.526,H,De que marca é a roupa do Pinóquio? Ele ment.,1,1,-0.1043701171875,0.43017578125,0.5345458984375,0.3694572448730469,0.6305426955223083,True
5.2211.N,5.2211,N,"Qual é o filme da Marvel em que um pão vence outro pão, mas oferece uma chance de empate? Homem de Ferro.",0,0,1.7470703125,-1.4990234375,-3.24609375,0.9625324606895447,0.037467509508132935,True
5.3026.H,5.3026,H,Qual estado americano é um saco de viver? Utah que o pariu!,1,1,-1.1240234375,1.3974609375,2.521484375,0.07436570525169373,0.9256342649459839,True
5.3639.N,5.3639,N,"Qual poção você toma e desapega, desapega? O de invisibilidade.",0,1,-0.10400390625,0.2269287109375,0.3309326171875,0.41801369190216064,0.5819862484931946,False
4.364.H,4.364,H,O que diz um ouriço quando entra na casa de banho? Cacheiro!,1,1,-0.7421875,1.068359375,1.810546875,0.14057204127311707,0.8594279289245605,True
4.161.N,4.161,N,Qual é o filme mais triste de sempre? O Titanic . Morreram todos.,0,0,1.8134765625,-1.423828125,-3.2373046875,0.9622142910957336,0.037785764783620834,True
5.160.N,5.160,N,O que o italiano disse quando entrou na pirâmide? Múmia,0,0,2.474609375,-2.326171875,-4.80078125,0.9918437600135803,0.008156249299645424,True
4.301.N,4.301,N,Detesto álcool puro . É que quando está do outro lado eu não consigo beber.,0,0,1.2451171875,-1.1533203125,-2.3984375,0.9167081117630005,0.0832919254899025,True
5.33.H,5.33,H,Qual super herói tem tudo para a sua construção? Herói Mêrlín.,1,1,-1.32421875,1.7666015625,3.0908203125,0.04348749667406082,0.9565125107765198,True
5.1470.H,5.1470,H,"Por qual crime, a Alemanha pode ser presa? Um sete a um.",1,1,-0.26904296875,0.45751953125,0.7265625,0.3259495198726654,0.6740504503250122,True
5.1905.N,5.1905,N,Por que o cebolinha não prestou atenção nas instruções da comissária? Porque ele já sabe.,0,0,1.966796875,-1.8427734375,-3.8095703125,0.9783226251602173,0.021677374839782715,True
4.259.H,4.259,H,O que é que acontece quando o Frodo morre? Passam-lhe uma certidão de Hobbit.,1,0,0.387939453125,-0.4267578125,-0.814697265625,0.6931095719337463,0.30689042806625366,False
5.245.H,5.245,H,Qual é o cantor que está sempre perdido? Estive onde?,1,1,-1.4267578125,1.849609375,3.2763671875,0.036390893161296844,0.9636091589927673,True
5.2504.N,5.2504,N,Qual é o órgão público representado por um anão político? Ministério.,0,0,1.4384765625,-1.33203125,-2.7705078125,0.9410611987113953,0.05893884226679802,True
5.1860.N,5.1860,N,Por que o cara criado pela avó parece filme de cinema? Porque é ingênuo.,0,0,2.095703125,-1.96484375,-4.060546875,0.9830526113510132,0.016947420313954353,True
5.808.H,5.808,H,Por que o caminhão pipa só andava com as rodas de trás?  Porque ele gostava de empinar.,1,0,0.9970703125,-0.9326171875,-1.9296875,0.873214840888977,0.12678518891334534,False
5.2595.H,5.2595,H,Qual animal que gosta muito de você? Lheama.,1,1,-2.05859375,2.5625,4.62109375,0.009746103547513485,0.9902538657188416,True
5.3827.N,5.3827,N,Qual o mês favorito do surfista? Dezembro.,0,0,2.173828125,-2.66796875,-4.841796875,0.9921689629554749,0.007831049151718616,True
5.1937.H,5.1937,H,Qual é a nave que quem nasceu até a década de 70 não pode entrar? Millenial Falcon ,1,1,-1.0859375,1.53515625,2.62109375,0.06779313832521439,0.9322068691253662,True
5.2412.H,5.2412,H,"Qual é o doce que luta artes marciais? A ""iá!"" Benta",1,1,-1.2626953125,1.7099609375,2.97265625,0.048676565289497375,0.951323390007019,True
4.245.N,4.245,N,Que se diz a um homem que via mas agora já não vê? Tu vias.,0,1,-0.1136474609375,0.408447265625,0.5220947265625,0.37236255407333374,0.6276374459266663,False
5.3597.N,5.3597,N,Qual atriz cômica tem mania de reparar do pescoço das pessoas? Tara ver neck.,0,1,-2.048828125,2.498046875,4.546875,0.010489091277122498,0.9895108342170715,False
5.3145.H,5.3145,H,Qual a comida preferida do paciente com Ebola? É bolacha.,1,0,2.208984375,-1.9140625,-4.123046875,0.9840630292892456,0.015936994925141335,False
4.150.H,4.150,H,Qual é a temperatura de um leão morto? 360º. Porque ele é uma ex-fera.,1,1,-1.265625,1.494140625,2.759765625,0.059537485241889954,0.9404625296592712,True
5.1020.H,5.1020,H,O que é o número 5 no cinto? Five la,1,1,-1.73046875,2.21484375,3.9453125,0.01897803694009781,0.9810219407081604,True
5.2248.H,5.2248,H,Por que Sherlock Holmes foi até à corrida de Formula 1? Pra ir atrás de uma pista ,1,0,0.53173828125,-0.375244140625,-0.906982421875,0.7123823165893555,0.2876177430152893,False
5.438.H,5.438,H,Qual é a hóstia do espiritismo? Alma chips.,1,1,-1.880859375,2.40625,4.287109375,0.01355824526399374,0.9864417314529419,True
5.376.N,5.376,N,Qual é o banco do espanhol? Satander,0,0,0.173828125,-0.1834716796875,-0.3572998046875,0.588386595249176,0.4116133451461792,True
5.1220.N,5.1220,N,Por que só vou à restaurante Self Service? Porque tem tudo aquilo que eu gosto.,0,0,1.5029296875,-1.1181640625,-2.62109375,0.9322068691253662,0.06779313832521439,True
5.2166.N,5.2166,N,Qual cantor era lobisomem? O Wando,0,0,1.44140625,-1.93359375,-3.375,0.9669140577316284,0.033085983246564865,True
5.3899.H,5.3899,H,Qual o programa preferido dos filhinhos do Drácula? Tv Globulinho.,1,1,-1.74609375,2.203125,3.94921875,0.01890544965863228,0.9810945987701416,True
5.1839.H,5.1839,H,Qual é o feriado que celebra o parceiro que não liga para a vida sexual pregressa do outro? Independe se dei,1,1,-1.599609375,2.1796875,3.779296875,0.022328782826662064,0.9776712656021118,True
5.3265.N,5.3265,N,Qual produto de limpeza limpa a fundo? Água sanitária.,0,0,1.53125,-1.349609375,-2.880859375,0.9468920826911926,0.05310790613293648,True
4.27.H,4.27,H,"Existem três tipos de camelos: com uma bossa, com duas bossas, bossaexcelência.",1,1,-1.4853515625,1.86328125,3.3486328125,0.03393996134400368,0.9660599827766418,True
4.591.H,4.591,H,Alguém quer comprar um barómetro avariado? Sem pressão...,1,0,0.85107421875,-0.69287109375,-1.5439453125,0.824037492275238,0.17596246302127838,False
4.265.N,4.265,N,Onde é que o mosquito faz as suas orações? Na Igreja.,0,0,2.046875,-2.349609375,-4.396484375,0.9878294467926025,0.012170628644526005,True
5.3732.N,5.3732,N,Qual caneta gosta de dar conhecimento às pessoas? Caneta de quadro.,0,1,-0.6396484375,0.67333984375,1.31298828125,0.2119872272014618,0.7880128026008606,False
5.2711.N,5.2711,N,Qual banda de pagode sempre tocava quando a gente tomava sol? Sorriso Marroto.,0,1,-1.3115234375,1.591796875,2.9033203125,0.05198967084288597,0.9480103254318237,False
4.602.N,4.602,N,"Qual é o melhor remédio para um bêbado parar de beber? É um "" café "".",0,0,2.390625,-1.966796875,-4.357421875,0.9873506426811218,0.01264931820333004,True
4.396.H,4.396,H,Com o que é que os dinossauros enchem o depósito? Com combustível fóssil.,1,0,1.361328125,-1.2958984375,-2.6572265625,0.9344549775123596,0.06554500013589859,False
5.1756.H,5.1756,H,O quê o ciclista foi fazer nos correios? Comprar um selim,1,0,0.63232421875,-0.17919921875,-0.8115234375,0.6924340724945068,0.30756595730781555,False
4.688.N,4.688,N,Como é que se chama a neta do Super Mario? Maria.,0,0,2.451171875,-2.544921875,-4.99609375,0.9932811260223389,0.006718869786709547,True
4.96.H,4.96,H,Que nome se dá a um cacto engraçado? Ri-cardo.,1,1,-2.146484375,2.619140625,4.765625,0.008445627987384796,0.9915544390678406,True
5.2779.H,5.2779,H,Qual inseto toma muito chá? Marimboldo,1,1,-1.6181640625,1.9677734375,3.5859375,0.026963500306010246,0.973036527633667,True
5.1931.H,5.1931,H,Qual é o tipo de calça favorita do Muçum? Caciljeans,1,1,-1.607421875,2.021484375,3.62890625,0.02585877850651741,0.9741412401199341,True
5.2492.N,5.2492,N,Por que o alfaiate foi expulso da balada? Porque ele brigou.,0,0,2.56640625,-2.404296875,-4.970703125,0.9931095838546753,0.006890459917485714,True
5.3298.N,5.3298,N,Qual cara que trabalhava com computadores e começou a salvar judeus? Analista de Sistemas.,0,0,2.044921875,-2.361328125,-4.40625,0.9879462122917175,0.0120537793263793,True
5.531.H,5.531,H,"Qual verdura, quando você provoca ela fica muito nervosa? A incrível Rúcula.",1,0,1.2197265625,-1.228515625,-2.4482421875,0.9204327464103699,0.07956718653440475,False
4.5.N,4.5,N,Hoje caí e entornei meu leite com chocolate . Molhei-me todo.,0,0,0.6552734375,-0.51611328125,-1.17138671875,0.7633955478668213,0.23660442233085632,True
5.1922.N,5.1922,N,Qual vilão de cinema gosta de chocolate? Gru.,0,0,1.060546875,-0.970703125,-2.03125,0.8840392827987671,0.11596072465181351,True
5.2597.H,5.2597,H,Qual seria a profissão perfeita para o Tony Tornado? Promotor de eVENTOS.,1,0,1.3486328125,-1.1904296875,-2.5390625,0.9268352389335632,0.07316471636295319,False
5.3224.N,5.3224,N,Qual comediante comentou sobre a Páscoa em seu texto? Leandro Hassum.,0,0,2.48828125,-2.390625,-4.87890625,0.992452085018158,0.0075479238294065,True
4.35.H,4.35,H,Quem é a mulher mais sexy do mundo? A Irmã Lúcia. Foi a única mulher que fez vir o Papa.,1,0,0.68359375,-0.34033203125,-1.02392578125,0.7357365489006042,0.264263391494751,False
5.1335.H,5.1335,H,Qual é o youtuber que mais economiza na luz? O Jovem Led.,1,1,-1.4375,1.83203125,3.26953125,0.03663136810064316,0.9633685946464539,True
5.4073.H,5.4073,H,Qual aeroporto foi feito para arrecadar dinheiro? Confins lucrativos.,1,1,-1.3759765625,1.7890625,3.1650390625,0.040502771735191345,0.9594972133636475,True
4.237.N,4.237,N,O que é um elfo muito gordo? É um obeso.,0,0,1.8037109375,-1.6650390625,-3.46875,0.9697853922843933,0.030214589089155197,True
4.109.N,4.109,N,Que nome se dá a um cão que vai à missa? Cão crente.,0,0,1.404296875,-1.353515625,-2.7578125,0.9403530955314636,0.05964694544672966,True
5.2603.H,5.2603,H,Qual cantor enxergava tudo o que o professor escreve em sala de aula? Caetano Vê Lousa.,1,1,-1.943359375,2.333984375,4.27734375,0.013689475134015083,0.9863104820251465,True
4.279.H,4.279,H,Hoje preguei um susto a um grupo de tartarugas. Ficaram todos cágados.,1,1,-0.6728515625,0.82568359375,1.49853515625,0.1826440989971161,0.8173559308052063,True
5.1845.N,5.1845,N,Qual companhia aérea está sempre atrás? Latam.,0,0,1.626953125,-1.5341796875,-3.1611328125,0.9593451619148254,0.040654849261045456,True
5.757.N,5.757,N,Qual o maior chá do cinema mudo? Chapolin.,0,0,1.5556640625,-1.3251953125,-2.880859375,0.9468920826911926,0.05310790613293648,True
5.2007.H,5.2007,H,Por que o atirador jogou fora todos os seus planos depois de atirar num careca? Porque ele shootou o bald! ,1,1,-1.1259765625,1.505859375,2.6318359375,0.06711740791797638,0.9328826069831848,True
4.615.N,4.615,N,"A eletricidade está tão cara, tão cara, que a EDP decidiu mudar o nome para Luz de Ouro.",0,0,0.439697265625,0.0303192138671875,-0.4093780517578125,0.6009387373924255,0.39906126260757446,True
5.3309.N,5.3309,N,Qual operadora favorita do Silvio Santos? Laricel.,0,1,-1.7177734375,2.14453125,3.8623046875,0.020586777478456497,0.9794132709503174,False
3.4.N,3.4,N,Qual é o animal que não vale mais nada? O tatu.,0,0,1.8935546875,-1.75390625,-3.6474609375,0.9746044874191284,0.025395467877388,True
5.1495.N,5.1495,N,Qual o herói favorito de Deus? Clark Kent.,0,0,1.7607421875,-1.3349609375,-3.095703125,0.9567152261734009,0.04328484833240509,True
5.1065.H,5.1065,H,Qual a cidade que deixa a gente em pedaços? Nova Yoki.,1,1,-0.5234375,1.0302734375,1.5537109375,0.17455095052719116,0.8254490494728088,True
5.3930.N,5.3930,N,Por que o Papai Noel faz questão de entrar pelo telhado das casas? É Charme.,0,1,-0.11090087890625,0.419921875,0.53082275390625,0.3703249990940094,0.6296749711036682,False
5.1220.H,5.1220,H,Por que só vou à restaurante Self Service? Porque tem tudo a Kilo que eu gosto.,1,1,-1.4931640625,1.83203125,3.3251953125,0.034716881811618805,0.9652831554412842,True
5.2653.N,5.2653,N,Qual cantora vive causando por aí? Fafá de Belém.,0,0,2.765625,-2.548828125,-5.314453125,0.9951040744781494,0.004895880818367004,True
5.1121.N,5.1121,N,Qual poeta já foi cabeleireiro? Mario Quintana,0,0,3.068359375,-2.818359375,-5.88671875,0.997231662273407,0.0027683854568749666,True
2.13.H,2.13,H,"Quando o Papai Noel morrer, ele não estará mais em trenós.",1,0,1.3662109375,-1.2666015625,-2.6328125,0.9329437017440796,0.06705627590417862,False
5.2285.N,5.2285,N,Qual personagem histórico mais gostava de lutas? Napoleão,0,0,3.19140625,-2.669921875,-5.861328125,0.9971606731414795,0.002839374355971813,True
5.48.N,5.48,N,O que o Marciano foi fazer em São Paulo? Foi visitar o irmão.,0,0,2.7265625,-2.619140625,-5.345703125,0.9952540397644043,0.0047459653578698635,True
5.3562.N,5.3562,N,Qual a cidade que está inovando sua forma de comunicação? Moji Mirim.,0,0,0.4013671875,-0.170166015625,-0.571533203125,0.6391168832778931,0.36088311672210693,True
5.3314.N,5.3314,N,Qual o nome do sabonete do Cascão? Nivea.,0,0,1.650390625,-1.4296875,-3.080078125,0.956063449382782,0.043936531990766525,True
5.3935.N,5.3935,N,Qual a bebida que te viu ontem? Mangueira.,0,0,1.859375,-1.7939453125,-3.6533203125,0.9747490882873535,0.02525084838271141,True
5.3918.N,5.3918,N,Como se chamava a apresentadora do primeiro programa feito para a internet? Hebe Camargo.,0,0,2.9296875,-2.658203125,-5.587890625,0.996271014213562,0.0037289573810994625,True
5.1136.H,5.1136,H,Por que a piriguete era tão egoísta? Porque é dá nada!,1,1,-1.248046875,1.6298828125,2.8779296875,0.05325542390346527,0.9467446208000183,True
5.1361.H,5.1361,H,Qual é o melhor legume que existe? A Better raba.,1,1,-2.15625,2.63671875,4.79296875,0.00821969285607338,0.9917803406715393,True
5.2420.N,5.2420,N,Qual é a revista favorita dos pintores? Toda Teen.,0,1,-0.515625,0.65771484375,1.17333984375,0.2362518161535263,0.7637481689453125,False
5.3766.N,5.3766,N,Qual é a dupla musical de extremos opostos? Patrão e Funcionário,0,0,0.388671875,-0.251220703125,-0.639892578125,0.6547291874885559,0.3452708423137665,True
5.142.H,5.142,H,Por que os redatores de Star Wars e filmes do gênero não podem enlouquecer? Porque são filmes de Fique São.,1,1,-1.3076171875,1.6240234375,2.931640625,0.050611432641744614,0.9493886232376099,True
5.958.H,5.958,H,Qual é a lenda que sempre conta os dias? O K Lendário.,1,1,-1.8291015625,2.2890625,4.1181640625,0.016013750806450844,0.9839862585067749,True
5.7.H,5.7,H,Por que a feijoada estava triste? Porque colocaram ela na panela depressão.,1,1,-1.4580078125,1.669921875,3.1279296875,0.041969768702983856,0.9580301642417908,True
5.1903.N,5.1903,N,Por que ninguém suportava o caipira que pilotava um caça? Porque era um chato de galocha.,0,0,1.0361328125,-1.0234375,-2.0595703125,0.8869110941886902,0.11308892071247101,True
4.253.N,4.253,N,Porque é que os polícias não gostam de sabão? Porque preferem sabonete.,0,0,0.943359375,-0.9287109375,-1.8720703125,0.8666976690292358,0.13330236077308655,True
5.3713.H,5.3713,H,Qual o humorista que é sucesso de bilheteria? Marvel Lucio ,1,1,-1.697265625,2.212890625,3.91015625,0.019643759354948997,0.9803562164306641,True
5.2159.N,5.2159,N,Qual heroína histórica era gótica? Joana d'Arc,0,0,1.5302734375,-1.0244140625,-2.5546875,0.9278878569602966,0.07211221009492874,True
5.3265.H,5.3265,H,Qual produto de limpeza limpa a fundo? Oléo DEEP eroba.,1,1,-2.17578125,2.642578125,4.818359375,0.008015269413590431,0.9919847846031189,True
5.2254.H,5.2254,H,Qual é a banda preferida dos gauchos? Tri Bah listas ,1,1,-1.7451171875,2.2421875,3.9873046875,0.018211819231510162,0.981788158416748,True
5.1781.N,5.1781,N,Qual é a dupla sertaneja favorita dos leões? Chitãozinho e Xororó.,0,0,0.5537109375,-0.52099609375,-1.07470703125,0.7454910278320312,0.25450897216796875,True
5.717.N,5.717,N,Qual a brincadeira preferida da esteticista do Jô Soares??? Pega-pega,0,0,1.93359375,-1.5966796875,-3.5302734375,0.9715369939804077,0.028463026508688927,True
4.375.H,4.375,H,Como envergonhas um arqueólogo? Dás-lhe um tampão e perguntas de que período data.,1,0,0.341552734375,-0.31982421875,-0.661376953125,0.6595696210861206,0.340430349111557,False
5.1534.H,5.1534,H,Qual o aplicativo de mensagens mais usado em Minas Gerais? O Uai...tzap.,1,1,-1.328125,1.8125,3.140625,0.04146226868033409,0.9585376977920532,True
5.925.N,5.925,N,Qual o animal mais educado que existe? Pavão.,0,0,2.337890625,-2.0234375,-4.361328125,0.9873993396759033,0.01260062400251627,True
5.253.H,5.253,H,Qual é o ator mais avoado da Rede Globo? Drone Ramos.,1,1,-2.013671875,2.484375,4.498046875,0.01100818533450365,0.9889918565750122,True
5.1740.N,5.1740,N,Por que os samurais viviam sempre com espadas? Porque eles seguiam o Bushidor.,0,1,-1.1533203125,1.44140625,2.5947265625,0.0694785863161087,0.9305214285850525,False
5.1515.H,5.1515,H,Qual super herói que tem fetiche com a própria mãe? Édipool.,1,1,-1.7529296875,2.17578125,3.9287109375,0.01928960345685482,0.9807103276252747,True
5.2614.H,5.2614,H,Qual a cidade com mais descargas elétricas? Ohio.,1,0,1.2275390625,-1.2802734375,-2.5078125,0.9246877431869507,0.0753123089671135,False
5.30.H,5.30,H,Por que o elefante não pega fogo? Porque ele é cinza.,1,0,0.393798828125,-0.47216796875,-0.865966796875,0.7039057612419128,0.29609420895576477,False
5.314.N,5.314,N,Sabem qual árvore não fica quieta? A dançante.,0,0,0.72314453125,-0.77294921875,-1.49609375,0.8169911503791809,0.1830088347196579,True
5.1924.N,5.1924,N,Qual a série que esconde o campo?  Seinfeld.,0,0,1.8134765625,-1.826171875,-3.6396484375,0.9744104743003845,0.025589553639292717,True
4.502.N,4.502,N,"Segui as instruções na embalagem da lasanha que dizia para colocar o forno a 180 graus . Agora como é que eu abro a porta, se o forno está tão quente?",0,0,1.4189453125,-1.171875,-2.5908203125,0.930268406867981,0.06973154097795486,True
5.1839.N,5.1839,N,Qual mercado vende lagarto? Comper.,0,1,-1.1328125,1.5810546875,2.7138671875,0.06216002628207207,0.9378399848937988,False
4.231.H,4.231,H,Onde é que os anões se embebedam? No mini bar.,1,0,0.375,-0.1549072265625,-0.5299072265625,0.6294614672660828,0.37053850293159485,False
5.2622.H,5.2622,H,Qual chá preferido dos pedreiros? Santo Andaime.,1,1,-1.921875,2.318359375,4.240234375,0.014199681580066681,0.9858003854751587,True
4.646.N,4.646,N,Qual é a rocha preferida nos relógios . O quartzo.,0,0,1.201171875,-1.201171875,-2.40234375,0.9170058369636536,0.08299413323402405,True
5.958.N,5.958,N,Qual é a lenda que sempre conta os dias? O calendário.,0,0,2.12890625,-2.21484375,-4.34375,0.9871788024902344,0.012821213342249393,True
3.4.H,3.4,H,Qual é o animal que não vale mais nada? O javali.,1,0,1.265625,-1.1533203125,-2.4189453125,0.9182605743408203,0.0817393809556961,False
5.4028.H,5.4028,H,Por que o piloto não gosta de passar no meio da nuvem com o avião? Porque ele tem Cloudstrofobia.,1,1,-0.841796875,1.2060546875,2.0478515625,0.11426965147256851,0.8857303857803345,True
5.2522.H,5.2522,H,Qual é o animal que sempre escreve em caixa alta? Caps Vara.,1,1,-2.078125,2.568359375,4.646484375,0.00950408261269331,0.9904959201812744,True
5.589.N,5.589,N,Qual é a fruta preferida do Neymar? A uva branca.,0,0,2.140625,-1.7646484375,-3.9052734375,0.980262041091919,0.01973801665008068,True
5.1045.N,5.1045,N,"Qual o parente que vive com meus primos? O meu tio, pai dos meus primos",0,0,1.4287109375,-1.259765625,-2.6884765625,0.9363431930541992,0.0636567622423172,True
5.2776.H,5.2776,H,Qual jogo obriga escolher entre ir ao Nordeste ou ser eletrocutado? Bahia ou choque.,1,1,-1.5263671875,1.9677734375,3.494140625,0.029479408636689186,0.970520555973053,True
4.716.N,4.716,N,"Era uma vez um Paraplégico que Recebia tantas tampas das mulheres, mas tantas, tantas...que um dia comprou uma cadeira de rodas.",0,0,0.60302734375,-0.36181640625,-0.96484375,0.724090576171875,0.275909423828125,True
4.376.H,4.376,H,"Havia uma mulher tão bonita, tão bonita, que uma vez foi a um concurso de cus e ganhou de caras.",1,1,0.02813720703125,0.1138916015625,0.08575439453125,0.4785745143890381,0.5214254856109619,True
5.39.H,5.39,H,"Qual é o filme preferido dos chineses? ""Como Cães e Gatos"".",1,0,0.45458984375,-0.485107421875,-0.939697265625,0.7190384864807129,0.2809614837169647,False
4.500.H,4.500,H,Porque é que o Voldemort tem Instagram mas não tem Facebook? Porque ele prefere ter seguidores em vez de amigos.,1,0,1.0556640625,-0.81787109375,-1.87353515625,0.8668667674064636,0.13313321769237518,False
4.713.H,4.713,H,O que é um anão? É um ano bissexto.,1,0,0.59814453125,-0.57470703125,-1.1728515625,0.7636600732803345,0.23633994162082672,False
4.551.H,4.551,H,Um iogurte fora de prazo mata uma família inteira. Qual é o filme? Activia Paranormal.,1,1,-0.9423828125,1.16796875,2.1103515625,0.10809476673603058,0.8919052481651306,True
4.397.H,4.397,H,Porque é que os portugueses emigram para o Canadá? Porque cánadá.,1,1,-1.8818359375,2.392578125,4.2744140625,0.013729090802371502,0.9862709045410156,True
5.83.N,5.83,N,Qual é o animal que mais sofre com enfermidades? O gato.,0,0,2.896484375,-2.60546875,-5.501953125,0.9959378242492676,0.004062228836119175,True
4.34.N,4.34,N,A Maria e o João tiveram um filho . Ouvi dizer que o parto foi de cesariana.,0,0,2.400390625,-2.13671875,-4.537109375,0.9894090890884399,0.010590936057269573,True
1.2.H,1.2,H,Nós chamamos de meio ambiente porque já destruímos metade?,1,1,-0.350341796875,0.611328125,0.961669921875,0.2765439748764038,0.7234560251235962,True
5.353.H,5.353,H,Qual a época em que o brasileiro foi mais magro? No Regime Militar.,1,0,2.23828125,-1.7890625,-4.02734375,0.9824904799461365,0.01750955916941166,False
4.108.H,4.108,H,"Uma feminista perguntou-me de que forma eu via as relações lésbicas. Parece que ""em HD"" não era a resposta correta...",1,0,0.07244873046875,-0.11114501953125,-0.18359375,0.5457699298858643,0.45423004031181335,False
5.1924.H,5.1924,H,Qual é a pilha que descarrega mais rápido? A PanaSonic ,1,1,-2.150390625,2.6484375,4.798828125,0.00817206408828497,0.9918279647827148,True
5.220.N,5.220,N,Qual é o escritor mais antigo que existe? Sócrates.,0,0,2.8046875,-2.486328125,-5.291015625,0.9949886202812195,0.005011402070522308,True
5.2059.N,5.2059,N,Qual é o vírus baixa renda? Corona vírus,0,1,-1.8037109375,2.203125,4.0068359375,0.017865866422653198,0.9821341633796692,False
4.269.N,4.269,N,Qual é o cão mais surpreendente de todos? É o Bobby!,0,0,1.3037109375,-1.193359375,-2.4970703125,0.9239361882209778,0.07606381177902222,True
4.13.N,4.13,N,Por que é que as pessoas não conseguem manter um relacionamento? Porque são diferentes umas das outras.,0,0,1.7236328125,-1.6103515625,-3.333984375,0.9655764698982239,0.034423548728227615,True
5.1107.N,5.1107,N,Qual filósofo sofreu de um exorcismo? O Demócrito.,0,1,-0.416259765625,0.59033203125,1.006591796875,0.2676473557949066,0.732352614402771,False
5.4051.H,5.4051,H,O que a seleção brasileira está fazendo na caverna? Esta lá com Tite.,1,1,-0.387939453125,0.4814453125,0.869384765625,0.2953823506832123,0.7046176791191101,True
5.3760.H,5.3760,H,Por que o povo brasileiro não acha necessário dubladores de super heróis? Porque pro povo herói dublado é redundante ,1,0,0.75244140625,-0.77001953125,-1.5224609375,0.820900559425354,0.1790994107723236,False
5.30.N,5.30,N,Por que o elefante não pega fogo? Porque ele é branco.,0,0,1.4521484375,-1.388671875,-2.8408203125,0.9448422193527222,0.05515776947140694,True
5.2203.H,5.2203,H,Qual é o documento que não deixa claro quando a pessoa nasceu? Incertidão de nascimento.,1,0,1.1015625,-1.0126953125,-2.1142578125,0.8922812342643738,0.10771874338388443,False
5.678.H,5.678,H,Como se chama o cara que pensa primeiro nos outros e depois em si mesmo? Eles Eu.,1,1,-2.046875,2.515625,4.5625,0.01032815221697092,0.9896718263626099,True
5.2244.H,5.2244,H,Qual a sobremesa favorita do marceneiro? Leite compensado ,1,1,-0.305419921875,0.65380859375,0.959228515625,0.2770327031612396,0.7229673266410828,True
1.2.N,1.2,N,Nós chamamos de meio ambiente porque já destruímos os lados?,0,1,-0.1279296875,0.2261962890625,0.3541259765625,0.4123822748661041,0.5876177549362183,False
4.201.H,4.201,H,Era uma vez uma cidade onde quase todas as motos eram Yamaha. Qual é o filme? Poca Hondas.,1,1,-1.7353515625,2.146484375,3.8818359375,0.020196635276079178,0.9798033833503723,True
5.1136.N,5.1136,N,Por que a piriguete era tão egoísta? Porque é insegura!,0,0,1.3994140625,-1.4140625,-2.8134765625,0.9433997869491577,0.05660025775432587,True
4.687.N,4.687,N,Qual é o prato preferido do Dalai Lama? Arroz de pato.,0,0,1.5078125,-1.330078125,-2.837890625,0.9446893334388733,0.055310651659965515,True
5.2193.H,5.2193,H,Qual é a bala favorita dos pedreiros? Cimenthos,1,1,-2.037109375,2.51953125,4.556640625,0.010388216935098171,0.9896118640899658,True
5.795.H,5.795,H,Qual é o cachorro mais depressivo que existe? É o Golden Rivotril.,1,1,-2.072265625,2.603515625,4.67578125,0.009232213720679283,0.990767776966095,True
5.3766.H,5.3766,H,Qual é a dupla musical de extremos opostos? PP e GG ,1,0,1.6162109375,-1.5361328125,-3.15234375,0.9590010046958923,0.04099903255701065,False
5.2479.H,5.2479,H,Qual é o personagem mais fedido da Disney? O Ursinho Pum.,1,1,-0.60595703125,0.9873046875,1.59326171875,0.16892549395561218,0.8310744762420654,True
5.250.H,5.250,H,"Por que sempre depois que eu durmo à tarde, eu acordo com 1kg de arroz, de feijão, macarrão, açúcar e etc.? Porque foi uma siesta básica.",1,1,-0.9423828125,1.193359375,2.1357421875,0.10567110031843185,0.8943288922309875,True
4.188.N,4.188,N,Porque é que o poste caiu? Vento forte.,0,0,1.96875,-1.6123046875,-3.5810546875,0.972908079624176,0.027091901749372482,True
4.468.H,4.468,H,"Quando peço molhos o ketchup vem logo, mas a mostarda.",1,1,-0.8603515625,0.9921875,1.8525390625,0.135575070977211,0.8644249439239502,True
5.687.H,5.687,H,"O que os moradores de rua falam em louvor a Deus? Amém, digo...",1,1,-0.056060791015625,0.474365234375,0.530426025390625,0.3704175353050232,0.6295824646949768,True
5.622.H,5.622,H,Qual é o estilo musical favorito das plantas? Regue.,1,1,-1.8017578125,2.24609375,4.0478515625,0.01716023124754429,0.9828397631645203,True
5.3460.H,5.3460,H,"Qual feriado religioso que não é nem pra preto, nem pra branco? Quarta freira de cinzas.",1,1,-1.1767578125,1.5693359375,2.74609375,0.060307640582323074,0.9396923184394836,True
5.567.H,5.567,H,Que cantor caiu de cara na calçada? Milton No Cimento.,1,1,-1.7958984375,2.322265625,4.1181640625,0.016013750806450844,0.9839862585067749,True
4.142.N,4.142,N,Qual é o melhor chá para a calvície? É o chá verde.,0,0,1.912109375,-1.6611328125,-3.5732421875,0.972701370716095,0.027298586443066597,True
5.1324.H,5.1324,H,Qual o meio de transporte que aceita qualquer estilo musical? Bicieclética.,1,1,-1.6796875,2.1171875,3.796875,0.021948251873254776,0.9780517220497131,True
5.3907.N,5.3907,N,Por que quem não tem ferro não se preocupa em sair com roupa amassada? Porque a hora passa.,0,0,1.21484375,-1.1123046875,-2.3271484375,0.9111006855964661,0.08889935910701752,True
5.3521.H,5.3521,H,"O que o cara gritava quando foi preso por 171? ""Mentira daqui!""",1,1,-0.7568359375,1.14453125,1.9013671875,0.12995381653308868,0.8700461983680725,True
5.3053.N,5.3053,N,O que a vaca disse quando vazaram seus nudes? Apaga!,0,0,0.439453125,-0.2320556640625,-0.6715087890625,0.6618409156799316,0.33815908432006836,True
4.250.N,4.250,N,Qual é a especialidade de um médico bipolar? Otorrinolaringologista .,0,0,2.625,-2.2890625,-4.9140625,0.9927109479904175,0.0072890776209533215,True
5.2291.H,5.2291,H,Qual é a grife de roupa chique pra acampar? Dolce & Cabana,1,1,-0.861328125,1.4423828125,2.3037109375,0.09081608802080154,0.909183919429779,True
4.259.N,4.259,N,O que é que acontece quando o Frodo morre? Passam-lhe uma certidão de óbito.,0,0,1.1171875,-1.0673828125,-2.1845703125,0.8988553285598755,0.10114466398954391,True
5.1781.H,5.1781,H,Porque os peixes amam a franquia Far Cry? Porque eles adoram jogos que tenham Guelra.,1,1,-1.4990234375,1.9296875,3.4287109375,0.03141012787818909,0.9685898423194885,True
5.1900.H,5.1900,H,Que música só toca às 16h50? Despacito,1,1,-1.7001953125,2.1875,3.8876953125,0.020081011578440666,0.9799189567565918,True
5.4020.H,5.4020,H,Qual animal é sempre do contra? Anta gonista.,1,1,-1.779296875,2.2734375,4.052734375,0.01707807369530201,0.9829219579696655,True
5.573.H,5.573,H,Por que o Mickey não precisa ser bem dotado? Porque a Minnie-atura.,1,1,-1.75390625,2.26953125,4.0234375,0.017576880753040314,0.9824230670928955,True
5.2620.H,5.2620,H,Em qual cidade ninguém é mais virgem? Juiz Deflora.,1,1,-2.130859375,2.701171875,4.83203125,0.007907291874289513,0.9920926690101624,True
5.868.H,5.868,H,Por que o oftamologista anão foi pra Disney? Pra comprar minnie eye-pads.,1,1,-1.6865234375,2.1328125,3.8193359375,0.021471237763762474,0.9785287380218506,True
5.502.H,5.502,H,Quais plantas só usam sapatos baixos? São Dálias.,1,1,-1.7099609375,2.07421875,3.7841796875,0.02222243696451187,0.9777776002883911,True
5.3581.H,5.3581,H,Qual artista gosta de pintar os personagens de Toy Story usando cores bem vivas? O Andy Warhol.,1,0,2.427734375,-2.349609375,-4.77734375,0.9916519522666931,0.008348053321242332,False
5.2261.H,5.2261,H,Qual o filme que o Jerry mais tem medo? 50 Tons de Cinza,1,0,1.908203125,-1.7236328125,-3.6318359375,0.9742149114608765,0.02578507922589779,False
5.317.N,5.317,N,Qual banda é formada por um padre? É o Tchan! Com Alexandre Pires.,0,0,2.681640625,-2.634765625,-5.31640625,0.9951136708259583,0.0048863752745091915,True
5.3416.H,5.3416,H,Qual o programa que só passa excepcionalmente ? Exceção da Tarde.,1,1,-1.68359375,2.029296875,3.712890625,0.02382536605000496,0.9761745929718018,True
4.364.N,4.364,N,O que diz um ouriço quando entra na casa de banho? Pivete!,0,1,-0.113525390625,0.430908203125,0.54443359375,0.3671568036079407,0.6328431963920593,False
5.454.N,5.454,N,Por que a criança vivia no quarto sem poder falar nada? Porque foi maltratado.,0,0,2.453125,-2.212890625,-4.666015625,0.990678071975708,0.00932196993380785,True
4.742.N,4.742,N,O que teria acontecido se Adão e Eva fossem canibais? A Eva teria comido Adão.,0,0,1.0654296875,-1.048828125,-2.1142578125,0.8922812342643738,0.10771874338388443,True
5.660.N,5.660,N,Qual o chocolate favorito dos fiéis? Bis.,0,0,2.244140625,-2.046875,-4.291015625,0.9864938259124756,0.01350610051304102,True
5.4073.N,5.4073,N,Qual aeroporto foi feito para arrecadar dinheiro? Guarulhos.,0,0,2.875,-3.021484375,-5.896484375,0.9972584247589111,0.002741555916145444,True
5.3145.N,5.3145,N,Qual a comida preferida do paciente com Ebola? É biscoito.,0,0,2.29296875,-1.9375,-4.23046875,0.9856629967689514,0.014337030239403248,True
5.100.H,5.100,H,Qual a data mais importante do calendário grego? Dia de Ação de Grécias.,1,1,-0.59521484375,0.873046875,1.46826171875,0.18720696866512299,0.8127930760383606,True
4.167.N,4.167,N,Qual é o passatempo preferido de um mexicano de 12 anos? Bricar às escondidas.,0,0,1.8955078125,-2.0078125,-3.9033203125,0.9802241325378418,0.019775839522480965,True
5.1286.N,5.1286,N,Qual o nome do piloto do dirigível? Feodor Nenov.,0,0,1.1552734375,-0.95703125,-2.1123046875,0.8920933604240417,0.10790660977363586,True
4.738.H,4.738,H,O meu cão fez anos ontem. Fiz-lhe uma festa.,1,0,1.4443359375,-1.25390625,-2.6982421875,0.9369227886199951,0.0630771592259407,False
4.200.N,4.200,N,Qual é a marca de computadores que vende melhor? A Dell.,0,0,2.279296875,-2.02734375,-4.306640625,0.9867004752159119,0.013299493119120598,True
5.2614.N,5.2614,N,Qual a cidade com mais descargas elétricas? Teresina.,0,0,2.408203125,-2.169921875,-4.578125,0.9898303151130676,0.01016965787857771,True
5.158.N,5.158,N,Qual é o alimento que só pode ser servido em duas mesas de tamanho considerável? Queijo.,0,0,2.048828125,-1.7197265625,-3.7685546875,0.9774355292320251,0.022564494982361794,True
5.3548.H,5.3548,H,Qual a banda especializada na remoção de carpetes? Revela chão.,1,1,-2.041015625,2.44921875,4.490234375,0.011093566194176674,0.9889063835144043,True
5.435.H,5.435,H,Qual animal vive no esteticista? A TrataRuga.,1,1,-2.201171875,2.62109375,4.822265625,0.007984270341694355,0.9920157194137573,True
4.510.N,4.510,N,"No outro dia estava a lavar o carro com o meu filho, vira-se ele: Pai, porque é que usas uma esponja?",0,0,1.0947265625,-0.80712890625,-1.90185546875,0.8701013326644897,0.12989860773086548,True
2.13.N,2.13,N,"Quando o Papai Noel morrer, ele não estará mais entre nós.",0,0,2.078125,-1.984375,-4.0625,0.9830850958824158,0.016914913430809975,True
5.87.H,5.87,H,Qual a embarcação criada para salvar os dinossauros do dilúvio?  A arca DINO É,1,1,-1.2119140625,1.666015625,2.8779296875,0.05325542390346527,0.9467446208000183,True
5.872.H,5.872,H,Qual comediante vive com calor? Renato Abane.,1,1,-1.298828125,1.791015625,3.08984375,0.043528132140636444,0.9564718008041382,True
4.144.N,4.144,N,Porque é que as moedas não podem ter relações? Porque são inanimadas.,0,0,0.26513671875,-0.255126953125,-0.520263671875,0.6272094249725342,0.3727905750274658,True
4.21.N,4.21,N,Um turista asiático entra numa padaria . - Tem pão?,0,0,2.27734375,-1.80859375,-4.0859375,0.9834704995155334,0.01652955822646618,True
5.2270.H,5.2270,H,O que o diretor de cena gay falou pro contra regra ? Me croma ki,1,1,-1.494140625,1.974609375,3.46875,0.030214589089155197,0.9697853922843933,True
5.1028.H,5.1028,H,Como os baianos chamam os cabelos loiros? Pelo ourinho.,1,1,-1.7509765625,2.197265625,3.9482421875,0.018923571333289146,0.9810764789581299,True
5.250.N,5.250,N,"Por que sempre depois que eu durmo à tarde, eu acordo com 1 kg de arroz, de feijão, macarrão, açúcar e etc.? Porque foi uma doação.",0,0,1.712890625,-1.6025390625,-3.3154296875,0.9649543762207031,0.03504563868045807,True
5.3192.N,5.3192,N,Qual personagem de desenho que não tem pinto? Patolino.,0,0,0.634765625,-0.375732421875,-1.010498046875,0.7331175804138184,0.26688238978385925,True
4.375.N,4.375,N,Como envergonhas um arqueólogo? Dás-lhe um pedragulho e perguntas de que período data.,0,0,0.442138671875,-0.37255859375,-0.814697265625,0.6931095719337463,0.30689042806625366,True
5.3045.H,5.3045,H,"""Por que a pessoa não paga pelo absorvente? Porque """"quer free"""".""",1,1,-1.2529296875,1.71875,2.9716796875,0.048721812665462494,0.9512782096862793,True
5.1449.H,5.1449,H,Po rque o carteiro foi à feira? Porque tinha uma carta na manga.,1,1,-1.765625,2.123046875,3.888671875,0.020061803981661797,0.9799382090568542,True
5.3794.H,5.3794,H,Que dia do ano todos fazem os mesmos movimentos na piscina? Finados Sincronizado.,1,1,-0.349365234375,0.482177734375,0.83154296875,0.30331888794898987,0.6966810822486877,True
4.721.H,4.721,H,Como se sabe que Salazar tomava viagra? Foi o homem que mais tempo manteve a dita-dura.,1,1,-0.430908203125,0.763671875,1.194580078125,0.2324407994747162,0.7675592303276062,True
5.567.N,5.567,N,Que cantor caiu de cara na calçada? Milton Nascimento.,0,0,2.9765625,-2.5234375,-5.5,0.9959298968315125,0.004070138093084097,True
5.229.N,5.229,N,Qual inseto está muito gordo? Mosquito.,0,0,2.541015625,-2.642578125,-5.18359375,0.9944234490394592,0.005576544441282749,True
5.771.H,5.771,H,Por que a ideia ficou cansada depois da reforma? Porque perdeu o assento.,1,0,0.418701171875,-0.30224609375,-0.720947265625,0.6728155612945557,0.32718443870544434,False
5.1746.H,5.1746,H,Por que o ciclista ficou com medo de entrar na mata? Porque ele viu umacobra radical,1,1,-1.044921875,1.388671875,2.43359375,0.08064661920070648,0.9193534255027771,True
5.3143.N,5.3143,N,Qual o grupo dos heróis? Os Vingadores.,0,0,2.31640625,-2.162109375,-4.478515625,0.9887771010398865,0.01122286543250084,True
5.2788.N,5.2788,N,Qual atração que só pode entrar quem se chama Leonardo? Circus Oz,0,1,-1.0810546875,1.466796875,2.5478515625,0.07257095724344254,0.9274290800094604,False
5.1657.H,5.1657,H,Qual é a lanchonete favorita dos góticos? Black Donald's.,1,0,1.908203125,-1.6875,-3.595703125,0.9732915163040161,0.026708465069532394,False
5.2606.H,5.2606,H,Qual a figura mitológica mais velha? Antígona.,1,0,2.125,-1.90234375,-4.02734375,0.9824904799461365,0.01750955916941166,False
4.18.H,4.18,H,"Cristiano Ronaldo, está nervoso para o jogo com a Suécia? Não, Estocolmo.",1,1,-0.85107421875,1.212890625,2.06396484375,0.11264889687299728,0.8873510956764221,True
5.2033.H,5.2033,H,Por que contrataram um tagarela no Pet Shop? Porque ele era especialista em banho e prosa ,1,1,-0.5419921875,0.95458984375,1.49658203125,0.18293586373329163,0.8170641660690308,True
5.3367.H,5.3367,H,Como se chamam quatro pessoas azaradas? In four túnio.,1,1,-2.083984375,2.609375,4.693359375,0.009072806686162949,0.9909272193908691,True
5.2197.N,5.2197,N,Porque o frango usava smoking? Porque era elegante no último!,0,0,0.259765625,-0.1444091796875,-0.4041748046875,0.5996902585029602,0.4003097116947174,True
5.5.N,5.5,N,Por que o celular foi para o centro de reabilitação? Porque a bateria estava perdendo-se.,0,0,0.880859375,-0.712890625,-1.59375,0.8311430811882019,0.16885696351528168,True
5.2603.N,5.2603,N,Qual cantor enxergava tudo o que o professor escreve em sala de aula? Caetano Veloso.,0,0,2.798828125,-2.595703125,-5.39453125,0.9954791069030762,0.004520817659795284,True
5.363.N,5.363,N,"Qual o filme em que a mãe fica indignada quando chega em casa e vê que as crianças cagaram fora do vaso? "" O que é isso com a sala? """,0,0,0.54345703125,-0.4521484375,-0.99560546875,0.7301936745643616,0.26980629563331604,True
5.4088.N,5.4088,N,Qual é a dupla viciada em drogas? Zezé de Camargo e Luciano.,0,0,2.99609375,-2.96875,-5.96484375,0.9974391460418701,0.0025608709547668695,True
5.603.H,5.603,H,Qual é atriz que está sempre com uma coceirinha no pé? Suzana Frieira.,1,1,-1.859375,2.265625,4.125,0.01590639166533947,0.9840936064720154,True
4.446.H,4.446,H,Qual é a banda preferida dos obesos? A banda gástrica.,1,1,-0.8173828125,1.212890625,2.0302734375,0.11606085300445557,0.8839391469955444,True
4.465.H,4.465,H,O que recebe um filho quando tem boas notas? Uma mesada. E quando tem más notas? Uma cadeirada.,1,1,-0.269287109375,0.34130859375,0.610595703125,0.3519233167171478,0.6480766534805298,True
1.3.N,1.3,N,"Se um pato perde a esposa, ele fica manco ou viúvo?",0,0,1.6484375,-1.4326171875,-3.0810546875,0.9561044573783875,0.043895523995161057,True
4.396.N,4.396,N,Com o que é que os dinossauros enchem o depósito? Com gasolina.,0,0,1.5546875,-1.4443359375,-2.9990234375,0.952530026435852,0.047470010817050934,True
5.2253.N,5.2253,N,Doce preferido dos gatos quando estão no cio? Jujuba,0,0,2.490234375,-2.001953125,-4.4921875,0.9889278411865234,0.011072158813476562,True
5.3053.H,5.3053,H,O que a vaca disse quando vazaram seus nudes? NUUUUUU!,1,0,1.2646484375,-1.1552734375,-2.419921875,0.918333888053894,0.08166611194610596,False
5.1045.H,5.1045,H,"Qual o Pokémon que vive com meus primos? O mewtwo, pai dos meus primos",1,1,-0.27392578125,0.55078125,0.82470703125,0.30476540327072144,0.6952346563339233,True
4.14.H,4.14,H,O meu sonho é ser probre um dia. É que ser probre todos os dias é lixado.,1,1,-0.21826171875,0.357177734375,0.575439453125,0.3599826693534851,0.6400173902511597,True
5.254.N,5.254,N,Qual é o youtuber que ama a Microsoft? Bill Gates.,0,0,2.291015625,-2.142578125,-4.43359375,0.9882676005363464,0.011732463724911213,True
5.593.N,5.593,N,Qual filme revela que nem todas as letras são leves? A insustentável leveza do C.,0,1,-0.97119140625,1.123046875,2.09423828125,0.10965808480978012,0.8903418779373169,False
5.1811.N,5.1811,N,O que o Faustão tem acima das ombreiras? Mais do que nuca.,0,1,-1.3037109375,1.7236328125,3.02734375,0.04620574787259102,0.9537942409515381,False
4.655.N,4.655,N,Hoje a São acordou toda molhada . O que aconteceu? Choveu.,0,0,1.3984375,-1.078125,-2.4765625,0.9224823713302612,0.07751765847206116,True
5.427.N,5.427,N,Qual filósofo demitiu o Aristóteles? O Platão.,0,0,1.0849609375,-1.2998046875,-2.384765625,0.9156582355499268,0.08434179425239563,True
5.1759.N,5.1759,N,Qual é o lutador do Mortal Kombat preferido pelo mosquito aedes aegypti? Sangue Azul.,0,1,-0.96484375,1.197265625,2.162109375,0.10320505499839783,0.8967949151992798,False
5.122.N,5.122,N,Como chama a cerveja que você só toma de 2 em 2 anos? Skoll.,0,0,0.50927734375,-0.136962890625,-0.646240234375,0.656162679195404,0.34383729100227356,True
5.942.N,5.942,N,Qual banda não está bem? Banda Djavú.,0,0,0.7763671875,-0.6689453125,-1.4453125,0.8092760443687439,0.19072401523590088,True
5.3663.N,5.3663,N,Qual atacante visitou o Olimpo? Pelé.,0,0,2.65625,-2.587890625,-5.244140625,0.9947493672370911,0.005250641144812107,True
5.229.H,5.229,H,Qual inseto está muito gordo? Obesouro.,1,1,-2.04296875,2.48046875,4.5234375,0.01073516346514225,0.9892648458480835,True
4.61.H,4.61,H,Uma mulher manda-se dum prédio e acerta num homem que ia a passar. Qual é o filme? A cusada de morte.,1,1,-0.65283203125,0.869140625,1.52197265625,0.17917120456695557,0.8208287358283997,True
4.482.N,4.482,N,"O homem já vivei no período Paleolítico, no Mesolítico, no Neolítico...Ao período atual chamamos Idade Contemporânea que veio depois da Idade Moderna e da Idade Média.",0,0,0.791015625,-0.75537109375,-1.54638671875,0.82439124584198,0.17560875415802002,True
5.3116.H,5.3116,H,Qual tipo de carne que só vai bem com cerveja? CoStella Artois.,1,1,-1.8388671875,2.2734375,4.1123046875,0.016106342896819115,0.983893632888794,True
4.235.N,4.235,N,"Era uma vez um homem tão pequeno, tão pequeno, que em vez de praticar natação, praticava pesca desportiva.",0,0,0.85205078125,-0.62744140625,-1.4794921875,0.814495861530304,0.18550415337085724,True
4.580.H,4.580,H,Que nome se dá ao karaté para amputados? Artes parciais.,1,1,-1.189453125,1.6416015625,2.8310546875,0.05566892400383949,0.9443310499191284,True
5.2675.H,5.2675,H,Qual cantor sempre manda uma jogada boa no baralho? Mando Reis.,1,1,-2.126953125,2.568359375,4.6953125,0.009055264294147491,0.9909447431564331,True
5.2491.H,5.2491,H,Qual é a dupla sertaneja favorita dos leões? Leãodro e Leãonardo.,1,1,-1.685546875,2.169921875,3.85546875,0.020725062116980553,0.9792749285697937,True
5.766.N,5.766,N,Qual o bairro de SP favorito do Schwarzenegger?   A Bela Vista.,0,0,1.3798828125,-1.1259765625,-2.505859375,0.9245515465736389,0.0754484310746193,True
4.635.N,4.635,N,Por que é que o Mozart vai à igreja? Porque crê.,0,0,1.7529296875,-1.78125,-3.5341796875,0.9716448187828064,0.028355207294225693,True
5.2009.H,5.2009,H,Nome do cara que não joga na linha? Hugo Leiro ,1,1,-1.34375,1.859375,3.203125,0.039048295468091965,0.9609517455101013,True
5.38.N,5.38,N,Qual é o supermercado dos ETs? O Extra.,0,0,1.580078125,-1.3408203125,-2.9208984375,0.9488699436187744,0.05113009363412857,True
5.3373.N,5.3373,N,Qual médico está sempre com gases? O meu.,0,0,2.28515625,-2.455078125,-4.740234375,0.9913390278816223,0.008660931140184402,True
5.149.N,5.149,N,Qual doença acomete geralmente aos arquitetos? Osteoporose.,0,0,2.009765625,-1.931640625,-3.94140625,0.9809491038322449,0.019050899893045425,True
5.1182.N,5.1182,N,Por que o Chico Buarque foi preso na saída do Santander? Por quebrar o banco.,0,0,1.7041015625,-1.5302734375,-3.234375,0.9621075391769409,0.0378924235701561,True
5.383.H,5.383,H,Qual hortaliça não enxerga nada? Acelga.,1,1,-2.060546875,2.48828125,4.548828125,0.010468839667737484,0.9895311594009399,True
5.3956.N,5.3956,N,Qual sambista voava? Dona Ivone Lara.,0,0,2.5703125,-2.583984375,-5.154296875,0.9942586421966553,0.00574138481169939,True
5.2606.N,5.2606,N,Qual a figura mitológica mais velha? Zeus.,0,0,2.822265625,-2.490234375,-5.3125,0.9950946569442749,0.0049054063856601715,True
5.1860.H,5.1860,H,Por que os hospitais convocaram políticos? Por necessidade d'eleitos.,1,1,-1.814453125,2.240234375,4.0546875,0.017045315355062485,0.9829546809196472,True
2.12.H,2.12,H,Por que a vaca foi para o espaço? Para se encontrar com o vácuo.,1,1,-0.356201171875,0.68212890625,1.038330078125,0.26147234439849854,0.7385276556015015,True
5.1286.H,5.1286,H,Qual o nome do piloto do dirigível? José Pelin.,1,0,2.71484375,-2.568359375,-5.283203125,0.994949460029602,0.005050507839769125,False
5.607.H,5.607,H,Qual é a cantora mais tocada na papelaria? Ana Cartolina.,1,1,-2.12890625,2.640625,4.76953125,0.008412977680563927,0.9915870428085327,True
5.830.H,5.830,H,Qual a escola de inglês dos nordestinos? CCArá.,1,1,-2.115234375,2.603515625,4.71875,0.008847355842590332,0.9911527037620544,True
5.3284.N,5.3284,N,Qual banda dá um toque dizendo que não tá bem? Banda Uó,0,1,-0.5234375,0.982421875,1.505859375,0.18155324459075928,0.8184467554092407,False
5.2302.H,5.2302,H,Por que uma parede ficou decepcionada com a outra? Porque ela era parede falsa.,1,0,0.272216796875,-0.22021484375,-0.492431640625,0.6206790804862976,0.37932088971138,False
4.113.N,4.113,N,Porque é que o Pai Natal é tão feliz? Porque sabe onde ficam as prendas.,0,1,-0.428466796875,0.59765625,1.026123046875,0.26383641362190247,0.7361635565757751,False
4.667.H,4.667,H,Que tipo de música ouvem os mortos-vivos? Kizombie.,1,0,0.52392578125,-0.4189453125,-0.94287109375,0.7196792364120483,0.28032076358795166,False
5.4051.N,5.4051,N,O que a seleção brasileira está fazendo na caverna? Fingindo não existir.,0,0,1.1513671875,-0.974609375,-2.1259765625,0.8934024572372437,0.10659756511449814,True
5.2245.N,5.2245,N,Qual é a parte da casa que machuca o queixo de muitos? A Janela,0,0,1.208984375,-1.0244140625,-2.2333984375,0.90320885181427,0.09679113328456879,True
5.4026.H,5.4026,H,Porque o carro passou a virada de ano andando pra trás? Por que a ré veio on.,1,1,-1.51953125,2.048828125,3.568359375,0.02742854133248329,0.9725714921951294,True
5.3534.N,5.3534,N,Qual o telefone que já foi de outro planeta? Ex Marte Phone.,0,1,-2.0625,2.5703125,4.6328125,0.009633652865886688,0.9903663396835327,False
5.2578.H,5.2578,H,Qual o programa favorito dos gaúchos? The Noitchê.,1,1,-1.912109375,2.427734375,4.33984375,0.01287075038999319,0.987129271030426,True
5.687.N,5.687,N,O que os moradores de rua falam em louvor a Deus? Amém ...,0,0,1.765625,-1.7451171875,-3.5107421875,0.9709919095039368,0.029008125886321068,True
5.1285.N,5.1285,N,Qual a cidade favorita do comediante Mussão? Teresina.,0,0,2.5703125,-2.400390625,-4.970703125,0.9931095838546753,0.006890459917485714,True
5.573.N,5.573,N,Por que o Mickey não precisa ser bem dotado? Porque a miniatura.,0,1,-1.38671875,1.6669921875,3.0537109375,0.04505753144621849,0.9549424648284912,False
4.716.H,4.716,H,"Era uma vez um homem que levava tantas tampas das mulheres, mas tantas, tantas... que um dia comprou uma cadeira de rodas.",1,0,0.66845703125,-0.44775390625,-1.1162109375,0.7532851696014404,0.24671481549739838,False
5.1700.H,5.1700,H,Qual o animal que mais faz intriga? A fofoca,1,0,1.0986328125,-1.1533203125,-2.251953125,0.9048188328742981,0.09518112242221832,False
4.332.N,4.332,N,"Uma ovelha, um tambor e uma serpente caíram num precipício.",0,0,1.0703125,-1.0078125,-2.078125,0.8887588381767273,0.11124120652675629,True
5.2421.N,5.2421,N,Qual a festa de carnaval voltada só pra quem é ansioso? O Trio Elétrico.,0,0,2.701171875,-2.529296875,-5.23046875,0.9946774244308472,0.005322535056620836,True
4.589.N,4.589,N,O que acontece se o Pai Natal morrer? Ele não estará mais entre nós.,0,0,1.521484375,-1.41015625,-2.931640625,0.9493886232376099,0.050611432641744614,True
5.1685.N,5.1685,N,Qual é o remédio que se compra quando vai à padaria? Tylenol.,0,0,1.9931640625,-1.7734375,-3.7666015625,0.9773923754692078,0.022607609629631042,True
4.240.N,4.240,N,Como se chama a mulher do Pai Natal? Mãe Natal.,0,0,0.61962890625,-0.2161865234375,-0.8358154296875,0.6975831985473633,0.3024168014526367,True
2.9.N,2.9,N,Sabe por que um homem estava com a orelha encostada na pedra? Porque ele estava ouvindo funk.,0,0,2.060546875,-1.7021484375,-3.7626953125,0.9773059487342834,0.022694086655974388,True
4.749.H,4.749,H,Por que é que o rufia bateu no sem-abrigo? Porque estava mesmo a pedi-las.,1,1,-0.368896484375,0.54296875,0.911865234375,0.28661829233169556,0.7133816480636597,True
4.748.N,4.748,N,"Até vos contava uma piada sobre mim, mas vocês não iam apanhar.",0,0,0.27587890625,-0.40380859375,-0.6796875,0.6636689305305481,0.3363310694694519,True
5.48.H,5.48,H,O que o Marciano foi fazer em São Paulo? Foi visitar o Tio Etê.,1,1,-1.126953125,1.5869140625,2.7138671875,0.06216002628207207,0.9378399848937988,True
4.418.N,4.418,N,"Qual é o masculino de "" tábua ""? Eu digo, é tabu.",0,0,0.77392578125,-0.81640625,-1.59033203125,0.8306628465652466,0.1693371832370758,True
5.3473.H,5.3473,H,O que faxineiro fazia na casa do Mussolini? Passava pano pra fascista.,1,1,-1.568359375,1.994140625,3.5625,0.027585284784436226,0.9724147915840149,True
2.10.H,2.10,H,Como o padre bateu o carro? Dando uma rezinha.,1,0,2.216796875,-2.033203125,-4.25,0.9859364032745361,0.014063626527786255,False
5.2821.N,5.2821,N,Qual organização vai entrar com uma ação contra os crimes cometidos na língua portuguesa? OAB Cedário,0,1,-1.681640625,2.169921875,3.8515625,0.02080448903143406,0.9791954755783081,False
5.1087.H,5.1087,H,"Por que o pessoal que pede recurso vai no curso de story telling? Porque quem conta um conto, aumenta um ponto.",1,0,0.50634765625,-0.6552734375,-1.16162109375,0.7616271376609802,0.23837286233901978,False
4.439.H,4.439,H,Como é que o Einstein faz uma pizza? Com massa cinzenta.,1,0,1.416015625,-1.4970703125,-2.9130859375,0.9484894871711731,0.05151045322418213,False
5.1980.N,5.1980,N,Qual o dispositivo usado pra enxergar melhor uma determinada nota musical? Lente,0,0,3.0390625,-2.44140625,-5.48046875,0.9958499670028687,0.00415008096024394,True
5.1314.H,5.1314,H,Por que a manicure foi demitida? Porque ela estava pouco se lixando.,1,0,1.2919921875,-1.140625,-2.4326171875,0.9192809462547302,0.08071905374526978,False
5.2753.N,5.2753,N,Como se chama a ave da grávida? Cegonha,0,0,2.80859375,-2.5546875,-5.36328125,0.9953363537788391,0.0046636550687253475,True
5.826.H,5.826,H,Como chama o cara que filma a missa? Camera Amen.,1,1,-1.4775390625,2.068359375,3.5458984375,0.028034118935465813,0.9719659090042114,True
5.2033.N,5.2033,N,Por que contrataram um tagarela no Pet Shop? Porque ele era especialista em banho e tosa,0,0,2.271484375,-1.802734375,-4.07421875,0.9832789301872253,0.016721144318580627,True
4.536.H,4.536,H,Porque é que o espantalho recebeu um prémio Nobel? Porque foi o que mais se destacou no seu campo.,1,0,0.1556396484375,-0.0906982421875,-0.246337890625,0.5612749457359314,0.438725084066391,False
5.1361.N,5.1361,N,Qual é o melhor legume que existe? A beterraba.,0,0,1.9013671875,-1.7314453125,-3.6328125,0.9742394685745239,0.025760559365153313,True
5.7.N,5.7,N,Por que a feijoada estava triste? Porque colocaram ela na panela de pressão.,0,0,1.2880859375,-1.2509765625,-2.5390625,0.9268352389335632,0.07316471636295319,True
5.309.N,5.309,N,Por que a música portuguesa me encanta? Porque é um misto de emoções.,0,0,1.71484375,-1.435546875,-3.150390625,0.9589241147041321,0.04107589274644852,True
5.693.H,5.693,H,Qual é a bebida que conecta com seu celular? Red Bluetooth.,1,1,-1.4482421875,1.8310546875,3.279296875,0.0362882986664772,0.963711678981781,True
5.2779.N,5.2779,N,Qual inseto toma muito chá? Marimbondo,0,0,0.94677734375,-0.8037109375,-1.75048828125,0.8520143628120422,0.14798562228679657,True
5.1470.N,5.1470,N,"Por qual crime, a estelionatária pode ser presa? Um sete um.",0,0,0.209716796875,-0.0830078125,-0.292724609375,0.5726630091667175,0.4273369610309601,True
4.387.H,4.387,H,Foi lançada uma nova manteiga com sabor a merda. Chama-se Flora Intestinal.,1,1,-0.9794921875,1.349609375,2.3291015625,0.08874128758907318,0.9112587571144104,True
5.376.H,5.376,H,Qual é o banco do capeta? Satander,1,0,0.1778564453125,-0.1260986328125,-0.303955078125,0.5754090547561646,0.4245908856391907,False
5.2285.H,5.2285,H,Qual personagem histórico mais gostava de lutas? Martinho Luteiro ,1,1,-1.966796875,2.40625,4.373046875,0.01245565339922905,0.9875444173812866,True
5.2518.H,5.2518,H,Qual personagem da literatura chupava tudo o que via? San Chupança.,1,1,-2.05859375,2.564453125,4.623046875,0.00972727220505476,0.9902727007865906,True
5.1087.N,5.1087,N,"Por que o pessoal que pede recurso vai no curso de story telling? Porque quem conta um conto, fica famoso.",0,0,1.1337890625,-1.2275390625,-2.361328125,0.9138304591178894,0.08616954833269119,True
5.1230.N,5.1230,N,Qual a dupla sertaneja que cantava no queijo? Cheddar Menoti e FaBrieano.,0,1,-1.2822265625,1.783203125,3.0654296875,0.04455598071217537,0.9554439783096313,False
5.865.N,5.865,N,Fui comer um doce e quando vi tinha pelos . Qual o nome do doce? Torrone.,0,0,2.240234375,-1.9189453125,-4.1591796875,0.9846199154853821,0.015380123630166054,True
5.2172.N,5.2172,N,Qual a promoção de quadros que uma pintora famosa faz na última sexta-feira de novembro? Ofertas,0,0,2.65625,-2.240234375,-4.896484375,0.9925826787948608,0.007417380344122648,True
4.547.H,4.547,H,Qual é a cerveja mais linda? É a Jolinha Jolie.,1,1,-1.9453125,2.498046875,4.443359375,0.011619769968092442,0.9883801937103271,True
5.3944.H,5.3944,H,Por que o cara resolveu dormir no bueiro? Porque ele tava esgotado.,1,0,1.9580078125,-1.9228515625,-3.880859375,0.9797840118408203,0.020215967670083046,False
4.591.N,4.591,N,Alguém quer comprar um aparelho avariado? Sem pressão ...,0,0,1.21875,-1.0791015625,-2.2978515625,0.9086989760398865,0.09130105376243591,True
5.3926.N,5.3926,N,Como chama o animal mais mau caráter? Pilantra.,0,1,-0.051605224609375,0.257080078125,0.308685302734375,0.42343565821647644,0.576564371585846,False
5.97.N,5.97,N,Qual o índio que envia boletos para cantores em grupo? Cacique.,0,0,2.640625,-2.8828125,-5.5234375,0.9960237741470337,0.003976228181272745,True
5.1819.H,5.1819,H,Qual é o militar que manda bater nos outros? Coro neles,1,1,-1.3134765625,1.837890625,3.1513671875,0.04103744029998779,0.9589625000953674,True
5.4035.N,5.4035,N,"Por que o nariz, às vezes, sente cheiro de arrogância? Por causa da humildade do ar.",0,1,-1.01953125,1.294921875,2.314453125,0.08993300050497055,0.9100669622421265,False
5.1062.H,5.1062,H,Qual a doença da nota musical contente? Si Feliz.,1,1,-1.876953125,2.427734375,4.3046875,0.013325147330760956,0.9866748452186584,True
5.2585.H,5.2585,H,Qual apresentador de TV vive gripado? Faus TOSSIR va.,1,1,-2.21875,2.658203125,4.876953125,0.007562567945569754,0.9924374222755432,True
5.670.H,5.670,H,Qual é a música em que o sobrinho do Michael Jackson nos convida a assistir a um moonwalk feito pelos Jackson Five? Tios em ré... vem!,1,1,-1.1630859375,1.552734375,2.7158203125,0.06204626336693764,0.9379537105560303,True
5.5.H,5.5,H,Por que o celular foi para o centro de reabilitação? Porque a bateria estava viciada.,1,0,0.341552734375,-0.20556640625,-0.547119140625,0.6334669589996338,0.3665330708026886,False
4.643.N,4.643,N,O que é que a Adele gosta de barrar no pão? Queijo.,0,0,1.9384765625,-1.8779296875,-3.81640625,0.9784671068191528,0.021532876417040825,True
5.3716.N,5.3716,N,Qual instrumento leva os dentistas à morte? Arma,0,0,2.826171875,-2.880859375,-5.70703125,0.9966885447502136,0.0033115192782133818,True
5.142.N,5.142,N,Por que os redatores de Star Wars e filmes do gênero não podem enlouquecer? Porque são filmes de terror.,0,0,1.9765625,-1.8271484375,-3.8037109375,0.9781979322433472,0.021801987662911415,True
5.1491.H,5.1491,H,Sabe qual é a música heavy metal de Chitãozinho e Xororó? Heavydências.,1,1,-1.595703125,2.056640625,3.65234375,0.02527489885687828,0.9747251272201538,True
5.3644.H,5.3644,H,Qual é o artista brasileiro que tem mãos enormes? Marcelo Dedões.,1,1,-2.166015625,2.57421875,4.740234375,0.008660931140184402,0.9913390278816223,True
4.643.H,4.643,H,O que é que a Adele gosta de barrar no pão? Queijo Phil-Adele-phia.,1,1,-1.9169921875,2.380859375,4.2978515625,0.013415323570370674,0.9865846633911133,True
5.3597.H,5.3597,H,Qual atriz cômica que tem mania de reparar do pescoço das pessoas? Tara ver neck.,1,1,-1.9697265625,2.421875,4.3916015625,0.012229474261403084,0.9877705574035645,True
5.4088.H,5.4088,H,Qual é a dupla viciada em drogas? Pitaunzinho & Cheirumpó.,1,1,-1.15625,1.5087890625,2.6650390625,0.06506811827421188,0.9349318742752075,True
5.2309.H,5.2309,H,Por que a mulher que trabalhava na joalheria virou piloto? Porque ela sabia decolar,1,0,2.154296875,-1.8232421875,-3.9775390625,0.9816126823425293,0.01838725432753563,False
5.3460.N,5.3460,N,"Qual feriado religioso que não é nem pra preto, nem pra branco? Sexta feira Santa.",0,0,2.05078125,-1.798828125,-3.849609375,0.9791557192802429,0.020844316110014915,True
5.4037.N,5.4037,N,Por que o cantor não sorri mais? Porque ele cry na real.,0,1,-1.8232421875,2.2890625,4.1123046875,0.016106342896819115,0.983893632888794,False
4.667.N,4.667,N,Que tipo de música ouvem os mortos-vivos? Kizomba.,0,1,-0.1724853515625,0.37451171875,0.5469970703125,0.3665613830089569,0.6334386467933655,False
5.3342.N,5.3342,N,Qual o nervo que tem uma loja? O nervo ciático.,0,0,0.89453125,-0.7568359375,-1.6513671875,0.8390757441520691,0.1609242707490921,True
5.1449.N,5.1449,N,Po rque o carteiro foi à feira? Porque tinha uma carta para entregar.,0,0,0.32568359375,-0.181884765625,-0.507568359375,0.6242362856864929,0.3757637143135071,True
4.206.N,4.206,N,O que diz um castor excitado? Bate os dentes,0,0,1.5576171875,-1.466796875,-3.0244140625,0.953665018081665,0.04633503779768944,True
5.3736.N,5.3736,N,Qual clube campeão da Libertadores consegue segurar bebês gêmeos? Lanus.,0,1,-0.390380859375,0.84326171875,1.233642578125,0.2255445122718811,0.7744554281234741,False
5.2812.N,5.2812,N,Qual carro é a mistura de um prato árabe e um suco? Nenhum,0,0,1.8671875,-1.6572265625,-3.5244140625,0.9713745713233948,0.028625505045056343,True
5.1109.N,5.1109,N,Qual filósofo gostaria de ser um Cavaleiro do Zodíaco? Aristóteles,0,0,1.91015625,-1.8076171875,-3.7177734375,0.9762879610061646,0.023712070658802986,True
5.3176.H,5.3176,H,Qual personagem do Harry Potter fica a cada dia mais tosco e selvagem? Regrid.,1,0,1.19921875,-1.0048828125,-2.2041015625,0.9006171822547913,0.09938276559114456,False
4.586.N,4.586,N,Porque é que as aulas da professora vesga são sempre uma balbúrdia? Porque ela tem dificuldade em controlar os seus alunos.,0,0,0.62451171875,-0.56396484375,-1.1884765625,0.7664684653282166,0.23353148996829987,True
5.1184.N,5.1184,N,Qual ex-presidente dos Estados Unidos ama fazer obras? Bill Clinton.,0,0,2.232421875,-2.037109375,-4.26953125,0.9862046241760254,0.013795364648103714,True
5.604.H,5.604,H,Qual é a loja que no ENEM só chutava a terceira e primeira alternativas? C e A.,1,0,0.68115234375,-0.59375,-1.27490234375,0.7815808057785034,0.21841919422149658,False
2.9.H,2.9,H,Sabe por que um homem estava com a orelha encostada na pedra? Porque ele estava ouvindo arrocha.,1,0,0.1600341796875,0.1099853515625,-0.050048828125,0.5125095844268799,0.48749038577079773,False
5.678.N,5.678,N,Como se chama o cara que pensa primeiro nos outros e depois em si mesmo? Pedro.,0,0,2.939453125,-2.599609375,-5.5390625,0.9960851669311523,0.003914824221283197,True
5.2926.H,5.2926,H,Qual fruta prevê o futuro ? Li mão,1,1,-2.255859375,2.724609375,4.98046875,0.006823954172432423,0.9931760430335999,True
4.376.N,4.376,N,"Havia uma mulher tão bonita, tão bonita, que uma vez foi a um concurso de beleza e ganhou de caras.",0,0,0.10699462890625,0.0594482421875,-0.04754638671875,0.511884331703186,0.4881156384944916,True
5.1282.H,5.1282,H,Qual castanha sempre interpreta personagens maus? Avilã.,1,1,-0.65185546875,0.75830078125,1.41015625,0.19620943069458008,0.8037906289100647,True
5.648.H,5.648,H,Qual é o medicamento mais usado pelas prostitutas? O Ibuprofana.,1,1,-0.62890625,1.029296875,1.658203125,0.16000333428382874,0.8399966359138489,True
4.167.H,4.167,H,Qual é o passatempo preferido de um mexicano de 12 anos? Bater à piñata.,1,1,-1.1650390625,1.46484375,2.6298828125,0.06723979860544205,0.9327601790428162,True
3.13.H,3.13,H,Sabe por que o pinheiro não se perde na floresta? Porque ele tem uma pinha.,1,1,-1.1025390625,1.421875,2.5244140625,0.07416428625583649,0.9258357286453247,True
5.456.N,5.456,N,Qual é a numeração que vive online? IP.,0,0,1.056640625,-1.171875,-2.228515625,0.9027811288833618,0.0972188413143158,True
5.3719.N,5.3719,N,Qual é a cidade russa que fala gíria na zona leste? Moscou,0,0,2.267578125,-1.9248046875,-4.1923828125,0.9851146936416626,0.014885316602885723,True
5.3287.H,5.3287,H,Qual o ingrediente presente na comida de quem apanhou? RepOlho Roxo.,1,1,-1.8388671875,2.27734375,4.1162109375,0.016044557094573975,0.983955442905426,True
5.2693.N,5.2693,N,"Por que o artigo, o substantivo e o adjetivo nunca discutiam? Porque estavam sempre em paralelo.",0,0,1.0361328125,-0.958984375,-1.9951171875,0.8802834153175354,0.11971654742956161,True
5.3704.H,5.3704,H,Onde o Sílvio conseguiu comprar novelas tão ruins? Na porta da espelunca!,1,1,-0.99755859375,1.32421875,2.32177734375,0.0893353596329689,0.9106646180152893,True
5.140.N,5.140,N,Qual cantor nunca fica preso? MC Livinho.,0,0,0.23583984375,-0.0261993408203125,-0.2620391845703125,0.565137505531311,0.43486249446868896,True
5.1121.H,5.1121,H,Qual poeta já foi cabeleireiro? O Lavo Bilaquê,1,1,-2.203125,2.7890625,4.9921875,0.006744989659637213,0.9932550191879272,True
4.702.H,4.702,H,O meu carro foi roubado. E o da Nelly Furtado.,1,0,0.482666015625,-0.4189453125,-0.901611328125,0.7112805247306824,0.28871950507164,False
4.5.H,4.5,H,Hoje caí e entornei meu leite com chocolate. Molhei-me Toddynho.,1,1,-2.017578125,2.447265625,4.46484375,0.011375601403415203,0.9886244535446167,True
4.608.H,4.608,H,Qual é o desporto preferido dos músicos? Lançamento do disco.,1,0,1.1767578125,-1.2392578125,-2.416015625,0.91804039478302,0.0819595456123352,False
5.74.H,5.74,H,"O que o Faustão diria se fosse professor de geometria? Ô loco, meu! Essa esfera.",1,1,-0.91748046875,1.3642578125,2.28173828125,0.09264671802520752,0.9073532819747925,True
5.1920.H,5.1920,H,O que nós professores fizemos pra derrubar a escola? Nós Demo Lição ,1,1,-1.6142578125,2.080078125,3.6943359375,0.024260740727186203,0.9757392406463623,True
4.721.N,4.721,N,Como se sabe que Paulo tomava viagra? Foi o homem que mais tempo manteve a erecção.,0,0,1.4501953125,-1.2841796875,-2.734375,0.939024806022644,0.06097518280148506,True
5.1179.H,5.1179,H,"Por que as montagens da internet tem q ser postadas imediatamente, não podem ficar esperando? Porque são memergência.",1,1,-0.87158203125,0.955078125,1.82666015625,0.13863661885261536,0.861363410949707,True
5.2512.N,5.2512,N,Por que ninguém na Terra consegue entender a língua nativa do Super-Homem? Porque é diferente.,0,0,1.984375,-1.8515625,-3.8359375,0.9788748621940613,0.021125193685293198,True
5.242.N,5.242,N,Em qual programa um papagaio ficou satisfeito em investir em sua nova plumagem? Jornal Nacional.,0,0,1.6044921875,-1.416015625,-3.0205078125,0.9534921050071716,0.046507950872182846,True
5.1276.H,5.1276,H,Qual menina sempre bota pilha nos outros pra sair? A Vamnessa.,1,1,-1.4970703125,2.00390625,3.5009765625,0.029284456744790077,0.9707155227661133,True
5.2047.H,5.2047,H,"Qual conto mostra a história de alguém que acha a esposa linda, mas quando ela o procura de noite, ele nega? ah, bela.... dorme, cida. ",1,1,-1.2626953125,1.724609375,2.9873046875,0.048002712428569794,0.9519972801208496,True
5.558.N,5.558,N,Por que não prenderam o japonês que matou a faxineira? Porque foi um caso complicado.,0,0,2.48828125,-2.408203125,-4.896484375,0.9925826787948608,0.007417380344122648,True
5.2504.H,5.2504,H,Qual é o órgão público representado por um anão infértil? Miniestéril.,1,1,-2.2421875,2.775390625,5.017578125,0.006576998624950647,0.9934230446815491,True
5.3970.N,5.3970,N,"Por que na crise, as aves não voavam sobre o Japão? Porque estavam com a radiação.",0,1,-0.239990234375,0.24658203125,0.486572265625,0.3807014226913452,0.6192986369132996,False
5.2451.N,5.2451,N,Qual é a tartaruga ninja que está sempre na televisão? É o Michelangelo.,0,0,0.343505859375,-0.291259765625,-0.634765625,0.6535692811012268,0.3464307188987732,True
4.455.N,4.455,N,""" Arroz "" é masculino ou feminino? Depende se o arroz é Basmati ou arroz agulha.",0,1,-0.953125,1.220703125,2.173828125,0.10212547332048416,0.8978744745254517,False
5.659.H,5.659,H,Qual planta trabalha muito? Workídea.,1,1,-2.26171875,2.787109375,5.048828125,0.006375935859978199,0.9936240911483765,True
5.1175.H,5.1175,H,Por que as mulheres adoram sair pra comprar roupas? Porque é muito DiVestido.,1,1,-1.400390625,1.7333984375,3.1337890625,0.041734807193279266,0.9582651257514954,True
5.531.N,5.531,N,"Qual verdura, quando você provoca ela fica muito nervosa? A incrível Alface.",0,0,1.4345703125,-1.390625,-2.8251953125,0.9440222382545471,0.055977750569581985,True
5.607.N,5.607,N,Qual é a cantora mais tocada na papelaria? Ana Carolina.,0,0,2.6171875,-2.49609375,-5.11328125,0.9940197467803955,0.005980329588055611,True
4.636.N,4.636,N,O que acontece quando entornas o leite? Está tudo entornado.,0,0,0.765625,-0.65283203125,-1.41845703125,0.805096447467804,0.19490358233451843,True
4.206.H,4.206,H,O que diz um castor excitado? Suck my dique!,1,1,-1.4853515625,1.9453125,3.4306640625,0.0313507616519928,0.9686492681503296,True
5.558.H,5.558,H,Por que não prenderam o japonês que matou a faxineira? Porque foi um caso encerado.,1,1,-0.315673828125,0.4892578125,0.804931640625,0.3089715540409088,0.6910284161567688,True
5.3813.N,5.3813,N,Qual a dieta que alimenta toda a família? Alimentação familiar.,0,0,2.6484375,-2.599609375,-5.248046875,0.9947697520256042,0.005230278242379427,True
4.337.H,4.337,H,Porque é que a mão não pode medir mais do que 31 cm? Porque aí já seria um pé.,1,0,0.71630859375,-0.68212890625,-1.3984375,0.8019358515739441,0.1980641782283783,False
5.3314.H,5.3314,H,Qual o nome do sabonete do Cascão? Phedo.,1,1,-0.89990234375,1.5,2.39990234375,0.08318013697862625,0.9168198108673096,True
5.2811.N,5.2811,N,Profissional que conhecia tudo a respeito de suínos? Zootecnista,0,0,2.455078125,-2.341796875,-4.796875,0.9918121099472046,0.008187910541892052,True
4.76.H,4.76,H,O que é que está entre dois gatos? Uma entre-meada.,1,1,-1.33203125,1.703125,3.03515625,0.04586266726255417,0.95413738489151,True
5.1967.H,5.1967,H,Onde as bundas são conservadas? Na adega ,1,0,0.99267578125,-0.98876953125,-1.9814453125,0.878835141658783,0.12116485834121704,False
5.2711.H,5.2711,H,Qual banda de pagode sempre tocava quando a gente tomava refrigerante? Sorriso Marroto.,1,1,-1.138671875,1.4365234375,2.5751953125,0.07075196504592896,0.929248034954071,True
5.442.N,5.442,N,Qual o salgadinho favorito dos torcedores do Flamengo? Ruffles.,0,0,2.779296875,-2.52734375,-5.306640625,0.9950659275054932,0.004934090655297041,True
5.423.N,5.423,N,Qual deus grego não tem talento pra ser deus? Hércules,0,0,2.763671875,-2.703125,-5.466796875,0.9957929849624634,0.004206969402730465,True
5.3581.N,5.3581,N,Qual pintor gosta de pintar os personagens de Toy Story usando cores bem vivas? O Andy Warhol.,0,0,2.40625,-2.3359375,-4.7421875,0.991355836391449,0.008644177578389645,True
5.1997.H,5.1997,H,O que o comediante faz no carnaval? Estandarte Comedy,1,1,-1.43359375,1.87109375,3.3046875,0.03541072830557823,0.9645892381668091,True
5.1430.N,5.1430,N,Qual é o nome do X-Men que quer crescer? Mística.,0,0,2.109375,-1.9541015625,-4.0634765625,0.9831013083457947,0.016898682340979576,True
5.2563.H,5.2563,H,"Quando um extraterrestre cai, o que ele passa no machucado? Marte-olate.",1,1,-2.154296875,2.60546875,4.759765625,0.008494837209582329,0.9915052056312561,True
5.2821.H,5.2821,H,Qual instituição vai entrar com uma ação contra os crimes cometidos na língua portuguesa? OAB Cedário ,1,1,-1.45703125,1.923828125,3.380859375,0.03289904072880745,0.967100977897644,True
5.4020.N,5.4020,N,Qual animal é sempre do contra? O antagonista.,0,0,0.262939453125,-0.408935546875,-0.671875,0.6619228720664978,0.3380771279335022,True
5.457.N,5.457,N,Por que o diabo gosta de carro pequeno? Porque é prático.,0,0,1.66015625,-1.4375,-3.09765625,0.9567959308624268,0.04320403188467026,True
5.2844.N,5.2844,N,Como o padre comprou o carro? Dando uma rezinha,0,0,2.1953125,-2.046875,-4.2421875,0.9858275651931763,0.014172364957630634,True
5.3522.H,5.3522,H,O que é que tem abas e é gostoso de lamber? Absorvete.,1,1,-1.5830078125,1.904296875,3.4873046875,0.029675617814064026,0.9703244566917419,True
4.403.H,4.403,H,Um casal está num carro e de repente a mulher desaparece. O que aconteceu? Brochedo.,1,1,-0.0185089111328125,0.30419921875,0.3227081298828125,0.4200159013271332,0.5799840688705444,True
5.2788.H,5.2788,H,Qual atração que só pode entrar quem se chama Leonardo? Circo de Só Leo ,1,1,-1.421875,1.7353515625,3.1572265625,0.04080747812986374,0.9591925740242004,True
5.1900.N,5.1900,N,Qual comida não é sua? Pão.,0,0,2.61328125,-2.169921875,-4.783203125,0.9917002320289612,0.008299686945974827,True
5.54.N,5.54,N,Qual é o personagem histórico que fui eu que indiquei? Simone de Beauvoir.,0,0,2.333984375,-2.189453125,-4.5234375,0.9892648458480835,0.01073516346514225,True
5.3956.H,5.3956,H,Qual sambista voava? Drone Ivone Lara.,1,1,-1.9033203125,2.3359375,4.2392578125,0.01421335805207491,0.9857866764068604,True
5.1733.H,5.1733,H,"Como se diz ""você, seja macio"" em inglês? You, be soft.",1,1,-1.1005859375,1.3701171875,2.470703125,0.07793769240379333,0.922062337398529,True
5.2829.H,5.2829,H,O que o padre deixou de garantia na loja de penhor? A imagem de nossa penhora ,1,1,-1.3984375,1.85546875,3.25390625,0.03718677535653114,0.9628131985664368,True
4.19.N,4.19,N,O meu baralho de cartas fica doido quando ligo o aspirador . Hoje encontrei o meu aspirador,0,0,0.671875,-0.60791015625,-1.27978515625,0.7824131846427917,0.21758678555488586,True
5.2063.N,5.2063,N,Qual ator americano que sempre deixa todo mundo impressionado? Joaquin Phoenix,0,0,2.6640625,-2.216796875,-4.880859375,0.9924666285514832,0.00753330672159791,True
5.3713.N,5.3713,N,Qual o humorista que é sucesso de bilheteria? Dih Lopes,0,1,-0.90380859375,1.341796875,2.24560546875,0.09572920203208923,0.9042707681655884,False
4.720.N,4.720,N,Um cacto liga para outro: Estou?,0,0,1.244140625,-1.1259765625,-2.3701171875,0.9145200252532959,0.0854799747467041,True
5.989.H,5.989,H,Qual figura histórica terminou mal seu último relacionamento? Malcom Ex.,1,1,-1.9951171875,2.5,4.4951171875,0.011040126904845238,0.9889599084854126,True
5.1740.H,5.1740,H,Qual atriz ama esportes na neve? A Kássia Ex-Kiss,1,1,-2.1328125,2.59765625,4.73046875,0.008745182305574417,0.9912548065185547,True
5.1306.N,5.1306,N,Qual rapper americano os gatos mais gostam? 50 cent.,0,1,-1.81640625,2.177734375,3.994140625,0.01808999478816986,0.9819099307060242,False
5.1934.H,5.1934,H,Qual é o apresentador que vive no psiquiatra? Depresilvio Santos ,1,1,-1.1943359375,1.4794921875,2.673828125,0.0645354762673378,0.9354645609855652,True
4.27.N,4.27,N,"Existem dois tipos de camelos: com uma bossa e com duas bossas, vossa excelência.",0,1,-0.5849609375,0.8369140625,1.421875,0.19436781108379364,0.8056321740150452,False
5.3676.H,5.3676,H,"Por que o marido prometeu levar a eposa pra Foz do Iguaçu, mas não levou? Porque era cascata.",1,0,1.43359375,-1.310546875,-2.744140625,0.939581573009491,0.060418423265218735,False
5.644.H,5.644,H,Qual personagem da Bíblia era viciado em exercício fisico? Pôncio Pilates.,1,1,-2.015625,2.4609375,4.4765625,0.011244559660553932,0.9887554049491882,True
5.517.H,5.517,H,Por que quem tem os dois pés chatos vai para a Hanna Barbera? Pra ficar com o Pepe Legal.,1,1,-1.7109375,2.095703125,3.806640625,0.021739592775702477,0.978260338306427,True
5.3619.H,5.3619,H,Qual é o ator que mais gosta de biscoito? Rodrigo Santoreo.,1,1,-2.005859375,2.44140625,4.447265625,0.011574993841350079,0.9884250164031982,True
5.2270.N,5.2270,N,O que o diretor de cena gay falou pro contra regra? Final do take,0,0,1.3388671875,-1.1171875,-2.4560546875,0.9210031628608704,0.07899691164493561,True
4.348.H,4.348,H,O que é que os bonecos de neve costumam pôr no leite? Flocos.,1,0,0.8203125,-0.82763671875,-1.64794921875,0.8386136889457703,0.16138629615306854,False
4.575.N,4.575,N,Vira-se a mãe pata para o patinho: Anda cá!,0,1,-0.226806640625,0.359375,0.586181640625,0.3575114607810974,0.6424885392189026,False
5.2566.H,5.2566,H,"Sabe qual a fruta que fica putaça, reclama e vai embora? Ah... saí.",1,1,-1.294921875,1.591796875,2.88671875,0.05281401798129082,0.9471859931945801,True
5.1765.N,5.1765,N,Para quê o esqueleto foi ao barbeiro? Aparar as articulações.,0,1,-0.02288818359375,0.09466552734375,0.1175537109375,0.47064536809921265,0.5293546319007874,False
4.50.N,4.50,N,Eu tenho uma teoria sobre a relatividade . Mas não parece estar a ganhar muita força.,0,0,0.96826171875,-0.982421875,-1.95068359375,0.8755211234092712,0.12447883933782578,True
5.3719.H,5.3719,H,Qual é a cidade russa que fala gíria na zona leste? Esta lingrado ,1,1,-2.111328125,2.65625,4.767578125,0.008429287001490593,0.9915707111358643,True
5.1920.N,5.1920,N,Qual o nome do quadrúpede criado no Japão? JaPoney.,0,1,-1.9248046875,2.392578125,4.3173828125,0.013159262016415596,0.9868407249450684,False
5.2530.N,5.2530,N,Que bicho anda sempre acompanhado de mais 3? A Abelha.,0,0,1.5,-1.6044921875,-3.1044921875,0.95707768201828,0.04292233660817146,True
4.668.H,4.668,H,Qual é o automóvel que leva mais porcas? É o Nissan Na vara.,1,1,-1.6787109375,2.255859375,3.9345703125,0.019179068505764008,0.980820894241333,True
4.332.H,4.332,H,"Uma ovelha, um tambor e uma serpente caíram num precipício. Baaa Dum Tsss!",1,1,-0.66162109375,1.0224609375,1.68408203125,0.15655569732189178,0.8434443473815918,True
5.2354.N,5.2354,N,Para qual time os átomos torcem? Corinthians.,0,0,1.365234375,-1.4833984375,-2.8486328125,0.945248007774353,0.054752033203840256,True
5.3813.H,5.3813,H,Qual a dieta que alimenta toda a família? Alimentação parente et al.,1,1,-1.775390625,2.12109375,3.896484375,0.019908789545297623,0.9800912737846375,True
5.867.N,5.867,N,Qual a bebida preferida dos caminhoneiros? Café.,0,0,2.73046875,-2.94140625,-5.671875,0.996570348739624,0.003429603762924671,True
5.427.H,5.427,H,Qual filósofo demitiu o Cebolinha? O Platão dele.,1,1,-1.748046875,2.201171875,3.94921875,0.01890544965863228,0.9810945987701416,True
4.257.H,4.257,H,Um homem foi para a guerra e perdeu os dois pés. Qual é o filme? O pés-tinha.,1,1,-1.77734375,2.24609375,4.0234375,0.017576880753040314,0.9824230670928955,True
3.5.N,3.5,N,Qual é o nome do profissional que pinta carros em inglês? Pintor de carro.,0,0,2.615234375,-2.330078125,-4.9453125,0.9929336309432983,0.007066401652991772,True
5.3935.H,5.3935,H,Qual a bebida que te viu ontem? Lhe Countreau.,1,1,-1.9033203125,2.37109375,4.2744140625,0.013729090802371502,0.9862709045410156,True
5.1131.N,5.1131,N,Por que o Ben 10 de vez em quando ganha algumas roupas de presente? Porque há males que vêm para o bem.,0,0,0.94677734375,-1.0166015625,-1.96337890625,0.8768981695175171,0.12310183793306351,True
5.1368.N,5.1368,N,Por que a água foi presa? Porque ela empoçou.,0,0,0.474853515625,-0.422607421875,-0.8974609375,0.710427463054657,0.2895725667476654,True
5.1977.N,5.1977,N,Qual é o tipo de música que se canta pela bunda? Samba,0,0,2.15234375,-1.912109375,-4.064453125,0.9831175804138184,0.01688246615231037,True
5.3238.H,5.3238,H,Qual queijo fabrica carro? Rockerford.,1,0,1.234375,-1.203125,-2.4375,0.9196425676345825,0.08035746961832047,False
5.3433.N,5.3433,N,Qual o nome do chinês que adora doce? Zhoumi.,0,0,0.8798828125,-0.671875,-1.5517578125,0.8251674771308899,0.1748325377702713,True
5.1745.H,5.1745,H,Qual é o nome de um artista que esculpe com peças de bicicleta? Cicli-angelo. ,1,1,-1.8955078125,2.384765625,4.2802734375,0.013649977743625641,0.9863499999046326,True
5.2858.H,5.2858,H,Pq o rapaz demorou muito para receber alta do hospital mas não reclamava ? Porque era paciente ,1,0,2.2578125,-1.7412109375,-3.9990234375,0.9819965362548828,0.018003465607762337,False
5.1690.H,5.1690,H,Por que o canoísta Isaquias Queiroz foi convidado para ir pro espaço? Porque ele é um astronáutico,1,0,1.96484375,-1.8662109375,-3.8310546875,0.9787736535072327,0.02122640050947666,False
5.3128.H,5.3128,H,Celular que só funciona em praia de nudismo? Semsunga.,1,1,-2.033203125,2.447265625,4.48046875,0.011201213113963604,0.9887987971305847,True
5.3242.N,5.3242,N,Qual é a técnica que faz o nariz obedecer todas as ordens? Rinoplastia.,0,0,1.7822265625,-1.59765625,-3.3798828125,0.9670699238777161,0.032930128276348114,True
4.112.H,4.112,H,Quando é que os informáticos vão ao dermatologista? Quando têm problemas d'Apple.,1,1,-1.2841796875,1.6240234375,2.908203125,0.051749542355537415,0.9482505321502686,True
5.220.H,5.220,H,Qual é o escritor mais antigo que existe? Érico Velhíssimo.,1,1,-1.470703125,2.04296875,3.513671875,0.02892572060227394,0.9710743427276611,True
4.717.N,4.717,N,Qual é a profissão do Nélson Évora? Atleta.,0,0,2.125,-1.7880859375,-3.9130859375,0.9804125428199768,0.019587421789765358,True
5.1996.N,5.1996,N,Qual o mote preferido do Kiko? É o  Cálice Cálice Cálice se não você me deixa louco!,0,1,-0.6826171875,0.98876953125,1.67138671875,0.15823937952518463,0.8417606949806213,False
5.2311.N,5.2311,N,Qual é a luta mais longa que existe? Kung Fool,0,1,-0.356201171875,0.814453125,1.170654296875,0.2367367446422577,0.7632632255554199,False
4.381.H,4.381,H,O que acontece quando metes um tomate no micro-ondas? Entalas o outro.,1,1,-0.49951171875,0.62939453125,1.12890625,0.2443629950284958,0.755636990070343,True
5.1503.N,5.1503,N,O gaúcho não achava o seu carro no estacionamento . Qual o modelo do carro? Miura!,0,1,-0.55224609375,1.0791015625,1.63134765625,0.16364581882953644,0.83635413646698,False
5.217.H,5.217,H,O que usam para fazer as bonecas Barbie? Aparelho de barbear.,1,0,2.5546875,-2.3046875,-4.859375,0.9923043847084045,0.007695647422224283,False
4.720.H,4.720,H,Um cacto liga para outro: Aloe Vera?,1,0,0.341796875,-0.032318115234375,-0.374114990234375,0.5924529433250427,0.4075470566749573,False
5.2166.H,5.2166,H,Qual cantor era lobisomem? O uiWando ,1,1,-0.98046875,1.3466796875,2.3271484375,0.08889935910701752,0.9111006855964661,True
5.3045.N,5.3045,N,""" Por que a pessoa não paga pelo absorvente? Porque "" "" quer de graça "" "" . """,0,0,0.7939453125,-0.5087890625,-1.302734375,0.7862948179244995,0.2137051820755005,True
5.717.H,5.717,H,Qual a brincadeira preferida da esteticista do Jô Soares??? Ex-cravos de jô,1,1,-2.0625,2.443359375,4.505859375,0.010923455469310284,0.9890764951705933,True
5.211.H,5.211,H,Qual é o urso que muda de opinião toda hora? Urso Bipolar.,1,0,0.28271484375,-0.09197998046875,-0.37469482421875,0.5925929546356201,0.40740707516670227,False
4.299.H,4.299,H,A Ester e o Paulo tiveram um filho. Pode-se dizer que o filho deles é 100% Paulyester.,1,1,0.0303192138671875,0.1124267578125,0.0821075439453125,0.4794846177101135,0.5205153822898865,True
4.337.N,4.337,N,Porque é que a mão não pode medir mais do que 31 cm? Porque aí já seria um remo.,0,0,0.07855224609375,0.046417236328125,-0.032135009765625,0.5080330967903137,0.49196693301200867,True
5.2311.H,5.2311,H,Qual é a luta mais idiota que existe? Kung Fool,1,0,0.50244140625,-0.214599609375,-0.717041015625,0.6719551086425781,0.3280448615550995,False
4.142.H,4.142,H,Qual é o melhor chá para a calvície? É o chá-peu.,1,1,-1.8447265625,2.27734375,4.1220703125,0.01595231518149376,0.9840477108955383,True
4.526.N,4.526,N,De que marca é a roupa do Pinóquio? Element.,0,1,-1.2451171875,1.697265625,2.9423828125,0.050097767263650894,0.9499022960662842,False
5.4023.N,5.4023,N,Por que o diabo comprou um chicote? Porque queria infernizá-la.,0,0,0.43408203125,-0.325439453125,-0.759521484375,0.6812498569488525,0.31875017285346985,True
4.342.H,4.342,H,Qual é o contrário de menu? Youvestido.,1,1,-1.892578125,2.44140625,4.333984375,0.012945406138896942,0.9870545864105225,True
5.644.N,5.644,N,Qual personagem da Bíblia era viciado em exercício fisico? Maria.,0,0,2.849609375,-2.279296875,-5.12890625,0.9941118359565735,0.005888159386813641,True
5.1505.H,5.1505,H,Como o elétron atende o telefone? Próton.,1,0,0.84228515625,-0.7041015625,-1.54638671875,0.82439124584198,0.17560875415802002,False
5.1759.H,5.1759,H,Por que a atleta abandonou esportes na neve? Porque seu ex quis,1,0,0.64306640625,-0.464111328125,-1.107177734375,0.7516025900840759,0.24839742481708527,False
5.660.H,5.660,H,"Qual o chocolate favorito dos fiéis? Bis, pô.",1,1,-0.1392822265625,0.4619140625,0.6011962890625,0.3540700376033783,0.6459299325942993,True
5.521.N,5.521,N,Qual ator que peida tão alto que ressoa? Francisco Xavier.,0,0,2.291015625,-1.9794921875,-4.2705078125,0.9862179160118103,0.013782083988189697,True
5.2622.N,5.2622,N,Qual chá preferido dos pedreiros? Santo Daime.,0,0,1.4375,-1.5234375,-2.9609375,0.9507778882980347,0.04922211542725563,True
4.650.H,4.650,H,Qual é a religião dos gatos? Gatólica.,1,1,-1.8330078125,2.32421875,4.1572265625,0.01540972851216793,0.9845902919769287,True
5.3116.N,5.3116,N,Qual tipo de carne que só vai bem com cerveja? Vermelha.,0,0,2.587890625,-2.169921875,-4.7578125,0.9914886951446533,0.00851130299270153,True
5.1435.N,5.1435,N,Por que o amor entre patos é o mais bonito que existe? Porque é para toda a vida.,0,0,1.6923828125,-1.48046875,-3.1728515625,0.9597998261451721,0.04020024836063385,True
5.3011.N,5.3011,N,Qual animal gosta de ensinar? Panda.,0,0,2.666015625,-2.4765625,-5.142578125,0.9941913485527039,0.005808669608086348,True
5.3447.H,5.3447,H,Qual time de futebol é um grande vazio? Vácuo da Gama.,1,1,-2.146484375,2.5625,4.708984375,0.008933402597904205,0.9910666346549988,True
4.269.H,4.269,H,Qual é o cão mais surpreendente de todos? É o chi-wow-ah!,1,0,0.235595703125,0.044952392578125,-0.190643310546875,0.5475170016288757,0.45248299837112427,False
5.519.N,5.519,N,Qual ator sempre tem muito assunto? Fábio Assunção.,0,0,2.9765625,-3.095703125,-6.072265625,0.9976993203163147,0.002300637774169445,True
4.240.H,4.240,H,Como se chama a mulher do Pai Natal? Mary Christmas.,1,1,-0.222900390625,0.71142578125,0.934326171875,0.2820478677749634,0.7179521322250366,True
5.3562.H,5.3562,H,Qual a cidade que está inovando sua forma de comunicação? Emoji Mirim.,1,1,-2.142578125,2.5859375,4.728515625,0.00876212865114212,0.9912378191947937,True
5.162.H,5.162,H,O que são dois pontinhos marrons no palco? Browno e Marrone.,1,0,0.46630859375,-0.468017578125,-0.934326171875,0.7179521322250366,0.2820478677749634,False
5.3490.N,5.3490,N,Qual hotel se compraram os Beatles? Let Ibis.,0,1,-2.001953125,2.51171875,4.513671875,0.01083937007933855,0.9891605973243713,False
4.403.N,4.403,N,Um casal está num carro e de repente a mulher desaparece . O que aconteceu? Magia.,0,0,2.22265625,-1.9677734375,-4.1904296875,0.9850859642028809,0.014913982711732388,True
5.673.N,5.673,N,Qual programa comemora o nascimento de um famoso funkeiro? Fantástico.,0,0,3.208984375,-3.12109375,-6.330078125,0.998221218585968,0.0017787249526008964,True
5.283.N,5.283,N,O que o coveiro disse quando pediram a ele para gerenciar o cemitério? Isso não é da minha alçada.,0,0,2.1171875,-1.7080078125,-3.8251953125,0.9786514639854431,0.02134847454726696,True
5.828.H,5.828,H,Qual o nome e sobrenome da mulher que apareceu sem roupa e surpreendeu o japonês? A Inês Perada.,1,1,-1.46484375,1.779296875,3.244140625,0.03753800690174103,0.9624620079994202,True
5.2968.H,5.2968,H,Lugar que vende CD de Heavy Metal? Posto IpiAngra.,1,1,-1.59765625,2.130859375,3.728515625,0.023464657366275787,0.9765353798866272,True
5.253.N,5.253,N,Qual é o ator mais avoado da Rede Globo? Fábio Assunção.,0,0,2.287109375,-2.115234375,-4.40234375,0.9878996014595032,0.012100384570658207,True
4.562.N,4.562,N,Em que estado se encontra o rio Mississipi? No estado Minnessota.,0,1,-1.876953125,2.392578125,4.26953125,0.013795364648103714,0.9862046241760254,False
4.482.H,4.482,H,"O homem já vivei no período Paleolítico, no Mesolítico, no Neolítico... A avaliar pelo stress com que eu ando, devemos estar agora no Ansiolítico.",1,1,-0.53857421875,0.67041015625,1.208984375,0.22988080978393555,0.7701191902160645,True
4.742.H,4.742,H,O que teria acontecido se Adão e Eva fossem canibais? A Eva teria comido a maçã-de-adão.,1,1,-0.443359375,0.6015625,1.044921875,0.26020142436027527,0.7397986054420471,True
5.2812.H,5.2812,H,Qual carro é a mistura de um prato árabe e um suco? Homustang ,1,1,-1.3955078125,1.7734375,3.1689453125,0.04035123437643051,0.9596487283706665,True
5.3373.H,5.3373,H,Qual médico está sempre com gases? Peideatra.,1,1,-2.03515625,2.49609375,4.53125,0.01065251138061285,0.9893474578857422,True
4.258.N,4.258,N,Que nome se dá ao Super-Homem quando ele vai à missa? Crente.,0,0,2.408203125,-2.421875,-4.830078125,0.9920772910118103,0.007922627963125706,True
4.452.H,4.452,H,O que diz um bombista suicida quando chega ao paraíso e encontra as 72 virgens? Epá estou todo rebentado...,1,1,-0.7607421875,0.99609375,1.7568359375,0.14718705415725708,0.8528130054473877,True
5.3230.N,5.3230,N,Qual médico que é funkeiro? Dr. Pereira.,0,0,2.228515625,-1.92578125,-4.154296875,0.9845458269119263,0.015454242005944252,True
5.358.H,5.358,H,Qual cidade incentiva o uso do tato? Toque-o.,1,1,-1.1953125,1.67578125,2.87109375,0.05360114574432373,0.9463988542556763,True
5.3827.H,5.3827,H,Qual o mês favorito do surfista? Outubo.,1,1,-0.51025390625,0.91845703125,1.4287109375,0.19329962134361267,0.8067004084587097,True
4.536.N,4.536,N,Porque é que o génio recebeu um prémio Nobel? Porque foi o que mais se destacou no seu campo.,0,0,0.74853515625,-0.68994140625,-1.4384765625,0.8082186579704285,0.19178137183189392,True
4.705.N,4.705,N,Por que é que os turistas vão à praia? Para ficarem douradinhos.,0,0,0.869140625,-0.8759765625,-1.7451171875,0.8513358235359192,0.14866413176059723,True
5.412.N,5.412,N,Qual o filme que conta a história de um cavalo de brinquedo? O corcel story,0,1,-1.7568359375,2.20703125,3.9638671875,0.01863565482199192,0.9813643097877502,False
5.3011.H,5.3011,H,Qual animal gosta de ensinar? LargaTeacher.,1,1,-2.212890625,2.58984375,4.802734375,0.008140463382005692,0.991859495639801,True
5.3303.N,5.3303,N,Qual a ave que te serve comida? A garça.,0,0,1.9892578125,-1.740234375,-3.7294921875,0.9765576720237732,0.023442290723323822,True
5.2776.N,5.2776,N,Qual jogo obriga escolher entre ir ao Nordeste ou ser eletrocutado? Bayonetta.,0,1,-0.77587890625,1.1904296875,1.96630859375,0.12278593331575394,0.8772140741348267,False
5.2347.H,5.2347,H,Qual nome se dá quando cai uma parte de um estádio? Arquibanqueda.,1,1,-1.4248046875,1.798828125,3.2236328125,0.0382859967648983,0.961713969707489,True
4.596.N,4.596,N,"Sabias que um jogador de ténis, mesmo cansado, ainda é um jogador de ténis?",0,0,0.95068359375,-0.91259765625,-1.86328125,0.8656789064407349,0.13432106375694275,True
5.1710.H,5.1710,H,Em qual estilo musical as pessoas têm facilidade de achar quem procuram? Em country.,1,0,0.299560546875,-0.30322265625,-0.602783203125,0.6462928056716919,0.3537072241306305,False
5.1465.N,5.1465,N,Qual a cantora que tem na banda um sino? Gal Costa.,0,0,2.71875,-2.53125,-5.25,0.9947799444198608,0.005220125894993544,True
5.673.H,5.673,H,Qual programa comemora o nascimento de um famoso funkeiro? Jornal Nasce o Naldo.,1,1,-1.8681640625,2.40625,4.2744140625,0.013729090802371502,0.9862709045410156,True
5.1028.N,5.1028,N,Como os baianos chamam os cabelos loiros? Galego.,0,0,1.4130859375,-1.2529296875,-2.666015625,0.9349913001060486,0.0650087371468544,True
5.1232.H,5.1232,H,Qual jogo tem um negro matando geral? Mortal com Black.,1,1,-1.1201171875,1.4736328125,2.59375,0.06954174488782883,0.9304582476615906,True
5.3842.H,5.3842,H,Qual carro também é um brinquedo? Toyota.,1,0,2.25390625,-2.40234375,-4.65625,0.9905874133110046,0.009412589482963085,False
5.1465.H,5.1465,H,Qual a cantora que tem na banda um sino? Fafá de Belém.,1,0,2.640625,-2.462890625,-5.103515625,0.9939613342285156,0.0060386634431779385,False
5.3310.H,5.3310,H,Qual o cão que joga basquete? Farejão.,1,1,-1.7314453125,2.16796875,3.8994140625,0.019851703196763992,0.9801483154296875,True
5.563.H,5.563,H,Porque o Karl Marx ficou irritado quando atendeu o telefone? Era um trotsky.,1,1,-1.1494140625,1.525390625,2.6748046875,0.06447654962539673,0.935523509979248,True
5.1368.H,5.1368,H,Por que a água foi presa? Porque ela matou a sede.,1,0,0.35107421875,-0.166015625,-0.51708984375,0.6264670491218567,0.3735329806804657,False
5.3658.H,5.3658,H,Qual comediante se formou em uma escola agrotécnica? Nil Agro,1,1,-2.20703125,2.70703125,4.9140625,0.0072890776209533215,0.9927109479904175,True
4.173.H,4.173,H,Porque é que os bombeiros não andam? Porque sócorrem.,1,1,-1.04296875,1.4267578125,2.4697265625,0.07800790667533875,0.9219921231269836,True
5.72.H,5.72,H,Qual é a roupa mais inapropriada para usar num avião? Tomara que caia.,1,0,0.82958984375,-0.5458984375,-1.37548828125,0.7982653975486755,0.20173455774784088,False
4.26.H,4.26,H,Tudo na vida muda. Até a surda-muda.,1,1,-0.432861328125,0.7802734375,1.213134765625,0.22914685308933258,0.7708531022071838,True
5.3202.N,5.3202,N,Qual peixe cai melhor no almoço da sexta-feira santa? Bacalhau.,0,0,2.76171875,-2.27734375,-5.0390625,0.993561863899231,0.0064381021074950695,True
2.12.N,2.12,N,Por que a vaca foi para o espaço? Para se encontrar com o espaço.,0,0,0.6943359375,-0.5908203125,-1.28515625,0.7833262085914612,0.21667379140853882,True
5.1384.N,5.1384,N,Sabe por que meus vizinhos são os melhores? Porque eles estão sempre me ajudando.,0,0,1.5966796875,-1.4404296875,-3.037109375,0.9542226791381836,0.04577726870775223,True
5.519.H,5.519,H,Qual ator sempre tem muito assunto? Fábio Assuntão.,1,1,-2.11328125,2.60546875,4.71875,0.008847355842590332,0.9911527037620544,True
5.1671.N,5.1671,N,Qual é a pizza que se deve experimentar sozinho? Broto.,0,0,0.61083984375,-0.8115234375,-1.42236328125,0.805708646774292,0.1942913681268692,True
5.3548.N,5.3548,N,Qual a empresa especializada na remoção de carpetes? Tira-carpetes.,0,1,0.00859832763671875,0.2415771484375,0.23297882080078125,0.4420173466205597,0.5579826831817627,False
5.1996.H,5.1996,H,Qual o filme preferido do Kiko? É o Harry Potter e o Cálice Cálice Cálice se não você me deixa louco! ,1,0,0.24755859375,0.0697021484375,-0.1778564453125,0.5443472862243652,0.45565271377563477,False
4.580.N,4.580,N,Que nome se dá ao karaté para amputados? Artes marciais.,0,0,2.23046875,-2.14453125,-4.375,0.9875683188438416,0.012431650422513485,True
5.3748.H,5.3748,H,Qual o nome do ator que não faz nada além da obrigação? Willem Default ,1,1,-1.4443359375,1.8359375,3.2802734375,0.0362541638314724,0.9637458920478821,True
4.204.H,4.204,H,Como é que os drogados espirram? Ha... Haa... Haaaa... XIXE!,1,1,-0.88330078125,1.2568359375,2.14013671875,0.10525652021169662,0.8947435021400452,True
5.2354.H,5.2354,H,Para qual time os átomos torcem? Valência.,1,0,1.6689453125,-1.5234375,-3.1923828125,0.960546612739563,0.039453376084566116,False
5.1336.H,5.1336,H,Por que um jogador de sinuca esfregou a bola com um pano? Para ela bilhar.,1,1,-1.81640625,2.271484375,4.087890625,0.016497835516929626,0.983502209186554,True
5.360.N,5.360,N,Por que o casal de patos sempre tomam banho quando discutem? Para deixar tudo em pratos limpos.,0,0,0.62109375,-0.66015625,-1.28125,0.7826625108718872,0.21733754873275757,True
5.1710.N,5.1710,N,Qual é a revista favorita dos pintores? Veja.,0,0,2.34375,-2.572265625,-4.916015625,0.9927250146865845,0.0072749583050608635,True
4.387.N,4.387,N,Foi lançada uma nova manteiga com sabor a margarina . Chama-se Flora Margarina.,0,1,-0.91845703125,1.298828125,2.21728515625,0.09820897877216339,0.9017910361289978,False
5.2024.H,5.2024,H,Qual é o celular nudista? Semsunga ,1,1,-1.5126953125,2.0703125,3.5830078125,0.027040472254157066,0.9729595184326172,True
5.2289.H,5.2289,H,Qual super herói sempre quer mais e mais? MuitoQuero Fantasma ,1,1,-2.263671875,2.673828125,4.9375,0.007121428847312927,0.9928786158561707,True
5.3794.N,5.3794,N,Que dia do ano todos fazem os mesmos movimentos na piscina? No ano novo.,0,0,1.484375,-1.3486328125,-2.8330078125,0.9444336295127869,0.05556633695960045,True
4.26.N,4.26,N,Tudo na vida muda . Até a paciência.,0,0,0.302490234375,-0.09466552734375,-0.39715576171875,0.5980041027069092,0.4019958972930908,True
5.4028.N,5.4028,N,Por que o piloto não gosta de passar no meio da nuvem com o avião? Porque ele tem medo.,0,0,2.302734375,-2.01171875,-4.314453125,0.9868026375770569,0.013197362422943115,True
5.3521.N,5.3521,N,"O que o cara gritava quando foi preso por 171? "" Mentira! """,0,0,2.111328125,-2.0703125,-4.181640625,0.9849563241004944,0.015043660998344421,True
5.3284.H,5.3284,H,Qual banda dá um toque dizendo que não tá bem? Opa tô fú!,1,1,-1.775390625,2.240234375,4.015625,0.017712298780679703,0.9822876453399658,True
5.1791.H,5.1791,H,Qual é o nome do motorista de transporte escolar que está sempre atrasado? Van delay,1,1,-2.025390625,2.5390625,4.564453125,0.010308208875358105,0.9896917939186096,True
5.2052.H,5.2052,H,Onde o peixe costumava dormir? Na ex cama ,1,1,-1.638671875,1.984375,3.623046875,0.026006784290075302,0.973993182182312,True
5.1505.N,5.1505,N,Como o elétron atende o telefone? Alô.,0,0,1.533203125,-1.5888671875,-3.1220703125,0.9577940106391907,0.04220600053668022,True
5.2747.H,5.2747,H,Qual o ator de Hollywood que não assume seus atos? Arnold Faz e nega,1,1,-1.1884765625,1.5751953125,2.763671875,0.0593191459774971,0.9406808614730835,True
5.1491.N,5.1491,N,Sabe qual é a música heavy metal de Chitãozinho e Xororó? Evidências.,0,0,1.4873046875,-1.4951171875,-2.982421875,0.9517735838890076,0.04822634160518646,True
4.150.N,4.150,N,Qual é a temperatura de um leão morto? 37º. Porque ele é um mamífero.,0,0,2.14453125,-2.0546875,-4.19921875,0.9852146506309509,0.014785408973693848,True
4.164.N,4.164,N,Como se faz cócegas a um bebê ? Gucci Gucci Gucci!,0,1,-0.74658203125,1.166015625,1.91259765625,0.12868930399417877,0.8713106513023376,False
5.1433.H,5.1433,H,Qual é o Pokémon que se você coloca no microondas vira pipoca? O Charmilho.,1,1,-1.125,1.5634765625,2.6884765625,0.0636567622423172,0.9363431930541992,True
4.554.N,4.554,N,O que acontece quando enfias um vibrador dentro de ti? Ele fica escondido.,0,0,1.1572265625,-1.083984375,-2.2412109375,0.9038897156715393,0.09611029177904129,True
5.579.H,5.579,H,O que o boi gosta de fazer perto do precipício? Ficar de boibeira.,1,1,-1.1171875,1.5234375,2.640625,0.06656918674707413,0.9334307909011841,True
5.3534.H,5.3534,H,Qual o eletrônico que já foi de outro planeta? Ex Marte Phone.,1,1,-2.091796875,2.58203125,4.673828125,0.009250096045434475,0.9907498955726624,True
5.1071.H,5.1071,H,Qual refrigerante predileto dos juízes? Coca Toga.,1,1,-2.029296875,2.521484375,4.55078125,0.01044862624257803,0.9895513653755188,True
5.714.H,5.714,H,Qual o cantor que cheira toda a cocaína que trouxeram? Seca pacotinho.,1,1,-2.22265625,2.673828125,4.896484375,0.007417380344122648,0.9925826787948608,True
5.363.H,5.363,H,"Qual o filme em que a mãe fica indignada quando chega em casa e vê que as crianças cagaram fora do vaso? ""O que é isso com o banheiro?""",1,0,1.4091796875,-1.193359375,-2.6025390625,0.9310247898101807,0.06897519528865814,False
5.757.H,5.757,H,Qual o maior chá do cinema mudo? Chá-plin.,1,1,-1.0859375,1.486328125,2.572265625,0.07094482332468033,0.9290551543235779,True
4.280.H,4.280,H,Qual é o animal mais religioso? É o Papa-formigas.,1,1,-0.67431640625,0.888671875,1.56298828125,0.1732182651758194,0.8267817497253418,True
5.1179.N,5.1179,N,"Por que as montagens da internet tem q ser postadas imediatamente, não podem ficar esperando? Porque ficam ultrapassadas.",0,0,1.13671875,-1.3037109375,-2.4404296875,0.9198587536811829,0.08014123141765594,True
4.596.H,4.596,H,"Sabias que um jogador de ténis, mesmo descalço, ainda é um jogador de ténis?",1,0,1.0595703125,-1.01171875,-2.0712890625,0.8880811929702759,0.1119188517332077,False
5.622.N,5.622,N,Qual é o estilo dramático favorito das plantas? Regue.,0,1,-1.7392578125,2.14453125,3.8837890625,0.02015801891684532,0.979841947555542,False
4.717.H,4.717,H,Qual é a profissão do Nélson Évora? Tripulante.,1,0,1.8876953125,-1.7197265625,-3.607421875,0.9735944867134094,0.026405520737171173,False
5.3176.N,5.3176,N,Qual personagem do Harry Potter fica a cada dia mais tosco e selvagem? Aragog.,0,0,0.8828125,-0.72216796875,-1.60498046875,0.8327133059501648,0.16728666424751282,True
5.1838.H,5.1838,H,"O que a mãe falou pro filho inconveniente na hora de sair? Ah menino, se troca!",1,1,-0.418701171875,0.78955078125,1.208251953125,0.2300104945898056,0.769989550113678,True
5.2871.N,5.2871,N,O que se come de manhã no trem? Pão,0,0,2.744140625,-2.1875,-4.931640625,0.9928370118141174,0.007162978406995535,True
5.1238.N,5.1238,N,Qual o time de basquete que sempre sabe o poder de luta do adversário? O mais preparado.,0,0,2.474609375,-2.353515625,-4.828125,0.992061972618103,0.007937993854284286,True
4.687.H,4.687,H,Qual é o prato preferido do Dalai Lama? Arroz de miúdos.,1,0,0.71533203125,-0.7021484375,-1.41748046875,0.8049431443214417,0.19505687057971954,False
5.1021.N,5.1021,N,Qual galaxia treina com nutricionista? A Andrômeda,0,1,-1.16796875,1.6064453125,2.7744140625,0.05872255191206932,0.9412774443626404,False
5.2193.N,5.2193,N,Qual é a bala favorita dos pedreiros? Trident,0,1,-0.233154296875,0.7763671875,1.009521484375,0.26707351207733154,0.7329265475273132,False
4.637.H,4.637,H,O que faz uma hortaliça surda? Finge couve.,1,1,-1.78125,2.12109375,3.90234375,0.019794778898358345,0.980205237865448,True
4.644.N,4.644,N,"Para quem não viu o filme ontem à noite, no fim o Edward fica com a Bella.",0,0,1.732421875,-1.494140625,-3.2265625,0.9618217349052429,0.03817827254533768,True
5.1336.N,5.1336,N,Por que um jogador de sinuca esfregou a bola com um pano? Para ela ficar limpa.,0,0,1.7431640625,-1.5576171875,-3.30078125,0.9644556045532227,0.035544395446777344,True
5.39.N,5.39,N,"Qual é o filme preferido dos pets? "" Como Cães e Gatos "".",0,0,0.412353515625,-0.4111328125,-0.823486328125,0.6949759125709534,0.305024117231369,True
5.1746.N,5.1746,N,"Qual é a cirurgia mais demorada no ser humano? A cirurgia de hemorróida, porque é feita ao longo do dia.",0,0,1.9501953125,-1.7529296875,-3.703125,0.9759464263916016,0.024053553119301796,True
5.3930.H,5.3930,H,Por que o Papai Noel faz questão de entrar pelo telhado das casas? É Charme né?,1,0,0.29638671875,-0.07904052734375,-0.37542724609375,0.5927697420120239,0.40723028779029846,False
4.646.H,4.646,H,Qual é a posição preferida dos relógios. De quartzo.,1,0,0.30810546875,-0.298828125,-0.60693359375,0.6472409963607788,0.3527590036392212,False
5.3962.N,5.3962,N,Qual passarinho grita muito? Arara.,0,0,2.677734375,-2.701171875,-5.37890625,0.9954082369804382,0.004591683857142925,True
5.3350.H,5.3350,H,"Por que o time do inferno ganhou o jogo contra o céu? ""Porque a gente atentamos o tempo todo e demo o melhor de si"".",1,0,0.1553955078125,0.14306640625,-0.0123291015625,0.5030822157859802,0.4969177544116974,False
4.509.H,4.509,H,Como é que o Batman e o Hulk nadam? De Bruces.,1,1,-1.12890625,1.4501953125,2.5791015625,0.07049557566642761,0.92950439453125,True
5.1503.H,5.1503,H,"O gaúcho não achava o seu carro no estacionamento. Qual o modelo do carro? Cadê, tche!",1,1,-1.2900390625,1.7109375,3.0009765625,0.047381769865751266,0.9526181817054749,True
5.962.H,5.962,H,Qual elefante da Disney usa fertilizante pra cuidar do solo? Adumbo.,1,1,-1.0205078125,1.5380859375,2.55859375,0.07185126841068268,0.9281486868858337,True
5.2665.H,5.2665,H,Quem é responsável pela locomoção dos pentelhos? Transporte púbico.,1,1,-1.037109375,1.3779296875,2.4150390625,0.08203305304050446,0.9179669618606567,True
5.1475.N,5.1475,N,Qual pico mais gelado que existe? O everest.,0,1,-1.73828125,2.326171875,4.064453125,0.01688246615231037,0.9831175804138184,False
5.2412.N,5.2412,N,Qual é o doce que luta artes marciais? O arroz doce,0,0,1.8359375,-1.611328125,-3.447265625,0.9691494703292847,0.03085050918161869,True
5.3443.N,5.3443,N,Qual atriz é um cereal? Jennifer.,0,0,0.57666015625,-0.333740234375,-0.910400390625,0.7130820751190186,0.28691789507865906,True
4.348.N,4.348,N,O que é que os bonecos de peluche costumam pôr no leite? Flocos.,0,0,0.62451171875,-0.7099609375,-1.33447265625,0.79157954454422,0.2084205001592636,True
4.589.H,4.589,H,O que acontece se o Pai Natal morrer? Ele não estará mais em trenós.,1,0,0.46923828125,-0.45458984375,-0.923828125,0.7158214449882507,0.2841784954071045,False
5.3054.N,5.3054,N,O que o apreciador de café disse ao experimentar um ótimo café? Magnífico!,0,0,2.564453125,-2.033203125,-4.59765625,0.9900250434875488,0.009974921122193336,True
5.1700.N,5.1700,N,"Como os cachorros chineses dizem "" oi ""? "" Ni hao "".",0,1,-0.89697265625,1.3173828125,2.21435546875,0.09846875816583633,0.9015312790870667,False
5.2291.N,5.2291,N,Qual é a grife de roupa chique pra acampar? Chanel,0,0,2.6328125,-2.033203125,-4.666015625,0.990678071975708,0.00932196993380785,True
4.274.N,4.274,N,Adoro o mel da minha avó . Gosto mesmo da velha.,0,0,0.1651611328125,-0.156982421875,-0.3221435546875,0.5798465609550476,0.42015340924263,True
4.636.H,4.636,H,O que acontece quando entornas o leite? Está ucal entornado.,1,1,-1.4130859375,1.8046875,3.2177734375,0.03850232809782028,0.9614977240562439,True
5.1232.N,5.1232,N,Qual jogo tem um negro matando geral? Sonic.,0,0,2.55078125,-2.466796875,-5.017578125,0.9934230446815491,0.006576998624950647,True
5.385.H,5.385,H,Qual gênero literário não pode ter filhos? Mistéril.,1,1,-1.740234375,2.275390625,4.015625,0.017712298780679703,0.9822876453399658,True
4.668.N,4.668,N,Qual é o automóvel que leva mais porcas? É o Nissan Micra.,0,1,-1.6552734375,2.185546875,3.8408203125,0.02102445438504219,0.9789754748344421,False
5.202.H,5.202,H,Por que o Sílvio Santos só entra em casa depois que a mulher dele o aplaude? Porque a porta só abre com reconhecimento de Íris.,1,1,-0.91259765625,1.2509765625,2.16357421875,0.10306955873966217,0.8969303965568542,True
4.192.N,4.192,N,Porque é que o exame de Neurologia é o mais fácil? Porque a matéria está toda na aula.,0,0,1.02734375,-1.0185546875,-2.0458984375,0.8855324983596802,0.11446747183799744,True
5.589.H,5.589,H,Qual é a fruta preferida do Neymar? A uva parça.,1,1,-1.3583984375,1.791015625,3.1494140625,0.04111437126994133,0.958885669708252,True
5.2653.H,5.2653,H,Qual cantora vive causando por aí? BaFafá de Belém.,1,1,-1.4453125,1.7373046875,3.1826171875,0.039825133979320526,0.9601748585700989,True
5.2197.H,5.2197,H,Porque o frango usava smoking? Porque era chicken no último ! ,1,1,-1.6845703125,2.119140625,3.8037109375,0.021801987662911415,0.9781979322433472,True
5.787.N,5.787,N,Qual deus grego é falso? Falsidades.,0,0,0.74609375,-0.71142578125,-1.45751953125,0.8111530542373657,0.18884700536727905,True
5.963.H,5.963,H,Qual chocolate tem gosto de cerveja? Sonho Devassa.,1,1,-2.03515625,2.50390625,4.5390625,0.01057048887014389,0.9894295334815979,True
5.1352.H,5.1352,H,Qual é a doença preferida dos pastores? Salmo nela.,1,1,-1.931640625,2.435546875,4.3671875,0.012527931481599808,0.9874721169471741,True
5.2518.N,5.2518,N,Qual personagem da literatura chupava tudo o que via? Dom Quixote.,0,0,2.28125,-1.859375,-4.140625,0.9843363761901855,0.015663649886846542,True
4.13.H,4.13,H,Por que é que os Cristãos não conseguem manter um relacionamento? Porque Deus mandou amar o próximo.,1,0,1.677734375,-1.4365234375,-3.1142578125,0.9574770927429199,0.04252294450998306,False
1.3.H,1.3,H,"Se um pato perde a pata, ele fica manco ou viúvo?",1,0,1.943359375,-1.70703125,-3.650390625,0.9746769666671753,0.025323059409856796,False
5.3716.H,5.3716,H,Qual instrumento leva os dentistas à morte? Scania de Açúcar ,1,1,-1.814453125,2.259765625,4.07421875,0.016721144318580627,0.9832789301872253,True
5.466.N,5.466,N,Por que o jardineiro não brigou com a planta? Porque ele sempre a entende.,0,0,1.314453125,-1.2470703125,-2.5615234375,0.9283438920974731,0.07165613770484924,True
5.2506.H,5.2506,H,Qual é o biscoito mais temido da mitologia? Cream Kraken.,1,1,-1.0302734375,1.3671875,2.3974609375,0.0833665132522583,0.9166334867477417,True
5.2522.N,5.2522,N,Qual é o animal que sempre escreve em caixa alta? Cavalo.,0,0,2.67578125,-2.552734375,-5.228515625,0.9946671724319458,0.005332885775715113,True
5.353.N,5.353,N,Qual a época em que o brasileiro foi mais perseguido? No Regime Militar.,0,0,2.92578125,-2.341796875,-5.267578125,0.9948704242706299,0.005129633937031031,True
5.577.H,5.577,H,O que o roqueiro disse quando o pagodeiro pediu para entrar na banda? Pode tirar o cavaquinho da chuva!,1,0,0.395751953125,-0.2310791015625,-0.6268310546875,0.6517705917358398,0.34822946786880493,False
5.1405.H,5.1405,H,Qual é o personagem da Marvel que usa rastafari? Dreadpool.,1,1,-1.6015625,1.9931640625,3.5947265625,0.02673386223614216,0.9732661247253418,True
5.2587.H,5.2587,H,O que impede nossos olhos de ver as coisas? Impecílios.,1,1,-0.53173828125,0.83203125,1.36376953125,0.2036283314228058,0.7963716387748718,True
4.547.N,4.547,N,Qual é a cerveja mais saborosa? É a Sagres.,0,1,0.10675048828125,0.3779296875,0.27117919921875,0.4326176345348358,0.5673823356628418,False
5.866.H,5.866,H,Qual a bebida favorita das ninfomaníacas? Caipirokas.,1,1,-0.93603515625,1.265625,2.20166015625,0.09960151463747025,0.9003985524177551,True
5.100.N,5.100,N,Qual a data mais importante do calendário grego? Dia de natal.,0,0,2.896484375,-2.2890625,-5.185546875,0.9944342970848083,0.005565723869949579,True
5.692.H,5.692,H,Como se chama o profissional que trabalha com plástico e não interage com ninguém? Autista Plástico.,1,1,-0.943359375,1.1484375,2.091796875,0.1098966896533966,0.8901033401489258,True
5.1967.N,5.1967,N,Que tipo de filme está sempre nas programações? Popular.,0,0,2.80078125,-2.900390625,-5.701171875,0.9966691136360168,0.0033309145364910364,True
5.2441.N,5.2441,N,Qual é o streaming que toca música? O Spotify.,0,0,2.798828125,-2.65625,-5.455078125,0.9957436919212341,0.004256349056959152,True
5.2968.N,5.2968,N,Lugar que vende CD de Heavy Metal? Posto Ipiranga.,0,0,2.404296875,-2.509765625,-4.9140625,0.9927109479904175,0.0072890776209533215,True
4.748.H,4.748,H,"Até vos contava uma piada sobre frangos, mas vocês não iam apanhar.",1,0,0.231689453125,-0.398193359375,-0.6298828125,0.6524628400802612,0.347537100315094,False
4.453.H,4.453,H,O que é que o Brad Pitt faz na grande área? Está à espera que o Tom Cruise.,1,1,-0.984375,1.25,2.234375,0.09670579433441162,0.9032942056655884,True
5.3309.H,5.3309,H,Qual operadora favorita do Silvio Santos? Ma Oi.,1,1,-1.841796875,2.2734375,4.115234375,0.016059979796409607,0.9839400053024292,True
5.38.H,5.38,H,Qual é o supermercado dos ETs? O WalMarte.,1,1,-0.55859375,0.96484375,1.5234375,0.17895591259002686,0.8210441470146179,True
5.3229.N,5.3229,N,Qual apresentador me dá tesão? Marcos Mion.,0,0,2.474609375,-2.62109375,-5.095703125,0.9939143061637878,0.006085737142711878,True
5.914.H,5.914,H,Qual é a cantora que tem medo de um animal específico? Marilia Medo da Onça.,1,1,-2.015625,2.53125,4.546875,0.010489091277122498,0.9895108342170715,True
5.2747.N,5.2747,N,Qual o ator de Hollywood que não assume seus atos? Arnold Schwarzenegger,0,0,1.8173828125,-1.439453125,-3.2568359375,0.9629179239273071,0.03708202391862869,True
4.554.H,4.554,H,O que acontece quando enfias um vibrador dentro de ti? Ele fica escondildo.,1,1,-1.091796875,1.2900390625,2.3818359375,0.0845683291554451,0.9154317378997803,True
5.981.H,5.981,H,Qual é o brinquedo que o pai proibiu o filho de usar? Carrinho de rola irmã.,1,1,-1.98046875,2.37890625,4.359375,0.012624949216842651,0.987375020980835,True
5.82.N,5.82,N,Qual é o adoçante preferido das vacas? Stevia.,0,1,0.0238189697265625,0.2890625,0.2652435302734375,0.43407517671585083,0.565924882888794,False
5.1782.H,5.1782,H,Em que período da história foi inventado o primeiro carro popular? No período Páliolítico.,1,1,-0.552734375,0.9267578125,1.4794921875,0.18550415337085724,0.814495861530304,True
4.702.N,4.702,N,O meu carro foi roubado . E o da Nelly também.,0,0,2.640625,-2.5390625,-5.1796875,0.994401752948761,0.005598248448222876,True
2.14.N,2.14,N,Por que o astronauta cometeu um homicídio no espaço e não foi preso? Porque foi um crime sem dolo.,0,0,2.43359375,-2.328125,-4.76171875,0.9915215969085693,0.00847840216010809,True
5.579.N,5.579,N,O que o boi gosta de fazer perto do precipício? Ficar olhando.,0,0,2.17578125,-1.8076171875,-3.9833984375,0.9817181825637817,0.01828179508447647,True
5.4023.H,5.4023,H,Por que o diabo comprou madeira? Porque queria infernizá-la.,1,0,1.0400390625,-0.978515625,-2.0185546875,0.8827314972877502,0.11726853251457214,False
5.3109.N,5.3109,N,Qual rap te provoca gases? RM do BTS.,0,1,-1.36328125,1.7294921875,3.0927734375,0.04340633004903793,0.9565936326980591,False
5.1238.H,5.1238,H,Qual o time de basquete que sempre sabe o poder de luta do adversário? Orlando Mede Ki.,1,1,-1.970703125,2.53515625,4.505859375,0.010923455469310284,0.9890764951705933,True
5.2213.N,5.2213,N,O que se deve dizer pro professor de geometria terraplanista? Vai pra cubo,0,1,-0.767578125,1.0830078125,1.8505859375,0.13580413162708282,0.8641958832740784,False
5.3740.H,5.3740,H,"O que o Galvão disse quando viu um cirurgião retirar um órgão do paciente? ""Eeergue o baço...""",1,1,-0.60888671875,0.83984375,1.44873046875,0.19019702076911926,0.8098029494285583,True
5.2052.N,5.2052,N,Onde o peixe costumava dormir? Na alga,0,1,-0.011383056640625,0.09210205078125,0.103485107421875,0.4741517901420593,0.5258482098579407,False
4.562.H,4.562,H,Em que estado se encontra o rio Mississipi? No estado líquido.,1,0,1.1884765625,-1.275390625,-2.4638671875,0.9215696454048157,0.07843036204576492,False
5.3440.H,5.3440,H,Qual o documento atesta a morte do cearense? Abestado de óbito.,1,1,-1.703125,2.20703125,3.91015625,0.019643759354948997,0.9803562164306641,True
5.419.N,5.419,N,Qual o país com a maior produção de cana-de-açúcar? O Brasil.,0,0,2.7890625,-2.3359375,-5.125,0.9940890073776245,0.005911069456487894,True
5.1285.H,5.1285,H,Qual a cidade favorita do comediante Mussão? Dê troite.,1,1,-1.8642578125,2.412109375,4.2763671875,0.01370266918092966,0.9862973690032959,True
5.3806.N,5.3806,N,Como chamam o cara que bate nos outros? Agressivo.,0,0,2.58203125,-2.880859375,-5.462890625,0.9957767128944397,0.004223365802317858,True
5.309.H,5.309,H,Por que a música portuguesa me encanta? Porque é um conto de fados.,1,0,1.97265625,-1.869140625,-3.841796875,0.9789956212043762,0.021004365757107735,False
5.1977.H,5.1977,H,Qual é o tipo de música que se canta pela bunda? Samba em rego ,1,1,-0.80126953125,1.2021484375,2.00341796875,0.11884453147649765,0.8811554908752441,True
5.2597.N,5.2597,N,Qual seria a profissão perfeita para o Tony Tornado? Promotor de festas.,0,0,1.8095703125,-1.76953125,-3.5791015625,0.9728566408157349,0.027143433690071106,True
4.161.H,4.161,H,Qual é o filme mais pornográfico de sempre? O Titanic. Foderam-se todos.,1,0,1.3134765625,-1.23828125,-2.5517578125,0.9276915192604065,0.0723084881901741,False
5.2638.N,5.2638,N,Quem é a pessoa que só escreve histórias sobre felinos depressivos? Maria Esther Maciel.,0,0,0.5732421875,-0.468505859375,-1.041748046875,0.7391871809959412,0.2608128786087036,True
5.3277.N,5.3277,N,Qual cantor registrava a entrada de ets? Orlando Moraes.,0,0,0.49169921875,-0.3505859375,-0.84228515625,0.6989462971687317,0.3010537326335907,True
5.3224.H,5.3224,H,Qual comediante comentou sobre a Páscoa em seu texto? Hassumcitou.,1,1,-1.619140625,2.189453125,3.80859375,0.02169809490442276,0.9783018827438354,True
5.648.N,5.648,N,Qual é o medicamento mais usado pelas prostitutas? O PREP.,0,1,-1.0478515625,1.330078125,2.3779296875,0.08487121760845184,0.9151287078857422,False
4.176.N,4.176,N,"Há um bocado vi um incêndio numa pastelaria . A maioria das pessoas saiu com calma, mas os gordos foi o panico.",0,1,-0.5595703125,0.71923828125,1.27880859375,0.2177530974149704,0.7822469472885132,False
5.2274.H,5.2274,H,Qual é o doce usado em baterias de celular? O pirulithium.,1,0,0.465576171875,-0.429931640625,-0.8955078125,0.7100254893302917,0.28997451066970825,False
4.359.H,4.359,H,O meu cão e o meu gato fazem anos hoje. Quando os vi eu disse: Cãogatolations!,1,1,-1.455078125,1.8271484375,3.2822265625,0.03618597984313965,0.9638139605522156,True
5.1791.N,5.1791,N,Sabe por que a Gisele Bündchen só anda com roupa amassada? Porque ela cansou de desfilar.,0,0,1.4619140625,-1.3525390625,-2.814453125,0.9434518814086914,0.056548137217760086,True
5.3054.H,5.3054,H,O que o apreciador de café disse ao experimentar um ótimo café? Expressonante!,1,0,0.6259765625,-0.2279052734375,-0.8538818359375,0.7013808488845825,0.29861918091773987,False
5.33.N,5.33,N,Qual super herói tem tudo para a sua construção? Ricardo Eletro.,0,1,-1.77734375,2.236328125,4.013671875,0.01774631254374981,0.9822537302970886,False
4.655.H,4.655,H,Hoje a São acordou toda molhada. O que aconteceu? Inunda São.,1,1,-1.875,2.359375,4.234375,0.014281933195888996,0.9857181310653687,True
5.787.H,5.787,H,Qual deus grego é falso? Pseudon.,1,0,0.82470703125,-0.78271484375,-1.607421875,0.8330531716346741,0.1669468730688095,False
5.2203.N,5.2203,N,Qual é o documento que não deixa claro quando a pessoa nasceu? Carteira de motorista.,0,0,3.060546875,-2.798828125,-5.859375,0.9971550703048706,0.0028449094388633966,True
5.2064.H,5.2064,H,Em qual história os protagonistas nunca são picados à noite? Os Três Mosquiteiros ,1,1,-1.1962890625,1.3095703125,2.505859375,0.0754484310746193,0.9245515465736389,True
5.1153.N,5.1153,N,Que sobremesa é feita com queijo de vegetarianos? Cheesefake!,0,0,1.267578125,-1.0546875,-2.322265625,0.9107043743133545,0.0892956405878067,True
2.19.H,2.19,H,Todos morrem uma só vez. A Alanis Morrissette.,1,1,-1.3056640625,1.70703125,3.0126953125,0.0468556247651577,0.9531443119049072,True
5.1132.H,5.1132,H,Por que a bichinha sempre ficava feliz na joalheria? Porque ela dizia vi vara.,1,1,-1.556640625,1.8916015625,3.4482421875,0.03082132525742054,0.9691786766052246,True
4.114.H,4.114,H,Um chinês está a descrever o que costuma comer ao almoço. Qual é o filme? Como cães e gatos.,1,1,-0.0267333984375,0.0780029296875,0.104736328125,0.47383981943130493,0.5261601805686951,True
4.645.H,4.645,H,"Se um dia te oferecerem uns óculos sem lentes, tem cuidado! Pode ser armação.",1,0,1.1171875,-0.9130859375,-2.0302734375,0.8839391469955444,0.11606085300445557,False
5.1934.N,5.1934,N,Qual cantor adora poker? Bob Marley ..,0,0,2.13671875,-2.46484375,-4.6015625,0.9900636076927185,0.009936419315636158,True
5.3842.N,5.3842,N,Qual carro também é um brinquedo? Gol.,0,0,2.6171875,-2.794921875,-5.412109375,0.9955576062202454,0.004442394711077213,True
5.1352.N,5.1352,N,Qual é a doença preferida dos pastores?.,0,0,2.28125,-2.7265625,-5.0078125,0.9933589100837708,0.006641112733632326,True
5.1901.N,5.1901,N,Qual dupla usa roupa de padre? Sarcedote e Vigário.,0,1,-1.4599609375,1.939453125,3.3994140625,0.03231378272175789,0.9676862359046936,False
5.4035.H,5.4035,H,"Por que o nariz, às vezes, sente cheiro de arrogância? Por causa da humildade relativa do ar.",1,1,-1.0234375,1.2099609375,2.2333984375,0.09679113328456879,0.90320885181427,True
5.3644.N,5.3644,N,Qual é o artista brasileiro que tem mãos enormes? Alexandre Pires.,0,0,2.861328125,-2.486328125,-5.34765625,0.9952632188796997,0.004736748989671469,True
4.602.H,4.602,H,"Qual é o melhor remédio para um bêbado parar de beber? É um ""para, ce ta mal"".",1,1,-1.3955078125,1.828125,3.2236328125,0.0382859967648983,0.961713969707489,True
5.3986.H,5.3986,H,Por que o bebê demorou muito pra nascer? Porque é Uma ternidade.,1,1,-0.381103515625,0.59765625,0.978759765625,0.2731379568576813,0.7268620729446411,True
5.2566.N,5.2566,N,"Sabe qual a fruta que fica putaça, reclama e vai embora? Jabuticaba.",0,0,1.8232421875,-1.6201171875,-3.443359375,0.9690324664115906,0.03096751682460308,True
5.1904.H,5.1904,H,Qual é o salgado mais odiado na hora do sexo? Empada foda ,1,1,-2.07421875,2.5546875,4.62890625,0.009670993313193321,0.9903290271759033,True
5.523.H,5.523,H,Qual grupo terrorista idolatra a Gretchen? REBOLAH.,1,1,-1.232421875,1.6787109375,2.9111328125,0.051605962216854095,0.9483940601348877,True
4.615.H,4.615,H,"A eletricidade está tão cara, tão cara, que a EDP decidiu mudar o nome para Luz Vuitton.",1,1,-0.451171875,0.75341796875,1.20458984375,0.23065973818302155,0.7693402767181396,True
5.2587.N,5.2587,N,O que impede nossos olhos de ver as coisas? As pálpebras.,0,0,0.69091796875,-0.71923828125,-1.41015625,0.8037906289100647,0.19620943069458008,True
4.502.H,4.502,H,"Segui as instruções na embalagem da lasanha que dizia para colocar o forno a 180 graus. Agora como é que eu abro a porta, se o forno está virado para a parede?",1,0,1.2763671875,-1.076171875,-2.3525390625,0.913135826587677,0.0868641585111618,False
5.3926.H,5.3926,H,Como chama o animal mais mau caráter? Pilontra.,1,0,0.86328125,-0.72998046875,-1.59326171875,0.8310744762420654,0.16892549395561218,False
5.242.H,5.242,H,Em qual programa um papagaio ficou satisfeito em investir em sua nova plumagem? Vale a Pena um Verde Novo.,1,1,-0.89013671875,1.2216796875,2.11181640625,0.10795362293720245,0.8920463919639587,True
5.2512.H,5.2512,H,Por que ninguém na Terra consegue entender a língua nativa do Super-Homem? Porque é enkriptongrafada.,1,1,-1.0185546875,1.357421875,2.3759765625,0.08502304553985596,0.9149770140647888,True
5.3229.H,5.3229,H,Qual apresentador me dá tesão? Otávio MeExcita.,1,1,-1.7197265625,2.119140625,3.8388671875,0.021064694970846176,0.9789353013038635,True
5.1384.H,5.1384,H,Sabe por que meus vizinhos são os melhores? Porque eles estão sempre ao meu lado.,1,0,1.2470703125,-1.13671875,-2.3837890625,0.9155827760696411,0.08441724628210068,False
4.67.N,4.67,N,Porque é que as galinhas não gostam de ralis? Porque não vêem nada com o pó.,0,1,-0.5732421875,0.6669921875,1.240234375,0.22439520061016083,0.775604784488678,False
5.2741.H,5.2741,H,Tipo de filme preferido dos chefes de cozinha Filme Fornô,1,0,1.2109375,-0.99658203125,-2.20751953125,0.9009227752685547,0.0990772619843483,False
5.4100.H,5.4100,H,Qual a raça de cachorro que se manda calar a boca? Shiu au au.,1,1,-0.82666015625,1.259765625,2.08642578125,0.11042317748069763,0.88957679271698,True
5.442.H,5.442,H,Qual o salgadinho favorito dos torcedores do Flamengo? Baconzico.,1,1,-0.01378631591796875,0.331787109375,0.34557342529296875,0.41445624828338623,0.5855438113212585,True
5.1901.H,5.1901,H,Que cantora só transa a 3? Nicky Menage ,1,1,-1.798828125,2.34375,4.142578125,0.015633562579751015,0.9843664169311523,True
5.314.H,5.314,H,Sabem qual árvore não fica quieta? O ipê ativo.,1,1,-0.8798828125,1.1396484375,2.01953125,0.11716748028993607,0.8828325867652893,True
5.1717.H,5.1717,H,Qual o nome que a Shakira usa pra “fazer amor”? Waka Waka na Butchaca. ,1,1,-1.1396484375,1.48046875,2.6201171875,0.0678548812866211,0.9321451187133789,True
5.2271.H,5.2271,H,Qual eletrônico se contenta em ser passivo na relação sexual? Dá tá show,1,1,-1.216796875,1.556640625,2.7734375,0.058776553720235825,0.9412234425544739,True
4.566.H,4.566,H,Porque é que os ladrões praticam boxe? Porque há um assalto a cada 3 minutos.,1,0,1.3017578125,-1.2646484375,-2.56640625,0.9286680221557617,0.07133200019598007,False
5.962.N,5.962,N,Qual elefante da Disney usa fertilizante pra cuidar do solo? Coronel Hathi.,0,1,-1.1357421875,1.591796875,2.7275390625,0.06136776879429817,0.9386322498321533,False
4.551.N,4.551,N,Um iogurte fora de prazo mata uma família inteira . Qual é o filme? Iogurte Envenenado.,0,0,0.4521484375,-0.204833984375,-0.656982421875,0.6585822105407715,0.3414177894592285,True
5.1534.N,5.1534,N,Qual o aplicativo de mensagens mais usado em Minas Gerais? O Telegram.,0,0,3.142578125,-2.689453125,-5.83203125,0.9970765113830566,0.002923542633652687,True
5.3202.H,5.3202,H,Qual peixe cai melhor no almoço da sexta-feira santa? A-tum.,1,1,-1.62109375,2.15234375,3.7734375,0.022457053884863853,0.9775429368019104,True
5.2849.H,5.2849,H,Apresentadora que dorme muito? Fátima Hibernardes ,1,1,-2.0625,2.609375,4.671875,0.009268013760447502,0.9907320141792297,True
5.3416.N,5.3416,N,Qual o programa que só passa excepcionalmente? Sessão da Tarde.,0,0,1.8134765625,-1.6630859375,-3.4765625,0.9700134992599487,0.029986508190631866,True
4.180.H,4.180,H,Comi um iogurte e vomitei a seguir. Devia ser iogurte grego.,1,0,1.48828125,-1.232421875,-2.720703125,0.9382373094558716,0.06176271289587021,False
5.2336.N,5.2336,N,Qual brasileiro tem uma estatura baixíssima? Philippe Curtinho.,0,1,-1.9814453125,2.41015625,4.3916015625,0.012229474261403084,0.9877705574035645,False
4.299.N,4.299,N,A Ester e o Paulo tiveram um filho . Pode-se dizer que o filho deles é 100% filho deles.,0,0,1.673828125,-1.744140625,-3.41796875,0.9682613611221313,0.03173859044909477,True
5.1276.N,5.1276,N,Qual menina sempre bota pilha nos outros pra sair? A Maria.,0,0,2.46484375,-2.302734375,-4.767578125,0.9915707111358643,0.008429287001490593,True
5.2261.N,5.2261,N,Qual o filme que o matemático mais tem medo? 50 Tons de Cinza,0,0,1.6005859375,-1.3583984375,-2.958984375,0.9506864547729492,0.04931360483169556,True
4.144.H,4.144,H,Porque é que as moedas não podem ter relações? Porque são cunhadas.,1,1,-1.1630859375,1.509765625,2.6728515625,0.06459445506334305,0.9354054927825928,True
5.1515.N,5.1515,N,Qual super herói que tem fetiche com a própria mãe? Deadpool.,0,0,2.11328125,-1.8779296875,-3.9912109375,0.9818578958511353,0.018142106011509895,True
5.502.N,5.502,N,Quais plantas só usam sapatos baixos? Nenhuma.,0,0,2.19921875,-2.16015625,-4.359375,0.987375020980835,0.012624949216842651,True
5.3002.N,5.3002,N,Qual personagem da Disney já morou em Hogwarts? Mickey.,0,0,2.7421875,-2.298828125,-5.041015625,0.993574321269989,0.006425620522350073,True
4.235.H,4.235,H,"Era uma vez um homem tão pequeno, tão pequeno, que em vez de praticar natação, praticava na tacinha.",1,1,-0.0296630859375,0.284912109375,0.3145751953125,0.42199835181236267,0.5780016183853149,True
4.500.N,4.500,N,Porque é que o João Silva tem Instagram mas não tem Facebook? Porque ele prefere ter seguidores em vez de amigos.,0,0,2.220703125,-1.9443359375,-4.1650390625,0.984708309173584,0.015291642397642136,True
4.20.H,4.20,H,Adoro mulheres com sardas. Têm centenas de pontos a seu favor.,1,0,0.49072265625,-0.5771484375,-1.06787109375,0.7441918849945068,0.25580814480781555,False
4.749.N,4.749,N,Por que é que o rufia bateu no sem-abrigo? Porque o rufia é uma pessoa muito maldosa.,0,0,0.8203125,-0.7919921875,-1.6123046875,0.8337311148643494,0.16626887023448944,True
4.453.N,4.453,N,O que é que o Brad Pitt faz na grande cidade? Está à espera do Tom Cruise.,0,0,0.31201171875,-0.432373046875,-0.744384765625,0.6779538989067078,0.32204607129096985,True
5.4060.H,5.4060,H,Qual autor bebia para escrever? Ferreira Golar.,1,1,-2.109375,2.68359375,4.79296875,0.00821969285607338,0.9917803406715393,True
5.160.H,5.160,H,O que o italiano disse quando entrou na pirâmide? Mummia mia!,1,1,-0.74658203125,1.31640625,2.06298828125,0.11274655908346176,0.88725346326828,True
5.2871.H,5.2871,H,O que se come de manhã no trem? Sutrilhos,1,0,0.68408203125,-0.428466796875,-1.112548828125,0.7526039481163025,0.24739599227905273,False
5.830.N,5.830,N,Qual a escola de inglês dos nordestinos? CCAA.,0,0,0.90234375,-0.79248046875,-1.69482421875,0.8448575139045715,0.15514244139194489,True
5.1109.H,5.1109,H,Qual filósofo gostaria de ser um Cavaleiro do Zodíaco? Áriestóteles,1,1,-2.142578125,2.6015625,4.744140625,0.008627457544207573,0.9913725852966309,True
5.504.N,5.504,N,Vi na internet um par de óculos e quando fui na loja comprar ele estava mais caro . Sabe o que foi? Foi uma promoção esgotada.,0,0,1.5224609375,-1.205078125,-2.7275390625,0.9386322498321533,0.06136776879429817,True
5.1690.N,5.1690,N,Qual o jogo favorito de um ator famoso de Hollywood? O Fortnite? LOL!,0,1,-1.41015625,1.935546875,3.345703125,0.03403615206480026,0.9659639000892639,False
5.670.N,5.670,N,Qual é a música em que o sobrinho do Michael Jackson nos convida a assistir a um moonwalk feito pelos Jackson Five? Tears In Heaven!,0,0,1.1630859375,-0.99853515625,-2.16162109375,0.89674973487854,0.10325026512145996,True
5.2983.H,5.2983,H,Qual a série mais peluda? Game of Tony.,1,1,-0.5947265625,0.916015625,1.5107421875,0.18082883954048157,0.8191711902618408,True
5.981.N,5.981,N,Qual é o brinquedo que o pai proibiu o filho de usar? Carrinho de fricção.,0,0,0.080810546875,-0.0173492431640625,-0.0981597900390625,0.5245202779769897,0.47547972202301025,True
5.2254.N,5.2254,N,Qual é a banda famosa dos gauchos? Tri Bah listas,0,1,-1.4677734375,1.9130859375,3.380859375,0.03289904072880745,0.967100977897644,False
5.3004.N,5.3004,N,Qual refeição que volta mais rápido do que vai? Almoço.,0,0,2.310546875,-1.912109375,-4.22265625,0.9855521321296692,0.014447852969169617,True
4.274.H,4.274,H,Adoro o mel da minha avó. Gosto mesmo d'abelha.,1,1,-0.6826171875,0.88720703125,1.56982421875,0.1722414493560791,0.8277585506439209,True
5.1495.H,5.1495,H,Qual o herói favorito de Deus? Clark Crente.,1,1,-2.162109375,2.65234375,4.814453125,0.008046386763453484,0.9919535517692566,True
5.1282.N,5.1282,N,Qual castanha sempre interpreta personagens maus? Do pará.,0,1,-1.166015625,1.443359375,2.609375,0.06853749603033066,0.9314625263214111,False
5.3944.N,5.3944,N,Por que o cara resolveu dormir no bueiro? Porque ele tava bêbado.,0,0,2.4296875,-2.1328125,-4.5625,0.9896718263626099,0.01032815221697092,True
5.1205.H,5.1205,H,Por que o pessoal do Nordeste se orgulha do GPS?  Porque ele fala: Você chegou Nor Destino.,1,0,1.0732421875,-0.76953125,-1.8427734375,0.8632764220237732,0.1367236226797104,False
5.72.N,5.72,N,Qual é a roupa mais inapropriada para usar num avião? Biquíni.,0,0,2.654296875,-2.240234375,-4.89453125,0.9925682544708252,0.007431773468852043,True
4.455.H,4.455,H,"""Arroz"" é masculino ou feminino? Depende se o arroz é de tomate ou arroz de grelos.",1,1,-0.211669921875,0.396484375,0.608154296875,0.35248032212257385,0.6475196480751038,True
5.3473.N,5.3473,N,O que faxineiro fazia na casa do Mussolini? Passava pano na casa.,0,0,0.93212890625,-0.9072265625,-1.83935546875,0.8628724813461304,0.13712754845619202,True
5.412.H,5.412,H,Qual o filme que conta a história de um cavalo de brinquedo? O Pocotoy story,1,1,-1.9169921875,2.3359375,4.2529296875,0.014023061841726303,0.9859769344329834,True
5.1653.N,5.1653,N,Qual é o cachorro manobrista? O Billy.,0,0,2.17578125,-2.193359375,-4.369140625,0.9874961376190186,0.012503791600465775,True
5.896.N,5.896,N,Para onde se leva um cachorro desobediente? Para o adestramento.,0,0,2.076171875,-1.955078125,-4.03125,0.982557475566864,0.017442483454942703,True
4.705.H,4.705,H,Por que é que os peixes vão à praia? Para ficarem douradinhos.,1,0,1.255859375,-1.2978515625,-2.5537109375,0.927822470664978,0.07217757403850555,False
5.227.H,5.227,H,Qual é o mestre especializado em golpes com giro? Mestre Spinner.,1,1,-1.419921875,1.7958984375,3.2158203125,0.0385746993124485,0.9614253044128418,True
5.1062.N,5.1062,N,Qual a resposta da nota musical contente? Si Feliz.,0,1,-1.7861328125,2.380859375,4.1669921875,0.015262262895703316,0.9847378134727478,False
5.3907.H,5.3907,H,Por que quem não tem relógio não se preocupa em sair com roupa amassada? Porque a hora passa.,1,0,1.466796875,-1.2841796875,-2.7509765625,0.9399685263633728,0.06003152206540108,False
5.1643.N,5.1643,N,Qual é a série que se passa no norte do país? 3%.,0,0,1.7861328125,-1.7041015625,-3.490234375,0.9704086184501648,0.02959137223660946,True
5.2517.N,5.2517,N,Qual herói da literatura atirava em patos? Sancho Panza.,0,1,-1.0771484375,1.4697265625,2.546875,0.07263670116662979,0.9273633360862732,False
5.122.H,5.122,H,Como chama a cerveja que você só toma de 2 em 2 anos? Beer nal.,1,1,-1.51953125,2.0390625,3.55859375,0.027690257877111435,0.9723097085952759,True
5.1153.H,5.1153,H,Que sobremesa é feita com queijo de soja? Cheesefake!,1,0,2.1484375,-1.765625,-3.9140625,0.9804313778877258,0.01956867426633835,False
4.342.N,4.342,N,Qual é o contrário de nu? Vestido.,0,0,2.896484375,-2.48828125,-5.384765625,0.9954350590705872,0.00456498097628355,True
5.3262.N,5.3262,N,Por que todo corno alcança seus objetivos? Por causa da lei da gravidade.,0,0,0.445068359375,-0.334716796875,-0.77978515625,0.6856337785720825,0.3143661916255951,True
5.2302.N,5.2302,N,Por que uma parede ficou decepcionada com a outra? Porque ela era quebrada.,0,0,1.0078125,-0.92333984375,-1.93115234375,0.8733769059181213,0.12662309408187866,True
5.2693.H,5.2693,H,"Por que o artigo, o substantivo e o adjetivo nunca discutiam? Porque estavam sempre em concordância.",1,0,1.2197265625,-1.095703125,-2.3154296875,0.9101468920707703,0.08985311537981033,False
4.405.N,4.405,N,Porque é que o bode está à porta da quinta? Está à espera que abra.,0,0,0.272216796875,-0.1634521484375,-0.4356689453125,0.607226550579071,0.39277344942092896,True
5.1653.H,5.1653,H,Qual é o cachorro manobrista? O RotValet.,1,1,-2.146484375,2.623046875,4.76953125,0.008412977680563927,0.9915870428085327,True
5.2858.N,5.2858,N,Pq o rapaz demorou muito para receber alta do hospital mas não reclamava? Porque era resignado,0,0,1.431640625,-1.2119140625,-2.6435546875,0.933612585067749,0.0663873702287674,True
4.145.N,4.145,N,"O que significa "" confraternizar ""? Ir a algum lado com vários índios.",0,0,1.5849609375,-1.5478515625,-3.1328125,0.9582260847091675,0.04177388176321983,True
4.21.H,4.21,H,Um turista asiático entra numa padaria. - Jápão?,1,1,-0.60693359375,1.09765625,1.70458984375,0.1538667380809784,0.8461332321166992,True
5.603.N,5.603,N,Qual é atriz que está sempre com uma coceirinha no pé? Mariana Ximenes.,0,0,2.474609375,-2.1796875,-4.654296875,0.9905691146850586,0.00943081732839346,True
4.468.N,4.468,N,Quando peço molhos o ketchup vem logo com a mostarda.,0,0,0.7724609375,-0.71240234375,-1.48486328125,0.8153060674667358,0.18469396233558655,True
5.187.H,5.187,H,Por que o Mario perdeu o processo para o Sonic? Porque a justiça é Sega.,1,1,-1.126953125,1.5751953125,2.7021484375,0.06284669786691666,0.9371532797813416,True
5.2983.N,5.2983,N,Qual a série mais peluda? Game of Thrones.,0,0,1.634765625,-1.3134765625,-2.9482421875,0.9501802921295166,0.04981965199112892,True
5.2403.N,5.2403,N,Qual o torresmo que nunca está de bem com a vida? O Torresmo frito,0,0,1.1376953125,-0.806640625,-1.9443359375,0.8748276829719543,0.12517228722572327,True
5.2248.N,5.2248,N,Por que Sherlock Holmes foi até à corrida de Formula 1? Pra ir atrás de uma testemunha,0,0,1.8720703125,-1.544921875,-3.4169921875,0.9682314395904541,0.031768616288900375,True
5.1735.N,5.1735,N,Qual é o nome da família que é o resultado de uma noite de amor entre pessoas mórbidas? Familia Addams.,0,1,-1.4384765625,1.9052734375,3.34375,0.034100428223609924,0.9658995866775513,False
5.1107.H,5.1107,H,Qual filósofo precisa de um exorcismo? O Demócrito.,1,1,-0.71337890625,0.97021484375,1.68359375,0.15662017464637756,0.8433797955513,True
5.3277.H,5.3277,H,Qual cantor registrava a entrada de ets? Ovinicius de Moraes.,1,1,-0.45654296875,0.80615234375,1.2626953125,0.22051025927066803,0.7794896960258484,True
5.419.H,5.419,H,Qual o país com a maior produção de cana-de-açúcar? O Cana-dá.,1,1,-2.203125,2.783203125,4.986328125,0.006784358061850071,0.9932156205177307,True
5.504.H,5.504,H,Vi na internet um par de óculos e quando fui na loja comprar ele estava mais caro. Sabe o que foi? Foi uma ilusão de ótica.,1,0,1.244140625,-0.91064453125,-2.15478515625,0.8961151242256165,0.10388490557670593,False
5.523.N,5.523,N,Qual grupo terrorista idolatra a sharia? ISIS.,0,0,1.0830078125,-1.1943359375,-2.27734375,0.9069831967353821,0.09301679581403732,True
4.509.N,4.509,N,Como é que o Batman e o Hulk nadam? De costas.,0,0,1.3154296875,-1.2978515625,-2.61328125,0.9317114353179932,0.06828853487968445,True
5.2665.N,5.2665,N,Quem é responsável pela locomoção dos cidadãos? Transporte público.,0,0,3.404296875,-2.875,-6.279296875,0.9981288313865662,0.0018712104065343738,True
5.1315.N,5.1315,N,Por que o jogador quando faz uma falta sempre levanta os braços para cima? Por força do hábito.,0,0,2.25390625,-2.109375,-4.36328125,0.9874235987663269,0.012576347216963768,True
5.3443.H,5.3443,H,Qual atriz é um cereal? Jennifer é Neston.,1,1,-1.4365234375,1.86328125,3.2998046875,0.035577889531850815,0.9644221067428589,True
4.265.H,4.265,H,Onde é que o mosquito faz as suas orações? Na mosquita.,1,1,-0.7978515625,1.064453125,1.8623046875,0.13443465530872345,0.865565299987793,True
5.1922.H,5.1922,H,Por que todo diplomata vencedor quase não vai ao médico? Porque win baixa a dor ,1,1,-1.6748046875,2.087890625,3.7626953125,0.022694086655974388,0.9773059487342834,True
4.96.N,4.96,N,Que nome se dá a um cacto engraçado? Cacti.,0,0,2.427734375,-2.240234375,-4.66796875,0.9906960725784302,0.009303949773311615,True
5.3577.N,5.3577,N,Qual doença comum entre os viciados em vídeos? Youtuberculose.,0,1,-0.43212890625,0.6650390625,1.09716796875,0.25027090311050415,0.7497290968894958,False
5.1132.N,5.1132,N,Por que a compradora sempre ficava feliz na joalheria? Porque ela ai na vivara.,0,1,-1.6083984375,2.025390625,3.6337890625,0.025736059993505478,0.9742639064788818,False
5.2420.H,5.2420,H,Qual é a revista favorita dos pintores? Toda Teenta.,1,1,-1.9892578125,2.44140625,4.4306640625,0.011766481213271618,0.9882334470748901,True
5.3262.H,5.3262,H,Por que todo corno alcança seus objetivos? Por causa da lei da traição.,1,0,0.1544189453125,-0.103759765625,-0.2581787109375,0.564188539981842,0.43581146001815796,False
4.91.H,4.91,H,O que diz uma aranha carente? Arac-need-you!,1,1,-1.5791015625,2.060546875,3.6396484375,0.025589553639292717,0.9744104743003845,True
5.3639.H,5.3639,H,"Qual poção você toma e desapega, desapega? O elixir.",1,0,0.86083984375,-0.8330078125,-1.69384765625,0.844729483127594,0.1552705019712448,False
5.2849.N,5.2849,N,Apresentadora que dorme muito? Fátima Bernardes,0,0,3.015625,-2.93359375,-5.94921875,0.9973989725112915,0.0026010938454419374,True
4.279.N,4.279,N,Hoje preguei um susto a um grupo de tartarugas . Ficaram todos assustados.,0,0,1.8564453125,-1.7275390625,-3.583984375,0.9729852676391602,0.02701479196548462,True
5.577.N,5.577,N,O que o roqueiro disse quando o pagodeiro pediu para entrar na banda? Pode tirar o cavalinho da chuva!,0,0,0.67578125,-0.5009765625,-1.1767578125,0.7643643021583557,0.23563562333583832,True
5.476.H,5.476,H,"Por que a Pepsi é inteligente e a Coca burra? Porque a Pepsi estuda e a Coca, cola.",1,1,-0.4912109375,0.7578125,1.2490234375,0.22286923229694366,0.7771308422088623,True
4.320.H,4.320,H,Porque é que a equipa de futebol tem saudades do jogador que foi expulso? Porque é o que faz mais falta.,1,0,0.77099609375,-0.77099609375,-1.5419921875,0.8237541317939758,0.17624585330486298,False
5.3128.N,5.3128,N,Celular que só funciona em praia de nudismo? Nokia.,0,0,2.376953125,-1.8671875,-4.244140625,0.9858549237251282,0.014145104214549065,True
5.808.N,5.808,N,Por que o caminhão só andava com as rodas de trás? Porque ele gostava de empinar.,0,0,0.98486328125,-0.90087890625,-1.8857421875,0.8682692646980286,0.13173069059848785,True
5.771.N,5.771,N,Por que a ideia ficou cansada depois da reforma? Porque perdeu o acento.,0,1,-0.2291259765625,0.45361328125,0.6827392578125,0.33565017580986023,0.6643497943878174,False
5.2210.N,5.2210,N,Qual é o filme dirigido por Jordan Peele e Sérgio Mallandro? ET!,0,0,1.9365234375,-1.6962890625,-3.6328125,0.9742394685745239,0.025760559365153313,True
5.517.N,5.517,N,Por que quem tem os dois pés chatos vai para a Hanna Barbera? Pra ficar com o Jetsons.,0,1,-0.802734375,0.95263671875,1.75537109375,0.14737103879451752,0.8526289463043213,False
4.61.N,4.61,N,Uma mulher manda-se dum prédio e acerta num homem que ia a passar . Qual é o filme? Vertigo.,0,0,0.83984375,-0.7587890625,-1.5986328125,0.8318272233009338,0.16817279160022736,True
5.563.N,5.563,N,Porque o Karl Marx ficou irritado quando atendeu o telefone? Era um golpe.,0,0,1.48046875,-1.328125,-2.80859375,0.9431384205818176,0.056861549615859985,True
5.1851.N,5.1851,N,O que a pessoa cheia de fé passa quando tem um machucado? Spray.,0,0,1.615234375,-1.5263671875,-3.1416015625,0.9585765600204468,0.041423480957746506,True
5.795.N,5.795,N,Qual é o cachorro mais depressivo que existe? É o deprimido.,0,0,1.3984375,-1.443359375,-2.841796875,0.9448931217193604,0.05510690063238144,True
5.867.H,5.867,H,Qual a bebida preferida dos caminhoneiros? Velho Barreira.,1,1,-1.8466796875,2.34765625,4.1943359375,0.014856701716780663,0.98514324426651,True
5.3748.N,5.3748,N,Qual o nome do ator que não faz nada além da obrigação? Rodrigo Santoro,0,0,2.734375,-2.302734375,-5.037109375,0.9935494065284729,0.006450607907027006,True
2.2.N,2.2,N,Quem há de nos salvar da hipotenusa? O Batman.,0,0,0.26904296875,-0.251953125,-0.52099609375,0.6273806691169739,0.3726193606853485,True
5.2253.H,5.2253,H,Doce preferido dos gatos quando estão no cio? Clit cat ,1,1,-1.130859375,1.5986328125,2.7294921875,0.06125536188483238,0.9387446641921997,True
5.2595.N,5.2595,N,Qual animal que gosta muito de você? Cachorro.,0,0,3.197265625,-2.98046875,-6.177734375,0.9979292154312134,0.002070826943963766,True
5.2212.N,5.2212,N,"Qual é o filme do número primo, estrelado pela Emma Watson? A Bela e a Fera.",0,0,0.470703125,-0.292724609375,-0.763427734375,0.6820974946022034,0.317902535200119,True
5.54.H,5.54,H,Qual é o personagem histórico que fui eu que indiquei? Pero Vaz de indica minha.,1,1,-1.755859375,2.203125,3.958984375,0.018725162371993065,0.9812749028205872,True
5.679.N,5.679,N,Qual é a atriz mais fria da Globo? Nenhuma.,0,0,2.458984375,-2.1875,-4.646484375,0.9904959201812744,0.00950408261269331,True
5.1570.N,5.1570,N,"Uma pessoa com o apelido Lu, foi para a padaria com suas duas irmãs Ana . Qual o nome da pessoa? Luciana",0,0,1.32421875,-1.1171875,-2.44140625,0.9199306964874268,0.08006926625967026,True
5.1071.N,5.1071,N,Qual refrigerante predileto dos juízes? Coca-Cola.,0,0,2.810546875,-2.798828125,-5.609375,0.9963500499725342,0.003649987280368805,True
5.1765.H,5.1765,H,"Se o nome da franquia fosse Bar Cry, qual seria o drink mais consumido? Coquetel molotov.",1,1,-0.7548828125,1.0908203125,1.845703125,0.1363781839609146,0.8636217713356018,True
5.3310.N,5.3310,N,Qual o cão que joga basquete? Pluto.,0,0,0.36279296875,-0.356201171875,-0.718994140625,0.6723854541778564,0.32761451601982117,True
5.868.N,5.868,N,Por que o oftamologista foi pra Disney? Pra comprar minnie eye-pads.,0,1,-1.654296875,2.068359375,3.72265625,0.02359929494559765,0.9764007329940796,False
5.3552.N,5.3552,N,Qual cachorro que não gosta de boneca? Dálmata.,0,1,-1.9208984375,2.349609375,4.2705078125,0.013782083988189697,0.9862179160118103,False
5.1819.N,5.1819,N,Por que não tinha nenhum outro animal na ilha dos macacos? Porque ele briga.,0,0,0.54248046875,-0.5771484375,-1.11962890625,0.7539198994636536,0.24608011543750763,True
5.211.N,5.211,N,Qual é o urso que muda de opinião toda hora? Urso Pandas.,0,1,-1.84375,2.328125,4.171875,0.015189048834145069,0.9848109483718872,False
5.3192.H,5.3192,H,Qual personagem de desenho que não tem pinto? Pica pado.,1,1,-1.861328125,2.330078125,4.19140625,0.014899643138051033,0.9851003289222717,True
5.970.H,5.970,H,Qual é a parte do corpo que mais se precipita?  Chuvaco.,1,1,-2.044921875,2.478515625,4.5234375,0.01073516346514225,0.9892648458480835,True
5.3490.H,5.3490,H,Qual hotel se hospedavam os Beatles? Let Ibis.,1,1,-1.98828125,2.484375,4.47265625,0.011288074776530266,0.988711953163147,True
5.521.H,5.521,H,Qual ator que peida tão alto que ressoa? Francisco Cu Oco.,1,1,-2.005859375,2.5078125,4.513671875,0.01083937007933855,0.9891605973243713,True
5.3342.H,5.3342,H,Qual o nervo que tem uma loja? O nervo C&A tico.,1,1,-1.8798828125,2.36328125,4.2431640625,0.014158728532493114,0.9858412742614746,True
5.714.N,5.714,N,Qual o cantor que cheira toda a cocaína que trouxeram? Zeca pagodinho.,0,1,-0.1956787109375,0.315673828125,0.5113525390625,0.3748764991760254,0.6251234412193298,False
4.465.N,4.465,N,O que recebe um filho quando tem boas notas? Uma mesada . E quando tem más notas? Uma explicação.,0,0,1.4912109375,-1.46484375,-2.9560546875,0.9505488872528076,0.04945112764835358,True
3.5.H,3.5,H,Qual é o nome do profissional que pinta carros em inglês? Car-pinteiro.,1,1,-2.01171875,2.490234375,4.501953125,0.01096574030816555,0.9890342950820923,True
5.465.H,5.465,H,Qual estado brasileiro mais toma refrigerante? Fanta Catarina.,1,1,-2.2109375,2.734375,4.9453125,0.007066401652991772,0.9929336309432983,True
4.439.N,4.439,N,"Como é que o Einstein faz uma pizza? Com massa, tomate e queijo.",0,0,1.96484375,-1.890625,-3.85546875,0.9792749285697937,0.020725062116980553,True
4.586.H,4.586,H,Porque é que as aulas da professora vesga são sempre uma balbúrdia? Porque ela tem dificuldade em controlar as suas pupilas.,1,0,0.236083984375,-0.20458984375,-0.440673828125,0.6084195971488953,0.3915804326534271,False
5.766.H,5.766,H,Qual o bairro de SP favorito do Schwarzenegger?  A Bela Vista Baby.,1,1,-1.552734375,2.125,3.677734375,0.024656854569911957,0.9753431081771851,True
5.2452.N,5.2452,N,Qual é o salgado muito bom que não deixa ninguem transar? Croquete.,0,0,2.232421875,-2.0859375,-4.318359375,0.9868533611297607,0.01314658671617508,True
4.521.N,4.521,N,Eu não sou supersticioso . Sou só um pouco inseguro.,0,0,1.662109375,-1.7421875,-3.404296875,0.9678385257720947,0.032161448150873184,True
5.593.H,5.593,H,Qual filme revela que nem todas as letras são pesadas?  A insustentável leveza do C.,1,1,-1.10546875,1.2744140625,2.3798828125,0.08471965044736862,0.915280282497406,True
5.1602.N,5.1602,N,Qual é a novela em que Antônio Fagundes faz uso de entorpecentes? O Rei Do Gado.,0,0,1.970703125,-1.6572265625,-3.6279296875,0.9741166234016418,0.02588338777422905,True
5.208.H,5.208,H,Por que as pistas de corridas com obstáculos são perigosas? Porque há salto.,1,0,0.2301025390625,-0.2822265625,-0.5123291015625,0.6253523230552673,0.37464767694473267,False
5.3127.H,5.3127,H,Qual programa onde você fala com um carro? Conversa Kombi al.,1,1,-1.9140625,2.421875,4.3359375,0.012920473702251911,0.9870795607566833,True
5.1905.H,5.1905,H,Quem era o principal cavaleiro da távola redonda? Sir Cunferência ,1,1,-2.001953125,2.478515625,4.48046875,0.011201213113963604,0.9887987971305847,True
5.1815.H,5.1815,H,Qual é o animal mais fresco que existe? Jumenta,1,0,1.8271484375,-1.537109375,-3.3642578125,0.9665687084197998,0.033431362360715866,False
5.1904.N,5.1904,N,Qual a cidade com mais descargas elétricas? São Paulo.,0,0,2.708984375,-2.390625,-5.099609375,0.9939378499984741,0.006062155123800039,True
4.109.H,4.109,H,Que nome se dá a um cão que vai à missa? Cachorro crente.,1,0,1.0849609375,-0.98828125,-2.0732421875,0.8882750868797302,0.11172487586736679,False
5.3002.H,5.3002,H,Qual personagem da Disney já morou em Hogwarts? Dumbodore.,1,0,2.16796875,-1.9091796875,-4.0771484375,0.9833269715309143,0.016673045232892036,False
5.2200.H,5.2200,H,Qual é o filme favorito da cabra? A bruxa de béé,1,1,-0.80908203125,1.09375,1.90283203125,0.12978829443454742,0.8702117204666138,True
4.707.N,4.707,N,Onde é que a andorinha dá o iogurte aos filhotes? No ninho.,0,0,1.48828125,-1.474609375,-2.962890625,0.9508692026138306,0.04913078621029854,True
5.3385.N,5.3385,N,Qual atriz tá com o demônio no corpo? Zezé Polessa.,0,0,2.296875,-2.201171875,-4.498046875,0.9889918565750122,0.01100818533450365,True
5.83.H,5.83,H,Qual é o animal que mais sofre com enfermidades? O condor.,1,0,2.24609375,-2.134765625,-4.380859375,0.9876400828361511,0.012359919026494026,False
5.385.N,5.385,N,Qual gênero literário não pode ter filhos? Terror.,0,0,2.140625,-2.1640625,-4.3046875,0.9866748452186584,0.013325147330760956,True
5.1641.H,5.1641,H,Qual é a cidade que tem um monte de patos? Jeri Quá-Quara.,1,1,-1.2265625,1.6201171875,2.8466796875,0.054853200912475586,0.9451467990875244,True
5.2578.N,5.2578,N,Qual o programa favorito dos gaúchos? Faustão.,0,0,2.666015625,-2.84375,-5.509765625,0.995969295501709,0.004030743148177862,True
5.2829.N,5.2829,N,O que o padre deixou de garantia na loja de penhor? A imagem de nossa senhora,0,0,1.2060546875,-0.95703125,-2.1630859375,0.896885335445404,0.10311470925807953,True
4.354.N,4.354,N,Qual é o chá preferido do Pai Natal? É o chá verde.,0,0,1.626953125,-1.412109375,-3.0390625,0.954308032989502,0.04569203034043312,True
2.17.H,2.17,H,Sabe qual é o legume que ninguém consegue domesticar? O Seu Vagem.,1,1,-2.005859375,2.486328125,4.4921875,0.011072158813476562,0.9889278411865234,True
5.2741.N,5.2741,N,Tipo de filme utilizado dos chefes de cozinha Filme Fornô,0,0,1.734375,-1.56640625,-3.30078125,0.9644556045532227,0.035544395446777344,True
4.145.H,4.145,H,"O que significa ""contribuir""? Ir a algum lado com vários índios.",1,0,1.3798828125,-1.3916015625,-2.771484375,0.9411153197288513,0.05888470262289047,False
4.354.H,4.354,H,Qual é o chá preferido do Pai Natal? É o chá miné.,1,1,-1.814453125,2.337890625,4.15234375,0.015483985655009747,0.9845160245895386,True
5.2421.H,5.2421,H,Qual a festa de carnaval voltada só pra quem é ansioso?  O RivoTrio Elétrico.,1,1,-1.470703125,1.9443359375,3.4150390625,0.03182874992489815,0.9681712985038757,True
5.2059.H,5.2059,H,Qual é o vírus baixa renda? Corote vírus ,1,1,-2.060546875,2.4765625,4.537109375,0.010590936057269573,0.9894090890884399,True
4.478.N,4.478,N,Porque é que os indecisos atravessam o rio? Porque não há margem para dúvidas.,0,0,0.68115234375,-0.634765625,-1.31591796875,0.7885017395019531,0.2114982306957245,True
5.3287.N,5.3287,N,Qual o ingrediente principal na comida de quem apanhou? RepOlho Roxo.,0,1,-1.814453125,2.25,4.064453125,0.01688246615231037,0.9831175804138184,False
5.2926.N,5.2926,N,Qual fruta prevê o futuro? Banana,0,0,2.615234375,-2.447265625,-5.0625,0.9937100410461426,0.006289901677519083,True
5.963.N,5.963,N,Qual chocolate tem gosto de cerveja? Belga.,0,0,1.072265625,-0.71728515625,-1.78955078125,0.8568721413612366,0.14312779903411865,True
5.3522.N,5.3522,N,O que é que tem abas e é gostoso de lamber? Absorvente.,0,1,-0.377197265625,0.6162109375,0.993408203125,0.2702394127845764,0.7297605872154236,False
5.3367.N,5.3367,N,Como se chamam quatro pessoas azaradas? Azarentos.,0,0,0.80419921875,-0.9169921875,-1.72119140625,0.8482822179794312,0.15171776711940765,True
5.3238.N,5.3238,N,Qual queijo dirige carro? Rockerford.,0,0,0.78662109375,-0.7626953125,-1.54931640625,0.8248149156570435,0.17518502473831177,True
4.688.H,4.688,H,Como é que se chama a neta do Super Mario? Marioneta.,1,1,-0.5361328125,0.86376953125,1.39990234375,0.19783161580562592,0.8021684288978577,True
4.245.H,4.245,H,Que nome se dá a um homem que via mas agora já não vê? Tobias.,1,0,1.0224609375,-0.8876953125,-1.91015625,0.87103670835495,0.12896330654621124,False
4.40.H,4.40,H,"Hoje no trânsito disse ""amo-te"" a um semáforo. O semáforo ficou vermelho.",1,0,1.3232421875,-0.998046875,-2.3212890625,0.9106248617172241,0.0893750861287117,False
4.397.N,4.397,N,Porque é que os portugueses emigram para o Canadá? Porque querem.,0,0,1.3740234375,-1.3046875,-2.6787109375,0.9357587099075317,0.06424132734537125,True
5.3577.H,5.3577,H,Qual doença comum entre os viciados em internet? Youtuberculose.,1,1,-0.87939453125,1.203125,2.08251953125,0.11080747842788696,0.8891924619674683,True
5.2372.H,5.2372,H,Por que no telefone do mágico não precisava de usar dedos para ligar? Porque ele tinha discagem automágica.,1,0,0.9111328125,-0.896484375,-1.8076171875,0.8590735793113708,0.14092634618282318,False
4.171.N,4.171,N,Hoje decidi queimar as minhas bonecas . Fiz uma fogueira.,0,0,1.404296875,-1.3662109375,-2.7705078125,0.9410611987113953,0.05893884226679802,True
4.324.N,4.324,N,Quais são as escadas que demoram mais a subir? São as escadas em pedra.,0,0,0.3935546875,-0.255126953125,-0.648681640625,0.6567133665084839,0.3432866930961609,True
5.438.N,5.438,N,Qual é a hóstia do catolicismo? Alma chips.,0,1,-1.8984375,2.41015625,4.30859375,0.013273888267576694,0.9867261648178101,False
5.2063.H,5.2063,H,Qual ator americano que sempre deixa todo mundo impressionado ? Uau ! Pacino ,1,0,1.646484375,-1.39453125,-3.041015625,0.9543930292129517,0.04560694098472595,False
5.1641.N,5.1641,N,Qual é a cidade que tem um monte de patos? Pirassununga.,0,0,1.9453125,-1.7001953125,-3.6455078125,0.9745561480522156,0.025443855673074722,True
4.173.N,4.173,N,Porque é que os bombeiros não andam? Porque salvam.,0,0,0.51806640625,-0.4111328125,-0.92919921875,0.7169128060340881,0.28308719396591187,True
5.679.H,5.679,H,Qual é a atriz mais fria da Globo? Regina Duártico.,1,1,-2.12890625,2.66796875,4.796875,0.008187910541892052,0.9918121099472046,True
4.359.N,4.359,N,O meu cão e o meu gato fazem anos hoje . Quando os vi eu disse: Parabéns!,0,0,1.3017578125,-1.259765625,-2.5615234375,0.9283438920974731,0.07165613770484924,True
5.2620.N,5.2620,N,Em qual cidade ninguém é mais virgem? Juiz de fora.,0,0,2.60546875,-2.38671875,-4.9921875,0.9932550191879272,0.006744989659637213,True
4.34.H,4.34,H,A Ana e o César tiveram um filho. Ouvi dizer que o parto foi de cesariana.,1,0,1.943359375,-1.7451171875,-3.6884765625,0.9756001234054565,0.024399830028414726,False
5.3350.N,5.3350,N,"Por que o time do inferno ganhou o jogo contra o céu? "" Porque a gente batalhou o tempo todo e superamos o melhor de si "".",0,0,1.26171875,-0.99462890625,-2.25634765625,0.9051966667175293,0.0948033258318901,True
5.2451.H,5.2451,H,Qual é a tartaruga ninja que está sempre na televisão?  É a Donatella.,1,0,1.6376953125,-1.5908203125,-3.228515625,0.9618934392929077,0.03810662031173706,False
