id,pair_id,suffix,text,true_label,predicted_label,logit_non_pun,logit_pun,pun_score,probability_non_pun,probability_pun,correct
4.66.N,4.66,N,Eu adoro fiambre . E também queijo.,0,0,1.505859375,-1.3154296875,-2.8212890625,0.9438154101371765,0.05618453398346901,True
4.600.H,4.600,H,O que são quatro pontos pretos no chão? Fourmigas.,1,1,-0.24267578125,-0.054534912109375,0.188140869140625,0.45310303568840027,0.5468969941139221,True
5.694.N,5.694,N,Qual cantora espirra muito? Anitta.,0,0,2.775390625,-2.609375,-5.384765625,0.9954350590705872,0.00456498097628355,True
5.443.N,5.443,N,O que o Doutor exclamou ao examinar o Silvio Santos que reclamava de uma dor nas costas? É dor na Lombar.,0,0,1.9453125,-1.7353515625,-3.6806640625,0.9754135012626648,0.024586498737335205,True
5.3500.N,5.3500,N,Qual a bacteria que só pega em mulher? Salmonela.,0,0,0.4375,-0.49072265625,-0.92822265625,0.7167145609855652,0.2832854390144348,True
4.713.N,4.713,N,O que é um anão? É um Humano.,0,0,1.1298828125,-1.2841796875,-2.4140625,0.9178933501243591,0.08210661262273788,True
5.3787.H,5.3787,H,Qual ator estrangeiro já foi PM? Guiliano Algemma,1,1,-1.857421875,1.2138671875,3.0712890625,0.04430721327662468,0.9556928277015686,True
5.3868.N,5.3868,N,Qual marca de hotéis virou presidente? Trump.,0,0,1.4931640625,-1.615234375,-3.1083984375,0.9572377800941467,0.0427621491253376,True
4.656.H,4.656,H,Por que é que o Pai Natal não vai entregar as prendas a tempo? Porque tem os trabalhadores duendes.,1,1,-2.109375,1.25390625,3.36328125,0.03346293792128563,0.9665370583534241,True
4.483.N,4.483,N,Porque é que há tantas mulheres feias? Porque a verdadeira beleza está no interior.,0,0,0.69970703125,-0.90576171875,-1.60546875,0.8327813148498535,0.1672186702489853,True
4.473.H,4.473,H,Quem estiver desempregado fale com alguns bebés. Ouvi dizer que dão muito trabalho.,1,0,0.41357421875,-0.513671875,-0.92724609375,0.7165162563323975,0.28348374366760254,False
5.3656.H,5.3656,H,Qual vilão da Marvel data do período paleolítico?  Dormammute.,1,1,-1.8857421875,1.216796875,3.1025390625,0.04300263896584511,0.9569973349571228,True
5.1441.H,5.1441,H,O que o escorregador falou para o outro? Aqui os ânus passam depressa.,1,1,-1.765625,1.0009765625,2.7666015625,0.05915587395429611,0.9408441781997681,True
4.665.H,4.665,H,O que disse a Selena Gomez quando encontrou o aspirador? Taki Taki Roomba!,1,1,-1.9150390625,1.55859375,3.4736328125,0.030071839690208435,0.9699281454086304,True
5.4014.N,5.4014,N,Por que no interiorzão não dá pra ouvir música? Porque lá o silêncio impera.,0,0,1.1259765625,-1.0498046875,-2.17578125,0.8980534672737122,0.10194651782512665,True
5.1884.H,5.1884,H,Qual é o cantor favorito da Ludmila? Funk Aguiar ,1,1,-2.001953125,1.51171875,3.513671875,0.02892572060227394,0.9710743427276611,True
5.3981.H,5.3981,H,Qual o super herói dono de uma igreja? Homem de Fé rro.,1,1,-1.830078125,1.2431640625,3.0732421875,0.044224582612514496,0.9557754397392273,True
5.614.H,5.614,H,Qual é o carro preferido do Wolverine? Logan.,1,0,2.419921875,-2.34765625,-4.767578125,0.9915707111358643,0.008429287001490593,False
5.2965.H,5.2965,H,Por que o Ciro Gomes fez implante? Problemas CaPillar.,1,1,-1.857421875,1.2822265625,3.1396484375,0.04150110110640526,0.9584988951683044,True
4.224.N,4.224,N,Vira-se um porta-moedas para uma carteira: nunca reparas em mim ...,0,0,0.7900390625,-0.72802734375,-1.51806640625,0.8202536106109619,0.17974643409252167,True
5.3957.N,5.3957,N,Qual rapper que te convidava pro sexo oral? RM.,0,0,1.3212890625,-1.2490234375,-2.5703125,0.9289263486862183,0.07107367366552353,True
5.1310.H,5.1310,H,Onde as aranhas compram material de construção? Teia Norte.,1,1,-1.759765625,1.4169921875,3.1767578125,0.04004979506134987,0.9599501490592957,True
5.3785.H,5.3785,H,Qual o jogo preferido dos estudantes que moram juntos? Riders República.,1,1,-1.6396484375,0.99365234375,2.63330078125,0.06702574342489243,0.9329742789268494,True
4.46.H,4.46,H,Estão dois gatinhos à procura da mãe. Qual é o filme? Mamma mia!,1,1,-1.7978515625,1.2705078125,3.068359375,0.04443143308162689,0.9555686116218567,True
5.2841.H,5.2841,H,Qual o ator que produz vinho? Vinícolas Cage ,1,1,-1.65234375,0.9716796875,2.6240234375,0.06760823726654053,0.9323918223381042,True
5.354.N,5.354,N,Por que Singapura foi na festa dos países? Pra socializar.,0,0,0.623046875,-0.798828125,-1.421875,0.8056321740150452,0.19436781108379364,True
4.224.H,4.224,H,Vira-se um posta-moedas para uma carteira: nunca notas em mim...,1,1,-1.67578125,0.9189453125,2.5947265625,0.0694785863161087,0.9305214285850525,True
5.3500.H,5.3500,H,Qual a bacteria que só prega em mulher? Salmo nelas.,1,1,-1.548828125,1.0380859375,2.5869140625,0.06998536735773087,0.9300146102905273,True
5.1598.N,5.1598,N,Qual é o animal que voa no deserto? Abutre.,0,0,2.146484375,-2.083984375,-4.23046875,0.9856629967689514,0.014337030239403248,True
5.1498.N,5.1498,N,O que o galo foi fazer na delegacia? Denunciar.,0,0,1.607421875,-1.65625,-3.263671875,0.963161289691925,0.03683870658278465,True
4.660.H,4.660,H,"Como se chama um cão sem patas? Não se chama, vai-se buscar.",1,1,-0.5009765625,0.020721435546875,0.521697998046875,0.37245526909828186,0.6275447607040405,True
5.513.H,5.513,H,Qual o contrário de diagnóstico? Noite crente.,1,1,-1.689453125,1.2412109375,2.9306640625,0.05065838247537613,0.9493416547775269,True
4.609.H,4.609,H,Um fulano passou três dias na piscina e depois foi ao médico. Qual foi o diagnóstico? Nada demais.,1,1,-1.7392578125,1.0869140625,2.826171875,0.05592617392539978,0.9440738558769226,True
5.2752.H,5.2752,H,"""""""Qual o poeta mais mortal da língua portuguesa? Mário Kitana""""""",1,1,-1.3203125,1.0078125,2.328125,0.08882028609514236,0.9111796617507935,True
5.2189.N,5.2189,N,Quem é a cantora que trabalha com transporte público nos Estados Unidos?  Beyoncé,0,0,2.46484375,-2.375,-4.83984375,0.9921537041664124,0.00784623995423317,True
5.3400.N,5.3400,N,Em qual série não gostam de uma banda de rock? Todo mundo odeia o Chris.,0,0,2.068359375,-1.8095703125,-3.8779296875,0.9797258973121643,0.020274080336093903,True
5.1303.H,5.1303,H,Qual o chá preferido dos britânicos para se acalmar? C'mon Mila.,1,1,-1.2109375,0.83251953125,2.04345703125,0.11471518129110336,0.8852847814559937,True
5.41.H,5.41,H,Qual cantora brasileira só cria galinha? Ivete Sem Galo.,1,1,-1.875,1.3818359375,3.2568359375,0.03708202391862869,0.9629179239273071,True
5.85.N,5.85,N,Qual é a tartaruga ninja que vive na Disney? O Miquelângelo.,0,1,-0.22119140625,0.2010498046875,0.4222412109375,0.395980566740036,0.6040194630622864,False
5.4032.H,5.4032,H,"Por que quando eu gritava dentro da caverna, o som só se repetia uma vez ? Porque era um Eco nômico.",1,1,-1.93359375,1.28515625,3.21875,0.0384661927819252,0.961533784866333,True
5.674.N,5.674,N,Qual parente sempre deixa um pouco de comida no prato? A prima.,0,0,2.662109375,-2.65234375,-5.314453125,0.9951040744781494,0.004895880818367004,True
5.848.H,5.848,H,Qual personagem da Disney que ninguém gosta? Amarga Rida.,1,1,-1.8447265625,1.294921875,3.1396484375,0.04150110110640526,0.9584988951683044,True
5.933.H,5.933,H,Qual é o nome do especialista em temperar carnes que não se esquecia do passado?  O Sal Dosista.,1,1,-1.78125,0.94091796875,2.72216796875,0.061677880585193634,0.938322126865387,True
5.2329.H,5.2329,H,O que o videogame triste espera que a gente faça? Que o console.,1,1,-1.80859375,1.1845703125,2.9931640625,0.04773565009236336,0.9522643685340881,True
2.10.N,2.10,N,Como o padre bateu o carro? Dando uma ré.,0,0,1.634765625,-1.7109375,-3.345703125,0.9659639000892639,0.03403615206480026,True
5.2811.H,5.2811,H,Profissional que conhecia tudo a respeito de suínos? Ex Perito de Porco ,1,1,-1.9228515625,1.458984375,3.3818359375,0.03286798298358917,0.9671319723129272,True
5.2965.N,5.2965,N,Por que o Ciro Gomes fez implante? Ele estava careca.,0,0,0.15771484375,-0.2939453125,-0.45166015625,0.6110338568687439,0.3889661133289337,True
4.417.H,4.417,H,Porque é que os daltónicos têm péssima memória? Porque não sabem nada de cor.,1,0,0.48046875,-0.94189453125,-1.42236328125,0.805708646774292,0.1942913681268692,False
5.553.H,5.553,H,O que a Minnie falou pro namorado dela quando encostou na fogueira? Mickey mou Zé.,1,1,-1.982421875,1.5107421875,3.4931640625,0.029507361352443695,0.9704926013946533,True
5.306.H,5.306,H,Qual problema de saúde recorrente em matemáticos? Problema DIVISÃO,1,1,-1.61328125,1.0302734375,2.6435546875,0.0663873702287674,0.933612585067749,True
5.1021.H,5.1021,H,Qual galaxia treina com nutricionista? A Milky Whey,1,1,-2.0546875,1.37890625,3.43359375,0.03126191347837448,0.9687380790710449,True
5.1929.H,5.1929,H,Qual idioma favorece o tráfico de órgãos? Manda rim ,1,1,-1.919921875,1.349609375,3.26953125,0.03663136810064316,0.9633685946464539,True
4.77.H,4.77,H,"Se o futuro depende dos teus sonhos, não percas tempo. Vai dormir.",1,0,0.94287109375,-0.91748046875,-1.8603515625,0.8653379082679749,0.13466209173202515,False
5.1100.N,5.1100,N,Qual é a regra de matemática preferida dos funkeiros? Regra de três.,0,0,1.234375,-1.431640625,-2.666015625,0.9349913001060486,0.0650087371468544,True
5.823.N,5.823,N,Qual a banda que não deve nada pra ninguém? Skank.,0,0,1.828125,-1.7236328125,-3.5517578125,0.9721250534057617,0.0278748981654644,True
5.3218.H,5.3218,H,Qual piloto nos enchia de orgulho? Emerson FittiProud.,1,1,-1.779296875,1.2177734375,2.9970703125,0.04755839705467224,0.9524415731430054,True
5.2306.H,5.2306,H,Qual jornalista se especializou em falar de lanche de rua no Rio? Ana Paula Podrão.,1,1,-1.8115234375,1.267578125,3.0791015625,0.04397757351398468,0.9560223817825317,True
5.3272.N,5.3272,N,Qual a janta favorita do ET? Ovine de Codorna.,0,1,-1.5810546875,1.2158203125,2.796875,0.05749328061938286,0.9425067901611328,False
5.3119.N,5.3119,N,Qual o nome da mãe do super-herói que nunca vai em praia com águas geladas? Martha Wayne.,0,0,1.861328125,-1.818359375,-3.6796875,0.9753900170326233,0.024609927088022232,True
5.1150.H,5.1150,H,O que a mãe do chinês falou para ele fazer quando brigarem com ele? Xing.,1,1,-0.6943359375,0.2242431640625,0.9185791015625,0.28524747490882874,0.7147524952888489,True
4.616.N,4.616,N,Por que é que os hospitais não atendem telefones? Porque para isso há a Saúde 24.,0,1,-1.0517578125,0.34423828125,1.39599609375,0.19845224916934967,0.8015477657318115,False
5.3704.N,5.3704,N,Onde o Sílvio conseguiu comprar novelas tão ruins? Na porta da Globo!,0,1,-0.2734375,-0.0265655517578125,0.2468719482421875,0.4385935664176941,0.5614064335823059,False
4.678.N,4.678,N,Acabei de abrir a conta da água e a conta da luz ao mesmo tempo . Fiquei em pânico .,0,0,1.6640625,-1.5361328125,-3.2001953125,0.9608416557312012,0.03915837034583092,True
5.2738.H,5.2738,H,Po que a gente se sente mais equilibrado ao entrar em um rodízio? Porque ali é um centro de massa,1,1,-1.5458984375,0.83544921875,2.38134765625,0.0846061259508133,0.9153938889503479,True
5.728.N,5.728,N,"Qual é o nome da doença que acomete vítimas de sequestro que não têm espelho no cativeiro? Síndrome de "" Estocolmo? """,0,1,-1.0810546875,0.5888671875,1.669921875,0.15843459963798523,0.8415654301643372,False
5.62.N,5.62,N,Qual é a atriz que só usa roupa da Zara? Taís Araújo.,0,0,2.9296875,-2.837890625,-5.767578125,0.996882438659668,0.0031175727490335703,True
5.2985.N,5.2985,N,Qual animal é coach? O homem.,0,0,2.177734375,-2.1171875,-4.294921875,0.9865458011627197,0.013454153202474117,True
5.2501.N,5.2501,N,Sabe por que a Gisele Bündchen só anda com roupa amassada? Porque ela cansou de passar roupa.,0,0,0.10498046875,-0.486572265625,-0.591552734375,0.643721342086792,0.356278657913208,True
5.1731.H,5.1731,H,Qual o tipo de investimento financeiro preferido da mulher que casou virgem? Day tarde,1,1,-1.9794921875,1.11328125,3.0927734375,0.04340633004903793,0.9565936326980591,True
5.3993.N,5.3993,N,Por que o cara sentia prazer em bater em si mesmo com um sapato? Porque era um masoquista.,0,0,0.9140625,-1.1259765625,-2.0400390625,0.8849372863769531,0.11506275832653046,True
5.3218.N,5.3218,N,Qual piloto nos enchia de orgulho? Emerson.,0,0,2.439453125,-2.3828125,-4.822265625,0.9920157194137573,0.007984270341694355,True
5.1829.H,5.1829,H,Qual é a cidade americana com muitas embarcações? Nas Vegas,1,1,-0.64990234375,0.34130859375,0.9912109375,0.2706729471683502,0.7293270230293274,True
5.2237.N,5.2237,N,"Qual o cantor que, ao descobrir que é corno, resolve partir pra briga com o amante? José Ricardo",0,0,2.91796875,-2.921875,-5.83984375,0.9970991611480713,0.002900857711210847,True
5.2312.N,5.2312,N,Qual é o nome da banda favorita das pessoas cansadas? Capital Inicial,0,0,2.41796875,-2.17578125,-4.59375,0.9899863600730896,0.010013570077717304,True
4.381.N,4.381,N,O que acontece quando metes um tomate no micro-ondas? Estraga o molho.,0,0,0.17431640625,-0.1646728515625,-0.3389892578125,0.5839449763298035,0.41605502367019653,True
4.479.N,4.479,N,Qual é o osso que segura a cabeça? É o hioide.,0,0,1.1904296875,-1.1396484375,-2.330078125,0.911337673664093,0.08866234868764877,True
4.545.H,4.545,H,"Qual é o lema dos perus? ""Um por todos e todos peru"".",1,1,-1.876953125,1.060546875,2.9375,0.05033063143491745,0.949669361114502,True
5.4098.H,5.4098,H,Qual molho é sempre servido em proporções exageradas? De Too Much.,1,1,-1.96484375,1.490234375,3.455078125,0.03061777912080288,0.9693822264671326,True
4.632.H,4.632,H,Nem todos os esqueletos ouvem. Só os que têm rádio.,1,0,-0.1671142578125,-0.26025390625,-0.0931396484375,0.5232681035995483,0.47673195600509644,False
4.681.H,4.681,H,"Decidi adotar um Chihuahua. Para quem não sabe, é um animal doméxico.",1,1,-1.091796875,0.430419921875,1.522216796875,0.1791353076696396,0.8208646774291992,True
5.841.H,5.841,H,Qual escritor sempre usava roupas de frio? Edgar Alã Põe.,1,1,-1.7724609375,1.361328125,3.1337890625,0.041734807193279266,0.9582651257514954,True
4.587.N,4.587,N,Porque é que não se pode contratar com um cleptomaníaco? Porque ele leva tudo literalmente.,0,1,-1.41015625,0.77734375,2.1875,0.10087861120700836,0.8991213440895081,False
4.510.H,4.510,H,"No outro dia estava a lavar o carro com o meu filho, vira-se ele: Pai, porque é que não usas uma esponja?",1,0,1.673828125,-1.3173828125,-2.9912109375,0.952175498008728,0.047824520617723465,False
4.607.N,4.607,N,Por que é que o treinador foi despedido? Porque não estava capacitado para o trabalho.,0,0,1.634765625,-1.6123046875,-3.2470703125,0.9625676870346069,0.03743230178952217,True
5.4014.H,5.4014,H,Por que no interiorzão não dá pra ouvir música? Porque lá o spotifaia.,1,1,-1.966796875,1.2587890625,3.2255859375,0.038214150816202164,0.9617859125137329,True
5.659.N,5.659,N,Qual planta trabalha muito? Samambaia.,0,0,2.3828125,-2.279296875,-4.662109375,0.9906418919563293,0.009358113631606102,True
5.2764.H,5.2764,H,Qual cantora q não come carne? A VegetaRhianna.,1,1,-2.037109375,1.3154296875,3.3525390625,0.03381211683154106,0.9661878347396851,True
5.3488.H,5.3488,H,Que órgão ajudou encontrar o governador de São Paulo? A Procurar Doria.,1,1,-1.6884765625,1.1396484375,2.828125,0.05582314357161522,0.9441768527030945,True
5.1149.H,5.1149,H,Qual personagem de dragon ball nasceu na Alemanha e não come carne? Vegeta Ariano.,1,1,-1.5595703125,1.0654296875,2.625,0.06754669547080994,0.9324532747268677,True
5.1756.N,5.1756,N,Qual tipo de roupa o Goku gostaria de dar de presente para sua esposa? Vestido.,0,0,2.744140625,-2.607421875,-5.3515625,0.9952816367149353,0.004718369338661432,True
5.2014.N,5.2014,N,Em que parte do casa todos se encontram? Na área de lazer,0,0,1.703125,-1.84375,-3.546875,0.9719924926757812,0.028007520362734795,True
4.404.N,4.404,N,O que são duas cenouras a discutir? Poluição sonora.,0,0,0.1351318359375,-0.189208984375,-0.3243408203125,0.5803818106651306,0.4196182191371918,True
5.823.H,5.823,H,Qual a banda que não deve nada pra ninguém? Jaquitou 5.,1,1,-2.01953125,1.5302734375,3.5498046875,0.027927875518798828,0.9720721244812012,True
4.247.H,4.247,H,"Se algum dia te sentires triste por não receberes correio, vai ao Google e faz uma pesquisa. Vais ter milhares de correspondências.",1,0,0.36669921875,-0.61767578125,-0.984375,0.7279754281044006,0.272024542093277,False
4.697.H,4.697,H,"Como se diz ""terror"" em japonês? Aikimedu.",1,0,-0.08551025390625,-0.130615234375,-0.04510498046875,0.5112743377685547,0.4887256622314453,False
4.341.N,4.341,N,Qual a semelhança entre o Adão e um homem? O Adão foi o primeiro homem que houve.,0,0,1.90234375,-1.8095703125,-3.7119140625,0.9761518836021423,0.023848090320825577,True
4.20.N,4.20,N,Adoro mulheres com inteligência  . Têm centenas de pontos a seu favor.,0,1,-1.546875,1.0302734375,2.5771484375,0.07062366604804993,0.9293763041496277,False
5.433.N,5.433,N,Qual passarinho mais resistente que existe? A Andorinha.,0,0,1.96484375,-1.890625,-3.85546875,0.9792749285697937,0.020725062116980553,True
5.3934.N,5.3934,N,Qual a bebida do Rei? Cerveja,0,0,2.48046875,-2.470703125,-4.951171875,0.9929746389389038,0.007025407627224922,True
5.1141.H,5.1141,H,Qual é o cachorro é bom de briga? Jiu shih-tzu,1,1,-1.083984375,0.5595703125,1.6435546875,0.1619819551706314,0.8380180597305298,True
4.77.N,4.77,N,"Se o futuro depende dos teus sonhos, não percas tempo . Vai à luta.",0,0,0.1619873046875,-0.364013671875,-0.5260009765625,0.6285499334335327,0.3714500665664673,True
5.480.N,5.480,N,Como morreu o rebanho dos judeus? Febre do gado,0,1,-0.171875,-0.049835205078125,0.122039794921875,0.46952787041664124,0.5304720997810364,False
5.2988.N,5.2988,N,Qual microorganismo é sempre passado pra trás? Vírus.,0,0,1.8681640625,-2.001953125,-3.8701171875,0.9795701503753662,0.02042984403669834,True
5.3820.N,5.3820,N,"A menina dormiu muito, qual o nome do filme? Alice no país das maravilhas.",0,0,1.9990234375,-2.189453125,-4.1884765625,0.9850572943687439,0.014942704699933529,True
5.2501.H,5.2501,H,Sabe por que a Gisele Bündchen só anda com roupa amassada? Porque ela cansou de passar elas.,1,1,-0.97314453125,0.2174072265625,1.1905517578125,0.23316027224063873,0.7668397426605225,True
4.472.N,4.472,N,Qual é a fruta mais comum nos churrascos? É o abacaxi.,0,0,2.45703125,-2.5859375,-5.04296875,0.9935867786407471,0.0064131636172533035,True
5.2047.N,5.2047,N,"Qual conto mostra a história de alguém que acha a esposa linda, mas quando ela o procura de noite, ele nega? A pequena sereia.",0,0,1.27734375,-1.5263671875,-2.8037109375,0.9428760409355164,0.057123973965644836,True
5.1829.N,5.1829,N,Por que o oficial pediu licença bem no dia do bombardeio? Porque ele tinha medo.,0,0,1.873046875,-1.8681640625,-3.7412109375,0.9768244624137878,0.02317550964653492,True
4.638.N,4.638,N,"O amor é como um jogo de sueca . Ou se tem um bom parceiro, ou o melhor mesmo é ter uma boa carta.",0,1,-1.046875,0.546875,1.59375,0.16885696351528168,0.8311430811882019,False
5.3018.N,5.3018,N,Qual a série que fala de quem é sua mãe? Realmente your mother.,0,1,-2.044921875,1.5048828125,3.5498046875,0.027927875518798828,0.9720721244812012,False
5.2549.N,5.2549,N,Qual mercado vende lagarto? Extra.,0,0,0.76806640625,-0.97509765625,-1.7431640625,0.8510885834693909,0.1489114910364151,True
5.2306.N,5.2306,N,Qual jornalista se especializou em falar de lanche de rua no Rio? Márcio Canuto.,0,0,2.115234375,-1.994140625,-4.109375,0.9838472008705139,0.01615283451974392,True
4.587.H,4.587,H,Porque é que não se pode gozar com um cleptomaníaco? Porque ele leva tudo literalmente.,1,1,-1.462890625,0.83349609375,2.29638671875,0.0914226546883583,0.9085773825645447,True
4.214.H,4.214,H,Chamei Maria a uma galinha e não consegui parar de rir. Era uma ave Maria cheia de graça.,1,1,-1.775390625,0.599609375,2.375,0.08509904891252518,0.9149009585380554,True
4.108.N,4.108,N,"Uma feminista perguntou-me de que forma eu via as relações lésbicas . Parece que "" em euforia "" não era a resposta correta ...",0,1,-0.7626953125,-0.041595458984375,0.721099853515625,0.327150821685791,0.6728491187095642,False
5.3359.N,5.3359,N,Qual o animal que trabalha bem como carpinteiro? Cupim.,0,0,1.912109375,-1.96484375,-3.876953125,0.9797065258026123,0.02029348723590374,True
5.1891.H,5.1891,H,Qual Pais faz o Ar condicionado Funcionar? ArGelia ,1,1,-1.8017578125,1.19140625,2.9931640625,0.04773565009236336,0.9522643685340881,True
4.112.N,4.112,N,Quando é que os informáticos vão ao dermatologista? Quando têm problemas de pele.,0,0,1.7001953125,-1.517578125,-3.2177734375,0.9614977240562439,0.03850232809782028,True
5.4065.N,5.4065,N,Por que acharam melhor não colocar o Silvio Santos pra apresentar toda a programação do SBT? Porque seria chato.,0,0,1.783203125,-1.830078125,-3.61328125,0.9737446904182434,0.026255298405885696,True
5.3173.H,5.3173,H,Qual médico gosta de funk ? Dr. Drauzio Vrau Nelas.,1,1,-1.7119140625,1.115234375,2.8271484375,0.05587464198470116,0.9441254138946533,True
5.3820.H,5.3820,H,"A menina dormiu muito, qual o nome do filme? A sleep no país das maravilhas.",1,1,-2.033203125,1.373046875,3.40625,0.032100703567266464,0.9678993225097656,True
5.465.N,5.465,N,Qual estado brasileiro mais toma refrigerante? Paraná.,0,0,2.365234375,-2.275390625,-4.640625,0.9904406070709229,0.00955939944833517,True
5.1643.H,5.1643,H,Qual é a série que se passa no norte do país? Fresh Prince of Belém.,1,1,-2.021484375,1.2197265625,3.2412109375,0.037643998861312866,0.9623559713363647,True
5.606.N,5.606,N,Qual a cantora que sempre aceita chá? Pink.,0,0,2.423828125,-2.3359375,-4.759765625,0.9915052056312561,0.008494837209582329,True
5.2149.H,5.2149,H,"Qual o filme da Disney que o Faustão mais gosta? A Bela e Essa Fera, Bicho!",1,1,-1.7587890625,1.3544921875,3.11328125,0.04256272688508034,0.95743727684021,True
4.473.N,4.473,N,Quem estiver desempregado fale com alguns empresários da restauração . Ouvi dizer que têm falta de trabalhadores.,0,1,-0.73779296875,0.239501953125,0.977294921875,0.27342885732650757,0.7265711426734924,False
5.700.N,5.700,N,Qual alimento respeita a igreja católica e a medicina oriental? Vinho.,0,0,2.484375,-2.60546875,-5.08984375,0.9938787817955017,0.006121281534433365,True
5.3004.H,5.3004,H,Qual refeição que volta mais rápido do que vai? Backfast.,1,1,-1.76171875,1.1416015625,2.9033203125,0.05198967084288597,0.9480103254318237,True
5.3928.N,5.3928,N,Qual é o cantor que adora novas tecnologias? Túlio Abelha.,0,1,-1.8916015625,1.337890625,3.2294921875,0.038070838898420334,0.9619291424751282,False
5.3466.N,5.3466,N,Cantora que nunca tem data disponível pra show? Zizi Possi.,0,0,2.8984375,-2.80859375,-5.70703125,0.9966885447502136,0.0033115192782133818,True
5.1233.N,5.1233,N,Por que a criança voltou da casa dos avós sem a mão? Porque era desastrada.,0,0,1.509765625,-1.5927734375,-3.1025390625,0.9569973349571228,0.04300263896584511,True
4.257.N,4.257,N,Um homem foi para a guerra e perdeu os dois pés . Qual é o filme? O pestinha.,0,1,-0.9443359375,0.37060546875,1.31494140625,0.21166113018989563,0.788338840007782,False
5.87.N,5.87,N,Qual a embarcação criada para salvar os dinossauros do dilúvio? A arca,0,0,2.44921875,-2.369140625,-4.818359375,0.9919847846031189,0.008015269413590431,True
5.2347.N,5.2347,N,Qual nome se dá quando cai uma parte de um estádio? Tragédia.,0,0,1.837890625,-1.923828125,-3.76171875,0.9772841930389404,0.02271575666964054,True
4.572.H,4.572,H,O que é que um ator faz quando vê outro? Acena.,1,0,0.80419921875,-0.86865234375,-1.6728515625,0.8419556617736816,0.15804436802864075,False
4.416.H,4.416,H,Que ator é o maior pão de Hollywood? O Bread Pitt.,1,1,-2.134765625,1.54296875,3.677734375,0.024656854569911957,0.9753431081771851,True
5.4.H,5.4,H,Qual é o sabor da bala preferida da galera do hospício? Dementos.,1,1,-1.3310546875,0.9130859375,2.244140625,0.09585607796907425,0.9041438698768616,True
5.3992.N,5.3992,N,Qual carro tem TV a cabo? Gol.,0,0,2.5625,-2.35546875,-4.91796875,0.9927391409873962,0.007260866463184357,True
5.3901.H,5.3901,H,Qual o time de futebol que me deixa cheio? Fullmenense.,1,1,-1.751953125,1.09765625,2.849609375,0.054701510816812515,0.9452984929084778,True
5.3143.H,5.3143,H,Qual o pós-sol dos heróis? Os Vinga Ardores.,1,1,-1.720703125,1.134765625,2.85546875,0.054399315267801285,0.945600688457489,True
5.1614.H,5.1614,H,O que dizer pra um cego que tenta ler mas não consegue? Segue o braille,1,1,-1.81640625,1.115234375,2.931640625,0.050611432641744614,0.9493886232376099,True
5.3762.N,5.3762,N,Qual é o jogador de futebol que sempre se protege do sol? Ronaldinho,0,0,2.755859375,-2.62109375,-5.376953125,0.9953994154930115,0.0046006194315850735,True
4.542.N,4.542,N,Qual é o prato perfeito dos dentistas? Pasta frittata.,0,1,-1.74609375,1.3447265625,3.0908203125,0.04348749667406082,0.9565125107765198,False
4.122.N,4.122,N,O que é um byte? São oito bites.,0,0,0.9716796875,-1.078125,-2.0498046875,0.8859278559684753,0.11407211422920227,True
5.3172.N,5.3172,N,Onde a vaca compra ovo de Páscoa? Na Cacau show.,0,1,-1.8837890625,1.16015625,3.0439453125,0.04547959193587303,0.9545204043388367,False
5.3793.H,5.3793,H,Qual rede das lojas é maior que o Trump? Mais que Donald.,1,1,-1.1318359375,0.69189453125,1.82373046875,0.13898684084415436,0.8610131144523621,True
4.470.N,4.470,N,Porque é que o mar é grande? Porque os peixes fazem blue...blue...blue ...,0,1,-1.734375,0.9384765625,2.6728515625,0.06459445506334305,0.9354054927825928,False
4.56.N,4.56,N,Porque é que os contabilistas são bons a fazer contas? Porque tabuada é com eles.,0,1,-1.6728515625,1.029296875,2.7021484375,0.06284669786691666,0.9371532797813416,False
5.263.H,5.263,H,Qual é o nome do filme protagonizado por duas motos bem nervosas? Fúria de titãs.,1,0,1.1572265625,-1.400390625,-2.5576171875,0.928083598613739,0.07191641628742218,False
5.872.N,5.872,N,Qual comediante vive com calor? Renato Aragão.,0,0,2.94921875,-2.708984375,-5.658203125,0.9965233206748962,0.0034766506869345903,True
5.3659.H,5.3659,H,Qual integrante dos Castro Brothers gosta de te estudar na língua culta? Estudar-te,1,1,-0.73291015625,0.213623046875,0.946533203125,0.27958256006240845,0.7204174399375916,True
5.281.H,5.281,H,Qual é o cantor que melhor improvisa com as ferramentas que tem à disposição? Sidney Magayver.,1,1,-1.1171875,0.76025390625,1.87744140625,0.13268303871154785,0.8673169612884521,True
2.5.N,2.5,N,Sabe por que não seria bom um filme só sobre números? Porque seria uma matemática.,0,1,-1.6318359375,0.7958984375,2.427734375,0.08108211308717728,0.9189178347587585,False
5.1613.N,5.1613,N,"Como se faz para uma laranja virar uma cobra? Faz cosquinha nela, aí nada acontece.",0,0,0.96826171875,-1.1328125,-2.10107421875,0.8910075426101685,0.10899246484041214,True
5.85.H,5.85,H,Qual é a tartaruga ninja que vive na Disney?  O Mickeylângelo.,1,1,-2.076171875,1.4541015625,3.5302734375,0.028463026508688927,0.9715369939804077,True
4.420.N,4.420,N,Porque é que a Joana foi à farmácia? Foi comprar creme para os pontos negros.,0,0,0.501953125,-0.64794921875,-1.14990234375,0.7594931125640869,0.24050691723823547,True
4.201.N,4.201,N,Era uma vez uma cidade onde quase todas as motos eram Yamaha . Qual é o filme? Pocahontas.,0,1,-1.94140625,1.58203125,3.5234375,0.028652671724557877,0.9713473320007324,False
5.979.N,5.979,N,Qual doce causa vômito em crianças latinas? Enjoa niña.,0,1,-1.216796875,1.26953125,2.486328125,0.0768221989274025,0.9231777787208557,False
4.120.N,4.120,N,Que nome se dá a um árabe com problemas de visão? Árabe.,0,0,2.21875,-2.11328125,-4.33203125,0.9870296716690063,0.012970385141670704,True
5.2752.N,5.2752,N,""" "" "" Qual o poeta mais mortal da língua portuguesa? Mário Quintana "" "" """,0,0,1.3095703125,-1.0849609375,-2.39453125,0.9164093732833862,0.08359067887067795,True
5.1165.H,5.1165,H,Qual parte do corpo que ajuda os pedreiros? A Coluna ServeCal.,1,1,-1.9541015625,1.443359375,3.3974609375,0.03237491101026535,0.967625081539154,True
5.2282.N,5.2282,N,"Por que num determinado dia, o aluno do cursinho mentia pra todo mundo? Porque era dia da mentira.",0,0,1.3251953125,-1.5537109375,-2.87890625,0.946793794631958,0.053206201642751694,True
5.1182.H,5.1182,H,Por que o Chico Buarque foi preso na saída do Santander? Por Assaltimbanco.,1,1,-1.7490234375,1.2998046875,3.048828125,0.04526809602975845,0.9547319412231445,True
4.678.H,4.678,H,Acabei de abrir a conta da água e a conta da luz ao mesmo tempo. Fiquei em choque.,1,0,1.6142578125,-1.451171875,-3.0654296875,0.9554439783096313,0.04455598071217537,False
5.793.H,5.793,H,Qual a rede social mais usada pelas mulheres no Oriente Médio? Faceburca.,1,1,-1.8994140625,1.5234375,3.4228515625,0.03158888220787048,0.9684111475944519,True
5.2452.H,5.2452,H,Qual é o salgado muito bom que não deixa ninguem transar? Empada foda.,1,1,-1.8798828125,1.568359375,3.4482421875,0.03082132525742054,0.9691786766052246,True
5.3645.N,5.3645,N,Qual é o desenho onde o personagem principal só consegue dinheiro em outro planeta? Pato Donald.,0,0,2.69140625,-2.671875,-5.36328125,0.9953363537788391,0.0046636550687253475,True
5.2861.N,5.2861,N,Qual religiosa não é bonita? A freira,0,0,2.603515625,-2.578125,-5.181640625,0.9944126009941101,0.005587385967373848,True
5.2149.N,5.2149,N,Qual o filme da Disney que o Faustão mais gosta? Cinderela!,0,0,2.673828125,-2.666015625,-5.33984375,0.995226263999939,0.004773722030222416,True
5.433.H,5.433,H,Qual passarinho mais resistente que existe? A AnDurinha.,1,1,-2.044921875,1.3779296875,3.4228515625,0.03158888220787048,0.9684111475944519,True
4.17.N,4.17,N,Em que local do planeta se encontram mais leprosos? Na Ilha Sorokdo.,0,1,-2.064453125,1.505859375,3.5703125,0.027376487851142883,0.9726234674453735,False
4.665.N,4.665,N,O que disse a Selena Gomez quando encontrou o aspirador? Aqui está!,0,0,0.771484375,-1.2509765625,-2.0224609375,0.883135199546814,0.11686475574970245,True
3.1.N,3.1,N,Qual o contrário de paixão? Indiferença.,0,0,2.033203125,-1.9521484375,-3.9853515625,0.9817532300949097,0.01824677549302578,True
5.495.H,5.495,H,Qual pseudo celebridade agora canta rap? Jay Z Arruda.,1,1,-1.8359375,1.353515625,3.189453125,0.039564553648233414,0.9604353904724121,True
4.29.H,4.29,H,Qual é o único animal que anda com as patas? O pato.,1,0,2.7265625,-2.6484375,-5.375,0.9953904151916504,0.004609572235494852,False
5.1560.H,5.1560,H,Como se chama a bicicleta que ficou em segundo lugar? A vicecleta.,1,0,0.548828125,-0.6982421875,-1.2470703125,0.7767922878265381,0.22320769727230072,False
5.3297.N,5.3297,N,Que apresentador guarda arquivos de voz dos convidados? Sílvio Santos.,0,0,2.916015625,-2.826171875,-5.7421875,0.9968024492263794,0.0031974869780242443,True
5.3825.N,5.3825,N,Qual o mês do Popó? Agosto.,0,0,1.376953125,-1.34765625,-2.724609375,0.9384632706642151,0.06153674051165581,True
5.3901.N,5.3901,N,Qual o time de futebol que me deixa cheio? Grêmio.,0,0,2.099609375,-2.048828125,-4.1484375,0.9844563603401184,0.015543648041784763,True
5.2449.H,5.2449,H,Qual é o pintor que vai para Aparecida a pé? O Romeiro Britto.,1,1,-1.8056640625,1.173828125,2.9794921875,0.04836098849773407,0.95163893699646,True
4.311.H,4.311,H,Porque é que a Torre de Pisa está inclinada? Porque está em itálico.,1,1,-0.52099609375,-0.165771484375,0.355224609375,0.41211602091789246,0.5878839492797852,True
5.479.N,5.479,N,Por que os mamíferos são os únicos animais que conseguem tossir? Porque só o leite que tem gordura.,0,1,-0.487060546875,0.22705078125,0.714111328125,0.3286910355091095,0.6713089942932129,False
5.444.H,5.444,H,Por que a pessoa que vive rindo de si mesmo nunca é Barrada em lugar algum? Porque ela é Auto-risada.,1,1,-2.138671875,1.3232421875,3.4619140625,0.03041553497314453,0.9695844650268555,True
5.3037.N,5.3037,N,Qual cidade norte-americana que tem magia? Tampa.,0,0,0.73583984375,-0.7216796875,-1.45751953125,0.8111530542373657,0.18884700536727905,True
5.2360.H,5.2360,H,Por que a atleta foi presa por atentado ao pudor enquanto jogava? Porque estava jogando uma pelada.,1,1,-0.50390625,0.05242919921875,0.55633544921875,0.36439579725265503,0.635604202747345,True
5.3330.N,5.3330,N,Qual é o cara incentivador de suicidas? É o cara insensível!,0,0,1.216796875,-1.3369140625,-2.5537109375,0.927822470664978,0.07217757403850555,True
4.214.N,4.214,N,Chamei Maria a uma galinha e não consegui parar de rir . Era uma avé Maria cheia de graça.,0,1,-1.9580078125,0.94189453125,2.89990234375,0.05215839296579361,0.9478416442871094,False
5.3027.H,5.3027,H,Qual o estado americano preferido dos sadomasoquistas? Misurre.,1,1,-1.4970703125,0.69970703125,2.19677734375,0.1000402644276619,0.8999598026275635,True
5.1408.N,5.1408,N,Por qual pasta de dente você não paga nada? A Sorriso.,0,1,-2.068359375,1.115234375,3.18359375,0.039787814021110535,0.960212230682373,False
5.2844.H,5.2844,H,Como o padre bateu o carro? Dando uma rezinha,1,1,-0.402099609375,-0.284423828125,0.11767578125,0.4706149697303772,0.5293850302696228,True
5.4012.H,5.4012,H,O que o hipopótamo fez com a casa dele? Hipopotecou.,1,1,-1.75390625,1.0751953125,2.8291015625,0.05577168986201286,0.9442282915115356,True
5.782.N,5.782,N,Qual a tartaruga ninja que mais gosta de dormir? O Leonardo.,0,0,2.6640625,-2.58203125,-5.24609375,0.9947595000267029,0.005240449216216803,True
5.1614.N,5.1614,N,O que dizer pra um cego que tenta ler mas não consegue? Leia em braille,0,0,-0.22021484375,-0.424072265625,-0.203857421875,0.5507885813713074,0.44921138882637024,True
5.849.N,5.849,N,Por que a namorada do Mickey quando não está bem começa a tirar as coisas? Porque ela é Minnie Má Lista.,0,1,-2.15234375,1.3876953125,3.5400390625,0.028194217011332512,0.9718057513237,False
5.1279.N,5.1279,N,Qual ator mirim não lava os dentes? MaCarie Culkin.,0,1,-1.76171875,1.1982421875,2.9599609375,0.049267832189798355,0.9507321119308472,False
4.445.N,4.445,N,De que material são compostas as pedras nos rins? De xisto.,0,0,1.1396484375,-1.1083984375,-2.248046875,0.9044819474220276,0.0955180749297142,True
5.1560.N,5.1560,N,Como se chama a bicicleta que ficou em segundo lugar? Vice colocada.,0,0,0.468994140625,-0.57373046875,-1.042724609375,0.7393753528594971,0.26062461733818054,True
5.1189.N,5.1189,N,Que elemento químico a gente avalia depois de usar? Hélio.,0,0,2.23828125,-2.283203125,-4.521484375,0.9892441034317017,0.010755925439298153,True
5.806.N,5.806,N,"Em qual época o Brasileiro foi mais magro? Na época do movimento "" Caras Pintadas "".",0,0,0.7255859375,-0.794921875,-1.5205078125,0.8206132054328918,0.17938674986362457,True
5.2507.N,5.2507,N,Qual é o aparelho que nunca para de mexer? A biruta.,0,1,-0.7470703125,0.5908203125,1.337890625,0.2078571766614914,0.7921428084373474,False
5.2638.H,5.2638,H,Quem é a pessoa que só escreve histórias sobre felinos depressivos? Agatha Triste.,1,1,-1.7939453125,1.1611328125,2.955078125,0.049497056752443314,0.9505029916763306,True
5.3658.N,5.3658,N,Qual comediante se formou em uma escola agrotécnica? Rony Rios,0,0,2.2265625,-2.087890625,-4.314453125,0.9868026375770569,0.013197362422943115,True
4.226.H,4.226,H,Porque é que o Power Point está feliz? Porque teve um diapositivo.,1,1,-1.8828125,1.275390625,3.158203125,0.04076926410198212,0.9592307209968567,True
5.2491.N,5.2491,N,Qual é a dupla sertaneja favorita dos velhos? Leandro e Leonardo.,0,0,2.90234375,-2.724609375,-5.626953125,0.9964134097099304,0.003586615901440382,True
4.493.H,4.493,H,Que nome se dá a uma pessoa alérgica a arroz? Basmatica.,1,1,-0.62109375,0.2900390625,0.9111328125,0.2867681086063385,0.7132319211959839,True
5.2780.H,5.2780,H,Qual quadro que a minha mulher adora fazer resenha? A mô analisa.,1,1,-1.294921875,1.14453125,2.439453125,0.08021325618028641,0.9197867512702942,True
4.697.N,4.697,N,"Como se diz "" terror "" em japonês? Hora.",0,0,1.93359375,-1.9560546875,-3.8896484375,0.9799574017524719,0.02004261501133442,True
5.403.H,5.403,H,Qual figura religiosa não sabe a quem pertence? Madre Teresa de Qual que Tá?,1,1,-1.7646484375,1.5458984375,3.310546875,0.03521113842725754,0.9647889137268066,True
5.1001.N,5.1001,N,"O filho pediu para o pai levá-lo para ver boosa nova e o pai concordou . Qual é o nome da música? "" Eu sei que vou te amar...""",0,0,1.75390625,-1.787109375,-3.541015625,0.9718325734138489,0.028167473152279854,True
5.993.N,5.993,N,Qual o super-herói fala sueco? Volverine,0,0,1.5908203125,-1.513671875,-3.1044921875,0.95707768201828,0.04292233660817146,True
5.578.H,5.578,H,Como se chama o cara que ficou rico vendendo pipoca? Milhonário.,1,1,-0.68896484375,0.50439453125,1.193359375,0.23265863955020905,0.7673413753509521,True
5.700.H,5.700,H,Qual alimento respeita a igreja católica e a medicina oriental? Amémdo-in.,1,1,-1.86328125,1.263671875,3.126953125,0.04200905188918114,0.9579908847808838,True
4.120.H,4.120,H,Que nome se dá a um árabe com problemas de visão? Estarábico.,1,1,-1.6435546875,0.9169921875,2.560546875,0.07172112166881561,0.9282788634300232,True
5.3421.H,5.3421,H,Qual a escola de samba favorita do genitor de alguém que é feliz sozinho? Mocidade independente do Pai de Miguel.,1,1,-1.958984375,1.2451171875,3.2041015625,0.03901166468858719,0.9609882831573486,True
5.1937.N,5.1937,N,Qual apresentador é o mais duas caras? Marcos Mion.,0,0,2.6796875,-2.533203125,-5.212890625,0.9945835471153259,0.005416410975158215,True
5.1110.N,5.1110,N,"O que o psicanalista adora dizer no meio do sexo? Vai, me fode.",0,1,-1.26953125,1.00390625,2.2734375,0.09334688633680344,0.9066531658172607,False
5.4029.N,5.4029,N,"Qual pássaro quer fazer fuxico sobre uma mulher, mas esquece o que ia falar? Sabiá",0,0,2.396484375,-2.265625,-4.662109375,0.9906418919563293,0.009358113631606102,True
5.358.N,5.358,N,Qual cidade incentiva o uso do tato? Curitiba.,0,0,2.486328125,-2.421875,-4.908203125,0.9926683902740479,0.007331598084419966,True
5.2200.N,5.2200,N,Qual é o filme favorito da cabra? A bruxa de blair,0,1,-1.9287109375,1.146484375,3.0751953125,0.04414209723472595,0.9558579325675964,False
4.418.H,4.418,H,"Qual é o masculino de ""tábua""? Eu até dizia, mas é tabu.",1,0,0.60791015625,-0.73193359375,-1.33984375,0.7924642562866211,0.2075357586145401,False
5.1831.N,5.1831,N,"Qual jogador tentou acertar o cantor, mas errou? Messi.",0,0,2.431640625,-2.349609375,-4.78125,0.9916841983795166,0.008315778337419033,True
5.2144.H,5.2144,H,Porque não se paga bandido com cheque? Porque o crime não compensa. ,1,0,0.8369140625,-1.21875,-2.0556640625,0.8865187168121338,0.1134813129901886,False
5.2058.H,5.2058,H,Como você chama um droid pirata? Arrrr2-D2 ,1,1,-1.8466796875,1.5517578125,3.3984375,0.032344333827495575,0.9676556587219238,True
5.1001.H,5.1001,H,"O filho pediu para o pai levá-lo para ver tartarugas e o pai concordou. Qual é o nome da música? ""Eu sei que vou Tamar...""",1,1,-1.5419921875,0.962890625,2.5048828125,0.07551658153533936,0.9244834184646606,True
4.250.H,4.250,H,Qual é a especialidade de um médico bipolar? Otorrino otochorando.,1,1,-1.8720703125,1.3505859375,3.22265625,0.03832197189331055,0.9616780281066895,True
4.491.N,4.491,N,Não há muitos elefantes em Moçambique . Mas no Zimbabué há.,0,1,-1.2451171875,0.61865234375,1.86376953125,0.1342642903327942,0.865735650062561,False
4.446.N,4.446,N,Qual é a banda preferida dos obesos? A banda Queen.,0,0,1.556640625,-1.41796875,-2.974609375,0.9514138102531433,0.04858620837330818,True
4.324.H,4.324,H,Quais são as escadas que demoram mais a subir? São as escadas em caracol.,1,1,-1.4462890625,0.658203125,2.1044921875,0.1086609736084938,0.8913390040397644,True
5.2938.H,5.2938,H,Qual é a comida do pássaro gigante que toca trompete? O alpistão.,1,0,0.17236328125,-0.229248046875,-0.401611328125,0.5990747213363647,0.40092527866363525,False
2.5.H,2.5,H,Sabe por que não seria bom um filme só sobre números? Porque seria uma má temática.,1,0,0.2451171875,-0.595703125,-0.8408203125,0.6986379623413086,0.3013620674610138,False
5.3172.H,5.3172,H,Onde a vaca compra ovo de Páscoa? Na cowcow show.,1,1,-1.998046875,1.4208984375,3.4189453125,0.03170859441161156,0.9682914614677429,True
5.3890.H,5.3890,H,Qual cantora pop sempre te convida pra tomar uma xícara de café? Madonna Florinda.,1,1,-1.5927734375,0.943359375,2.5361328125,0.07336363941431046,0.9266363382339478,True
5.1314.N,5.1314,N,Por que a manicure foi demitida? Porque ela estava chengando atrasada.,0,1,-2.029296875,1.44921875,3.478515625,0.029929745942354202,0.9700703024864197,False
5.2861.H,5.2861,H,Qual religiosa não é bonita? A freia ,1,1,-1.95703125,1.3466796875,3.3037109375,0.03544410318136215,0.9645559191703796,True
5.3732.H,5.3732,H,Qual caneta gosta de dar dura nas pessoas? Caneta de enquadro.,1,1,-0.9111328125,0.65478515625,1.56591796875,0.17279909551143646,0.8272008895874023,True
4.542.H,4.542,H,Qual é o prato perfeito dos dentistas? Pasta al dente.,1,1,-1.5234375,0.904296875,2.427734375,0.08108211308717728,0.9189178347587585,True
5.2010.H,5.2010,H,Qual é a padroeira de quem vive dando voltas? Nossa Senhora de GuadaLoop ,1,1,-1.994140625,1.4365234375,3.4306640625,0.0313507616519928,0.9686492681503296,True
5.2609.N,5.2609,N,O que o anão estava fazendo com a bola de futebol? Chutes.,0,0,2.1953125,-2.189453125,-4.384765625,0.9876876473426819,0.012312324717640877,True
5.2895.H,5.2895,H,Qual cantor só vê notícias pela internet? Ig Pop ,1,1,-1.650390625,1.224609375,2.875,0.053403329104185104,0.9465966820716858,True
5.162.N,5.162,N,O que são dois pontinhos marrons no palco? Bruno e Marrone.,0,0,2.306640625,-2.306640625,-4.61328125,0.9901782274246216,0.009821793995797634,True
5.3962.H,5.3962,H,Qual passarinho grita muito? João de Berro.,1,1,-0.5732421875,0.5205078125,1.09375,0.25091278553009033,0.7490872144699097,True
5.793.N,5.793,N,Qual a rede social mais usada pelas mulheres no Oriente Médio? Instagram.,0,0,2.34765625,-2.236328125,-4.583984375,0.9898892045021057,0.010110845789313316,True
5.1272.H,5.1272,H,Qual rato que mais trabalha pela cultura do Brasil? MinC Mouse.,1,1,-1.7685546875,0.9326171875,2.701171875,0.0629042461514473,0.9370958209037781,True
4.40.N,4.40,N,"Hoje no trânsito disse "" amo-te "" a um semáforo . O semáforo mudou.",0,0,1.1953125,-1.3662109375,-2.5615234375,0.9283438920974731,0.07165613770484924,True
5.2467.N,5.2467,N,Qual Rapper só toca em aniversários? Dr Dre,0,0,1.9052734375,-1.7919921875,-3.697265625,0.9758085012435913,0.024191483855247498,True
5.4025.H,5.4025,H,Nome de cervejaria em homenagem a um grande cantor brasileiro? CauBEER PeiCHOPPS.,1,1,-2.041015625,1.583984375,3.625,0.02595735900104046,0.9740425944328308,True
5.495.N,5.495,N,Qual pseudo celebridade agora canta rap? Carol Conká.,0,1,-1.8203125,1.1650390625,2.9853515625,0.04809204488992691,0.9519079327583313,False
4.204.N,4.204,N,Como é que os drogados espirram? Achim!,0,1,-1.5703125,1.080078125,2.650390625,0.06596492975950241,0.934035062789917,False
5.2959.N,5.2959,N,Qual empresa responsável por encher o avião?  Azul.,0,0,2.427734375,-2.28515625,-4.712890625,0.991101086139679,0.008898884057998657,True
5.226.H,5.226,H,Um homem TODO DIA molha e coloca para secar um OB. Por que? PORQUE ELE ESTÁ OB SECADO,1,1,-2.0625,1.1650390625,3.2275390625,0.038142431527376175,0.9618575572967529,True
5.578.N,5.578,N,Como se chama o cara que ficou rico vendendo tomate? Milhonário.,0,1,-1.033203125,0.76318359375,1.79638671875,0.14229147136211395,0.8577085137367249,False
5.3119.H,5.3119,H,Qual o nome da mãe do super-herói que nunca vai em praia com águas geladas? Martha Kent.,1,0,1.8896484375,-1.748046875,-3.6376953125,0.9743616580963135,0.025638297200202942,False
4.435.N,4.435,N,"Como é que se diz "" médico estagiário "" em japonês? Kenshui",0,1,-0.372314453125,0.1328125,0.505126953125,0.37633657455444336,0.6236634254455566,False
5.3934.H,5.3934,H,Qual a bebida do Rei? Luwhisk 15,1,1,-1.7607421875,1.251953125,3.0126953125,0.0468556247651577,0.9531443119049072,True
5.615.H,5.615,H,Qual e a marca preferida de carro dos jogadores de futebol? Chevrolé!,1,0,1.6572265625,-1.6162109375,-3.2734375,0.9635062217712402,0.03649376332759857,False
5.806.H,5.806,H,"Em qual época o Brasileiro foi mais magro? Na época do movimento ""Dietas Já"".",1,0,0.52490234375,-0.62158203125,-1.146484375,0.7588682174682617,0.24113182723522186,False
5.1657.N,5.1657,N,Qual é a lanchonete favorita dos góticos? KFC.,0,1,-0.68017578125,0.328125,1.00830078125,0.26731249690055847,0.7326874732971191,False
4.635.H,4.635,H,Por que é que o Mozart vai à igreja? Porque Amadeus.,1,1,-1.5,0.8427734375,2.3427734375,0.08764190226793289,0.9123581051826477,True
5.3511.N,5.3511,N,Qual ex-piloto era um índio pronto pro ataque? Nenhum.,0,0,1.8212890625,-2.044921875,-3.8662109375,0.9794918298721313,0.020508162677288055,True
4.283.N,4.283,N,Qual é o carro que consegue transportar mais porcos? É o Nissan Qashqai.,0,1,-0.7490234375,0.34912109375,1.09814453125,0.250087708234787,0.7499122619628906,False
5.1825.H,5.1825,H,Qual é o jogador de futebol mais míope? Quasimiro,1,1,-1.5908203125,1.2265625,2.8173828125,0.05639204382896423,0.9436079859733582,True
5.2058.N,5.2058,N,Como você chama um droid pirata? R2-D2,0,1,-1.5751953125,1.3388671875,2.9140625,0.05146276578307152,0.9485372304916382,False
4.389.H,4.389,H,Qual é a semelhança entre um careca e o Museu do Louvre? Ambos têm a Mona Lisa.,1,1,-0.6767578125,0.208984375,0.8857421875,0.291989266872406,0.708010733127594,True
5.3231.H,5.3231,H,Por que o rapaz não mostrou os slides em sua apresentação na empresa? Porque ele Esxcel de levar.,1,1,-1.888671875,1.23046875,3.119140625,0.04232458770275116,0.9576753973960876,True
5.3065.H,5.3065,H,Que personagem infantil só faz boquete? Oralcio.,1,1,-1.326171875,0.93310546875,2.25927734375,0.09455221146345139,0.905447781085968,True
5.2008.H,5.2008,H,Em qual cidade todas as pedras preciosas e incomuns são protegidas? Guardá-la Rara ,1,1,-1.654296875,1.1669921875,2.8212890625,0.05618453398346901,0.9438154101371765,True
5.234.N,5.234,N,Por que o pai de santo doou as calças? PORQUE É DANDO QUE SE RECEBE,0,0,0.0085296630859375,-0.1998291015625,-0.2083587646484375,0.5519020557403564,0.44809791445732117,True
5.2841.N,5.2841,N,Qual o ator que produz vinho? Nicholas Cage,0,0,1.6357421875,-1.4775390625,-3.11328125,0.95743727684021,0.04256272688508034,True
5.3776.H,5.3776,H,Qual é a banda mais consumida no dia a dia ? Pearl Jam com Arroz ,1,1,-1.876953125,1.6181640625,3.4951171875,0.029451480135321617,0.9705485105514526,True
5.2021.N,5.2021,N,Qual é o cantor que faz buracos no céu? Ca Wando,0,1,-1.8583984375,1.4716796875,3.330078125,0.03455362468957901,0.9654463529586792,False
5.650.H,5.650,H,Em que país só se anda de carro grande? Jamais Ka.,1,1,-1.8974609375,1.373046875,3.2705078125,0.03659692034125328,0.9634031057357788,True
5.1387.H,5.1387,H,Qual cantora escreveu Sitio do Picapau Amarelo? A Demi Lobato.,1,1,-1.8740234375,1.2734375,3.1474609375,0.04119143635034561,0.9588085412979126,True
5.3509.H,5.3509,H,Qual é o cantor que tem problemas respiratórios? Erasma Carlos.,1,0,0.45458984375,-0.6689453125,-1.12353515625,0.7546439170837402,0.24535614252090454,False
2.19.N,2.19,N,Todos morrem uma só vez . A Alanis também.,0,0,1.515625,-1.560546875,-3.076171875,0.9558990597724915,0.04410091042518616,True
5.3058.N,5.3058,N,Qual assassino possui um vasto conhecimento? John Wick.,0,0,1.7041015625,-1.58984375,-3.2939453125,0.9642205834388733,0.03577948734164238,True
5.3733.N,5.3733,N,Qual é o esporte de praia que deixa a bola bêbada? Frescobol.,0,0,1.580078125,-1.69921875,-3.279296875,0.963711678981781,0.0362882986664772,True
4.174.N,4.174,N,O que é que o Xutos e Pontapés e um micro-ondas têm em comum? Nada!,0,0,1.6298828125,-1.8994140625,-3.529296875,0.9715099930763245,0.02849004417657852,True
5.2250.N,5.2250,N,Qual fantasia que a vaca usou no Halloween? Vaca,0,0,2.486328125,-2.4140625,-4.900390625,0.9926113486289978,0.007388675585389137,True
5.1408.H,5.1408,H,Por qual pasta de dente você não paga nada? A Colgrátis.,1,1,-1.828125,1.0302734375,2.8583984375,0.054248809814453125,0.9457511901855469,True
4.151.N,4.151,N,Qual é a sobremesa que nunca sai direita? É a pavlova.,0,0,1.796875,-1.7861328125,-3.5830078125,0.9729595184326172,0.027040472254157066,True
5.3839.H,5.3839,H,Qual o filme favorito do ator Jim Carney? Acém Ventura.,1,1,-1.5341796875,0.69970703125,2.23388671875,0.09674844890832901,0.9032515287399292,True
5.2397.H,5.2397,H,Qual o Podcast favorito desse canal? PODCASTRO.,1,1,-1.94140625,1.4248046875,3.3662109375,0.0333683118224144,0.9666317105293274,True
5.2014.H,5.2014,H,Em que parte do casa todos se encontram? Na área de ser visto ,1,1,-0.352294921875,0.10736083984375,0.45965576171875,0.3870675265789032,0.6129325032234192,True
4.523.N,4.523,N,Qual é o canal preferido dos dálmatas? É o Canal dos cães.,0,0,0.2098388671875,-0.4287109375,-0.6385498046875,0.6544255614280701,0.34557443857192993,True
4.706.H,4.706,H,Qual é o lema do Instagram? Carpe DM.,1,1,-1.7783203125,1.2236328125,3.001953125,0.047337718307971954,0.9526622891426086,True
5.4079.H,5.4079,H,Onde as pessoas andam sem roupa? Nudes erto.,1,1,-1.7529296875,1.0830078125,2.8359375,0.05541279539465904,0.944587230682373,True
5.912.H,5.912,H,Qual é a parte do computador que não é do bem? O mouse.,1,0,1.2333984375,-1.3173828125,-2.55078125,0.9276259541511536,0.07237402349710464,False
5.2449.N,5.2449,N,Qual é o pintor que vai para Aparecida a pé? O Di Cavalcanti.,0,0,2.318359375,-2.26953125,-4.587890625,0.9899281859397888,0.010071824304759502,True
5.3703.N,5.3703,N,Que atriz trabalha como lixeira? Mia Goth.,0,1,-1.9453125,1.396484375,3.341796875,0.03416481614112854,0.9658352136611938,False
5.2592.H,5.2592,H,Qual a composição do peido do Papa? 100% benzeno.,1,0,0.79638671875,-1.0498046875,-1.84619140625,0.8636792898178101,0.13632069528102875,False
5.1722.H,5.1722,H,Qual personagem do Monteiro Lobato era fã de Just Dance? Tia Anastasia.,1,0,1.787109375,-1.7978515625,-3.5849609375,0.9730108976364136,0.026989132165908813,False
5.3169.H,5.3169,H,Que rainha rosna como música? Queen Lati Fa.,1,1,-1.8466796875,1.30859375,3.1552734375,0.04088399559259415,0.9591160416603088,True
4.267.N,4.267,N,"Quando o menino chegou a casa, a mãe dele vira-se: Limpa os pés que estão cheios de Terra.",0,1,0.0035877227783203125,0.0753173828125,0.07172966003417969,0.4820752441883087,0.5179247260093689,False
5.1462.N,5.1462,N,Qual o jogo preferido da galera de Stranger Things? FIFA.,0,0,1.474609375,-1.5810546875,-3.0556640625,0.955026388168335,0.04497356712818146,True
5.1397.H,5.1397,H,Qual é o personagem da Marvel que é um pão? Breadpool.,1,1,-2.07421875,1.486328125,3.560546875,0.027637720108032227,0.972362220287323,True
4.259.H,4.259,H,O que é que acontece quando o Frodo morre? Passam-lhe uma certidão de Hobbit.,1,1,-0.431884765625,0.343017578125,0.77490234375,0.31541958451271057,0.684580385684967,True
5.4012.N,5.4012,N,O que o hipopótamo fez com a casa dele? Vendeu.,0,0,2.01171875,-2.07421875,-4.0859375,0.9834704995155334,0.01652955822646618,True
5.3492.H,5.3492,H,"Qual a banda que, quando nasceu, era alimentada por criminosas? Mamou nas assassinas.",1,1,-1.7646484375,1.3330078125,3.09765625,0.04320403188467026,0.9567959308624268,True
5.1937.H,5.1937,H,Qual é a nave que quem nasceu até a década de 70 não pode entrar? Millenial Falcon ,1,1,-1.767578125,1.048828125,2.81640625,0.05644403025507927,0.9435559511184692,True
4.245.N,4.245,N,Que se diz a um homem que via mas agora já não vê? Tu vias.,0,1,-0.27197265625,-0.1815185546875,0.0904541015625,0.47740188241004944,0.5225980877876282,False
5.1434.H,5.1434,H,Por que o queijo estava estudando matemática? Para encontrar o cheese da questão.,1,1,-2.013671875,1.3583984375,3.3720703125,0.03317983075976372,0.9668201208114624,True
5.3228.H,5.3228,H,Qual o nome do argentino que criou uma lei de incentivo? Juan E.,1,0,0.217041015625,-0.258544921875,-0.4755859375,0.6167050004005432,0.3832949697971344,False
4.89.N,4.89,N,"Como é que se diz "" ano "" na Índia? वर्ष.",0,0,1.5703125,-1.7001953125,-3.2705078125,0.9634031057357788,0.03659692034125328,True
4.416.N,4.416,N,Que ator é o maior pão de Hollywood? O William Pitt.,0,0,2.2109375,-2.0625,-4.2734375,0.9862577319145203,0.013742320239543915,True
4.71.N,4.71,N,Porque é que uma mulher pediu a noz-moscada ao filho na cozinha? Porque não tinha canela para pôr no bolo.,0,1,-1.1220703125,0.484619140625,1.606689453125,0.16704873740673065,0.8329512476921082,False
4.733.H,4.733,H,Há anos que procurava um cavalo que bebesse vinho. Para encontrar um foi preciso ir a cascos de rolha.,1,1,-1.9541015625,1.0830078125,3.037109375,0.04577726870775223,0.9542226791381836,True
4.162.H,4.162,H,"Porque é que o papel higiénico atravessou a estrada? Não conseguiu, ficou preso numa racha.",1,0,0.970703125,-0.86669921875,-1.83740234375,0.8626412153244019,0.13735881447792053,False
4.276.H,4.276,H,Uma mulher tropeça e cai em cima de um cão. Qual é o filme? Senta em um dálmata.,1,1,-1.7958984375,1.3642578125,3.16015625,0.04069295525550842,0.959307074546814,True
5.2548.H,5.2548,H,"O que o velho vaidoso disse em frente ao espelho? Vai, idoso!",1,0,0.44873046875,-0.75146484375,-1.2001953125,0.7685595154762268,0.231440469622612,False
5.1870.N,5.1870,N,O que você precisa fazer quando perde a senha? Recorrer a recuperação de senha.,0,0,0.427978515625,-0.7734375,-1.201416015625,0.7687765955924988,0.23122340440750122,True
5.3033.H,5.3033,H,Qual o único apresentador que usa aliança? Anel só o Rubens.,1,1,-0.9599609375,0.7705078125,1.73046875,0.15052764117717743,0.8494724035263062,True
4.591.H,4.591,H,Alguém quer comprar um barómetro avariado? Sem pressão...,1,1,-0.56201171875,0.245849609375,0.807861328125,0.3083464205265045,0.6916536092758179,True
4.193.N,4.193,N,"Hoje, vinte mulheres convidaram-me a sair do WC . Nunca mais entro no WC das mulheres.",0,0,0.328857421875,-0.552734375,-0.881591796875,0.7071519494056702,0.29284802079200745,True
5.3732.N,5.3732,N,Qual caneta gosta de dar conhecimento às pessoas? Caneta de quadro.,0,0,0.689453125,-0.79443359375,-1.48388671875,0.8151589035987854,0.1848410665988922,True
5.3953.N,5.3953,N,"Que movimento político ficou de apurar os fatos históricos, mas mentiu de certa forma? Revisionismo.",0,0,0.60205078125,-0.8095703125,-1.41162109375,0.8040214776992798,0.19597847759723663,True
5.1756.H,5.1756,H,O quê o ciclista foi fazer nos correios? Comprar um selim,1,0,0.82958984375,-0.91015625,-1.73974609375,0.8506547808647156,0.14934518933296204,False
4.96.H,4.96,H,Que nome se dá a um cacto engraçado? Ri-cardo.,1,1,-1.8056640625,1.1884765625,2.994140625,0.047691281884908676,0.9523086547851562,True
4.125.N,4.125,N,O que é que os russos dizem quando mandam uma bola ao cão? Vai!,0,0,0.498291015625,-0.86962890625,-1.367919921875,0.7970439195632935,0.20295612514019012,True
5.345.N,5.345,N,Qual banda que torce pra polícia não acertar? Police.,0,1,-1.0107421875,0.74267578125,1.75341796875,0.14761659502983093,0.8523833751678467,False
5.1233.H,5.1233,H,Por que a criança voltou da casa dos avós sem a mão? Porque era má neta.,1,1,-2.04296875,1.11328125,3.15625,0.04084571823477745,0.9591543078422546,True
5.2922.H,5.2922,H,No que trabalha o trator quebrado? Ex tração,1,1,-1.33203125,0.79052734375,2.12255859375,0.10692350566387177,0.8930765390396118,True
5.978.N,5.978,N,Qual é a novela em que Eva zoa Adão? Gênesis.,0,0,0.208984375,-0.1473388671875,-0.3563232421875,0.5881500840187073,0.41184988617897034,True
4.198.H,4.198,H,"Porque é que a febre tifóide é tão perigosa? Porque ou tu a curas, ou ela tifóide mesmo.",1,1,-1.9736328125,1.2490234375,3.22265625,0.03832197189331055,0.9616780281066895,True
3.17.H,3.17,H,Que nome se dá a uma ferramenta perdida? Foice.,1,1,-1.7119140625,1.14453125,2.8564453125,0.054349105805158615,0.9456508755683899,True
4.267.H,4.267,H,"Quando o ET chegou a casa, a mãe dele vira-se: Limpa os pés que estão cheios de Terra.",1,1,-0.454833984375,0.298583984375,0.75341796875,0.32007700204849243,0.6799229979515076,True
5.3272.H,5.3272,H,Qual a comida favorita do ET? Ovine de Codorna.,1,1,-1.8173828125,1.3369140625,3.154296875,0.04092230647802353,0.9590777158737183,True
5.2944.N,5.2944,N,"Qual foi o aviso que Hermione deu para avisar que um colega reprovou na prova? "" Lucius reprovou . """,0,1,-0.490966796875,0.20751953125,0.698486328125,0.33214789628982544,0.6678520441055298,False
5.2612.H,5.2612,H,Qual música tem coreografia diurética? A dança do maisxixi.,1,1,-2.076171875,1.3154296875,3.3916015625,0.032558973878622055,0.9674410820007324,True
5.3635.H,5.3635,H,Qual é o nome do jogo de luta que só se pode jogar tomando tequila? Tequila of Fighters.,1,1,-1.435546875,0.9287109375,2.3642578125,0.08593913912773132,0.9140608906745911,True
5.2597.H,5.2597,H,Qual seria a profissão perfeita para o Tony Tornado? Promotor de eVENTOS.,1,0,0.9140625,-1.1728515625,-2.0869140625,0.8896247744560242,0.11037521809339523,False
5.3421.N,5.3421,N,Qual a escola de samba favorita do Zeca Pagodinho? Mocidade independente de Padre Miguel.,0,1,-1.09765625,0.6943359375,1.7919921875,0.14282864332199097,0.857171356678009,False
4.411.H,4.411,H,Alpinistas? Há por aí aos montes.,1,0,1.3818359375,-1.375,-2.7568359375,0.940298318862915,0.059701740741729736,False
4.109.N,4.109,N,Que nome se dá a um cão que vai à missa? Cão crente.,0,1,-0.92529296875,0.58056640625,1.505859375,0.18155324459075928,0.8184467554092407,False
4.311.N,4.311,N,Porque é que a escrita está inclinada? Porque está em itálico.,0,1,-0.42919921875,-0.1251220703125,0.3040771484375,0.424561083316803,0.575438916683197,False
4.430.H,4.430,H,O que diz um testículo para o outro? Vamos mas é trabalhar que o patrão está teso.,1,1,-1.6181640625,1.1416015625,2.759765625,0.059537485241889954,0.9404625296592712,True
4.437.H,4.437,H,"O que diz o fósforo para a caixa? Quando roço em ti, perco a cabeça.",1,0,0.7734375,-0.76806640625,-1.54150390625,0.8236832618713379,0.1763167679309845,False
4.615.N,4.615,N,"A eletricidade está tão cara, tão cara, que a EDP decidiu mudar o nome para Luz de Ouro.",0,1,-0.63671875,0.18798828125,0.82470703125,0.30476540327072144,0.6952346563339233,False
5.696.H,5.696,H,Qual é o super-herói de quem todo mundo lembra? The Flash Back.,1,1,-1.9326171875,1.162109375,3.0947265625,0.04332530498504639,0.9566746950149536,True
3.4.N,3.4,N,Qual é o animal que não vale mais nada? O tatu.,0,0,2.515625,-2.443359375,-4.958984375,0.9930289387702942,0.006971116177737713,True
5.1100.H,5.1100,H,Qual é a regra de matemática preferida dos funkeiros? Regra de Sarrus.,1,1,-1.634765625,0.94384765625,2.57861328125,0.070527583360672,0.9294724464416504,True
5.3839.N,5.3839,N,Qual o filme favorito do ator Jim Carney? Ace Ventura.,0,1,-1.4482421875,0.75439453125,2.20263671875,0.0995139554142952,0.9004859924316406,False
4.411.N,4.411,N,Alpinistas? Há por aí nos montes.,0,0,0.4501953125,-0.5869140625,-1.037109375,0.73829185962677,0.2617080807685852,True
5.3395.H,5.3395,H,Qual o remédio que te convence a pedir um carro pra vc se deslocar? Vick vai por Uber.,1,1,-1.865234375,1.4951171875,3.3603515625,0.033557821065187454,0.9664421677589417,True
5.1495.N,5.1495,N,Qual o herói favorito de Deus? Clark Kent.,0,0,2.390625,-2.1953125,-4.5859375,0.9899086952209473,0.01009131595492363,True
5.2455.N,5.2455,N,Onde o Mickey gosta de morar? No prédio.,0,0,2.423828125,-2.46875,-4.892578125,0.9925537705421448,0.007446194067597389,True
5.444.N,5.444,N,Por que a pessoa que vive rindo de si mesmo nunca é Barrada em lugar algum? Porque ela é carismática.,0,0,1.8681640625,-1.7744140625,-3.642578125,0.9744833707809448,0.025516601279377937,True
5.1337.N,5.1337,N,Qual autor o Harry Potter lê quando está doente? O Alvo Dumbledore.,0,1,-1.9697265625,1.470703125,3.4404296875,0.031055551022291183,0.9689443707466125,False
5.3006.H,5.3006,H,Qual país só tem coisas sem utilidade? As tralha.,1,1,-1.6123046875,1.2216796875,2.833984375,0.0555151142179966,0.9444848895072937,True
5.203.N,5.203,N,Por que muitos jogadores do Corínthians não foram à festa de comemoração do título brasileiro? Porque a festa foi muito longe . Lá na casa do Fagner!,0,0,0.380859375,-0.923828125,-1.3046875,0.7866228222846985,0.21337716281414032,True
5.3330.H,5.3330,H,Qual é o cara incentivador de suicidas? É o cara Pópular!,1,1,-1.951171875,1.361328125,3.3125,0.03514484688639641,0.9648551344871521,True
5.635.N,5.635,N,Qual é o policial que não gosta de gente com boca suja? Guarda municipal.,0,0,1.9619140625,-2.009765625,-3.9716796875,0.9815067052841187,0.01849331147968769,True
5.2738.N,5.2738,N,Po que a gente se sente mais equilibrado ao entrar em um rodízio? Porque ali é um restaurante,0,0,0.5361328125,-0.91455078125,-1.45068359375,0.8101035952568054,0.1898963898420334,True
5.964.H,5.964,H,Qual é a cantora que tomou conta do Menino Jesus? Babá de Belém.,1,1,-1.9462890625,1.1494140625,3.095703125,0.04328484833240509,0.9567152261734009,True
5.1287.H,5.1287,H,Qual cantor gosta de chocolate? Kit-Kat Stevens.,1,1,-1.8251953125,1.365234375,3.1904296875,0.03952746465802193,0.960472583770752,True
5.22.N,5.22,N,Quando é que o David Copperfield sabe quando tem gente chegando na casa dele? Olhando pelo interfone.,0,0,1.4560546875,-1.52734375,-2.9833984375,0.9518184065818787,0.04818153381347656,True
5.1361.H,5.1361,H,Qual é o melhor legume que existe? A Better raba.,1,1,-1.9140625,1.2958984375,3.2099609375,0.03879259154200554,0.961207389831543,True
4.152.N,4.152,N,Já estreou o novo espetáculo com bonecos ao vivo . É uma peça de teatro.,0,0,1.6318359375,-1.642578125,-3.2744140625,0.9635405540466309,0.03645944595336914,True
5.3911.N,5.3911,N,Qual a cidade as pessoas rezam e fazem artesanato? Em Budas Artes.,0,1,-1.716796875,1.0703125,2.787109375,0.05802474915981293,0.9419752359390259,False
5.958.H,5.958,H,Qual é a lenda que sempre conta os dias? O K Lendário.,1,1,-1.9091796875,1.263671875,3.1728515625,0.04020024836063385,0.9597998261451721,True
5.7.H,5.7,H,Por que a feijoada estava triste? Porque colocaram ela na panela depressão.,1,1,-1.8837890625,1.38671875,3.2705078125,0.03659692034125328,0.9634031057357788,True
5.20.H,5.20,H,Qual é o estado americano que não cai duas vezes no mesmo lugar? Ohio.,1,0,0.51904296875,-0.505859375,-1.02490234375,0.7359263896942139,0.26407358050346375,False
5.1202.H,5.1202,H,Porque os pãezinhos nos EUA são cor de abóbora?  Porque é um pumpkin nininho.,1,1,-2.083984375,1.435546875,3.51953125,0.028761589899659157,0.9712384939193726,True
5.1287.N,5.1287,N,Qual cantor gosta de chocolate? Frank Sinatra.,0,0,2.595703125,-2.423828125,-5.01953125,0.9934357404708862,0.0065642488189041615,True
4.733.N,4.733,N,Há anos que procurava um Homem  que bebesse vinho . Para encontrar um foi preciso Ir perguntar .,0,1,-1.263671875,0.630859375,1.89453125,0.13072867691516876,0.8692712783813477,False
4.708.H,4.708,H,Qual é a cantora preferida dos cirurgiões? É a Anastasia.,1,0,2.525390625,-2.30859375,-4.833984375,0.9921080470085144,0.007891984656453133,False
5.2789.H,5.2789,H,por que o beta não avança no relacionamento? porque se não ele gama. ,1,1,-1.298828125,0.9130859375,2.2119140625,0.09868568927049637,0.9013143181800842,True
4.385.H,4.385,H,"Dois gémeos foram presos por homicídio, mas passado um tempo libertaram o que estava mais gordo. Porque o que não mata, engorda.",1,1,-0.51123046875,0.06964111328125,0.58087158203125,0.35873210430145264,0.6412679553031921,True
5.3511.H,5.3511,H,Qual ex-piloto era um índio pronto pro ataque? Mim Ka Salo.,1,1,-1.9326171875,1.3681640625,3.30078125,0.035544395446777344,0.9644556045532227,True
5.3668.N,5.3668,N,Por que o frango caipira não tem problemas jurídicos de identidade? Porque ele não tem hormônios.,0,0,1.12109375,-1.486328125,-2.607421875,0.9313377141952515,0.06866227835416794,True
5.3391.H,5.3391,H,Qual cantora famosa nasceu em La Paz? Bolívia Newton-John.,1,1,-1.9033203125,1.2421875,3.1455078125,0.04126865044236183,0.9587313532829285,True
4.151.H,4.151,H,Qual é a sobremesa que nunca sai direita? É a torta.,1,0,2.251953125,-2.22265625,-4.474609375,0.9887337684631348,0.011266295798122883,False
5.3623.N,5.3623,N,Qual é o detetive que assiste tênis? Ace Ventura.,0,1,-1.3974609375,0.78125,2.1787109375,0.10167861729860306,0.8983213901519775,False
5.3498.H,5.3498,H,Qual o sanduba do Tom Brady? X-egg Bündchen.,1,1,-1.9697265625,1.3876953125,3.357421875,0.03365296125411987,0.9663469791412354,True
4.131.N,4.131,N,Qual é o jogo preferido das batatas fritas? É o Uno.,0,1,-1.1494140625,0.677734375,1.8271484375,0.13857834041118622,0.8614217042922974,False
5.848.N,5.848,N,Qual personagem da Disney que ninguém gosta? Jafar.,0,0,2.529296875,-2.455078125,-4.984375,0.9932025074958801,0.00679753115400672,True
5.1515.H,5.1515,H,Qual super herói que tem fetiche com a própria mãe? Édipool.,1,1,-1.896484375,1.3681640625,3.2646484375,0.036804068833589554,0.9631959199905396,True
5.3409.N,5.3409,N,Qual é a melhor coisa pra se desejar a um amigo no Natal? Boas Festas.,0,0,0.9638671875,-1.2578125,-2.2216796875,0.9021795392036438,0.0978204682469368,True
5.30.H,5.30,H,Por que o elefante não pega fogo? Porque ele é cinza.,1,0,-0.1700439453125,-0.179931640625,-0.0098876953125,0.502471923828125,0.4975281059741974,False
5.3872.H,5.3872,H,Qual atriz é a rainha do marketing brasileiro? Bruna Marketingne,1,1,-1.8623046875,1.001953125,2.8642578125,0.05394897982478142,0.9460510015487671,True
4.229.H,4.229,H,A minha amiga asiática ficou doente. Mas eu Coreia.,1,1,-1.166015625,0.62451171875,1.79052734375,0.14300808310508728,0.8569919466972351,True
5.3370.H,5.3370,H,"Qual ator é a junção de um tigre, um super-herói e um cantor? Tony Thor Naldo.",1,1,-1.84375,1.21484375,3.05859375,0.04484790563583374,0.9551520943641663,True
5.1808.H,5.1808,H,Qual é o animal preferido dos Beatles? Ornitorringo,1,1,-1.83203125,1.2607421875,3.0927734375,0.04340633004903793,0.9565936326980591,True
5.3478.H,5.3478,H,Com qual marcha o porco anda? Carré.,1,0,0.277587890625,-0.442626953125,-0.72021484375,0.6726543307304382,0.32734566926956177,False
4.731.N,4.731,N,"Como é que uma Pessoa elogia uma mulher alta? Eh lá, hoje estás Espantosa!",0,1,-1.90625,1.1708984375,3.0771484375,0.04405976086854935,0.9559402465820312,False
4.502.N,4.502,N,"Segui as instruções na embalagem da lasanha que dizia para colocar o forno a 180 graus . Agora como é que eu abro a porta, se o forno está tão quente?",0,0,0.970703125,-1.2138671875,-2.1845703125,0.8988553285598755,0.10114466398954391,True
4.343.N,4.343,N,Qual é a nacionalidade de um canalizador de bigode? É um mexicano.,0,0,1.927734375,-1.755859375,-3.68359375,0.9754835963249207,0.024516336619853973,True
5.1743.N,5.1743,N,"Quando o Superman morreu, como o vilão dele ficou? De folga.",0,1,-1.015625,0.478759765625,1.494384765625,0.18326450884342194,0.8167355060577393,False
5.1250.N,5.1250,N,"Qual a carne que rapidamente disse "" ooooh ""? Picanha.",0,0,2.453125,-2.615234375,-5.068359375,0.9937466382980347,0.006253384985029697,True
5.3855.H,5.3855,H,Qual o nome que se dá para o assassinato em massa na galáxia do universo da Marvel? Crimes simulThanos.,1,1,-1.8388671875,1.1708984375,3.009765625,0.04698663949966431,0.9530133008956909,True
5.2188.H,5.2188,H,Cantor favorito dos pedreiros? Amado Batistaca ,1,1,-1.798828125,1.3369140625,3.1357421875,0.04165676236152649,0.9583432078361511,True
4.374.N,4.374,N,Porque é que na Polónia ninguém se perde? Porque lá há muita sinalização.,0,0,0.0345458984375,-0.423583984375,-0.4581298828125,0.6125704050064087,0.38742953538894653,True
5.958.N,5.958,N,Qual é a lenda que sempre conta os dias? O calendário.,0,0,1.734375,-1.849609375,-3.583984375,0.9729852676391602,0.02701479196548462,True
4.174.H,4.174,H,O que é que o Xutos e Pontapés e um micro-ondas têm em comum? Tim!,1,0,-0.0078887939453125,-0.390869140625,-0.3829803466796875,0.5945916771888733,0.4054082930088043,False
3.4.H,3.4,H,Qual é o animal que não vale mais nada? O javali.,1,0,1.8857421875,-1.779296875,-3.6650390625,0.9750359654426575,0.024964014068245888,False
5.4025.N,5.4025,N,Nome de cervejaria em homenagem a um grande cantor brasileiro? Capitão Bock.,0,1,-2.056640625,1.4091796875,3.4658203125,0.030300550162792206,0.9696994423866272,False
5.4028.H,5.4028,H,Por que o piloto não gosta de passar no meio da nuvem com o avião? Porque ele tem Cloudstrofobia.,1,1,-1.798828125,1.140625,2.939453125,0.05023736506700516,0.9497627019882202,True
5.3461.N,5.3461,N,Onde os artistas americanos dão chilique de tanto dar autógrafos? No tapete vermelho.,0,0,2.296875,-2.28125,-4.578125,0.9898303151130676,0.01016965787857771,True
4.73.N,4.73,N,Porque é que as loiras só fazem sexo uma vez por ano? Porque o sexo anual não engravida.,0,1,-1.03125,0.2415771484375,1.2728271484375,0.21877364814281464,0.7812262773513794,False
4.73.H,4.73,H,Porque é que as loiras só fazem sexo uma vez por ano? Porque o sexo anal não engravida.,1,1,-0.9609375,0.338134765625,1.299072265625,0.21432119607925415,0.7856788039207458,True
5.589.N,5.589,N,Qual é a fruta preferida do Neymar? A uva branca.,0,0,2.05859375,-1.9736328125,-4.0322265625,0.9825742840766907,0.01742575503885746,True
5.3355.H,5.3355,H,O que mais excita o fazendeiro ? EmpôlGado no Pasto.,1,1,-1.919921875,1.6337890625,3.5537109375,0.02782202512025833,0.9721779823303223,True
5.2136.N,5.2136,N,Qual é a massa servida nos EUA? Espaguete,0,0,2.3984375,-2.390625,-4.7890625,0.9917484521865845,0.008251599036157131,True
5.1739.H,5.1739,H,Qual parte da bicicleta quem se chama Guilherme nunca precisa comprar? Guidão.,1,0,1.7861328125,-1.73046875,-3.5166015625,0.9711564779281616,0.02884354069828987,False
4.713.H,4.713,H,O que é um anão? É um ano bissexto.,1,1,-1.7861328125,0.8388671875,2.625,0.06754669547080994,0.9324532747268677,True
4.551.H,4.551,H,Um iogurte fora de prazo mata uma família inteira. Qual é o filme? Activia Paranormal.,1,1,-0.55615234375,0.264892578125,0.821044921875,0.30554190278053284,0.6944581270217896,True
5.83.N,5.83,N,Qual é o animal que mais sofre com enfermidades? O gato.,0,0,2.716796875,-2.6640625,-5.380859375,0.9954172372817993,0.00458276504650712,True
5.3793.N,5.3793,N,Qual rede das lojas é maior que o Trump? McDonald's.,0,0,2.08984375,-2.083984375,-4.173828125,0.9848400950431824,0.01515985932201147,True
4.108.H,4.108,H,"Uma feminista perguntou-me de que forma eu via as relações lésbicas. Parece que ""em HD"" não era a resposta correta...",1,1,-1.314453125,0.54248046875,1.85693359375,0.1350608766078949,0.8649391531944275,True
5.2070.H,5.2070,H,Qual é a banda favorita do império galáctico? Kylo R.E.M. ,1,1,-2.134765625,1.5546875,3.689453125,0.02437659539282322,0.975623369216919,True
5.20.N,5.20,N,Qual é o estado americano que não cai duas vezes no mesmo lugar? Massachusetts.,0,0,0.341064453125,-0.362548828125,-0.70361328125,0.6689884066581726,0.3310116231441498,True
5.1956.H,5.1956,H,O que a vaca foi fazer na delegacia? Um bom leitinho de ocorrência ,1,1,-2.087890625,1.12890625,3.216796875,0.03853849321603775,0.9614614844322205,True
5.2764.N,5.2764,N,Qual cantora não come carne? A VegetaRhianna.,0,1,-1.994140625,1.244140625,3.23828125,0.03775027021765709,0.9622496962547302,False
5.30.N,5.30,N,Por que o elefante não pega fogo? Porque ele é branco.,0,0,1.0400390625,-1.0810546875,-2.12109375,0.8929365277290344,0.10706345736980438,True
5.2203.H,5.2203,H,Qual é o documento que não deixa claro quando a pessoa nasceu? Incertidão de nascimento.,1,0,-0.1385498046875,-0.2056884765625,-0.067138671875,0.5167783498764038,0.4832216203212738,False
5.3166.H,5.3166,H,Por que o jardineiro estava passando necessidade? Andava meio sem grama.,1,1,-1.4384765625,0.958984375,2.3974609375,0.0833665132522583,0.9166334867477417,True
4.227.N,4.227,N,O que é que acontece quando o Aladino esfrega a lamparina mágica debaixo de água? Aparece o génio.,0,1,-0.327880859375,-0.1370849609375,0.1907958984375,0.45244520902633667,0.5475547909736633,False
4.201.H,4.201,H,Era uma vez uma cidade onde quase todas as motos eram Yamaha. Qual é o filme? Poca Hondas.,1,1,-1.8720703125,1.36328125,3.2353515625,0.037856847047805786,0.9621431827545166,True
5.2144.N,5.2144,N,Porque não se paga bandido com cheque? Porque o crime não beneficia.,0,1,-0.41552734375,0.09521484375,0.5107421875,0.37501955032348633,0.6249805092811584,False
4.539.N,4.539,N,"Será que os meus amigos vão passar férias a países do médio oriente? Uns, sim . Os outros, não .",0,0,2.0,-1.93359375,-3.93359375,0.9808025360107422,0.01919744908809662,True
5.2689.H,5.2689,H,Renata voltou do médico com o braço furado. Qual é o acontecimento histórico? Rê volta da Vacina.,1,1,-1.908203125,1.1962890625,3.1044921875,0.04292233660817146,0.95707768201828,True
5.2789.N,5.2789,N,por que o beta não avança no relacionamento? porque se não ele se machuca.,0,0,0.8671875,-0.7138671875,-1.5810546875,0.8293538093566895,0.17064616084098816,True
5.2243.H,5.2243,H,Por que a mulher com carteira assinada nunca tira a lingerie? Porque ela tá de renda fixa ,1,1,-1.8642578125,1.1142578125,2.978515625,0.048405956476926804,0.9515940546989441,True
5.3807.N,5.3807,N,Qual senador que proíbe piadas? Confúcio Moura.,0,0,1.845703125,-1.84375,-3.689453125,0.975623369216919,0.02437659539282322,True
5.2252.H,5.2252,H,Qual personagem de desenho falsifica assinaturas com caneta? Bic Vigarista ,1,1,-1.951171875,1.2939453125,3.2451171875,0.03750273957848549,0.9624972343444824,True
5.2193.H,5.2193,H,Qual é a bala favorita dos pedreiros? Cimenthos,1,1,-1.5634765625,0.98388671875,2.54736328125,0.07260382175445557,0.9273961782455444,True
4.617.H,4.617,H,Por que é que o Napoleão era sempre convidado para todas as festas? Porque era bom na party.,1,1,-1.6767578125,0.66552734375,2.34228515625,0.08768094331026077,0.9123190641403198,True
5.2938.N,5.2938,N,Qual é a comida do pássaro gigante que toca trompete? O alpiste.,0,0,0.25537109375,-0.386962890625,-0.642333984375,0.6552808284759521,0.34471914172172546,True
4.217.H,4.217,H,Quando estiveres triste abraça um sapato. Um sapato com sola.,1,0,0.630859375,-0.6962890625,-1.3271484375,0.7903685569763184,0.20963144302368164,False
5.1250.H,5.1250,H,"Qual a carne que rapidamente disse ""ooooh""? Carne disse oh já.",1,1,-1.8837890625,1.21484375,3.0986328125,0.04316368326544762,0.9568363428115845,True
4.166.N,4.166,N,Uma assistente de moda foi despedido . Qual é o filme? O Diabo Veste Prada.,0,1,-1.2294921875,1.029296875,2.2587890625,0.09459402412176132,0.9054059386253357,False
4.388.H,4.388,H,Hoje passei por uma família de cães na rua. Foi ali em Family-cão.,1,1,-2.16796875,1.439453125,3.607421875,0.026405520737171173,0.9735944867134094,True
5.1046.H,5.1046,H,Qual o canal para fumantes infantis? Carlton Network.,1,1,-0.52880859375,0.146484375,0.67529296875,0.3373126983642578,0.662687361240387,True
5.2360.N,5.2360,N,Por que a atleta foi presa por atentado ao pudor enquanto jogava? Porque estava jogando uma partida.,0,0,0.91943359375,-1.447265625,-2.36669921875,0.9142524600028992,0.08574753999710083,True
4.226.N,4.226,N,Porque é que o João Silva está feliz? Porque teve um dia positivo.,0,0,-0.253173828125,-0.261962890625,-0.0087890625,0.502197265625,0.497802734375,True
5.405.N,5.405,N,Onde ficam as maiores dúvidas dos dentistas? Na cabeça.,0,1,-0.1474609375,-0.11627197265625,0.03118896484375,0.49220341444015503,0.507796585559845,False
4.433.N,4.433,N,Hoje descobri que a minha torradeira não é à prova de água . Fiquei surpreendido.,0,0,1.802734375,-1.6259765625,-3.4287109375,0.9685898423194885,0.03141012787818909,True
5.1006.H,5.1006,H,Qual a concorrente mais desbocada da Marvel??? DC Gonçalves.,1,1,-1.6796875,1.2578125,2.9375,0.05033063143491745,0.949669361114502,True
4.322.H,4.322,H,Qual é a semelhança entre um sapato e uma PlayStation? Ambos são consola.,1,1,-1.76953125,1.26171875,3.03125,0.04603390395641327,0.9539660811424255,True
5.1140.H,5.1140,H,Qual é a moeda preferida que quem fica em casa cuidando dos filhos? Do Lar,1,1,-1.1796875,0.68017578125,1.85986328125,0.13471899926662445,0.8652810454368591,True
5.3521.H,5.3521,H,"O que o cara gritava quando foi preso por 171? ""Mentira daqui!""",1,1,-1.4462890625,1.18359375,2.6298828125,0.06723979860544205,0.9327601790428162,True
5.614.N,5.614,N,Qual é o carro preferido do Ricardo? Logan.,0,0,2.248046875,-2.181640625,-4.4296875,0.9882221817970276,0.011777842417359352,True
4.660.N,4.660,N,"Como se chama um cão sem donos? Não se chama, vai-se buscar.",0,1,-0.35205078125,-0.04656982421875,0.30548095703125,0.42421814799308777,0.5757818222045898,False
4.250.N,4.250,N,Qual é a especialidade de um médico bipolar? Otorrinolaringologista .,0,0,1.8310546875,-1.7021484375,-3.533203125,0.9716179370880127,0.02838212251663208,True
5.3787.N,5.3787,N,Qual ator estrangeiro já foi PM? Guiliano Gemma,0,1,-1.9443359375,1.251953125,3.1962890625,0.039305612444877625,0.960694432258606,False
4.259.N,4.259,N,O que é que acontece quando o Frodo morre? Passam-lhe uma certidão de óbito.,0,0,1.8095703125,-1.5419921875,-3.3515625,0.966156005859375,0.03384403511881828,True
5.3623.H,5.3623,H,Qual é o detetive que joga tênis? Ace Ventura.,1,1,-1.34765625,0.75,2.09765625,0.10932483524084091,0.8906751871109009,True
4.435.H,4.435,H,"Como é que se diz ""médico estagiário"" em japonês? Otikuro Otimato",1,1,-1.8427734375,1.46484375,3.3076171875,0.03531079366803169,0.9646891355514526,True
5.3581.H,5.3581,H,Qual artista gosta de pintar os personagens de Toy Story usando cores bem vivas? O Andy Warhol.,1,0,2.671875,-2.484375,-5.15625,0.9942697286605835,0.005730246193706989,False
5.2534.N,5.2534,N,Onde moram os dançarinos da Xuxa? São Paulo.,0,0,2.8984375,-2.75390625,-5.65234375,0.9965029954910278,0.0034970100969076157,True
4.463.N,4.463,N,Qual é o melhos carro para o dia-a-dia e conforto? É o Volkswagen Bora!,0,1,-1.2783203125,1.0078125,2.2861328125,0.09227796643972397,0.9077220559120178,False
5.1678.H,5.1678,H,O que acontece com o homem do interior que cai e bate a cabeça? Cai e pira.,1,0,0.51953125,-0.69384765625,-1.21337890625,0.7708962559700012,0.22910374402999878,False
4.333.N,4.333,N,Em quantas partes se parte o corpo do homem? Depende da força da pancada.,0,0,1.79296875,-1.8076171875,-3.6005859375,0.973418116569519,0.02658182755112648,True
5.2237.H,5.2237,H,"Qual o cantor que, ao descobrir que é corno, resolve partir pra briga com o amante? Pau no Ricardo ",1,1,-0.888671875,0.697265625,1.5859375,0.16995622217655182,0.8300437331199646,True
5.1431.N,5.1431,N,Qual é o nome do X-Men que é ginecologista? Wolverine.,0,0,2.529296875,-2.474609375,-5.00390625,0.9933330416679382,0.006666931323707104,True
4.431.H,4.431,H,"""Ontem"" não tem H. ""Hoje"" tem H. Como as coisas mudam de um dia para o outro...",1,0,0.84423828125,-1.0791015625,-1.92333984375,0.8725103735923767,0.1274895966053009,False
5.638.N,5.638,N,Onde o mineiro aprendeu inglês? No trem!,0,0,2.49609375,-2.427734375,-4.923828125,0.9927812218666077,0.007218752522021532,True
4.167.N,4.167,N,Qual é o passatempo preferido de um mexicano de 12 anos? Bricar às escondidas.,0,0,1.8916015625,-1.978515625,-3.8701171875,0.9795701503753662,0.02042984403669834,True
5.1286.N,5.1286,N,Qual o nome do piloto do dirigível? Feodor Nenov.,0,0,0.006984710693359375,-0.11138916015625,-0.11837387084960938,0.5295589566230774,0.4704410433769226,True
5.263.N,5.263,N,Qual é o nome do filme protagonizado por duas motos bem nervosas? A parede.,0,0,1.0966796875,-1.42578125,-2.5224609375,0.9257014989852905,0.07429851591587067,True
4.213.H,4.213,H,Como é que se chama uma empregada doméstica chinesa? Lee-xívia.,1,1,-1.8671875,1.2568359375,3.1240234375,0.04212711378931999,0.9578728675842285,True
5.108.N,5.108,N,Qual é a lagoa que não sabe o alfabeto? Pampulha.,0,0,2.01953125,-1.9443359375,-3.9638671875,0.9813643097877502,0.01863565482199192,True
5.2929.N,5.2929,N,Qual é a cantora mais conhecida por assédio? é a Lizzo,0,1,-1.404296875,1.046875,2.451171875,0.07935290038585663,0.920647144317627,False
5.4098.N,5.4098,N,Qual molho é sempre servido em proporções exageradas? De tomate.,0,0,2.064453125,-2.103515625,-4.16796875,0.984752357006073,0.015247589908540249,True
5.3027.N,5.3027,N,Qual o estado americano preferido dos sadomasoquistas? Nevada.,0,0,1.119140625,-1.044921875,-2.1640625,0.896975576877594,0.1030244380235672,True
4.616.H,4.616,H,Por que é que os hospitais não atendem plantinhas? Porque só têm médicos de plantão.,1,0,0.2001953125,-0.60693359375,-0.80712890625,0.6914973258972168,0.3085026443004608,False
5.638.H,5.638,H,Onde o mineiro aprendeu inglês? No Uai...zap!,1,1,-2.009765625,1.55859375,3.568359375,0.02742854133248329,0.9725714921951294,True
4.510.N,4.510,N,"No outro dia estava a lavar o carro com o meu filho, vira-se ele: Pai, porque é que usas uma esponja?",0,0,1.6728515625,-1.369140625,-3.0419921875,0.9544354677200317,0.045564450323581696,True
5.3890.N,5.3890,N,Qual cantora pop sempre te convida pra tomar uma xícara de café? Beyoncé.,0,0,2.7265625,-2.646484375,-5.373046875,0.9953814744949341,0.004618542734533548,True
4.472.H,4.472,H,Qual é a fruta mais comum nos churrascos? É o açaí.,1,0,2.1796875,-2.3203125,-4.5,0.9890130758285522,0.010986942797899246,False
5.683.N,5.683,N,Qual é a jornalista mais genérica do mundo? Lucy Morgan.,0,0,1.91015625,-1.8583984375,-3.7685546875,0.9774355292320251,0.022564494982361794,True
5.3058.H,5.3058,H,Qual assassino possui um vasto conhecimento? John Wick Pédia.,1,1,-1.900390625,1.1591796875,3.0595703125,0.04480608552694321,0.9551938772201538,True
5.1043.H,5.1043,H,Qual é o pokémon da umbanda? O pikaEXU,1,1,-2.23828125,1.4453125,3.68359375,0.024516336619853973,0.9754835963249207,True
4.417.N,4.417,N,Porque é que os daltónicos têm péssima memória? Porque não sabem nada decor.,0,1,-1.751953125,1.0634765625,2.8154296875,0.05649606138467789,0.9435039758682251,False
4.632.N,4.632,N,Nem todos os esqueletos ouvem . Só os que têm ouvidos.,0,0,0.4404296875,-0.64697265625,-1.08740234375,0.7478922605514526,0.25210773944854736,True
5.87.H,5.87,H,Qual a embarcação criada para salvar os dinossauros do dilúvio?  A arca DINO É,1,1,-2.091796875,1.3056640625,3.3974609375,0.03237491101026535,0.967625081539154,True
5.872.H,5.872,H,Qual comediante vive com calor? Renato Abane.,1,1,-1.74609375,1.15234375,2.8984375,0.05223085731267929,0.9477691650390625,True
5.2959.H,5.2959,H,Qual empresa responsável por encher o avião? Infla Aero.,1,1,-1.8779296875,1.16015625,3.0380859375,0.04573463276028633,0.9542653560638428,True
5.710.H,5.710,H,Como se faz para desenterrar um Jockey? É só escavá-lo.,1,1,-0.5087890625,0.28759765625,0.79638671875,0.3107989728450775,0.6892010569572449,True
5.2008.N,5.2008,N,Em qual cidade todas as pedras preciosas e incomuns são protegidas? Sertãozinho,0,0,1.427734375,-1.33984375,-2.767578125,0.9408984184265137,0.05910154804587364,True
5.200.H,5.200,H,"O que o pão disse para o padeiro quando este abriu o forno? ""Assôoo""!",1,1,-1.560546875,1.0380859375,2.5986328125,0.0692264661192894,0.9307735562324524,True
5.141.N,5.141,N,Qual o herói da ovelha? Batman.,0,0,2.15625,-2.119140625,-4.275390625,0.9862841367721558,0.013715874403715134,True
5.2183.N,5.2183,N,Qual é a hortaliça que faz sucesso no norte e nordeste? Macaxeira,0,0,2.587890625,-2.513671875,-5.1015625,0.9939496517181396,0.006050397641956806,True
4.312.H,4.312,H,Porque é que a mulher do Einstein usa bikini? Porque tem um bom físico.,1,0,1.20703125,-1.1923828125,-2.3994140625,0.9167826771736145,0.08321738243103027,False
5.1449.H,5.1449,H,Po rque o carteiro foi à feira? Porque tinha uma carta na manga.,1,1,-1.71484375,0.96337890625,2.67822265625,0.06427068263292313,0.9357292652130127,True
5.1272.N,5.1272,N,Qual rato que mais trabalha pela cultura do Brasil? Mickey Mouse.,0,1,-0.56201171875,0.166015625,0.72802734375,0.32562777400016785,0.6743722558021545,False
5.1858.H,5.1858,H,Que cantora faz pequenas transmissões na internet? Avril Livinha.,1,1,-1.7919921875,1.1279296875,2.919921875,0.0511774942278862,0.9488224983215332,True
5.229.N,5.229,N,Qual inseto está muito gordo? Mosquito.,0,0,2.3828125,-2.298828125,-4.681640625,0.9908213019371033,0.009178773500025272,True
5.1078.H,5.1078,H,Qual o bolo mais barulhento que existe? Bolo de Noises.,1,1,-1.224609375,0.8095703125,2.0341796875,0.11566072702407837,0.8843392729759216,True
5.1746.H,5.1746,H,Por que o ciclista ficou com medo de entrar na mata? Porque ele viu umacobra radical,1,1,-2.060546875,1.1630859375,3.2236328125,0.0382859967648983,0.961713969707489,True
4.583.H,4.583,H,"""Cada dia, temos de fazer com que as pequenas coisas contem"" - disse a professora de matemática de anões.",1,1,-1.005859375,0.400634765625,1.406494140625,0.19678761065006256,0.8032124042510986,True
5.3079.H,5.3079,H,Qual o cineasta mais odiado em Goiânia? Martin ScorCÉSIO.,1,1,-1.875,1.2509765625,3.1259765625,0.0420483723282814,0.9579516053199768,True
5.3143.N,5.3143,N,Qual o grupo dos heróis? Os Vingadores.,0,0,2.09765625,-2.208984375,-4.306640625,0.9867004752159119,0.013299493119120598,True
5.841.N,5.841,N,Qual escritor usava roupas de frio? Edgar Alã Põe.,0,1,-1.763671875,1.3837890625,3.1474609375,0.04119143635034561,0.9588085412979126,False
5.1657.H,5.1657,H,Qual é a lanchonete favorita dos góticos? Black Donald's.,1,1,-0.783203125,0.41748046875,1.20068359375,0.23135361075401306,0.7686463594436646,True
4.217.N,4.217,N,Quando estiveres triste abraça um sapato . Um sapato consola.,0,0,0.5634765625,-0.60009765625,-1.16357421875,0.7619816064834595,0.2380184680223465,True
5.1858.N,5.1858,N,Qual é o cigarro que todos os comediantes gostam? Malboro.,0,1,-1.3173828125,0.9853515625,2.302734375,0.09089675545692444,0.9091032147407532,False
5.75.H,5.75,H,Qual é o contrário de centopeia? Levantomãofoi.,1,1,-1.8369140625,1.2763671875,3.11328125,0.04256272688508034,0.95743727684021,True
5.2606.H,5.2606,H,Qual a figura mitológica mais velha? Antígona.,1,0,2.333984375,-2.359375,-4.693359375,0.9909272193908691,0.009072806686162949,False
4.46.N,4.46,N,Estão dois gatinhos à procura da mãe . Qual é o filme? Os Aristogatos.,0,1,-1.32421875,0.68212890625,2.00634765625,0.11853806674480438,0.8814619183540344,False
5.2988.H,5.2988,H,Qual microorganismo é sempre passado pra trás? Protozotário.,1,0,1.5458984375,-1.677734375,-3.2236328125,0.961713969707489,0.0382859967648983,False
4.186.H,4.186,H,Qual é a série preferida dos cagalhões? Prison Break.,1,1,-0.701171875,0.170166015625,0.871337890625,0.29497596621513367,0.705024003982544,True
5.964.N,5.964,N,Qual é a cantora que tomou conta do Menino Jesus? Gal Costa.,0,0,2.916015625,-2.783203125,-5.69921875,0.9966625571250916,0.003337404690682888,True
5.5.N,5.5,N,Por que o celular foi para o centro de reabilitação? Porque a bateria estava perdendo-se.,0,0,0.486572265625,-0.86328125,-1.349853515625,0.7941056489944458,0.20589430630207062,True
5.3018.H,5.3018,H,Qual a série que fala de fato quem é sua mãe? Realmente your mother.,1,1,-2.0703125,1.5263671875,3.5966796875,0.02668309211730957,0.9733169674873352,True
5.561.N,5.561,N,Qual personagem do Star Wars? xubaca.,0,0,0.0362548828125,-0.204833984375,-0.2410888671875,0.5599819421768188,0.44001802802085876,True
5.2020.N,5.2020,N,O que o nordestino disse pro amigo que sempre aceitava desaforo calado? XIA ÔMI,0,1,-2.00390625,1.076171875,3.080078125,0.043936531990766525,0.956063449382782,False
5.782.H,5.782,H,Qual a tartaruga ninja que mais gosta de dormir? O Fronhatelo.,1,1,-2.05859375,1.4560546875,3.5146484375,0.028898300603032112,0.9711017608642578,True
4.446.H,4.446,H,Qual é a banda preferida dos obesos? A banda gástrica.,1,1,-0.96533203125,0.673828125,1.63916015625,0.16257937252521515,0.8374205827713013,True
4.247.N,4.247,N,"Se algum dia te sentires triste por não receberes correio, vai ao Google e faz uma pesquisa . Vais ter milhares de explicações.",0,0,0.7744140625,-1.1533203125,-1.927734375,0.8729984164237976,0.12700155377388,True
5.1061.N,5.1061,N,Qual doença temos que coletar esperma? Prostatite.,0,1,-0.07684326171875,0.05596923828125,0.1328125,0.4668456017971039,0.5331543684005737,False
5.3381.N,5.3381,N,Qual cantora baiana gosta de heavy metal? Margareth Menezes.,0,0,2.71484375,-2.564453125,-5.279296875,0.994929850101471,0.005070175044238567,True
5.553.N,5.553,N,O que a Minnie falou pro namorado dela quando encostou na fogueira? Mickey está quente.,0,1,-1.75390625,1.265625,3.01953125,0.04655127599835396,0.9534487724304199,False
5.3728.H,5.3728,H,"Como se chama o aquecedor que honesto, humilde e honrado? Aquecedor Hs.",1,1,-1.62109375,1.0849609375,2.7060546875,0.06261702626943588,0.9373829364776611,True
4.433.H,4.433,H,Hoje descobri que a minha torradeira não é à prova de água. Fiquei chocado.,1,0,1.7763671875,-1.6630859375,-3.439453125,0.9689150452613831,0.031084952875971794,False
5.3253.H,5.3253,H,Como se chamam aqueles parentes que você não vê nunca? Os Trans Parentes.,1,1,-1.921875,1.169921875,3.091796875,0.04344689100980759,0.9565531015396118,True
5.2564.H,5.2564,H,Por que o Charlie Brown sofria de dores na cervical? Porque ele só olhava pro seum beagle.,1,1,-1.333984375,0.92822265625,2.26220703125,0.09430169314146042,0.9056982398033142,True
4.655.N,4.655,N,Hoje a São acordou toda molhada . O que aconteceu? Choveu.,0,0,1.86328125,-1.8359375,-3.69921875,0.9758545756340027,0.024145422503352165,True
5.1171.H,5.1171,H,Qual cantora espera um dia ser rainha? Mariah QUÉ REI.,1,1,-1.8447265625,1.3515625,3.1962890625,0.039305612444877625,0.960694432258606,True
5.3877.H,5.3877,H,Qual o cantor favorito da xícara? Alexandre Pires.,1,0,2.921875,-2.779296875,-5.701171875,0.9966691136360168,0.0033309145364910364,False
5.674.H,5.674,H,Qual parente sempre deixa um pouco de comida no prato? A sobrinha.,1,0,2.599609375,-2.611328125,-5.2109375,0.9945730566978455,0.005426943767815828,False
5.1670.H,5.1670,H,Qual é o app que os jardineiros fazem questão de cortar da vida social deles? Instagrama.,1,0,0.57421875,-0.7001953125,-1.2744140625,0.7814974188804626,0.21850256621837616,False
5.2252.N,5.2252,N,Qual personagem de desenho falsifica notas com caneta? Bic Vigarista,0,1,-1.9267578125,1.2275390625,3.154296875,0.04092230647802353,0.9590777158737183,False
5.122.N,5.122,N,Como chama a cerveja que você só toma de 2 em 2 anos? Skoll.,0,0,1.072265625,-1.287109375,-2.359375,0.9136765599250793,0.08632348477840424,True
5.229.H,5.229,H,Qual inseto está muito gordo? Obesouro.,1,1,-1.6630859375,1.1435546875,2.806640625,0.056966383010149,0.9430335760116577,True
5.2743.H,5.2743,H,Qual o animal que sempre tá de brinks? Tira no Sarro,1,1,-1.8564453125,1.283203125,3.1396484375,0.04150110110640526,0.9584988951683044,True
5.849.H,5.849,H,Por que a namorada do Mickey quando não está bem começa a organizar as coisas? Porque ela é Minnie Má Lista.,1,1,-2.150390625,1.373046875,3.5234375,0.028652671724557877,0.9713473320007324,True
5.3116.H,5.3116,H,Qual tipo de carne que só vai bem com cerveja? CoStella Artois.,1,1,-1.759765625,1.0927734375,2.8525390625,0.05455021560192108,0.9454497694969177,True
4.580.H,4.580,H,Que nome se dá ao karaté para amputados? Artes parciais.,1,1,-1.2333984375,0.7509765625,1.984375,0.1208532303571701,0.8791467547416687,True
5.2491.H,5.2491,H,Qual é a dupla sertaneja favorita dos leões? Leãodro e Leãonardo.,1,1,-1.8154296875,1.212890625,3.0283203125,0.04616272822022438,0.9538372755050659,True
5.3323.N,5.3323,N,Qual doce favorito do Bolsonaro? Cocada.,0,0,2.484375,-2.525390625,-5.009765625,0.9933717250823975,0.006628239527344704,True
4.420.H,4.420,H,Porque é que a joaninha foi à farmácia? Foi comprar creme para os pontos negros.,1,0,-0.13232421875,-0.311767578125,-0.179443359375,0.5447408556938171,0.45525917410850525,False
4.635.N,4.635,N,Por que é que o Mozart vai à igreja? Porque crê.,0,0,1.2666015625,-1.4072265625,-2.673828125,0.9354645609855652,0.0645354762673378,True
5.3993.H,5.3993,H,Por que o cara sentia prazer em bater em si mesmo com um sapato? Porque era um calçadomasoquista.,1,1,-1.947265625,1.310546875,3.2578125,0.03704717010259628,0.9629528522491455,True
2.18.N,2.18,N,Recolhi duas sacas de grãos para a salada.,0,0,1.07421875,-0.85205078125,-1.92626953125,0.8728359341621399,0.1271640658378601,True
5.3094.N,5.3094,N,Qual o nome do cinema pra veganos? Cinemark.,0,0,1.0029296875,-0.9775390625,-1.98046875,0.8787311315536499,0.1212688684463501,True
4.56.H,4.56,H,Porque é que os carpinteiros são bons a fazer contas? Porque tabuada é com eles.,1,1,-1.767578125,1.013671875,2.78125,0.05834583938121796,0.9416541457176208,True
5.1182.N,5.1182,N,Por que o Chico Buarque foi preso na saída do Santander? Por quebrar o banco.,0,1,-0.87744140625,0.3544921875,1.23193359375,0.2258431762456894,0.7741568684577942,False
2.18.H,2.18,H,Recolhi duas sacas de grãos para a Patrícia Pillar.,1,0,1.1630859375,-0.857421875,-2.0205078125,0.882933497428894,0.11706648766994476,False
5.2564.N,5.2564,N,Por que o Charlie Brown sofria de dores na cervical? Porque ele só olhava pro céu.,0,0,0.82421875,-1.1005859375,-1.9248046875,0.8726732134819031,0.12732674181461334,True
5.933.N,5.933,N,Qual é o nome do especialista em temperar carnes que não se esquecia do passado? Olívio.,0,1,-1.38671875,0.58056640625,1.96728515625,0.12268078327178955,0.8773192167282104,False
5.1073.N,5.1073,N,"Qual filme conta a história do casal mais perdido do mundo em beira-mar? "" Procurando; né, mô? """,0,1,-1.2392578125,1.119140625,2.3583984375,0.08640052378177643,0.91359943151474,False
5.2188.N,5.2188,N,Cantor favorito dos pedreiros? Gusttavo Lima,0,0,2.83203125,-2.58984375,-5.421875,0.9956005811691284,0.004399412777274847,True
5.2606.N,5.2606,N,Qual a figura mitológica mais velha? Zeus.,0,0,2.609375,-2.556640625,-5.166015625,0.9943251013755798,0.005674875341355801,True
4.466.N,4.466,N,Como é que as pombas se reproduzem? Uma em cima da outra!,0,0,0.9111328125,-1.2802734375,-2.19140625,0.8994751572608948,0.10052486509084702,True
5.1739.N,5.1739,N,Qual é o pintor que vai para Aparecida a pé? O Edu de Barros.,0,0,1.1962890625,-1.109375,-2.3056640625,0.9093450307846069,0.09065493941307068,True
4.29.N,4.29,N,Qual é o único animal que tem quatro joelhos? O elefante.,0,0,2.802734375,-2.701171875,-5.50390625,0.9959456324577332,0.0040543340146541595,True
5.2.N,5.2,N,Por que na China tem tanta gente? Porque lá eles comem com hashis.,0,1,-1.8623046875,1.205078125,3.0673828125,0.044472914189100266,0.955527126789093,False
5.2021.H,5.2021,H,Qual é o cantor que faz buracos no chão? Ca Wando ,1,1,-1.87109375,1.5107421875,3.3818359375,0.03286798298358917,0.9671319723129272,True
5.683.H,5.683,H,Qual é a jornalista mais genérica do mundo? Ana Paula Padrão.,1,1,-1.8388671875,1.119140625,2.9580078125,0.04935940355062485,0.9506406188011169,True
5.1286.H,5.1286,H,Qual o nome do piloto do dirigível? José Pelin.,1,0,1.75390625,-1.7568359375,-3.5107421875,0.9709919095039368,0.029008125886321068,False
5.607.H,5.607,H,Qual é a cantora mais tocada na papelaria? Ana Cartolina.,1,1,-1.830078125,1.166015625,2.99609375,0.04760265350341797,0.952397346496582,True
4.52.N,4.52,N,O que é um ponto preto no oceano? É um bacalhau.,0,0,0.5458984375,-0.60546875,-1.1513671875,0.7597605586051941,0.2402394413948059,True
5.4079.N,5.4079,N,Onde as pessoas andam sem roupa? Em casa.,0,0,2.13671875,-2.095703125,-4.232421875,0.9856905341148376,0.014309455640614033,True
4.653.H,4.653,H,O Artur detesta chuva e o Paulo Bento.,1,1,-0.046234130859375,0.0275115966796875,0.0737457275390625,0.48157188296318054,0.5184280872344971,True
4.709.N,4.709,N,"Se a Terra é redonda, por que é que se chama "" planeta "" e não "" bola ""?",0,0,0.95361328125,-1.056640625,-2.01025390625,0.8818694949150085,0.11813051253557205,True
5.2302.H,5.2302,H,Por que uma parede ficou decepcionada com a outra? Porque ela era parede falsa.,1,1,-1.3916015625,0.50146484375,1.89306640625,0.1308952420949936,0.86910480260849,True
3.17.N,3.17,N,Que nome se dá a uma ferramenta perdida? Marreta.,0,0,1.751953125,-1.69140625,-3.443359375,0.9690324664115906,0.03096751682460308,True
5.3534.N,5.3534,N,Qual o telefone que já foi de outro planeta? Ex Marte Phone.,0,1,-1.7177734375,1.212890625,2.9306640625,0.05065838247537613,0.9493416547775269,False
5.587.H,5.587,H,Por que não fico bronzeado em casa? Porque uso protetor só lar.,1,1,-1.94140625,1.439453125,3.380859375,0.03289904072880745,0.967100977897644,True
5.516.N,5.516,N,Para onde o José se mudou com a esperança de um mundo melhor? Europa.,0,0,1.5703125,-1.58984375,-3.16015625,0.959307074546814,0.04069295525550842,True
5.1360.N,5.1360,N,Por que o anão foi surfar na cozinha? Porque lá tem fogão.,0,1,-0.22412109375,0.10198974609375,0.32611083984375,0.41918718814849854,0.5808128118515015,False
5.2039.H,5.2039,H,Qual é o cachorro do Cazuza? O cão de nome Beija Flor ,1,0,1.53125,-1.3046875,-2.8359375,0.944587230682373,0.05541279539465904,False
5.1517.N,5.1517,N,"O que o pastor leva para comer na hora do almoço? Não sei, mas o judeu leva latkes.",0,1,-1.806640625,1.2392578125,3.0458984375,0.045394882559776306,0.9546051621437073,False
5.722.N,5.722,N,Qual a conta de e-mail que a mulher do filho nunca checa? Gmail.,0,0,2.08203125,-1.9404296875,-4.0224609375,0.9824062585830688,0.017593754455447197,True
5.1189.H,5.1189,H,Que elemento químico a gente avalia depois de usar? U berílio.,1,1,-1.4541015625,1.10546875,2.5595703125,0.07178616523742676,0.9282138347625732,True
5.3700.H,5.3700,H,Qual remédio feito com peixe? Neosardinha.,1,1,-1.93359375,1.1875,3.12109375,0.04224549978971481,0.9577545523643494,True
3.1.H,3.1,H,Qual o contrário de paixão? Mãeteto.,1,1,-1.9677734375,1.2333984375,3.201171875,0.03912164643406868,0.960878312587738,True
5.3209.N,5.3209,N,Qual rainha que bebe cerveja? Rainha Charlotte.,0,0,2.392578125,-2.2890625,-4.681640625,0.9908213019371033,0.009178773500025272,True
4.71.H,4.71,H,Porque é que uma mulher partiu a perna ao filho na cozinha? Porque não tinha canela para pôr no bolo.,1,1,-1.6513671875,0.9140625,2.5654296875,0.07139671593904495,0.9286032319068909,True
5.3804.H,5.3804,H,Como falece quem peida muito? Infart.,1,0,0.75,-0.705078125,-1.455078125,0.8107787370681763,0.18922126293182373,False
4.609.N,4.609,N,Um fulano passou três dias na piscina e depois foi ao médico . Qual foi o diagnóstico? Exercício demais.,0,0,1.15234375,-1.3740234375,-2.5263671875,0.9259697198867798,0.07403029501438141,True
5.1202.N,5.1202,N,Porque os pãezinhos nos EUA são cor de abóbora? Porque é um Baguette de abóbora.,0,1,-1.8505859375,1.2919921875,3.142578125,0.04138471558690071,0.958615243434906,False
5.3478.N,5.3478,N,Com qual marcha o porco anda? Devagar.,0,0,1.5302734375,-1.654296875,-3.1845703125,0.9602494835853577,0.039750516414642334,True
5.409.H,5.409,H,Qual a história sobre a princesa adolescente que não gostava de cobrir os pés? A Pequena Sem Meia,1,1,-1.2578125,0.98876953125,2.24658203125,0.09564470499753952,0.9043552875518799,True
5.3005.N,5.3005,N,Qual é a carne que volta muito mais rápido do que vai? Carne mal cozida.,0,0,1.4296875,-1.4814453125,-2.9111328125,0.9483940601348877,0.051605962216854095,True
5.441.N,5.441,N,Por que todo fã de Nirvana também gosta do Jorge Ben Jor? Porque fã de Nirvana Curte MPB.,0,1,-1.080078125,0.7119140625,1.7919921875,0.14282864332199097,0.857171356678009,False
5.3355.N,5.3355,N,O que mais excita o fazendeiro? Lucros no Pasto.,0,1,-1.5634765625,1.0556640625,2.619140625,0.06791667640209198,0.9320833086967468,False
4.418.N,4.418,N,"Qual é o masculino de "" tábua ""? Eu digo, é tabu.",0,1,-1.06640625,0.732421875,1.798828125,0.14199377596378326,0.8580061793327332,False
5.3700.N,5.3700,N,Qual remédio feito com peixe? Biotônico.,0,0,1.2490234375,-1.1494140625,-2.3984375,0.9167081117630005,0.0832919254899025,True
2.10.H,2.10,H,Como o padre bateu o carro? Dando uma rezinha.,1,0,0.016448974609375,-0.3779296875,-0.394378662109375,0.5973363518714905,0.4026636779308319,False
5.513.N,5.513,N,Qual o contrário de diagnóstico? Desconhecimento.,0,0,1.421875,-1.416015625,-2.837890625,0.9446893334388733,0.055310651659965515,True
4.278.N,4.278,N,Quando é que se celebra o Dia Mundial do Lúpus? 10 / maio.,0,0,0.978515625,-1.0068359375,-1.9853515625,0.8792504668235779,0.12074952572584152,True
5.2821.N,5.2821,N,Qual organização vai entrar com uma ação contra os crimes cometidos na língua portuguesa? OAB Cedário,0,1,-1.912109375,1.1435546875,3.0556640625,0.04497356712818146,0.955026388168335,False
5.3487.H,5.3487,H,Por que os editores da coquetel querem muito ir à terra santa? Porque elas fazem cruzadinhas.,1,1,-1.5751953125,0.8544921875,2.4296875,0.0809367224574089,0.9190633296966553,True
5.881.H,5.881,H,Como a manicure se refere a esposa do irmão dela? Unhadinha.,1,0,1.3095703125,-1.537109375,-2.8466796875,0.9451467990875244,0.054853200912475586,False
4.662.N,4.662,N,"Decidi começar a usar um pano nas cuecas . Assim, sempre que me peido liberto gás cheiroso.",0,1,-1.4580078125,0.9775390625,2.435546875,0.08050192892551422,0.9194981455802917,False
5.1314.H,5.1314,H,Por que a manicure foi demitida? Porque ela estava pouco se lixando.,1,1,-1.962890625,0.80224609375,2.76513671875,0.05923745036125183,0.9407625198364258,True
4.66.H,4.66,H,Eu adoro fiambre. E o Nicolas Cage.,1,0,0.47705078125,-0.47705078125,-0.9541015625,0.7219392657279968,0.2780607044696808,False
5.1361.N,5.1361,N,Qual é o melhor legume que existe? A beterraba.,0,0,2.1328125,-2.154296875,-4.287109375,0.9864417314529419,0.01355824526399374,True
4.412.H,4.412,H,Porque é que o computador não pára de espirrar? Porque apanhou um vírus.,1,0,0.288818359375,-0.6298828125,-0.918701171875,0.7147773504257202,0.285222589969635,False
5.7.N,5.7,N,Por que a feijoada estava triste? Porque colocaram ela na panela de pressão.,0,1,-0.40234375,-0.06414794921875,0.33819580078125,0.41624778509140015,0.5837522149085999,False
5.1377.N,5.1377,N,"Por que o professor de natação amava o emprego? Porque ele ensinou, ensinou, e o aluno nada.",0,1,-1.2646484375,0.576171875,1.8408203125,0.13695430755615234,0.8630456924438477,False
5.3942.H,5.3942,H,Qual a bebida preferida dos sindicalistas? YaCUT.,1,1,-1.779296875,1.0625,2.841796875,0.05510690063238144,0.9448931217193604,True
5.3487.N,5.3487,N,Por que os editores da coquetel querem muito ir à terra santa? Porque elas fazem puzzles.,0,1,-0.387451171875,0.01021575927734375,0.39766693115234375,0.40187302231788635,0.598127007484436,False
5.1141.N,5.1141,N,Qual o cachorro é bom de briga? Jiu shih-tzu,0,1,-1.2236328125,0.76025390625,1.98388671875,0.12090512365102768,0.8790948390960693,False
5.2518.H,5.2518,H,Qual personagem da literatura chupava tudo o que via? San Chupança.,1,1,-1.7900390625,1.19921875,2.9892578125,0.04791353642940521,0.9520864486694336,True
5.133.H,5.133,H,Qual cantor adora ventiladores? Hélice Cooper.,1,1,-1.0888671875,0.77197265625,1.86083984375,0.13460519909858704,0.8653948307037354,True
5.810.N,5.810,N,Por que quando você elogiou eles nunca responderam? Porque eram lentos de contato.,0,1,-0.54296875,0.12744140625,0.67041015625,0.3384050130844116,0.6615949869155884,False
5.1825.N,5.1825,N,Por que o cavaquinho andava tão arrogante? Porque ele disse: sou um sucesso!,0,0,0.626953125,-0.90869140625,-1.53564453125,0.8228306770324707,0.1771693229675293,True
5.2182.H,5.2182,H,Qual é o ator que só interpreta médicos com roupa apertada? Reinaldo Jalequinho ,1,1,-2.076171875,1.443359375,3.51953125,0.028761589899659157,0.9712384939193726,True
5.405.H,5.405,H,Onde ficam as maiores dúvidas dos dentistas? In the ciso.,1,1,-1.923828125,1.14453125,3.068359375,0.04443143308162689,0.9555686116218567,True
4.450.N,4.450,N,O que é que o fumador diz quando fuma uma ganza? Esta bate man ...,0,1,-1.9326171875,1.4775390625,3.41015625,0.03197956085205078,0.968020498752594,False
5.92.N,5.92,N,Qual o parente que não serve pra nada? Primo.,0,0,2.27734375,-2.234375,-4.51171875,0.9891397356987,0.010860332287847996,True
5.1517.H,5.1517,H,"O que o pastor leva para comer na hora do almoço? Não sei, mas o judeu leva marmitzvah.",1,1,-1.8671875,1.3916015625,3.2587890625,0.03701234981417656,0.9629877209663391,True
4.622.N,4.622,N,Que tamanho de roupa vestem as altas? Tamanho grande.,0,0,1.962890625,-1.9931640625,-3.9560546875,0.9812209606170654,0.018779069185256958,True
4.591.N,4.591,N,Alguém quer comprar um aparelho avariado? Sem pressão ...,0,1,-0.25439453125,0.03778076171875,0.29217529296875,0.42747142910957336,0.572528600692749,False
5.1831.H,5.1831,H,"O que disse o filho de um apresentador ao nascer, que revelou a homosexualidade do pai? Gugu dá dá",1,1,-2.025390625,1.7177734375,3.7431640625,0.02313133329153061,0.9768686890602112,True
5.1814.N,5.1814,N,Qual banda dos amigos perdedores? The killers.,0,0,0.7978515625,-0.8359375,-1.6337890625,0.8366879820823669,0.16331195831298828,True
5.2125.N,5.2125,N,O que o rapaz fez com as fotos que tirou no ano novo? Guardou,0,0,1.91796875,-1.8251953125,-3.7431640625,0.9768686890602112,0.02313133329153061,True
5.3981.N,5.3981,N,Qual o super herói dono de uma igreja? Hulk.,0,0,2.5703125,-2.529296875,-5.099609375,0.9939378499984741,0.006062155123800039,True
5.218.H,5.218,H,Como se chama o demônio de camisola? Encosto de Renda.,1,1,-1.3994140625,0.80908203125,2.20849609375,0.09899012744426727,0.9010098576545715,True
5.2895.N,5.2895,N,Qual cantor só vê notícias pela internet? Latino,0,0,2.916015625,-2.677734375,-5.59375,0.996292769908905,0.003707252675667405,True
4.388.N,4.388,N,Hoje passei por uma família de cães na rua . Foi ali em Famalicão.,0,0,0.09149169921875,-0.335693359375,-0.42718505859375,0.6052013039588928,0.39479875564575195,True
5.3656.N,5.3656,N,Qual vilão da Marvel data do período paleolítico? Thanos.,0,0,2.42578125,-2.447265625,-4.873046875,0.992408037185669,0.0075919427908957005,True
5.670.H,5.670,H,Qual é a música em que o sobrinho do Michael Jackson nos convida a assistir a um moonwalk feito pelos Jackson Five? Tios em ré... vem!,1,1,-1.8134765625,1.1611328125,2.974609375,0.04858620837330818,0.9514138102531433,True
4.89.H,4.89,H,"Como é que se diz ""ano"" na Índia? Indiano.",1,0,1.2587890625,-1.298828125,-2.5576171875,0.928083598613739,0.07191641628742218,False
5.5.H,5.5,H,Por que o celular foi para o centro de reabilitação? Porque a bateria estava viciada.,1,1,-0.51904296875,0.1851806640625,0.7042236328125,0.3308764696121216,0.6691235303878784,True
5.1491.H,5.1491,H,Sabe qual é a música heavy metal de Chitãozinho e Xororó? Heavydências.,1,1,-1.6630859375,1.2861328125,2.94921875,0.0497734509408474,0.9502266049385071,True
5.710.N,5.710,N,Como se faz para desenterrar um osso? É só escavá-lo.,0,0,1.421875,-1.3583984375,-2.7802734375,0.941600501537323,0.05839952081441879,True
5.3166.N,5.3166,N,Por que o jardineiro estava passando necessidade? Andava meio sem dinheiro.,0,0,1.5263671875,-1.4208984375,-2.947265625,0.9501341581344604,0.049865905195474625,True
4.131.H,4.131,H,Qual é o jogo preferido das batatas fritas? É o Monop-óleo.,1,1,-1.876953125,1.2275390625,3.1044921875,0.04292233660817146,0.95707768201828,True
5.740.H,5.740,H,"Qual número que quando cai, vira uma fruta? Pitomba.",1,0,1.568359375,-1.5615234375,-3.1298828125,0.9581087231636047,0.04189131036400795,False
5.4029.H,5.4029,H,"Qual pássaro quer fazer fuxico sobre uma mulher, mas esquece o que ia falar? Sabe a.",1,1,-0.9453125,0.79150390625,1.73681640625,0.149717777967453,0.8502821922302246,True
4.567.N,4.567,N,"O que é que a mulher do senhor diz quando o viagra perde o efeito? Foi-se o martelo, camarada.",0,1,-1.53515625,0.73388671875,2.26904296875,0.0937194749712944,0.9062805771827698,False
4.227.H,4.227,H,O que é que acontece quando o Aladino esfrega a lamparina mágica debaixo de água? Aparece o hidrogénio.,1,1,-0.205078125,-0.204345703125,0.000732421875,0.49981689453125,0.50018310546875,True
5.3005.H,5.3005,H,Qual é a carne que volta muito mais rápido do que vai? Carne mó ida.,1,1,-1.6845703125,1.103515625,2.7880859375,0.05797139182686806,0.9420285820960999,True
5.3342.N,5.3342,N,Qual o nervo que tem uma loja? O nervo ciático.,0,0,1.3818359375,-1.2998046875,-2.681640625,0.9359345436096191,0.06406543403863907,True
5.1462.H,5.1462,H,Qual o jogo preferido da galera de Stranger Things? Winning Eleven.,1,1,-0.57275390625,0.0188751220703125,0.5916290283203125,0.35626116394996643,0.6437388062477112,True
5.3094.H,5.3094,H,Qual o nome do cinema pra veganos? Quinoaplex.,1,1,-1.900390625,1.1826171875,3.0830078125,0.04381363466382027,0.9561864137649536,True
5.1298.N,5.1298,N,Qual político é mal arejado? Lula.,0,0,1.9853515625,-2.02734375,-4.0126953125,0.9822366237640381,0.017763344570994377,True
5.1449.N,5.1449,N,Po rque o carteiro foi à feira? Porque tinha uma carta para entregar.,0,0,0.5244140625,-0.35107421875,-0.87548828125,0.7058864235877991,0.2941136062145233,True
4.206.N,4.206,N,O que diz um castor excitado? Bate os dentes,0,0,1.7314453125,-1.55078125,-3.2822265625,0.9638139605522156,0.03618597984313965,True
5.1956.N,5.1956,N,Qual o sambista com menos pelos do Brasil? Dudu Nobre.,0,0,2.591796875,-2.412109375,-5.00390625,0.9933330416679382,0.006666931323707104,True
5.1891.N,5.1891,N,Qual cantor escrevia na lousa? Gilberto Gil.,0,0,2.478515625,-2.404296875,-4.8828125,0.9924813508987427,0.007518718484789133,True
5.2812.N,5.2812,N,Qual carro é a mistura de um prato árabe e um suco? Nenhum,0,0,1.72265625,-2.05078125,-3.7734375,0.9775429368019104,0.022457053884863853,True
4.486.N,4.486,N,"Vira-se um computador grande para o pequeno: Olha só para ti, tão pequeno e já trabalhas.",0,0,0.204345703125,-0.455322265625,-0.65966796875,0.6591858267784119,0.3408142030239105,True
5.2612.N,5.2612,N,Qual música tem coreografia diurética? A dança do gorila.,0,0,1.435546875,-1.4052734375,-2.8408203125,0.9448422193527222,0.05515776947140694,True
5.200.N,5.200,N,"O que o pão disse para o padeiro quando este abriu o forno? "" Pronto ""!",0,0,1.634765625,-1.6044921875,-3.2392578125,0.9622852206230164,0.03771481662988663,True
5.75.N,5.75,N,Qual é o contrário de centopeia? Nenhum.,0,0,1.771484375,-2.130859375,-3.90234375,0.980205237865448,0.019794778898358345,True
5.1162.N,5.1162,N,Qual o bairro de São Paulo que só tem Japoneses? Liberdade,0,0,0.80810546875,-0.8349609375,-1.64306640625,0.8379517793655396,0.16204826533794403,True
4.333.H,4.333,H,Em quantas partes se divide o cérebro do homem? Depende da força da pancada.,1,0,1.4501953125,-1.6005859375,-3.05078125,0.9548162817955017,0.045183759182691574,False
5.1221.H,5.1221,H,Qual o jornalista esportivo mais pesado? 1000 ton. Neves.,1,1,-1.4697265625,1.0146484375,2.484375,0.07696084678173065,0.9230391979217529,True
5.1245.N,5.1245,N,Por que a ovelha gosta de salgadinhos? Porque ela come.,0,0,1.9296875,-1.904296875,-3.833984375,0.9788343906402588,0.021165618672966957,True
5.722.H,5.722,H,Qual a conta de e-mail que a mulher do filho nunca checa? Ig nora.,1,1,-1.6328125,1.15234375,2.78515625,0.05813159793615341,0.9418684244155884,True
5.587.N,5.587,N,Por que não fico bronzeado em casa? Porque uso protetor facial.,0,0,1.9638671875,-1.833984375,-3.7978515625,0.9780727028846741,0.021927298977971077,True
4.167.H,4.167,H,Qual é o passatempo preferido de um mexicano de 12 anos? Bater à piñata.,1,1,-1.4970703125,1.35546875,2.8525390625,0.05455021560192108,0.9454497694969177,True
5.3635.N,5.3635,N,Qual é o nome do jogo de luta que só se pode jogar tomando tequila? Tekken.,0,0,1.556640625,-1.69921875,-3.255859375,0.9628831148147583,0.03711691126227379,True
5.1360.H,5.1360,H,Por que o anão foi surfar na cozinha? Porque lá tem micro ondas.,1,1,-1.267578125,0.81103515625,2.07861328125,0.11119294166564941,0.8888070583343506,True
4.193.H,4.193,H,"Hoje, vinte mulheres convidaram-me para sair. Nunca mais entro no WC das mulheres.",1,0,-0.02447509765625,-0.32421875,-0.29974365234375,0.5743798613548279,0.4256201386451721,False
4.166.H,4.166,H,Um domador de ursos foi despedido. Qual é o filme? O ex-ursista.,1,1,-1.646484375,0.90234375,2.548828125,0.07250525057315826,0.9274948239326477,True
4.511.N,4.511,N,"Porque é que não há professores de Geografia daltónicos? Porque se houvesse, não viam a cor.",0,1,-1.0078125,0.254638671875,1.262451171875,0.2205522358417511,0.7794477939605713,False
5.3287.H,5.3287,H,Qual o ingrediente presente na comida de quem apanhou? RepOlho Roxo.,1,1,-1.748046875,1.1875,2.935546875,0.05042406544089317,0.9495759606361389,True
5.1337.H,5.1337,H,Qual autor o Harry Potter lê quando está doente? O Saramago.,1,0,2.3203125,-2.1875,-4.5078125,0.9890975952148438,0.010902374051511288,False
5.3704.H,5.3704,H,Onde o Sílvio conseguiu comprar novelas tão ruins? Na porta da espelunca!,1,1,-2.10546875,1.3203125,3.42578125,0.031499382108449936,0.9685006141662598,True
4.638.H,4.638,H,"O amor é como um jogo de sueca. Ou se tem um bom parceiro, ou o melhor mesmo é ter uma boa mão.",1,1,-0.76416015625,0.436767578125,1.200927734375,0.23131021857261658,0.7686898112297058,True
5.1221.N,5.1221,N,Qual o jornalista esportivo mais pesado? Milton Neves.,0,0,2.5546875,-2.35546875,-4.91015625,0.9926826357841492,0.007317397743463516,True
4.36.N,4.36,N,Uma loira viu um jogo de futebol que acabou 1-0 . Qual foi o seu jogador preferido? O Vidoso . Porque o golo foi dele.,0,1,-0.36669921875,0.010986328125,0.377685546875,0.4066852331161499,0.5933147668838501,False
5.2329.N,5.2329,N,O que o videogame espera que a gente faça? Que o console.,0,1,-1.7734375,1.1845703125,2.9580078125,0.04935940355062485,0.9506406188011169,False
5.1054.H,5.1054,H,Por que o carbono alfa ficou nervoso?  Porque uma carboxila tirou amina dele.,1,1,-1.7421875,0.96044921875,2.70263671875,0.06281796097755432,0.9371820688247681,True
4.338.N,4.338,N,Que nome se dá a um hipopótamo a dançar com uma tartaruga? Dançarino.,0,0,1.7021484375,-1.703125,-3.4052734375,0.9678689241409302,0.03213106095790863,True
4.377.N,4.377,N,"Qual é o carro preferido das raparigas? É o Fiat, tipo.",0,1,-0.035369873046875,0.08746337890625,0.122833251953125,0.4693302512168884,0.5306697487831116,False
5.3381.H,5.3381,H,Qual cantora baiana gosta de heavy metal? Margadeath Menezes.,1,1,-1.8671875,1.1123046875,2.9794921875,0.04836098849773407,0.95163893699646,True
5.2467.H,5.2467,H,Qual Rapper só toca em aniversários? Rapper Birthday,1,1,-1.87890625,1.2724609375,3.1513671875,0.04103744029998779,0.9589625000953674,True
5.2512.N,5.2512,N,Por que ninguém na Terra consegue entender a língua nativa do Super-Homem? Porque é diferente.,0,0,1.791015625,-1.9697265625,-3.7607421875,0.977262556552887,0.022737447172403336,True
5.1276.H,5.1276,H,Qual menina sempre bota pilha nos outros pra sair? A Vamnessa.,1,1,-1.77734375,1.232421875,3.009765625,0.04698663949966431,0.9530133008956909,True
5.2047.H,5.2047,H,"Qual conto mostra a história de alguém que acha a esposa linda, mas quando ela o procura de noite, ele nega? ah, bela.... dorme, cida. ",1,1,-1.8291015625,1.3291015625,3.158203125,0.04076926410198212,0.9592307209968567,True
5.1789.H,5.1789,H,Qual é o cineasta que tem melhor pontaria? Quentin Tarantiro.,1,1,-1.5478515625,1.185546875,2.7333984375,0.061031121760606766,0.9389688968658447,True
5.659.H,5.659,H,Qual planta trabalha muito? Workídea.,1,1,-1.76171875,1.25,3.01171875,0.046899259090423584,0.9531008005142212,True
5.3169.N,5.3169,N,Que rainha rosna como cantora? Queen Lati Fa.,0,1,-1.8212890625,1.2822265625,3.103515625,0.04296246916055679,0.9570375084877014,False
5.607.N,5.607,N,Qual é a cantora mais tocada na papelaria? Ana Carolina.,0,0,2.896484375,-2.775390625,-5.671875,0.996570348739624,0.003429603762924671,True
5.4032.N,5.4032,N,"Por que quando eu gritava dentro da caverna, o som só se repetia uma vez? Porque era pouco eco.",0,0,0.9599609375,-1.0830078125,-2.04296875,0.8852352499961853,0.11476478725671768,True
5.3855.N,5.3855,N,Qual o nome que se dá para o assassinato em massa na galáxia do universo da Marvel? Crimes simultâneos.,0,0,1.296875,-1.703125,-3.0,0.9525741338729858,0.04742587357759476,True
4.206.H,4.206,H,O que diz um castor excitado? Suck my dique!,1,1,-2.208984375,1.5322265625,3.7412109375,0.02317550964653492,0.9768244624137878,True
5.31.H,5.31,H,Qual é o poeta que sempre se atrasa?  Vinícius Demorais.,1,1,-1.4755859375,0.88427734375,2.35986328125,0.08628497272729874,0.9137150645256042,True
4.85.H,4.85,H,Porque é que nunca roubaram a mota do japonês? Porque ele compra Y-amaha.,1,1,-2.13671875,1.4794921875,3.6162109375,0.026180505752563477,0.9738195538520813,True
5.2955.N,5.2955,N,"Qual o nome do jogo que Jô Soares adora jogar quando cheira cocaína? Pedra, papel e tesoura.",0,0,1.45703125,-1.5732421875,-3.0302734375,0.953923225402832,0.046076808124780655,True
5.2609.H,5.2609,H,O que o anão estava fazendo com a bola de futebol? Embaixadinhas.,1,0,0.546875,-0.93798828125,-1.48486328125,0.8153060674667358,0.18469396233558655,False
5.1884.N,5.1884,N,Como se referiam a Jesus quando ele ficava bravo? Zangado.,0,0,1.7138671875,-1.4287109375,-3.142578125,0.958615243434906,0.04138471558690071,True
4.337.H,4.337,H,Porque é que a mão não pode medir mais do que 31 cm? Porque aí já seria um pé.,1,1,-0.468505859375,-0.165283203125,0.30322265625,0.42476987838745117,0.5752301812171936,True
5.2900.N,5.2900,N,Qual cineasta tem um haras? Tim Burton.,0,0,2.283203125,-2.123046875,-4.40625,0.9879462122917175,0.0120537793263793,True
5.2282.H,5.2282,H,"Por que num determinado dia, o aluno do cursinho mentia pra todo mundo? Porque era dia dissimulado. ",1,1,-1.5205078125,1.134765625,2.6552734375,0.06566473096609116,0.9343352913856506,True
5.2811.N,5.2811,N,Profissional que conhecia tudo a respeito de suínos? Zootecnista,0,0,1.978515625,-2.080078125,-4.05859375,0.983020007610321,0.016979992389678955,True
4.160.N,4.160,N,O que diz uma banana suicida? Macacos me comam!,0,1,-1.458984375,1.0546875,2.513671875,0.07490527629852295,0.925094723701477,False
5.1967.H,5.1967,H,Onde as bundas são conservadas? Na adega ,1,0,1.3544921875,-1.3173828125,-2.671875,0.9353464841842651,0.06465348601341248,False
5.3804.N,5.3804,N,Como falece quem peida muito? Trombose.,0,0,1.8974609375,-1.787109375,-3.6845703125,0.9755069613456726,0.024492992088198662,True
5.3581.N,5.3581,N,Qual pintor gosta de pintar os personagens de Toy Story usando cores bem vivas? O Andy Warhol.,0,0,2.671875,-2.478515625,-5.150390625,0.9942362904548645,0.005763727240264416,True
5.3868.H,5.3868,H,Qual marca de eletrodoméstico virou presidente? BrasTrump.,1,1,-1.8125,1.3251953125,3.1376953125,0.04157886654138565,0.9584211707115173,True
5.417.H,5.417,H,Qual é o doce mais pagodeiro que existe? A bala 7 BELO.,1,1,-2.01171875,1.2509765625,3.2626953125,0.03687336668372154,0.9631266593933105,True
5.2821.H,5.2821,H,Qual instituição vai entrar com uma ação contra os crimes cometidos na língua portuguesa? OAB Cedário ,1,1,-1.9169921875,1.1337890625,3.05078125,0.045183759182691574,0.9548162817955017,True
5.606.H,5.606,H,Qual a cantora que sempre aceita chá? Kesha.,1,0,1.5107421875,-1.5126953125,-3.0234375,0.9536218643188477,0.046378206461668015,False
5.2743.N,5.2743,N,Qual o animal que sempre tá de brinks? Suricato,0,1,-1.9619140625,1.4501953125,3.412109375,0.03191915154457092,0.9680808186531067,False
5.1498.H,5.1498,H,O que o galo foi fazer na delegacia? Soltar a franga.,1,1,-1.697265625,1.193359375,2.890625,0.052618950605392456,0.9473810195922852,True
5.1670.N,5.1670,N,Qual é o app que os jardineiros fazem questão de cortar da vida social deles? Twitter.,0,0,2.2421875,-2.1953125,-4.4375,0.9883127808570862,0.011687257327139378,True
5.1006.N,5.1006,N,Qual a concorrente mais desbocada da Marvel??? A própria Marvel.,0,0,1.48828125,-1.7236328125,-3.2119140625,0.9612802267074585,0.03871983289718628,True
5.2844.N,5.2844,N,Como o padre comprou o carro? Dando uma rezinha,0,1,-1.1416015625,0.492431640625,1.634033203125,0.16327859461307526,0.8367213606834412,False
5.2944.H,5.2944,H,"Qual foi o aviso que Hermione deu para avisar que um colega reprovou na prova? ""Lucius Mal Foi.""",1,1,-1.9287109375,1.400390625,3.3291015625,0.03458621725440025,0.9654138088226318,True
5.3522.H,5.3522,H,O que é que tem abas e é gostoso de lamber? Absorvete.,1,1,-1.6416015625,1.12109375,2.7626953125,0.059373658150434494,0.940626323223114,True
4.339.N,4.339,N,Vendi o meu contrabaixo . Só estava em casa a apanhar pó.,0,1,-0.1246337890625,-0.0377197265625,0.0869140625,0.47828513383865356,0.5217148661613464,False
5.3323.H,5.3323,H,Qual doce favorito do Bolsonaro? Prende moleque.,1,1,-1.552734375,1.2001953125,2.7529296875,0.05992140620946884,0.940078616142273,True
5.778.N,5.778,N,Por que o cara que não fazia exercícios prestou odonto? Pra ser dentista.,0,1,-0.85693359375,0.54638671875,1.4033203125,0.19728974997997284,0.802710235118866,False
4.583.N,4.583,N,""" Cada dia, temos de fazer com que as pequenas coisas contem "" - disse a professora alto aos seus alunos.",0,0,0.09588623046875,-0.40283203125,-0.49871826171875,0.6221580505371094,0.37784191966056824,True
5.979.H,5.979,H,Qual inseto causa vômito em crianças latinas? Enjoa niña.,1,1,-1.1943359375,1.2421875,2.4365234375,0.08042967319488525,0.91957026720047,True
5.3848.H,5.3848,H,Qual dublador tbm é psicólogo? Freud Mascarenhas.,1,1,-1.857421875,1.1787109375,3.0361328125,0.04581994563341141,0.9541800618171692,True
5.62.H,5.62,H,Qual é a atriz que só usa roupa da Zara? Taís Zarauso.,1,1,-1.8544921875,1.099609375,2.9541015625,0.04954301938414574,0.950456976890564,True
5.621.H,5.621,H,O que é uma fofoca? A amimiga da babaleia.,1,1,-2.015625,1.453125,3.46875,0.030214589089155197,0.9697853922843933,True
5.1110.H,5.1110,H,"O que o psicanalista adora dizer no meio do sexo? Vai, me Freud.",1,1,-2.0,1.2001953125,3.2001953125,0.03915837034583092,0.9608416557312012,True
5.54.N,5.54,N,Qual é o personagem histórico que fui eu que indiquei? Simone de Beauvoir.,0,0,2.376953125,-2.267578125,-4.64453125,0.9904775619506836,0.009522486478090286,True
5.3409.H,5.3409,H,Qual é a melhor coisa pra se desejar a um voyeur no Natal? Boas Frestas.,1,1,-1.421875,0.9365234375,2.3583984375,0.08640052378177643,0.91359943151474,True
5.2069.H,5.2069,H,Os imperador inca decretou que as lhamas seriam os únicos animais permitidos em Machu Picchu. Qual é o nome do filme? O Império Contra a Alpaca ,1,1,-1.8779296875,1.318359375,3.1962890625,0.039305612444877625,0.960694432258606,True
5.4.N,5.4,N,Qual é o sabor da bala preferida da galera do hospício? M&Ms.,0,1,-1.2216796875,0.70947265625,1.93115234375,0.12662309408187866,0.8733769059181213,False
4.751.H,4.751,H,"Como correu a primeira final de sempre da Liga dos Campeões com patos? Foi bem dispatada, cheia de quacks da bola e acabou empatada.",1,1,-2.1328125,1.3388671875,3.4716796875,0.030128860846161842,0.9698712229728699,True
5.169.N,5.169,N,Em qual programa o Sílvio Santos exagera no laquê? Todos.,0,0,1.66015625,-1.8828125,-3.54296875,0.9718859195709229,0.02811405621469021,True
5.1802.H,5.1802,H,Qual é o celular dos veganos? Aipo ne,1,1,-1.69921875,1.3056640625,3.0048828125,0.04720577225089073,0.9527941942214966,True
5.4048.H,5.4048,H,Qual a música preferida dos cachorros? Samba Cãosão.,1,1,-1.7607421875,1.1591796875,2.919921875,0.0511774942278862,0.9488224983215332,True
5.3928.H,5.3928,H,Qual é o cantor que adora novas tecnologias? Beto Gadgets.,1,1,-1.80078125,1.1328125,2.93359375,0.050517670810222626,0.9494823217391968,True
5.2020.H,5.2020,H,O que o nordestino disse pro celular que sempre aceitava desaforo calado? XIA ÔMI ,1,1,-1.9990234375,1.07421875,3.0732421875,0.044224582612514496,0.9557754397392273,True
4.720.N,4.720,N,Um cacto liga para outro: Estou?,0,0,1.6357421875,-1.33203125,-2.9677734375,0.951096773147583,0.048903174698352814,True
5.3685.H,5.3685,H,Qual chefe que não consulta livro de receitas? O Chefe Decorzinha.,1,1,-1.8359375,1.2060546875,3.0419921875,0.045564450323581696,0.9544354677200317,True
5.3038.N,5.3038,N,Qual cidade norte-americana odeia tanto sujeiras entrando no olho que até as tortura? São Francisco!,0,0,2.25,-2.2421875,-4.4921875,0.9889278411865234,0.011072158813476562,True
5.3359.H,5.3359,H,Qual o animal que trabalha bem como carpinteiro? Rinocerrote.,1,1,-1.861328125,1.3134765625,3.1748046875,0.04012494906783104,0.9598750472068787,True
5.3872.N,5.3872,N,Qual atriz é a rainha do marketing brasileiro? Bruna Marquesine,0,0,-0.10504150390625,-0.4326171875,-0.32757568359375,0.5811693668365479,0.41883060336112976,True
5.3728.N,5.3728,N,"Como se chama o aquecedor honesto, humilde e honrado? Aquecedor Hs.",0,1,-1.751953125,1.1748046875,2.9267578125,0.05084657296538353,0.949153482913971,False
4.341.H,4.341,H,Qual a semelhança entre o Adão e uma alface? O Adão foi o primeiro homem couve.,1,1,-1.970703125,1.2939453125,3.2646484375,0.036804068833589554,0.9631959199905396,True
4.595.N,4.595,N,Para que servem óculos verdes? Para ver ao perto.,0,0,0.9228515625,-1.1884765625,-2.111328125,0.891999363899231,0.10800065845251083,True
5.3461.H,5.3461,H,Onde os artistas americanos dão chilique de tanto dar autógrafos? Fan in Quito.,1,1,-1.6650390625,1.35546875,3.0205078125,0.046507950872182846,0.9534921050071716,True
4.524.H,4.524,H,Partir o pescoço foi uma experiência aterrorizante. Mas agora consigo olhar para trás e sorrir.,1,0,1.23046875,-1.2177734375,-2.4482421875,0.9204327464103699,0.07956718653440475,False
5.80.N,5.80,N,Qual é a cidade que só tem mulheres prostitutas? Porto de Galinhas.,0,0,2.1640625,-2.083984375,-4.248046875,0.9859092831611633,0.014090734533965588,True
5.2689.N,5.2689,N,Renata voltou do médico com o braço furado . Qual é o acontecimento histórico? Guerra de canudos.,0,1,-1.478515625,0.890625,2.369140625,0.08555635064840317,0.9144436717033386,False
4.385.N,4.385,N,"Dois gémeos foram presos por homicídio, mas passado um tempo libertaram o que estava mais gordo . Porque o irmão confessou.",0,0,0.93017578125,-0.96435546875,-1.89453125,0.8692712783813477,0.13072867691516876,True
4.481.H,4.481,H,Porque é que o corcunda de Notre-Dame não seguiu a carreira de advogado? Porque nunca conseguiu estudar direito.,1,0,1.609375,-1.9765625,-3.5859375,0.973036527633667,0.026963500306010246,False
4.703.H,4.703,H,Qual é o prazo de validade da maionese? 31 de maio.,1,0,1.798828125,-1.970703125,-3.76953125,0.9774571061134338,0.022542964667081833,False
5.621.N,5.621,N,O que é uma fofoca? A disseminação de informação alheia.,0,0,0.57373046875,-0.7880859375,-1.36181640625,0.7960547208786011,0.20394524931907654,True
5.2549.H,5.2549,H,Qual mercado vende lagarto? Iguanabara.,1,1,-1.734375,1.0771484375,2.8115234375,0.05670463666319847,0.943295419216156,True
5.3946.H,5.3946,H,O quê o seu Madruga usa pra tomar banho? A bucha do 71.,1,1,-2.056640625,1.5283203125,3.5849609375,0.026989132165908813,0.9730108976364136,True
4.170.N,4.170,N,Qual é o jogo preferido das crianças? O futebol.,0,0,2.505859375,-2.443359375,-4.94921875,0.9929609894752502,0.0070390463806688786,True
5.1971.N,5.1971,N,Qual padre que toda vez eu vejo tenho ejaculação precoce? Marcelo Rossi.,0,0,2.62109375,-2.546875,-5.16796875,0.9943360686302185,0.005663864780217409,True
5.1434.N,5.1434,N,Por que o queijo estava estudando matemática? Para encontrar a variável da questão.,0,1,-0.41259765625,0.0255126953125,0.4381103515625,0.3921912908554077,0.6078086495399475,False
5.1984.N,5.1984,N,Por que o eletricista ficou louco quando viu seu carro? Porque viu o arranhão,0,0,1.7119140625,-1.9130859375,-3.625,0.9740425944328308,0.02595735900104046,True
4.734.H,4.734,H,"Numa aula de filosofia do 1° período: ""Penso, logo higiénico.""",1,1,-1.2802734375,0.99365234375,2.27392578125,0.0933055579662323,0.9066944122314453,True
5.2548.N,5.2548,N,O que o velho vaidoso disse em frente ao espelho? Lindo!,0,0,2.587890625,-2.54296875,-5.130859375,0.9941232800483704,0.005876737646758556,True
5.424.N,5.424,N,Qual deus grego me deixa puto? Ares.,0,0,2.01171875,-1.923828125,-3.935546875,0.9808392524719238,0.019160708412528038,True
4.463.H,4.463,H,Qual é o melhos carro para te dar uma boleia? É o Volkswagen Bora!,1,1,-1.9208984375,1.353515625,3.2744140625,0.03645944595336914,0.9635405540466309,True
5.1060.H,5.1060,H,"Havia um menino chamado TLER. O que o amigo dele diz quando ele fica em silêncio depois de ouvir uma piada? Ri, Tler.",1,1,-2.001953125,1.416015625,3.41796875,0.03173859044909477,0.9682613611221313,True
4.239.H,4.239,H,Porque é que é sempre Natal para um homem casado com uma mulher gorda? Porque todas as noites são com suada.,1,1,-2.01953125,1.4599609375,3.4794921875,0.029901405796408653,0.9700985550880432,True
5.2182.N,5.2182,N,Qual é o ator que só interpreta médicos com roupa apertada? Caio Castro,0,0,2.763671875,-2.6796875,-5.443359375,0.9956936836242676,0.0043063051998615265,True
5.2250.H,5.2250,H,Qual fantasia que a vaca usou no Halloween? Muuuuuumia ,1,1,-1.9677734375,1.4091796875,3.376953125,0.03302355483174324,0.9669764637947083,True
4.499.H,4.499,H,Como é que o Pai Natal entrega as prendas tão rápido? Ele trenó muito.,1,1,-2.005859375,1.095703125,3.1015625,0.04304284602403641,0.9569571614265442,True
4.125.H,4.125,H,O que é que os russos dizem quando mandam uma bola ao cão? Babushka!,1,1,-1.5830078125,1.2646484375,2.84765625,0.05480259656906128,0.9451974034309387,True
5.1219.N,5.1219,N,O que é legal comer com as pessoas? Comida.,0,0,2.546875,-2.482421875,-5.029296875,0.9934991598129272,0.006500872317701578,True
5.1445.N,5.1445,N,Qual seria a revista do cara que lê muito? Ela iria SER VEJA.,0,1,-1.0654296875,0.254638671875,1.320068359375,0.2108069360256195,0.7891930937767029,False
4.413.N,4.413,N,A minha mulher surda trocou-me por outro homem . Devia ter percebido os avisos ...,0,0,0.053558349609375,-0.4833984375,-0.536956787109375,0.6311041712760925,0.3688957989215851,True
5.1577.H,5.1577,H,O que é um fuio? Um buiaco na paiede.,1,1,-2.060546875,1.66015625,3.720703125,0.02364434115588665,0.9763556718826294,True
5.2929.H,5.2929,H,Qual é a cantora mais conhecida por assédio? é a Palpa Fernandes,1,1,-2.115234375,1.4677734375,3.5830078125,0.027040472254157066,0.9729595184326172,True
4.257.H,4.257,H,Um homem foi para a guerra e perdeu os dois pés. Qual é o filme? O pés-tinha.,1,1,-2.005859375,1.283203125,3.2890625,0.03594832122325897,0.9640516638755798,True
5.2095.N,5.2095,N,O que o rapaz falou quando viu batatinhas em um saquinho? Posso comer?,0,0,2.00390625,-1.892578125,-3.896484375,0.9800912737846375,0.019908789545297623,True
5.3391.N,5.3391,N,Qual cantora famosa nasceu em La Paz? Shakira.,0,0,2.595703125,-2.453125,-5.048828125,0.9936240911483765,0.006375935859978199,True
5.2455.H,5.2455,H,Onde o Mickey gosta de morar? No condominnie.,1,1,-1.7763671875,1.265625,3.0419921875,0.045564450323581696,0.9544354677200317,True
5.1558.H,5.1558,H,Qual é o cantor que é dificil de engolir? Zezé que amargo.,1,1,-1.525390625,1.1982421875,2.7236328125,0.06159316003322601,0.9384068250656128,True
5.1015.N,5.1015,N,O que são vários números 2 caindo do céu? Chuva.,0,0,1.9560546875,-2.033203125,-3.9892578125,0.9818230867385864,0.018176931887865067,True
5.80.H,5.80,H,Qual é a cidade que só tem galináceas prostitutas? Ponto de Galinhas.,1,1,-1.7841796875,1.369140625,3.1533203125,0.0409606471657753,0.9590393900871277,True
4.413.H,4.413,H,A minha mulher surda trocou-me por outro homem. Devia ter percebido os sinais...,1,0,0.1719970703125,-0.58740234375,-0.7593994140625,0.6812233328819275,0.3187766969203949,False
5.3238.H,5.3238,H,Qual queijo fabrica carro? Rockerford.,1,1,-1.0556640625,0.7197265625,1.775390625,0.1448732167482376,0.8551267385482788,True
5.2222.H,5.2222,H,Qual instrumento já vem com comando de voz? Acorde: on ,1,1,-1.3798828125,0.8642578125,2.244140625,0.09585607796907425,0.9041438698768616,True
5.890.H,5.890,H,Qual é a marca favorita dos afilhados? Adindas.,1,1,-1.1044921875,0.814453125,1.9189453125,0.12797923386096954,0.8720207810401917,True
4.312.N,4.312,N,Porque é que a mulher do Einstein usa bikini? Porque tem um bom corpo.,0,0,0.994140625,-1.1328125,-2.126953125,0.8934953808784485,0.10650458931922913,True
4.708.N,4.708,N,Qual é a cantora preferida dos cirurgiões? É a Mariza.,0,0,2.02734375,-1.92578125,-3.953125,0.9811668992042542,0.018833130598068237,True
5.1577.N,5.1577,N,O que é um furo? Um buraco na parede.,0,0,1.9453125,-1.8515625,-3.796875,0.9780517220497131,0.021948251873254776,True
5.141.H,5.141,H,Qual o herói da ovelha? Lã pião.,1,1,-1.8427734375,1.1533203125,2.99609375,0.04760265350341797,0.952397346496582,True
5.2039.N,5.2039,N,Qual é o cachorro do Cazuza? O rex Beija Flor,0,1,-2.052734375,1.3388671875,3.3916015625,0.032558973878622055,0.9674410820007324,False
5.2707.H,5.2707,H,Por que o tubo de pomada foi preso? Porque era um creminoso.,1,0,-0.1654052734375,-0.1834716796875,-0.01806640625,0.5045164823532104,0.49548351764678955,False
4.112.H,4.112,H,Quando é que os informáticos vão ao dermatologista? Quando têm problemas d'Apple.,1,1,-1.8701171875,1.1396484375,3.009765625,0.04698663949966431,0.9530133008956909,True
4.381.H,4.381,H,O que acontece quando metes um tomate no micro-ondas? Entalas o outro.,1,1,-1.0654296875,0.6962890625,1.76171875,0.1465752124786377,0.8534248471260071,True
5.3703.H,5.3703,H,Que atriz trabalha como lixeira? Tony Colete.,1,1,-1.7666015625,1.0068359375,2.7734375,0.058776553720235825,0.9412234425544739,True
5.978.H,5.978,H,Qual é a novela em que Eva zoa Adão? O Trolado do Paraíso.,1,1,-1.986328125,1.38671875,3.373046875,0.03314851596951485,0.9668514132499695,True
4.720.H,4.720,H,Um cacto liga para outro: Aloe Vera?,1,0,0.086181640625,-0.432861328125,-0.51904296875,0.6269239783287048,0.37307605147361755,False
4.337.N,4.337,N,Porque é que a mão não pode medir mais do que 31 cm? Porque aí já seria um remo.,0,1,-1.3359375,0.52880859375,1.86474609375,0.13415081799030304,0.8658491373062134,False
5.1150.N,5.1150,N,O que a mãe do chinês falou para ele fazer quando brigarem com ele? Desculpar-se.,0,0,1.9248046875,-1.9619140625,-3.88671875,0.9798997044563293,0.02010023593902588,True
5.4065.H,5.4065,H,Por que acharam melhor não colocar o Silvio Santos pra apresentar toda a programação do SBT? Porque seria impor Silvio.,1,1,-1.6630859375,1.0732421875,2.736328125,0.060863446444272995,0.9391365647315979,True
4.483.H,4.483,H,Porque é que há tantas mulheres feias no litoral? Porque a verdadeira beleza está no interior.,1,0,0.49169921875,-0.74267578125,-1.234375,0.7745833992958069,0.2254166156053543,False
5.409.N,5.409,N,Qual a história sobre a princesa adolescente que não gostava de cobrir os pés? A Pequena descalça,0,1,-1.54296875,0.740234375,2.283203125,0.09252365678548813,0.9074763655662537,False
4.450.H,4.450,H,O que é que o Robin diz quando fuma uma ganza? Esta batman...,1,1,-2.005859375,1.4326171875,3.4384765625,0.031114377081394196,0.9688856601715088,True
4.328.N,4.328,N,Porque é que a mulher do Luís se divorciou dele? Queria um homem mais maduro.,0,0,1.2724609375,-1.244140625,-2.5166015625,0.9252974390983582,0.07470250874757767,True
4.703.N,4.703,N,Qual é o prazo de validade de maio? 31 de maio.,0,0,1.3427734375,-1.7333984375,-3.076171875,0.9558990597724915,0.04410091042518616,True
5.1789.N,5.1789,N,Um menino viajando de ônibus vomitou a viagem inteira . Qual é o nome do filme? Passando mal.,0,0,1.8115234375,-1.7255859375,-3.537109375,0.9717254042625427,0.028274599462747574,True
5.3953.H,5.3953,H,"Que movimento político ficou de apurar os fatos históricos, mas mentiu de certa forma? Com omissão da verdade.",1,1,-0.93896484375,0.336181640625,1.275146484375,0.2183775156736374,0.7816224098205566,True
5.521.N,5.521,N,Qual ator que peida tão alto que ressoa? Francisco Xavier.,0,0,2.455078125,-2.3984375,-4.853515625,0.9922594428062439,0.007740521337836981,True
5.3006.N,5.3006,N,Qual país só tem coisas sem utilidade? Irlanda.,0,0,2.1015625,-1.9990234375,-4.1005859375,0.9837069511413574,0.016293106600642204,True
5.1140.N,5.1140,N,Qual é a moeda preferida que quem fica em casa cuidando dos cachorros? Do Lar,0,1,-1.05078125,0.46533203125,1.51611328125,0.1800345927476883,0.8199654221534729,False
4.186.N,4.186,N,Qual é a série preferida dos prisioneiros? Prison Break.,0,1,-0.7666015625,0.1796875,0.9462890625,0.27963173389434814,0.7203682661056519,False
5.3116.N,5.3116,N,Qual tipo de carne que só vai bem com cerveja? Vermelha.,0,0,2.537109375,-2.513671875,-5.05078125,0.9936364889144897,0.0063635739497840405,True
5.1279.H,5.1279,H,Qual ator mirim não escova os dentes? MaCarie Culkin.,1,1,-1.875,1.2626953125,3.1376953125,0.04157886654138565,0.9584211707115173,True
5.1684.H,5.1684,H,Qual cantor odeia a pia cheia? Caetano vê louça,1,1,-1.8134765625,1.1943359375,3.0078125,0.047074176371097565,0.9529258608818054,True
5.881.N,5.881,N,Como a manicure se refere a esposa do irmão dela? Cunhada.,0,0,0.78369140625,-0.8017578125,-1.58544921875,0.8299748301506042,0.17002512514591217,True
5.162.H,5.162,H,O que são dois pontinhos marrons no palco? Browno e Marrone.,1,1,-1.2119140625,0.83544921875,2.04736328125,0.11431907117366791,0.8856809139251709,True
5.2780.N,5.2780,N,Qual quadro que a minha mulher adora fazer resenha? A Persistência do Tempo.,0,1,-1.2568359375,0.603515625,1.8603515625,0.13466209173202515,0.8653379082679749,False
5.3490.N,5.3490,N,Qual hotel se compraram os Beatles? Let Ibis.,0,1,-1.6845703125,1.1318359375,2.81640625,0.05644403025507927,0.9435559511184692,False
5.696.N,5.696,N,Qual é o super-herói de quem todo mundo lembra? Superman.,0,0,2.599609375,-2.640625,-5.240234375,0.9947289824485779,0.0052710832096636295,True
5.3400.H,5.3400,H,Em qual série não gostam de uma banda de rock? Todo mundo odeia o Kiss.,1,0,1.431640625,-1.345703125,-2.77734375,0.941439151763916,0.058560825884342194,False
5.1219.H,5.1219,H,O que é legal comer com as pessoas? People ca.,1,1,-1.8798828125,1.435546875,3.3154296875,0.03504563868045807,0.9649543762207031,True
5.1445.H,5.1445,H,Qual seria a revista do cara que bebe muito? Ela iria SER VEJA.,1,1,-1.6806640625,0.830078125,2.5107421875,0.07510852813720703,0.9248914122581482,True
4.562.N,4.562,N,Em que estado se encontra o rio Mississipi? No estado Minnessota.,0,1,-2.015625,1.3603515625,3.3759765625,0.03305475413799286,0.9669452905654907,False
5.3600.H,5.3600,H,Qual o tom que a Cinderela canta suas músicas? Fá da Madrinha.,1,1,-1.55859375,0.919921875,2.478515625,0.07737810164690018,0.9226218461990356,True
5.2812.H,5.2812,H,Qual carro é a mistura de um prato árabe e um suco? Homustang ,1,1,-1.6318359375,1.2412109375,2.873046875,0.053502149879932404,0.9464978575706482,True
5.3223.N,5.3223,N,Qual o contrário de vadia? Trabalhadora.,0,0,2.1875,-2.201171875,-4.388671875,0.9877350926399231,0.012264913879334927,True
5.358.H,5.358,H,Qual cidade incentiva o uso do tato? Toque-o.,1,0,0.322998046875,-0.69921875,-1.022216796875,0.7354041934013367,0.26459580659866333,False
5.482.H,5.482,H,Qual doença se contrai quando come muito ovo? Poliomelete.,1,1,-1.9365234375,1.2666015625,3.203125,0.039048295468091965,0.9609517455101013,True
4.52.H,4.52,H,O que é um ponto preto no oceano? É um blackalhau.,1,1,-2.134765625,1.4931640625,3.6279296875,0.02588338777422905,0.9741166234016418,True
5.2893.H,5.2893,H,Qual dupla canta a meia luz? Sandy & Abajunior ,1,1,-1.955078125,1.1650390625,3.1201171875,0.042285025119781494,0.9577149748802185,True
4.338.H,4.338,H,Que nome se dá a um hipopótamo a dançar com uma tartaruga? Hip hop tuga.,1,1,-1.734375,1.259765625,2.994140625,0.047691281884908676,0.9523086547851562,True
5.3547.H,5.3547,H,Qual a profissão de gente chata? Carpentelho.,1,1,-1.767578125,1.130859375,2.8984375,0.05223085731267929,0.9477691650390625,True
4.600.N,4.600,N,O que são quatro pontos pretos no chão? Formigas.,0,0,2.4765625,-2.30859375,-4.78515625,0.9917163252830505,0.008283627219498158,True
5.3498.N,5.3498,N,Qual o sanduiche do Tom Brady? X-egg Bündchen.,0,1,-1.9755859375,1.4150390625,3.390625,0.03258974477648735,0.9674102663993835,False
5.2347.H,5.2347,H,Qual nome se dá quando cai uma parte de um estádio? Arquibanqueda.,1,1,-1.5478515625,0.9794921875,2.52734375,0.07396337389945984,0.9260365962982178,True
4.229.N,4.229,N,A minha amiga asiática ficou doente . Mas eu salvei-a.,0,0,0.44091796875,-0.74560546875,-1.1865234375,0.7661187648773193,0.23388129472732544,True
4.85.N,4.85,N,Porque é que nunca roubaram a mota do japonês? Porque ele compra usada.,0,1,-1.126953125,0.5185546875,1.6455078125,0.1617169976234436,0.8382829427719116,False
4.523.H,4.523,H,Qual é o canal preferido dos dálmatas? É o Canal da Mancha.,1,0,1.3759765625,-1.1611328125,-2.537109375,0.9267027974128723,0.07329727709293365,False
4.276.N,4.276,N,Uma mulher tropeça e cai em cima de um cão . Qual é o filme? Senta em um cão.,0,0,0.320068359375,-0.5390625,-0.859130859375,0.7024790644645691,0.2975209653377533,True
5.2.H,5.2,H,Por que na China tem tanta gente? Porque lá eles comem com dois pauzinhos.,1,1,-1.2177734375,0.6611328125,1.87890625,0.1325145661830902,0.8674854636192322,True
5.1869.N,5.1869,N,Qual a doença mais bonita que existe? Sarda.,0,0,0.72314453125,-0.88427734375,-1.607421875,0.8330531716346741,0.1669468730688095,True
5.3992.H,5.3992,H,Qual carro tem TV a cabo? PasSat.,1,1,-0.314208984375,-0.016082763671875,0.298126220703125,0.42601561546325684,0.5739844441413879,True
5.1743.H,5.1743,H,Por que o fã de Riders Republic nunca se machuca na neve? Porque ele esquiva dor,1,1,-2.04296875,1.2197265625,3.2626953125,0.03687336668372154,0.9631266593933105,True
4.339.H,4.339,H,Vendi o meu aspirador. Só estava em casa a apanhar pó.,1,0,0.85107421875,-0.77978515625,-1.630859375,0.8362873792648315,0.16371268033981323,False
5.3658.H,5.3658,H,Qual comediante se formou em uma escola agrotécnica? Nil Agro,1,1,-1.755859375,1.033203125,2.7890625,0.057918086647987366,0.942081868648529,True
5.72.H,5.72,H,Qual é a roupa mais inapropriada para usar num avião? Tomara que caia.,1,1,-0.50390625,0.0931396484375,0.5970458984375,0.35501980781555176,0.6449801325798035,True
5.392.H,5.392,H,Qual apresentador jogava basquete? Chacrinha O'Neal,1,1,-2.0390625,1.361328125,3.400390625,0.03228325769305229,0.9677167534828186,True
5.3202.N,5.3202,N,Qual peixe cai melhor no almoço da sexta-feira santa? Bacalhau.,0,0,2.361328125,-2.482421875,-4.84375,0.9921841025352478,0.007815888151526451,True
4.239.N,4.239,N,Porque é que é sempre Natal para um homem casado com uma mulher interessante? Porque todas as noites são mágicas.,0,0,0.00554656982421875,-0.64794921875,-0.6534957885742188,0.6577978134155273,0.34220218658447266,True
5.1165.N,5.1165,N,Qual parte do corpo que ajuda os pedreiros? A mão.,0,0,2.3125,-2.208984375,-4.521484375,0.9892441034317017,0.010755925439298153,True
4.499.N,4.499,N,Como é que o Pai Natal entrega as prendas tão rápido? Ele praticou muito.,0,0,-0.1390380859375,-0.363037109375,-0.2239990234375,0.555766761302948,0.444233238697052,True
3.6.H,3.6,H,Por que o policial não gosta de sabão? Porque ele prefere detergente.,1,0,1.9931640625,-1.7939453125,-3.787109375,0.9778411984443665,0.022158870473504066,False
4.580.N,4.580,N,Que nome se dá ao karaté para amputados? Artes marciais.,0,0,2.216796875,-2.234375,-4.451171875,0.988469660282135,0.01153038814663887,True
4.204.H,4.204,H,Como é que os drogados espirram? Ha... Haa... Haaaa... XIXE!,1,1,-1.9326171875,1.2080078125,3.140625,0.04146226868033409,0.9585376977920532,True
5.1073.H,5.1073,H,"Qual filme conta a história do casal mais perdido do mundo em ação? ""Procurando; né, mô?""",1,1,-1.287109375,1.146484375,2.43359375,0.08064661920070648,0.9193534255027771,True
5.2222.N,5.2222,N,Qual instrumento já vem com comando de voz? Gaita,0,0,2.39453125,-2.228515625,-4.623046875,0.9902727007865906,0.00972727220505476,True
4.122.H,4.122,H,O que é um byfe? São oito bifes.,1,0,0.0166015625,-0.45849609375,-0.47509765625,0.6165896058082581,0.38341042399406433,False
5.2703.H,5.2703,H,"Qual jogo antigo fica tentando as pessoas contra sua religião? Peque, man.",1,1,-1.865234375,1.365234375,3.23046875,0.03803509101271629,0.9619649052619934,True
5.1171.N,5.1171,N,Qual cantora espera um dia ser rainha? Mariah Carey.,0,0,2.712890625,-2.587890625,-5.30078125,0.9950370192527771,0.004962942097336054,True
5.1441.N,5.1441,N,O que o escorregador falou para o menino? Aqui os ânus passam depressa.,0,1,-1.716796875,0.96435546875,2.68115234375,0.06409472227096558,0.9359052777290344,False
5.515.H,5.515,H,"Qual personagem da Disney ia mudar de história, mas não mudou? Quasimudou.",1,1,-1.79296875,1.32421875,3.1171875,0.04240383207798004,0.9575962424278259,True
5.3033.N,5.3033,N,Qual o único apresentador que usa aliança? Nelson Rubens.,0,0,2.419921875,-2.271484375,-4.69140625,0.9909096360206604,0.009090384468436241,True
5.1585.N,5.1585,N,Qual é o infalível chá para calvície? Chapéu.,0,0,1.3876953125,-1.5390625,-2.9267578125,0.949153482913971,0.05084657296538353,True
5.681.H,5.681,H,Qual matéria da escola pode machucar? Tabuada.,1,1,-1.3193359375,1.0712890625,2.390625,0.0838903859257698,0.9161096215248108,True
5.4028.N,5.4028,N,Por que o piloto não gosta de passar no meio da nuvem com o avião? Porque ele tem medo.,0,0,2.1953125,-2.1875,-4.3828125,0.9876639246940613,0.01233609952032566,True
5.3848.N,5.3848,N,Qual dublador tbm é psicólogo? Charles Emmanuel.,0,0,0.572265625,-0.71826171875,-1.29052734375,0.7842364311218262,0.21576356887817383,True
5.3521.N,5.3521,N,"O que o cara gritava quando foi preso por 171? "" Mentira! """,0,0,1.9658203125,-1.9443359375,-3.91015625,0.9803562164306641,0.019643759354948997,True
5.3173.N,5.3173,N,Qual médico gosta de funk? Dr. Drauzio Varela.,0,0,1.6142578125,-1.50390625,-3.1181640625,0.9576358199119568,0.04236418753862381,True
5.2032.N,5.2032,N,Qual é a denominação do cara que não come carne e não enxerga direito? Vegetariano,0,0,0.875,-0.77197265625,-1.64697265625,0.8384814858436584,0.16151851415634155,True
4.656.N,4.656,N,Por que é que o Pai Natal não vai entregar as prendas a tempo? Porque tem os trabalhadores doentes.,0,1,-1.2431640625,0.62890625,1.8720703125,0.13330236077308655,0.8666976690292358,False
5.1491.N,5.1491,N,Sabe qual é a música heavy metal de Chitãozinho e Xororó? Evidências.,0,0,1.033203125,-1.123046875,-2.15625,0.896251380443573,0.103748619556427,True
4.415.N,4.415,N,O meu papagaio obeso morreu . Foi um amigo que me tiraram dos ombros.,0,1,-1.4228515625,0.7421875,2.1650390625,0.10293421894311905,0.8970657587051392,False
5.740.N,5.740,N,"Qual número que quando cai, vira uma fruta? maçã.",0,0,2.3828125,-2.41015625,-4.79296875,0.9917803406715393,0.00821969285607338,True
5.695.H,5.695,H,Qual é o tipo de roupa que os magros não podem usar? As feitas de algordão.,1,1,-1.3701171875,0.958984375,2.3291015625,0.08874128758907318,0.9112587571144104,True
5.2904.N,5.2904,N,Qual vegetal se manifesta quando batem na porta? quiabo,0,0,2.3203125,-2.26953125,-4.58984375,0.9899476170539856,0.01005236804485321,True
5.1870.H,5.1870,H,Que médico só trabalha dentro de casa? Indoorcrinologista ,1,1,-1.072265625,0.43505859375,1.50732421875,0.1813357025384903,0.8186643719673157,True
5.3534.H,5.3534,H,Qual o eletrônico que já foi de outro planeta? Ex Marte Phone.,1,1,-1.740234375,1.234375,2.974609375,0.04858620837330818,0.9514138102531433,True
5.993.H,5.993,H,Qual o super-herói fala sueco? VOLVOrine,1,1,-1.826171875,1.302734375,3.12890625,0.04193052276968956,0.9580694437026978,True
4.672.H,4.672,H,Qual é o melhor óleo para lubrificar o sexo? Óleo Need Is Love.,1,1,-1.849609375,1.234375,3.083984375,0.04377273842692375,0.9562273025512695,True
5.714.H,5.714,H,Qual o cantor que cheira toda a cocaína que trouxeram? Seca pacotinho.,1,1,-1.912109375,1.46875,3.380859375,0.03289904072880745,0.967100977897644,True
5.2070.N,5.2070,N,Qual é a banda favorita do império galáctico? Beatles,0,0,2.03125,-1.9501953125,-3.9814453125,0.9816831350326538,0.018316883593797684,True
4.17.H,4.17,H,Em que local do planeta se encontram mais leprosos? Nas ilhas Caimão.,1,1,-1.7939453125,1.259765625,3.0537109375,0.04505753144621849,0.9549424648284912,True
4.377.H,4.377,H,"Qual é o carro preferido das pitas? É o Fiat, tipo.",1,1,-0.142578125,0.2197265625,0.3623046875,0.4104017913341522,0.5895982384681702,True
5.2032.H,5.2032,H,Qual é a denominação do cara que não come carne e não enxerga direito? Vesgano ,1,1,-1.1357421875,0.68310546875,1.81884765625,0.13957218825817108,0.860427737236023,True
5.3037.H,5.3037,H,Qual cidade norte-americana que tem magia? Harry Portland.,1,1,-1.48046875,0.9609375,2.44140625,0.08006926625967026,0.9199306964874268,True
5.3328.N,5.3328,N,Como se chamam os jovens barbeiros? Iniciantes.,0,0,1.42578125,-1.51171875,-2.9375,0.949669361114502,0.05033063143491745,True
4.212.H,4.212,H,Qual é a doença que os cegos nunca apanham? Conjunti vi-te!,1,1,-1.74609375,1.0634765625,2.8095703125,0.0568091943860054,0.9431908130645752,True
5.2395.N,5.2395,N,Qual é o remédio que se compra quando vai à padaria? Dramin.,0,0,0.440185546875,-0.75048828125,-1.190673828125,0.7668615579605103,0.23313845694065094,True
5.1021.N,5.1021,N,Qual galaxia treina com nutricionista? A Andrômeda,0,1,-1.8603515625,1.0166015625,2.876953125,0.05330468341708183,0.9466953873634338,False
5.1298.H,5.1298,H,Qual político é mal arejado? Brisola.,1,0,0.1368408203125,-0.4091796875,-0.5460205078125,0.6332118511199951,0.36678817868232727,False
5.1303.N,5.1303,N,Qual o chá preferido dos britânicos para se acalmar? Erva-Cidreira.,0,0,0.525390625,-0.52099609375,-1.04638671875,0.7400804162025452,0.25991955399513245,True
5.2193.N,5.2193,N,Qual é a bala favorita dos pedreiros? Trident,0,0,0.7529296875,-0.9306640625,-1.68359375,0.8433797955513,0.15662017464637756,True
4.278.H,4.278,H,Quando é que se celebra o Dia Mundial do Desmaio? 10/maio.,1,0,0.1920166015625,-0.41943359375,-0.6114501953125,0.6482715606689453,0.3517284393310547,False
5.1684.N,5.1684,N,O juiz condenou um réu por um crime articulado dentro de uma loja . Por quê? Porque o réu matou o lojista.,0,1,-0.521484375,0.02496337890625,0.54644775390625,0.36668896675109863,0.6333110928535461,False
5.3079.N,5.3079,N,Qual o cineasta mais odiado em Goiânia? Martin Scorcese.,0,0,1.9072265625,-1.6923828125,-3.599609375,0.9733928442001343,0.026607109233736992,True
5.1397.N,5.1397,N,Qual é o personagem da Marvel que é um pão? Deadpool.,0,0,2.09765625,-2.1640625,-4.26171875,0.9860979318618774,0.013902057893574238,True
5.417.N,5.417,N,Qual é o doce mais gostoso que existe? A bala 7 BELO.,0,1,-2.02734375,1.2646484375,3.2919921875,0.035846926271915436,0.9641530513763428,False
5.3600.N,5.3600,N,Qual o tom que a Cinderela canta suas músicas? Dó.,0,0,1.3916015625,-1.267578125,-2.6591796875,0.9345744848251343,0.06542547047138214,True
5.1746.N,5.1746,N,"Qual é a cirurgia mais demorada no ser humano? A cirurgia de hemorróida, porque é feita ao longo do dia.",0,0,1.5107421875,-1.5087890625,-3.01953125,0.9534487724304199,0.04655127599835396,True
4.481.N,4.481,N,Porque é que o corcunda de Notre-Dame não seguiu a carreira de advogado? Porque nunca conseguiu estudar.,0,0,1.76953125,-2.0234375,-3.79296875,0.9779677391052246,0.02203226275742054,True
4.307.H,4.307,H,Quanto tempo demora um gelado a derreter? Cerca de um Carte D'Or.,1,1,-1.8125,1.0615234375,2.8740234375,0.05345271900296211,0.9465473294258118,True
5.2534.H,5.2534,H,Onde moram os dançarinos da Xuxa? Paquistão.,1,0,1.166015625,-1.2236328125,-2.3896484375,0.9160345196723938,0.08396546542644501,False
5.3132.H,5.3132,H,Qual o exercício preferido das abelhas? Abee dominal.,1,1,-1.720703125,1.068359375,2.7890625,0.057918086647987366,0.942081868648529,True
4.681.N,4.681,N,"Decidi adotar um Chihuahua . Para quem não sabe, é um animal doméstico.",0,0,1.931640625,-1.87890625,-3.810546875,0.9783433079719543,0.02165667526423931,True
5.2301.N,5.2301,N,"Por que o militar sempre ia no INSS, mas nunca aposentava? Porque era militar de reserva.",0,0,-0.0267181396484375,-0.366455078125,-0.3397369384765625,0.5841266512870789,0.41587337851524353,True
5.3962.N,5.3962,N,Qual passarinho grita muito? Arara.,0,0,2.59375,-2.51171875,-5.10546875,0.9939730763435364,0.006026952061802149,True
5.388.N,5.388,N,Por que a serpente tem que fazer os deveres de casa? Porque a mãe dela pede.,0,0,1.5380859375,-1.396484375,-2.9345703125,0.9495291709899902,0.05047084763646126,True
5.403.N,5.403,N,Qual figura religiosa não sabe a quem orar? Madre Teresa de Calcutá.,0,0,2.302734375,-2.228515625,-4.53125,0.9893474578857422,0.01065251138061285,True
4.328.H,4.328,H,Porque é que a mulher do Incrível Hulk se divorciou dele? Queria um homem mais maduro.,1,0,0.98974609375,-1.095703125,-2.08544921875,0.8894808888435364,0.11051914840936661,False
4.415.H,4.415,H,O meu papagaio obeso morreu. Foi um peso que me tiraram dos ombros.,1,1,-0.82666015625,0.314453125,1.14111328125,0.2421160191297531,0.7578839063644409,True
5.3038.H,5.3038,H,Qual cidade norte-americana odeia tanto sujeiras entrando no olho que até as tortura? Sofram Cisco!,1,1,-1.7705078125,1.060546875,2.8310546875,0.05566892400383949,0.9443310499191284,True
5.3443.N,5.3443,N,Qual atriz é um cereal? Jennifer.,0,0,1.8984375,-1.87109375,-3.76953125,0.9774571061134338,0.022542964667081833,True
4.572.N,4.572,N,O que é que um ator faz quando vê outro? Cumprimenta-o.,0,0,1.6640625,-1.5400390625,-3.2041015625,0.9609882831573486,0.03901166468858719,True
5.1558.N,5.1558,N,Qual é o cantor que é dificil de engolir? Zezé Di Camargo.,0,0,2.8515625,-2.693359375,-5.544921875,0.9961079955101013,0.003892041277140379,True
5.2985.H,5.2985,H,Qual animal é coach? O cão guru.,1,1,-1.9326171875,1.2802734375,3.212890625,0.03868349641561508,0.9613164663314819,True
4.511.H,4.511,H,"Porque é que não há professores de Geografia daltónicos? Porque se houvesse, não viam a coordenada.",1,1,-1.609375,0.8984375,2.5078125,0.0753123089671135,0.9246877431869507,True
4.479.H,4.479,H,Qual é o osso que segura a cabeça? É o pesc-osso.,1,1,-2.025390625,1.341796875,3.3671875,0.0333368219435215,0.966663122177124,True
5.1821.N,5.1821,N,Por que o Tiger Woods teve que limpar um tanque enorme? Porque ele ganhou um golfinho.,0,1,-2.2578125,1.4541015625,3.7119140625,0.023848090320825577,0.9761518836021423,False
4.545.N,4.545,N,"Qual é o lema dos perus? "" Um por todos e todos por um  "".",0,1,-0.2919921875,-0.2259521484375,0.0660400390625,0.4834959805011749,0.5165040493011475,False
5.4027.H,5.4027,H,Qual o nome do parente que mais gosta de você? A Tia Dora.,1,0,1.3388671875,-1.28125,-2.6201171875,0.9321451187133789,0.0678548812866211,False
5.3297.H,5.3297,H,Que apresentador guarda arquivos de voz dos convidados? Silvio Samples.,1,1,-1.8095703125,1.166015625,2.9755859375,0.04854108765721321,0.9514589309692383,True
5.2136.H,5.2136,H,Qual é a massa servida nos EUA? Nova Nhoque ,1,1,-1.9208984375,1.34375,3.2646484375,0.036804068833589554,0.9631959199905396,True
4.283.H,4.283,H,Qual é o carro que consegue transportar mais porcos? É o Nissan na vara.,1,1,-1.5654296875,1.0390625,2.6044921875,0.06884987652301788,0.9311501383781433,True
4.706.N,4.706,N,Qual é o lema do Instagram? Carpe diem.,0,1,-0.95751953125,0.468505859375,1.426025390625,0.19371871650218964,0.8062812089920044,False
5.1613.H,5.1613,H,"Como se faz para uma laranja virar uma cobra? Faz cosquinha nela, aí o suco ri.",1,1,-1.9990234375,1.4482421875,3.447265625,0.03085050918161869,0.9691494703292847,True
5.2904.H,5.2904,H,Qual vegetal se manifesta quando batem na porta? Eu quiabo ,1,1,-1.591796875,1.1669921875,2.7587890625,0.059592198580503464,0.9404078125953674,True
5.615.N,5.615,N,Qual e a marca preferida de carro dos jogadores de futebol? Toyota!,0,0,2.23046875,-2.29296875,-4.5234375,0.9892648458480835,0.01073516346514225,True
5.1310.N,5.1310,N,Onde as empresas compram material de construção? Telha Norte.,0,1,-1.30078125,0.9921875,2.29296875,0.09170696884393692,0.9082930684089661,False
5.589.H,5.589,H,Qual é a fruta preferida do Neymar? A uva parça.,1,1,-1.7861328125,1.0107421875,2.796875,0.05749328061938286,0.9425067901611328,True
5.218.N,5.218,N,Como se chama o demônio de camisola? O Diabo Veste Prada.,0,1,-1.2216796875,0.9306640625,2.15234375,0.1041124165058136,0.8958876132965088,False
5.31.N,5.31,N,Qual é o poeta que sempre se atrasa? Fernando Pessoa.,0,0,2.529296875,-2.35546875,-4.884765625,0.9924958944320679,0.00750415725633502,True
5.2508.H,5.2508,H,Qual é o planeta que ama a todos? Amarte.,1,1,-0.8955078125,0.50341796875,1.39892578125,0.1979866325855255,0.8020133972167969,True
5.2518.N,5.2518,N,Qual personagem da literatura chupava tudo o que via? Dom Quixote.,0,0,2.669921875,-2.658203125,-5.328125,0.9951702952384949,0.004829721990972757,True
5.3488.N,5.3488,N,Que órgão ajudou o governador de São Paulo? A Procurar Doria.,0,1,-1.4296875,1.0009765625,2.4306640625,0.08086410164833069,0.9191359281539917,False
4.731.H,4.731,H,"Como é que uma sopinha de massa elogia uma mulher alta? Eh lá, hoje estás toda girafa!",1,1,-2.005859375,1.14453125,3.150390625,0.04107589274644852,0.9589241147041321,True
5.1431.H,5.1431,H,Qual é o nome do X-Men que é ginecologista? Volver hímen.,1,1,-1.751953125,0.900390625,2.65234375,0.06584469974040985,0.934155285358429,True
4.412.N,4.412,N,Porque é que o computador não pára de avariar? Porque apanhou um vírus.,0,0,1.125,-1.3076171875,-2.4326171875,0.9192809462547302,0.08071905374526978,True
5.306.N,5.306,N,Qual problema de saúde recorrente em matemáticos? Problema de tendinite,0,0,1.87890625,-1.8046875,-3.68359375,0.9754835963249207,0.024516336619853973,True
5.515.N,5.515,N,"Qual personagem da Disney ia mudar de história, mas não mudou? Cinderela.",0,0,2.67578125,-2.734375,-5.41015625,0.9955489635467529,0.004451041109859943,True
5.480.H,5.480,H,Como morreu o rebanho dos judeus? Em Gás Gado,1,1,-1.7763671875,1.314453125,3.0908203125,0.04348749667406082,0.9565125107765198,True
5.2643.N,5.2643,N,Qual é o nome de um cabeleireiro? Salão de Beleza.,0,0,1.5703125,-1.572265625,-3.142578125,0.958615243434906,0.04138471558690071,True
4.389.N,4.389,N,Qual é a semelhança entre o da Vinci e o Museu do Louvre? Ambos têm a Mona Lisa.,0,0,0.302490234375,-0.611328125,-0.913818359375,0.7137808799743652,0.2862190902233124,True
5.650.N,5.650,N,Em que país só se anda de carro grande? Brasil.,0,0,1.5234375,-1.7451171875,-3.2685546875,0.9633341431617737,0.03666584566235542,True
5.1967.N,5.1967,N,Que tipo de filme está sempre nas programações? Popular.,0,0,2.357421875,-2.427734375,-4.78515625,0.9917163252830505,0.008283627219498158,True
5.3229.N,5.3229,N,Qual apresentador me dá tesão? Marcos Mion.,0,0,2.625,-2.5703125,-5.1953125,0.9944880604743958,0.005511933472007513,True
5.3228.N,5.3228,N,Qual o nome do argentino que criou uma lei de incentivo? Juarez,0,0,0.454833984375,-0.7998046875,-1.254638671875,0.7781018018722534,0.2218981832265854,True
5.516.H,5.516,H,Para onde o José se mudou com a esperança de um mundo melhor? Nova Zé Landia.,1,1,-1.8759765625,1.2734375,3.1494140625,0.04111437126994133,0.958885669708252,True
5.1814.H,5.1814,H,Qual é o animal redundante? Pleo asno,1,1,-1.8525390625,1.251953125,3.1044921875,0.04292233660817146,0.95707768201828,True
4.212.N,4.212,N,Qual é a doença que os cegos nunca apanham? Cegueira!,0,0,1.4326171875,-1.3916015625,-2.82421875,0.9439706206321716,0.05602937936782837,True
5.2069.N,5.2069,N,Os imperador inca decretou que as lhamas seriam os únicos animais permitidos em Machu Picchu . Qual é o nome do filme? O Império Contra Ataca,0,1,-0.361083984375,0.047271728515625,0.408355712890625,0.39930644631385803,0.6006935238838196,False
4.710.N,4.710,N,Comprei um pónei e chamei-lhe Mário . Pode-se dizer que tenho um cavalo pequeno.,0,0,0.3154296875,-0.372314453125,-0.687744140625,0.6654649376869202,0.33453506231307983,True
4.437.N,4.437,N,"O que diz o senhor para a senhora? Quando roço em ti, perco a cabeça.",0,0,1.1533203125,-1.060546875,-2.2138671875,0.9014878869056702,0.09851210564374924,True
4.447.N,4.447,N,Para que é que se plantam plantas? Para depois colher.,0,0,0.0499267578125,-0.4091796875,-0.4591064453125,0.6128022074699402,0.3871978223323822,True
5.2488.H,5.2488,H,Qual é o bloco do índio que não bebe nem fuma? Mim careta.,1,1,-1.951171875,1.4833984375,3.4345703125,0.031232351437211037,0.9687675833702087,True
4.562.H,4.562,H,Em que estado se encontra o rio Mississipi? No estado líquido.,1,0,0.5400390625,-0.5400390625,-1.080078125,0.746508777141571,0.25349125266075134,False
5.345.H,5.345,H,Qual banda que torce pra polícia não acertar? ErrePM.,1,1,-1.8349609375,1.306640625,3.1416015625,0.041423480957746506,0.9585765600204468,True
5.2597.N,5.2597,N,Qual seria a profissão perfeita para o Tony Tornado? Promotor de festas.,0,0,1.9970703125,-2.0703125,-4.0673828125,0.9831660985946655,0.01683390885591507,True
5.388.H,5.388,H,Por que a serpente tem que fazer os deveres de casa? Porque a mãe dela Cobra.,1,1,-2.021484375,1.2294921875,3.2509765625,0.037291813641786575,0.9627081751823425,True
5.2638.N,5.2638,N,Quem é a pessoa que só escreve histórias sobre felinos depressivos? Maria Esther Maciel.,0,0,2.25,-2.134765625,-4.384765625,0.9876876473426819,0.012312324717640877,True
5.3277.N,5.3277,N,Qual cantor registrava a entrada de ets? Orlando Moraes.,0,0,2.34375,-2.3515625,-4.6953125,0.9909447431564331,0.009055264294147491,True
5.2922.N,5.2922,N,No que trabalha o trator quebrado? Plantação,0,0,0.77978515625,-1.0966796875,-1.87646484375,0.867204487323761,0.13279545307159424,True
5.3776.N,5.3776,N,Qual é a banda mais consumida no dia a dia? Pearl Jam.,0,0,1.8486328125,-1.71484375,-3.5634765625,0.9724408984184265,0.027559099718928337,True
4.431.N,4.431,N,""" Ontem "" não tem H. "" Hoje "" tem H. Como os dias mudam ...",0,0,0.51611328125,-0.92333984375,-1.439453125,0.8083699941635132,0.1916300654411316,True
5.1472.H,5.1472,H,Qual o melhor pote da cozinha? O Topper ware.,1,1,-2.07421875,1.3583984375,3.4326171875,0.031291503459215164,0.9687085151672363,True
4.493.N,4.493,N,Que nome se dá a uma pessoa alérgica a glúten? Celíaca.,0,0,0.81298828125,-0.880859375,-1.69384765625,0.844729483127594,0.1552705019712448,True
4.655.H,4.655,H,Hoje a São acordou toda molhada. O que aconteceu? Inunda São.,1,1,-1.892578125,1.134765625,3.02734375,0.04620574787259102,0.9537942409515381,True
5.2507.H,5.2507,H,Qual é o aparelho que nunca para de mexer? A balança.,1,0,1.962890625,-1.916015625,-3.87890625,0.9797453284263611,0.020254692062735558,False
5.3253.N,5.3253,N,Como se chamam aqueles parentes que você não vê nunca? Os Distantes.,0,1,-1.1064453125,0.7392578125,1.845703125,0.1363781839609146,0.8636217713356018,False
5.234.H,5.234,H,Por que o pai de santo abaixou as calças? PORQUE É DANDO QUE SE RECEBE,1,0,-0.037261962890625,-0.1927490234375,-0.155487060546875,0.5387936234474182,0.4612063765525818,False
5.2203.N,5.2203,N,Qual é o documento que não deixa claro quando a pessoa nasceu? Carteira de motorista.,0,0,2.525390625,-2.365234375,-4.890625,0.9925393462181091,0.007460643071681261,True
2.19.H,2.19,H,Todos morrem uma só vez. A Alanis Morrissette.,1,1,-1.833984375,0.8935546875,2.7275390625,0.06136776879429817,0.9386322498321533,True
5.3065.N,5.3065,N,Que personagem infantil só faz dançar? Tchutchucão.,0,0,0.91162109375,-1.0556640625,-1.96728515625,0.8773192167282104,0.12268078327178955,True
5.3492.N,5.3492,N,"Qual a banda que, quando nasceu, era alimentada por criminosas? Legião Urbana.",0,0,2.30078125,-2.193359375,-4.494140625,0.988949179649353,0.011050794273614883,True
4.595.H,4.595,H,Para que servem óculos verdes? Para verde perto.,1,1,-1.890625,1.2001953125,3.0908203125,0.04348749667406082,0.9565125107765198,True
4.335.H,4.335,H,O que fazem os triângulos quando estão cansados? Eles sin-cos-tan.,1,1,-2.048828125,1.4345703125,3.4833984375,0.0297883041203022,0.9702116250991821,True
4.615.H,4.615,H,"A eletricidade está tão cara, tão cara, que a EDP decidiu mudar o nome para Luz Vuitton.",1,1,-0.4248046875,0.09893798828125,0.52374267578125,0.37197747826576233,0.6280224919319153,True
4.502.H,4.502,H,"Segui as instruções na embalagem da lasanha que dizia para colocar o forno a 180 graus. Agora como é que eu abro a porta, se o forno está virado para a parede?",1,0,1.234375,-1.2744140625,-2.5087890625,0.9247556328773499,0.07524432986974716,False
5.2512.H,5.2512,H,Por que ninguém na Terra consegue entender a língua nativa do Super-Homem? Porque é enkriptongrafada.,1,1,-1.7412109375,1.2236328125,2.96484375,0.04903962463140488,0.9509603977203369,True
5.3229.H,5.3229,H,Qual apresentador me dá tesão? Otávio MeExcita.,1,1,-2.009765625,1.5146484375,3.5244140625,0.028625505045056343,0.9713745713233948,True
5.394.H,5.394,H,Qual apresentador está na pior? José Luís Da Pena.,1,1,-0.331298828125,0.15673828125,0.488037109375,0.3803560733795166,0.6196439266204834,True
4.160.H,4.160,H,O que diz uma banana suicida? Macacos me mordam!,1,1,-1.79296875,1.1357421875,2.9287109375,0.050752390176057816,0.9492475390434265,True
4.215.H,4.215,H,O que diz a mãe bombista quando vai por o filho à escola? Lá vai o meu rebento...,1,1,-0.8046875,0.16259765625,0.96728515625,0.27542197704315186,0.7245780229568481,True
5.2010.N,5.2010,N,Qual é a padroeira de quem vive dando voltas? Nossa Senhora Aparecida,0,0,2.248046875,-2.177734375,-4.42578125,0.9881765246391296,0.011823393404483795,True
5.3509.N,5.3509,N,Qual é o cantor que teve problemas respiratórios? Erasma Carlos.,0,0,0.309326171875,-0.5556640625,-0.864990234375,0.7037022113800049,0.2962977886199951,True
4.709.H,4.709,H,"Se a Terra é redonda, por que é que se chama ""planeta"" e não ""redondeta""?",1,0,0.5166015625,-0.7392578125,-1.255859375,0.7783125042915344,0.22168749570846558,False
5.2900.H,5.2900,H,Qual cineasta tem um haras? O de Além? ,1,1,-1.0498046875,0.71728515625,1.76708984375,0.14590460062026978,0.8540953993797302,True
5.1060.N,5.1060,N,"Havia um menino chamado João . O que o amigo dele diz quando ele fica em silêncio depois de ouvir uma piada? Ri, João.",0,0,0.145263671875,-0.3193359375,-0.464599609375,0.6141047477722168,0.3858952224254608,True
4.551.N,4.551,N,Um iogurte fora de prazo mata uma família inteira . Qual é o filme? Iogurte Envenenado.,0,1,-1.904296875,1.1484375,3.052734375,0.045099563896656036,0.9549003839492798,False
5.3202.H,5.3202,H,Qual peixe cai melhor no almoço da sexta-feira santa? A-tum.,1,1,-1.9990234375,1.4892578125,3.48828125,0.02964751236140728,0.9703524708747864,True
4.374.H,4.374,H,Porque é que na Polónia ninguém se perde? Porque lá há muitas polacas.,1,1,-0.379638671875,-0.1787109375,0.200927734375,0.4499363899230957,0.5500636100769043,True
5.912.N,5.912,N,Qual é a parte do computador que não é do bem? O teclado.,0,0,1.505859375,-1.5322265625,-3.0380859375,0.9542653560638428,0.04573463276028633,True
5.3196.N,5.3196,N,Qual o eletrodoméstico perfeito para misturar currículos? O liquidificador.,0,0,2.09375,-2.095703125,-4.189453125,0.9850716590881348,0.014928337186574936,True
4.559.H,4.559,H,Porque é que os diabéticos não usam o Google Chrome? Porque não podem aceitar cookies.,1,0,0.841796875,-1.4072265625,-2.2490234375,0.90456622838974,0.09543373435735703,False
3.6.N,3.6,N,Por que o policial não gosta de sabão? Porque ele tem alergia.,0,0,2.326171875,-2.103515625,-4.4296875,0.9882221817970276,0.011777842417359352,True
5.1732.N,5.1732,N,Onde os detentos escrevem as coisas no seu dia-a-dia? No caderno.,0,0,2.24609375,-2.130859375,-4.376953125,0.9875922799110413,0.0124076958745718,True
5.1802.N,5.1802,N,Por que ninguém na Terra consegue entender a língua nativa do Super-Homem? Porque é alienígena.,0,1,-0.213623046875,-0.10711669921875,0.10650634765625,0.4733985364437103,0.5266014337539673,False
5.3785.N,5.3785,N,Qual o jogo esportivo dos estudantes que moram juntos? Riders República.,0,1,-1.59765625,0.9560546875,2.5537109375,0.07217757403850555,0.927822470664978,False
5.1276.N,5.1276,N,Qual menina sempre bota pilha nos outros pra sair? A Maria.,0,0,2.58203125,-2.517578125,-5.099609375,0.9939378499984741,0.006062155123800039,True
5.2243.N,5.2243,N,Por que a mulher com carteira assinada nunca tira o investimento? Porque ela tá de renda fixa,0,1,-1.845703125,1.0146484375,2.8603515625,0.05414869263768196,0.9458513259887695,False
5.1515.N,5.1515,N,Qual super herói que tem fetiche com a própria mãe? Deadpool.,0,0,2.54296875,-2.4453125,-4.98828125,0.9932287931442261,0.006771210115402937,True
5.169.H,5.169,H,Em qual programa o Sílvio Santos exagera no laquê? Topetudo por Dinheiro.,1,1,-1.78125,1.248046875,3.029296875,0.046119749546051025,0.953880250453949,True
4.20.H,4.20,H,Adoro mulheres com sardas. Têm centenas de pontos a seu favor.,1,1,-1.7509765625,1.0791015625,2.830078125,0.05572028458118439,0.9442797303199768,True
4.322.N,4.322,N,Qual é a semelhança entre um Game Boy e uma PlayStation? Ambos são consola.,0,1,-1.6923828125,1.0771484375,2.76953125,0.058993030339479446,0.9410068988800049,False
4.662.H,4.662,H,"Decidi começar a usar um pano nas cuecas. Assim, sempre que me peido liberto gás propano.",1,1,-1.8544921875,1.0888671875,2.943359375,0.05005130544304848,0.9499486684799194,True
5.22.H,5.22,H,Quando é que o David Copperfield sabe quando tem gente chegando na casa dele? Olhando pelo olho mágico.,1,1,-1.05859375,0.30126953125,1.35986328125,0.20426252484321594,0.7957375049591064,True
5.2955.H,5.2955,H,Qual o nome do jogo que Jô Soares adora jogar quando cheira cocaína? Jô quer pó.,1,1,-1.431640625,0.875,2.306640625,0.0905744805932045,0.9094254970550537,True
5.3668.H,5.3668,H,Por que o frango caipira não tem problemas jurídicos de identidade? Porque ele não tem hormônimos.,1,1,-1.44921875,0.9072265625,2.3564453125,0.08655482530593872,0.9134451746940613,True
5.1821.H,5.1821,H,Qual é o militar que está sempre se elogiando? Sou gato,1,1,-1.439453125,0.94189453125,2.38134765625,0.0846061259508133,0.9153938889503479,True
5.1808.N,5.1808,N,Qual personagem da literatura chupava tudo o que via? Bentinho.,0,0,1.8623046875,-1.9482421875,-3.810546875,0.9783433079719543,0.02165667526423931,True
4.162.N,4.162,N,"Porque é que o papa formigas atravessou a estrada? Não conseguiu, ficou preso numa racha.",0,0,0.311279296875,-0.3134765625,-0.624755859375,0.6512994766235352,0.3487005829811096,True
5.443.H,5.443,H,"O que o Doutor exclamou ao examinar o Silvio Santos que reclamava de uma dor nas costas? É você, Lombar.",1,1,-1.931640625,1.2451171875,3.1767578125,0.04004979506134987,0.9599501490592957,True
4.567.H,4.567,H,"O que é que a mulher do comunista diz quando o viagra perde o efeito? Foice o martelo, camarada.",1,1,-2.01953125,1.3408203125,3.3603515625,0.033557821065187454,0.9664421677589417,True
5.226.N,5.226,N,Um homem TODO DIA molha e coloca para secar um OB . Por que? PORQUE ELE ESTÁ TRANSTORNADO,0,0,-0.05419921875,-0.68359375,-0.62939453125,0.6523521542549133,0.3476478159427643,True
5.890.N,5.890,N,Qual é a marca favorita dos afilhados? Nike.,0,0,2.33984375,-2.2265625,-4.56640625,0.9897116422653198,0.010288300924003124,True
5.1066.N,5.1066,N,Qual o sanduíche de queijo com mosquito? Queijo quente.,0,0,2.0078125,-1.947265625,-3.955078125,0.9812029004096985,0.018797071650624275,True
4.156.N,4.156,N,Qual é a língua mais falada nas prisões portuguesas? É o português.,0,0,2.2265625,-2.115234375,-4.341796875,0.9871540665626526,0.012845957651734352,True
5.4027.N,5.4027,N,Qual o nome do parente que mais gosta de você? A Tia Maria.,0,0,1.80859375,-1.705078125,-3.513671875,0.9710743427276611,0.02892572060227394,True
5.3877.N,5.3877,N,Qual o cantor favorito da xícara? Roberto Carlos.,0,0,2.787109375,-2.58984375,-5.376953125,0.9953994154930115,0.0046006194315850735,True
5.561.H,5.561,H,Qual personagem do Star Wars de Umbanda? Exubacca.,1,1,-1.8427734375,1.2490234375,3.091796875,0.04344689100980759,0.9565531015396118,True
5.670.N,5.670,N,Qual é a música em que o sobrinho do Michael Jackson nos convida a assistir a um moonwalk feito pelos Jackson Five? Tears In Heaven!,0,1,-1.0205078125,0.58056640625,1.60107421875,0.16783155500888824,0.8321685194969177,False
4.371.N,4.371,N,A tua mãe é como a luz da TV . Está todo o dia apagada.,0,0,1.5244140625,-1.33203125,-2.8564453125,0.9456508755683899,0.054349105805158615,True
5.392.N,5.392,N,Qual jogador jogava basquete? Shaquille O'Neal,0,0,0.319580078125,-0.5634765625,-0.883056640625,0.7074552178382874,0.29254478216171265,True
5.3547.N,5.3547,N,Qual a profissão de gente chata? Carpinteiro.,0,0,2.16015625,-2.203125,-4.36328125,0.9874235987663269,0.012576347216963768,True
4.734.N,4.734,N,"Numa aula de filosofia do 1 ° período: "" Penso, logo existo . """,0,0,0.328857421875,-0.320068359375,-0.64892578125,0.6567683815956116,0.3432316482067108,True
5.1078.N,5.1078,N,Qual o bolo mais barulhento que existe? Bolo de aniversário.,0,0,1.8642578125,-1.9931640625,-3.857421875,0.9793145656585693,0.020685462281107903,True
5.3004.N,5.3004,N,Qual refeição que volta mais rápido do que vai? Almoço.,0,0,2.212890625,-2.3046875,-4.517578125,0.9892024397850037,0.01079756859689951,True
4.710.H,4.710,H,Comprei um pónei e chamei-lhe Mário. Pode-se dizer que tenho um cavalo Marinho.,1,1,-1.6328125,1.1953125,2.828125,0.05582314357161522,0.9441768527030945,True
5.1495.H,5.1495,H,Qual o herói favorito de Deus? Clark Crente.,1,1,-1.8486328125,1.3681640625,3.216796875,0.03853849321603775,0.9614614844322205,True
4.335.N,4.335,N,O que fazem os triângulos quando estão cansados? Dormem.,0,0,2.32421875,-2.0859375,-4.41015625,0.9879926443099976,0.012007350102066994,True
5.1585.H,5.1585,H,Qual é o melhor chá para calvície? Chapéu.,1,0,0.72998046875,-0.9365234375,-1.66650390625,0.8411091566085815,0.15889087319374084,False
5.394.N,5.394,N,Qual apresentador está na pior? José Luís Datena.,0,0,1.5166015625,-1.509765625,-3.0263671875,0.9537512063980103,0.04624880850315094,True
5.72.N,5.72,N,Qual é a roupa mais inapropriada para usar num avião? Biquíni.,0,0,2.501953125,-2.4765625,-4.978515625,0.9931628704071045,0.006837205030024052,True
5.133.N,5.133,N,Qual cantor adora cozinhar? Hélice Cooper.,0,0,2.27734375,-2.189453125,-4.466796875,0.988646388053894,0.01135365478694439,True
5.1061.H,5.1061,H,Qual doença temos que coletar esperma? Cataporra.,1,0,0.10821533203125,-0.2305908203125,-0.33880615234375,0.583900511264801,0.416099488735199,False
5.482.N,5.482,N,Qual doença se contrai quando come muito ovo? Colesterol.,0,0,1.7197265625,-1.6796875,-3.3994140625,0.9676862359046936,0.03231378272175789,True
5.3466.H,5.3466,H,Cantora que nunca tem data disponível pra show? ZizimPossible.,1,1,-1.7490234375,1.34765625,3.0966796875,0.04324442148208618,0.9567555785179138,True
4.470.H,4.470,H,Porque é que o mar é azul? Porque os peixes fazem blue... blue... blue...,1,1,-1.65234375,0.86376953125,2.51611328125,0.07473627477884293,0.9252637624740601,True
5.3911.H,5.3911,H,Qual a cidade paulista as pessoas rezam e fazem artesanato? Em Budas Artes.,1,1,-1.80078125,1.0712890625,2.8720703125,0.053551625460386276,0.9464484453201294,True
5.1971.H,5.1971,H,Porque a fada madrinha estava com um isqueiro na mão indo em direção a uma vela no candelabro? Pra acenderela ,1,1,-1.505859375,0.72314453125,2.22900390625,0.09717599302530289,0.9028239846229553,True
5.3825.H,5.3825,H,Qual o mês do Popó? Junho de Aço.,1,1,-1.5029296875,1.1640625,2.6669921875,0.0649494007229805,0.9350505471229553,True
5.1643.N,5.1643,N,Qual é a série que se passa no norte do país? 3%.,0,0,0.86669921875,-1.158203125,-2.02490234375,0.8833869695663452,0.11661302298307419,True
5.479.H,5.479,H,Por que os mamíferos são os únicos animais que conseguem tossir?  Porque só o leite que tem lacTOSSE.,1,1,-2.091796875,1.3056640625,3.3974609375,0.03237491101026535,0.967625081539154,True
5.1387.N,5.1387,N,Qual cantora escreveu Sitio do Picapau Amarelo? A Katy Perry.,0,0,2.435546875,-2.322265625,-4.7578125,0.9914886951446533,0.00851130299270153,True
5.122.H,5.122,H,Como chama a cerveja que você só toma de 2 em 2 anos? Beer nal.,1,1,-1.90625,1.291015625,3.197265625,0.03926875442266464,0.9607312679290771,True
5.2488.N,5.2488,N,Qual é o bloco do índio que não bebe nem fuma? Bloquinho infantil.,0,0,1.294921875,-1.6318359375,-2.9267578125,0.949153482913971,0.05084657296538353,True
5.1731.N,5.1731,N,Qual é o pote que toca música? O Spotted Fest.,0,1,-1.7861328125,1.3916015625,3.177734375,0.04001227021217346,0.9599877595901489,False
4.653.N,4.653,N,O Artur detesta chuva e o Paulo vento.,0,0,0.58154296875,-0.3828125,-0.96435546875,0.7239930033683777,0.2760069966316223,True
5.108.H,5.108,H,Qual é o lago que não sabe o alfabeto? Paranoá.,1,1,-1.2021484375,1.0068359375,2.208984375,0.09894658625125885,0.9010533690452576,True
5.3231.N,5.3231,N,Por que o rapaz não mostrou os slides em sua apresentação na empresa? Porque ele esqueceu de levar.,0,0,1.6240234375,-1.4912109375,-3.115234375,0.9575167298316956,0.04248320683836937,True
5.2302.N,5.2302,N,Por que uma parede ficou decepcionada com a outra? Porque ela era quebrada.,0,0,1.26953125,-1.2197265625,-2.4892578125,0.9233852624893188,0.07661467790603638,True
5.1264.N,5.1264,N,Em qual seleção joga o atleta mais baladeiro? Brasil.,0,0,1.8505859375,-1.873046875,-3.7236328125,0.9764232039451599,0.023576803505420685,True
4.156.H,4.156,H,Qual é a língua mais falada nas prisões portuguesas? É o português corrente.,1,0,0.1875,-0.57080078125,-0.75830078125,0.6809847354888916,0.3190152943134308,False
5.2095.H,5.2095,H,O que o rapaz falou quando viu batatinhas em um saquinho? É uma chips? ,1,1,-0.7294921875,0.145263671875,0.874755859375,0.2942656874656677,0.7057343125343323,True
5.3209.H,5.3209,H,Qual rainha que bebe cerveja? Squeencariol.,1,1,-1.896484375,1.1650390625,3.0615234375,0.04472257196903229,0.9552773833274841,True
5.2707.N,5.2707,N,Por que o tubo de pomada foi espremido? Porque era um creme.,0,0,1.716796875,-1.7373046875,-3.4541015625,0.969353199005127,0.03064677305519581,True
5.1193.N,5.1193,N,Qual a sandália usada no exército? Sandália crocs.,0,0,0.294189453125,-0.2188720703125,-0.5130615234375,0.6255238652229309,0.3744761347770691,True
4.445.H,4.445,H,De que material são compostas as pedras nos rins? De xixisto.,1,1,-1.0927734375,0.96923828125,2.06201171875,0.11284426599740982,0.8871557116508484,True
5.3957.H,5.3957,H,Qual rapper que te convidava pro sexo oral? Chupac.,1,1,-1.80859375,1.2197265625,3.0283203125,0.04616272822022438,0.9538372755050659,True
5.1149.N,5.1149,N,Qual personagem de dragon ball nasceu na Alemanha e não come carne? Kurilin.,0,0,1.6884765625,-1.6650390625,-3.353515625,0.9662197828292847,0.03378022834658623,True
5.3277.H,5.3277,H,Qual cantor registrava a entrada de ets? Ovinicius de Moraes.,1,0,1.4794921875,-1.3984375,-2.8779296875,0.9467446208000183,0.05325542390346527,False
5.3196.H,5.3196,H,Qual o eletrodoméstico perfeito para misturar currículos? O Linkedinficador.,1,1,-1.458984375,1.09375,2.552734375,0.07224300503730774,0.9277569651603699,True
5.3591.H,5.3591,H,"O que o Fred Flintstone disse quando percebeu que instalou um programa indesejado? Ih, aba da Baidu.",1,1,-1.96484375,1.5927734375,3.5576171875,0.027716565877199173,0.9722834825515747,True
4.170.H,4.170,H,Qual é o jogo preferido das vesículas? O biliar.,1,1,-1.32421875,1.0673828125,2.3916015625,0.08381535857915878,0.916184663772583,True
5.203.H,5.203,H,Por que muitos jogadores do Corínthians não foram à festa de comemoração do título brasileiro? Porque a festa foi muito longe. Lá na casa do Carille!,1,1,-1.310546875,0.66064453125,1.97119140625,0.12226098030805588,0.8777390122413635,True
5.3443.H,5.3443,H,Qual atriz é um cereal? Jennifer é Neston.,1,1,-1.6337890625,1.0048828125,2.638671875,0.06669065356254578,0.9333093762397766,True
5.281.N,5.281,N,Qual é o cantor que melhor improvisa com as ferramentas que tem à disposição? Zé Ramalho.,0,0,2.79296875,-2.55859375,-5.3515625,0.9952816367149353,0.004718369338661432,True
5.695.N,5.695,N,Qual é o tipo de roupa que os magros não podem usar? As feitas de linho.,0,0,1.8408203125,-1.716796875,-3.5576171875,0.9722834825515747,0.027716565877199173,True
5.1162.H,5.1162,H,Qual o bairro de São Paulo que só tem Japoneses? Japaquara,1,0,1.65625,-1.423828125,-3.080078125,0.956063449382782,0.043936531990766525,False
5.2508.N,5.2508,N,Qual é o planeta que ama a todos? A terra.,0,0,1.875,-1.8701171875,-3.7451171875,0.9769127368927002,0.023087240755558014,True
5.2703.N,5.2703,N,Qual jogo antigo fica tentando as pessoas contra sua religião? Pacman.,0,0,2.38671875,-2.33984375,-4.7265625,0.9912208914756775,0.008779109455645084,True
4.672.N,4.672,N,Qual é o melhor óleo para lubrificar o sexo? Óleo corporal.,0,0,0.52392578125,-0.63232421875,-1.15625,0.760650634765625,0.2393493503332138,True
5.3591.N,5.3591,N,"O que o Fred Flintstone disse quando percebeu que instalou um programa indesejado? Ah, não.",0,0,1.3037109375,-1.6640625,-2.9677734375,0.951096773147583,0.048903174698352814,True
4.152.H,4.152,H,Já estreou o novo espetáculo com legos ao vivo. É uma peça de teatro.,1,0,1.28515625,-1.3212890625,-2.6064453125,0.9312752485275269,0.06872475892305374,False
4.371.H,4.371,H,A tua mãe é como a luz da TV. Está todo o dia acesa.,1,0,1.3466796875,-1.28515625,-2.6318359375,0.9328826069831848,0.06711740791797638,False
4.96.N,4.96,N,Que nome se dá a um cacto engraçado? Cacti.,0,0,1.4794921875,-1.427734375,-2.9072265625,0.9482024908065796,0.05179747939109802,True
5.1264.H,5.1264,H,Em qual seleção joga o atleta mais baladeiro? Agito.,1,1,-1.19921875,0.8994140625,2.0986328125,0.10922978073358536,0.8907702565193176,True
5.2395.H,5.2395,H,Qual é o remédio que se compra quando vai à padaria? BuscoPão.,1,1,-1.537109375,1.24609375,2.783203125,0.05823862925171852,0.9417614340782166,True
4.617.N,4.617,N,Por que é que o Napoleão era sempre convidado para todas as festas? Porque era animado.,0,0,1.6796875,-1.6435546875,-3.3232421875,0.965217649936676,0.034782394766807556,True
4.343.H,4.343,H,Qual é a nacionalidade de um canalizador de bigode? É um mexe-cano.,1,1,-2.029296875,1.3173828125,3.3466796875,0.03400405868887901,0.9659959077835083,True
5.1722.N,5.1722,N,"Qual é o bruxo-malvadão que ia, mas já voltou? Draco Malfoi.",0,1,-1.9736328125,1.3486328125,3.322265625,0.034815192222595215,0.96518474817276,False
5.1984.H,5.1984,H,Por que o eletricista ficou louco quando viu seu carro? Porque viu o Fio Rino ,1,1,-1.7529296875,1.15234375,2.9052734375,0.05189348757266998,0.9481064677238464,True
5.2125.H,5.2125,H,O que o rapaz fez com as fotos que tirou no ano novo? Reveillou ,1,0,-0.1090087890625,-0.56591796875,-0.4569091796875,0.6122806668281555,0.3877193033695221,False
5.2189.H,5.2189,H,Quem é a cantora que trabalha com transporte público nos Estados Unidos? Van USA ,1,1,-1.9267578125,1.18359375,3.1103515625,0.04268227890133858,0.9573177695274353,True
4.539.H,4.539,H,"Será que os meus amigos vão passar férias a países do médio oriente? Uns, Irão. Os outros, Paquistão.",1,0,-0.07830810546875,-0.12042236328125,-0.0421142578125,0.5105270147323608,0.4894729554653168,False
5.3370.N,5.3370,N,"Qual ator é a junção de um tigre, um super-herói e um cantor? Lion.",0,0,1.7021484375,-1.7294921875,-3.431640625,0.968678891658783,0.031321119517087936,True
5.3659.N,5.3659,N,Qual integrante dos Castro Brothers gosta de te estudar na língua culta? Matheus Castro,0,0,1.712890625,-1.58203125,-3.294921875,0.9642541408538818,0.035745806992053986,True
4.559.N,4.559,N,Porque é que os conspiracionistas não usam o Google Chrome? Porque não podem aceitar cookies.,0,0,0.67626953125,-1.28125,-1.95751953125,0.876264214515686,0.12373573333024979,True
5.694.H,5.694,H,Qual cantora espirra muito? Atchimna Turner.,1,1,-1.8291015625,1.1298828125,2.958984375,0.04931360483169556,0.9506864547729492,True
4.307.N,4.307,N,Quanto tempo demora um gelado a derreter? Cerca de um quarto de hora.,0,0,1.376953125,-1.6083984375,-2.9853515625,0.9519079327583313,0.04809204488992691,True
5.1193.H,5.1193,H,Qual a sandália usada no exército? Melíssia.,1,0,2.62890625,-2.361328125,-4.990234375,0.9932418465614319,0.00675808684900403,False
4.491.H,4.491,H,Não há muitos elefantes em Moçambique. Mas no Zimbabué.,1,1,-1.990234375,1.2958984375,3.2861328125,0.036049988120794296,0.963949978351593,True
5.1929.N,5.1929,N,Qual joalheria não usa gasolina? Vivara.,0,0,-0.038116455078125,-0.286865234375,-0.248748779296875,0.5618684887886047,0.4381314516067505,True
4.751.N,4.751,N,"Como correu a primeira final de sempre da Liga dos Campeões com patos? Foi bem disputada, cheia de craques da bola e acabou com a vitória do  Real Madrid.",0,0,0.218994140625,-0.49609375,-0.715087890625,0.6715244054794312,0.32847559452056885,True
4.447.H,4.447,H,Para que é que se plantam garfos? Para depois colher.,1,1,-1.255859375,0.76953125,2.025390625,0.11656274646520615,0.8834372758865356,True
5.1472.N,5.1472,N,Qual o melhor pote da cozinha? O de arroz.,0,0,2.33203125,-2.2734375,-4.60546875,0.9901019334793091,0.009898063726723194,True
5.54.H,5.54,H,Qual é o personagem histórico que fui eu que indiquei? Pero Vaz de indica minha.,1,1,-1.71484375,1.248046875,2.962890625,0.04913078621029854,0.9508692026138306,True
4.198.N,4.198,N,"Porque é que a febre tifóide é tão perigosa? Porque ou tu a curas, ou ela agrava-se mesmo.",0,0,0.1435546875,-0.64111328125,-0.78466796875,0.68668532371521,0.3133147358894348,True
4.622.H,4.622,H,Que tamanho de roupa vestem as videntes? Tamanho médium.,1,1,-1.78515625,1.158203125,2.943359375,0.05005130544304848,0.9499486684799194,True
5.2312.H,5.2312,H,Qual é o nome da banda favorita das pessoas cansadas? Exausta samba,1,1,-1.83203125,1.208984375,3.041015625,0.04560694098472595,0.9543930292129517,True
4.36.H,4.36,H,Uma loira viu um jogo de futebol que acabou 1-0. Qual foi o seu jogador preferido? O Vidoso. Porque o golo foi do Vidoso.,1,0,1.107421875,-1.1455078125,-2.2529296875,0.904902994632721,0.09509705752134323,False
5.1869.H,5.1869,H,Que parte do corpo cuida das coisas? To no zelo,1,1,-1.9833984375,1.5322265625,3.515625,0.028870904818177223,0.9711290597915649,True
5.41.N,5.41,N,Qual cantora brasileira só cria galinha? Ivete.,0,0,2.59375,-2.572265625,-5.166015625,0.9943251013755798,0.005674875341355801,True
5.635.H,5.635,H,Qual é o policial que não gosta de gente com boca suja? Guarda napo.,1,1,-1.78125,1.17578125,2.95703125,0.04940524324774742,0.9505947232246399,True
5.1678.N,5.1678,N,Quem foi a primeira pessoa que comprou um apartamento na planta? O Roberto.,0,0,2.28125,-2.1875,-4.46875,0.9886682629585266,0.011331753805279732,True
5.3685.N,5.3685,N,Qual chefe que não consulta livro de receitas? O Chefe de cozinha.,0,0,0.72412109375,-0.88671875,-1.61083984375,0.8335279822349548,0.16647204756736755,True
4.215.N,4.215,N,O que diz a mãe quando vai por o filho à escola? Lá vai o meu rebento ...,0,1,-0.51904296875,-0.01318359375,0.505859375,0.37616467475891113,0.6238353848457336,False
4.430.N,4.430,N,O que diz um empregado para o outro? Vamos mas é trabalhar que o patrão está teso.,0,1,-1.455078125,1.0869140625,2.5419921875,0.07296629995107651,0.9270336627960205,False
5.3946.N,5.3946,N,O quê o seu Madruga usa pra tomar banho? A bucha.,0,0,1.01953125,-0.931640625,-1.951171875,0.8755743503570557,0.12442562729120255,True
5.3490.H,5.3490,H,Qual hotel se hospedavam os Beatles? Let Ibis.,1,1,-1.677734375,1.1318359375,2.8095703125,0.0568091943860054,0.9431908130645752,True
5.521.H,5.521,H,Qual ator que peida tão alto que ressoa? Francisco Cu Oco.,1,1,-1.552734375,1.2509765625,2.8037109375,0.057123973965644836,0.9428760409355164,True
5.3342.H,5.3342,H,Qual o nervo que tem uma loja? O nervo C&A tico.,1,1,-1.8935546875,1.2763671875,3.169921875,0.04031343758106232,0.9596865773200989,True
5.681.N,5.681,N,Qual matéria da escola pode machucar? Matemática.,0,0,2.146484375,-2.244140625,-4.390625,0.9877586960792542,0.012241274118423462,True
5.714.N,5.714,N,Qual o cantor que cheira toda a cocaína que trouxeram? Zeca pagodinho.,0,1,-1.9052734375,1.4189453125,3.32421875,0.03474962338805199,0.9652503728866577,False
5.2893.N,5.2893,N,Qual dupla canta a meia luz? Zezé de Camargo e Luciano,0,0,2.625,-2.44921875,-5.07421875,0.9937829375267029,0.0062170778401196,True
5.1245.H,5.1245,H,Por que a ovelha gosta de salgadinhos? Porque ela Éuma Sheeps.,1,1,-2.115234375,1.3369140625,3.4521484375,0.030704854056239128,0.9692951440811157,True
5.1046.N,5.1046,N,Qual o canal para fumantes infantis? Discovery Kids.,0,0,1.265625,-1.3056640625,-2.5712890625,0.9289907217025757,0.07100921869277954,True
5.2397.N,5.2397,N,Qual o Podcast favorito desse canal? NLP - Data Hackers.,0,1,-1.873046875,1.3408203125,3.2138671875,0.03864719718694687,0.9613528251647949,False
5.2592.N,5.2592,N,Qual a composição do peido do Papa? 100% metano.,0,0,0.5380859375,-0.77099609375,-1.30908203125,0.7873595356941223,0.21264049410820007,True
5.92.H,5.92,H,Qual o parente que não serve pra nada? Inú tio.,1,1,-1.6513671875,1.279296875,2.9306640625,0.05065838247537613,0.9493416547775269,True
5.2183.H,5.2183,H,Qual é a hortaliça que faz sucesso no norte e nordeste? Cebola Arroxa ,1,1,-1.8974609375,1.48828125,3.3857421875,0.032744038850069046,0.9672560095787048,True
5.465.H,5.465,H,Qual estado brasileiro mais toma refrigerante? Fanta Catarina.,1,1,-1.6962890625,1.005859375,2.7021484375,0.06284669786691666,0.9371532797813416,True
4.486.H,4.486,H,"Vira-se um computador grande para o pequeno: Olha só para ti, tão pequeno e já computas.",1,1,-1.3447265625,0.76220703125,2.10693359375,0.10842473059892654,0.891575276851654,True
4.404.H,4.404,H,O que são duas cenouras a discutir? Poluição cenora.,1,1,-1.9404296875,1.2060546875,3.146484375,0.04123002663254738,0.9587699174880981,True
5.2452.N,5.2452,N,Qual é o salgado muito bom que não deixa ninguem transar? Croquete.,0,0,2.013671875,-2.013671875,-4.02734375,0.9824904799461365,0.01750955916941166,True
5.3733.H,5.3733,H,Qual é o esporte de praia que deixa a bola bêbada? Altinha.,1,1,-1.181640625,0.7783203125,1.9599609375,0.12347128242254257,0.8765287399291992,True
5.354.H,5.354,H,Por que Cuba foi na festa dos países? Pra socializar.,1,0,0.64013671875,-0.81396484375,-1.4541015625,0.8106288909912109,0.18937113881111145,False
4.109.H,4.109,H,Que nome se dá a um cão que vai à missa? Cachorro crente.,1,1,-1.439453125,1.0830078125,2.5224609375,0.07429851591587067,0.9257014989852905,True
5.810.H,5.810,H,Por que quando você reclamou eles nunca responderam? Porque eram lentos de contato.,1,1,-0.62060546875,0.1375732421875,0.7581787109375,0.31904181838035583,0.6809581518173218,True
5.1732.H,5.1732,H,Por que algumas pessoas não ficavam acordadas de madrugada pra ver as Olimpíadas? Por medo do espírito olímpico,1,0,0.78857421875,-1.1201171875,-1.90869140625,0.8708720803260803,0.12912793457508087,False
5.2200.H,5.2200,H,Qual é o filme favorito da cabra? A bruxa de béé,1,1,-2.052734375,1.3447265625,3.3974609375,0.03237491101026535,0.967625081539154,True
5.728.H,5.728,H,"Qual é o nome da doença que acomete vítimas de sequestro que não têm espelho no cativeiro? Síndrome de ""ESTOU COMO?""",1,1,-0.2763671875,0.0908203125,0.3671875,0.40922078490257263,0.590779185295105,True
5.3762.H,5.3762,H,Qual é o jogador de futebol que sempre se protege do sol? Frank de Boné ,1,1,-1.9453125,1.4248046875,3.3701171875,0.033242542296648026,0.9667574763298035,True
5.83.H,5.83,H,Qual é o animal que mais sofre com enfermidades? O condor.,1,0,2.58984375,-2.533203125,-5.123046875,0.9940774440765381,0.005922556389123201,False
5.441.H,5.441,H,Por que todo fã de Nirvana também gosta do Jorge Ben Jor? Porque fã de Nirvana Curte com Ben.,1,1,-1.8916015625,1.5859375,3.4775390625,0.02995811216533184,0.9700418710708618,True
5.3395.N,5.3395,N,Qual o remédio que te convence a pedir um carro pra vc se deslocar? Dipirona.,0,0,1.9306640625,-1.951171875,-3.8818359375,0.9798033833503723,0.020196635276079178,True
5.1598.H,5.1598,H,Qual é o animal que voa no deserto? Dronedário.,1,1,-1.6279296875,1.1142578125,2.7421875,0.06052938848733902,0.9394705891609192,True
5.3132.N,5.3132,N,Qual o exercício preferido das abelhas? Voar.,0,0,2.322265625,-2.16015625,-4.482421875,0.9888203740119934,0.011179600842297077,True
4.466.H,4.466,H,Como é que as pombas se reproduzem? Uma em cima da outra e POMBA POMBA POMBA!,1,1,-2.103515625,1.5751953125,3.6787109375,0.0246333796530962,0.9753665924072266,True
5.3645.H,5.3645,H,Qual é o desenho onde o personagem principal só consegue dinheiro em outro planeta? Rico em Marte.,1,1,-1.6201171875,1.158203125,2.7783203125,0.058507006615400314,0.9414929747581482,True
5.3807.H,5.3807,H,Qual senador que proíbe piadas? Ri não Calheiros.,1,1,-1.6259765625,1.189453125,2.8154296875,0.05649606138467789,0.9435039758682251,True
4.607.H,4.607,H,Por que é que o motard foi despedido? Porque não estava capacetado para o trabalho.,1,1,-1.1884765625,0.61865234375,1.80712890625,0.14098547399044037,0.8590145111083984,True
5.3287.N,5.3287,N,Qual o ingrediente principal na comida de quem apanhou? RepOlho Roxo.,0,1,-1.783203125,1.203125,2.986328125,0.04804736375808716,0.9519526958465576,False
5.3522.N,5.3522,N,O que é que tem abas e é gostoso de lamber? Absorvente.,0,0,0.06707763671875,-0.36572265625,-0.43280029296875,0.60654217004776,0.3934578597545624,True
5.2643.H,5.2643,H,Qual é o nome de um cabeleireiro? Saulão de Beleza.,1,1,-1.8642578125,1.1787109375,3.04296875,0.045521996915340424,0.9544779658317566,True
5.3238.N,5.3238,N,Qual queijo dirige carro? Rockerford.,0,1,-0.89794921875,0.51806640625,1.416015625,0.19528697431087494,0.8047130703926086,False
4.213.N,4.213,N,Como é que se chama uma empregada doméstica chinesa? Lee.,0,0,1.6484375,-1.6845703125,-3.3330078125,0.9655439257621765,0.03445602208375931,True
4.245.H,4.245,H,Que nome se dá a um homem que via mas agora já não vê? Tobias.,1,0,1.5703125,-1.533203125,-3.103515625,0.9570375084877014,0.04296246916055679,False
4.40.H,4.40,H,"Hoje no trânsito disse ""amo-te"" a um semáforo. O semáforo ficou vermelho.",1,0,1.607421875,-1.4130859375,-3.0205078125,0.9534921050071716,0.046507950872182846,False
5.3223.H,5.3223,H,Qual o contrário de vadia? Voltenoite.,1,1,-1.4970703125,0.78076171875,2.27783203125,0.09297561645507812,0.9070243835449219,True
5.424.H,5.424,H,Qual deus grego me deixa puto? Mienerva.,1,1,-1.33984375,1.0078125,2.34765625,0.08725224435329437,0.9127477407455444,True
5.2301.H,5.2301,H,"Por que o militar sempre ia no futebol, mas nunca jogava? Porque era militar de reserva.",1,0,0.1024169921875,-0.458740234375,-0.5611572265625,0.6367202401161194,0.3632797598838806,False
4.324.N,4.324,N,Quais são as escadas que demoram mais a subir? São as escadas em pedra.,0,1,-0.70556640625,0.11834716796875,0.82391357421875,0.3049335181713104,0.6950664520263672,False
5.1043.N,5.1043,N,Qual é o pokémon da umbanda? O Olorum,0,1,-1.5634765625,1.0185546875,2.58203125,0.07030384242534637,0.9296960830688477,False
5.3942.N,5.3942,N,Qual a bebida preferida dos sindicalistas? Café.,0,0,2.6328125,-2.587890625,-5.220703125,0.9946255087852478,0.005374487489461899,True
5.1015.H,5.1015,H,O que são vários números 2 caindo do céu? Twova.,1,1,-1.8505859375,1.2568359375,3.107421875,0.04280214384198189,0.9571978449821472,True
5.778.H,5.778,H,Por que o cara que não fazia exercícios prestou odonto?  Pra ser dentário.,1,1,-1.5732421875,1.009765625,2.5830078125,0.07024005055427551,0.9297599792480469,True
5.3328.H,5.3328,H,Como se chamam os jovens barbeiros? Molecortes.,1,1,-1.52734375,1.0751953125,2.6025390625,0.06897519528865814,0.9310247898101807,True
5.1377.H,5.1377,H,"Por que o professor de natação largou o emprego? Porque ele ensinou, ensinou, e o aluno nada.",1,1,-0.94873046875,0.3271484375,1.27587890625,0.21825255453586578,0.7817474007606506,True
5.4048.N,5.4048,N,Qual a música preferida dos cachorros? Cão amigo.,0,1,-1.828125,1.138671875,2.966796875,0.04894862323999405,0.9510514140129089,False
4.524.N,4.524,N,Partir o pescoço foi uma experiência aterrorizante . Mas agora já estou a melhorar.,0,0,0.64404296875,-0.95458984375,-1.5986328125,0.8318272233009338,0.16817279160022736,True
5.1054.N,5.1054,N,Por que o carbono alfa ficou nervoso? Porque uma carboxila tirou a mulher dele.,0,1,-2.05078125,1.3984375,3.44921875,0.03079216368496418,0.9692078232765198,False
5.1066.H,5.1066,H,Qual o sanduíche de queijo com mosquito? Cheese-kungunya.,1,1,-2.03515625,1.375,3.41015625,0.03197956085205078,0.968020498752594,True
