id,pair_id,suffix,text,true_label,predicted_label,logit_non_pun,logit_pun,pun_score,probability_non_pun,probability_pun,correct
4.103.H,4.103,H,Qual é a única coisa que se faz sempre em numeração romana? XI XI.,1,1,-0.52734375,-0.337890625,0.189453125,0.4527778923511505,0.5472221374511719,True
5.28.N,5.28,N,Qual é a modelo mais bela que existe? Gisele Bündchen.,0,0,2.640625,-2.578125,-5.21875,0.9946150183677673,0.005384938325732946,True
4.600.H,4.600,H,O que são quatro pontos pretos no chão? Fourmigas.,1,1,-1.921875,1.203125,3.125,0.042087722569704056,0.957912266254425,True
5.1378.N,5.1378,N,Por que eu não faço esporte? Porque é a maior furada.,0,0,0.578125,-0.9375,-1.515625,0.8198933005332947,0.18010665476322174,True
5.1777.N,5.1777,N,Qual é o contrário de Otorrinolaringologista? atsigologniralonirroto.,0,1,-2.453125,1.5546875,4.0078125,0.01784873753786087,0.9821512699127197,False
5.1772.H,5.1772,H,O que um diretor da Ubisoft foi fazer na África? Um SaFari Cry.,1,1,-2.296875,1.2890625,3.5859375,0.026963500306010246,0.973036527633667,True
5.1714.H,5.1714,H,Você gosta de Katy Perry? Katy perguntou?,1,0,0.63671875,-1.046875,-1.68359375,0.8433797955513,0.15662017464637756,False
4.264.N,4.264,N,Porque é que na escola as meninas desenham sempre florzinhas e coraçõezinhos no caderno? Porque assim decoram o caderno.,0,0,1.3046875,-1.5703125,-2.875,0.9465966820716858,0.053403329104185104,True
5.1205.N,5.1205,N,Por que o pessoal do Nordeste se orgulha do GPS? Porque ele fala: Você chegou no destino.,0,0,1.1328125,-1.5234375,-2.65625,0.9343951344490051,0.06560483574867249,True
5.1050.N,5.1050,N,Qual a serie de anime que louva o tabaco? One Piece.,0,0,1.1484375,-1.25,-2.3984375,0.9167081117630005,0.0832919254899025,True
5.2882.N,5.2882,N,Personagem que adora Leite? Pernalonga,0,1,-2.390625,1.65625,4.046875,0.017176710069179535,0.9828232526779175,False
5.3127.N,5.3127,N,Qual programa onde você fala com um carro? O assistente pessoal.,0,0,2.375,-2.15625,-4.53125,0.9893474578857422,0.01065251138061285,True
5.16.H,5.16,H,Para onde as pulgas vão quando morrem? Para o pulgatório.,1,1,-0.7421875,0.369140625,1.111328125,0.24762336909770966,0.7523766160011292,True
5.2393.H,5.2393,H,Qual é o canal infantil que só transmite batida de carro? Car Tum Network.,1,1,-2.109375,1.1796875,3.2890625,0.03594832122325897,0.9640516638755798,True
5.4014.N,5.4014,N,Por que no interiorzão não dá pra ouvir música? Porque lá o silêncio impera.,0,0,1.3515625,-1.25,-2.6015625,0.930962085723877,0.06903792172670364,True
5.3741.N,5.3741,N,Qual comentarista esportivo se gaba da reforma em seu domicílio? Galvão Bueno.,0,0,2.703125,-2.46875,-5.171875,0.9943581223487854,0.005641908850520849,True
5.3523.N,5.3523,N,Em qual brincadeira eu só aceito gente inteligente? Tiro ao alvo.,0,0,2.203125,-2.1875,-4.390625,0.9877586960792542,0.012241274118423462,True
4.633.N,4.633,N,Vira-se uma secretária para outra: Esta folha é tua ou é impressão minha?,0,0,1.125,-1.4765625,-2.6015625,0.930962085723877,0.06903792172670364,True
4.644.H,4.644,H,"Para quem não viu o eclipse ontem à noite, no fim o Edward fica com a Bella.",1,0,0.62109375,-1.03125,-1.65234375,0.8392075896263123,0.16079244017601013,False
5.26.N,5.26,N,Qual grupo de pagode odeia o final dos parabéns? Só pra Contrariar.,0,0,1.5859375,-1.421875,-3.0078125,0.9529258608818054,0.047074176371097565,True
5.56.H,5.56,H,Qual creme de barbear parece um esperma? Gozzano.,1,0,0.67578125,-1.1796875,-1.85546875,0.8647679686546326,0.1352320909500122,False
5.3625.H,5.3625,H,Qual a banda que ajuda as pessoas a alcançar a seu destino?  Owazes.,1,0,0.302734375,-0.7578125,-1.060546875,0.7427950501441956,0.25720494985580444,False
5.850.N,5.850,N,Qual o X-Men que morre de vontade de conhecer o Inri Cristo? Charles Xavier.,0,0,-0.1591796875,-0.29296875,-0.1337890625,0.5333974957466125,0.46660253405570984,True
5.26.H,5.26,H,Qual grupo de pagode odeia o final dos parabéns? Sopra Contrariado.,1,1,-2.171875,1.5625,3.734375,0.023330768570303917,0.976669192314148,True
5.2760.N,5.2760,N,Qual o grupo musical favorito dos leões? Queen.,0,0,1.8828125,-1.734375,-3.6171875,0.9738444089889526,0.02615562081336975,True
4.287.N,4.287,N,O que diz uma pessoa quando entra na casa de banho? Que cheiro!,0,0,2.15625,-1.984375,-4.140625,0.9843363761901855,0.015663649886846542,True
5.2679.H,5.2679,H,Qual padre é um cavalo? Marcelo Horse.,1,1,-2.1875,1.5,3.6875,0.024423090741038322,0.9755768775939941,True
5.3508.H,5.3508,H,Qual rapper é também um ótimo detetive? Marcelo Deduz.,1,1,-1.7734375,1.2578125,3.03125,0.04603390395641327,0.9539660811424255,True
5.3530.N,5.3530,N,Como se chama a tatuagem feita num velho? Tatuagem no vô.,0,1,-0.6640625,0.107421875,0.771484375,0.3161580562591553,0.6838418841362,False
4.253.H,4.253,H,Porque é que os polícias não gostam de sabão? Porque preferem deter gente.,1,0,0.1513671875,-0.396484375,-0.5478515625,0.6336370706558228,0.366362988948822,False
5.2675.N,5.2675,N,Qual cantor sempre manda uma jogada boa no baralho? Nando Reis.,0,0,2.6875,-2.609375,-5.296875,0.9950177073478699,0.004982269834727049,True
5.1980.H,5.1980,H,Qual o dispositivo usado pra enxergar melhor uma determinada nota musical? Óculos de Sol ,1,0,2.453125,-2.171875,-4.625,0.9902915358543396,0.009708477184176445,False
4.544.N,4.544,N,"A Érica e a Ester decidiram adotar uma jovem . Quando ela soube, ficou feliz.",0,0,2.171875,-2.03125,-4.203125,0.9852713346481323,0.014728614129126072,True
5.420.N,5.420,N,Qual fruta nasce às margens do Rio Negro? Maçãs.,0,0,2.546875,-2.40625,-4.953125,0.9929881691932678,0.007011794485151768,True
5.1837.H,5.1837,H,Qual é o apresentador que me dá tesão? Otávio me Excita,1,1,-2.03125,1.4609375,3.4921875,0.029535338282585144,0.9704646468162537,True
5.1602.H,5.1602,H,Qual é a novela em que Antônio Fagundes faz uso de entorpecentes? O Rei Dro Gado.,1,0,1.359375,-1.5078125,-2.8671875,0.9462003111839294,0.05379964038729668,False
4.573.H,4.573,H,Porque é que os cemitérios têm paredes? Porque as pessoas estão mortinhas por entrar lá dentro.,1,0,0.1484375,-0.439453125,-0.587890625,0.6428810358047485,0.35711896419525146,False
5.2189.N,5.2189,N,Quem é a cantora que trabalha com transporte público nos Estados Unidos?  Beyoncé,0,0,2.578125,-2.5,-5.078125,0.9938070178031921,0.006192990578711033,True
4.360.N,4.360,N,Porque é que o Pedro se divorciou? Porque a mulher não servia para nada.,0,0,0.953125,-1.265625,-2.21875,0.9019206762313843,0.09807932376861572,True
5.1303.H,5.1303,H,Qual o chá preferido dos britânicos para se acalmar? C'mon Mila.,1,1,-1.953125,1.1484375,3.1015625,0.04304284602403641,0.9569571614265442,True
5.2415.H,5.2415,H,Qual é a cidade que quer ser um instrumento musical?  Itaquaquecetuba.,1,1,-1.3125,0.68359375,1.99609375,0.1196136623620987,0.8803863525390625,True
4.630.H,4.630,H,Por que é que os surfistas comem a comida fria? Porque detestam micro ondas.,1,0,0.640625,-0.84375,-1.484375,0.815232515335083,0.18476751446723938,False
5.85.N,5.85,N,Qual é a tartaruga ninja que vive na Disney? O Miquelângelo.,0,1,-2.203125,1.453125,3.65625,0.02517884038388729,0.974821150302887,False
5.976.N,5.976,N,Qual passarinho adora televisão? Pardal.,0,0,2.546875,-2.375,-4.921875,0.9927672147750854,0.007232763804495335,True
5.3987.N,5.3987,N,"Qual artista pop era porco gordo, mas era irresistível? Baicon Jackson.",0,1,-1.9921875,1.15625,3.1484375,0.041152890771627426,0.9588471055030823,False
5.848.H,5.848,H,Qual personagem da Disney que ninguém gosta? Amarga Rida.,1,1,-2.359375,1.4453125,3.8046875,0.02178117260336876,0.9782188534736633,True
5.1981.H,5.1981,H,Como se chama o ato de um ministro comer a primeira dama? Uma metida provisória ,1,1,-1.125,0.52734375,1.65234375,0.16079244017601013,0.8392075896263123,True
5.933.H,5.933,H,Qual é o nome do especialista em temperar carnes que não se esquecia do passado?  O Sal Dosista.,1,1,-2.109375,1.5703125,3.6796875,0.024609927088022232,0.9753900170326233,True
5.3610.H,5.3610,H,Qual é a série em que todo mundo que é policial tem que sair? C.S.I.,1,0,1.796875,-1.765625,-3.5625,0.9724147915840149,0.027585284784436226,False
5.167.H,5.167,H,"O que o padrinho da faca disse?  ""Oi, afiado"".",1,1,-0.52734375,0.4609375,0.98828125,0.2712516784667969,0.7287483215332031,True
5.489.N,5.489,N,Qual piloto tem pacto com o Diabo? Barrichello.,0,0,2.578125,-2.515625,-5.09375,0.9939024448394775,0.006097561679780483,True
5.2012.H,5.2012,H,Que apresentador vive tomando Dramin? Rodri Gorfaro ,1,1,-2.109375,1.359375,3.46875,0.030214589089155197,0.9697853922843933,True
5.1381.N,5.1381,N,Por que colocaram uma cama elástica no Polo Norte? Para o urso brincar.,0,0,0.78515625,-1.078125,-1.86328125,0.8656789064407349,0.13432106375694275,True
4.95.N,4.95,N,Qual é a única profissão que necessita de verniz de unhas para trabalhar? É a manicure.,0,0,2.546875,-2.40625,-4.953125,0.9929881691932678,0.007011794485151768,True
5.823.N,5.823,N,Qual a banda que não deve nada pra ninguém? Skank.,0,0,2.140625,-2.046875,-4.1875,0.985042929649353,0.014957087114453316,True
5.1116.H,5.1116,H,Por que os jacarés só andavam em dois? Porque são reptildos.,1,1,-1.1953125,0.55078125,1.74609375,0.14854057133197784,0.8514594435691833,True
5.3119.N,5.3119,N,Qual o nome da mãe do super-herói que nunca vai em praia com águas geladas? Martha Wayne.,0,0,1.03125,-1.34375,-2.375,0.9149009585380554,0.08509904891252518,True
5.415.H,5.415,H,Qual é o restaurante favorito dos maconheiros? O Outbeck.,1,1,-1.5234375,0.87109375,2.39453125,0.08359067887067795,0.9164093732833862,True
4.11.H,4.11,H,Qual é o animal mais romântico? É a amêijoa. Porque dorme em conchinha.,1,1,-1.703125,1.0,2.703125,0.06278920918703079,0.937210738658905,True
5.594.H,5.594,H,O que um irmão siamês falou pro outro? Tamo Junto!,1,0,0.37109375,-0.62890625,-1.0,0.7310585975646973,0.26894140243530273,False
4.678.N,4.678,N,Acabei de abrir a conta da água e a conta da luz ao mesmo tempo . Fiquei em pânico .,0,0,1.578125,-1.796875,-3.375,0.9669140577316284,0.033085983246564865,True
4.645.N,4.645,N,"Se um dia te oferecerem uns óculos sem lentes, tem cuidado! Pode ser engano.",0,0,1.2578125,-1.53125,-2.7890625,0.942081868648529,0.057918086647987366,True
5.728.N,5.728,N,"Qual é o nome da doença que acomete vítimas de sequestro que não têm espelho no cativeiro? Síndrome de "" Estocolmo? """,0,1,-0.40234375,-0.255859375,0.146484375,0.4634442627429962,0.5365557670593262,False
5.1049.H,5.1049,H,Qual bebiba te dá superpoder? Chá zam.,1,1,-1.5546875,0.83984375,2.39453125,0.08359067887067795,0.9164093732833862,True
5.3578.N,5.3578,N,O que o advogado deixou para os filhos? Seu carro.,0,0,2.4375,-2.25,-4.6875,0.9908744096755981,0.00912563782185316,True
5.62.N,5.62,N,Qual é a atriz que só usa roupa da Zara? Taís Araújo.,0,0,2.8125,-2.734375,-5.546875,0.9961155652999878,0.0038844766095280647,True
5.591.N,5.591,N,Qual cerveja é do Rio de Janeiro? Schincarioca.,0,1,-2.09375,1.46875,3.5625,0.027585284784436226,0.9724147915840149,False
5.2985.N,5.2985,N,Qual animal é coach? O homem.,0,0,2.515625,-2.46875,-4.984375,0.9932025074958801,0.00679753115400672,True
5.3569.N,5.3569,N,Em que momento do dia seus segredos são revelados? No amanhecer do sol.,0,0,1.1875,-1.15625,-2.34375,0.9124361872673035,0.08756384253501892,True
5.2974.N,5.2974,N,Qual banda que sempre usa tenis? Oasics.,0,1,-0.63671875,0.353515625,0.990234375,0.270865797996521,0.7291342616081238,False
5.2046.H,5.2046,H,Por que o vegano não compra nas Casas Bahia? Porque não gasta dinheiro em carnês ,1,0,0.75390625,-1.3984375,-2.15234375,0.8958876132965088,0.1041124165058136,False
5.2312.N,5.2312,N,Qual é o nome da banda favorita das pessoas cansadas? Capital Inicial,0,0,2.296875,-1.9921875,-4.2890625,0.9864678382873535,0.013532147742807865,True
4.381.N,4.381,N,O que acontece quando metes um tomate no micro-ondas? Estraga o molho.,0,0,0.71875,-0.9140625,-1.6328125,0.8365545868873596,0.16344544291496277,True
5.4098.H,5.4098,H,Qual molho é sempre servido em proporções exageradas? De Too Much.,1,1,-1.9375,1.3359375,3.2734375,0.03649376332759857,0.9635062217712402,True
5.1486.N,5.1486,N,Qual gata que entrou e logo depois saiu do chat? Bola de Neve.,0,0,1.828125,-1.7265625,-3.5546875,0.9722043871879578,0.027795622125267982,True
4.564.H,4.564,H,"Como é que se diz ""peido"" em árabe? Al-bufeira.",1,1,-2.140625,1.234375,3.375,0.033085983246564865,0.9669140577316284,True
4.633.H,4.633,H,Vira-se uma impressora para outra: Esta folha é tua ou é impressão minha?,1,0,0.78125,-1.1796875,-1.9609375,0.8766343593597412,0.1233656257390976,False
4.400.H,4.400,H,Que nome se dá a um professor com os dentes grandes? Ca-stor.,1,1,-2.171875,1.25,3.421875,0.031618766486644745,0.9683812260627747,True
5.1317.N,5.1317,N,Qual cantora sempre se desculpa? Simone.,0,0,2.59375,-2.5,-5.09375,0.9939024448394775,0.006097561679780483,True
5.3353.N,5.3353,N,Qual a música mais ouvida nas cordilheiras? O canto dos pássaros.,0,0,2.171875,-1.953125,-4.125,0.9840936064720154,0.01590639166533947,True
4.367.N,4.367,N,Porque é que a Branca de Neve desmaiou ao comer a maçã? Apanhou uma indigestão.,0,0,2.328125,-2.25,-4.578125,0.9898303151130676,0.01016965787857771,True
5.639.N,5.639,N,Qual é o caranguejo que só sai à noite? O real.,0,0,0.61328125,-1.109375,-1.72265625,0.8484706878662109,0.15152932703495026,True
5.2506.N,5.2506,N,Qual é o biscoito mais temido da mitologia? Maria e Maisena.,0,1,-0.302734375,-0.287109375,0.015625,0.49609383940696716,0.5039061903953552,False
5.1872.H,5.1872,H,Que ator gringo deixa a cidade limpa? Denzel wash town ,1,1,-2.21875,1.2421875,3.4609375,0.030444350093603134,0.9695556163787842,True
5.3530.H,5.3530,H,Como se chama a tatuagem feita num velho? Art no vô.,1,1,-2.109375,1.3046875,3.4140625,0.03185885772109032,0.9681411385536194,True
5.2083.N,5.2083,N,Qual figura do carnaval que dá em cima das mulheres? Boneco de Olinda!,0,0,1.859375,-1.71875,-3.578125,0.9728307723999023,0.027169233188033104,True
5.4014.H,5.4014,H,Por que no interiorzão não dá pra ouvir música? Porque lá o spotifaia.,1,1,-2.28125,1.40625,3.6875,0.024423090741038322,0.9755768775939941,True
5.2014.N,5.2014,N,Em que parte do casa todos se encontram? Na área de lazer,0,0,2.03125,-2.03125,-4.0625,0.9830850958824158,0.016914913430809975,True
5.823.H,5.823,H,Qual a banda que não deve nada pra ninguém? Jaquitou 5.,1,1,-2.28125,1.4921875,3.7734375,0.022457053884863853,0.9775429368019104,True
5.1.N,5.1,N,Qual X-Men nunca falta ao trabalho? Ciclops.,0,0,0.06982421875,-0.71875,-0.78857421875,0.6875250935554504,0.3124748766422272,True
5.1297.N,5.1297,N,Qual candidato é doador de órgãos? Cabo Daciolo.,0,0,0.66796875,-1.0234375,-1.69140625,0.8444089889526367,0.1555909812450409,True
4.529.H,4.529,H,O que são oito Hobbits? Um Hobbyte.,1,1,-2.0,1.4296875,3.4296875,0.03138042986392975,0.9686195850372314,True
5.1736.H,5.1736,H,O que o ciclista disse logo após terminar o namoro em cima da linha de largada? Tô na pista! ,1,0,1.265625,-1.390625,-2.65625,0.9343951344490051,0.06560483574867249,False
5.1972.H,5.1972,H,Qual o item que se encontra em pior estado na sua casa? All Mofada,1,1,-2.203125,1.5546875,3.7578125,0.02280263416469097,0.9771973490715027,True
5.148.N,5.148,N,Qual é o cantor favorito dos brasileiros? Toquinho.,0,0,2.765625,-2.578125,-5.34375,0.9952448010444641,0.004755199886858463,True
4.32.N,4.32,N,"Era uma vez duas pizzas . Uma estava triste, então a outra vira-se: sorri.",0,0,1.890625,-1.890625,-3.78125,0.9777138829231262,0.0222861859947443,True
5.217.N,5.217,N,O que usam para fazer as bonecas Barbie? Aparelho de moldar.,0,0,1.171875,-1.140625,-2.3125,0.9099069833755493,0.09009299427270889,True
4.287.H,4.287,H,O que diz um ouriço quando entra na casa de banho? Cacheiro!,1,1,-1.0625,0.55078125,1.61328125,0.1661335527896881,0.8338664174079895,True
4.67.H,4.67,H,Porque é que as galinhas não gostam de ralis? Porque não vêem nada capoeira.,1,1,-1.75,1.0859375,2.8359375,0.05541279539465904,0.944587230682373,True
5.2047.N,5.2047,N,"Qual conto mostra a história de alguém que acha a esposa linda, mas quando ela o procura de noite, ele nega? A pequena sereia.",0,0,2.359375,-2.1875,-4.546875,0.9895108342170715,0.010489091277122498,True
5.1782.N,5.1782,N,Por que o alfaiate foi expulso da balada? Porque ele faltou com respeito.,0,0,1.859375,-1.78125,-3.640625,0.9744347929954529,0.025565214455127716,True
5.137.H,5.137,H,"Se o Kid Bengala fosse um personagem da Caverna do Dragão, quem o ajudaria a voltar para casa? Mestre dos Bagos.",1,1,-0.89453125,0.2734375,1.16796875,0.2372223287820816,0.7627776861190796,True
5.1545.N,5.1545,N,Qual comida que tá sempre faminta? Far ofa.,0,1,-2.265625,1.4140625,3.6796875,0.024609927088022232,0.9753900170326233,False
5.1998.N,5.1998,N,Qual é o animal que mais suja crianças? Gambá,0,0,2.34375,-2.15625,-4.5,0.9890130758285522,0.010986942797899246,True
4.638.N,4.638,N,"O amor é como um jogo de sueca . Ou se tem um bom parceiro, ou o melhor mesmo é ter uma boa carta.",0,0,-0.02880859375,-0.1953125,-0.16650390625,0.5415300726890564,0.4584699273109436,True
5.3666.N,5.3666,N,Qual dublador que não toma banho? Mário Jorge.,0,0,2.71875,-2.46875,-5.1875,0.9944451451301575,0.005554925184696913,True
4.129.H,4.129,H,Que nome se dá a uma freira no casino? Católica apostólica.,1,1,-0.423828125,-0.0859375,0.337890625,0.41632193326950073,0.5836780667304993,True
4.280.N,4.280,N,Qual é o animal mais estranho? É o Papa-formigas.,0,0,0.373046875,-0.68359375,-1.056640625,0.7420480251312256,0.257951945066452,True
5.1098.H,5.1098,H,Qual a sobremesa oficial da Marvel?  A THORta.,1,1,-1.90625,1.0703125,2.9765625,0.048496004194021225,0.9515040516853333,True
4.277.H,4.277,H,Como é que os alpinistas se cumprimentam? Cume é que é!,1,1,-1.8125,1.0,2.8125,0.05665242671966553,0.9433475732803345,True
5.2012.N,5.2012,N,Que apresentador vive tomando Dramin? Rodrigo Faro,0,0,2.6875,-2.484375,-5.171875,0.9943581223487854,0.005641908850520849,True
5.1982.N,5.1982,N,Quem cuida da documentação na floresta? O cartório,0,0,2.40625,-2.296875,-4.703125,0.9910145401954651,0.008985428139567375,True
5.2751.H,5.2751,H,Qual aviamento não para quieto? Os Zíper Ativos,1,1,-1.7890625,1.359375,3.1484375,0.041152890771627426,0.9588471055030823,True
5.1549.H,5.1549,H,Qual site de relacionamento só para menores de 18 anos? Teender.,1,1,-1.1484375,0.6015625,1.75,0.14804719388484955,0.8519527316093445,True
4.290.N,4.290,N,Como é que o menino ficou zarolho? A mãe estava a cozinhar e disse-lhe: Luís vou ali à loja . Deita-me aí um alho na comida.,0,0,0.294921875,-0.5859375,-0.880859375,0.7070003151893616,0.2929997444152832,True
5.2538.H,5.2538,H,Qual atriz da Globo tem o olho torto? Marieta Serveró.,1,1,-1.5625,0.98828125,2.55078125,0.07237402349710464,0.9276259541511536,True
4.436.H,4.436,H,Sementes. Deus castiga.,1,0,0.8125,-0.89453125,-1.70703125,0.8464508652687073,0.1535491645336151,False
5.1158.N,5.1158,N,Qual o presidente que foi beber água e não achou nada? Collor.,0,0,2.765625,-2.703125,-5.46875,0.9958011507987976,0.004198794718831778,True
4.565.H,4.565,H,Qual é o chocolate que só tem duas semanas de validade? O Twix.,1,0,-0.025390625,-0.703125,-0.677734375,0.6632328629493713,0.33676716685295105,False
4.32.H,4.32,H,"Era uma vez duas pizzas. Uma estava triste, então a outra vira-se: pizza-ria.",1,1,-2.3125,1.3046875,3.6171875,0.02615562081336975,0.9738444089889526,True
4.183.H,4.183,H,Como é que o António se chama quando anda de autocarro? Tony Carreira.,1,1,-2.03125,1.2578125,3.2890625,0.03594832122325897,0.9640516638755798,True
5.202.N,5.202,N,Por que o Sílvio Santos só entra em casa depois que o olho dele é escaneado? Porque a porta só abre com reconhecimento de Íris.,0,1,-0.2412109375,-0.056396484375,0.184814453125,0.4539274275302887,0.5460725426673889,False
5.1492.H,5.1492,H,Por que o cowboy largou tudo para trabalhar na KGB? Porque ele era um ex-pião.,1,1,-2.34375,1.4453125,3.7890625,0.022116588428616524,0.9778834581375122,True
4.106.H,4.106,H,Qual é a flor que os homens mais gostam de oferecer às mulheres? Tulimpas.,1,0,1.5859375,-1.4375,-3.0234375,0.9536218643188477,0.046378206461668015,False
4.753.H,4.753,H,O meu pai tem uma loja de material elétrico. É por isso que tenho pilhas de graça.,1,0,-0.1259765625,-0.1455078125,-0.01953125,0.5048826336860657,0.49511733651161194,False
5.3610.N,5.3610,N,Qual é a série em que todo mundo que é policial tem que sair? Dr. House,0,0,2.015625,-1.8984375,-3.9140625,0.9804313778877258,0.01956867426633835,True
4.58.H,4.58,H,O que são cinco pontos coloridos num jardim? São os Flower Rangers.,1,0,0.82421875,-1.0859375,-1.91015625,0.87103670835495,0.12896330654621124,False
5.1088.H,5.1088,H,Qual cidade vive resfriada? Atchimbaia,1,1,-2.328125,1.40625,3.734375,0.023330768570303917,0.976669192314148,True
5.555.N,5.555,N,Qual o sanduíche preferido da turma do Chaves? Misto.,0,0,2.75,-2.625,-5.375,0.9953904151916504,0.004609572235494852,True
4.521.H,4.521,H,Eu não sou supersticioso. Sou só um pouco sticioso.,1,0,0.890625,-1.1796875,-2.0703125,0.8879840970039368,0.11201594769954681,False
4.158.N,4.158,N,Uma mulher estava indecisa entre comprar uma blusa azul e uma vermelha . Acabou por levar a vermelha . Qual é o filme? Lagoa azul.,0,0,2.1875,-2.046875,-4.234375,0.9857181310653687,0.014281933195888996,True
5.1673.H,5.1673,H,Qual é o nome para se colocar na filha do salva-vidas? Socorro.,1,0,2.1875,-2.265625,-4.453125,0.9884918928146362,0.011508149094879627,False
5.1549.N,5.1549,N,Qual site de relacionamento só para maiores de 18 anos? Tinder.,0,0,2.484375,-2.390625,-4.875,0.9924227595329285,0.0075772409327328205,True
4.56.N,4.56,N,Porque é que os contabilistas são bons a fazer contas? Porque tabuada é com eles.,0,0,0.451171875,-0.6875,-1.138671875,0.75743567943573,0.24256429076194763,True
5.263.H,5.263,H,Qual é o nome do filme protagonizado por duas motos bem nervosas? Fúria de titãs.,1,0,1.953125,-1.765625,-3.71875,0.9763104915618896,0.023689469322562218,False
5.872.N,5.872,N,Qual comediante vive com calor? Renato Aragão.,0,0,2.8125,-2.609375,-5.421875,0.9956005811691284,0.004399412777274847,True
4.505.H,4.505,H,"O casamento é muito bonito e tal, mas se casares com a pessoa errada, é como a COVID-19. Todo os dias novos casos.",1,1,-0.69140625,0.255859375,0.947265625,0.27943503856658936,0.7205649614334106,True
5.3736.H,5.3736,H,Qual clube campeão da Libertadores consegue segurar bebês gêmeos? Colo-Colo.,1,0,1.5859375,-1.609375,-3.1953125,0.9606574773788452,0.039342500269412994,False
5.1613.N,5.1613,N,"Como se faz para uma laranja virar uma cobra? Faz cosquinha nela, aí nada acontece.",0,0,0.5390625,-0.9140625,-1.453125,0.8104788661003113,0.18952107429504395,True
5.85.H,5.85,H,Qual é a tartaruga ninja que vive na Disney?  O Mickeylângelo.,1,1,-2.4375,1.5859375,4.0234375,0.017576880753040314,0.9824230670928955,True
4.637.N,4.637,N,O que faz uma pessoa surda? Finge que ouve.,0,0,1.5,-1.390625,-2.890625,0.9473810195922852,0.052618950605392456,True
4.201.N,4.201,N,Era uma vez uma cidade onde quase todas as motos eram Yamaha . Qual é o filme? Pocahontas.,0,1,-2.203125,1.3828125,3.5859375,0.026963500306010246,0.973036527633667,False
5.2647.N,5.2647,N,Qual apresentador é o mais duas caras? Luciano Huck.,0,0,2.625,-2.53125,-5.15625,0.9942697286605835,0.005730246193706989,True
5.3546.H,5.3546,H,"Qual o seriado de tv do cara que sempre quer um pouco da comida dos outros? Hum, maluco, dá um pedaço!",1,1,-1.1015625,0.5703125,1.671875,0.1581743359565735,0.8418256044387817,True
5.1849.N,5.1849,N,Qual é o cantor que tá sempre na cena de um crime? Zeca baleiro.,0,1,-2.015625,1.453125,3.46875,0.030214589089155197,0.9697853922843933,False
5.1182.H,5.1182,H,Por que o Chico Buarque foi preso na saída do Santander? Por Assaltimbanco.,1,1,-2.1875,1.546875,3.734375,0.023330768570303917,0.976669192314148,True
4.696.N,4.696,N,"Acabei de comprar um livro chamado "" Caminhadas para Totós "" . É um guia para passear a pé.",0,1,-0.466796875,0.203125,0.669921875,0.3385143280029297,0.6614856719970703,False
4.678.H,4.678,H,Acabei de abrir a conta da água e a conta da luz ao mesmo tempo. Fiquei em choque.,1,0,1.484375,-1.7421875,-3.2265625,0.9618217349052429,0.03817827254533768,False
5.793.H,5.793,H,Qual a rede social mais usada pelas mulheres no Oriente Médio? Faceburca.,1,1,-2.046875,1.328125,3.375,0.033085983246564865,0.9669140577316284,True
4.63.H,4.63,H,O que é que se faz num velório de lésbicas? Um minete de silêncio.,1,1,-0.59765625,0.026123046875,0.623779296875,0.34892240166664124,0.6510775685310364,True
4.17.N,4.17,N,Em que local do planeta se encontram mais leprosos? Na Ilha Sorokdo.,0,1,-2.09375,1.2421875,3.3359375,0.034358687698841095,0.9656413197517395,False
5.3651.H,5.3651,H,Qual anime foi baseado na versao brasileira de um futebolista mediamente famoso? Drogba o zé.,1,1,-2.078125,1.421875,3.5,0.02931223064661026,0.970687747001648,True
4.281.N,4.281,N,Porque é que a galinha fez um striptease na capoeira? Para chocar os galos.,0,0,0.1923828125,-0.7578125,-0.9501953125,0.7211544513702393,0.27884554862976074,True
5.148.H,5.148,H,Qual é o cantor favorito dos anões? Toquinho.,1,0,2.359375,-2.34375,-4.703125,0.9910145401954651,0.008985428139567375,False
5.569.H,5.569,H,"Qual personagem histórico sempre pede um sorvetão? Alesundae, o Grande.",1,1,-2.0,1.0390625,3.0390625,0.04569203034043312,0.954308032989502,True
5.3825.N,5.3825,N,Qual o mês do Popó? Agosto.,0,0,-0.0189208984375,-0.5,-0.4810791015625,0.6180025935173035,0.38199734687805176,True
5.1093.H,5.1093,H,Qual doença que todos filósofos têm? Tendi Nietzsche.,1,1,-2.296875,1.4375,3.734375,0.023330768570303917,0.976669192314148,True
5.850.H,5.850,H,Qual o X-Men que morre de vontade de conhecer o Inri Cristo? Vou ver Inri.,1,1,-1.515625,0.91796875,2.43359375,0.08064661920070648,0.9193534255027771,True
4.264.H,4.264,H,Porque é que na escola as loiras desenham sempre florzinhas e coraçõezinhos no caderno? Porque assim decoram a matéria.,1,0,0.98046875,-1.359375,-2.33984375,0.9121235609054565,0.08787643909454346,False
4.28.H,4.28,H,Voltei a dizer à minha mãe que queria ser pianista. Ela diz que estou sempre a bater na mesma tecla.,1,0,0.74609375,-1.0546875,-1.80078125,0.858244001865387,0.14175598323345184,False
5.3726.N,5.3726,N,Qual humorista não usa microfone de mão? Helio de La Peña,0,0,2.015625,-1.875,-3.890625,0.9799765348434448,0.020023442804813385,True
5.1545.H,5.1545,H,Qual comida que tá sempre distante? Far ofa.,1,1,-2.15625,1.3203125,3.4765625,0.029986508190631866,0.9700134992599487,True
5.285.H,5.285,H,Qual personagem carnavalesco não é stereo? Rei Mono,1,1,-0.75,-0.0072021484375,0.7427978515625,0.32239264249801636,0.6776073575019836,True
1.4.N,1.4,N,O que uma impressora falou para a outra? Essa folha é sua ou é alguma minha?,0,0,0.86328125,-1.34375,-2.20703125,0.9008791446685791,0.0991208553314209,True
5.910.H,5.910,H,Qual é a reta que canta muito? A Reta Franklin.,1,1,-0.9140625,0.55859375,1.47265625,0.18653921782970428,0.8134608268737793,True
5.1981.N,5.1981,N,Como se chama o ato de um ministro alterar a primeira emenda? Uma medida provisória,0,0,2.265625,-2.1875,-4.453125,0.9884918928146362,0.011508149094879627,True
5.283.H,5.283,H,O que o coveiro disse quando pediram a ele para gerenciar o cemitério? Isso não é da minha ossada.,1,0,0.171875,-0.59375,-0.765625,0.6825737357139587,0.31742629408836365,False
5.317.H,5.317,H,Qual banda é formada por um padre? É o Tchan! Com Padre Washington.,1,0,0.4609375,-0.6328125,-1.09375,0.7490872144699097,0.25091278553009033,False
4.158.H,4.158,H,Uma mulher estava indecisa entre comprar uma blusa azul e uma vermelha. Acabou por levar a vermelha. Qual é o filme? Largou a azul.,1,0,0.384765625,-0.98046875,-1.365234375,0.796609103679657,0.20339089632034302,False
5.1050.H,5.1050,H,Qual a serie de anime que louva o tabaco? Charuto.,1,0,2.09375,-2.140625,-4.234375,0.9857181310653687,0.014281933195888996,False
5.1000.H,5.1000,H,Qual cantora tentou adotar Jesus Cristo? Dê-me o Louvado.,1,0,-0.04541015625,-0.236328125,-0.19091796875,0.5475850701332092,0.45241495966911316,False
5.1475.H,5.1475,H,Qual pico mais gelado que existe? O pico lé.,1,1,-0.2431640625,-0.134765625,0.1083984375,0.47292691469192505,0.527073085308075,True
4.51.N,4.51,N,Como se encontra um cego numa praia de nudistas? Está vestido.,0,0,1.9296875,-1.7890625,-3.71875,0.9763104915618896,0.023689469322562218,True
4.90.H,4.90,H,"Como é que se diz ""copia bem"" em inglês? Copyright.",1,0,1.875,-1.9609375,-3.8359375,0.9788748621940613,0.021125193685293198,False
5.782.N,5.782,N,Qual a tartaruga ninja que mais gosta de dormir? O Leonardo.,0,0,2.65625,-2.375,-5.03125,0.9935117363929749,0.006488270126283169,True
5.3008.H,5.3008,H,O que o cara gripado faz quando está perto de um grupo de mulheres? Contamina.,1,1,-1.203125,0.494140625,1.697265625,0.15482273697853088,0.8451772928237915,True
5.1403.H,5.1403,H,Por que o próximo técnico da seleção ficará contra a parede? Porque ele é Pós-Tite.,1,1,-1.578125,0.79296875,2.37109375,0.08540366590023041,0.9145963191986084,True
5.1279.N,5.1279,N,Qual ator mirim não lava os dentes? MaCarie Culkin.,0,1,-1.6640625,0.875,2.5390625,0.07316471636295319,0.9268352389335632,False
5.806.N,5.806,N,"Em qual época o Brasileiro foi mais magro? Na época do movimento "" Caras Pintadas "".",0,0,1.09375,-1.3984375,-2.4921875,0.9235922694206238,0.07640768587589264,True
5.2896.H,5.2896,H,Qual cantor só pode ser visto pela internet? Carlinhos Browser ,1,1,-2.3125,1.609375,3.921875,0.019419347867369652,0.9805806875228882,True
5.2507.N,5.2507,N,Qual é o aparelho que nunca para de mexer? A biruta.,0,0,0.00494384765625,-0.61328125,-0.61822509765625,0.649814784526825,0.35018521547317505,True
5.1974.H,5.1974,H,Por que o cara entrou com seu veículo no mar? Porque era car naval ,1,1,-1.9453125,1.0703125,3.015625,0.04672495648264885,0.9532750844955444,True
4.594.H,4.594,H,Porque é que o livro de matemática se suicidou? Tinha muitos problemas.,1,0,1.734375,-1.6484375,-3.3828125,0.9671630263328552,0.03283695876598358,False
4.121.N,4.121,N,"Como é que se diz "" fim "" em japonês? Fimu.",0,0,1.2109375,-1.2421875,-2.453125,0.9207897186279297,0.07921033352613449,True
5.2269.N,5.2269,N,Qual país em que todo mundo ta sempre na academia? Itália,0,0,2.359375,-2.25,-4.609375,0.9901401400566101,0.00985985528677702,True
5.1001.N,5.1001,N,"O filho pediu para o pai levá-lo para ver boosa nova e o pai concordou . Qual é o nome da música? "" Eu sei que vou te amar...""",0,0,1.3984375,-1.6796875,-3.078125,0.9559813141822815,0.04401864856481552,True
4.159.H,4.159,H,Qual é o elemento químico mais comum nas discotecas? É o TUNGS! TUNGS! ténio.,1,0,-0.0986328125,-0.5,-0.4013671875,0.5990160703659058,0.40098387002944946,False
4.318.H,4.318,H,Vira-se um guitarrista para um baixista: Então o que fazes aqui por estas bandas?,1,0,1.28125,-1.2578125,-2.5390625,0.9268352389335632,0.07316471636295319,False
5.1370.N,5.1370,N,Por que o marido e a esposa foram ao psicólogo? Porque estavam passando por uma fase difícil.,0,0,2.234375,-1.9765625,-4.2109375,0.9853842854499817,0.014615669846534729,True
5.358.N,5.358,N,Qual cidade incentiva o uso do tato? Curitiba.,0,0,2.4375,-2.375,-4.8125,0.9919379353523254,0.008061991073191166,True
5.1620.H,5.1620,H,Qual é a comida que quase tirou nota dez? Strogonove.,1,0,0.232421875,-0.78125,-1.013671875,0.733738124370575,0.26626187562942505,False
5.1001.H,5.1001,H,"O filho pediu para o pai levá-lo para ver tartarugas e o pai concordou. Qual é o nome da música? ""Eu sei que vou Tamar...""",1,1,-1.2578125,0.66796875,1.92578125,0.12721826136112213,0.8727816939353943,True
4.480.H,4.480,H,"Como é que se diz ""surpresa"" em chinês? Chan-chan-chan-chan!",1,0,0.236328125,-0.89453125,-1.130859375,0.7559974193572998,0.24400252103805542,False
5.1570.H,5.1570,H,"Uma pessoa com o apelido Lu, foi para a padaria com suas duas irmãs Ana. Qual o nome da pessoa? Lu sem Anas",1,1,-2.0625,1.375,3.4375,0.031143832951784134,0.9688562154769897,True
4.565.N,4.565,N,Qual é o chocolate que só tem duas semanas de validade? O Kinder.,0,1,-0.88671875,0.44140625,1.328125,0.20946967601776123,0.7905303239822388,False
5.2351.H,5.2351,H,Qual é o árbitro que expulsa as pessoas e elas nunca mais podem voltar? O BANdeirinha.,1,1,-2.078125,1.3359375,3.4140625,0.03185885772109032,0.9681411385536194,True
4.324.H,4.324,H,Quais são as escadas que demoram mais a subir? São as escadas em caracol.,1,0,0.625,-1.015625,-1.640625,0.837619960308075,0.16238002479076385,False
5.2938.H,5.2938,H,Qual é a comida do pássaro gigante que toca trompete? O alpistão.,1,1,-0.294921875,-0.01300048828125,0.28192138671875,0.4299827516078949,0.5700172185897827,True
5.240.H,5.240,H,O Continente nao estava se sentindo bem. O que ele tinha? Ásia.,1,0,1.5390625,-1.484375,-3.0234375,0.9536218643188477,0.046378206461668015,False
5.2912.H,5.2912,H,Qual é o prato de carne branca que nenhum cozinheiro acerta? Fracassei de Frango ,1,1,-2.140625,1.578125,3.71875,0.023689469322562218,0.9763104915618896,True
5.1314.N,5.1314,N,Por que a manicure foi demitida? Porque ela estava chengando atrasada.,0,1,-0.31640625,-0.2255859375,0.0908203125,0.47731050848960876,0.5226894617080688,False
5.2056.N,5.2056,N,Qual é o jogo da pessoa gripada? Overcooked,0,0,0.007171630859375,-0.330078125,-0.337249755859375,0.5835223197937012,0.41647768020629883,True
5.1849.H,5.1849,H,Qual a parte do corpo mais atrai senhoras? O umbingo.,1,1,-0.439453125,0.1279296875,0.5673828125,0.3618409335613251,0.6381590366363525,True
5.3651.N,5.3651,N,Qual anime foi baseado na versao brasileira de um futebolista mediamente famoso? Dragon Ball Z.,0,0,2.359375,-2.25,-4.609375,0.9901401400566101,0.00985985528677702,True
4.695.N,4.695,N,"Qual é o contrário de "" extraordinário ""? Banal.",0,0,0.388671875,-0.75390625,-1.142578125,0.7581526637077332,0.24184733629226685,True
5.2609.N,5.2609,N,O que o anão estava fazendo com a bola de futebol? Chutes.,0,0,2.109375,-1.96875,-4.078125,0.9833430051803589,0.016657039523124695,True
5.2895.H,5.2895,H,Qual cantor só vê notícias pela internet? Ig Pop ,1,1,-1.640625,1.1875,2.828125,0.05582314357161522,0.9441768527030945,True
5.1335.N,5.1335,N,Qual é o youtuber que mais economiza na luz? O Whindersson Nunes.,0,1,-1.609375,1.2578125,2.8671875,0.05379964038729668,0.9462003111839294,False
5.2751.N,5.2751,N,Qual aviamento não para quieto? Os botões,0,0,1.8125,-1.75,-3.5625,0.9724147915840149,0.027585284784436226,True
5.2009.N,5.2009,N,Nome do cara que não joga na linha? O goleiro,0,0,2.515625,-2.375,-4.890625,0.9925393462181091,0.007460643071681261,True
5.793.N,5.793,N,Qual a rede social mais usada pelas mulheres no Oriente Médio? Instagram.,0,0,2.375,-2.078125,-4.453125,0.9884918928146362,0.011508149094879627,True
5.2210.H,5.2210,H,Qual é o filme dirigido por Jordan Peele e Sérgio Mallandro? CoRRÁ!,1,1,-2.25,1.2890625,3.5390625,0.02822098508477211,0.9717789888381958,True
5.4025.H,5.4025,H,Nome de cervejaria em homenagem a um grande cantor brasileiro? CauBEER PeiCHOPPS.,1,1,-2.40625,1.59375,4.0,0.01798621006309986,0.9820137619972229,True
5.604.N,5.604,N,Qual é a loja que no ENEM só chutava a terceira e primeira alternativas? Renner.,0,0,2.359375,-2.40625,-4.765625,0.9915544390678406,0.008445627987384796,True
5.2259.N,5.2259,N,Qual a semelhança entre o trovão e a privada? Os dois vem sempre acompanhado de calor,0,0,0.042236328125,-0.3515625,-0.393798828125,0.5971968770027161,0.4028031527996063,True
5.1393.H,5.1393,H,Qual é a banda de pagode mais famosa no mundo dos animes? Sorriso Naruto.,1,1,-2.40625,1.484375,3.890625,0.020023442804813385,0.9799765348434448,True
4.477.N,4.477,N,"Perguntei a um francês se jogava videojogos . "" Oui "".",0,0,0.98046875,-1.1796875,-2.16015625,0.8966140151023865,0.10338596999645233,True
5.3119.H,5.3119,H,Qual o nome da mãe do super-herói que nunca vai em praia com águas geladas? Martha Kent.,1,0,0.859375,-1.03125,-1.890625,0.8688268065452576,0.13117322325706482,False
5.806.H,5.806,H,"Em qual época o Brasileiro foi mais magro? Na época do movimento ""Dietas Já"".",1,0,1.171875,-1.5859375,-2.7578125,0.9403530955314636,0.05964694544672966,False
5.232.H,5.232,H,Qual é o perfume do zagueiro ruim? Mal beque.,1,1,-2.375,1.53125,3.90625,0.01971912756562233,0.9802808165550232,True
5.3511.N,5.3511,N,Qual ex-piloto era um índio pronto pro ataque? Nenhum.,0,0,2.390625,-2.28125,-4.671875,0.9907320141792297,0.009268013760447502,True
4.283.N,4.283,N,Qual é o carro que consegue transportar mais porcos? É o Nissan Qashqai.,0,1,-0.8046875,0.2236328125,1.0283203125,0.2634098529815674,0.7365901470184326,False
5.3537.N,5.3537,N,Qual rockeiro não come? É o Regime Hendrix.,0,1,-1.78125,0.8125,2.59375,0.06954174488782883,0.9304582476615906,False
5.3385.H,5.3385,H,Qual atriz tá com o demônio no corpo? Zezé Possessa.,1,0,0.8125,-0.88671875,-1.69921875,0.845432698726654,0.15456733107566833,False
5.489.H,5.489,H,Qual piloto tem pacto com o Diabo? Exumacher.,1,1,-2.109375,1.3828125,3.4921875,0.029535338282585144,0.9704646468162537,True
5.3231.H,5.3231,H,Por que o rapaz não mostrou os slides em sua apresentação na empresa? Porque ele Esxcel de levar.,1,1,-1.75,1.03125,2.78125,0.05834583938121796,0.9416541457176208,True
5.1837.N,5.1837,N,"O que o cachorro falou pro dono depois que tomou um esporro? Desculpa, você tem toda a razão.",0,0,1.6171875,-1.796875,-3.4140625,0.9681411385536194,0.03185885772109032,True
5.2362.H,5.2362,H,Qual é o tipo de gol que vale uma fortuna no mercado? Gold Letra.,1,1,-2.234375,1.4453125,3.6796875,0.024609927088022232,0.9753900170326233,True
5.150.N,5.150,N,"Qual a expressão que hora é de uma pessoa, hora é de todo mundo? Meu Deus.",0,0,2.0,-1.84375,-3.84375,0.9790357351303101,0.020964238792657852,True
5.3526.H,5.3526,H,O que fez o garçom militar? Serviu o exército.,1,0,1.703125,-1.5078125,-3.2109375,0.961243748664856,0.03875619173049927,False
4.489.H,4.489,H,Hoje de manhã consegui empilhar catorze panquecas. Aquilo é que foi um pequeno-almoço equilibrado.,1,0,0.6328125,-1.1171875,-1.75,0.8519527316093445,0.14804719388484955,False
4.203.N,4.203,N,Comprei uns sapatos com lâmpadas LED na sola . Pode-se dizer que emitem luz led.,0,0,0.8359375,-1.1796875,-2.015625,0.8824278712272644,0.117572121322155,True
4.277.N,4.277,N,Como é que os alpinistas se cumprimentam? Como é que é!,0,0,1.1328125,-1.390625,-2.5234375,0.9257686138153076,0.07423137128353119,True
5.3670.H,5.3670,H,Qual país que as pessoas não tem o dedo polegar? SenLegal.s,1,1,-2.359375,1.5390625,3.8984375,0.019870713353157043,0.9801293015480042,True
4.51.H,4.51,H,Como se encontra um cego numa praia de nudistas? Não é duro.,1,0,0.240234375,-0.78125,-1.021484375,0.7352616786956787,0.2647383511066437,False
5.1387.H,5.1387,H,Qual cantora escreveu Sitio do Picapau Amarelo? A Demi Lobato.,1,1,-1.7109375,1.3828125,3.09375,0.043365802615880966,0.9566342234611511,True
4.58.N,4.58,N,O que são cinco heróis coloridos num jardim? São os Flower Rangers.,0,0,0.9296875,-1.203125,-2.1328125,0.8940516710281372,0.10594828426837921,True
5.2977.N,5.2977,N,Qual escola só tem negão criança? Negro é tudo júnior.,0,1,-1.03125,0.416015625,1.447265625,0.19042274355888367,0.8095772862434387,False
4.100.N,4.100,N,A Anabela estava com prisão de ventre mas mesmo assim foi à sanita . Qual é o filme? Tentação.,0,0,2.0,-1.9296875,-3.9296875,0.980728805065155,0.019271135330200195,True
4.663.N,4.663,N,Por que é que a professora usa óculos escuros na aula? Porque os seus olhos são sensiveis.,0,0,1.140625,-1.1484375,-2.2890625,0.907967209815979,0.09203285723924637,True
5.3509.H,5.3509,H,Qual é o cantor que tem problemas respiratórios? Erasma Carlos.,1,0,1.4609375,-1.546875,-3.0078125,0.9529258608818054,0.047074176371097565,False
5.3058.N,5.3058,N,Qual assassino possui um vasto conhecimento? John Wick.,0,0,1.7109375,-1.546875,-3.2578125,0.9629528522491455,0.03704717010259628,True
4.151.N,4.151,N,Qual é a sobremesa que nunca sai direita? É a pavlova.,0,0,0.9765625,-1.15625,-2.1328125,0.8940516710281372,0.10594828426837921,True
3.14.N,3.14,N,Por que as plantas pequenas não falam? Porque elas são plantas.,0,0,1.1171875,-1.2890625,-2.40625,0.917302668094635,0.08269733935594559,True
5.3664.H,5.3664,H,Em qual faculdade o negão só entrava pelado? Nutição.,1,1,-2.25,1.484375,3.734375,0.023330768570303917,0.976669192314148,True
5.2362.N,5.2362,N,Qual é o tipo de gol que vale uma fortuna no mercado? Gol de letra.,0,1,-0.4296875,0.062255859375,0.491943359375,0.37943586707115173,0.6205641627311707,False
5.724.H,5.724,H,Por que o 14 é melhor que o 15? Porque ele é fortinho.,1,0,0.09521484375,-0.7578125,-0.85302734375,0.701201856136322,0.29879820346832275,False
5.2014.H,5.2014,H,Em que parte do casa todos se encontram? Na área de ser visto ,1,0,0.423828125,-0.84375,-1.267578125,0.7803279161453247,0.21967211365699768,False
5.1009.H,5.1009,H,O que o 7 perguntou pro amigo dele? Cê vem?,1,0,1.9765625,-1.78125,-3.7578125,0.9771973490715027,0.02280263416469097,False
5.3010.N,5.3010,N,Qual cantor é fera em matemática? Carlos Drummond de Andrade.,0,0,2.671875,-2.796875,-5.46875,0.9958011507987976,0.004198794718831778,True
5.912.H,5.912,H,Qual é a parte do computador que não é do bem? O mouse.,1,0,2.296875,-2.171875,-4.46875,0.9886682629585266,0.011331753805279732,False
5.1593.N,5.1593,N,Qual é o filme da Xuxa que se passa em um bosque? Xuxa e os Duendes.,0,0,2.0625,-1.96875,-4.03125,0.982557475566864,0.017442483454942703,True
5.3703.N,5.3703,N,Que atriz trabalha como lixeira? Mia Goth.,0,1,-1.1953125,0.69140625,1.88671875,0.13161905109882355,0.8683809638023376,False
5.2951.N,5.2951,N,Qual é o personagem de Chaves que gosta de ficar rodando bolas? O Professor Gira Falos.,0,1,-2.328125,1.453125,3.78125,0.0222861859947443,0.9777138829231262,False
5.3169.H,5.3169,H,Que rainha rosna como música? Queen Lati Fa.,1,1,-2.296875,1.3671875,3.6640625,0.02498779445886612,0.9750121831893921,True
5.2468.N,5.2468,N,Qual é o Rapper que toca sempre as mesmas músicas? Soulja Boy.,0,1,-2.15625,1.3515625,3.5078125,0.02909075655043125,0.9709092378616333,False
5.184.H,5.184,H,Qual é o cantor que acha tudo um exagero? Agnaldo Too Much.,1,1,-2.359375,1.5625,3.921875,0.019419347867369652,0.9805806875228882,True
4.318.N,4.318,N,Vira-se um guitarrista para um baixista: Então o que fazes aqui por estas paragens?,0,0,1.1015625,-1.1328125,-2.234375,0.9032942056655884,0.09670579433441162,True
4.528.N,4.528,N,Como é que os professores de matemática se mantêm em forma? Com exercício.,0,0,2.46875,-2.390625,-4.859375,0.9923043847084045,0.007695647422224283,True
5.663.N,5.663,N,Por que tem eleição no mundo das aves? Porque a águia.,0,1,-0.46875,-0.059326171875,0.409423828125,0.3990502953529358,0.6009497046470642,False
5.3300.N,5.3300,N,Qual é o animal que regurgita muito? Mosca.,0,0,2.515625,-2.296875,-4.8125,0.9919379353523254,0.008061991073191166,True
5.808.H,5.808,H,Por que o caminhão pipa só andava com as rodas de trás?  Porque ele gostava de empinar.,1,0,1.578125,-1.53125,-3.109375,0.957277774810791,0.0427221953868866,False
5.2595.H,5.2595,H,Qual animal que gosta muito de você? Lheama.,1,1,-2.359375,1.390625,3.75,0.022977368906140327,0.977022647857666,True
5.1595.H,5.1595,H,O que acontece quando uma turma de cegos se forma? Um braille de formatura,1,1,-1.8046875,0.9765625,2.78125,0.05834583938121796,0.9416541457176208,True
5.2366.N,5.2366,N,Qual é o esporte não recomendado a quem tem pressão alta? Futebol.,0,0,2.609375,-2.40625,-5.015625,0.9934101700782776,0.006589770782738924,True
5.3492.H,5.3492,H,"Qual a banda que, quando nasceu, era alimentada por criminosas? Mamou nas assassinas.",1,1,-1.484375,0.73046875,2.21484375,0.09842541068792343,0.9015746116638184,True
5.2412.H,5.2412,H,"Qual é o doce que luta artes marciais? A ""iá!"" Benta",1,1,-1.2109375,0.55078125,1.76171875,0.1465752124786377,0.8534248471260071,True
4.245.N,4.245,N,Que se diz a um homem que via mas agora já não vê? Tu vias.,0,0,0.96484375,-1.0859375,-2.05078125,0.8860265612602234,0.1139734610915184,True
5.3597.N,5.3597,N,Qual atriz cômica tem mania de reparar do pescoço das pessoas? Tara ver neck.,0,1,-2.453125,1.5390625,3.9921875,0.018124720081686974,0.9818752408027649,False
5.3145.H,5.3145,H,Qual a comida preferida do paciente com Ebola? É bolacha.,1,0,2.1875,-1.9453125,-4.1328125,0.9842154383659363,0.01578455977141857,False
4.150.H,4.150,H,Qual é a temperatura de um leão morto? 360º. Porque ele é uma ex-fera.,1,1,-1.53125,0.74609375,2.27734375,0.09301679581403732,0.9069831967353821,True
4.103.N,4.103,N,Qual é a única coisa que se faz sempre em numeração romana? MCLXIV.,0,1,-0.875,0.1728515625,1.0478515625,0.25963789224624634,0.7403621077537537,False
5.2952.N,5.2952,N,Qual é o nome do programa que o Sílvio Santos passou a fazer no parque? Roda a Roda Jetski.,0,0,-0.14453125,-0.310546875,-0.166015625,0.5414088368415833,0.45859116315841675,True
5.3154.H,5.3154,H,Qual carro não pode faltar no feijão? Fiat Paio.,1,1,-0.57421875,0.052001953125,0.626220703125,0.34836798906326294,0.6516320109367371,True
5.3494.H,5.3494,H,Qual o programa favorito do proctologista? Programa do Retinho.,1,1,-1.40625,0.890625,2.296875,0.09138209372758865,0.9086179733276367,True
5.71.N,5.71,N,Qual é o cachorro que mergulha muito? Setter Irlandês.,0,1,-0.66015625,0.361328125,1.021484375,0.2647383511066437,0.7352616786956787,False
4.611.H,4.611,H,"Como se diz ""tripa de boi"" em espanhol? Intestino del gado.",1,1,-0.2734375,-0.01483154296875,0.25860595703125,0.4357064366340637,0.564293622970581,True
5.1158.H,5.1158,H,Qual o presidente que foi beber água e não achou nada? Marechal Deodoro da Fonte Seca.,1,1,-2.3125,1.578125,3.890625,0.020023442804813385,0.9799765348434448,True
5.1220.N,5.1220,N,Por que só vou à restaurante Self Service? Porque tem tudo aquilo que eu gosto.,0,0,0.76953125,-1.078125,-1.84765625,0.8638516664505005,0.1361483335494995,True
5.2166.N,5.2166,N,Qual cantor era lobisomem? O Wando,0,0,2.015625,-1.953125,-3.96875,0.9814534187316895,0.018546564504504204,True
5.1783.H,5.1783,H,Por que os Vikings em Far Cry não andam de taxi? Porque viking vai por uber.,1,1,-2.046875,1.203125,3.25,0.037326883524656296,0.9626730680465698,True
4.71.N,4.71,N,Porque é que uma mulher pediu a noz-moscada ao filho na cozinha? Porque não tinha canela para pôr no bolo.,0,1,-0.1328125,0.0032958984375,0.1361083984375,0.46602532267570496,0.5339746475219727,False
5.555.H,5.555,H,Qual o sanduíche preferido da turma do Chaves? X-pirito.,1,1,-1.5234375,1.1171875,2.640625,0.06656918674707413,0.9334307909011841,True
4.356.H,4.356,H,O Rodolfo adoeceu e o Pai Natal não vai conseguir entregar as prendas. Teve uma insuficiência renal.,1,0,1.7421875,-1.84375,-3.5859375,0.973036527633667,0.026963500306010246,False
4.733.H,4.733,H,Há anos que procurava um cavalo que bebesse vinho. Para encontrar um foi preciso ir a cascos de rolha.,1,1,-1.1796875,0.53515625,1.71484375,0.15253649652004242,0.8474634885787964,True
5.1344.N,5.1344,N,Qual herói ajudou Frodo em sua jornada? O Aragorn.,0,0,-0.404296875,-0.421875,-0.017578125,0.5043944120407104,0.49560558795928955,True
5.3586.N,5.3586,N,Por que quando chove pedra elas caem todas certinhas? Porque é bonito.,0,0,1.546875,-1.5859375,-3.1328125,0.9582260847091675,0.04177388176321983,True
4.276.H,4.276,H,Uma mulher tropeça e cai em cima de um cão. Qual é o filme? Senta em um dálmata.,1,1,-1.8984375,0.984375,2.8828125,0.0530097670853138,0.9469902515411377,True
5.3060.H,5.3060,H,Qual o nome do assassino voador? Alexandre Nadrone.,1,1,-1.1796875,0.828125,2.0078125,0.11838508397340775,0.8816148638725281,True
5.1870.N,5.1870,N,O que você precisa fazer quando perde a senha? Recorrer a recuperação de senha.,0,0,1.1171875,-1.4609375,-2.578125,0.929440438747406,0.07055959850549698,True
5.418.H,5.418,H,Quantos chocolates são necessários para voar? 14 bis,1,0,0.5234375,-1.1171875,-1.640625,0.837619960308075,0.16238002479076385,False
4.193.N,4.193,N,"Hoje, vinte mulheres convidaram-me a sair do WC . Nunca mais entro no WC das mulheres.",0,0,0.41015625,-0.890625,-1.30078125,0.7859664559364319,0.2140335589647293,True
1.5.H,1.5,H,Por que a galinha bateu a cabeça contra a parede? Para ficar com um galo.,1,0,0.94921875,-1.34375,-2.29296875,0.9082930684089661,0.09170696884393692,False
5.239.N,5.239,N,O que o cantor sertanejo foi fazer no RH? Foi ser demitido por incompetência.,0,0,1.75,-1.7265625,-3.4765625,0.9700134992599487,0.029986508190631866,True
5.2142.H,5.2142,H,Por que os jogadores de vôlei estão sempre no foco da notícia? Porque eles são bons na manchete ,1,0,0.96484375,-1.2734375,-2.23828125,0.9036349058151245,0.09636510908603668,False
4.531.H,4.531,H,Porque é que a Lassie ganiu? Porque estava cheia de collie-cas.,1,1,-2.125,1.2890625,3.4140625,0.03185885772109032,0.9681411385536194,True
4.261.N,4.261,N,Porque é que os meninos não jogam voleibol? Porque têm medo da rede.,0,0,0.41015625,-0.76953125,-1.1796875,0.7648915648460388,0.2351084053516388,True
4.96.H,4.96,H,Que nome se dá a um cacto engraçado? Ri-cardo.,1,1,-2.40625,1.4921875,3.8984375,0.019870713353157043,0.9801293015480042,True
5.2294.H,5.2294,H,Qual o astrônomo que tinha muita espinha? IsaAC NEwton,1,1,-2.328125,1.40625,3.734375,0.023330768570303917,0.976669192314148,True
4.125.N,4.125,N,O que é que os russos dizem quando mandam uma bola ao cão? Vai!,0,0,1.9140625,-1.84375,-3.7578125,0.9771973490715027,0.02280263416469097,True
5.704.H,5.704,H,Qual cerveja é comum nos navios? Skol Tilha.,1,1,-2.109375,1.5625,3.671875,0.024798158556222916,0.9752018451690674,True
5.2779.H,5.2779,H,Qual inseto toma muito chá? Marimboldo,1,1,-2.21875,1.484375,3.703125,0.024053553119301796,0.9759464263916016,True
5.2226.N,5.2226,N,Por que se ouvia uma nota quando neandertal batia em suas presas? Porque usava uma pedra,0,0,1.171875,-1.4375,-2.609375,0.9314625263214111,0.06853749603033066,True
4.198.H,4.198,H,"Porque é que a febre tifóide é tão perigosa? Porque ou tu a curas, ou ela tifóide mesmo.",1,1,-1.0859375,0.34765625,1.43359375,0.19253934919834137,0.8074606657028198,True
4.370.H,4.370,H,"É boa ideia comprar um relógio em forma de peixe? Não, é uma perca de tempo.",1,0,0.60546875,-1.1953125,-1.80078125,0.858244001865387,0.14175598323345184,False
5.1049.N,5.1049,N,Qual bebiba te dá superpoder? Energético.,0,0,1.609375,-1.6484375,-3.2578125,0.9629528522491455,0.03704717010259628,True
4.696.H,4.696,H,"Acabei de comprar um livro chamado ""Caminhadas para Totós"". É um guia passo a passo.",1,1,-0.5703125,0.3125,0.8828125,0.2925952970981598,0.7074047327041626,True
5.2597.H,5.2597,H,Qual seria a profissão perfeita para o Tony Tornado? Promotor de eVENTOS.,1,0,0.515625,-0.765625,-1.28125,0.7826625108718872,0.21733754873275757,False
5.3224.N,5.3224,N,Qual comediante comentou sobre a Páscoa em seu texto? Leandro Hassum.,0,0,2.40625,-2.5,-4.90625,0.9926542043685913,0.007345826365053654,True
5.636.H,5.636,H,Qual a parte do corpo favorita do Muralha? Es toma gol.,1,1,-2.390625,1.5859375,3.9765625,0.018404891714453697,0.9815951585769653,True
5.2225.H,5.2225,H,Por que a mulher chorou muito quando roubaram uma de suas joias? Porque foi uma Perda Preciosa,1,1,-0.8125,0.193359375,1.005859375,0.26779094338417053,0.7322090864181519,True
5.1335.H,5.1335,H,Qual é o youtuber que mais economiza na luz? O Jovem Led.,1,1,-1.6484375,1.140625,2.7890625,0.057918086647987366,0.942081868648529,True
4.457.H,4.457,H,Ontem fui ao zoo e vi a minha empregada doméstica numa jaula. O gajo do zoo disse-me que era criada em cativeiro.,1,0,0.78125,-1.1484375,-1.9296875,0.873214840888977,0.12678518891334534,False
5.2603.H,5.2603,H,Qual cantor enxergava tudo o que o professor escreve em sala de aula? Caetano Vê Lousa.,1,1,-2.34375,1.546875,3.890625,0.020023442804813385,0.9799765348434448,True
5.3434.N,5.3434,N,Por que o Faustão quer que você coloque o Plinio no seu devido lugar? Pra que tu reclames do Plinio.,0,0,1.3125,-1.359375,-2.671875,0.9353464841842651,0.06465348601341248,True
4.615.N,4.615,N,"A eletricidade está tão cara, tão cara, que a EDP decidiu mudar o nome para Luz de Ouro.",0,0,0.306640625,-0.69921875,-1.005859375,0.7322090864181519,0.26779094338417053,True
5.53.H,5.53,H,Como são classificados os gatos e cachorros no México? Animais do México.,1,0,1.6171875,-1.40625,-3.0234375,0.9536218643188477,0.046378206461668015,False
5.2155.H,5.2155,H,"Qual o filme preferido do Kiko? Harry Potter e o Cálice Cálice Cálice, você me deixa looouco! ",1,1,-0.51171875,-0.032470703125,0.479248046875,0.38242971897125244,0.6175702810287476,True
4.698.N,4.698,N,Qual é a semelhança entre o sol e um avô? Ambos fazem qualquer coisa bonita.,0,0,0.462890625,-0.87109375,-1.333984375,0.7914988994598389,0.20850107073783875,True
5.1220.H,5.1220,H,Por que só vou à restaurante Self Service? Porque tem tudo a Kilo que eu gosto.,1,1,-2.03125,1.1953125,3.2265625,0.03817827254533768,0.9618217349052429,True
5.572.N,5.572,N,Qual escritor tem vitiligo? Jorge Amado.,0,0,2.828125,-2.65625,-5.484375,0.995866060256958,0.004133968148380518,True
5.3164.H,5.3164,H,Qual pintor estava sempre bêbado? Van Grogue.,1,0,0.7890625,-0.93359375,-1.72265625,0.8484706878662109,0.15152932703495026,False
5.2410.H,5.2410,H,"Como os cachorros chineses dizem ""oi""? ""NihAU"".",1,1,-0.3359375,-0.06396484375,0.27197265625,0.43242284655570984,0.5675771236419678,True
4.327.H,4.327,H,Qual é a panela que se usa quando se está triste? Depressão.,1,0,1.8359375,-1.78125,-3.6171875,0.9738444089889526,0.02615562081336975,False
4.296.N,4.296,N,O que diz um actor para outro? Tens um andar tão lindo ...,0,0,0.64453125,-0.94140625,-1.5859375,0.8300437331199646,0.16995622217655182,True
5.1222.N,5.1222,N,Qual o jornalista esportivo mais inteligente? Galvão Bueno.,0,0,2.828125,-2.6875,-5.515625,0.9959927201271057,0.004007289186120033,True
4.425.N,4.425,N,"Qual é o cão mais fixe? O pastor alemão, porque tem muita pinta.",0,0,1.0390625,-1.1796875,-2.21875,0.9019206762313843,0.09807932376861572,True
5.3586.H,5.3586,H,Por que quando chove pedra elas caem todas certinhas? Porque eu organizo.,1,0,1.609375,-1.5,-3.109375,0.957277774810791,0.0427221953868866,False
5.1616.N,5.1616,N,Qual é a pacifista que é um gênio da matemática? Sophie Germain.,0,1,-0.390625,-0.376953125,0.013671875,0.4965820908546448,0.5034179091453552,False
5.3154.N,5.3154,N,Qual carro não pode faltar no feijão? Fusca.,0,0,2.53125,-2.4375,-4.96875,0.9930961728096008,0.006903838366270065,True
5.1361.H,5.1361,H,Qual é o melhor legume que existe? A Better raba.,1,1,-2.40625,1.453125,3.859375,0.020645931363105774,0.9793540239334106,True
5.3911.N,5.3911,N,Qual a cidade as pessoas rezam e fazem artesanato? Em Budas Artes.,0,1,-2.125,1.3359375,3.4609375,0.030444350093603134,0.9695556163787842,False
5.2760.H,5.2760,H,Qual o grupo musical favorito dos leões? Ruge.,1,1,-1.21875,0.50390625,1.72265625,0.15152932703495026,0.8484706878662109,True
4.733.N,4.733,N,Há anos que procurava um Homem  que bebesse vinho . Para encontrar um foi preciso Ir perguntar .,0,1,-0.55078125,-0.197265625,0.353515625,0.41253015398979187,0.5874698758125305,False
4.708.H,4.708,H,Qual é a cantora preferida dos cirurgiões? É a Anastasia.,1,0,1.90625,-1.8046875,-3.7109375,0.9761291742324829,0.023870833218097687,False
4.253.N,4.253,N,Porque é que os polícias não gostam de sabão? Porque preferem sabonete.,0,0,1.546875,-1.421875,-2.96875,0.9511421918869019,0.04885777831077576,True
5.2789.H,5.2789,H,por que o beta não avança no relacionamento? porque se não ele gama. ,1,1,-1.3828125,0.640625,2.0234375,0.11676400899887085,0.8832359910011292,True
5.2343.H,5.2343,H,Qual jornalista esportivo é ainda adolescente? TEENo Marcos.,1,1,-2.234375,1.484375,3.71875,0.023689469322562218,0.9763104915618896,True
5.3511.H,5.3511,H,Qual ex-piloto era um índio pronto pro ataque? Mim Ka Salo.,1,1,-2.3125,1.453125,3.765625,0.02262919954955578,0.9773707389831543,True
5.3997.H,5.3997,H,Qual a primeira menstruação bíblica? A Menarca de Noé.,1,1,-1.75,0.95703125,2.70703125,0.06255973130464554,0.9374402165412903,True
5.3668.N,5.3668,N,Por que o frango caipira não tem problemas jurídicos de identidade? Porque ele não tem hormônios.,0,0,1.9921875,-1.9296875,-3.921875,0.9805806875228882,0.019419347867369652,True
5.429.H,5.429,H,Qual o chocolate que dá mais energia? Choquito.,1,1,-2.4375,1.625,4.0625,0.016914913430809975,0.9830850958824158,True
4.362.H,4.362,H,"Uma família estava perdida no deserto há mais de dois meses, até que encontraram um rio onde todos tomaram banho, exceto a avó. Qual é o filme? A avó tá imunda há 80 dias.",1,0,1.6015625,-1.671875,-3.2734375,0.9635062217712402,0.03649376332759857,False
5.426.H,5.426,H,Qual criatura mitológica criou um calendário só com 11 signos? Menostouro.,1,1,-2.203125,1.390625,3.59375,0.026759283617138863,0.9732407331466675,True
5.591.H,5.591,H,Qual cerveja é exclusiva do Rio de Janeiro? Schincarioca.,1,1,-1.921875,1.3828125,3.3046875,0.03541072830557823,0.9645892381668091,True
5.3529.N,5.3529,N,Que estilo de filme tem dois atores se esfregando? Pornô.,0,0,2.671875,-2.53125,-5.203125,0.9945307374000549,0.005469274241477251,True
5.3431.N,5.3431,N,Qual cidade espanhola preferida pelo Faustão? Barcelona nos Trinta.,0,1,-1.9140625,1.0859375,3.0,0.04742587357759476,0.9525741338729858,False
4.151.H,4.151,H,Qual é a sobremesa que nunca sai direita? É a torta.,1,0,2.203125,-2.140625,-4.34375,0.9871788024902344,0.012821213342249393,False
5.3958.N,5.3958,N,Qual o sorvete favorito dos escoceses? Whisky na neve.,0,0,-0.205078125,-0.2294921875,-0.0244140625,0.5061032176017761,0.4938967525959015,True
4.543.H,4.543,H,Em que unidades se medem os cães? Em pulgadas.,1,1,-1.5234375,0.80078125,2.32421875,0.08913693577051163,0.9108630418777466,True
5.848.N,5.848,N,Qual personagem da Disney que ninguém gosta? Jafar.,0,0,2.546875,-2.375,-4.921875,0.9927672147750854,0.007232763804495335,True
4.724.H,4.724,H,"Como é que se diz ""abacate"" no Brasil? Abacaxi.",1,0,2.609375,-2.5625,-5.171875,0.9943581223487854,0.005641908850520849,False
5.3379.H,5.3379,H,"Qual atriz que mesmo sem companhia, nunca anda sozinha? Uma Thurman.",1,0,1.2421875,-1.3125,-2.5546875,0.9278878569602966,0.07211221009492874,False
5.3834.N,5.3834,N,Qual o ex desgraçado que se empanturra na fazenda? Ex Como um Gado.,0,1,-1.6796875,0.95703125,2.63671875,0.06681232154369354,0.9331876635551453,False
5.30.H,5.30,H,Por que o elefante não pega fogo? Porque ele é cinza.,1,0,0.89453125,-0.99609375,-1.890625,0.8688268065452576,0.13117322325706482,False
4.464.H,4.464,H,Onde se encontram os piores restaurantes italianos? Massamá.,1,1,-1.7578125,0.9921875,2.75,0.060086652636528015,0.9399133324623108,True
5.2687.N,5.2687,N,Qual é a banda que não toca em bares nem em praças? Incubus,0,1,-0.353515625,-0.1162109375,0.2373046875,0.4409506916999817,0.5590493679046631,False
4.229.H,4.229,H,A minha amiga asiática ficou doente. Mas eu Coreia.,1,1,-1.7109375,1.2265625,2.9375,0.05033063143491745,0.949669361114502,True
5.2294.N,5.2294,N,Qual o astrônomo que tinha muita espinha? Newton,0,0,2.359375,-2.234375,-4.59375,0.9899863600730896,0.010013570077717304,True
4.485.H,4.485,H,Há duas formas de os deputados saírem do parlamento: Há com boleia e Assembleia.,1,1,-2.03125,1.3203125,3.3515625,0.03384403511881828,0.966156005859375,True
5.4006.N,5.4006,N,Por que Caim matou Abel? Porque Abel era obediente.,0,0,1.9140625,-1.5546875,-3.46875,0.9697853922843933,0.030214589089155197,True
4.290.H,4.290,H,Como é que o Camões ficou zarolho? A mãe estava a cozinhar e disse-lhe: Luís vou ali à loja. Deita-me aí um olho na comida.,1,0,0.36328125,-0.6328125,-0.99609375,0.730289876461029,0.26971012353897095,False
5.2824.N,5.2824,N,Como o Batman dorme? De lado,0,0,1.7734375,-1.59375,-3.3671875,0.966663122177124,0.0333368219435215,True
5.1370.H,5.1370,H,Por que o Mario e o Luigi foram ao psicólogo? Porque estavam passando por uma fase difícil.,1,0,2.21875,-2.015625,-4.234375,0.9857181310653687,0.014281933195888996,False
5.3997.N,5.3997,N,Qual a primeira menstruação bíblica? A de Eva.,0,0,1.6953125,-1.5546875,-3.25,0.9626730680465698,0.037326883524656296,True
4.646.N,4.646,N,Qual é a rocha preferida nos relógios . O quartzo.,0,0,2.203125,-2.03125,-4.234375,0.9857181310653687,0.014281933195888996,True
4.741.H,4.741,H,Por que é que os pugilistas não conseguem pescar? Porque têm a cana partida.,1,1,-1.8359375,1.140625,2.9765625,0.048496004194021225,0.9515040516853333,True
5.1591.H,5.1591,H,Qual é o filme em que um salgado lidera um exército em busca da vitória? Croissant Valente.,1,1,-1.9140625,1.2734375,3.1875,0.03963884338736534,0.9603611826896667,True
5.4025.N,5.4025,N,Nome de cervejaria em homenagem a um grande cantor brasileiro? Capitão Bock.,0,1,-2.171875,1.4453125,3.6171875,0.02615562081336975,0.9738444089889526,False
5.3103.H,5.3103,H,Doença comum nos detergentes? Sapólio mielite.,1,1,-2.234375,1.4765625,3.7109375,0.023870833218097687,0.9761291742324829,True
5.3010.H,5.3010,H,Qual cantor é fera em matemática? Carlos Kumon de Andrade.,1,0,1.7421875,-1.625,-3.3671875,0.966663122177124,0.0333368219435215,False
5.999.H,5.999,H,Qual desodorante ajuda a ir para o céu? Is pray.,1,1,-2.234375,1.3984375,3.6328125,0.025760559365153313,0.9742394685745239,True
5.3355.H,5.3355,H,O que mais excita o fazendeiro ? EmpôlGado no Pasto.,1,1,-2.21875,1.4375,3.65625,0.02517884038388729,0.974821150302887,True
5.3601.N,5.3601,N,Qual cantora que mais tem acnes? Britney.,0,0,2.171875,-2.046875,-4.21875,0.985496461391449,0.014503580518066883,True
4.500.H,4.500,H,Porque é que o Voldemort tem Instagram mas não tem Facebook? Porque ele prefere ter seguidores em vez de amigos.,1,0,1.1640625,-1.4453125,-2.609375,0.9314625263214111,0.06853749603033066,False
5.537.N,5.537,N,Onde se guardam as pequenas coisas? No armário do banheiro.,0,0,2.0625,-1.890625,-3.953125,0.9811668992042542,0.018833130598068237,True
5.350.H,5.350,H,Qual o dinossauro que faz sequestros rápidos? O Velocirapto.,1,1,-2.15625,1.3828125,3.5390625,0.02822098508477211,0.9717789888381958,True
4.397.H,4.397,H,Porque é que os portugueses emigram para o Canadá? Porque cánadá.,1,1,-2.21875,1.2890625,3.5078125,0.02909075655043125,0.9709092378616333,True
1.2.H,1.2,H,Nós chamamos de meio ambiente porque já destruímos metade?,1,0,1.0234375,-1.1953125,-2.21875,0.9019206762313843,0.09807932376861572,False
5.2366.H,5.2366,H,Qual é o esporte não recomendado a quem tem pressão alta? FutSAL.,1,1,-2.25,1.4140625,3.6640625,0.02498779445886612,0.9750121831893921,True
5.2059.N,5.2059,N,Qual é o vírus baixa renda? Corona vírus,0,1,-1.625,0.7578125,2.3828125,0.0844927579164505,0.9155072569847107,False
5.1107.N,5.1107,N,Qual filósofo sofreu de um exorcismo? O Demócrito.,0,1,-0.890625,0.640625,1.53125,0.17781086266040802,0.8221890926361084,False
5.2196.H,5.2196,H,Qual é o Personagem histórico favorito do bode? Pedro Álvares Cabral ,1,0,2.3125,-2.125,-4.4375,0.9883127808570862,0.011687257327139378,False
4.531.N,4.531,N,Porque é que a Lassie ganiu? Porque estava cheia de dores.,0,0,1.140625,-1.2890625,-2.4296875,0.9190633296966553,0.0809367224574089,True
4.457.N,4.457,N,Ontem fui ao zoo e vi a minha cobra doméstica numa jaula . O gajo do zoo disse-me que era criada em cativeiro.,0,0,0.65234375,-0.9921875,-1.64453125,0.8381505608558655,0.16184943914413452,True
5.30.N,5.30,N,Por que o elefante não pega fogo? Porque ele é branco.,0,0,1.3515625,-1.3125,-2.6640625,0.9348725080490112,0.06512755155563354,True
5.56.N,5.56,N,Qual creme de barbear parece um esperma? Nivea.,0,0,2.421875,-2.296875,-4.71875,0.9911527037620544,0.008847355842590332,True
1.2.N,1.2,N,Nós chamamos de meio ambiente porque já destruímos os lados?,0,0,0.4140625,-0.70703125,-1.12109375,0.754191517829895,0.2458084672689438,True
4.201.H,4.201,H,Era uma vez uma cidade onde quase todas as motos eram Yamaha. Qual é o filme? Poca Hondas.,1,1,-2.3125,1.3203125,3.6328125,0.025760559365153313,0.9742394685745239,True
5.3211.H,5.3211,H,Qual o ator favorito do Thor? Odin Carrey.,1,1,-2.171875,1.421875,3.59375,0.026759283617138863,0.9732407331466675,True
4.288.H,4.288,H,Um homem foi apanhado a roubar um calendário. Apanhou 12 meses.,1,0,0.66796875,-1.078125,-1.74609375,0.8514594435691833,0.14854057133197784,False
4.539.N,4.539,N,"Será que os meus amigos vão passar férias a países do médio oriente? Uns, sim . Os outros, não .",0,0,1.5703125,-1.5703125,-3.140625,0.9585376977920532,0.04146226868033409,True
5.2689.H,5.2689,H,Renata voltou do médico com o braço furado. Qual é o acontecimento histórico? Rê volta da Vacina.,1,1,-2.1875,1.4296875,3.6171875,0.02615562081336975,0.9738444089889526,True
5.2789.N,5.2789,N,por que o beta não avança no relacionamento? porque se não ele se machuca.,0,0,0.578125,-0.84765625,-1.42578125,0.8062431216239929,0.1937568485736847,True
5.1673.N,5.1673,N,Qual é o nome para se colocar na filha do salva-vidas? Maria.,0,0,2.515625,-2.484375,-5.0,0.9933071732521057,0.00669285049661994,True
5.2938.N,5.2938,N,Qual é a comida do pássaro gigante que toca trompete? O alpiste.,0,1,-1.9609375,1.2265625,3.1875,0.03963884338736534,0.9603611826896667,False
4.117.H,4.117,H,O que é que é de graça mas tem que se pagar? Os serviços de um palhaço.,1,0,1.1484375,-1.390625,-2.5390625,0.9268352389335632,0.07316471636295319,False
5.3922.H,5.3922,H,Qual o peido mais assustador? Poltergases.,1,1,-1.828125,1.2265625,3.0546875,0.04501552879810333,0.9549844264984131,True
5.250.H,5.250,H,"Por que sempre depois que eu durmo à tarde, eu acordo com 1kg de arroz, de feijão, macarrão, açúcar e etc.? Porque foi uma siesta básica.",1,1,-1.96875,1.0859375,3.0546875,0.04501552879810333,0.9549844264984131,True
5.1046.H,5.1046,H,Qual o canal para fumantes infantis? Carlton Network.,1,1,-0.875,0.3671875,1.2421875,0.2240554541349411,0.7759445905685425,True
5.2896.N,5.2896,N,Qual cantor só pode ser visto pela internet? Lucas Inutilismo,0,1,-2.015625,1.453125,3.46875,0.030214589089155197,0.9697853922843933,False
4.428.N,4.428,N,Eu sempre quis comprar um cavalo . Por isso fui a uma quinta e pedi um orçamento.,0,0,0.921875,-1.359375,-2.28125,0.907312273979187,0.09268777072429657,True
5.405.N,5.405,N,Onde ficam as maiores dúvidas dos dentistas? Na cabeça.,0,0,2.3125,-2.25,-4.5625,0.9896718263626099,0.01032815221697092,True
4.398.N,4.398,N,"Era um vez um esquilo tão pequeno, tão pequeno, que em vez de chamar esquilo, chamava-se esquilinho.",0,0,0.75,-1.0390625,-1.7890625,0.8568122982978821,0.14318770170211792,True
5.780.N,5.780,N,Qual a mulher que mais gostava de andar de avião? Simone de É Souza.,0,1,-1.6171875,1.0390625,2.65625,0.06560483574867249,0.9343951344490051,False
4.98.N,4.98,N,O que é um carro amarelo no trânsito? É um táxi.,0,0,2.125,-2.046875,-4.171875,0.9848109483718872,0.015189048834145069,True
4.433.N,4.433,N,Hoje descobri que a minha torradeira não é à prova de água . Fiquei surpreendido.,0,0,1.34375,-1.5234375,-2.8671875,0.9462003111839294,0.05379964038729668,True
5.2458.N,5.2458,N,"Qual é a semelhança entre uma carta de amor de um ex-goleiro brasileiro e uma luta do Mike Tyson? Ambas podem acabar "" fim "".",0,1,-1.0703125,0.486328125,1.556640625,0.17412921786308289,0.8258707523345947,False
5.3379.N,5.3379,N,"Qual atriz que mesmo sem companhia, nunca anda sozinha? Fernanda Montenegro.",0,0,2.65625,-2.578125,-5.234375,0.9946980476379395,0.005301895085722208,True
5.3460.H,5.3460,H,"Qual feriado religioso que não é nem pra preto, nem pra branco? Quarta freira de cinzas.",1,1,-2.140625,1.140625,3.28125,0.03622005507349968,0.9637799859046936,True
5.567.H,5.567,H,Que cantor caiu de cara na calçada? Milton No Cimento.,1,1,-2.328125,1.6953125,4.0234375,0.017576880753040314,0.9824230670928955,True
5.3008.N,5.3008,N,O que o cara gripado faz quando está perto de um grupo de doutoras? Contamina.,0,1,-1.140625,0.38671875,1.52734375,0.17838266491889954,0.8216173648834229,False
5.2238.H,5.2238,H,Qual o programa musical favorito da turma do Chaves? Pops Star ,1,1,-1.6328125,1.15625,2.7890625,0.057918086647987366,0.942081868648529,True
5.2679.N,5.2679,N,Qual padre é um cavalo? Marcelo Rossi.,0,0,2.34375,-2.296875,-4.640625,0.9904406070709229,0.00955939944833517,True
5.3768.H,5.3768,H,Onde o Jabba come? No pizza hutt ,1,1,-1.2890625,0.75,2.0390625,0.11516222357749939,0.8848377466201782,True
5.2987.N,5.2987,N,Qual microorganismo é viciado em drogas? Bactérias.,0,0,2.25,-2.171875,-4.421875,0.9881309270858765,0.011869121342897415,True
5.248.H,5.248,H,Qual foi o dinossauro mais zoeiro que existiu? Tirando Sarro Rex.,1,1,-2.375,1.5859375,3.9609375,0.018689310178160667,0.9813107252120972,True
5.3789.N,5.3789,N,Qual o vinho caro do Lamartine Babo? Merlô.,0,1,-1.5234375,0.96875,2.4921875,0.07640768587589264,0.9235922694206238,False
5.2974.H,5.2974,H,Qual banda que só usa tenis? Oasics.,1,1,-0.6640625,0.3671875,1.03125,0.2628418207168579,0.7371581792831421,True
4.266.H,4.266,H,Porque é que os cangurus não pagam propinas? Porque têm bolsa.,1,1,-0.69921875,0.376953125,1.076171875,0.25423115491867065,0.7457688450813293,True
5.573.H,5.573,H,Por que o Mickey não precisa ser bem dotado? Porque a Minnie-atura.,1,1,-1.9375,1.2890625,3.2265625,0.03817827254533768,0.9618217349052429,True
5.868.H,5.868,H,Por que o oftamologista anão foi pra Disney? Pra comprar minnie eye-pads.,1,1,-2.09375,1.3359375,3.4296875,0.03138042986392975,0.9686195850372314,True
5.3581.H,5.3581,H,Qual artista gosta de pintar os personagens de Toy Story usando cores bem vivas? O Andy Warhol.,1,0,2.515625,-2.203125,-4.71875,0.9911527037620544,0.008847355842590332,False
5.3108.N,5.3108,N,Qual sanduíche do McDonalds te faz sair de qualquer enrascada? Quarteirão.,0,0,2.09375,-2.0625,-4.15625,0.9845753908157349,0.01542455144226551,True
5.317.N,5.317,N,Qual banda é formada por um padre? É o Tchan! Com Alexandre Pires.,0,0,1.71875,-1.8203125,-3.5390625,0.9717789888381958,0.02822098508477211,True
5.2216.N,5.2216,N,Por que o astronauta desistiu de fazer mingau com farinha de trigo? Porque não havia gravidade,0,0,1.5625,-1.46875,-3.03125,0.9539660811424255,0.04603390395641327,True
5.2083.H,5.2083,H,"Qual figura do carnaval que dá em cima das mulheres? Boneco de Oi, linda! ",1,1,-1.7109375,0.828125,2.5390625,0.07316471636295319,0.9268352389335632,True
5.481.H,5.481,H,Por que a jogadora de baseball foi internada no hospício?  Porque ela não estava batendo bem.,1,0,1.296875,-1.5234375,-2.8203125,0.9437636137008667,0.05623634159564972,False
4.742.N,4.742,N,O que teria acontecido se Adão e Eva fossem canibais? A Eva teria comido Adão.,0,0,1.3515625,-1.5625,-2.9140625,0.9485372304916382,0.05146276578307152,True
5.2496.H,5.2496,H,"O que o médico disse para o homem que entrou gemendo de dor no hospital? ""Seja paciente"".",1,0,1.2265625,-1.421875,-2.6484375,0.9339146018028259,0.06608538329601288,False
5.1000.N,5.1000,N,Qual cantora tentou adotar Jesus Cristo? Vanusa.,0,0,2.4375,-2.375,-4.8125,0.9919379353523254,0.008061991073191166,True
5.3145.N,5.3145,N,Qual a comida preferida do paciente com Ebola? É biscoito.,0,0,2.390625,-2.078125,-4.46875,0.9886682629585266,0.011331753805279732,True
5.3353.H,5.3353,H,Qual a música mais ouvida nas cordilheiras? Snow or neve.,1,1,-2.140625,1.1484375,3.2890625,0.03594832122325897,0.9640516638755798,True
2.21.N,2.21,N,"Eu não esperei, mas o ônibus esperou.",0,0,1.1953125,-1.375,-2.5703125,0.9289263486862183,0.07107367366552353,True
5.100.H,5.100,H,Qual a data mais importante do calendário grego? Dia de Ação de Grécias.,1,1,-1.7265625,1.015625,2.7421875,0.06052938848733902,0.9394705891609192,True
5.1286.N,5.1286,N,Qual o nome do piloto do dirigível? Feodor Nenov.,0,1,-0.83984375,0.5,1.33984375,0.2075357586145401,0.7924642562866211,False
5.1343.N,5.1343,N,O Batman vestiu seu Batblazer e seu Batsapato social . Para onde ele foi? Para o casamento.,0,1,-0.333984375,-0.251953125,0.08203125,0.47950366139411926,0.5204963088035583,False
5.263.N,5.263,N,Qual é o nome do filme protagonizado por duas motos bem nervosas? A parede.,0,0,2.28125,-2.125,-4.40625,0.9879462122917175,0.0120537793263793,True
4.141.N,4.141,N,Qual é a sobremesa mais popular na Rússia? O Pudim flan.,0,0,0.1640625,-0.36328125,-0.52734375,0.6288633942604065,0.3711366057395935,True
5.117.H,5.117,H,Qual peixe viveu uma aventura digna dos contos de fadas? Aliche no país das Maravilhas.,1,1,-2.140625,1.390625,3.53125,0.02843603305518627,0.971563994884491,True
5.1009.N,5.1009,N,O que o 7 perguntou pro amigo dele? Tu vens?,0,0,2.15625,-1.9453125,-4.1015625,0.9837225079536438,0.016277460381388664,True
5.4098.N,5.4098,N,Qual molho é sempre servido em proporções exageradas? De tomate.,0,0,2.46875,-2.4375,-4.90625,0.9926542043685913,0.007345826365053654,True
5.3625.N,5.3625,N,Qual a banda que ajuda as pessoas a alcançar a seu destino? U2.,0,0,1.84375,-1.734375,-3.578125,0.9728307723999023,0.027169233188033104,True
5.3548.H,5.3548,H,Qual a banda especializada na remoção de carpetes? Revela chão.,1,1,-2.03125,1.515625,3.546875,0.028007520362734795,0.9719924926757812,True
5.2060.H,5.2060,H,Qual o personagem de star wars que vive espirrando? An atchim skywalker ,1,1,-2.140625,1.1484375,3.2890625,0.03594832122325897,0.9640516638755798,True
5.2778.N,5.2778,N,Qual jogo do Windows só funciona se você fizer tudo o que ele quer? O Campo Minado,0,0,2.15625,-2.015625,-4.171875,0.9848109483718872,0.015189048834145069,True
2.21.H,2.21,H,"Eu não esperei, mas o Jack Sparrow.",1,1,-1.65625,1.25,2.90625,0.05184546858072281,0.9481545686721802,True
5.3101.N,5.3101,N,Qual herói do cinema é o melhor em fuxicar as redes sociais de seus inimigos? Luke Skywalker.,0,0,2.078125,-1.9765625,-4.0546875,0.9829546809196472,0.017045315355062485,True
4.657.H,4.657,H,O Aníbal foi ao Campeonato do Mundo e apareceu na TV. Ficou conhecido Aníbal Mundial.,1,1,-2.0625,1.390625,3.453125,0.030675802379846573,0.9693241715431213,True
5.3058.H,5.3058,H,Qual assassino possui um vasto conhecimento? John Wick Pédia.,1,1,-2.25,1.5234375,3.7734375,0.022457053884863853,0.9775429368019104,True
5.1043.H,5.1043,H,Qual é o pokémon da umbanda? O pikaEXU,1,1,-2.3125,1.25,3.5625,0.027585284784436226,0.9724147915840149,True
4.505.N,4.505,N,"O casamento é muito bonito e tal, mas se casares com a pessoa errada, é como a COVID-19 . Todo os dias novos sintomas.",0,1,-0.5,0.11572265625,0.61572265625,0.35075491666793823,0.6492451429367065,False
5.872.H,5.872,H,Qual comediante vive com calor? Renato Abane.,1,1,-0.2109375,-0.14453125,0.06640625,0.4834045469760895,0.5165954232215881,True
5.250.N,5.250,N,"Por que sempre depois que eu durmo à tarde, eu acordo com 1 kg de arroz, de feijão, macarrão, açúcar e etc.? Porque foi uma doação.",0,0,1.6640625,-1.71875,-3.3828125,0.9671630263328552,0.03283695876598358,True
5.3045.H,5.3045,H,"""Por que a pessoa não paga pelo absorvente? Porque """"quer free"""".""",1,1,-1.75,0.94140625,2.69140625,0.0634823590517044,0.9365176558494568,True
5.1449.H,5.1449,H,Po rque o carteiro foi à feira? Porque tinha uma carta na manga.,1,1,-1.2734375,0.69140625,1.96484375,0.12294380366802216,0.8770562410354614,True
5.3103.N,5.3103,N,Doença comum nos detergentes? Póliomielite.,0,0,0.06396484375,-0.412109375,-0.47607421875,0.6168203949928284,0.38317957520484924,True
5.1858.H,5.1858,H,Que cantora faz pequenas transmissões na internet? Avril Livinha.,1,1,-0.52734375,0.056640625,0.583984375,0.3580162823200226,0.641983687877655,True
5.567.N,5.567,N,Que cantor caiu de cara na calçada? Milton Nascimento.,0,0,2.796875,-2.703125,-5.5,0.9959298968315125,0.004070138093084097,True
5.1237.N,5.1237,N,Qual o tio que faz pesquisa sobre o câncer? O Oncologista.,0,0,1.8984375,-1.640625,-3.5390625,0.9717789888381958,0.02822098508477211,True
5.771.H,5.771,H,Por que a ideia ficou cansada depois da reforma? Porque perdeu o assento.,1,0,-0.16015625,-0.197265625,-0.037109375,0.509276270866394,0.49072372913360596,False
5.3618.H,5.3618,H,Qual os piores inimigos dos MINIons??? MAXIoffs,1,1,-2.25,1.390625,3.640625,0.025565214455127716,0.9744347929954529,True
4.319.H,4.319,H,A camaleoa vira-se para o marido: Volta para a camaleão...,1,0,-0.1103515625,-0.271484375,-0.1611328125,0.5401962399482727,0.4598037302494049,False
4.326.N,4.326,N,Porque é que os homens são mais burros ao pé das mulheres? Porque passam de homo sapiens para homo australopitecos.,0,1,-1.6171875,0.8515625,2.46875,0.07807816565036774,0.9219217896461487,False
5.633.H,5.633,H,Quais heróis se preocupam mais com as poses para foto do que com o destino do seu planeta? Os Tumblrcats.,1,1,-1.2265625,0.90234375,2.12890625,0.1063188686966896,0.8936811685562134,True
5.3537.H,5.3537,H,Qual rockeiro não engorda? É o Regime Hendrix.,1,1,-2.09375,1.1484375,3.2421875,0.03760863095521927,0.9623913168907166,True
5.1858.N,5.1858,N,Qual é o cigarro que todos os comediantes gostam? Malboro.,0,1,-1.1484375,0.53515625,1.68359375,0.15662017464637756,0.8433797955513,False
5.2538.N,5.2538,N,Qual atriz da Globo tem o olho torto? Cristiana Oliveira.,0,0,2.8125,-2.75,-5.5625,0.9961755275726318,0.003824483836069703,True
4.598.N,4.598,N,Estou a pensar começar uma relação com a minha amiga . Ao menos ela sabe dar-me o devido valor.,0,0,0.60546875,-0.859375,-1.46484375,0.8122723698616028,0.18772758543491364,True
5.569.N,5.569,N,"Qual personagem histórico sempre pede um império? Alexandre, o Grande.",0,0,2.25,-2.125,-4.375,0.9875683188438416,0.012431650422513485,True
5.2197.N,5.2197,N,Porque o frango usava smoking? Porque era elegante no último!,0,0,0.0986328125,-0.3984375,-0.4970703125,0.6217706203460693,0.37822940945625305,True
5.94.H,5.94,H,Qual o material bélico mais carente? Miss you.,1,1,-1.890625,1.0234375,2.9140625,0.05146276578307152,0.9485372304916382,True
4.741.N,4.741,N,Por que é que os pescadores não conseguem pescar? Porque têm a cana partida.,0,1,-1.9609375,1.2734375,3.234375,0.0378924235701561,0.9621075391769409,False
5.1524.H,5.1524,H,Como se chamava o cara que roubava discos do Eric Clapton? Claptonmaníaco.,1,1,-1.8828125,1.53125,3.4140625,0.03185885772109032,0.9681411385536194,True
3.14.H,3.14,H,Por que as plantas pequenas não falam? Porque elas são mudas.,1,0,0.47265625,-0.8515625,-1.32421875,0.7898827195167542,0.21011725068092346,False
5.2603.N,5.2603,N,Qual cantor enxergava tudo o que o professor escreve em sala de aula? Caetano Veloso.,0,0,2.59375,-2.578125,-5.171875,0.9943581223487854,0.005641908850520849,True
4.744.H,4.744,H,Onde nasceu o Harry Potter? Salvaterra de Magos.,1,1,-2.21875,1.375,3.59375,0.026759283617138863,0.9732407331466675,True
5.782.H,5.782,H,Qual a tartaruga ninja que mais gosta de dormir? O Fronhatelo.,1,1,-2.4375,1.78125,4.21875,0.014503580518066883,0.985496461391449,True
5.2300.H,5.2300,H,Por que as pessoas estavam testando comidas dentro do ônibus? Porque era um teste do Busfeed.,1,1,-2.0,1.28125,3.28125,0.03622005507349968,0.9637799859046936,True
5.336.N,5.336,N,Qual o meio de transporte mais barato na Bahia? Uber imbau,0,1,-2.234375,1.3046875,3.5390625,0.02822098508477211,0.9717789888381958,False
4.744.N,4.744,N,Onde nasceu o Gregório Fernandes? Salvaterra de Magos.,0,1,-2.21875,1.4375,3.65625,0.02517884038388729,0.974821150302887,False
5.3165.H,5.3165,H,Qual pintor ganhou mais dinheiro com sua arte? Ricasso.,1,1,-2.265625,1.5078125,3.7734375,0.022457053884863853,0.9775429368019104,True
5.1237.H,5.1237,H,Qual o tio que faz pesquisa sobre o câncer? O Uncle Logista.,1,1,-2.328125,1.46875,3.796875,0.021948251873254776,0.9780517220497131,True
5.1061.N,5.1061,N,Qual doença temos que coletar esperma? Prostatite.,0,0,1.3203125,-1.2890625,-2.609375,0.9314625263214111,0.06853749603033066,True
4.433.H,4.433,H,Hoje descobri que a minha torradeira não é à prova de água. Fiquei chocado.,1,0,1.1953125,-1.4375,-2.6328125,0.9329437017440796,0.06705627590417862,False
5.999.N,5.999,N,Qual desodorante ajuda a ir para o céu? Rexona.,0,1,-1.8125,1.2578125,3.0703125,0.0443485826253891,0.9556514620780945,False
5.1627.N,5.1627,N,Qual é a atriz menos dramática do mundo? A tristeza,0,0,2.09375,-2.171875,-4.265625,0.986151397228241,0.013848611153662205,True
4.183.N,4.183,N,Como é que o António se chama quando anda de autocarro? António.,0,0,1.984375,-1.8671875,-3.8515625,0.9791954755783081,0.02080448903143406,True
4.627.N,4.627,N,Um homem viu um filme nos Estados Unidos . Qual é o filme? American Pie.,0,0,2.046875,-1.8828125,-3.9296875,0.980728805065155,0.019271135330200195,True
5.3765.N,5.3765,N,Qual é o jogo favorito da Ivete Sangalo? Imagem e Ação,0,0,1.1015625,-1.5234375,-2.625,0.9324532747268677,0.06754669547080994,True
5.122.N,5.122,N,Como chama a cerveja que você só toma de 2 em 2 anos? Skoll.,0,0,2.140625,-2.140625,-4.28125,0.9863631129264832,0.013636834919452667,True
4.169.H,4.169,H,O que diz um gato comunista? Mao.,1,0,1.65625,-1.53125,-3.1875,0.9603611826896667,0.03963884338736534,False
5.2743.H,5.2743,H,Qual o animal que sempre tá de brinks? Tira no Sarro,1,1,-2.21875,1.53125,3.75,0.022977368906140327,0.977022647857666,True
4.61.H,4.61,H,Uma mulher manda-se dum prédio e acerta num homem que ia a passar. Qual é o filme? A cusada de morte.,1,1,-1.1484375,0.412109375,1.560546875,0.17356818914413452,0.8264318704605103,True
4.482.N,4.482,N,"O homem já vivei no período Paleolítico, no Mesolítico, no Neolítico...Ao período atual chamamos Idade Contemporânea que veio depois da Idade Moderna e da Idade Média.",0,0,1.3984375,-1.484375,-2.8828125,0.9469902515411377,0.0530097670853138,True
5.636.N,5.636,N,Qual a parte do corpo favorita do Muralha? Cabelo.,0,0,2.359375,-2.203125,-4.5625,0.9896718263626099,0.01032815221697092,True
5.2385.H,5.2385,H,Por que o atrito e a resistência do ar foram ao psicólogo? Porque eles são muito desprezados,1,0,0.7265625,-1.0625,-1.7890625,0.8568122982978821,0.14318770170211792,False
5.2216.H,5.2216,H,Por que o astronauta desistiu de fazer mingau com farinha de trigo? Porque havia lactea ,1,1,-2.109375,1.2890625,3.3984375,0.032344333827495575,0.9676556587219238,True
5.956.N,5.956,N,Como o ciclista reage a uma notícia ruim? Ele fica triste.,0,0,2.1875,-1.890625,-4.078125,0.9833430051803589,0.016657039523124695,True
5.1772.N,5.1772,N,Qual é o colunista de fofoca preferido do Mufasa? Zazu.,0,0,2.046875,-1.8515625,-3.8984375,0.9801293015480042,0.019870713353157043,True
4.235.N,4.235,N,"Era uma vez um homem tão pequeno, tão pequeno, que em vez de praticar natação, praticava pesca desportiva.",0,0,0.78515625,-0.99609375,-1.78125,0.8558511734008789,0.14414885640144348,True
5.261.H,5.261,H,Qual é o cantor que se suicidou? Frank Simata.,1,1,-1.4296875,0.72265625,2.15234375,0.1041124165058136,0.8958876132965088,True
5.2675.H,5.2675,H,Qual cantor sempre manda uma jogada boa no baralho? Mando Reis.,1,1,-2.015625,1.328125,3.34375,0.034100428223609924,0.9658995866775513,True
5.766.N,5.766,N,Qual o bairro de SP favorito do Schwarzenegger?   A Bela Vista.,0,0,1.953125,-1.8359375,-3.7890625,0.9778834581375122,0.022116588428616524,True
5.2009.H,5.2009,H,Nome do cara que não joga na linha? Hugo Leiro ,1,1,-2.046875,1.40625,3.453125,0.030675802379846573,0.9693241715431213,True
5.2325.H,5.2325,H,"O que a mãe religiosa disse para o pai agnóstico sobre o filho deles? ""Cuida, que o filho é ateu"".",1,0,1.734375,-1.6875,-3.421875,0.9683812260627747,0.031618766486644745,False
4.266.N,4.266,N,Porque é que os cangurus não querem bolsas? Porque já  têm bolsa.,0,0,0.447265625,-0.85546875,-1.302734375,0.7862948179244995,0.2137051820755005,True
5.3300.H,5.3300,H,Qual é o animal que regurgita muito? Gorfinho.,1,1,-2.28125,1.5703125,3.8515625,0.02080448903143406,0.9791954755783081,True
5.3529.H,5.3529,H,Que estilo de filme tem dois microscópios se esfregando? Fricção Científica.,1,1,-2.1875,1.328125,3.515625,0.028870904818177223,0.9711290597915649,True
4.56.H,4.56,H,Porque é que os carpinteiros são bons a fazer contas? Porque tabuada é com eles.,1,0,0.51953125,-0.83203125,-1.3515625,0.7943849563598633,0.20561504364013672,False
5.1182.N,5.1182,N,Por que o Chico Buarque foi preso na saída do Santander? Por quebrar o banco.,0,0,1.21875,-1.4765625,-2.6953125,0.9367494583129883,0.06325051933526993,True
5.933.N,5.933,N,Qual é o nome do especialista em temperar carnes que não se esquecia do passado? Olívio.,0,0,0.7109375,-1.3828125,-2.09375,0.8902942538261414,0.10970576852560043,True
5.1073.N,5.1073,N,"Qual filme conta a história do casal mais perdido do mundo em beira-mar? "" Procurando; né, mô? """,0,0,-0.0556640625,-0.35546875,-0.2998046875,0.5743947625160217,0.4256052076816559,True
5.184.N,5.184,N,Qual é o cantor que acha tudo um exagero? Jão.,0,0,2.453125,-2.34375,-4.796875,0.9918121099472046,0.008187910541892052,True
5.3741.H,5.3741,H,Qual comentarista esportivo se gaba da reforma em seu domicílio? Vaiter Casagrande.,1,1,-2.1875,1.625,3.8125,0.02161533571779728,0.9783847332000732,True
4.740.N,4.740,N,O que diz um mineiro antes de usar a picareta? Cá vai disto!,0,1,-1.046875,0.474609375,1.521484375,0.1792430281639099,0.8207569718360901,False
5.1286.H,5.1286,H,Qual o nome do piloto do dirigível? José Pelin.,1,0,1.890625,-1.75,-3.640625,0.9744347929954529,0.025565214455127716,False
4.724.N,4.724,N,"Como é que se diz "" abacate "" no Brasil? Abacate.",0,0,2.4375,-2.453125,-4.890625,0.9925393462181091,0.007460643071681261,True
4.667.H,4.667,H,Que tipo de música ouvem os mortos-vivos? Kizombie.,1,1,-1.984375,1.1171875,3.1015625,0.04304284602403641,0.9569571614265442,True
4.436.N,4.436,N,Se mentes . Deus castiga.,0,1,-1.1953125,0.65625,1.8515625,0.13568954169750214,0.8643104434013367,False
4.232.H,4.232,H,Qual é a banda preferida dos desempregados? LinkedIn Park.,1,1,-2.0625,1.2890625,3.3515625,0.03384403511881828,0.966156005859375,True
5.177.N,5.177,N,Qual cantor faz shows em Spa? Belo.,0,0,2.4375,-2.34375,-4.78125,0.9916841983795166,0.008315778337419033,True
5.2977.H,5.2977,H,Qual grupo só tem negão criança? Negro é tudo júnior.,1,0,0.08544921875,-0.5390625,-0.62451171875,0.6512439846992493,0.34875601530075073,False
5.587.H,5.587,H,Por que não fico bronzeado em casa? Porque uso protetor só lar.,1,1,-1.90625,1.3359375,3.2421875,0.03760863095521927,0.9623913168907166,True
5.2578.H,5.2578,H,Qual o programa favorito dos gaúchos? The Noitchê.,1,1,-1.90625,1.2578125,3.1640625,0.04054073989391327,0.9594592452049255,True
5.1360.N,5.1360,N,Por que o anão foi surfar na cozinha? Porque lá tem fogão.,0,0,1.1640625,-1.3359375,-2.5,0.9241418242454529,0.07585818320512772,True
5.573.N,5.573,N,Por que o Mickey não precisa ser bem dotado? Porque a miniatura.,0,0,-0.2119140625,-0.244140625,-0.0322265625,0.5080559253692627,0.4919440746307373,True
4.529.N,4.529,N,O que são oito Hobbits? Um grupo de Hobbits.,0,0,1.0078125,-1.1953125,-2.203125,0.9005298018455505,0.09947022050619125,True
5.2446.N,5.2446,N,Qual é a cantora favorita do Tony Hawk? Shakira.,0,0,2.296875,-2.15625,-4.453125,0.9884918928146362,0.011508149094879627,True
5.984.N,5.984,N,Levei meu carro na feira ao invés de levar para a oficina . Qual é o nome do filme? Em Ritmo de Fuga.,0,0,1.078125,-1.4140625,-2.4921875,0.9235922694206238,0.07640768587589264,True
5.1311.N,5.1311,N,Qual cantor sertanejo faliu? Leonardo.,0,0,2.859375,-2.640625,-5.5,0.9959298968315125,0.004070138093084097,True
4.71.H,4.71,H,Porque é que uma mulher partiu a perna ao filho na cozinha? Porque não tinha canela para pôr no bolo.,1,1,-0.76953125,0.451171875,1.220703125,0.2278127372264862,0.7721872329711914,True
5.3569.H,5.3569,H,Em que momento do dia seus segredos são revelados? No expor do sol.,1,0,0.13671875,-0.62890625,-0.765625,0.6825737357139587,0.31742629408836365,False
5.1766.N,5.1766,N,"O que o Mickey disse quando pôs a mão no fogo? "" Ai! quente "".",0,0,-0.040771484375,-0.1923828125,-0.151611328125,0.5378303527832031,0.4621695876121521,True
5.152.N,5.152,N,Por que antigamente o Brasil era mais cheiroso? Porque era perfumado.,0,0,2.375,-2.265625,-4.640625,0.9904406070709229,0.00955939944833517,True
5.2056.H,5.2056,H,Qual é o jogo da pessoa gripada? Over atchim ,1,1,-1.828125,0.95703125,2.78515625,0.05813159793615341,0.9418684244155884,True
5.3355.N,5.3355,N,O que mais excita o fazendeiro? Lucros no Pasto.,0,1,-0.380859375,0.169921875,0.55078125,0.3656831681728363,0.6343168616294861,False
5.1025.N,5.1025,N,Quem financiou o Ben 10? O Cartoon Network,0,0,2.1875,-2.140625,-4.328125,0.9869794845581055,0.013020490296185017,True
5.3595.H,5.3595,H,Qual o chinelo mais vendido em Salvador? Há baianas.,1,0,1.3828125,-1.2265625,-2.609375,0.9314625263214111,0.06853749603033066,False
5.1358.N,5.1358,N,Qual é o trabalho que você se vê fazendo? Limpar banheiros.,0,0,2.296875,-2.15625,-4.453125,0.9884918928146362,0.011508149094879627,True
5.1381.H,5.1381,H,Por que colocaram uma cama elástica no Polo Norte? Para o urso polar.,1,0,0.46875,-0.890625,-1.359375,0.7956580519676208,0.20434190332889557,False
5.691.H,5.691,H,Qual é o nome da hiena que se aposentou? Hiena SS.,1,1,-1.7734375,0.890625,2.6640625,0.06512755155563354,0.9348725080490112,True
4.296.H,4.296,H,O que diz um prédio para outro? Tens um andar tão lindo...,1,0,0.84765625,-1.140625,-1.98828125,0.879561185836792,0.12043881416320801,False
5.3834.H,5.3834,H,Qual o ex desgraçado que se empanturra na churrascaria? Ex Como um Gado.,1,1,-1.3828125,0.796875,2.1796875,0.10158944129943848,0.8984104990959167,True
5.3108.H,5.3108,H,Qual sanduíche do McDonalds te faz sair de qualquer enrascada? McGuyver.,1,1,-1.7578125,0.91796875,2.67578125,0.06441766023635864,0.9355823397636414,True
4.753.N,4.753,N,O meu pai tem uma loja de material elétrico . É por isso que tenho material elétrico de graça.,0,0,0.66796875,-0.9765625,-1.64453125,0.8381505608558655,0.16184943914413452,True
4.169.N,4.169,N,O que diz um gato comunista? Miau.,0,0,0.1767578125,-0.66796875,-0.8447265625,0.6994597315788269,0.3005402386188507,True
5.1980.N,5.1980,N,Qual o dispositivo usado pra enxergar melhor uma determinada nota musical? Lente,0,0,2.578125,-2.6875,-5.265625,0.9948603510856628,0.005139611195772886,True
5.1314.H,5.1314,H,Por que a manicure foi demitida? Porque ela estava pouco se lixando.,1,0,0.53515625,-0.9140625,-1.44921875,0.8098781704902649,0.1901218295097351,False
4.664.H,4.664,H,Nunca morei em Hollywood. Mas a Marilyn Monroe.,1,1,-0.7421875,0.142578125,0.884765625,0.29219120740890503,0.707808792591095,True
4.352.N,4.352,N,Qual é a diferença entre um boneco de neve e uma boneca de neve? As roupas de neve.,0,0,1.59375,-1.546875,-3.140625,0.9585376977920532,0.04146226868033409,True
4.536.H,4.536,H,Porque é que o espantalho recebeu um prémio Nobel? Porque foi o que mais se destacou no seu campo.,1,0,0.39453125,-0.87890625,-1.2734375,0.7813306450843811,0.21866939961910248,False
5.1361.N,5.1361,N,Qual é o melhor legume que existe? A beterraba.,0,0,2.625,-2.5,-5.125,0.9940890073776245,0.005911069456487894,True
5.2779.N,5.2779,N,Qual inseto toma muito chá? Marimbondo,0,1,-1.0859375,0.69921875,1.78515625,0.14366760849952698,0.8563323616981506,False
5.572.H,5.572,H,Qual escritor tem vitiligo? Manchado de Assis.,1,1,-2.25,1.46875,3.71875,0.023689469322562218,0.9763104915618896,True
5.420.H,5.420,H,Qual fruta nasce às margens do Rio Negro? Só-limões.,1,1,-1.2734375,0.8046875,2.078125,0.11124120652675629,0.8887588381767273,True
4.392.N,4.392,N,NOTÍCIA DE ÚLTIMA HORA: Um camião carregado de tijolos despistou-se no IC19 . A fila não pára de crescer.,0,0,0.29296875,-0.62109375,-0.9140625,0.7138307690620422,0.28616926074028015,True
5.405.H,5.405,H,Onde ficam as maiores dúvidas dos dentistas? In the ciso.,1,1,-2.21875,1.2421875,3.4609375,0.030444350093603134,0.9695556163787842,True
5.350.N,5.350,N,Qual o dinossauro que faz sequestros rápidos? O estegossauro.,0,1,-0.65234375,0.1083984375,0.7607421875,0.3184851109981537,0.6815148591995239,False
5.3944.H,5.3944,H,Por que o cara resolveu dormir no bueiro? Porque ele tava esgotado.,1,0,2.09375,-1.8046875,-3.8984375,0.9801293015480042,0.019870713353157043,False
4.622.N,4.622,N,Que tamanho de roupa vestem as altas? Tamanho grande.,0,0,2.265625,-2.125,-4.390625,0.9877586960792542,0.012241274118423462,True
5.2238.N,5.2238,N,Qual o programa musical favorito da turma do Chaves? The Voice Kids,0,0,2.203125,-1.9921875,-4.1953125,0.9851576089859009,0.01484241709113121,True
5.594.N,5.594,N,O que um irmão apoiador falou pro outro? Tamo Junto!,0,0,1.2265625,-1.296875,-2.5234375,0.9257686138153076,0.07423137128353119,True
4.117.N,4.117,N,O que é que é de graça mas tem que se registar? Os serviços de um produto digital.,0,0,0.8359375,-1.25,-2.0859375,0.8895288109779358,0.11047115176916122,True
5.129.N,5.129,N,Qual cantora ganhou uma patente em 2018? Marjorie Estiano.,0,0,2.484375,-2.3125,-4.796875,0.9918121099472046,0.008187910541892052,True
5.3922.N,5.3922,N,Qual o peido mais fedido? Poltergases.,0,1,-1.78125,1.21875,3.0,0.04742587357759476,0.9525741338729858,False
5.3115.N,5.3115,N,Por que o fazendeiro ficou pobre depois de ir ao banheiro? Porque o intestino delgado.,0,1,-0.7109375,0.3359375,1.046875,0.2598256468772888,0.740174412727356,False
2.8.N,2.8,N,Sabe por que o argumento do Dumbo foi completamente ignorado? Porque era incongruente.,0,0,1.546875,-1.5859375,-3.1328125,0.9582260847091675,0.04177388176321983,True
5.2895.N,5.2895,N,Qual cantor só vê notícias pela internet? Latino,0,0,2.8125,-2.609375,-5.421875,0.9956005811691284,0.004399412777274847,True
5.3763.N,5.3763,N,Qual é a profissão mais feia que existe? Deputado,0,0,2.078125,-2.015625,-4.09375,0.9835969805717468,0.01640303246676922,True
5.2074.N,5.2074,N,Qual o ator que nunca deixa a mulher sair sozinha? Milton Naciumento,0,1,-2.1875,1.5234375,3.7109375,0.023870833218097687,0.9761291742324829,False
5.4035.N,5.4035,N,"Por que o nariz, às vezes, sente cheiro de arrogância? Por causa da humildade do ar.",0,1,-1.484375,0.98828125,2.47265625,0.07779745012521744,0.9222025275230408,False
5.1288.N,5.1288,N,Qual atriz gosta de chocolate? Fernanda Lima.,0,0,2.75,-2.734375,-5.484375,0.995866060256958,0.004133968148380518,True
5.1056.N,5.1056,N,Por que a cachorra modernista não latiu? Porque ela morreu.,0,0,1.7265625,-1.59375,-3.3203125,0.9651191234588623,0.03488088771700859,True
5.2820.N,5.2820,N,Cantora que sempre fez dieta? Elis Regina,0,0,2.765625,-2.640625,-5.40625,0.9955315589904785,0.004468384198844433,True
4.643.N,4.643,N,O que é que a Adele gosta de barrar no pão? Queijo.,0,0,2.21875,-2.15625,-4.375,0.9875683188438416,0.012431650422513485,True
4.695.H,4.695,H,"Qual é o contrário de ""extraordinário""? Extra ordinário.",1,1,-1.390625,0.8203125,2.2109375,0.09877258539199829,0.9012274742126465,True
4.643.H,4.643,H,O que é que a Adele gosta de barrar no pão? Queijo Phil-Adele-phia.,1,1,-2.375,1.578125,3.953125,0.018833130598068237,0.9811668992042542,True
5.3597.H,5.3597,H,Qual atriz cômica que tem mania de reparar do pescoço das pessoas? Tara ver neck.,1,1,-2.4375,1.53125,3.96875,0.018546564504504204,0.9814534187316895,True
5.2368.N,5.2368,N,Qual rockeiro não usa drogas e nem sacaneia os outros? O Gene Simmons,0,0,2.0625,-1.8359375,-3.8984375,0.9801293015480042,0.019870713353157043,True
5.3460.N,5.3460,N,"Qual feriado religioso que não é nem pra preto, nem pra branco? Sexta feira Santa.",0,0,2.578125,-2.484375,-5.0625,0.9937100410461426,0.006289901677519083,True
4.567.N,4.567,N,"O que é que a mulher do senhor diz quando o viagra perde o efeito? Foi-se o martelo, camarada.",0,1,-0.220703125,-0.15625,0.064453125,0.4838922619819641,0.5161076784133911,False
4.667.N,4.667,N,Que tipo de música ouvem os mortos-vivos? Kizomba.,0,1,-1.359375,0.765625,2.125,0.10669060796499252,0.8933094143867493,False
5.3001.H,5.3001,H,Qual microorganismo sofre bullying? Protozoado.,1,0,0.76953125,-1.125,-1.89453125,0.8692712783813477,0.13072867691516876,False
4.480.N,4.480,N,"Como é que se diz "" surpresa "" em onomatopeias? Chan-chan-chan-chan!",0,0,-0.2333984375,-0.423828125,-0.1904296875,0.5474640727043152,0.4525358974933624,True
5.1449.N,5.1449,N,Po rque o carteiro foi à feira? Porque tinha uma carta para entregar.,0,0,0.408203125,-0.4609375,-0.869140625,0.7045668363571167,0.2954331338405609,True
5.3364.N,5.3364,N,O que os homens em Rio Branco costumam beber? Pinga.,0,0,2.34375,-2.203125,-4.546875,0.9895108342170715,0.010489091277122498,True
4.206.N,4.206,N,O que diz um castor excitado? Bate os dentes,0,0,2.03125,-1.734375,-3.765625,0.9773707389831543,0.02262919954955578,True
5.3736.N,5.3736,N,Qual clube campeão da Libertadores consegue segurar bebês gêmeos? Lanus.,0,1,-1.453125,0.67578125,2.12890625,0.1063188686966896,0.8936811685562134,False
5.1807.N,5.1807,N,Qual herói da literatura atirava em patos? Jack.,0,0,2.6875,-2.59375,-5.28125,0.9949396848678589,0.005060331895947456,True
5.3789.H,5.3789,H,Qual o vinho predileto do Lamartine Babo? Merlô.,1,1,-1.6875,1.0546875,2.7421875,0.06052938848733902,0.9394705891609192,True
5.1109.N,5.1109,N,Qual filósofo gostaria de ser um Cavaleiro do Zodíaco? Aristóteles,0,0,2.15625,-2.0,-4.15625,0.9845753908157349,0.01542455144226551,True
5.2594.N,5.2594,N,Como se referiam a Jesus quando ele ficava bravo? Assertivo.,0,1,-1.7578125,1.0078125,2.765625,0.05921025201678276,0.9407896995544434,False
4.256.H,4.256,H,Que som faz um peixe a cair dum prédio de 20 andares? AAAAAAAAAAAAAAAAAAAATUM!,1,1,-1.125,0.4921875,1.6171875,0.16559310257434845,0.8344069123268127,True
5.604.H,5.604,H,Qual é a loja que no ENEM só chutava a terceira e primeira alternativas? C e A.,1,0,2.234375,-2.375,-4.609375,0.9901401400566101,0.00985985528677702,False
5.1343.H,5.1343,H,O Batman vestiu seu Batblazer e seu Batsapato social. Para onde ele foi? Para o Batzado.,1,1,-2.15625,1.25,3.40625,0.032100703567266464,0.9678993225097656,True
4.544.H,4.544,H,"A Érica e a Ester decidiram adotar uma jovem. Quando ela soube, ficou estérica.",1,1,-0.384765625,-0.220703125,0.1640625,0.4590761065483093,0.5409238934516907,True
5.104.H,5.104,H,Qual lugar do mundo incentiva a caminhada? Cordilheira dos Andes.,1,0,2.203125,-2.046875,-4.25,0.9859364032745361,0.014063626527786255,False
5.1162.N,5.1162,N,Qual o bairro de São Paulo que só tem Japoneses? Liberdade,0,0,1.8046875,-1.6015625,-3.40625,0.9678993225097656,0.032100703567266464,True
5.1599.N,5.1599,N,Qual é o nome da loja do músico veterinário? Musicolândia.,0,1,-1.6171875,1.078125,2.6953125,0.06325051933526993,0.9367494583129883,False
5.3111.H,5.3111,H,O que o Galvão falou para um pássaro? Caca tuuuuua... Taffarel!,1,1,-2.25,1.4140625,3.6640625,0.02498779445886612,0.9750121831893921,True
5.1221.H,5.1221,H,Qual o jornalista esportivo mais pesado? 1000 ton. Neves.,1,1,-2.0,1.3515625,3.3515625,0.03384403511881828,0.966156005859375,True
5.1282.H,5.1282,H,Qual castanha sempre interpreta personagens maus? Avilã.,1,1,-1.765625,0.8203125,2.5859375,0.07004895806312561,0.929951012134552,True
5.2987.H,5.2987,H,Qual microorganismo é viciado em drogas? Protousuário.,1,1,-1.84375,1.375,3.21875,0.0384661927819252,0.961533784866333,True
4.664.N,4.664,N,Nunca morei em Hollywood . Mas a Marilyn mora.,0,0,1.40625,-1.453125,-2.859375,0.9458011984825134,0.0541987270116806,True
5.2435.N,5.2435,N,Quais jogadores de basquete fundaram Brasília? Kobe Bryant e Michael Jordan .,0,0,1.5,-1.3046875,-2.8046875,0.9429286122322083,0.05707139894366264,True
5.587.N,5.587,N,Por que não fico bronzeado em casa? Porque uso protetor facial.,0,0,2.5,-2.203125,-4.703125,0.9910145401954651,0.008985428139567375,True
5.1360.H,5.1360,H,Por que o anão foi surfar na cozinha? Porque lá tem micro ondas.,1,0,1.1640625,-1.5078125,-2.671875,0.9353464841842651,0.06465348601341248,False
4.193.H,4.193,H,"Hoje, vinte mulheres convidaram-me para sair. Nunca mais entro no WC das mulheres.",1,0,0.023681640625,-0.4609375,-0.484619140625,0.6188380122184753,0.38116198778152466,False
5.1554.N,5.1554,N,Qual a Miss EUA que foi escolhida por engano? A Sheena Monnin.,0,0,0.52734375,-1.0859375,-1.61328125,0.8338664174079895,0.1661335527896881,True
5.3287.H,5.3287,H,Qual o ingrediente presente na comida de quem apanhou? RepOlho Roxo.,1,1,-2.03125,1.453125,3.484375,0.029760094359517097,0.9702399373054504,True
4.634.H,4.634,H,"Por que é que a apresentadora do Querido, Mudei a Casa foi para o hospital? Porque tinha um problema decoração.",1,0,-0.10986328125,-0.69921875,-0.58935546875,0.6432172656059265,0.3567827641963959,False
5.2693.N,5.2693,N,"Por que o artigo, o substantivo e o adjetivo nunca discutiam? Porque estavam sempre em paralelo.",0,0,0.8984375,-1.1015625,-2.0,0.8807970285415649,0.11920291930437088,True
5.840.N,5.840,N,Qual filme do Eddie Murphy ocupa muita locação? Um Tira da pesada.,0,1,-2.03125,1.28125,3.3125,0.03514484688639641,0.9648551344871521,False
4.638.H,4.638,H,"O amor é como um jogo de sueca. Ou se tem um bom parceiro, ou o melhor mesmo é ter uma boa mão.",1,0,-0.0052490234375,-0.1708984375,-0.1656494140625,0.5413179397583008,0.4586820602416992,False
5.1221.N,5.1221,N,Qual o jornalista esportivo mais pesado? Milton Neves.,0,0,2.625,-2.421875,-5.046875,0.9936116337776184,0.006388320587575436,True
4.163.N,4.163,N,Como é que a mulher do Vasco da Gama o cumprimenta? Com um beijo no lábio.,0,0,1.6953125,-1.6796875,-3.375,0.9669140577316284,0.033085983246564865,True
5.3709.H,5.3709,H,Qual é o personagem do Chaves que representa a bondade encarnada? Goodinez.,1,0,-0.09423828125,-0.53125,-0.43701171875,0.6075467467308044,0.39245322346687317,False
5.3763.H,5.3763,H,Qual é a profissão mais feia que existe? Ourrives ,1,1,-2.171875,1.375,3.546875,0.028007520362734795,0.9719924926757812,True
5.3494.N,5.3494,N,Qual o programa favorito do proctologista? Programa do Luciano Hulk.,0,1,-2.046875,1.3671875,3.4140625,0.03185885772109032,0.9681411385536194,False
4.599.N,4.599,N,Acabei de encomendar duas capas para smartphone na internet . São da Wish.,0,0,0.6640625,-1.125,-1.7890625,0.8568122982978821,0.14318770170211792,True
4.319.N,4.319,N,A camaleoa vira-se para o marido: Volta para a sala ...,0,0,1.5234375,-1.6953125,-3.21875,0.961533784866333,0.0384661927819252,True
4.281.H,4.281,H,Porque é que a galinha fez um striptease na capoeira? Para chocar os ovos.,1,0,0.18359375,-0.63671875,-0.8203125,0.6943026781082153,0.30569735169410706,False
4.370.N,4.370,N,"É boa ideia comprar um relógio em forma de peixe? Não, é um gasto de tempo.",0,0,0.953125,-1.3203125,-2.2734375,0.9066531658172607,0.09334688633680344,True
4.585.H,4.585,H,"Nunca quis acreditar que o meu pai roubava enquanto trabalhava nas Estradas de Portugal. Mas quando eu chegava a casa, os sinais estavam todos lá.",1,0,0.486328125,-0.9609375,-1.447265625,0.8095772862434387,0.19042274355888367,False
5.2047.H,5.2047,H,"Qual conto mostra a história de alguém que acha a esposa linda, mas quando ela o procura de noite, ele nega? ah, bela.... dorme, cida. ",1,1,-1.8359375,0.89453125,2.73046875,0.06119922548532486,0.9388007521629333,True
5.2458.H,5.2458,H,"Qual é a semelhança entre uma carta de amor de um ex-goleiro brasileiro e uma luta do Mike Tyson? Ambas podem acabar ""com amor, Dida"".",1,1,-1.1875,0.71484375,1.90234375,0.12984344363212585,0.8701565861701965,True
5.3101.H,5.3101,H,Qual herói do cinema é o melhor em fuxicar as redes sociais de seus inimigos? Luke Skystalker.,1,0,0.119140625,-0.48046875,-0.599609375,0.6455669403076172,0.3544330894947052,False
5.3670.N,5.3670,N,Qual país que as pessoas não tem o dedo polegar? Barbados,0,0,1.828125,-1.546875,-3.375,0.9669140577316284,0.033085983246564865,True
5.2496.N,5.2496,N,"O que o médico disse para o homem que entrou gemendo de dor no hospital? "" Seja bem vindo "".",0,0,1.9609375,-1.828125,-3.7890625,0.9778834581375122,0.022116588428616524,True
4.534.N,4.534,N,Qual é a rádio mais ouvida ao pequeno-almoço? É a Rádio Comercial.,0,0,1.859375,-1.8828125,-3.7421875,0.9768466353416443,0.023153413087129593,True
4.392.H,4.392,H,NOTÍCIA DE ÚLTIMA HORA: Um camião carregado de Viagra despistou-se no IC19. A fila não pára de crescer.,1,0,0.244140625,-0.55859375,-0.802734375,0.6905590891838074,0.3094409108161926,False
5.2141.H,5.2141,H,Por que tiraram a jogadora de vôlei do time após fazer o ponto? Porque foi cortada,1,0,0.039306640625,-0.451171875,-0.490478515625,0.6202191710472107,0.3797808885574341,False
4.543.N,4.543,N,Em que unidades se medem os monitores? Em pulgadas.,0,1,-1.6484375,0.875,2.5234375,0.07423137128353119,0.9257686138153076,False
4.83.H,4.83,H,O que é uma roubalheira? É o ato de roubar uma alheira.,1,1,-0.19140625,0.07763671875,0.26904296875,0.4331420660018921,0.5668579936027527,True
5.3169.N,5.3169,N,Que rainha rosna como cantora? Queen Lati Fa.,0,1,-2.25,1.3125,3.5625,0.027585284784436226,0.9724147915840149,False
4.206.H,4.206,H,O que diz um castor excitado? Suck my dique!,1,1,-1.359375,0.65625,2.015625,0.117572121322155,0.8824278712272644,True
5.31.H,5.31,H,Qual é o poeta que sempre se atrasa?  Vinícius Demorais.,1,1,-2.171875,1.6328125,3.8046875,0.02178117260336876,0.9782188534736633,True
5.1714.N,5.1714,N,Por que o maquinista deixou o maluco sentar do seu lado? Porque o maluco o motiva.,0,0,1.3125,-1.2421875,-2.5546875,0.9278878569602966,0.07211221009492874,True
5.177.H,5.177,H,Qual cantor faz shows em Spa? Zeca Pragordinho.,1,1,-2.0625,1.609375,3.671875,0.024798158556222916,0.9752018451690674,True
5.663.H,5.663,H,Por que tem eleição no mundo das aves? Porque a gaivota.,1,1,-0.734375,0.1669921875,0.9013671875,0.28876960277557373,0.7112303972244263,True
5.2559.N,5.2559,N,Qual é o cantor que tá sempre na cena de um crime? Benito de Paula.,0,0,2.515625,-2.359375,-4.875,0.9924227595329285,0.0075772409327328205,True
5.1601.N,5.1601,N,Qual filme conta a história do filho do Shrek? Shrek 3.,0,0,-0.08203125,-0.60546875,-0.5234375,0.6279512047767639,0.3720487952232361,True
5.2609.H,5.2609,H,O que o anão estava fazendo com a bola de futebol? Embaixadinhas.,1,0,0.2255859375,-0.46875,-0.6943359375,0.6669307947158813,0.33306920528411865,False
4.442.N,4.442,N,O que é que os bebés já fazem aos 12 meses? Falar.,0,0,1.9765625,-1.90625,-3.8828125,0.9798226952552795,0.020177319645881653,True
5.2468.H,5.2468,H,Qual é o Rapper que toca sempre as mesmas músicas? Rappertido.,1,1,-2.171875,1.65625,3.828125,0.021287353709340096,0.9787126779556274,True
5.3709.N,5.3709,N,Qual é o personagem do Chaves que representa a bondade encarnada? Chaves.,0,0,2.5,-2.375,-4.875,0.9924227595329285,0.0075772409327328205,True
5.2323.H,5.2323,H,Qual tipo de piada geralmente é feito entre dois homens pelados? Troca-trocadilho.,1,0,0.427734375,-0.828125,-1.255859375,0.7783125042915344,0.22168749570846558,False
4.160.N,4.160,N,O que diz uma banana suicida? Macacos me comam!,0,0,0.40625,-0.75,-1.15625,0.760650634765625,0.2393493503332138,True
5.1861.H,5.1861,H,Qual é o biscoito preferido da filha da fazendeira? A mãe tem gado.,1,0,-0.1162109375,-0.515625,-0.3994140625,0.5985468626022339,0.4014531373977661,False
5.3987.H,5.3987,H,"Qual artista pop era porco, gordo, mas era irresistível? Baicon Jackson.",1,1,-2.09375,1.2421875,3.3359375,0.034358687698841095,0.9656413197517395,True
5.537.H,5.537,H,Onde se guardam as pequenas coisas? No armário da Coizinha.,1,1,-1.5078125,1.0234375,2.53125,0.07369626313447952,0.9263036847114563,True
5.442.N,5.442,N,Qual o salgadinho favorito dos torcedores do Flamengo? Ruffles.,0,0,1.875,-1.7734375,-3.6484375,0.974628746509552,0.025371311232447624,True
4.534.H,4.534,H,Qual é a rádio mais ouvida ao pequeno-almoço? É a Rádio Comer-cereal.,1,1,-2.046875,1.1953125,3.2421875,0.03760863095521927,0.9623913168907166,True
5.3581.N,5.3581,N,Qual pintor gosta de pintar os personagens de Toy Story usando cores bem vivas? O Andy Warhol.,0,0,2.5,-2.203125,-4.703125,0.9910145401954651,0.008985428139567375,True
5.1249.N,5.1249,N,Por que o veganismo é a política de Estado na Bolívia? Para ninguém comer carne.,0,0,1.015625,-1.3125,-2.328125,0.9111796617507935,0.08882028609514236,True
4.627.H,4.627,H,Um homem teve um filho nos Estados Unidos. Qual é o filme? American Pai.,1,1,-2.265625,1.359375,3.625,0.02595735900104046,0.9740425944328308,True
4.489.N,4.489,N,Hoje de manhã consegui empilhar catorze panquecas . Aquilo é que foi um pequeno-almoço grande.,0,0,0.54296875,-1.0390625,-1.58203125,0.8294920325279236,0.17050801217556,True
5.2743.N,5.2743,N,Qual o animal que sempre tá de brinks? Suricato,0,1,-1.7890625,1.0390625,2.828125,0.05582314357161522,0.9441768527030945,False
3.3.H,3.3,H,Por que um policial estava interrogando um saco de cimento? Porque ele queria informações concretas.,1,0,1.28125,-1.34375,-2.625,0.9324532747268677,0.06754669547080994,False
4.95.H,4.95,H,Qual é a única profissão que necessita de uma mãozinha para trabalhar? É a manicure.,1,0,2.421875,-2.21875,-4.640625,0.9904406070709229,0.00955939944833517,False
5.1059.N,5.1059,N,"Meu celular quebrou em várias partes . Do que eu preciso? De uma bactéria, porque ela conserta celular.",0,0,0.091796875,-0.419921875,-0.51171875,0.6252092719078064,0.3747907280921936,True
5.2099.H,5.2099,H,Qual é o local religioso preferido dos jogadores de basquete? O Vaquicano ,1,1,-2.28125,1.5546875,3.8359375,0.021125193685293198,0.9788748621940613,True
5.3664.N,5.3664,N,Em qual faculdade o negão só entrava pelado? Nutrição.,0,0,2.5,-2.578125,-5.078125,0.9938070178031921,0.006192990578711033,True
5.1861.N,5.1861,N,Qual o super herói que gosta de ver pessoas transando? Wolverine.,0,0,2.75,-2.671875,-5.421875,0.9956005811691284,0.004399412777274847,True
5.778.N,5.778,N,Por que o cara que não fazia exercícios prestou odonto? Pra ser dentista.,0,0,1.84375,-1.703125,-3.546875,0.9719924926757812,0.028007520362734795,True
5.3848.H,5.3848,H,Qual dublador tbm é psicólogo? Freud Mascarenhas.,1,1,-1.8984375,1.3984375,3.296875,0.035678546875715256,0.9643214344978333,True
5.3431.H,5.3431,H,Qual cidade espanhola preferida pelo Faustão ? Sevilha nos Trinta.,1,1,-1.9375,1.1171875,3.0546875,0.04501552879810333,0.9549844264984131,True
5.62.H,5.62,H,Qual é a atriz que só usa roupa da Zara? Taís Zarauso.,1,1,-2.375,1.578125,3.953125,0.018833130598068237,0.9811668992042542,True
4.59.N,4.59,N,"Estão dois pontos a comerem-se, vira-se um: olha lá isto é sério ou é um caso?",0,0,0.48046875,-0.89453125,-1.375,0.7981867790222168,0.2018132209777832,True
5.54.N,5.54,N,Qual é o personagem histórico que fui eu que indiquei? Simone de Beauvoir.,0,0,2.3125,-2.359375,-4.671875,0.9907320141792297,0.009268013760447502,True
5.2069.H,5.2069,H,Os imperador inca decretou que as lhamas seriam os únicos animais permitidos em Machu Picchu. Qual é o nome do filme? O Império Contra a Alpaca ,1,1,-1.734375,1.109375,2.84375,0.05500528961420059,0.9449946880340576,True
4.751.H,4.751,H,"Como correu a primeira final de sempre da Liga dos Campeões com patos? Foi bem dispatada, cheia de quacks da bola e acabou empatada.",1,1,-1.453125,0.5859375,2.0390625,0.11516222357749939,0.8848377466201782,True
5.169.N,5.169,N,Em qual programa o Sílvio Santos exagera no laquê? Todos.,0,0,2.28125,-2.171875,-4.453125,0.9884918928146362,0.011508149094879627,True
5.1802.H,5.1802,H,Qual é o celular dos veganos? Aipo ne,1,1,-2.140625,1.125,3.265625,0.03676946461200714,0.963230550289154,True
5.2845.N,5.2845,N,Uma mulher sofre de diarreia crônica . Qual o nome da novela? Maria do Bairro,0,1,-0.8515625,0.439453125,1.291015625,0.21568095684051514,0.7843190431594849,False
5.785.H,5.785,H,Como se chama a mãe que cozinha bem? Mãesterchef.,1,1,-2.296875,1.4296875,3.7265625,0.023509450256824493,0.9764904975891113,True
5.2016.N,5.2016,N,Que cantora queria comer formiga? A TamanDua Lipa,0,1,-2.109375,1.2265625,3.3359375,0.034358687698841095,0.9656413197517395,False
4.428.H,4.428,H,Eu sempre quis comprar um cavalo. Por isso fui a uma quinta e pedi um horsamento.,1,1,-1.6171875,0.94140625,2.55859375,0.07185126841068268,0.9281486868858337,True
5.2894.H,5.2894,H,Por que os musicos gostam de tocar a luz de velas? Parafinar os instrumentos ,1,1,-1.0078125,0.6171875,1.625,0.16451644897460938,0.8354835510253906,True
4.595.N,4.595,N,Para que servem óculos verdes? Para ver ao perto.,0,0,0.76953125,-1.0703125,-1.83984375,0.8629302382469177,0.13706977665424347,True
5.3526.N,5.3526,N,O que fez o garçom militar? Abandonou o exército.,0,0,1.78125,-1.5703125,-3.3515625,0.966156005859375,0.03384403511881828,True
5.2393.N,5.2393,N,Qual é o canal infantil que só transmite desenho de carro? Car Tum Network.,0,1,-2.125,1.1640625,3.2890625,0.03594832122325897,0.9640516638755798,False
4.425.H,4.425,H,"Qual é o cão mais fixe? O Dálmata, porque tem muita pinta.",1,0,0.34375,-0.6953125,-1.0390625,0.7386690378189087,0.26133090257644653,False
5.1832.N,5.1832,N,Qual antigo líder alemão é a inspiração do Pelé? Kai-kaiser.,0,1,-2.171875,1.359375,3.53125,0.02843603305518627,0.971563994884491,False
5.1332.N,5.1332,N,Por que o nerd pediu a calculadora em exame? Porque ela dava valor.,0,0,0.283203125,-1.078125,-1.361328125,0.7959754467010498,0.2040245532989502,True
5.153.N,5.153,N,Por que o óculos foi deixado na escada? Porque era um óculos perdido.,0,0,-0.166015625,-0.22265625,-0.056640625,0.5141563415527344,0.4858436584472656,True
4.313.H,4.313,H,Já abriu a nova discoteca para gatos. Chama-se Barra-cão.,1,1,-2.0,1.328125,3.328125,0.034618835896253586,0.9653811454772949,True
4.362.N,4.362,N,"Uma família estava perdida no deserto há mais de dois meses, até que encontraram um rio onde todos tomaram banho, exceto a avó . Qual é o problema? A avó precisa de ajuda.",0,0,2.546875,-2.40625,-4.953125,0.9929881691932678,0.007011794485151768,True
5.2689.N,5.2689,N,Renata voltou do médico com o braço furado . Qual é o acontecimento histórico? Guerra de canudos.,0,0,1.5625,-1.640625,-3.203125,0.9609517455101013,0.039048295468091965,True
4.382.H,4.382,H,Porque é que o motociclista chegou atrasado ao trabalho? Porque saiu de casa motard.,1,1,-1.9453125,1.0703125,3.015625,0.04672495648264885,0.9532750844955444,True
4.481.H,4.481,H,Porque é que o corcunda de Notre-Dame não seguiu a carreira de advogado? Porque nunca conseguiu estudar direito.,1,0,2.25,-2.03125,-4.28125,0.9863631129264832,0.013636834919452667,False
5.3111.N,5.3111,N,O que o Galvão falou para um pássaro? Vai que é tua...Taffarel!,0,1,-2.03125,1.21875,3.25,0.037326883524656296,0.9626730680465698,False
4.348.H,4.348,H,O que é que os bonecos de neve costumam pôr no leite? Flocos.,1,0,2.0625,-1.9453125,-4.0078125,0.9821512699127197,0.01784873753786087,False
5.3946.H,5.3946,H,O quê o seu Madruga usa pra tomar banho? A bucha do 71.,1,1,-1.1328125,0.6875,1.8203125,0.13939638435840607,0.8606036305427551,True
4.170.N,4.170,N,Qual é o jogo preferido das crianças? O futebol.,0,0,2.65625,-2.5,-5.15625,0.9942697286605835,0.005730246193706989,True
5.1971.N,5.1971,N,Qual padre que toda vez eu vejo tenho ejaculação precoce? Marcelo Rossi.,0,0,2.375,-2.3125,-4.6875,0.9908744096755981,0.00912563782185316,True
5.1025.H,5.1025,H,Quem financiou o Ben 10? O BNDEZ,1,0,0.80859375,-1.1953125,-2.00390625,0.8812065720558167,0.11879339814186096,False
5.2422.N,5.2422,N,Por que em Campinas as pessoas não falam as coisas na lata? Porque lá é impossível fazer algo sem rodeios.,0,0,0.1806640625,-0.55078125,-0.7314453125,0.6751223802566528,0.32487764954566956,True
5.3546.N,5.3546,N,Qual o seriado de tv do cara que sempre quer um pouco da comida dos outros? Kennan e Kel!,0,0,0.62109375,-1.03125,-1.65234375,0.8392075896263123,0.16079244017601013,True
5.232.N,5.232,N,Qual é o perfume do zagueiro ruim? Armani.,0,0,2.390625,-2.25,-4.640625,0.9904406070709229,0.00955939944833517,True
4.59.H,4.59,H,"Estão dois pontos a comerem-se, vira-se um: olha lá isto é sério ou é um caso pontual?",1,0,0.466796875,-0.67578125,-1.142578125,0.7581526637077332,0.24184733629226685,False
4.739.H,4.739,H,Para a semana vou organizar uma festa para pessoas com dificuldade em atingir o clímax. Avisem-me se não conseguirem vir.,1,0,0.5,-0.83203125,-1.33203125,0.791176438331604,0.20882359147071838,False
5.2141.N,5.2141,N,Por que tiraram a jogadora de vôlei do time após fazer o ponto? Porque foi machucada,0,0,2.609375,-2.46875,-5.078125,0.9938070178031921,0.006192990578711033,True
5.1288.H,5.1288,H,Qual atriz gosta de chocolate? Fernanda DiaMontenegro.,1,1,-2.3125,1.625,3.9375,0.01912403479218483,0.9808759689331055,True
4.149.N,4.149,N,Que nome se dá a uma irritação cutânea no rabo? Prurido anal.,0,1,-2.203125,1.5703125,3.7734375,0.022457053884863853,0.9775429368019104,False
5.1223.H,5.1223,H,Qual parte do corpo nunca está acordada? Abidorme.,1,1,-2.21875,1.3671875,3.5859375,0.026963500306010246,0.973036527633667,True
5.1591.N,5.1591,N,Qual é o filme em que um salgado lidera um exército em busca da vitória? Juno.,0,0,1.71875,-1.7265625,-3.4453125,0.9690910577774048,0.03090895712375641,True
5.3364.H,5.3364,H,O que os homens em Rio Branco costumam beber? Conhacre.,1,1,-2.265625,1.4140625,3.6796875,0.024609927088022232,0.9753900170326233,True
4.125.H,4.125,H,O que é que os russos dizem quando mandam uma bola ao cão? Babushka!,1,0,-0.03125,-0.5859375,-0.5546875,0.6352224349975586,0.364777535200119,False
4.454.H,4.454,H,Que dor sente um homem sem um braço? Dor de coto vê-lo.,1,1,-1.765625,0.97265625,2.73828125,0.06075190007686615,0.9392480850219727,True
4.413.N,4.413,N,A minha mulher surda trocou-me por outro homem . Devia ter percebido os avisos ...,0,0,0.7421875,-0.9375,-1.6796875,0.842863142490387,0.15713685750961304,True
4.159.N,4.159,N,Qual é o elemento químico mais comum na tabela periódica ? O tungsténio .,0,1,-1.6953125,0.8671875,2.5625,0.07159119844436646,0.9284088015556335,False
5.871.N,5.871,N,Por que o construtor virou comunista depois que se deparou com um prego tão duro que destruiu seu equipamento de trabalho? Porque estragou o martelo.,0,0,0.6875,-0.98046875,-1.66796875,0.8413047790527344,0.15869519114494324,True
4.454.N,4.454,N,Que dor sente um homem com um braço? Dor de cotovelo.,0,0,2.453125,-2.1875,-4.640625,0.9904406070709229,0.00955939944833517,True
5.2300.N,5.2300,N,Por que as pessoas estavam testando comidas dentro do ônibus? Porque era um teste do Fantástico.,0,0,0.390625,-1.0546875,-1.4453125,0.8092760443687439,0.19072401523590088,True
5.984.H,5.984,H,Levei meu carro na feira ao invés de levar para a oficina. Qual é o nome do filme? Laranja Mecânica.,1,0,1.6171875,-1.5859375,-3.203125,0.9609517455101013,0.039048295468091965,False
5.3601.H,5.3601,H,Qual cantora que mais tem acnes? Britney Espinhas.,1,1,-2.34375,1.6953125,4.0390625,0.017309093847870827,0.9826908707618713,True
4.413.H,4.413,H,A minha mulher surda trocou-me por outro homem. Devia ter percebido os sinais...,1,0,0.80078125,-0.94921875,-1.75,0.8519527316093445,0.14804719388484955,False
5.1982.H,5.1982,H,Quem cuida da documentação na floresta? O Tabeleão ,1,0,1.125,-1.1875,-2.3125,0.9099069833755493,0.09009299427270889,False
4.708.N,4.708,N,Qual é a cantora preferida dos cirurgiões? É a Mariza.,0,0,1.875,-1.9609375,-3.8359375,0.9788748621940613,0.021125193685293198,True
5.3595.N,5.3595,N,Qual o chinelo mais vendido em Salvador? Havaianas.,0,0,2.578125,-2.25,-4.828125,0.992061972618103,0.007937993854284286,True
5.1690.H,5.1690,H,Por que o canoísta Isaquias Queiroz foi convidado para ir pro espaço? Porque ele é um astronáutico,1,0,2.390625,-2.171875,-4.5625,0.9896718263626099,0.01032815221697092,False
4.594.N,4.594,N,Porque é que o professor de matemática se suicidou? Tinha muitos problemas.,0,0,2.09375,-1.9140625,-4.0078125,0.9821512699127197,0.01784873753786087,True
4.352.H,4.352,H,Qual é a diferença entre um boneco de neve e uma boneca de neve? As bolas de neve.,1,0,1.7421875,-1.6875,-3.4296875,0.9686195850372314,0.03138042986392975,False
5.4009.H,5.4009,H,Qual o nome da menina que você deveria investir ? Valeria Pena.,1,1,-1.953125,1.28125,3.234375,0.0378924235701561,0.9621075391769409,True
4.55.N,4.55,N,O que é um omo? É um sabão em pó com o qual se lavam as partes íntimas.,0,0,0.4375,-0.70703125,-1.14453125,0.7585106492042542,0.24148939549922943,True
4.381.H,4.381,H,O que acontece quando metes um tomate no micro-ondas? Entalas o outro.,1,1,-0.48046875,0.185546875,0.666015625,0.3393895924091339,0.6606104373931885,True
5.3703.H,5.3703,H,Que atriz trabalha como lixeira? Tony Colete.,1,1,-2.21875,1.53125,3.75,0.022977368906140327,0.977022647857666,True
5.240.N,5.240,N,O moço nao estava se sentindo bem . O que ele tinha? Azia.,0,0,2.453125,-2.15625,-4.609375,0.9901401400566101,0.00985985528677702,True
5.1503.N,5.1503,N,O gaúcho não achava o seu carro no estacionamento . Qual o modelo do carro? Miura!,0,0,0.2255859375,-0.99609375,-1.2216796875,0.7723590135574341,0.22764098644256592,True
5.2142.N,5.2142,N,Por que os jogadores de vôlei estão sempre no foco da notícia? Porque eles são bons na ataque,0,1,-1.4140625,1.0234375,2.4375,0.08035746961832047,0.9196425676345825,False
5.217.H,5.217,H,O que usam para fazer as bonecas Barbie? Aparelho de barbear.,1,0,2.5625,-2.328125,-4.890625,0.9925393462181091,0.007460643071681261,False
5.2166.H,5.2166,H,Qual cantor era lobisomem? O uiWando ,1,1,-2.21875,1.2265625,3.4453125,0.03090895712375641,0.9690910577774048,True
5.3045.N,5.3045,N,""" Por que a pessoa não paga pelo absorvente? Porque "" "" quer de graça "" "" . """,0,0,0.515625,-0.83984375,-1.35546875,0.7950222492218018,0.20497773587703705,True
5.1059.H,5.1059,H,"Meu celular quebrou em várias partes. Do que eu preciso?  De uma bactéria, porque ela unicelular.",1,1,-1.265625,0.5625,1.828125,0.13846179842948914,0.8615382313728333,True
5.211.H,5.211,H,Qual é o urso que muda de opinião toda hora? Urso Bipolar.,1,0,0.85546875,-0.9765625,-1.83203125,0.86200350522995,0.13799647986888885,False
4.508.N,4.508,N,O que é a disfunção eréctil? É a incapacidade de sentir atração pelos candidatos.,0,0,0.96875,-1.2578125,-2.2265625,0.9026095867156982,0.09739039093255997,True
5.2820.H,5.2820,H,Cantora que sempre fez dieta? Elis Regime ,1,1,-2.265625,1.5390625,3.8046875,0.02178117260336876,0.9782188534736633,True
5.137.N,5.137,N,"Se o Kid Bengala fosse um personagem da Caverna do Dragão, quem o ajudaria a voltar para casa? Mestre dos Magos.",0,0,2.4375,-2.390625,-4.828125,0.992061972618103,0.007937993854284286,True
5.2074.H,5.2074,H,Qual o cantor que nunca deixa a mulher sair sozinha? Milton Naciumento ,1,1,-2.25,1.578125,3.828125,0.021287353709340096,0.9787126779556274,True
4.342.H,4.342,H,Qual é o contrário de menu? Youvestido.,1,1,-1.953125,1.2265625,3.1796875,0.03993731737136841,0.9600626826286316,True
5.248.N,5.248,N,Qual foi o dinossauro mais zoeiro que existiu? Velociraptor.,0,1,-1.953125,1.1640625,3.1171875,0.04240383207798004,0.9575962424278259,False
5.3211.N,5.3211,N,Qual o ator favorito do Thor? Christopher Hemsworth.,0,0,2.21875,-2.125,-4.34375,0.9871788024902344,0.012821213342249393,True
5.1599.H,5.1599,H,Qual é o nome da loja do músico veterinário? Trom Pet.,1,1,-1.4609375,1.0234375,2.484375,0.07696084678173065,0.9230391979217529,True
5.2351.N,5.2351,N,Qual é o árbitro que expulsa as pessoas e elas nunca mais podem voltar? O bandeirinha.,0,0,1.859375,-1.765625,-3.625,0.9740425944328308,0.02595735900104046,True
5.521.N,5.521,N,Qual ator que peida tão alto que ressoa? Francisco Xavier.,0,0,2.5625,-2.453125,-5.015625,0.9934101700782776,0.006589770782738924,True
5.3011.N,5.3011,N,Qual animal gosta de ensinar? Panda.,0,0,2.265625,-2.171875,-4.4375,0.9883127808570862,0.011687257327139378,True
5.1807.H,5.1807,H,Qual animal é cabeleireiro? Serpente,1,0,2.375,-2.25,-4.625,0.9902915358543396,0.009708477184176445,False
5.1279.H,5.1279,H,Qual ator mirim não escova os dentes? MaCarie Culkin.,1,1,-1.796875,0.9453125,2.7421875,0.06052938848733902,0.9394705891609192,True
5.1684.H,5.1684,H,Qual cantor odeia a pia cheia? Caetano vê louça,1,1,-1.9375,1.4140625,3.3515625,0.03384403511881828,0.966156005859375,True
4.90.N,4.90,N,"Como é que se diz "" copia bem "" em inglês? Copy & paste.",0,0,1.578125,-1.4765625,-3.0546875,0.9549844264984131,0.04501552879810333,True
5.2951.H,5.2951,H,Qual é o personagem de Chaves que gosta de ficar rodando dildos? O Professor Gira Falos. ,1,1,-2.203125,1.3828125,3.5859375,0.026963500306010246,0.973036527633667,True
4.63.N,4.63,N,O que é que se faz num velório de lésbicas? Um minuto de silêncio.,0,0,1.7734375,-1.578125,-3.3515625,0.966156005859375,0.03384403511881828,True
5.283.N,5.283,N,O que o coveiro disse quando pediram a ele para gerenciar o cemitério? Isso não é da minha alçada.,0,0,1.4609375,-1.640625,-3.1015625,0.9569571614265442,0.04304284602403641,True
5.3434.H,5.3434,H,Por que o Faustão quer que você coloque o Plinio no seu devido lugar? Pra que tu reclames do Plinplin.,1,1,-1.9765625,1.3203125,3.296875,0.035678546875715256,0.9643214344978333,True
4.562.N,4.562,N,Em que estado se encontra o rio Mississipi? No estado Minnessota.,0,1,-2.109375,1.4375,3.546875,0.028007520362734795,0.9719924926757812,False
5.2616.H,5.2616,H,Qual ator sempre dá tudo de si? Doei-me Johnson.,1,1,-2.328125,1.4296875,3.7578125,0.02280263416469097,0.9771973490715027,True
4.482.H,4.482,H,"O homem já vivei no período Paleolítico, no Mesolítico, no Neolítico... A avaliar pelo stress com que eu ando, devemos estar agora no Ansiolítico.",1,1,-1.1796875,0.486328125,1.666015625,0.1589561253786087,0.8410438895225525,True
4.698.H,4.698,H,Qual é a semelhança entre o sol e um avô? Ambos fazem qualquer coisa planeta.,1,1,-1.40625,0.87109375,2.27734375,0.09301679581403732,0.9069831967353821,True
4.742.H,4.742,H,O que teria acontecido se Adão e Eva fossem canibais? A Eva teria comido a maçã-de-adão.,1,1,-0.6484375,0.1611328125,0.8095703125,0.30798202753067017,0.6920179128646851,True
4.634.N,4.634,N,"Por que é que a apresentadora do Querido, Mudei a Casa foi para o hospital? Porque tinha um problema renal.",0,0,2.1875,-1.9921875,-4.1796875,0.9849274158477783,0.015072627924382687,True
5.2511.N,5.2511,N,Qual é a série que conta a história de um anfíbio no alto do Everest? A escalada do sapo.,0,0,1.1953125,-1.359375,-2.5546875,0.9278878569602966,0.07211221009492874,True
5.358.H,5.358,H,Qual cidade incentiva o uso do tato? Toque-o.,1,0,0.859375,-0.99609375,-1.85546875,0.8647679686546326,0.1352320909500122,False
5.704.N,5.704,N,Qual cerveja é comum nos navios? Brahma.,0,0,2.5,-2.421875,-4.921875,0.9927672147750854,0.007232763804495335,True
4.536.N,4.536,N,Porque é que o génio recebeu um prémio Nobel? Porque foi o que mais se destacou no seu campo.,0,0,0.53125,-0.9140625,-1.4453125,0.8092760443687439,0.19072401523590088,True
4.611.N,4.611,N,"Como se diz "" tripa de boi "" em português? Intestino delgado.",0,0,1.859375,-1.5234375,-3.3828125,0.9671630263328552,0.03283695876598358,True
5.1311.H,5.1311,H,Qual cantor sertanejo faliu? Luan Sengrana.,1,1,-1.7265625,1.1328125,2.859375,0.0541987270116806,0.9458011984825134,True
5.3011.H,5.3011,H,Qual animal gosta de ensinar? LargaTeacher.,1,1,-2.359375,1.5859375,3.9453125,0.01897803694009781,0.9810219407081604,True
5.28.H,5.28,H,Qual é a modelo mais gorda que existe? XL Bündchen.,1,1,-1.0234375,0.361328125,1.384765625,0.2002447247505188,0.799755334854126,True
5.2912.N,5.2912,N,Qual é o prato de carne branca que nenhum cozinheiro acerta? Porco,0,0,2.71875,-2.71875,-5.4375,0.9956685304641724,0.004331502132117748,True
4.600.N,4.600,N,O que são quatro pontos pretos no chão? Formigas.,0,0,2.09375,-1.875,-3.96875,0.9814534187316895,0.018546564504504204,True
5.2972.H,5.2972,H,Qual a marca de roupa preferida dos esquilos? Alvin Klein.,1,0,2.078125,-1.8984375,-3.9765625,0.9815951585769653,0.018404891714453697,False
4.229.N,4.229,N,A minha amiga asiática ficou doente . Mas eu salvei-a.,0,0,0.80078125,-1.1484375,-1.94921875,0.875361442565918,0.12463857978582382,True
4.276.N,4.276,N,Uma mulher tropeça e cai em cima de um cão . Qual é o filme? Senta em um cão.,0,0,1.1953125,-1.375,-2.5703125,0.9289263486862183,0.07107367366552353,True
5.871.H,5.871,H,Por que o construtor virou comunista depois que se deparou com um prego tão duro que destruiu seu equipamento de trabalho? Porque foice o martelo.,1,1,-0.55078125,0.328125,0.87890625,0.2934044897556305,0.7065955400466919,True
5.239.H,5.239,H,O que o cantor sertanejo foi fazer no RH? Foi ser demitido por justa calça.,1,1,-1.5625,0.80078125,2.36328125,0.08601587265729904,0.9139840602874756,True
5.230.H,5.230,H,Qual é o ator que admira um dia ensolarado e sem nuvens? Céu Tão Belo.,1,1,-1.40625,1.03125,2.4375,0.08035746961832047,0.9196425676345825,True
5.1869.N,5.1869,N,Qual a doença mais bonita que existe? Sarda.,0,0,1.9609375,-1.796875,-3.7578125,0.9771973490715027,0.02280263416469097,True
5.58.N,5.58,N,O que o judeu passa no corpo quanto está com dor? Cataflan.,0,1,-0.99609375,0.5546875,1.55078125,0.17497345805168152,0.8250265121459961,False
5.285.N,5.285,N,Qual personagem carnavalesco não é esquecido? Rei Momo,0,0,2.578125,-2.390625,-4.96875,0.9930961728096008,0.006903838366270065,True
5.266.N,5.266,N,Qual número gosta de rádio? 14.,0,0,1.3984375,-1.640625,-3.0390625,0.954308032989502,0.04569203034043312,True
4.477.H,4.477,H,"Perguntei a um francês se jogava videojogos. ""Wii"".",1,0,1.8515625,-1.75,-3.6015625,0.9734434485435486,0.02655657008290291,False
5.610.H,5.610,H,Qual o nome que se da a gestação de 10 bebês ao msm tempo? Gravidez!,1,0,2.59375,-2.609375,-5.203125,0.9945307374000549,0.005469274241477251,False
5.840.H,5.840,H,Qual filme do Eddie Murphy ocupa muita memória? 1 tera da pesada.,1,1,-2.09375,1.3203125,3.4140625,0.03185885772109032,0.9681411385536194,True
5.3115.H,5.3115,H,Por que o fazendeiro ficou pobre depois de ir ao banheiro? Porque o intestino deu o gado.,1,1,-1.6171875,1.0703125,2.6875,0.06371499598026276,0.9362850189208984,True
5.1486.H,5.1486,H,Qual gata que entrou e logo depois saiu do chat? Hello Kitty.,1,0,1.453125,-1.546875,-3.0,0.9525741338729858,0.04742587357759476,False
5.392.H,5.392,H,Qual apresentador jogava basquete? Chacrinha O'Neal,1,1,-1.4765625,1.1015625,2.578125,0.07055959850549698,0.929440438747406,True
5.152.H,5.152,H,Por que antigamente o Brasil era mais cheiroso? Porque era colônia.,1,1,-0.96875,0.498046875,1.466796875,0.18742996454238892,0.8125700354576111,True
4.400.N,4.400,N,Que nome se dá a um professor com os dentes grandes? Professor.,0,0,2.53125,-2.53125,-5.0625,0.9937100410461426,0.006289901677519083,True
5.2813.N,5.2813,N,Qual instrumento leva os dentistas à morte? Faca,0,0,2.359375,-2.15625,-4.515625,0.9891815781593323,0.010818447917699814,True
5.16.N,5.16,N,Para onde as pulgas vão quando morrem? Para o céu.,0,0,1.9765625,-1.7421875,-3.71875,0.9763104915618896,0.023689469322562218,True
5.2217.H,5.2217,H,Que terapeuta bebe todo dia? Psicólatra ,1,0,1.859375,-1.7890625,-3.6484375,0.974628746509552,0.025371311232447624,False
4.149.H,4.149,H,Que nome se dá a uma irritação cutânea no rabo? Cumichão.,1,1,-2.234375,1.5546875,3.7890625,0.022116588428616524,0.9778834581375122,True
5.3548.N,5.3548,N,Qual a empresa especializada na remoção de carpetes? Tira-carpetes.,0,1,-0.2001953125,-0.1298828125,0.0703125,0.4824291169643402,0.5175709128379822,False
5.94.N,5.94,N,Qual o material bélico mais carente? Nenhum.,0,0,2.0,-1.9296875,-3.9296875,0.980728805065155,0.019271135330200195,True
5.1297.H,5.1297,H,Qual candidato é doador de órgãos? Cabo dá seu olho.,1,1,-1.8671875,1.28125,3.1484375,0.041152890771627426,0.9588471055030823,True
5.2687.H,5.2687,H,Qual é a banda que não toca em esferas nem em cones? Incubus,1,1,-0.408203125,-0.006805419921875,0.401397705078125,0.40097659826278687,0.5990234613418579,True
5.1073.H,5.1073,H,"Qual filme conta a história do casal mais perdido do mundo em ação? ""Procurando; né, mô?""",1,1,-0.330078125,0.0380859375,0.3681640625,0.4089847207069397,0.5910152792930603,True
5.266.H,5.266,H,Qual número gosta de rádio? O 20.,1,0,1.609375,-1.71875,-3.328125,0.9653811454772949,0.034618835896253586,False
5.153.H,5.153,H,Por que o óculos foi deixado na escada? Porque era um óculos degrau.,1,1,-1.65625,0.90625,2.5625,0.07159119844436646,0.9284088015556335,True
5.1524.N,5.1524,N,Como se chamava o cara que roubava discos do Exaltasamba? Claptonmaníaco.,0,1,-1.984375,1.609375,3.59375,0.026759283617138863,0.9732407331466675,False
5.261.N,5.261,N,Qual é o cantor que se suicidou? Frank Sinatra.,0,0,2.546875,-2.34375,-4.890625,0.9925393462181091,0.007460643071681261,True
5.1593.H,5.1593,H,Qual é o filme da Xuxa que se passa em um hospital? Xuxa e os Doentes.,1,0,0.796875,-1.125,-1.921875,0.872347354888916,0.1276526302099228,False
5.681.H,5.681,H,Qual matéria da escola pode machucar? Tabuada.,1,1,-1.4375,0.91796875,2.35546875,0.08663206547498703,0.9133679866790771,True
5.3848.N,5.3848,N,Qual dublador tbm é psicólogo? Charles Emmanuel.,0,1,-1.7890625,0.79296875,2.58203125,0.07030384242534637,0.9296960830688477,False
5.1791.H,5.1791,H,Qual é o nome do motorista de transporte escolar que está sempre atrasado? Van delay,1,1,-2.375,1.3984375,3.7734375,0.022457053884863853,0.9775429368019104,True
5.1872.N,5.1872,N,Qual o nome do programa de quem tem pele mole? Bro Show.,0,1,-1.78125,1.0234375,2.8046875,0.05707139894366264,0.9429286122322083,False
5.1736.N,5.1736,N,Qual é a cantora favorita do Tony Hawk? Lady Gaga.,0,0,2.109375,-2.0,-4.109375,0.9838472008705139,0.01615283451974392,True
5.1088.N,5.1088,N,Qual cidade vive resfriada? Alegrete,0,0,1.4375,-1.4921875,-2.9296875,0.9492946267127991,0.05070536211133003,True
4.141.H,4.141,H,Qual é a sobremesa mais popular na Rússia? O Putin flan.,1,1,-1.9296875,1.375,3.3046875,0.03541072830557823,0.9645892381668091,True
5.1398.N,5.1398,N,Qual é o carro em que todo mundo gosta de comemorar o aniversário? A limosine.,0,1,-1.3671875,0.68359375,2.05078125,0.1139734610915184,0.8860265612602234,False
4.150.N,4.150,N,Qual é a temperatura de um leão morto? 37º. Porque ele é um mamífero.,0,0,1.8515625,-1.7421875,-3.59375,0.9732407331466675,0.026759283617138863,True
5.2567.H,5.2567,H,Por que a lata de cerveja foi se benzer? Porque ela tinha sido a malte suada.,1,1,-2.0,1.3125,3.3125,0.03514484688639641,0.9648551344871521,True
5.2824.H,5.2824,H,Como o Batman dorme? De Bruce,1,1,-1.4765625,0.8984375,2.375,0.08509904891252518,0.9149009585380554,True
5.1870.H,5.1870,H,Que médico só trabalha dentro de casa? Indoorcrinologista ,1,1,-2.09375,1.3984375,3.4921875,0.029535338282585144,0.9704646468162537,True
5.724.N,5.724,N,Por que o 14 é melhor que o 15? Porque ele é menor.,0,0,1.1953125,-1.484375,-2.6796875,0.9358173608779907,0.06418263912200928,True
4.599.H,4.599,H,Acabei de encomendar duas fatias de pão na internet. São da Wish.,1,0,0.10546875,-0.578125,-0.68359375,0.6645402908325195,0.3354596793651581,False
5.1998.H,5.1998,H,Qual é o animal que mais suja crianças? Guache nim ,1,1,-2.53125,1.578125,4.109375,0.01615283451974392,0.9838472008705139,True
5.639.H,5.639,H,Qual é o caranguejo que só sai à noite? O guaia moon.,1,1,-2.0625,1.203125,3.265625,0.03676946461200714,0.963230550289154,True
5.2894.N,5.2894,N,Por que os musicos gostam de tocar a luz de velas? Para criar um clima com os instrumentos,0,0,1.1875,-1.25,-2.4375,0.9196425676345825,0.08035746961832047,True
4.672.H,4.672,H,Qual é o melhor óleo para lubrificar o sexo? Óleo Need Is Love.,1,1,-2.109375,1.21875,3.328125,0.034618835896253586,0.9653811454772949,True
4.280.H,4.280,H,Qual é o animal mais religioso? É o Papa-formigas.,1,0,-0.059814453125,-0.2060546875,-0.146240234375,0.5364950895309448,0.46350497007369995,False
5.1766.H,5.1766,H,O que acontece quando Dani Rojas fica atirando pelas costas? Uma Dani ficada no rabo do adversário. ,1,1,-1.8828125,1.03125,2.9140625,0.05146276578307152,0.9485372304916382,True
4.728.H,4.728,H,Que nome se dá a uma gorda atrativa? Bomba calórica.,1,0,1.859375,-1.8125,-3.671875,0.9752018451690674,0.024798158556222916,False
5.1444.H,5.1444,H,Como eu sabia que a gasolina era batizada? Por que quem me atendeu era um frei tista.,1,1,-1.96875,1.125,3.09375,0.043365802615880966,0.9566342234611511,True
4.17.H,4.17,H,Em que local do planeta se encontram mais leprosos? Nas ilhas Caimão.,1,1,-2.109375,1.265625,3.375,0.033085983246564865,0.9669140577316284,True
5.2435.H,5.2435,H,Quais jogadores de basquete fundaram Brasília? Kobe e Shaq.,1,1,-0.625,0.236328125,0.861328125,0.2970619201660156,0.7029380798339844,True
4.474.N,4.474,N,Que nome se dá ao caixão de um cavalheiro? Caixão para homem. .,0,0,-0.11181640625,-0.2158203125,-0.10400390625,0.5259775519371033,0.47402241826057434,True
5.1238.N,5.1238,N,Qual o time de basquete que sempre sabe o poder de luta do adversário? O mais preparado.,0,0,2.296875,-2.1875,-4.484375,0.9888418912887573,0.011158030480146408,True
4.564.N,4.564,N,"Como é que se diz "" Albufeira "" em árabe? Albufeira.",0,0,1.84375,-1.75,-3.59375,0.9732407331466675,0.026759283617138863,True
5.3578.H,5.3578,H,O que o advogado deixou para os filhos? Seu legaldo.,1,1,-1.9609375,1.09375,3.0546875,0.04501552879810333,0.9549844264984131,True
5.2410.N,5.2410,N,"Como os cachorros chineses dizem "" oi ""? "" au au "".",0,0,1.15625,-1.2265625,-2.3828125,0.9155072569847107,0.0844927579164505,True
5.1303.N,5.1303,N,Qual o chá preferido dos britânicos para se acalmar? Erva-Cidreira.,0,1,-1.5546875,0.97265625,2.52734375,0.07396337389945984,0.9260365962982178,False
4.637.H,4.637,H,O que faz uma hortaliça surda? Finge couve.,1,1,-1.28125,0.703125,1.984375,0.1208532303571701,0.8791467547416687,True
5.1684.N,5.1684,N,O juiz condenou um réu por um crime articulado dentro de uma loja . Por quê? Porque o réu matou o lojista.,0,0,0.9453125,-1.1875,-2.1328125,0.8940516710281372,0.10594828426837921,True
4.644.N,4.644,N,"Para quem não viu o filme ontem à noite, no fim o Edward fica com a Bella.",0,0,0.87890625,-1.28125,-2.16015625,0.8966140151023865,0.10338596999645233,True
5.1317.H,5.1317,H,Qual cantora sempre se desculpa? Evita Perdão.,1,1,-2.15625,1.421875,3.578125,0.027169233188033104,0.9728307723999023,True
5.1098.N,5.1098,N,Qual a sobremesa oficial da Marvel? A maçã.,0,0,2.5,-2.453125,-4.953125,0.9929881691932678,0.007011794485151768,True
4.481.N,4.481,N,Porque é que o corcunda de Notre-Dame não seguiu a carreira de advogado? Porque nunca conseguiu estudar.,0,0,2.328125,-2.140625,-4.46875,0.9886682629585266,0.011331753805279732,True
4.739.N,4.739,N,Para a semana vou organizar uma festa para pessoas . Avisem-me se não conseguirem vir.,0,0,0.5703125,-0.92578125,-1.49609375,0.8169911503791809,0.1830088347196579,True
5.2927.N,5.2927,N,Qual a fruta que bate em você? Jaca,0,0,2.59375,-2.453125,-5.046875,0.9936116337776184,0.006388320587575436,True
4.646.H,4.646,H,Qual é a posição preferida dos relógios. De quartzo.,1,0,1.0625,-1.234375,-2.296875,0.9086179733276367,0.09138209372758865,False
4.382.N,4.382,N,Porque é que o motociclista chegou atrasado ao trabalho? Porque saiu de casa tarde.,0,0,1.515625,-1.8203125,-3.3359375,0.9656413197517395,0.034358687698841095,True
4.100.H,4.100,H,A São estava com prisão de ventre mas mesmo assim foi à sanita. Qual é o filme? Tentação.,1,0,1.984375,-1.9453125,-3.9296875,0.980728805065155,0.019271135330200195,False
5.907.N,5.907,N,"Qual Cavaleiro do Zodíaco calou a boca de um Street Fighter? O "" Shaka "".",0,0,1.578125,-1.625,-3.203125,0.9609517455101013,0.039048295468091965,True
5.2845.H,5.2845,H,Uma mulher sofre de diarreia crônica. Qual o nome da novela? Maria do Barro,1,0,0.384765625,-0.734375,-1.119140625,0.753829300403595,0.2461707442998886,False
5.3181.N,5.3181,N,Por que o Mickey possui pouquíssimos bens? Porque ele é pobre.,0,0,2.484375,-2.28125,-4.765625,0.9915544390678406,0.008445627987384796,True
5.3350.H,5.3350,H,"Por que o time do inferno ganhou o jogo contra o céu? ""Porque a gente atentamos o tempo todo e demo o melhor de si"".",1,0,0.068359375,-0.2890625,-0.357421875,0.5884161591529846,0.411583811044693,False
4.261.H,4.261,H,Porque é que os peixes não jogam voleibol? Porque têm medo da rede.,1,0,0.55859375,-0.86328125,-1.421875,0.8056321740150452,0.19436781108379364,False
4.585.N,4.585,N,"Nunca quis acreditar que o meu pai roubava enquanto trabalhava nas Estradas de Portugal . Mas quando eu chegava a casa, os indícios  estavam todos lá.",0,0,0.93359375,-1.234375,-2.16796875,0.897335946559906,0.10266400873661041,True
5.1503.H,5.1503,H,"O gaúcho não achava o seu carro no estacionamento. Qual o modelo do carro? Cadê, tche!",1,1,-2.0,1.09375,3.09375,0.043365802615880966,0.9566342234611511,True
5.1972.N,5.1972,N,Qual o padre preferido do Faustão? Padre Marcelo Rossi!!,0,0,1.953125,-2.046875,-4.0,0.9820137619972229,0.01798621006309986,True
5.962.H,5.962,H,Qual elefante da Disney usa fertilizante pra cuidar do solo? Adumbo.,1,1,-2.046875,1.3125,3.359375,0.03358950465917587,0.9664104580879211,True
5.1393.N,5.1393,N,Qual é a banda de pagode mais famosa no mundo dos animes? ASIAN KUNG-FU GENERATION .,0,1,-1.9921875,1.09375,3.0859375,0.043691057711839676,0.956308901309967,False
5.2665.H,5.2665,H,Quem é responsável pela locomoção dos pentelhos? Transporte púbico.,1,1,-0.390625,-0.333984375,0.056640625,0.4858436584472656,0.5141563415527344,True
5.1475.N,5.1475,N,Qual pico mais gelado que existe? O everest.,0,1,-2.09375,1.3515625,3.4453125,0.03090895712375641,0.9690910577774048,False
1.5.N,1.5,N,Por que a galinha bateu a cabeça contra a parede? Para ficar com um machucado.,0,0,1.84375,-1.7890625,-3.6328125,0.9742394685745239,0.025760559365153313,True
5.976.H,5.976,H,Qual passarinho adora televisão? Bem TV.,1,1,-1.8515625,1.0625,2.9140625,0.05146276578307152,0.9485372304916382,True
5.2412.N,5.2412,N,Qual é o doce que luta artes marciais? O arroz doce,0,0,2.40625,-2.375,-4.78125,0.9916841983795166,0.008315778337419033,True
5.415.N,5.415,N,Qual é o restaurante favorito dos maconheiros? O beco.,0,0,1.3125,-1.1328125,-2.4453125,0.9202179908752441,0.07978201657533646,True
4.330.N,4.330,N,Porque é que os bêbados gostam de passar a Ponte 25 de Abril? Porque lá há muito ar puro.,0,0,1.1171875,-0.98828125,-2.10546875,0.8914335370063782,0.10856641829013824,True
4.348.N,4.348,N,O que é que os bonecos de peluche costumam pôr no leite? Flocos.,0,0,2.0625,-1.9296875,-3.9921875,0.9818752408027649,0.018124720081686974,True
4.327.N,4.327,N,Qual é a panela que se usa quando se está triste? Panela.,0,0,2.609375,-2.625,-5.234375,0.9946980476379395,0.005301895085722208,True
5.2373.N,5.2373,N,Por que a mãe tinha que largar o bebê quando colocava sua bolsa? Porque era bolsa frontal.,0,0,1.3671875,-1.484375,-2.8515625,0.9453993439674377,0.05460060387849808,True
5.2985.H,5.2985,H,Qual animal é coach? O cão guru.,1,0,1.671875,-1.578125,-3.25,0.9626730680465698,0.037326883524656296,False
4.663.H,4.663,H,Por que é que a professora usa óculos escuros na aula? Porque os seus alunos são brilhantes.,1,0,1.6875,-1.53125,-3.21875,0.961533784866333,0.0384661927819252,False
4.154.N,4.154,N,O que é que os carteiros fazem nos tempos livres? Nada.,0,0,1.9375,-1.8125,-3.75,0.977022647857666,0.022977368906140327,True
5.4027.H,5.4027,H,Qual o nome do parente que mais gosta de você? A Tia Dora.,1,0,1.6484375,-1.65625,-3.3046875,0.9645892381668091,0.03541072830557823,False
5.71.H,5.71,H,Qual é o cachorro que mergulha muito? Pitchibum.,1,1,-2.25,1.46875,3.71875,0.023689469322562218,0.9763104915618896,True
4.283.H,4.283,H,Qual é o carro que consegue transportar mais porcos? É o Nissan na vara.,1,1,-1.5859375,0.97265625,2.55859375,0.07185126841068268,0.9281486868858337,True
5.167.N,5.167,N,"O que o padrinho da faca disse? "" Oi, afilhado "".",0,0,1.7421875,-1.640625,-3.3828125,0.9671630263328552,0.03283695876598358,True
5.385.H,5.385,H,Qual gênero literário não pode ter filhos? Mistéril.,1,1,-2.0625,1.3125,3.375,0.033085983246564865,0.9669140577316284,True
5.785.N,5.785,N,Como se chama a mãe que cozinha bem? Mutitarefa.,0,1,-2.21875,1.3828125,3.6015625,0.02655657008290291,0.9734434485435486,False
5.202.H,5.202,H,Por que o Sílvio Santos só entra em casa depois que a mulher dele o aplaude? Porque a porta só abre com reconhecimento de Íris.,1,1,-0.53125,0.1396484375,0.6708984375,0.33829566836357117,0.6617043018341064,True
5.1613.H,5.1613,H,"Como se faz para uma laranja virar uma cobra? Faz cosquinha nela, aí o suco ri.",1,1,-1.640625,0.94140625,2.58203125,0.07030384242534637,0.9296960830688477,True
5.368.H,5.368,H,Um lider religioso no pantanal matogrossense. Qual o nome do filme?  Crocodilo Gandhi,1,0,0.9296875,-1.140625,-2.0703125,0.8879840970039368,0.11201594769954681,False
4.28.N,4.28,N,Voltei a dizer à minha mãe que queria ser futebolista . Ela diz que estou sempre a bater na mesma tecla.,0,0,0.7421875,-1.0625,-1.8046875,0.8587185740470886,0.14128142595291138,True
5.1627.H,5.1627,H,Qual é a atriz mais dramática do mundo? A tristeza,1,0,1.890625,-1.9453125,-3.8359375,0.9788748621940613,0.021125193685293198,False
5.2197.H,5.2197,H,Porque o frango usava smoking? Porque era chicken no último ! ,1,1,-2.125,1.078125,3.203125,0.039048295468091965,0.9609517455101013,True
4.346.H,4.346,H,Que nome se dá a alguém que não acredita nas alterações climáticas? Persona non greta.,1,1,-1.3671875,0.59375,1.9609375,0.1233656257390976,0.8766343593597412,True
5.31.N,5.31,N,Qual é o poeta que sempre se atrasa? Fernando Pessoa.,0,0,2.328125,-2.203125,-4.53125,0.9893474578857422,0.01065251138061285,True
5.1912.N,5.1912,N,Qual chá preferido dos pedreiros? Cidreira.,0,1,-1.8671875,1.3203125,3.1875,0.03963884338736534,0.9603611826896667,False
4.163.H,4.163,H,Como é que a mulher do Vasco da Gama o cumprimenta? Com um beijo no astro-lábio.,1,1,-1.3828125,0.55078125,1.93359375,0.12635333836078644,0.87364661693573,True
5.1352.H,5.1352,H,Qual é a doença preferida dos pastores? Salmo nela.,1,1,-1.65625,1.1484375,2.8046875,0.05707139894366264,0.9429286122322083,True
4.33.N,4.33,N,Qual é a parte da mulher que cheira a creme? O nariz.,0,0,2.40625,-2.1875,-4.59375,0.9899863600730896,0.010013570077717304,True
5.1116.N,5.1116,N,Por que os jacarés só andavam em dois? Porque são répteis.,0,0,2.140625,-1.953125,-4.09375,0.9835969805717468,0.01640303246676922,True
4.474.H,4.474,H,Que nome se dá ao caixão de um cavalheiro? Sir Cófago.,1,1,-2.203125,1.5546875,3.7578125,0.02280263416469097,0.9771973490715027,True
5.1974.N,5.1974,N,Por que o cara entrou com seu veículo no mar? Porque era barco,0,0,-0.435546875,-0.46484375,-0.029296875,0.507323682308197,0.4926762878894806,True
5.2952.H,5.2952,H,Qual é o nome do programa que o Sílvio Santos passou a fazer no mar? Roda a Roda Jetski. ,1,0,0.15234375,-0.625,-0.77734375,0.6851073503494263,0.31489264965057373,False
5.2099.N,5.2099,N,Qual é o local religioso preferido dos jogadores de basquete? A quadra,0,0,2.5,-2.40625,-4.90625,0.9926542043685913,0.007345826365053654,True
5.2506.H,5.2506,H,Qual é o biscoito mais temido da mitologia? Cream Kraken.,1,1,-1.796875,0.9609375,2.7578125,0.05964694544672966,0.9403530955314636,True
5.4009.N,5.4009,N,Qual o nome da menina que você deveria investir? Jeniffer Lawrence.,0,0,0.76953125,-1.1015625,-1.87109375,0.8665847778320312,0.13341522216796875,True
4.464.N,4.464,N,Onde se encontram os piores vinhos italianos? Massamá.,0,1,-1.8125,0.984375,2.796875,0.05749328061938286,0.9425067901611328,False
4.326.H,4.326,H,Porque é que os homens são mais burros ao pé das mulheres? Porque passam de homo sapiens para homo erectus.,1,0,0.01031494140625,-0.12060546875,-0.13092041015625,0.5326834321022034,0.46731656789779663,False
5.3765.H,5.3765,H,Qual é o jogo favorito da Ivete Sangalo? Golden Axé,1,1,-2.203125,1.375,3.578125,0.027169233188033104,0.9728307723999023,True
4.442.H,4.442,H,O que é que os bebés já fazem aos 12 meses? 1 ano.,1,0,1.6640625,-1.671875,-3.3359375,0.9656413197517395,0.034358687698841095,False
5.2373.H,5.2373,H,Por que a mãe tinha que largar o bebê quando colocava sua bolsa? Porque era bolsa tiracolo.,1,0,1.40625,-1.515625,-2.921875,0.9489172697067261,0.051082734018564224,False
5.2643.N,5.2643,N,Qual é o nome de um cabeleireiro? Salão de Beleza.,0,0,2.515625,-2.375,-4.890625,0.9925393462181091,0.007460643071681261,True
5.3768.N,5.3768,N,Onde o Jabba come? No restaurante,0,0,2.5,-2.390625,-4.890625,0.9925393462181091,0.007460643071681261,True
5.610.N,5.610,N,Qual o nome que se da a viagem de 10 bebês ao msm tempo? Gravidez!,0,0,2.546875,-2.53125,-5.078125,0.9938070178031921,0.006192990578711033,True
5.418.N,5.418,N,Quantos chocolates são necessários para voar? Muitos,0,0,1.6015625,-1.6484375,-3.25,0.9626730680465698,0.037326883524656296,True
4.398.H,4.398,H,"Era um vez um esquilo tão pequeno, tão pequeno, que em vez de chamar esquilo, chamava-se esgrama.",1,1,-1.1953125,0.75,1.9453125,0.1250653862953186,0.8749346137046814,True
5.100.N,5.100,N,Qual a data mais importante do calendário grego? Dia de natal.,0,0,2.640625,-2.46875,-5.109375,0.9939963817596436,0.006003595422953367,True
5.147.H,5.147,H,"Com o que é feita, fundamentalmente, a porta do quartel? Com batentes.",1,0,1.71875,-1.5078125,-3.2265625,0.9618217349052429,0.03817827254533768,False
5.230.N,5.230,N,Qual é o ator que admira um dia ensolarado e sem nuvens? Tony Ramos.,0,0,2.65625,-2.515625,-5.171875,0.9943581223487854,0.005641908850520849,True
5.2016.H,5.2016,H,Que cantora adora comer formiga? A TamanDua Lipa ,1,1,-2.171875,1.296875,3.46875,0.030214589089155197,0.9697853922843933,True
5.1832.H,5.1832,H,Qual é a aparesentadora mais descoordenada que existe? Abcissa Guimarães,1,1,-2.0,1.25,3.25,0.037326883524656296,0.9626730680465698,True
5.2647.H,5.2647,H,Qual apresentador é o mais duas caras? Falso Silva.,1,1,-1.6328125,1.0703125,2.703125,0.06278920918703079,0.937210738658905,True
5.426.N,5.426,N,Qual criatura mitológica criou um calendário só com 11 signos? Humano.,0,0,2.796875,-2.765625,-5.5625,0.9961755275726318,0.003824483836069703,True
5.117.N,5.117,N,Qual menina viveu uma aventura digna dos contos de fadas? Alice no país das Maravilhas.,0,0,2.40625,-2.21875,-4.625,0.9902915358543396,0.009708477184176445,True
5.2069.N,5.2069,N,Os imperador inca decretou que as lhamas seriam os únicos animais permitidos em Machu Picchu . Qual é o nome do filme? O Império Contra Ataca,0,1,-1.1796875,0.3984375,1.578125,0.1710611879825592,0.8289388418197632,False
5.1782.H,5.1782,H,Em que período da história foi inventado o primeiro carro popular? No período Páliolítico.,1,1,-1.9609375,1.328125,3.2890625,0.03594832122325897,0.9640516638755798,True
5.2813.H,5.2813,H,Qual instrumento leva os dentistas à morte? Óbitorador ,1,0,1.5,-1.4609375,-2.9609375,0.9507778882980347,0.04922211542725563,False
5.1238.H,5.1238,H,Qual o time de basquete que sempre sabe o poder de luta do adversário? Orlando Mede Ki.,1,1,-2.40625,1.6015625,4.0078125,0.01784873753786087,0.9821512699127197,True
5.2488.H,5.2488,H,Qual é o bloco do índio que não bebe nem fuma? Mim careta.,1,1,-2.34375,1.671875,4.015625,0.017712298780679703,0.9822876453399658,True
4.562.H,4.562,H,Em que estado se encontra o rio Mississipi? No estado líquido.,1,0,1.1953125,-1.0703125,-2.265625,0.9059898257255554,0.09401018172502518,False
5.3504.N,5.3504,N,Qual executivo sempre cochila depois do almoço? O gerente.,0,0,2.625,-2.5,-5.125,0.9940890073776245,0.005911069456487894,True
5.3504.H,5.3504,H,Qual executivo sempre cochila depois do almoço? O de gestão.,1,0,2.125,-1.9765625,-4.1015625,0.9837225079536438,0.016277460381388664,False
5.2567.N,5.2567,N,Por que a lata de cerveja foi se benzer? Porque ela tinha sido amaldiçoada.,0,0,1.3046875,-1.375,-2.6796875,0.9358173608779907,0.06418263912200928,True
5.2597.N,5.2597,N,Qual seria a profissão perfeita para o Tony Tornado? Promotor de festas.,0,0,1.5546875,-1.53125,-3.0859375,0.956308901309967,0.043691057711839676,True
5.2956.N,5.2956,N,Qual é o seriado mexicano sobre um chinês tomando chá? Chaves.,0,0,2.734375,-2.625,-5.359375,0.9953181147575378,0.004681822378188372,True
5.2927.H,5.2927,H,Qual a fruta que bate em você? Fruta pão,1,0,1.140625,-1.1328125,-2.2734375,0.9066531658172607,0.09334688633680344,False
5.3224.H,5.3224,H,Qual comediante comentou sobre a Páscoa em seu texto? Hassumcitou.,1,1,-2.078125,1.1953125,3.2734375,0.03649376332759857,0.9635062217712402,True
5.2368.H,5.2368,H,Qual rockeiro não usa drogas e nem sacaneia os outros? O Bom Jovem,1,1,-0.66796875,0.08349609375,0.75146484375,0.3205021917819977,0.6794977784156799,True
4.598.H,4.598,H,Estou a pensar começar uma relação com a minha calculadora. Ao menos ela sabe dar-me o devido valor.,1,0,0.474609375,-0.69921875,-1.173828125,0.7638362646102905,0.23616373538970947,False
4.154.H,4.154,H,O que é que os carteiros fazem nos tempos livres? Jogam às cartas.,1,0,0.458984375,-0.89453125,-1.353515625,0.7947037816047668,0.20529620349407196,False
5.2511.H,5.2511,H,Qual é a série que conta a história de um anfíbio no alto do Everest? Rã na Montanha.,1,1,-2.0625,1.40625,3.46875,0.030214589089155197,0.9697853922843933,True
5.104.N,5.104,N,Qual lugar do mundo incentiva a caminhada? Himalaia.,0,0,2.3125,-2.109375,-4.421875,0.9881309270858765,0.011869121342897415,True
4.256.N,4.256,N,Que som faz um peixe a cair dum prédio de 20 andares? Nenhum!,0,0,1.8125,-1.796875,-3.609375,0.9736446738243103,0.026355354115366936,True
5.907.H,5.907,H,"Qual Cavaleiro do Zodíaco calou a boca de um Street Fighter? O ""Shhh, Ryu"".",1,1,-1.015625,0.51171875,1.52734375,0.17838266491889954,0.8216173648834229,True
5.1791.N,5.1791,N,Sabe por que a Gisele Bündchen só anda com roupa amassada? Porque ela cansou de desfilar.,0,0,1.375,-1.46875,-2.84375,0.9449946880340576,0.05500528961420059,True
5.1222.H,5.1222,H,Qual o jornalista esportivo mais inteligente? Clever Machado.,1,0,2.421875,-2.3125,-4.734375,0.9912885427474976,0.008711383678019047,False
5.2559.H,5.2559,H,Qual é o cantor que tá sempre na cena de um crime? Perito de Paula.,1,1,-2.03125,1.5390625,3.5703125,0.027376487851142883,0.9726234674453735,True
5.2507.H,5.2507,H,Qual é o aparelho que nunca para de mexer? A balança.,1,0,2.3125,-2.234375,-4.546875,0.9895108342170715,0.010489091277122498,False
5.2325.N,5.2325,N,"O que a mãe religiosa disse para o pai agnóstico sobre o filho deles? "" Cuida, que o filho é descrente "".",0,0,1.453125,-1.5234375,-2.9765625,0.9515040516853333,0.048496004194021225,True
5.2972.N,5.2972,N,Qual a marca de roupa preferida dos esquilos? The north face.,0,1,-1.03125,0.443359375,1.474609375,0.18624302744865417,0.8137569427490234,False
5.4006.H,5.4006,H,Por que Caim matou Abel? Porque Abel era Fera.,1,0,0.875,-0.96484375,-1.83984375,0.8629302382469177,0.13706977665424347,False
5.53.N,5.53,N,Como são classificados os gatos e cachorros no México? Astecas.,0,0,2.0,-1.78125,-3.78125,0.9777138829231262,0.0222861859947443,True
5.3181.H,5.3181,H,Por que o Mickey possui pouquíssimos bens? Porque ele é Minniemalista.,1,1,-2.140625,1.453125,3.59375,0.026759283617138863,0.9732407331466675,True
5.368.N,5.368,N,Um lider religioso no pantanal matogrossense . Qual o nome do personagem? Crocodilo Gandhi,0,0,1.3671875,-1.3515625,-2.71875,0.9381240010261536,0.061875976622104645,True
5.3666.H,5.3666,H,Qual dublador que não toma banho? Fede Mascarenhas.,1,0,-0.126953125,-0.384765625,-0.2578125,0.5640984773635864,0.4359015226364136,False
4.508.H,4.508,H,O que é a disfunção eléctil? É a incapacidade de sentir atração pelos candidatos das eleições.,1,0,0.61328125,-0.96484375,-1.578125,0.8289388418197632,0.1710611879825592,False
4.645.H,4.645,H,"Se um dia te oferecerem uns óculos sem lentes, tem cuidado! Pode ser armação.",1,0,0.828125,-1.15625,-1.984375,0.8791467547416687,0.1208532303571701,False
5.1352.N,5.1352,N,Qual é a doença preferida dos pastores?.,0,0,1.3515625,-1.265625,-2.6171875,0.9319595694541931,0.06804041564464569,True
4.106.N,4.106,N,Qual é a flor que os homens mais gostam de oferecer às mulheres? Tulipas.,0,0,2.4375,-2.25,-4.6875,0.9908744096755981,0.00912563782185316,True
5.3492.N,5.3492,N,"Qual a banda que, quando nasceu, era alimentada por criminosas? Legião Urbana.",0,0,2.53125,-2.453125,-4.984375,0.9932025074958801,0.00679753115400672,True
5.4035.H,5.4035,H,"Por que o nariz, às vezes, sente cheiro de arrogância? Por causa da humildade relativa do ar.",1,1,-1.4453125,0.84765625,2.29296875,0.09170696884393692,0.9082930684089661,True
5.1.H,5.1,H,Qual X-Men nunca falta ao trabalho? No turno.,1,0,1.3046875,-1.2890625,-2.59375,0.9304582476615906,0.06954174488782883,False
4.630.N,4.630,N,Por que é que os surfistas comem a comida fria? Porque detestam comida quente.,0,0,1.671875,-1.5546875,-3.2265625,0.9618217349052429,0.03817827254533768,True
5.1332.H,5.1332,H,Por que o nerd pediu a calculadora em namoro? Porque ela dava valor.,1,0,0.416015625,-1.125,-1.541015625,0.8236122727394104,0.17638768255710602,False
5.2882.H,5.2882,H,Personagem que adora Leite? Milk Mouse ,1,0,1.3359375,-1.421875,-2.7578125,0.9403530955314636,0.05964694544672966,False
4.595.H,4.595,H,Para que servem óculos verdes? Para verde perto.,1,1,-1.7421875,0.921875,2.6640625,0.06512755155563354,0.9348725080490112,True
4.615.H,4.615,H,"A eletricidade está tão cara, tão cara, que a EDP decidiu mudar o nome para Luz Vuitton.",1,1,-0.6328125,0.06298828125,0.69580078125,0.33274391293525696,0.6672561168670654,True
4.728.N,4.728,N,Que nome se dá a uma Sobremesa atrativa? Bomba calórica .,0,0,2.046875,-2.015625,-4.0625,0.9830850958824158,0.016914913430809975,True
5.129.H,5.129,H,Qual cantora ganhou uma patente em 2018? Major Este Ano.,1,1,-2.078125,1.2421875,3.3203125,0.03488088771700859,0.9651191234588623,True
5.3237.H,5.3237,H,Qual queijo favorito da Iveje Sangalo? Axéddar.,1,1,-2.1875,1.4765625,3.6640625,0.02498779445886612,0.9750121831893921,True
4.67.N,4.67,N,Porque é que as galinhas não gostam de ralis? Porque não vêem nada com o pó.,0,0,-0.0869140625,-0.142578125,-0.0556640625,0.5139124393463135,0.4860875606536865,True
4.160.H,4.160,H,O que diz uma banana suicida? Macacos me mordam!,1,0,0.31640625,-0.64453125,-0.9609375,0.7233095169067383,0.2766905128955841,False
5.442.H,5.442,H,Qual o salgadinho favorito dos torcedores do Flamengo? Baconzico.,1,1,-1.5,1.0859375,2.5859375,0.07004895806312561,0.929951012134552,True
5.1912.H,5.1912,H,Qual cantora tem um supermercado? Wallmart nália,1,1,-2.296875,1.4921875,3.7890625,0.022116588428616524,0.9778834581375122,True
5.1249.H,5.1249,H,Por que o veganismo é a política de Estado na Bolívia? Para ninguém comer huevo.,1,1,-2.171875,1.109375,3.28125,0.03622005507349968,0.9637799859046936,True
5.3509.N,5.3509,N,Qual é o cantor que teve problemas respiratórios? Erasma Carlos.,0,0,1.4921875,-1.5625,-3.0546875,0.9549844264984131,0.04501552879810333,True
4.33.H,4.33,H,Qual é a parte da mulher que cheira a banana? O nariz.,1,0,2.453125,-2.25,-4.703125,0.9910145401954651,0.008985428139567375,False
5.962.N,5.962,N,Qual elefante da Disney usa fertilizante pra cuidar do solo? Coronel Hathi.,0,1,-1.3515625,0.96484375,2.31640625,0.08977328985929489,0.9102267622947693,False
5.2385.N,5.2385,N,Por que o atrito e a resistência do ar foram ao psicólogo? Porque eles são muito requisitados,0,0,1.34375,-1.25,-2.59375,0.9304582476615906,0.06954174488782883,True
5.2259.H,5.2259,H,Qual a semelhança entre o trovão e a privada? Os dois vem sempre acompanhado de uma descarga,1,0,0.01953125,-0.27734375,-0.296875,0.5736784338951111,0.4263215959072113,False
5.2616.N,5.2616,N,Qual ator sempre dá tudo de si? Don Johnson.,0,0,2.203125,-2.109375,-4.3125,0.9867772459983826,0.013222822919487953,True
5.1344.H,5.1344,H,Qual Trapalhão ajudou Frodo em sua jornada? O Renato Aragorn.,1,1,-2.21875,1.4921875,3.7109375,0.023870833218097687,0.9761291742324829,True
5.912.N,5.912,N,Qual é a parte do computador que não é do bem? O teclado.,0,0,2.234375,-2.046875,-4.28125,0.9863631129264832,0.013636834919452667,True
4.559.H,4.559,H,Porque é que os diabéticos não usam o Google Chrome? Porque não podem aceitar cookies.,1,0,1.8046875,-1.546875,-3.3515625,0.966156005859375,0.03384403511881828,False
5.1802.N,5.1802,N,Por que ninguém na Terra consegue entender a língua nativa do Super-Homem? Porque é alienígena.,0,0,1.8984375,-1.8125,-3.7109375,0.9761291742324829,0.023870833218097687,True
5.522.H,5.522,H,Qual país que sofre com as enchentes? Aquador.,1,1,-1.890625,1.2734375,3.1640625,0.04054073989391327,0.9594592452049255,True
5.169.H,5.169,H,Em qual programa o Sílvio Santos exagera no laquê? Topetudo por Dinheiro.,1,1,-2.234375,1.5078125,3.7421875,0.023153413087129593,0.9768466353416443,True
4.235.H,4.235,H,"Era uma vez um homem tão pequeno, tão pequeno, que em vez de praticar natação, praticava na tacinha.",1,1,-0.240234375,-0.12255859375,0.11767578125,0.4706149697303772,0.5293850302696228,True
5.147.N,5.147,N,"Com o que é feita, fundamentalmente, a porta do quartel? De ferro.",0,0,1.96875,-1.7578125,-3.7265625,0.9764904975891113,0.023509450256824493,True
4.500.N,4.500,N,Porque é que o João Silva tem Instagram mas não tem Facebook? Porque ele prefere ter seguidores em vez de amigos.,0,0,1.5859375,-1.5546875,-3.140625,0.9585376977920532,0.04146226868033409,True
5.2422.H,5.2422,H,Por que em Barretos as pessoas não falam as coisas na lata?  Porque lá é impossível fazer algo sem rodeios.,1,0,0.06591796875,-0.373046875,-0.43896484375,0.6080123782157898,0.391987681388855,False
5.3668.H,5.3668,H,Por que o frango caipira não tem problemas jurídicos de identidade? Porque ele não tem hormônimos.,1,1,-0.90625,0.3828125,1.2890625,0.21601153910160065,0.7839884757995605,True
4.55.H,4.55,H,O que é um omossexual? É um sabão em pó com o qual se lavam as partes íntimas.,1,0,0.3125,-0.57421875,-0.88671875,0.7082125544548035,0.29178744554519653,False
5.1554.H,5.1554,H,Qual a Miss EUA que foi escolhida por engano? A Miss Take.,1,1,-0.61328125,-0.205078125,0.408203125,0.3993430435657501,0.6006569266319275,True
4.567.H,4.567,H,"O que é que a mulher do comunista diz quando o viagra perde o efeito? Foice o martelo, camarada.",1,1,-0.435546875,-0.07421875,0.361328125,0.41063809394836426,0.589361846446991,True
4.11.N,4.11,N,Qual é o animal mais romântico? É a amêijoa . Porque dorme em conjunto.,0,1,-1.4765625,0.8046875,2.28125,0.09268777072429657,0.907312273979187,False
5.522.N,5.522,N,Qual país que sofre com as enchentes? Equador.,0,0,2.09375,-1.9453125,-4.0390625,0.9826908707618713,0.017309093847870827,True
5.1109.H,5.1109,H,Qual filósofo gostaria de ser um Cavaleiro do Zodíaco? Áriestóteles,1,1,-2.21875,1.359375,3.578125,0.027169233188033104,0.9728307723999023,True
5.1223.N,5.1223,N,Qual parte do corpo nunca está acordada? Pé.,0,0,2.328125,-2.140625,-4.46875,0.9886682629585266,0.011331753805279732,True
4.129.N,4.129,N,Que nome se dá a uma freira no convento? Católica apostólica.,0,0,0.1669921875,-0.7890625,-0.9560546875,0.7223312258720398,0.2776688039302826,True
5.1398.H,5.1398,H,Qual é o carro em que todo mundo gosta de comemorar o aniversário? O Fiesta.,1,0,1.8125,-1.7578125,-3.5703125,0.9726234674453735,0.027376487851142883,False
5.4027.N,5.4027,N,Qual o nome do parente que mais gosta de você? A Tia Maria.,0,0,2.453125,-2.21875,-4.671875,0.9907320141792297,0.009268013760447502,True
5.1690.N,5.1690,N,Qual o jogo favorito de um ator famoso de Hollywood? O Fortnite? LOL!,0,1,-1.8203125,0.9140625,2.734375,0.06097518280148506,0.939024806022644,False
5.2226.H,5.2226,H,Por que se ouvia uma nota quando neandertal batia em suas presas ? Porque usava uma Clava de Sol,1,1,-0.7734375,0.1767578125,0.9501953125,0.27884554862976074,0.7211544513702393,True
5.392.N,5.392,N,Qual jogador jogava basquete? Shaquille O'Neal,0,0,0.69140625,-1.1328125,-1.82421875,0.8610715270042419,0.13892842829227448,True
5.3523.H,5.3523,H,Em qual brincadeira eu só aceito gente inteligente? Tiro lesa.,1,1,-2.1875,1.3828125,3.5703125,0.027376487851142883,0.9726234674453735,True
5.1403.N,5.1403,N,Por que o próximo técnico da seleção jogara contra a parede? Porque ele é Pós-Tite.,0,1,-1.625,0.83984375,2.46484375,0.07835981249809265,0.9216402173042297,False
5.2778.H,5.2778,H,Qual jogo do Windows só funciona se você fizer tudo o que ele quer? O Campo Mimado,1,1,-1.3359375,0.6328125,1.96875,0.12252321094274521,0.8774768114089966,True
5.1358.H,5.1358,H,Qual é o trabalho que você se vê fazendo? Limpar espelhos.,1,0,1.875,-1.7109375,-3.5859375,0.973036527633667,0.026963500306010246,False
5.58.H,5.58,H,O que o judeu passa no corpo quanto está com dor? Shalompas.,1,1,-2.03125,1.28125,3.3125,0.03514484688639641,0.9648551344871521,True
4.262.N,4.262,N,Que nome se dá a um pássaro aleijado? Infeliz.,0,0,2.046875,-2.078125,-4.125,0.9840936064720154,0.01590639166533947,True
5.3618.N,5.3618,N,Qual os piores inimigos dos MINIons??? Os heróis,0,0,1.8125,-1.7109375,-3.5234375,0.9713473320007324,0.028652671724557877,True
5.1282.N,5.1282,N,Qual castanha sempre interpreta personagens maus? Do pará.,0,1,-1.3125,0.69921875,2.01171875,0.11797800660133362,0.8820220232009888,False
5.3944.N,5.3944,N,Por que o cara resolveu dormir no bueiro? Porque ele tava bêbado.,0,0,2.328125,-2.03125,-4.359375,0.987375020980835,0.012624949216842651,True
5.1205.H,5.1205,H,Por que o pessoal do Nordeste se orgulha do GPS?  Porque ele fala: Você chegou Nor Destino.,1,1,-0.1806640625,0.019775390625,0.200439453125,0.4500572383403778,0.5499427318572998,True
4.363.H,4.363,H,O que é que a tinta faz nos dias de chuva? Fica no choco.,1,1,-2.03125,1.28125,3.3125,0.03514484688639641,0.9648551344871521,True
5.1061.H,5.1061,H,Qual doença temos que coletar esperma? Cataporra.,1,1,-1.9140625,1.1484375,3.0625,0.044680871069431305,0.9553191661834717,True
5.3721.N,5.3721,N,qual jornalista sempre levava bebidas pros colegas? Carlos Lacerda,0,0,2.890625,-2.703125,-5.59375,0.996292769908905,0.003707252675667405,True
5.3911.H,5.3911,H,Qual a cidade paulista as pessoas rezam e fazem artesanato? Em Budas Artes.,1,1,-2.28125,1.4375,3.71875,0.023689469322562218,0.9763104915618896,True
5.1971.H,5.1971,H,Porque a fada madrinha estava com um isqueiro na mão indo em direção a uma vela no candelabro? Pra acenderela ,1,1,-1.6953125,0.96484375,2.66015625,0.06536578387022018,0.934634268283844,True
5.3825.H,5.3825,H,Qual o mês do Popó? Junho de Aço.,1,1,-1.9453125,1.4140625,3.359375,0.03358950465917587,0.9664104580879211,True
1.4.H,1.4,H,O que uma impressora falou para a outra? Essa folha é sua ou é impressão minha?,1,0,0.91015625,-1.3828125,-2.29296875,0.9082930684089661,0.09170696884393692,False
5.910.N,5.910,N,Qual é a reta que canta muito? A Ella Fitzgerald.,0,0,1.75,-1.703125,-3.453125,0.9693241715431213,0.030675802379846573,True
5.1387.N,5.1387,N,Qual cantora escreveu Sitio do Picapau Amarelo? A Katy Perry.,0,0,2.46875,-2.375,-4.84375,0.9921841025352478,0.007815888151526451,True
5.3164.N,5.3164,N,Qual pintor estava sempre bêbado? Salvador Dalí.,0,0,2.265625,-2.046875,-4.3125,0.9867772459983826,0.013222822919487953,True
5.122.H,5.122,H,Como chama a cerveja que você só toma de 2 em 2 anos? Beer nal.,1,1,-2.140625,1.2265625,3.3671875,0.0333368219435215,0.966663122177124,True
5.2488.N,5.2488,N,Qual é o bloco do índio que não bebe nem fuma? Bloquinho infantil.,0,0,2.671875,-2.484375,-5.15625,0.9942697286605835,0.005730246193706989,True
4.342.N,4.342,N,Qual é o contrário de nu? Vestido.,0,0,2.359375,-2.1875,-4.546875,0.9895108342170715,0.010489091277122498,True
5.2113.N,5.2113,N,O que você chama de hamster com 3 pernas? Hamster,0,0,1.9375,-1.8515625,-3.7890625,0.9778834581375122,0.022116588428616524,True
5.1783.N,5.1783,N,"O que o narrador Silvio Luiz falou sobre o programa Masterchef? "" Olho no lance! """,0,0,1.1328125,-1.5859375,-2.71875,0.9381240010261536,0.061875976622104645,True
5.3001.N,5.3001,N,Qual microorganismo sofre bullying? A bactéria.,0,0,2.15625,-2.1875,-4.34375,0.9871788024902344,0.012821213342249393,True
4.336.N,4.336,N,"Hoje davam chuva só para o continente, mas há bocado passei pelo Funchal e também estava a chover.",0,0,0.58984375,-0.94140625,-1.53125,0.8221890926361084,0.17781086266040802,True
5.3231.N,5.3231,N,Por que o rapaz não mostrou os slides em sua apresentação na empresa? Porque ele esqueceu de levar.,0,0,1.65625,-1.671875,-3.328125,0.9653811454772949,0.034618835896253586,True
5.2693.H,5.2693,H,"Por que o artigo, o substantivo e o adjetivo nunca discutiam? Porque estavam sempre em concordância.",1,0,1.1171875,-1.5234375,-2.640625,0.9334307909011841,0.06656918674707413,False
5.780.H,5.780,H,Qual a mulher que mais gostava de andar de avião? Simone de É Bom Voar.,1,0,0.5078125,-0.8203125,-1.328125,0.7905303239822388,0.20946967601776123,False
5.2269.H,5.2269,H,Qual país em que todo mundo ta sempre na academia ? Só malia,1,1,-2.34375,1.53125,3.875,0.020332353189587593,0.9796676635742188,True
5.336.H,5.336,H,Qual o meio de transporte mais usado na Bahia? Uber imbau,1,1,-2.234375,1.3046875,3.5390625,0.02822098508477211,0.9717789888381958,True
5.691.N,5.691,N,Qual é o nome da hiena que se aposentou? Joana.,0,0,2.453125,-2.28125,-4.734375,0.9912885427474976,0.008711383678019047,True
5.956.H,5.956,H,Como o ciclista reage a uma notícia ruim? Ele leva um bike.,1,1,-1.53125,0.90234375,2.43359375,0.08064661920070648,0.9193534255027771,True
5.3770.N,5.3770,N,Qual é o site de informações criado pelo Chewbacca? Star Wars,0,0,1.7265625,-1.7578125,-3.484375,0.9702399373054504,0.029760094359517097,True
5.1616.H,5.1616,H,Qual é a pacifista que é um gênio da matemática? Madre Teresa de Calcular.,1,1,-1.9375,1.3984375,3.3359375,0.034358687698841095,0.9656413197517395,True
5.1107.H,5.1107,H,Qual filósofo precisa de um exorcismo? O Demócrito.,1,1,-1.171875,0.83203125,2.00390625,0.11879339814186096,0.8812065720558167,True
5.3591.H,5.3591,H,"O que o Fred Flintstone disse quando percebeu que instalou um programa indesejado? Ih, aba da Baidu.",1,1,-2.140625,1.328125,3.46875,0.030214589089155197,0.9697853922843933,True
4.363.N,4.363,N,O que é que a Ana faz nos dias de chuva? Fica em casa.,0,0,2.453125,-2.1875,-4.640625,0.9904406070709229,0.00955939944833517,True
5.2155.N,5.2155,N,"Qual o filme odiado do Kiko? Harry Potter e o Cálice Cálice Cálice, você me deixa looouco!",0,1,-0.56640625,0.0020294189453125,0.5684356689453125,0.3615978956222534,0.6384021639823914,False
5.2665.N,5.2665,N,Quem é responsável pela locomoção dos cidadãos? Transporte público.,0,0,2.578125,-2.59375,-5.171875,0.9943581223487854,0.005641908850520849,True
4.170.H,4.170,H,Qual é o jogo preferido das vesículas? O biliar.,1,0,1.0703125,-1.1796875,-2.25,0.9046505093574524,0.09534946084022522,False
5.2060.N,5.2060,N,Qual o personagem de star wars que vive espirrando? Anakin skywalker,0,0,0.86328125,-1.0859375,-1.94921875,0.875361442565918,0.12463857978582382,True
5.1162.H,5.1162,H,Qual o bairro de São Paulo que só tem Japoneses? Japaquara,1,0,2.015625,-1.734375,-3.75,0.977022647857666,0.022977368906140327,False
4.330.H,4.330,H,Porque é que os bêbados gostam de passar a Ponte 25 de Abril? Porque lá há muito engarrafamento.,1,0,1.6484375,-1.4375,-3.0859375,0.956308901309967,0.043691057711839676,False
5.3165.N,5.3165,N,Qual pintor ganhou mais dinheiro com sua arte? Picasso.,0,0,2.484375,-2.28125,-4.765625,0.9915544390678406,0.008445627987384796,True
4.345.N,4.345,N,O que diz um porco quando atende o telemóvel? Tou?,0,0,0.5703125,-0.8203125,-1.390625,0.8006919622421265,0.19930797815322876,True
4.672.N,4.672,N,Qual é o melhor óleo para lubrificar o sexo? Óleo corporal.,0,0,2.203125,-1.9140625,-4.1171875,0.9839708209037781,0.016029145568609238,True
5.3591.N,5.3591,N,"O que o Fred Flintstone disse quando percebeu que instalou um programa indesejado? Ah, não.",0,0,0.640625,-1.1171875,-1.7578125,0.8529354929924011,0.14706452190876007,True
5.3237.N,5.3237,N,Qual queijo favorito da Iveje Sangalo? Pecorino.,0,1,-1.625,1.125,2.75,0.060086652636528015,0.9399133324623108,False
5.2323.N,5.2323,N,Qual tipo de piada geralmente é feito entre dois homens pelados? Trocadilho.,0,1,-2.140625,1.4140625,3.5546875,0.027795622125267982,0.9722043871879578,False
4.345.H,4.345,H,O que diz um porco quando atende o telemóvel? Tou-cinho?,1,1,-2.140625,1.25,3.390625,0.03258974477648735,0.9674102663993835,True
4.96.N,4.96,N,Que nome se dá a um cacto engraçado? Cacti.,0,0,1.453125,-1.4453125,-2.8984375,0.9477691650390625,0.05223085731267929,True
5.432.H,5.432,H,Por que o passarinho perdeu os movimentos? Porque ele teve um ave-C.,1,1,-2.3125,1.3359375,3.6484375,0.025371311232447624,0.974628746509552,True
5.2446.H,5.2446,H,Qual é a cantora favorita do Tony Hawk? Skate Perry.,1,1,-2.078125,1.296875,3.375,0.033085983246564865,0.9669140577316284,True
2.8.H,2.8,H,Sabe por que o argumento do Dumbo foi completamente ignorado? Porque era irrelefante.,1,1,-1.4921875,0.7109375,2.203125,0.09947022050619125,0.9005298018455505,True
5.3577.N,5.3577,N,Qual doença comum entre os viciados em vídeos? Youtuberculose.,0,1,-1.71875,1.140625,2.859375,0.0541987270116806,0.9458011984825134,False
5.2343.N,5.2343,N,Qual jornalista esportivo é ainda adolescente? Dudu Camargo.,0,0,2.640625,-2.59375,-5.234375,0.9946980476379395,0.005301895085722208,True
5.2189.H,5.2189,H,Quem é a cantora que trabalha com transporte público nos Estados Unidos? Van USA ,1,1,-2.140625,1.2890625,3.4296875,0.03138042986392975,0.9686195850372314,True
4.539.H,4.539,H,"Será que os meus amigos vão passar férias a países do médio oriente? Uns, Irão. Os outros, Paquistão.",1,0,1.2421875,-1.3046875,-2.546875,0.9273633360862732,0.07263670116662979,False
5.808.N,5.808,N,Por que o caminhão só andava com as rodas de trás? Porque ele gostava de empinar.,0,0,1.28125,-1.3828125,-2.6640625,0.9348725080490112,0.06512755155563354,True
4.559.N,4.559,N,Porque é que os conspiracionistas não usam o Google Chrome? Porque não podem aceitar cookies.,0,0,1.7265625,-1.5390625,-3.265625,0.963230550289154,0.03676946461200714,True
5.2415.N,5.2415,N,Qual é a cidade que quer converter um instrumento musical? Itaquaquecetuba.,0,1,-1.6015625,0.875,2.4765625,0.07751765847206116,0.9224823713302612,False
5.771.N,5.771,N,Por que a ideia ficou cansada depois da reforma? Porque perdeu o acento.,0,1,-0.208984375,-0.06884765625,0.14013671875,0.46502307057380676,0.5349769592285156,False
5.2210.N,5.2210,N,Qual é o filme dirigido por Jordan Peele e Sérgio Mallandro? ET!,0,0,2.109375,-1.9375,-4.046875,0.9828232526779175,0.017176710069179535,True
5.2217.N,5.2217,N,Que terapeuta bebe todo dia? Psicólogo,0,0,2.6875,-2.515625,-5.203125,0.9945307374000549,0.005469274241477251,True
4.61.N,4.61,N,Uma mulher manda-se dum prédio e acerta num homem que ia a passar . Qual é o filme? Vertigo.,0,0,1.6328125,-1.5390625,-3.171875,0.9597620368003845,0.04023794084787369,True
5.3721.H,5.3721,H,qual jornalista sempre levava bebidas pros colegas? Carlos Trazvontila ,1,1,-2.265625,1.5234375,3.7890625,0.022116588428616524,0.9778834581375122,True
4.751.N,4.751,N,"Como correu a primeira final de sempre da Liga dos Campeões com patos? Foi bem disputada, cheia de craques da bola e acabou com a vitória do  Real Madrid.",0,0,0.6640625,-1.0703125,-1.734375,0.8499711751937866,0.15002882480621338,True
5.2595.N,5.2595,N,Qual animal que gosta muito de você? Cachorro.,0,0,2.734375,-2.640625,-5.375,0.9953904151916504,0.004609572235494852,True
5.54.H,5.54,H,Qual é o personagem histórico que fui eu que indiquei? Pero Vaz de indica minha.,1,1,-1.828125,1.0859375,2.9140625,0.05146276578307152,0.9485372304916382,True
5.1570.N,5.1570,N,"Uma pessoa com o apelido Lu, foi para a padaria com suas duas irmãs Ana . Qual o nome da pessoa? Luciana",0,0,2.40625,-2.140625,-4.546875,0.9895108342170715,0.010489091277122498,True
4.573.N,4.573,N,Porque é que os cemitérios têm paredes? Porque as pessoas estão lá dentro.,0,0,0.5390625,-0.890625,-1.4296875,0.8068526387214661,0.19314739108085632,True
5.150.H,5.150,H,"Qual a expressão que hora é de uma pessoa, hora é de todo mundo? Minha Nossa.",1,1,-1.6484375,0.921875,2.5703125,0.07107367366552353,0.9289263486862183,True
4.198.N,4.198,N,"Porque é que a febre tifóide é tão perigosa? Porque ou tu a curas, ou ela agrava-se mesmo.",0,0,0.59375,-0.9609375,-1.5546875,0.8255897164344788,0.17441026866436005,True
5.868.N,5.868,N,Por que o oftamologista foi pra Disney? Pra comprar minnie eye-pads.,0,1,-2.0,1.2734375,3.2734375,0.03649376332759857,0.9635062217712402,False
5.2046.N,5.2046,N,Por que o responsável não compra nas Casas Bahia? Porque não gasta dinheiro em carnês,0,0,1.0625,-1.40625,-2.46875,0.9219217896461487,0.07807816565036774,True
5.1620.N,5.1620,N,Qual é a comida que quase tirou nota dez? Lasanha.,0,0,2.34375,-2.34375,-4.6875,0.9908744096755981,0.00912563782185316,True
5.3958.H,5.3958,H,Qual o esporte favorito dos escoceses? Whisky na neve.,1,0,0.9140625,-1.0390625,-1.953125,0.8757869601249695,0.12421300262212753,False
4.622.H,4.622,H,Que tamanho de roupa vestem as videntes? Tamanho médium.,1,0,-0.123046875,-0.1787109375,-0.0556640625,0.5139124393463135,0.4860875606536865,False
5.2967.N,5.2967,N,Qual a carreira que causa dor e depressão? Ai triste!,0,1,-2.109375,1.171875,3.28125,0.03622005507349968,0.9637799859046936,False
5.2312.H,5.2312,H,Qual é o nome da banda favorita das pessoas cansadas? Exausta samba,1,1,-2.203125,1.515625,3.71875,0.023689469322562218,0.9763104915618896,True
5.1869.H,5.1869,H,Que parte do corpo cuida das coisas? To no zelo,1,1,-2.0625,1.3515625,3.4140625,0.03185885772109032,0.9681411385536194,True
4.288.N,4.288,N,Um homem foi apanhado a roubar um carro . Apanhou 12 meses.,0,0,0.89453125,-1.21875,-2.11328125,0.8921873569488525,0.10781263560056686,True
4.356.N,4.356,N,O Rodolfo adoeceu e o Pai Natal não vai conseguir entregar as prendas . Teve uma insuficiência cardíaca .,0,0,1.6953125,-1.7578125,-3.453125,0.9693241715431213,0.030675802379846573,True
4.262.H,4.262,H,Que nome se dá a um pássaro aleijado? Comdor.,1,1,-1.8984375,1.2734375,3.171875,0.04023794084787369,0.9597620368003845,True
5.211.N,5.211,N,Qual é o urso que muda de opinião toda hora? Urso Pandas.,0,0,-0.259765625,-0.318359375,-0.05859375,0.5146442651748657,0.48535576462745667,True
3.3.N,3.3,N,Por que um policial estava interrogando um saco de cimento? Porque ele queria informações verdadeiras.,0,0,1.375,-1.4375,-2.8125,0.9433475732803345,0.05665242671966553,True
5.3946.N,5.3946,N,O quê o seu Madruga usa pra tomar banho? A bucha.,0,0,1.6953125,-1.59375,-3.2890625,0.9640516638755798,0.03594832122325897,True
4.528.H,4.528,H,Como é que os professores de matemática se mantêm em forma? Com Geometria.,1,0,1.3984375,-1.4609375,-2.859375,0.9458011984825134,0.0541987270116806,False
5.1601.H,5.1601,H,Qual filme conta a história do filho do Shrek? Ogrito.,1,1,-1.2421875,0.609375,1.8515625,0.13568954169750214,0.8643104434013367,True
5.521.H,5.521,H,Qual ator que peida tão alto que ressoa? Francisco Cu Oco.,1,1,-1.5859375,1.2734375,2.859375,0.0541987270116806,0.9458011984825134,True
5.2967.H,5.2967,H,Qual a doença que causa dor e depressão? Ai triste!,1,1,-2.171875,1.25,3.421875,0.031618766486644745,0.9683812260627747,True
5.633.N,5.633,N,Quais vilões se preocupam mais com as poses para foto do que com o destino do seu planeta? Os Tumblrcats.,0,1,-1.2578125,0.91796875,2.17578125,0.10194651782512665,0.8980534672737122,False
5.681.N,5.681,N,Qual matéria da escola pode machucar? Matemática.,0,0,2.515625,-2.453125,-4.96875,0.9930961728096008,0.006903838366270065,True
4.83.N,4.83,N,O que é uma roubalheira? É o ato de roubar uma casa.,0,0,1.1484375,-1.40625,-2.5546875,0.9278878569602966,0.07211221009492874,True
5.1046.N,5.1046,N,Qual o canal para fumantes infantis? Discovery Kids.,0,0,2.0,-1.875,-3.875,0.9796676635742188,0.020332353189587593,True
5.2196.N,5.2196,N,Qual é o Personagem histórico favorito do português? Pedro Álvares Cabral,0,0,2.65625,-2.375,-5.03125,0.9935117363929749,0.006488270126283169,True
5.429.N,5.429,N,Qual o chocolate que dá mais energia? Serenata de amor.,0,1,-1.9921875,0.98046875,2.97265625,0.048676565289497375,0.951323390007019,False
5.432.N,5.432,N,Por que o passarinho perdeu os movimentos? Porque ele teve um derrame.,0,0,1.6640625,-1.5703125,-3.234375,0.9621075391769409,0.0378924235701561,True
5.1093.N,5.1093,N,Qual doença que todos filósofos têm? Gripe.,0,0,2.3125,-2.34375,-4.65625,0.9905874133110046,0.009412589482963085,True
5.2956.H,5.2956,H,Qual é o seriado mexicano sobre um chinês tomando chá? Chá po Lin. ,1,1,-2.328125,1.3671875,3.6953125,0.024237636476755142,0.9757624268531799,True
5.766.H,5.766,H,Qual o bairro de SP favorito do Schwarzenegger?  A Bela Vista Baby.,1,1,-1.3203125,0.69140625,2.01171875,0.11797800660133362,0.8820220232009888,True
4.521.N,4.521,N,Eu não sou supersticioso . Sou só um pouco inseguro.,0,0,1.8046875,-1.6796875,-3.484375,0.9702399373054504,0.029760094359517097,True
5.3508.N,5.3508,N,Qual rapper é também um ótimo detetive? Djonga.,0,1,-1.5234375,0.8203125,2.34375,0.08756384253501892,0.9124361872673035,False
5.2594.H,5.2594,H,Como se referiam a Jesus quando ele ficava bravo? INRItado.,1,1,-2.265625,1.4140625,3.6796875,0.024609927088022232,0.9753900170326233,True
5.1777.H,5.1777,H,Qual cantor romântico adora jogar Far Cry? Armado Batista.,1,1,-1.703125,1.21875,2.921875,0.051082734018564224,0.9489172697067261,True
5.1602.N,5.1602,N,Qual é a novela em que Antônio Fagundes faz uso de entorpecentes? O Rei Do Gado.,0,0,2.125,-1.890625,-4.015625,0.9822876453399658,0.017712298780679703,True
5.3127.H,5.3127,H,Qual programa onde você fala com um carro? Conversa Kombi al.,1,1,-2.1875,1.2421875,3.4296875,0.03138042986392975,0.9686195850372314,True
5.2225.N,5.2225,N,Por que a mulher chorou muito quando roubaram uma de suas joias? Porque foi uma pedra preciosa,0,0,1.46875,-1.578125,-3.046875,0.954647421836853,0.04535257816314697,True
4.313.N,4.313,N,Já abriu a nova discoteca . Chama-se Barracão.,0,0,1.5234375,-1.6875,-3.2109375,0.961243748664856,0.03875619173049927,True
5.1056.H,5.1056,H,Por que a cachorra modernista não latiu? Porque ela Tarsilambendo.,1,1,-2.28125,1.328125,3.609375,0.026355354115366936,0.9736446738243103,True
5.1492.N,5.1492,N,Por que o cowboy largou tudo para trabalhar na KGB? Porque ele era um espião.,0,0,1.9609375,-1.6796875,-3.640625,0.9744347929954529,0.025565214455127716,True
4.98.H,4.98,H,O que é um ponto amarelo no trânsito? É uma limãosine.,1,1,-1.890625,1.109375,3.0,0.04742587357759476,0.9525741338729858,True
5.3385.N,5.3385,N,Qual atriz tá com o demônio no corpo? Zezé Polessa.,0,0,2.71875,-2.78125,-5.5,0.9959298968315125,0.004070138093084097,True
5.3726.H,5.3726,H,Qual humorista não usa microfone de mão? Helio de Lapela,1,1,-2.125,1.4375,3.5625,0.027585284784436226,0.9724147915840149,True
5.728.H,5.728,H,"Qual é o nome da doença que acomete vítimas de sequestro que não têm espelho no cativeiro? Síndrome de ""ESTOU COMO?""",1,0,0.7734375,-1.15625,-1.9296875,0.873214840888977,0.12678518891334534,False
5.385.N,5.385,N,Qual gênero literário não pode ter filhos? Terror.,0,0,2.0625,-2.0625,-4.125,0.9840936064720154,0.01590639166533947,True
5.1641.H,5.1641,H,Qual é a cidade que tem um monte de patos? Jeri Quá-Quara.,1,1,-2.328125,1.5703125,3.8984375,0.019870713353157043,0.9801293015480042,True
5.2578.N,5.2578,N,Qual o programa favorito dos gaúchos? Faustão.,0,0,2.625,-2.4375,-5.0625,0.9937100410461426,0.006289901677519083,True
4.485.N,4.485,N,Há duas formas de os deputados saírem do parlamento: Há com boleia e há sem boleia.,0,0,0.142578125,-0.392578125,-0.53515625,0.6306849718093872,0.36931508779525757,True
4.740.H,4.740,H,O que diz um mineiro antes de usar a picareta? Cavai disto!,1,1,-2.1875,1.203125,3.390625,0.03258974477648735,0.9674102663993835,True
5.1444.N,5.1444,N,Como eu sabia que a gasolina era batizada? Por que quem me atendeu era um frentista.,0,0,1.515625,-1.546875,-3.0625,0.9553191661834717,0.044680871069431305,True
4.232.N,4.232,N,Qual é a banda preferida dos desempregados? Linkin Park.,0,0,1.0703125,-1.1328125,-2.203125,0.9005298018455505,0.09947022050619125,True
5.1378.H,5.1378,H,Por que eu não faço acupuntura? Porque é a maior furada.,1,0,0.64453125,-0.96484375,-1.609375,0.8333246111869812,0.1666754186153412,False
4.121.H,4.121,H,"Como é que se diz ""fim"" em japonês? Sakabô.",1,0,1.75,-1.5390625,-3.2890625,0.9640516638755798,0.03594832122325897,False
5.2113.H,5.2113,H,O que você chama de hamster com 3 pernas? Hamputado,1,1,-2.15625,1.6484375,3.8046875,0.02178117260336876,0.9782188534736633,True
5.2059.H,5.2059,H,Qual é o vírus baixa renda? Corote vírus ,1,1,-2.1875,1.3046875,3.4921875,0.029535338282585144,0.9704646468162537,True
5.3287.N,5.3287,N,Qual o ingrediente principal na comida de quem apanhou? RepOlho Roxo.,0,1,-2.109375,1.4765625,3.5859375,0.026963500306010246,0.973036527633667,False
5.3770.H,5.3770,H,Qual é o site de informações criado pelo Chewbacca? Wookieleaks ,1,1,-2.140625,1.2265625,3.3671875,0.0333368219435215,0.966663122177124,True
4.203.H,4.203,H,Comprei uns sapatos com lâmpadas LED na sola. Pode-se dizer que emitem luz solar.,1,0,1.2734375,-1.5859375,-2.859375,0.9458011984825134,0.0541987270116806,False
5.2643.H,5.2643,H,Qual é o nome de um cabeleireiro? Saulão de Beleza.,1,1,-1.9140625,1.1796875,3.09375,0.043365802615880966,0.9566342234611511,True
4.245.H,4.245,H,Que nome se dá a um homem que via mas agora já não vê? Tobias.,1,0,1.796875,-1.6484375,-3.4453125,0.9690910577774048,0.03090895712375641,False
5.481.N,5.481,N,Por que a jogadora de voleibol foi internada no hospício? Porque ela não estava batendo bem.,0,0,1.140625,-1.5390625,-2.6796875,0.9358173608779907,0.06418263912200928,True
4.397.N,4.397,N,Porque é que os portugueses emigram para o Canadá? Porque querem.,0,0,1.7890625,-1.375,-3.1640625,0.9594592452049255,0.04054073989391327,True
5.3577.H,5.3577,H,Qual doença comum entre os viciados em internet? Youtuberculose.,1,1,-1.6640625,1.125,2.7890625,0.057918086647987366,0.942081868648529,True
4.657.N,4.657,N,O Aníbal foi ao Campeonato do Mundo e apareceu na TV . Ficou conhecido naquele Mundial.,0,0,0.98828125,-1.3125,-2.30078125,0.9089417457580566,0.09105828404426575,True
4.324.N,4.324,N,Quais são as escadas que demoram mais a subir? São as escadas em pedra.,0,0,0.83984375,-0.953125,-1.79296875,0.8572908639907837,0.1427091360092163,True
5.1595.N,5.1595,N,O que acontece quando uma turma de cegos se forma? Um baile de formatura,0,0,1.5390625,-1.59375,-3.1328125,0.9582260847091675,0.04177388176321983,True
5.1043.N,5.1043,N,Qual é o pokémon da umbanda? O Olorum,0,0,-0.36328125,-0.435546875,-0.072265625,0.5180585384368896,0.48194143176078796,True
5.1641.N,5.1641,N,Qual é a cidade que tem um monte de patos? Pirassununga.,0,0,2.1875,-2.109375,-4.296875,0.9865716695785522,0.013428254052996635,True
5.778.H,5.778,H,Por que o cara que não fazia exercícios prestou odonto?  Pra ser dentário.,1,0,1.3359375,-1.40625,-2.7421875,0.9394705891609192,0.06052938848733902,False
4.336.H,4.336,H,"Hoje davam chuva só para o continente, mas há bocado passei pelo Lidl e também estava a chover.",1,0,-0.154296875,-0.1650390625,-0.0107421875,0.502685546875,0.4973144829273224,False
5.3060.N,5.3060,N,Qual o nome do assassino voador? Drone.,0,0,1.7578125,-1.71875,-3.4765625,0.9700134992599487,0.029986508190631866,True
4.346.N,4.346,N,Que nome se dá a alguém que não acredita nas alterações climáticas? Pessoa teimosa.,0,0,2.296875,-2.078125,-4.375,0.9875683188438416,0.012431650422513485,True
4.367.H,4.367,H,Porque é que a Branca de Neve desmaiou ao comer a maçã? Apanhou sidra.,1,0,0.80859375,-1.0078125,-1.81640625,0.8601343035697937,0.13986565172672272,False
5.3350.N,5.3350,N,"Por que o time do inferno ganhou o jogo contra o céu? "" Porque a gente batalhou o tempo todo e superamos o melhor de si "".",0,0,0.609375,-0.9140625,-1.5234375,0.8210441470146179,0.17895591259002686,True
4.360.H,4.360,H,Porque é que o panado se divorciou? Porque a mulher não servia panada.,1,1,-1.125,0.55859375,1.68359375,0.15662017464637756,0.8433797955513,True
