id,pair_id,suffix,text,true_label,predicted_label,logit_non_pun,logit_pun,pun_score,probability_non_pun,probability_pun,correct
4.103.H,4.103,H,Qual é a única coisa que se faz sempre em numeração romana? XI XI.,1,1,-0.79150390625,0.951171875,1.74267578125,0.14897339046001434,0.8510265946388245,True
5.28.N,5.28,N,Qual é a modelo mais bela que existe? Gisele Bündchen.,0,0,1.9833984375,-2.20703125,-4.1904296875,0.9850859642028809,0.014913982711732388,True
4.600.H,4.600,H,O que são quatro pontos pretos no chão? Fourmigas.,1,1,-1.0068359375,1.02734375,2.0341796875,0.11566072702407837,0.8843392729759216,True
5.1378.N,5.1378,N,Por que eu não faço esporte? Porque é a maior furada.,0,1,0.0249786376953125,0.259765625,0.2347869873046875,0.4415713846683502,0.5584285855293274,False
5.1777.N,5.1777,N,Qual é o contrário de Otorrinolaringologista? atsigologniralonirroto.,0,1,-0.9853515625,1.146484375,2.1318359375,0.1060408279299736,0.8939591646194458,False
5.1772.H,5.1772,H,O que um diretor da Ubisoft foi fazer na África? Um SaFari Cry.,1,1,-1.0458984375,1.2314453125,2.27734375,0.09301679581403732,0.9069831967353821,True
5.1714.H,5.1714,H,Você gosta de Katy Perry? Katy perguntou?,1,0,0.91357421875,-0.8662109375,-1.77978515625,0.8556703329086304,0.14432966709136963,False
4.264.N,4.264,N,Porque é que na escola as meninas desenham sempre florzinhas e coraçõezinhos no caderno? Porque assim decoram o caderno.,0,0,1.1318359375,-1.4970703125,-2.62890625,0.9326989054679871,0.06730107218027115,True
5.1205.N,5.1205,N,Por que o pessoal do Nordeste se orgulha do GPS? Porque ele fala: Você chegou no destino.,0,0,2.099609375,-1.1533203125,-3.2529296875,0.9627782702445984,0.037221759557724,True
5.1050.N,5.1050,N,Qual a serie de anime que louva o tabaco? One Piece.,0,1,-0.399169921875,0.08831787109375,0.48748779296875,0.38048556447029114,0.6195144057273865,False
5.2882.N,5.2882,N,Personagem que adora Leite? Pernalonga,0,1,-0.89501953125,1.1884765625,2.08349609375,0.11071130633354187,0.8892887234687805,False
5.3127.N,5.3127,N,Qual programa onde você fala com um carro? O assistente pessoal.,0,0,1.8154296875,-2.046875,-3.8623046875,0.9794132709503174,0.020586777478456497,True
5.16.H,5.16,H,Para onde as pulgas vão quando morrem? Para o pulgatório.,1,1,0.01678466796875,0.55078125,0.53399658203125,0.36958521604537964,0.6304147839546204,True
5.2393.H,5.2393,H,Qual é o canal infantil que só transmite batida de carro? Car Tum Network.,1,1,-0.7626953125,1.1416015625,1.904296875,0.1296229213476181,0.8703770637512207,True
5.4014.N,5.4014,N,Por que no interiorzão não dá pra ouvir música? Porque lá o silêncio impera.,0,0,1.59375,-0.595703125,-2.189453125,0.8992984294891357,0.10070161521434784,True
5.3741.N,5.3741,N,Qual comentarista esportivo se gaba da reforma em seu domicílio? Galvão Bueno.,0,0,1.8974609375,-1.9794921875,-3.876953125,0.9797065258026123,0.02029348723590374,True
5.3523.N,5.3523,N,Em qual brincadeira eu só aceito gente inteligente? Tiro ao alvo.,0,0,1.166015625,-1.2119140625,-2.3779296875,0.9151287078857422,0.08487121760845184,True
4.633.N,4.633,N,Vira-se uma secretária para outra: Esta folha é tua ou é impressão minha?,0,0,1.37890625,-1.3525390625,-2.7314453125,0.938856840133667,0.06114313751459122,True
4.644.H,4.644,H,"Para quem não viu o eclipse ontem à noite, no fim o Edward fica com a Bella.",1,0,1.3447265625,-0.84228515625,-2.18701171875,0.8990771174430847,0.10092291980981827,False
5.26.N,5.26,N,Qual grupo de pagode odeia o final dos parabéns? Só pra Contrariar.,0,0,0.301513671875,0.11199951171875,-0.18951416015625,0.5472372770309448,0.45276275277137756,True
5.56.H,5.56,H,Qual creme de barbear parece um esperma? Gozzano.,1,1,-0.26611328125,0.80029296875,1.06640625,0.25608712434768677,0.7439128756523132,True
5.3625.H,5.3625,H,Qual a banda que ajuda as pessoas a alcançar a seu destino?  Owazes.,1,1,-0.51025390625,0.11328125,0.62353515625,0.3489778935909271,0.6510221362113953,True
5.850.N,5.850,N,Qual o X-Men que morre de vontade de conhecer o Inri Cristo? Charles Xavier.,0,1,0.045318603515625,0.28466796875,0.239349365234375,0.440446674823761,0.5595532655715942,False
5.26.H,5.26,H,Qual grupo de pagode odeia o final dos parabéns? Sopra Contrariado.,1,1,-0.9736328125,1.23046875,2.2041015625,0.09938276559114456,0.9006171822547913,True
5.2760.N,5.2760,N,Qual o grupo musical favorito dos leões? Queen.,0,0,1.7060546875,-2.1484375,-3.8544921875,0.9792551398277283,0.020744891837239265,True
4.287.N,4.287,N,O que diz uma pessoa quando entra na casa de banho? Que cheiro!,0,0,1.3056640625,-1.724609375,-3.0302734375,0.953923225402832,0.046076808124780655,True
5.2679.H,5.2679,H,Qual padre é um cavalo? Marcelo Horse.,1,1,-0.5810546875,0.84619140625,1.42724609375,0.19352811574935913,0.8064718246459961,True
5.3508.H,5.3508,H,Qual rapper é também um ótimo detetive? Marcelo Deduz.,1,1,-0.79248046875,1.0380859375,1.83056640625,0.13817080855369568,0.8618291616439819,True
5.3530.N,5.3530,N,Como se chama a tatuagem feita num velho? Tatuagem no vô.,0,1,-0.7421875,1.0810546875,1.8232421875,0.13904529809951782,0.8609547019004822,False
4.253.H,4.253,H,Porque é que os polícias não gostam de sabão? Porque preferem deter gente.,1,1,-0.07000732421875,0.78759765625,0.85760498046875,0.2978399693965912,0.7021600008010864,True
5.2675.N,5.2675,N,Qual cantor sempre manda uma jogada boa no baralho? Nando Reis.,0,0,2.26171875,-2.607421875,-4.869140625,0.9923785924911499,0.007621430326253176,True
5.1980.H,5.1980,H,Qual o dispositivo usado pra enxergar melhor uma determinada nota musical? Óculos de Sol ,1,0,1.5107421875,-1.64453125,-3.1552734375,0.9591160416603088,0.04088399559259415,False
4.544.N,4.544,N,"A Érica e a Ester decidiram adotar uma jovem . Quando ela soube, ficou feliz.",0,0,2.0859375,-1.537109375,-3.623046875,0.973993182182312,0.026006784290075302,True
5.420.N,5.420,N,Qual fruta nasce às margens do Rio Negro? Maçãs.,0,0,1.6484375,-1.9833984375,-3.6318359375,0.9742149114608765,0.02578507922589779,True
5.1837.H,5.1837,H,Qual é o apresentador que me dá tesão? Otávio me Excita,1,1,-0.8603515625,1.064453125,1.9248046875,0.12732674181461334,0.8726732134819031,True
5.1602.H,5.1602,H,Qual é a novela em que Antônio Fagundes faz uso de entorpecentes? O Rei Dro Gado.,1,0,0.94580078125,-0.2490234375,-1.19482421875,0.767602801322937,0.23239724338054657,False
4.573.H,4.573,H,Porque é que os cemitérios têm paredes? Porque as pessoas estão mortinhas por entrar lá dentro.,1,0,0.53125,-0.07373046875,-0.60498046875,0.6467949151992798,0.3532050549983978,False
5.2189.N,5.2189,N,Quem é a cantora que trabalha com transporte público nos Estados Unidos?  Beyoncé,0,0,2.341796875,-2.5,-4.841796875,0.9921689629554749,0.007831049151718616,True
4.360.N,4.360,N,Porque é que o Pedro se divorciou? Porque a mulher não servia para nada.,0,0,1.07421875,-0.59814453125,-1.67236328125,0.8418906927108765,0.15810935199260712,True
5.1303.H,5.1303,H,Qual o chá preferido dos britânicos para se acalmar? C'mon Mila.,1,1,-0.775390625,1.14453125,1.919921875,0.12787029147148132,0.8721297383308411,True
5.2415.H,5.2415,H,Qual é a cidade que quer ser um instrumento musical?  Itaquaquecetuba.,1,0,1.140625,-1.4990234375,-2.6396484375,0.9333701133728027,0.06662989407777786,False
4.630.H,4.630,H,Por que é que os surfistas comem a comida fria? Porque detestam micro ondas.,1,1,-0.2423095703125,0.5341796875,0.7764892578125,0.315077006816864,0.684922993183136,True
5.85.N,5.85,N,Qual é a tartaruga ninja que vive na Disney? O Miquelângelo.,0,1,-0.5146484375,0.884765625,1.3994140625,0.19790910184383392,0.8020908832550049,False
5.976.N,5.976,N,Qual passarinho adora televisão? Pardal.,0,0,1.275390625,-1.5009765625,-2.7763671875,0.9413852691650391,0.058614686131477356,True
5.3987.N,5.3987,N,"Qual artista pop era porco gordo, mas era irresistível? Baicon Jackson.",0,0,1.2607421875,-0.89697265625,-2.15771484375,0.89638751745224,0.1036124899983406,True
5.848.H,5.848,H,Qual personagem da Disney que ninguém gosta? Amarga Rida.,1,1,-1.0205078125,1.18359375,2.2041015625,0.09938276559114456,0.9006171822547913,True
5.1981.H,5.1981,H,Como se chama o ato de um ministro comer a primeira dama? Uma metida provisória ,1,1,-0.9404296875,1.267578125,2.2080078125,0.09903369098901749,0.9009662866592407,True
5.933.H,5.933,H,Qual é o nome do especialista em temperar carnes que não se esquecia do passado?  O Sal Dosista.,1,1,-0.888671875,1.1044921875,1.9931640625,0.11992251873016357,0.8800774812698364,True
5.3610.H,5.3610,H,Qual é a série em que todo mundo que é policial tem que sair? C.S.I.,1,0,1.4814453125,-0.8076171875,-2.2890625,0.907967209815979,0.09203285723924637,False
5.167.H,5.167,H,"O que o padrinho da faca disse?  ""Oi, afiado"".",1,1,-0.642578125,0.8798828125,1.5224609375,0.1790994107723236,0.820900559425354,True
5.489.N,5.489,N,Qual piloto tem pacto com o Diabo? Barrichello.,0,0,1.9755859375,-2.37109375,-4.3466796875,0.9872158169746399,0.012784186750650406,True
5.2012.H,5.2012,H,Que apresentador vive tomando Dramin? Rodri Gorfaro ,1,1,-0.67919921875,0.8583984375,1.53759765625,0.17688478529453278,0.8231152892112732,True
5.1381.N,5.1381,N,Por que colocaram uma cama elástica no Polo Norte? Para o urso brincar.,0,0,0.85986328125,-0.953125,-1.81298828125,0.8597226738929749,0.14027737081050873,True
4.95.N,4.95,N,Qual é a única profissão que necessita de verniz de unhas para trabalhar? É a manicure.,0,0,1.7265625,-1.923828125,-3.650390625,0.9746769666671753,0.025323059409856796,True
5.823.N,5.823,N,Qual a banda que não deve nada pra ninguém? Skank.,0,0,2.0,-2.3125,-4.3125,0.9867772459983826,0.013222822919487953,True
5.1116.H,5.1116,H,Por que os jacarés só andavam em dois? Porque são reptildos.,1,1,-0.65185546875,0.9326171875,1.58447265625,0.17016297578811646,0.8298370838165283,True
5.3119.N,5.3119,N,Qual o nome da mãe do super-herói que nunca vai em praia com águas geladas? Martha Wayne.,0,0,1.384765625,-1.455078125,-2.83984375,0.9447912573814392,0.055208686739206314,True
5.415.H,5.415,H,Qual é o restaurante favorito dos maconheiros? O Outbeck.,1,1,-0.68505859375,1.017578125,1.70263671875,0.15412119030952454,0.8458787798881531,True
4.11.H,4.11,H,Qual é o animal mais romântico? É a amêijoa. Porque dorme em conchinha.,1,1,-1.025390625,1.1904296875,2.2158203125,0.0983387902379036,0.901661217212677,True
5.594.H,5.594,H,O que um irmão siamês falou pro outro? Tamo Junto!,1,1,0.326904296875,0.358642578125,0.03173828125,0.4920661151409149,0.5079339146614075,True
4.678.N,4.678,N,Acabei de abrir a conta da água e a conta da luz ao mesmo tempo . Fiquei em pânico .,0,0,1.7919921875,-1.560546875,-3.3525390625,0.9661878347396851,0.03381211683154106,True
4.645.N,4.645,N,"Se um dia te oferecerem uns óculos sem lentes, tem cuidado! Pode ser engano.",0,0,1.6767578125,-1.232421875,-2.9091796875,0.9482983350753784,0.05170163884758949,True
5.728.N,5.728,N,"Qual é o nome da doença que acomete vítimas de sequestro que não têm espelho no cativeiro? Síndrome de "" Estocolmo? """,0,0,0.57421875,-0.08294677734375,-0.65716552734375,0.6586233973503113,0.3413766324520111,True
5.1049.H,5.1049,H,Qual bebiba te dá superpoder? Chá zam.,1,1,-0.9130859375,1.068359375,1.9814453125,0.12116485834121704,0.878835141658783,True
5.3578.N,5.3578,N,O que o advogado deixou para os filhos? Seu carro.,0,0,2.412109375,-2.509765625,-4.921875,0.9927672147750854,0.007232763804495335,True
5.62.N,5.62,N,Qual é a atriz que só usa roupa da Zara? Taís Araújo.,0,0,2.17578125,-2.4296875,-4.60546875,0.9901019334793091,0.009898063726723194,True
5.591.N,5.591,N,Qual cerveja é do Rio de Janeiro? Schincarioca.,0,1,-0.859375,1.048828125,1.908203125,0.1291828602552414,0.8708171844482422,False
5.2985.N,5.2985,N,Qual animal é coach? O homem.,0,0,2.3515625,-2.439453125,-4.791015625,0.9917643666267395,0.008235630579292774,True
5.3569.N,5.3569,N,Em que momento do dia seus segredos são revelados? No amanhecer do sol.,0,0,0.8740234375,-0.98291015625,-1.85693359375,0.8649391531944275,0.1350608766078949,True
5.2974.N,5.2974,N,Qual banda que sempre usa tenis? Oasics.,0,1,-0.498779296875,0.83984375,1.338623046875,0.2077365666627884,0.7922634482383728,False
5.2046.H,5.2046,H,Por que o vegano não compra nas Casas Bahia? Porque não gasta dinheiro em carnês ,1,0,0.46044921875,-0.0711669921875,-0.5316162109375,0.6298600435256958,0.370140016078949,False
5.2312.N,5.2312,N,Qual é o nome da banda favorita das pessoas cansadas? Capital Inicial,0,0,2.001953125,-1.9677734375,-3.9697265625,0.9814712405204773,0.01852879673242569,True
4.381.N,4.381,N,O que acontece quando metes um tomate no micro-ondas? Estraga o molho.,0,1,-0.278076171875,-0.26171875,0.016357421875,0.49591073393821716,0.5040892958641052,False
5.4098.H,5.4098,H,Qual molho é sempre servido em proporções exageradas? De Too Much.,1,1,-0.943359375,1.2109375,2.154296875,0.10393038392066956,0.8960696458816528,True
5.1486.N,5.1486,N,Qual gata que entrou e logo depois saiu do chat? Bola de Neve.,0,0,0.77685546875,-0.84033203125,-1.6171875,0.8344069123268127,0.16559310257434845,True
4.564.H,4.564,H,"Como é que se diz ""peido"" em árabe? Al-bufeira.",1,1,-1.0322265625,1.27734375,2.3095703125,0.09033343195915222,0.9096665382385254,True
4.633.H,4.633,H,Vira-se uma impressora para outra: Esta folha é tua ou é impressão minha?,1,0,1.09375,-1.1259765625,-2.2197265625,0.9020070433616638,0.09799297899007797,False
4.400.H,4.400,H,Que nome se dá a um professor com os dentes grandes? Ca-stor.,1,1,-0.89990234375,1.2666015625,2.16650390625,0.10279902815818787,0.8972009420394897,True
5.1317.N,5.1317,N,Qual cantora sempre se desculpa? Simone.,0,0,2.39453125,-2.724609375,-5.119140625,0.99405437707901,0.00594559870660305,True
5.3353.N,5.3353,N,Qual a música mais ouvida nas cordilheiras? O canto dos pássaros.,0,0,1.7890625,-2.029296875,-3.818359375,0.9785082340240479,0.02149176597595215,True
4.367.N,4.367,N,Porque é que a Branca de Neve desmaiou ao comer a maçã? Apanhou uma indigestão.,0,0,1.5439453125,-1.78515625,-3.3291015625,0.9654138088226318,0.03458621725440025,True
5.639.N,5.639,N,Qual é o caranguejo que só sai à noite? O real.,0,0,0.236328125,-0.2276611328125,-0.4639892578125,0.6139600872993469,0.3860399127006531,True
5.2506.N,5.2506,N,Qual é o biscoito mais temido da mitologia? Maria e Maisena.,0,1,-0.61865234375,0.8857421875,1.50439453125,0.18177101016044617,0.8182290196418762,False
5.1872.H,5.1872,H,Que ator gringo deixa a cidade limpa? Denzel wash town ,1,1,-0.7373046875,0.96337890625,1.70068359375,0.15437601506710052,0.8456240296363831,True
5.3530.H,5.3530,H,Como se chama a tatuagem feita num velho? Art no vô.,1,1,-0.939453125,1.34375,2.283203125,0.09252365678548813,0.9074763655662537,True
5.2083.N,5.2083,N,Qual figura do carnaval que dá em cima das mulheres? Boneco de Olinda!,0,0,1.5546875,-1.921875,-3.4765625,0.9700134992599487,0.029986508190631866,True
5.4014.H,5.4014,H,Por que no interiorzão não dá pra ouvir música? Porque lá o spotifaia.,1,1,-1.005859375,1.365234375,2.37109375,0.08540366590023041,0.9145963191986084,True
5.2014.N,5.2014,N,Em que parte do casa todos se encontram? Na área de lazer,0,0,2.099609375,-2.068359375,-4.16796875,0.984752357006073,0.015247589908540249,True
5.823.H,5.823,H,Qual a banda que não deve nada pra ninguém? Jaquitou 5.,1,1,-0.91552734375,1.1826171875,2.09814453125,0.10927730053663254,0.8907226920127869,True
5.1.N,5.1,N,Qual X-Men nunca falta ao trabalho? Ciclops.,0,0,0.2249755859375,-0.192138671875,-0.4171142578125,0.6027925610542297,0.39720746874809265,True
5.1297.N,5.1297,N,Qual candidato é doador de órgãos? Cabo Daciolo.,0,0,0.59619140625,-0.2322998046875,-0.8284912109375,0.6960358023643494,0.30396419763565063,True
4.529.H,4.529,H,O que são oito Hobbits? Um Hobbyte.,1,1,-0.83154296875,1.025390625,1.85693359375,0.1350608766078949,0.8649391531944275,True
5.1736.H,5.1736,H,O que o ciclista disse logo após terminar o namoro em cima da linha de largada? Tô na pista! ,1,0,1.9560546875,-1.2294921875,-3.185546875,0.9602867364883423,0.039713259786367416,False
5.1972.H,5.1972,H,Qual o item que se encontra em pior estado na sua casa? All Mofada,1,1,-0.92431640625,1.1396484375,2.06396484375,0.11264889687299728,0.8873510956764221,True
5.148.N,5.148,N,Qual é o cantor favorito dos brasileiros? Toquinho.,0,0,2.32421875,-2.611328125,-4.935546875,0.992864727973938,0.007135252468287945,True
4.32.N,4.32,N,"Era uma vez duas pizzas . Uma estava triste, então a outra vira-se: sorri.",0,0,1.3896484375,-1.4052734375,-2.794921875,0.9424007534980774,0.057599205523729324,True
5.217.N,5.217,N,O que usam para fazer as bonecas Barbie? Aparelho de moldar.,0,0,0.84619140625,-1.12890625,-1.97509765625,0.8781575560569763,0.1218423992395401,True
4.287.H,4.287,H,O que diz um ouriço quando entra na casa de banho? Cacheiro!,1,1,-0.70556640625,1.0439453125,1.74951171875,0.14810879528522491,0.8518912196159363,True
4.67.H,4.67,H,Porque é que as galinhas não gostam de ralis? Porque não vêem nada capoeira.,1,1,-1.0458984375,1.2705078125,2.31640625,0.08977328985929489,0.9102267622947693,True
5.2047.N,5.2047,N,"Qual conto mostra a história de alguém que acha a esposa linda, mas quando ela o procura de noite, ele nega? A pequena sereia.",0,0,1.5341796875,-1.6708984375,-3.205078125,0.9610249400138855,0.0389750711619854,True
5.1782.N,5.1782,N,Por que o alfaiate foi expulso da balada? Porque ele faltou com respeito.,0,0,2.08203125,-0.94921875,-3.03125,0.9539660811424255,0.04603390395641327,True
5.137.H,5.137,H,"Se o Kid Bengala fosse um personagem da Caverna do Dragão, quem o ajudaria a voltar para casa? Mestre dos Bagos.",1,1,-0.66455078125,1.0322265625,1.69677734375,0.1548866182565689,0.8451133966445923,True
5.1545.N,5.1545,N,Qual comida que tá sempre faminta? Far ofa.,0,1,-1.0263671875,1.2822265625,2.30859375,0.09041372686624527,0.9095863103866577,False
5.1998.N,5.1998,N,Qual é o animal que mais suja crianças? Gambá,0,1,-0.58984375,0.798828125,1.388671875,0.19961987435817719,0.8003801107406616,False
4.638.N,4.638,N,"O amor é como um jogo de sueca . Ou se tem um bom parceiro, ou o melhor mesmo é ter uma boa carta.",0,1,-0.058197021484375,0.4189453125,0.477142333984375,0.38292714953422546,0.6170728206634521,False
5.3666.N,5.3666,N,Qual dublador que não toma banho? Mário Jorge.,0,0,1.8974609375,-2.32421875,-4.2216796875,0.9855382442474365,0.014461765065789223,True
4.129.H,4.129,H,Que nome se dá a uma freira no casino? Católica apostólica.,1,1,-0.658203125,0.89697265625,1.55517578125,0.17433996498584747,0.825659990310669,True
4.280.N,4.280,N,Qual é o animal mais estranho? É o Papa-formigas.,0,0,0.3515625,-0.77197265625,-1.12353515625,0.7546439170837402,0.24535614252090454,True
5.1098.H,5.1098,H,Qual a sobremesa oficial da Marvel?  A THORta.,1,1,-1.0361328125,1.263671875,2.2998046875,0.09113915264606476,0.9088609218597412,True
4.277.H,4.277,H,Como é que os alpinistas se cumprimentam? Cume é que é!,1,1,-0.52880859375,0.96923828125,1.498046875,0.1827169954776764,0.8172829747200012,True
5.2012.N,5.2012,N,Que apresentador vive tomando Dramin? Rodrigo Faro,0,0,2.33203125,-2.427734375,-4.759765625,0.9915052056312561,0.008494837209582329,True
5.1982.N,5.1982,N,Quem cuida da documentação na floresta? O cartório,0,0,2.0546875,-1.8720703125,-3.9267578125,0.9806734323501587,0.0193265862762928,True
5.2751.H,5.2751,H,Qual aviamento não para quieto? Os Zíper Ativos,1,1,-0.8994140625,0.97802734375,1.87744140625,0.13268303871154785,0.8673169612884521,True
5.1549.H,5.1549,H,Qual site de relacionamento só para menores de 18 anos? Teender.,1,1,-0.986328125,1.181640625,2.16796875,0.10266400873661041,0.897335946559906,True
4.290.N,4.290,N,Como é que o menino ficou zarolho? A mãe estava a cozinhar e disse-lhe: Luís vou ali à loja . Deita-me aí um alho na comida.,0,1,-0.51416015625,0.333251953125,0.847412109375,0.29997602105140686,0.7000240087509155,False
5.2538.H,5.2538,H,Qual atriz da Globo tem o olho torto? Marieta Serveró.,1,1,-0.6357421875,0.939453125,1.5751953125,0.17147701978683472,0.8285229802131653,True
4.436.H,4.436,H,Sementes. Deus castiga.,1,0,0.07720947265625,-0.5966796875,-0.67388916015625,0.662373423576355,0.33762654662132263,False
5.1158.N,5.1158,N,Qual o presidente que foi beber água e não achou nada? Collor.,0,0,2.15625,-2.259765625,-4.416015625,0.9880620241165161,0.011938038282096386,True
4.565.H,4.565,H,Qual é o chocolate que só tem duas semanas de validade? O Twix.,1,1,-0.6201171875,0.8642578125,1.484375,0.18476751446723938,0.815232515335083,True
4.32.H,4.32,H,"Era uma vez duas pizzas. Uma estava triste, então a outra vira-se: pizza-ria.",1,1,-0.7578125,1.201171875,1.958984375,0.12357699871063232,0.8764230012893677,True
4.183.H,4.183,H,Como é que o António se chama quando anda de autocarro? Tony Carreira.,1,1,-0.60205078125,0.93310546875,1.53515625,0.1772405207157135,0.8227594494819641,True
5.202.N,5.202,N,Por que o Sílvio Santos só entra em casa depois que o olho dele é escaneado? Porque a porta só abre com reconhecimento de Íris.,0,1,-0.64404296875,0.9599609375,1.60400390625,0.16742277145385742,0.8325772285461426,False
5.1492.H,5.1492,H,Por que o cowboy largou tudo para trabalhar na KGB? Porque ele era um ex-pião.,1,1,-0.90869140625,1.1328125,2.04150390625,0.1149136871099472,0.8850862979888916,True
4.106.H,4.106,H,Qual é a flor que os homens mais gostam de oferecer às mulheres? Tulimpas.,1,1,-0.86669921875,1.1181640625,1.98486328125,0.12080135196447372,0.8791986107826233,True
4.753.H,4.753,H,O meu pai tem uma loja de material elétrico. É por isso que tenho pilhas de graça.,1,0,-0.10418701171875,-0.36865234375,-0.26446533203125,0.5657336711883545,0.4342663586139679,False
5.3610.N,5.3610,N,Qual é a série em que todo mundo que é policial tem que sair? Dr. House,0,0,1.7041015625,-2.048828125,-3.7529296875,0.9770883321762085,0.022911692038178444,True
4.58.H,4.58,H,O que são cinco pontos coloridos num jardim? São os Flower Rangers.,1,1,-0.401611328125,0.796875,1.198486328125,0.23174458742141724,0.768255352973938,True
5.1088.H,5.1088,H,Qual cidade vive resfriada? Atchimbaia,1,0,1.19140625,-0.59326171875,-1.78466796875,0.8562723398208618,0.14372770488262177,False
5.555.N,5.555,N,Qual o sanduíche preferido da turma do Chaves? Misto.,0,0,1.634765625,-2.07421875,-3.708984375,0.9760836362838745,0.02391638606786728,True
4.521.H,4.521,H,Eu não sou supersticioso. Sou só um pouco sticioso.,1,1,-0.094482421875,0.408203125,0.502685546875,0.3769097328186035,0.6230902671813965,True
4.158.N,4.158,N,Uma mulher estava indecisa entre comprar uma blusa azul e uma vermelha . Acabou por levar a vermelha . Qual é o filme? Lagoa azul.,0,0,1.1806640625,-1.7236328125,-2.904296875,0.9480584859848022,0.051941562443971634,True
5.1673.H,5.1673,H,Qual é o nome para se colocar na filha do salva-vidas? Socorro.,1,0,2.333984375,-2.26171875,-4.595703125,0.9900057911872864,0.009994227439165115,False
5.1549.N,5.1549,N,Qual site de relacionamento só para maiores de 18 anos? Tinder.,0,0,2.099609375,-2.38671875,-4.486328125,0.988863468170166,0.011136501096189022,True
4.56.N,4.56,N,Porque é que os contabilistas são bons a fazer contas? Porque tabuada é com eles.,0,1,-0.6083984375,0.71630859375,1.32470703125,0.2100362479686737,0.7899637818336487,False
5.263.H,5.263,H,Qual é o nome do filme protagonizado por duas motos bem nervosas? Fúria de titãs.,1,0,0.51123046875,-0.6875,-1.19873046875,0.768298864364624,0.23170112073421478,False
5.872.N,5.872,N,Qual comediante vive com calor? Renato Aragão.,0,0,2.546875,-2.740234375,-5.287109375,0.9949690699577332,0.005030917003750801,True
4.505.H,4.505,H,"O casamento é muito bonito e tal, mas se casares com a pessoa errada, é como a COVID-19. Todo os dias novos casos.",1,1,-0.1600341796875,0.59912109375,0.7591552734375,0.3188296854496002,0.6811702847480774,True
5.3736.H,5.3736,H,Qual clube campeão da Libertadores consegue segurar bebês gêmeos? Colo-Colo.,1,0,0.70654296875,-0.5009765625,-1.20751953125,0.769859790802002,0.23014023900032043,False
5.1613.N,5.1613,N,"Como se faz para uma laranja virar uma cobra? Faz cosquinha nela, aí nada acontece.",0,0,0.74365234375,-0.50048828125,-1.244140625,0.7762839198112488,0.22371606528759003,True
5.85.H,5.85,H,Qual é a tartaruga ninja que vive na Disney?  O Mickeylângelo.,1,1,-0.76025390625,1.125,1.88525390625,0.13178656995296478,0.8682134747505188,True
4.637.N,4.637,N,O que faz uma pessoa surda? Finge que ouve.,0,0,1.955078125,-2.15625,-4.111328125,0.9838781356811523,0.016121825203299522,True
4.201.N,4.201,N,Era uma vez uma cidade onde quase todas as motos eram Yamaha . Qual é o filme? Pocahontas.,0,1,-0.8408203125,1.080078125,1.9208984375,0.12776140868663788,0.8722385764122009,False
5.2647.N,5.2647,N,Qual apresentador é o mais duas caras? Luciano Huck.,0,0,2.146484375,-2.537109375,-4.68359375,0.9908389449119568,0.009161027148365974,True
5.3546.H,5.3546,H,"Qual o seriado de tv do cara que sempre quer um pouco da comida dos outros? Hum, maluco, dá um pedaço!",1,1,-0.49462890625,0.85302734375,1.34765625,0.2062537968158722,0.7937461733818054,True
5.1849.N,5.1849,N,Qual é o cantor que tá sempre na cena de um crime? Zeca baleiro.,0,1,-0.0278167724609375,0.54736328125,0.5751800537109375,0.36004242300987244,0.6399575471878052,False
5.1182.H,5.1182,H,Por que o Chico Buarque foi preso na saída do Santander? Por Assaltimbanco.,1,1,-0.7255859375,1.1318359375,1.857421875,0.13500383496284485,0.8649961352348328,True
4.696.N,4.696,N,"Acabei de comprar um livro chamado "" Caminhadas para Totós "" . É um guia para passear a pé.",0,0,0.12432861328125,-0.496337890625,-0.62066650390625,0.6503701210021973,0.3496299088001251,True
4.678.H,4.678,H,Acabei de abrir a conta da água e a conta da luz ao mesmo tempo. Fiquei em choque.,1,0,1.6748046875,-1.458984375,-3.1337890625,0.9582651257514954,0.041734807193279266,False
5.793.H,5.793,H,Qual a rede social mais usada pelas mulheres no Oriente Médio? Faceburca.,1,1,-0.8505859375,1.099609375,1.9501953125,0.1245320737361908,0.8754679560661316,True
4.63.H,4.63,H,O que é que se faz num velório de lésbicas? Um minete de silêncio.,1,1,0.1981201171875,0.288330078125,0.0902099609375,0.4774627983570099,0.5225372314453125,True
4.17.N,4.17,N,Em que local do planeta se encontram mais leprosos? Na Ilha Sorokdo.,0,1,-0.358642578125,0.66064453125,1.019287109375,0.2651662826538086,0.7348337173461914,False
5.3651.H,5.3651,H,Qual anime foi baseado na versao brasileira de um futebolista mediamente famoso? Drogba o zé.,1,1,-0.9482421875,1.064453125,2.0126953125,0.11787641793489456,0.882123589515686,True
4.281.N,4.281,N,Porque é que a galinha fez um striptease na capoeira? Para chocar os galos.,0,1,0.07342529296875,0.308349609375,0.23492431640625,0.4415375590324402,0.558462381362915,False
5.148.H,5.148,H,Qual é o cantor favorito dos anões? Toquinho.,1,0,1.6494140625,-2.21875,-3.8681640625,0.9795310497283936,0.02046896517276764,False
5.569.H,5.569,H,"Qual personagem histórico sempre pede um sorvetão? Alesundae, o Grande.",1,1,-0.9287109375,1.189453125,2.1181640625,0.10734386742115021,0.8926560878753662,True
5.3825.N,5.3825,N,Qual o mês do Popó? Agosto.,0,0,0.2091064453125,-0.58544921875,-0.7945556640625,0.6888087391853333,0.3111913204193115,True
5.1093.H,5.1093,H,Qual doença que todos filósofos têm? Tendi Nietzsche.,1,1,-0.98583984375,1.1455078125,2.13134765625,0.10608711838722229,0.8939128518104553,True
5.850.H,5.850,H,Qual o X-Men que morre de vontade de conhecer o Inri Cristo? Vou ver Inri.,1,1,-0.6787109375,0.94921875,1.6279296875,0.16411416232585907,0.8358858227729797,True
4.264.H,4.264,H,Porque é que na escola as loiras desenham sempre florzinhas e coraçõezinhos no caderno? Porque assim decoram a matéria.,1,0,1.052734375,-1.384765625,-2.4375,0.9196425676345825,0.08035746961832047,False
4.28.H,4.28,H,Voltei a dizer à minha mãe que queria ser pianista. Ela diz que estou sempre a bater na mesma tecla.,1,0,1.3095703125,-1.1494140625,-2.458984375,0.9212159514427185,0.0787840187549591,False
5.3726.N,5.3726,N,Qual humorista não usa microfone de mão? Helio de La Peña,0,0,1.046875,-0.67626953125,-1.72314453125,0.8485333919525146,0.15146656334400177,True
5.1545.H,5.1545,H,Qual comida que tá sempre distante? Far ofa.,1,1,-1.00390625,1.2607421875,2.2646484375,0.09409338235855103,0.9059065580368042,True
5.285.H,5.285,H,Qual personagem carnavalesco não é stereo? Rei Mono,1,1,-0.5751953125,0.84619140625,1.42138671875,0.19444428384304047,0.8055557608604431,True
1.4.N,1.4,N,O que uma impressora falou para a outra? Essa folha é sua ou é alguma minha?,0,0,1.453125,-1.369140625,-2.822265625,0.9438672661781311,0.05613277480006218,True
5.910.H,5.910,H,Qual é a reta que canta muito? A Reta Franklin.,1,1,-0.6005859375,0.705078125,1.3056640625,0.21321327984333038,0.786786675453186,True
5.1981.N,5.1981,N,Como se chama o ato de um ministro alterar a primeira emenda? Uma medida provisória,0,0,2.0859375,-2.25390625,-4.33984375,0.987129271030426,0.01287075038999319,True
5.283.H,5.283,H,O que o coveiro disse quando pediram a ele para gerenciar o cemitério? Isso não é da minha ossada.,1,0,0.29443359375,0.00681304931640625,-0.28762054443359375,0.571413516998291,0.428586483001709,False
5.317.H,5.317,H,Qual banda é formada por um padre? É o Tchan! Com Padre Washington.,1,0,0.99267578125,-0.69140625,-1.68408203125,0.8434443473815918,0.15655569732189178,False
4.158.H,4.158,H,Uma mulher estava indecisa entre comprar uma blusa azul e uma vermelha. Acabou por levar a vermelha. Qual é o filme? Largou a azul.,1,0,-0.0275115966796875,-0.19091796875,-0.1634063720703125,0.5407609343528748,0.45923906564712524,False
5.1050.H,5.1050,H,Qual a serie de anime que louva o tabaco? Charuto.,1,0,1.45703125,-1.7763671875,-3.2333984375,0.9620718955993652,0.03792804479598999,False
5.1000.H,5.1000,H,Qual cantora tentou adotar Jesus Cristo? Dê-me o Louvado.,1,1,-0.91650390625,1.1142578125,2.03076171875,0.11601077765226364,0.8839892745018005,True
5.1475.H,5.1475,H,Qual pico mais gelado que existe? O pico lé.,1,0,0.364501953125,-0.75732421875,-1.121826171875,0.7543272376060486,0.24567271769046783,False
4.51.N,4.51,N,Como se encontra um cego numa praia de nudistas? Está vestido.,0,0,1.3232421875,-1.658203125,-2.9814453125,0.9517288208007812,0.04827118292450905,True
4.90.H,4.90,H,"Como é que se diz ""copia bem"" em inglês? Copyright.",1,0,0.1480712890625,-0.4873046875,-0.6353759765625,0.6537074446678162,0.34629255533218384,False
5.782.N,5.782,N,Qual a tartaruga ninja que mais gosta de dormir? O Leonardo.,0,0,1.55078125,-1.8720703125,-3.4228515625,0.9684111475944519,0.03158888220787048,True
5.3008.H,5.3008,H,O que o cara gripado faz quando está perto de um grupo de mulheres? Contamina.,1,1,-0.71142578125,0.90087890625,1.6123046875,0.16626887023448944,0.8337311148643494,True
5.1403.H,5.1403,H,Por que o próximo técnico da seleção ficará contra a parede? Porque ele é Pós-Tite.,1,1,-0.80322265625,1.130859375,1.93408203125,0.12629945576190948,0.8737005591392517,True
5.1279.N,5.1279,N,Qual ator mirim não lava os dentes? MaCarie Culkin.,0,1,-0.379638671875,0.69921875,1.078857421875,0.25372231006622314,0.7462777495384216,False
5.806.N,5.806,N,"Em qual época o Brasileiro foi mais magro? Na época do movimento "" Caras Pintadas "".",0,0,1.265625,-1.4443359375,-2.7099609375,0.9376118779182434,0.06238814443349838,True
5.2896.H,5.2896,H,Qual cantor só pode ser visto pela internet? Carlinhos Browser ,1,1,-0.242919921875,0.60302734375,0.845947265625,0.3002837002277374,0.699716329574585,True
5.2507.N,5.2507,N,Qual é o aparelho que nunca para de mexer? A biruta.,0,1,-0.744140625,1.1044921875,1.8486328125,0.13603349030017853,0.8639664649963379,False
5.1974.H,5.1974,H,Por que o cara entrou com seu veículo no mar? Porque era car naval ,1,1,-0.83837890625,1.220703125,2.05908203125,0.11313790082931519,0.8868620991706848,True
4.594.H,4.594,H,Porque é que o livro de matemática se suicidou? Tinha muitos problemas.,1,0,1.462890625,-1.189453125,-2.65234375,0.934155285358429,0.06584469974040985,False
4.121.N,4.121,N,"Como é que se diz "" fim "" em japonês? Fimu.",0,1,-0.62939453125,0.97998046875,1.609375,0.1666754186153412,0.8333246111869812,False
5.2269.N,5.2269,N,Qual país em que todo mundo ta sempre na academia? Itália,0,0,2.2421875,-2.521484375,-4.763671875,0.9915380477905273,0.008461997844278812,True
5.1001.N,5.1001,N,"O filho pediu para o pai levá-lo para ver boosa nova e o pai concordou . Qual é o nome da música? "" Eu sei que vou te amar...""",0,0,1.7578125,-1.08984375,-2.84765625,0.9451974034309387,0.05480259656906128,True
4.159.H,4.159,H,Qual é o elemento químico mais comum nas discotecas? É o TUNGS! TUNGS! ténio.,1,1,-0.892578125,1.01171875,1.904296875,0.1296229213476181,0.8703770637512207,True
4.318.H,4.318,H,Vira-se um guitarrista para um baixista: Então o que fazes aqui por estas bandas?,1,0,1.4619140625,-1.9423828125,-3.404296875,0.9678385257720947,0.032161448150873184,False
5.1370.N,5.1370,N,Por que o marido e a esposa foram ao psicólogo? Porque estavam passando por uma fase difícil.,0,0,2.322265625,-1.7216796875,-4.0439453125,0.9827737808227539,0.017226237803697586,True
5.358.N,5.358,N,Qual cidade incentiva o uso do tato? Curitiba.,0,0,2.10546875,-2.1484375,-4.25390625,0.9859904050827026,0.014009565114974976,True
5.1620.H,5.1620,H,Qual é a comida que quase tirou nota dez? Strogonove.,1,0,-0.07794189453125,-0.403564453125,-0.32562255859375,0.5806939005851746,0.41930606961250305,False
5.1001.H,5.1001,H,"O filho pediu para o pai levá-lo para ver tartarugas e o pai concordou. Qual é o nome da música? ""Eu sei que vou Tamar...""",1,1,-0.9033203125,1.138671875,2.0419921875,0.1148640364408493,0.8851359486579895,True
4.480.H,4.480,H,"Como é que se diz ""surpresa"" em chinês? Chan-chan-chan-chan!",1,1,-0.159423828125,0.72607421875,0.885498046875,0.2920397222042084,0.707960307598114,True
5.1570.H,5.1570,H,"Uma pessoa com o apelido Lu, foi para a padaria com suas duas irmãs Ana. Qual o nome da pessoa? Lu sem Anas",1,1,-0.86669921875,1.095703125,1.96240234375,0.12320729345083237,0.8767926692962646,True
4.565.N,4.565,N,Qual é o chocolate que só tem duas semanas de validade? O Kinder.,0,1,-0.12646484375,0.44091796875,0.5673828125,0.3618409335613251,0.6381590366363525,False
5.2351.H,5.2351,H,Qual é o árbitro que expulsa as pessoas e elas nunca mais podem voltar? O BANdeirinha.,1,1,-1.0341796875,1.1357421875,2.169921875,0.10248422622680664,0.8975157737731934,True
4.324.H,4.324,H,Quais são as escadas que demoram mais a subir? São as escadas em caracol.,1,1,-0.195068359375,0.349609375,0.544677734375,0.3671000897884369,0.6328999400138855,True
5.2938.H,5.2938,H,Qual é a comida do pássaro gigante que toca trompete? O alpistão.,1,1,-0.79052734375,1.11328125,1.90380859375,0.12967801094055176,0.8703219890594482,True
5.240.H,5.240,H,O Continente nao estava se sentindo bem. O que ele tinha? Ásia.,1,0,1.044921875,-0.970703125,-2.015625,0.8824278712272644,0.117572121322155,False
5.2912.H,5.2912,H,Qual é o prato de carne branca que nenhum cozinheiro acerta? Fracassei de Frango ,1,1,0.0207366943359375,0.431640625,0.4109039306640625,0.3986953794956207,0.6013045907020569,True
5.1314.N,5.1314,N,Por que a manicure foi demitida? Porque ela estava chengando atrasada.,0,1,0.040557861328125,0.677734375,0.637176513671875,0.3458850681781769,0.6541149616241455,False
5.2056.N,5.2056,N,Qual é o jogo da pessoa gripada? Overcooked,0,0,0.53857421875,-0.62353515625,-1.162109375,0.7617157697677612,0.23828420042991638,True
5.1849.H,5.1849,H,Qual a parte do corpo mais atrai senhoras? O umbingo.,1,1,-0.16015625,0.5791015625,0.7392578125,0.32316645979881287,0.6768335700035095,True
5.3651.N,5.3651,N,Qual anime foi baseado na versao brasileira de um futebolista mediamente famoso? Dragon Ball Z.,0,0,1.4150390625,-1.9873046875,-3.40234375,0.967777669429779,0.03222229704260826,True
4.695.N,4.695,N,"Qual é o contrário de "" extraordinário ""? Banal.",0,1,-0.5732421875,0.0115966796875,0.5848388671875,0.35781994462013245,0.6421800851821899,False
5.2609.N,5.2609,N,O que o anão estava fazendo com a bola de futebol? Chutes.,0,0,1.5048828125,-1.818359375,-3.3232421875,0.965217649936676,0.034782394766807556,True
5.2895.H,5.2895,H,Qual cantor só vê notícias pela internet? Ig Pop ,1,1,-0.290283203125,0.147705078125,0.43798828125,0.3922204375267029,0.6077796220779419,True
5.1335.N,5.1335,N,Qual é o youtuber que mais economiza na luz? O Whindersson Nunes.,0,1,-0.810546875,1.0361328125,1.8466796875,0.13626320660114288,0.8637367486953735,False
5.2751.N,5.2751,N,Qual aviamento não para quieto? Os botões,0,0,0.90771484375,-1.2197265625,-2.12744140625,0.8935418725013733,0.1064581423997879,True
5.2009.N,5.2009,N,Nome do cara que não joga na linha? O goleiro,0,0,2.1171875,-2.255859375,-4.373046875,0.9875444173812866,0.01245565339922905,True
5.793.N,5.793,N,Qual a rede social mais usada pelas mulheres no Oriente Médio? Instagram.,0,0,1.9501953125,-2.1953125,-4.1455078125,0.9844114184379578,0.015588540583848953,True
5.2210.H,5.2210,H,Qual é o filme dirigido por Jordan Peele e Sérgio Mallandro? CoRRÁ!,1,1,-1.19140625,1.2294921875,2.4208984375,0.08159290254116058,0.9184070825576782,True
5.4025.H,5.4025,H,Nome de cervejaria em homenagem a um grande cantor brasileiro? CauBEER PeiCHOPPS.,1,1,-0.9208984375,1.109375,2.0302734375,0.11606085300445557,0.8839391469955444,True
5.604.N,5.604,N,Qual é a loja que no ENEM só chutava a terceira e primeira alternativas? Renner.,0,0,1.982421875,-2.275390625,-4.2578125,0.9860442876815796,0.013955709524452686,True
5.2259.N,5.2259,N,Qual a semelhança entre o trovão e a privada? Os dois vem sempre acompanhado de calor,0,0,0.8251953125,-0.560546875,-1.3857421875,0.7999116778373718,0.20008836686611176,True
5.1393.H,5.1393,H,Qual é a banda de pagode mais famosa no mundo dos animes? Sorriso Naruto.,1,1,-0.9091796875,1.2021484375,2.111328125,0.10800065845251083,0.891999363899231,True
4.477.N,4.477,N,"Perguntei a um francês se jogava videojogos . "" Oui "".",0,0,0.666015625,-0.472900390625,-1.138916015625,0.7574805617332458,0.24251945316791534,True
5.3119.H,5.3119,H,Qual o nome da mãe do super-herói que nunca vai em praia com águas geladas? Martha Kent.,1,0,1.2109375,-1.4326171875,-2.6435546875,0.933612585067749,0.0663873702287674,False
5.806.H,5.806,H,"Em qual época o Brasileiro foi mais magro? Na época do movimento ""Dietas Já"".",1,0,1.646484375,-1.89453125,-3.541015625,0.9718325734138489,0.028167473152279854,False
5.232.H,5.232,H,Qual é o perfume do zagueiro ruim? Mal beque.,1,1,-0.90771484375,1.1728515625,2.08056640625,0.11100006848573685,0.8889999389648438,True
5.3511.N,5.3511,N,Qual ex-piloto era um índio pronto pro ataque? Nenhum.,0,0,2.166015625,-2.328125,-4.494140625,0.988949179649353,0.011050794273614883,True
4.283.N,4.283,N,Qual é o carro que consegue transportar mais porcos? É o Nissan Qashqai.,0,1,-0.25048828125,0.78515625,1.03564453125,0.2619912326335907,0.7380087375640869,False
5.3537.N,5.3537,N,Qual rockeiro não come? É o Regime Hendrix.,0,1,-0.75732421875,0.98876953125,1.74609375,0.14854057133197784,0.8514594435691833,False
5.3385.H,5.3385,H,Qual atriz tá com o demônio no corpo? Zezé Possessa.,1,0,0.802734375,-1.1845703125,-1.9873046875,0.8794577121734619,0.12054231762886047,False
5.489.H,5.489,H,Qual piloto tem pacto com o Diabo? Exumacher.,1,1,-0.93017578125,1.125,2.05517578125,0.11353044211864471,0.8864695429801941,True
5.3231.H,5.3231,H,Por que o rapaz não mostrou os slides em sua apresentação na empresa? Porque ele Esxcel de levar.,1,1,-0.7314453125,1.013671875,1.7451171875,0.14866413176059723,0.8513358235359192,True
5.1837.N,5.1837,N,"O que o cachorro falou pro dono depois que tomou um esporro? Desculpa, você tem toda a razão.",0,0,1.9873046875,-1.44921875,-3.4365234375,0.9688266515731812,0.031173309311270714,True
5.2362.H,5.2362,H,Qual é o tipo de gol que vale uma fortuna no mercado? Gold Letra.,1,1,-0.77099609375,0.93896484375,1.7099609375,0.15316876769065857,0.846831202507019,True
5.150.N,5.150,N,"Qual a expressão que hora é de uma pessoa, hora é de todo mundo? Meu Deus.",0,0,0.499267578125,-1.029296875,-1.528564453125,0.821796178817749,0.17820383608341217,True
5.3526.H,5.3526,H,O que fez o garçom militar? Serviu o exército.,1,0,1.283203125,-1.40625,-2.689453125,0.9364014267921448,0.06359858065843582,False
4.489.H,4.489,H,Hoje de manhã consegui empilhar catorze panquecas. Aquilo é que foi um pequeno-almoço equilibrado.,1,0,0.1839599609375,-0.8310546875,-1.0150146484375,0.7340003848075867,0.26599961519241333,False
4.203.N,4.203,N,Comprei uns sapatos com lâmpadas LED na sola . Pode-se dizer que emitem luz led.,0,0,0.875,-1.4248046875,-2.2998046875,0.9088609218597412,0.09113915264606476,True
4.277.N,4.277,N,Como é que os alpinistas se cumprimentam? Como é que é!,0,0,1.40234375,-1.2099609375,-2.6123046875,0.9316493272781372,0.06835070252418518,True
5.3670.H,5.3670,H,Qual país que as pessoas não tem o dedo polegar? SenLegal.s,1,1,-0.89208984375,1.22265625,2.11474609375,0.107671819627285,0.8923282027244568,True
4.51.H,4.51,H,Como se encontra um cego numa praia de nudistas? Não é duro.,1,0,0.427490234375,-0.350341796875,-0.77783203125,0.6852126717567444,0.3147873282432556,False
5.1387.H,5.1387,H,Qual cantora escreveu Sitio do Picapau Amarelo? A Demi Lobato.,1,1,-0.826171875,1.013671875,1.83984375,0.13706977665424347,0.8629302382469177,True
4.58.N,4.58,N,O que são cinco heróis coloridos num jardim? São os Flower Rangers.,0,1,-0.40283203125,0.26171875,0.66455078125,0.3397180736064911,0.6602818965911865,False
5.2977.N,5.2977,N,Qual escola só tem negão criança? Negro é tudo júnior.,0,1,-0.9384765625,0.9853515625,1.923828125,0.12743529677391052,0.8725647330284119,False
4.100.N,4.100,N,A Anabela estava com prisão de ventre mas mesmo assim foi à sanita . Qual é o filme? Tentação.,0,0,1.9462890625,-1.43359375,-3.3798828125,0.9670699238777161,0.032930128276348114,True
4.663.N,4.663,N,Por que é que a professora usa óculos escuros na aula? Porque os seus olhos são sensiveis.,0,0,0.279052734375,-0.1956787109375,-0.4747314453125,0.6165030002593994,0.3834969699382782,True
5.3509.H,5.3509,H,Qual é o cantor que tem problemas respiratórios? Erasma Carlos.,1,1,-0.54248046875,0.67724609375,1.2197265625,0.22798456251621246,0.772015392780304,True
5.3058.N,5.3058,N,Qual assassino possui um vasto conhecimento? John Wick.,0,0,1.39453125,-1.9248046875,-3.3193359375,0.9650862812995911,0.03491377830505371,True
4.151.N,4.151,N,Qual é a sobremesa que nunca sai direita? É a pavlova.,0,0,0.41259765625,-0.908203125,-1.32080078125,0.789314866065979,0.21068507432937622,True
3.14.N,3.14,N,Por que as plantas pequenas não falam? Porque elas são plantas.,0,0,2.046875,-1.8349609375,-3.8818359375,0.9798033833503723,0.020196635276079178,True
5.3664.H,5.3664,H,Em qual faculdade o negão só entrava pelado? Nutição.,1,1,-0.72314453125,1.046875,1.77001953125,0.14553989470005035,0.8544600605964661,True
5.2362.N,5.2362,N,Qual é o tipo de gol que vale uma fortuna no mercado? Gol de letra.,0,1,0.172119140625,0.268798828125,0.0966796875,0.475848913192749,0.5241511464118958,False
5.724.H,5.724,H,Por que o 14 é melhor que o 15? Porque ele é fortinho.,1,1,-0.01235198974609375,0.416259765625,0.42861175537109375,0.3944579064846039,0.6055421233177185,True
5.2014.H,5.2014,H,Em que parte do casa todos se encontram? Na área de ser visto ,1,0,1.228515625,-1.0068359375,-2.2353515625,0.9033794403076172,0.09662051498889923,False
5.1009.H,5.1009,H,O que o 7 perguntou pro amigo dele? Cê vem?,1,0,1.83984375,-1.8427734375,-3.6826171875,0.9754602313041687,0.024539699777960777,False
5.3010.N,5.3010,N,Qual cantor é fera em matemática? Carlos Drummond de Andrade.,0,0,1.982421875,-2.248046875,-4.23046875,0.9856629967689514,0.014337030239403248,True
5.912.H,5.912,H,Qual é a parte do computador que não é do bem? O mouse.,1,0,1.53515625,-1.9345703125,-3.4697265625,0.9698140025138855,0.030185984447598457,False
5.1593.N,5.1593,N,Qual é o filme da Xuxa que se passa em um bosque? Xuxa e os Duendes.,0,0,1.3916015625,-1.6767578125,-3.068359375,0.9555686116218567,0.04443143308162689,True
5.3703.N,5.3703,N,Que atriz trabalha como lixeira? Mia Goth.,0,1,-0.307861328125,0.6640625,0.971923828125,0.27449721097946167,0.7255027890205383,False
5.2951.N,5.2951,N,Qual é o personagem de Chaves que gosta de ficar rodando bolas? O Professor Gira Falos.,0,1,-0.8837890625,1.189453125,2.0732421875,0.11172487586736679,0.8882750868797302,False
5.3169.H,5.3169,H,Que rainha rosna como música? Queen Lati Fa.,1,1,-0.7392578125,1.009765625,1.7490234375,0.14817041158676147,0.8518295884132385,True
5.2468.N,5.2468,N,Qual é o Rapper que toca sempre as mesmas músicas? Soulja Boy.,0,1,-0.73583984375,1.0859375,1.82177734375,0.13922074437141418,0.8607792258262634,False
5.184.H,5.184,H,Qual é o cantor que acha tudo um exagero? Agnaldo Too Much.,1,1,-0.92041015625,1.162109375,2.08251953125,0.11080747842788696,0.8891924619674683,True
4.318.N,4.318,N,Vira-se um guitarrista para um baixista: Então o que fazes aqui por estas paragens?,0,0,1.373046875,-1.8369140625,-3.2099609375,0.961207389831543,0.03879259154200554,True
4.528.N,4.528,N,Como é que os professores de matemática se mantêm em forma? Com exercício.,0,0,2.142578125,-2.48046875,-4.623046875,0.9902727007865906,0.00972727220505476,True
5.663.N,5.663,N,Por que tem eleição no mundo das aves? Porque a águia.,0,1,-0.8935546875,1.16796875,2.0615234375,0.11289317160844803,0.8871068358421326,False
5.3300.N,5.3300,N,Qual é o animal que regurgita muito? Mosca.,0,0,1.853515625,-2.14453125,-3.998046875,0.981979250907898,0.018020739778876305,True
5.808.H,5.808,H,Por que o caminhão pipa só andava com as rodas de trás?  Porque ele gostava de empinar.,1,0,0.2744140625,0.024078369140625,-0.250335693359375,0.5622591376304626,0.43774086236953735,False
5.2595.H,5.2595,H,Qual animal que gosta muito de você? Lheama.,1,1,-1.017578125,1.2802734375,2.2978515625,0.09130105376243591,0.9086989760398865,True
5.1595.H,5.1595,H,O que acontece quando uma turma de cegos se forma? Um braille de formatura,1,1,-0.62841796875,0.94140625,1.56982421875,0.1722414493560791,0.8277585506439209,True
5.2366.N,5.2366,N,Qual é o esporte não recomendado a quem tem pressão alta? Futebol.,0,0,2.330078125,-2.57421875,-4.904296875,0.9926398992538452,0.0073600816540420055,True
5.3492.H,5.3492,H,"Qual a banda que, quando nasceu, era alimentada por criminosas? Mamou nas assassinas.",1,1,-0.7607421875,0.88623046875,1.64697265625,0.16151851415634155,0.8384814858436584,True
5.2412.H,5.2412,H,"Qual é o doce que luta artes marciais? A ""iá!"" Benta",1,1,-0.892578125,1.072265625,1.96484375,0.12294380366802216,0.8770562410354614,True
4.245.N,4.245,N,Que se diz a um homem que via mas agora já não vê? Tu vias.,0,1,-0.1231689453125,0.6103515625,0.7335205078125,0.3244226574897766,0.6755774021148682,False
5.3597.N,5.3597,N,Qual atriz cômica tem mania de reparar do pescoço das pessoas? Tara ver neck.,0,1,-1.0205078125,1.322265625,2.3427734375,0.08764190226793289,0.9123581051826477,False
5.3145.H,5.3145,H,Qual a comida preferida do paciente com Ebola? É bolacha.,1,0,1.3955078125,-1.880859375,-3.2763671875,0.9636091589927673,0.036390893161296844,False
4.150.H,4.150,H,Qual é a temperatura de um leão morto? 360º. Porque ele é uma ex-fera.,1,1,-0.6748046875,1.0302734375,1.705078125,0.15380319952964783,0.8461968302726746,True
4.103.N,4.103,N,Qual é a única coisa que se faz sempre em numeração romana? MCLXIV.,0,1,-0.79296875,1.005859375,1.798828125,0.14199377596378326,0.8580061793327332,False
5.2952.N,5.2952,N,Qual é o nome do programa que o Sílvio Santos passou a fazer no parque? Roda a Roda Jetski.,0,1,0.14453125,0.306884765625,0.162353515625,0.4595005214214325,0.5404994487762451,False
5.3154.H,5.3154,H,Qual carro não pode faltar no feijão? Fiat Paio.,1,1,-0.5751953125,0.91943359375,1.49462890625,0.18322797119617462,0.8167720437049866,True
5.3494.H,5.3494,H,Qual o programa favorito do proctologista? Programa do Retinho.,1,1,-0.91455078125,1.240234375,2.15478515625,0.10388490557670593,0.8961151242256165,True
5.71.N,5.71,N,Qual é o cachorro que mergulha muito? Setter Irlandês.,0,1,-0.80419921875,1.0263671875,1.83056640625,0.13817080855369568,0.8618291616439819,False
4.611.H,4.611,H,"Como se diz ""tripa de boi"" em espanhol? Intestino del gado.",1,1,-0.1907958984375,0.63720703125,0.8280029296875,0.3040674924850464,0.6959325075149536,True
5.1158.H,5.1158,H,Qual o presidente que foi beber água e não achou nada? Marechal Deodoro da Fonte Seca.,1,1,-0.79248046875,1.203125,1.99560546875,0.11966508626937866,0.8803348541259766,True
5.1220.N,5.1220,N,Por que só vou à restaurante Self Service? Porque tem tudo aquilo que eu gosto.,0,0,1.822265625,-1.3681640625,-3.1904296875,0.960472583770752,0.03952746465802193,True
5.2166.N,5.2166,N,Qual cantor era lobisomem? O Wando,0,0,1.9658203125,-2.138671875,-4.1044921875,0.9837693572044373,0.016230614855885506,True
5.1783.H,5.1783,H,Por que os Vikings em Far Cry não andam de taxi? Porque viking vai por uber.,1,1,-1.083984375,1.359375,2.443359375,0.0799255296587944,0.920074462890625,True
4.71.N,4.71,N,Porque é que uma mulher pediu a noz-moscada ao filho na cozinha? Porque não tinha canela para pôr no bolo.,0,1,-0.491455078125,0.572265625,1.063720703125,0.2565990686416626,0.7434009909629822,False
5.555.H,5.555,H,Qual o sanduíche preferido da turma do Chaves? X-pirito.,1,1,-0.01641845703125,0.07147216796875,0.087890625,0.47804147005081177,0.5219584703445435,True
4.356.H,4.356,H,O Rodolfo adoeceu e o Pai Natal não vai conseguir entregar as prendas. Teve uma insuficiência renal.,1,0,1.35546875,-1.4501953125,-2.8056640625,0.9429811239242554,0.057018864899873734,False
4.733.H,4.733,H,Há anos que procurava um cavalo que bebesse vinho. Para encontrar um foi preciso ir a cascos de rolha.,1,1,-0.92236328125,1.302734375,2.22509765625,0.09751924127340317,0.9024807214736938,True
5.1344.N,5.1344,N,Qual herói ajudou Frodo em sua jornada? O Aragorn.,0,1,-0.452880859375,0.916015625,1.368896484375,0.20279820263385773,0.7972018122673035,False
5.3586.N,5.3586,N,Por que quando chove pedra elas caem todas certinhas? Porque é bonito.,0,0,0.7666015625,-0.76904296875,-1.53564453125,0.8228306770324707,0.1771693229675293,True
4.276.H,4.276,H,Uma mulher tropeça e cai em cima de um cão. Qual é o filme? Senta em um dálmata.,1,1,-0.9150390625,1.162109375,2.0771484375,0.11133779585361481,0.8886622190475464,True
5.3060.H,5.3060,H,Qual o nome do assassino voador? Alexandre Nadrone.,1,1,-0.58154296875,0.9375,1.51904296875,0.1796024888753891,0.8203974962234497,True
5.1870.N,5.1870,N,O que você precisa fazer quando perde a senha? Recorrer a recuperação de senha.,0,0,1.462890625,-1.01953125,-2.482421875,0.9229002594947815,0.07709970325231552,True
5.418.H,5.418,H,Quantos chocolates são necessários para voar? 14 bis,1,0,-0.1405029296875,-0.26220703125,-0.1217041015625,0.5303885340690613,0.4696114659309387,False
4.193.N,4.193,N,"Hoje, vinte mulheres convidaram-me a sair do WC . Nunca mais entro no WC das mulheres.",0,0,0.7158203125,-0.80712890625,-1.52294921875,0.8209723830223083,0.17902763187885284,True
1.5.H,1.5,H,Por que a galinha bateu a cabeça contra a parede? Para ficar com um galo.,1,1,-0.427490234375,1.01171875,1.439208984375,0.19166786968708038,0.8083321452140808,True
5.239.N,5.239,N,O que o cantor sertanejo foi fazer no RH? Foi ser demitido por incompetência.,0,0,2.2734375,-1.892578125,-4.166015625,0.9847230911254883,0.015276946127414703,True
5.2142.H,5.2142,H,Por que os jogadores de vôlei estão sempre no foco da notícia? Porque eles são bons na manchete ,1,0,1.1484375,-1.0048828125,-2.1533203125,0.8959786295890808,0.10402136296033859,False
4.531.H,4.531,H,Porque é que a Lassie ganiu? Porque estava cheia de collie-cas.,1,1,-0.9501953125,1.1982421875,2.1484375,0.10447732359170914,0.8955226540565491,True
4.261.N,4.261,N,Porque é que os meninos não jogam voleibol? Porque têm medo da rede.,0,0,0.78564453125,-0.447021484375,-1.232666015625,0.774284839630127,0.22571514546871185,True
4.96.H,4.96,H,Que nome se dá a um cacto engraçado? Ri-cardo.,1,1,-1.041015625,1.3193359375,2.3603515625,0.08624647557735443,0.9137535095214844,True
5.2294.H,5.2294,H,Qual o astrônomo que tinha muita espinha? IsaAC NEwton,1,1,-0.60546875,0.7890625,1.39453125,0.19868534803390503,0.801314651966095,True
4.125.N,4.125,N,O que é que os russos dizem quando mandam uma bola ao cão? Vai!,0,0,0.990234375,-0.445068359375,-1.435302734375,0.8077262043952942,0.1922737956047058,True
5.704.H,5.704,H,Qual cerveja é comum nos navios? Skol Tilha.,1,1,-0.8759765625,1.2353515625,2.111328125,0.10800065845251083,0.891999363899231,True
5.2779.H,5.2779,H,Qual inseto toma muito chá? Marimboldo,1,1,-0.84814453125,0.994140625,1.84228515625,0.136781245470047,0.8632187843322754,True
5.2226.N,5.2226,N,Por que se ouvia uma nota quando neandertal batia em suas presas? Porque usava uma pedra,0,0,1.0439453125,-0.48974609375,-1.53369140625,0.8225457668304443,0.17745424807071686,True
4.198.H,4.198,H,"Porque é que a febre tifóide é tão perigosa? Porque ou tu a curas, ou ela tifóide mesmo.",1,1,-0.80029296875,1.072265625,1.87255859375,0.13324595987796783,0.8667540550231934,True
4.370.H,4.370,H,"É boa ideia comprar um relógio em forma de peixe? Não, é uma perca de tempo.",1,0,1.25390625,-0.87451171875,-2.12841796875,0.8936347365379333,0.10636527091264725,False
5.1049.N,5.1049,N,Qual bebiba te dá superpoder? Energético.,0,0,0.60498046875,-0.5498046875,-1.15478515625,0.7603838443756104,0.23961615562438965,True
4.696.H,4.696,H,"Acabei de comprar um livro chamado ""Caminhadas para Totós"". É um guia passo a passo.",1,0,0.2108154296875,-0.255126953125,-0.4659423828125,0.6144229173660278,0.38557708263397217,False
5.2597.H,5.2597,H,Qual seria a profissão perfeita para o Tony Tornado? Promotor de eVENTOS.,1,0,0.01045989990234375,-0.389892578125,-0.40035247802734375,0.5987723469734192,0.4012276828289032,False
5.3224.N,5.3224,N,Qual comediante comentou sobre a Páscoa em seu texto? Leandro Hassum.,0,0,1.6748046875,-1.8515625,-3.5263671875,0.9714287519454956,0.028571244329214096,True
5.636.H,5.636,H,Qual a parte do corpo favorita do Muralha? Es toma gol.,1,1,-0.84423828125,1.080078125,1.92431640625,0.12738101184368134,0.8726190328598022,True
5.2225.H,5.2225,H,Por que a mulher chorou muito quando roubaram uma de suas joias? Porque foi uma Perda Preciosa,1,0,0.482666015625,0.33544921875,-0.147216796875,0.536737859249115,0.463262140750885,False
5.1335.H,5.1335,H,Qual é o youtuber que mais economiza na luz? O Jovem Led.,1,1,-0.70361328125,0.92724609375,1.630859375,0.16371268033981323,0.8362873792648315,True
4.457.H,4.457,H,Ontem fui ao zoo e vi a minha empregada doméstica numa jaula. O gajo do zoo disse-me que era criada em cativeiro.,1,0,1.1455078125,-1.0185546875,-2.1640625,0.896975576877594,0.1030244380235672,False
5.2603.H,5.2603,H,Qual cantor enxergava tudo o que o professor escreve em sala de aula? Caetano Vê Lousa.,1,1,-1.072265625,1.1611328125,2.2333984375,0.09679113328456879,0.90320885181427,True
5.3434.N,5.3434,N,Por que o Faustão quer que você coloque o Plinio no seu devido lugar? Pra que tu reclames do Plinio.,0,0,0.474853515625,-0.05535888671875,-0.53021240234375,0.6295326352119446,0.37046733498573303,True
4.615.N,4.615,N,"A eletricidade está tão cara, tão cara, que a EDP decidiu mudar o nome para Luz de Ouro.",0,0,-0.202880859375,-0.236083984375,-0.033203125,0.5083000063896179,0.4916999638080597,True
5.53.H,5.53,H,Como são classificados os gatos e cachorros no México? Animais do México.,1,0,1.2451171875,-1.65234375,-2.8974609375,0.9477207660675049,0.05227922275662422,False
5.2155.H,5.2155,H,"Qual o filme preferido do Kiko? Harry Potter e o Cálice Cálice Cálice, você me deixa looouco! ",1,1,-0.29345703125,0.46923828125,0.7626953125,0.31806138157844543,0.6819385886192322,True
4.698.N,4.698,N,Qual é a semelhança entre o sol e um avô? Ambos fazem qualquer coisa bonita.,0,0,0.61669921875,-1.13671875,-1.75341796875,0.8523833751678467,0.14761659502983093,True
5.1220.H,5.1220,H,Por que só vou à restaurante Self Service? Porque tem tudo a Kilo que eu gosto.,1,1,-0.98193359375,1.1376953125,2.11962890625,0.10720358043909073,0.8927963972091675,True
5.572.N,5.572,N,Qual escritor tem vitiligo? Jorge Amado.,0,0,2.23046875,-2.408203125,-4.638671875,0.9904221296310425,0.009577910415828228,True
5.3164.H,5.3164,H,Qual pintor estava sempre bêbado? Van Grogue.,1,1,-0.288330078125,0.17138671875,0.459716796875,0.3870530128479004,0.6129469871520996,True
5.2410.H,5.2410,H,"Como os cachorros chineses dizem ""oi""? ""NihAU"".",1,0,0.41943359375,-0.0946044921875,-0.5140380859375,0.6257526278495789,0.37424740195274353,False
4.327.H,4.327,H,Qual é a panela que se usa quando se está triste? Depressão.,1,0,1.9931640625,-2.15625,-4.1494140625,0.9844712615013123,0.01552871149033308,False
4.296.N,4.296,N,O que diz um actor para outro? Tens um andar tão lindo ...,0,0,1.01171875,-1.1611328125,-2.1728515625,0.897784948348999,0.10221505165100098,True
5.1222.N,5.1222,N,Qual o jornalista esportivo mais inteligente? Galvão Bueno.,0,0,2.25,-2.60546875,-4.85546875,0.9922744631767273,0.0077255344949662685,True
4.425.N,4.425,N,"Qual é o cão mais fixe? O pastor alemão, porque tem muita pinta.",0,0,0.166748046875,-0.76318359375,-0.929931640625,0.717061460018158,0.2829385995864868,True
5.3586.H,5.3586,H,Por que quando chove pedra elas caem todas certinhas? Porque eu organizo.,1,0,1.642578125,-1.0791015625,-2.7216796875,0.9382938742637634,0.061706140637397766,False
5.1616.N,5.1616,N,Qual é a pacifista que é um gênio da matemática? Sophie Germain.,0,0,0.68505859375,-0.69287109375,-1.3779296875,0.7986582517623901,0.2013416886329651,True
5.3154.N,5.3154,N,Qual carro não pode faltar no feijão? Fusca.,0,0,1.6298828125,-1.857421875,-3.4873046875,0.9703244566917419,0.029675617814064026,True
5.1361.H,5.1361,H,Qual é o melhor legume que existe? A Better raba.,1,1,-0.9150390625,1.2177734375,2.1328125,0.10594828426837921,0.8940516710281372,True
5.3911.N,5.3911,N,Qual a cidade as pessoas rezam e fazem artesanato? Em Budas Artes.,0,1,-0.7470703125,0.98974609375,1.73681640625,0.149717777967453,0.8502821922302246,False
5.2760.H,5.2760,H,Qual o grupo musical favorito dos leões? Ruge.,1,1,-0.666015625,0.787109375,1.453125,0.18952107429504395,0.8104788661003113,True
4.733.N,4.733,N,Há anos que procurava um Homem  que bebesse vinho . Para encontrar um foi preciso Ir perguntar .,0,0,0.42236328125,0.164306640625,-0.258056640625,0.5641584992408752,0.43584147095680237,True
4.708.H,4.708,H,Qual é a cantora preferida dos cirurgiões? É a Anastasia.,1,1,0.08074951171875,0.09375,0.01300048828125,0.4967499375343323,0.5032500624656677,True
4.253.N,4.253,N,Porque é que os polícias não gostam de sabão? Porque preferem sabonete.,0,0,-0.131591796875,-0.64111328125,-0.509521484375,0.6246942281723022,0.375305712223053,True
5.2789.H,5.2789,H,por que o beta não avança no relacionamento? porque se não ele gama. ,1,1,-0.525390625,0.87890625,1.404296875,0.19713515043258667,0.8028648495674133,True
5.2343.H,5.2343,H,Qual jornalista esportivo é ainda adolescente? TEENo Marcos.,1,1,-0.990234375,1.15234375,2.142578125,0.10502681136131287,0.8949732184410095,True
5.3511.H,5.3511,H,Qual ex-piloto era um índio pronto pro ataque? Mim Ka Salo.,1,1,-0.8857421875,1.1708984375,2.056640625,0.11338311433792114,0.8866168856620789,True
5.3997.H,5.3997,H,Qual a primeira menstruação bíblica? A Menarca de Noé.,1,1,-0.984375,1.1923828125,2.1767578125,0.10185714811086655,0.8981428742408752,True
5.3668.N,5.3668,N,Por que o frango caipira não tem problemas jurídicos de identidade? Porque ele não tem hormônios.,0,0,1.7861328125,-2.216796875,-4.0029296875,0.9820654988288879,0.017934536561369896,True
5.429.H,5.429,H,Qual o chocolate que dá mais energia? Choquito.,1,1,-0.658203125,1.0771484375,1.7353515625,0.14990434050559998,0.8500956892967224,True
4.362.H,4.362,H,"Uma família estava perdida no deserto há mais de dois meses, até que encontraram um rio onde todos tomaram banho, exceto a avó. Qual é o filme? A avó tá imunda há 80 dias.",1,0,1.5537109375,-1.744140625,-3.2978515625,0.9643549919128418,0.03564496710896492,False
5.426.H,5.426,H,Qual criatura mitológica criou um calendário só com 11 signos? Menostouro.,1,1,-0.89208984375,1.2197265625,2.11181640625,0.10795362293720245,0.8920463919639587,True
5.591.H,5.591,H,Qual cerveja é exclusiva do Rio de Janeiro? Schincarioca.,1,1,-0.80859375,1.0302734375,1.8388671875,0.13718533515930176,0.8628146648406982,True
5.3529.N,5.3529,N,Que estilo de filme tem dois atores se esfregando? Pornô.,0,0,1.658203125,-2.076171875,-3.734375,0.976669192314148,0.023330768570303917,True
5.3431.N,5.3431,N,Qual cidade espanhola preferida pelo Faustão? Barcelona nos Trinta.,0,1,-0.7373046875,0.986328125,1.7236328125,0.15140381455421448,0.8485961556434631,False
4.151.H,4.151,H,Qual é a sobremesa que nunca sai direita? É a torta.,1,0,1.3642578125,-1.9033203125,-3.267578125,0.9632996320724487,0.036700353026390076,False
5.3958.N,5.3958,N,Qual o sorvete favorito dos escoceses? Whisky na neve.,0,0,1.1982421875,-1.4814453125,-2.6796875,0.9358173608779907,0.06418263912200928,True
4.543.H,4.543,H,Em que unidades se medem os cães? Em pulgadas.,1,1,-0.73876953125,0.97314453125,1.7119140625,0.1529156118631363,0.8470844030380249,True
5.848.N,5.848,N,Qual personagem da Disney que ninguém gosta? Jafar.,0,0,1.0732421875,-1.5439453125,-2.6171875,0.9319595694541931,0.06804041564464569,True
4.724.H,4.724,H,"Como é que se diz ""abacate"" no Brasil? Abacaxi.",1,0,1.798828125,-2.1015625,-3.900390625,0.9801673293113708,0.019832711666822433,False
5.3379.H,5.3379,H,"Qual atriz que mesmo sem companhia, nunca anda sozinha? Uma Thurman.",1,1,-0.2164306640625,0.42919921875,0.6456298828125,0.3439750075340271,0.6560249924659729,True
5.3834.N,5.3834,N,Qual o ex desgraçado que se empanturra na fazenda? Ex Como um Gado.,0,1,-0.830078125,1.1201171875,1.9501953125,0.1245320737361908,0.8754679560661316,False
5.30.H,5.30,H,Por que o elefante não pega fogo? Porque ele é cinza.,1,0,1.009765625,-1.615234375,-2.625,0.9324532747268677,0.06754669547080994,False
4.464.H,4.464,H,Onde se encontram os piores restaurantes italianos? Massamá.,1,1,-0.8271484375,1.0654296875,1.892578125,0.13095079362392426,0.8690492510795593,True
5.2687.N,5.2687,N,Qual é a banda que não toca em bares nem em praças? Incubus,0,1,0.13818359375,0.255126953125,0.116943359375,0.47079741954803467,0.5292025804519653,False
4.229.H,4.229,H,A minha amiga asiática ficou doente. Mas eu Coreia.,1,1,-0.22021484375,0.74853515625,0.96875,0.2751297354698181,0.7248703241348267,True
5.2294.N,5.2294,N,Qual o astrônomo que tinha muita espinha? Newton,0,0,2.044921875,-2.248046875,-4.29296875,0.9865199327468872,0.013480103574693203,True
4.485.H,4.485,H,Há duas formas de os deputados saírem do parlamento: Há com boleia e Assembleia.,1,1,-1.0419921875,1.28125,2.3232421875,0.08921625465154648,0.9107837677001953,True
5.4006.N,5.4006,N,Por que Caim matou Abel? Porque Abel era obediente.,0,0,1.7626953125,-1.8310546875,-3.59375,0.9732407331466675,0.026759283617138863,True
4.290.H,4.290,H,Como é que o Camões ficou zarolho? A mãe estava a cozinhar e disse-lhe: Luís vou ali à loja. Deita-me aí um olho na comida.,1,1,-0.09344482421875,0.426025390625,0.51947021484375,0.3729761242866516,0.6270238757133484,True
5.2824.N,5.2824,N,Como o Batman dorme? De lado,0,0,2.0,-1.5751953125,-3.5751953125,0.9727531671524048,0.02724677324295044,True
5.1370.H,5.1370,H,Por que o Mario e o Luigi foram ao psicólogo? Porque estavam passando por uma fase difícil.,1,0,2.1328125,-1.828125,-3.9609375,0.9813107252120972,0.018689310178160667,False
5.3997.N,5.3997,N,Qual a primeira menstruação bíblica? A de Eva.,0,0,1.419921875,-1.5126953125,-2.9326171875,0.9494354724884033,0.05056452751159668,True
4.646.N,4.646,N,Qual é a rocha preferida nos relógios . O quartzo.,0,0,0.4248046875,-1.0107421875,-1.435546875,0.8077641129493713,0.19223588705062866,True
4.741.H,4.741,H,Por que é que os pugilistas não conseguem pescar? Porque têm a cana partida.,1,1,-0.1978759765625,0.63330078125,0.8311767578125,0.3033963143825531,0.6966037154197693,True
5.1591.H,5.1591,H,Qual é o filme em que um salgado lidera um exército em busca da vitória? Croissant Valente.,1,1,-0.71044921875,0.97119140625,1.681640625,0.15687833726406097,0.8431217074394226,True
5.4025.N,5.4025,N,Nome de cervejaria em homenagem a um grande cantor brasileiro? Capitão Bock.,0,1,-0.54638671875,0.92236328125,1.46875,0.18713267147541046,0.8128673434257507,False
5.3103.H,5.3103,H,Doença comum nos detergentes? Sapólio mielite.,1,1,-0.873046875,1.1630859375,2.0361328125,0.11546110361814499,0.8845389485359192,True
5.3010.H,5.3010,H,Qual cantor é fera em matemática? Carlos Kumon de Andrade.,1,0,0.133056640625,0.089111328125,-0.0439453125,0.5109845399856567,0.48901546001434326,False
5.999.H,5.999,H,Qual desodorante ajuda a ir para o céu? Is pray.,1,1,-0.7041015625,1.1201171875,1.82421875,0.13892842829227448,0.8610715270042419,True
5.3355.H,5.3355,H,O que mais excita o fazendeiro ? EmpôlGado no Pasto.,1,1,-1.0703125,1.32421875,2.39453125,0.08359067887067795,0.9164093732833862,True
5.3601.N,5.3601,N,Qual cantora que mais tem acnes? Britney.,0,0,2.162109375,-2.4609375,-4.623046875,0.9902727007865906,0.00972727220505476,True
4.500.H,4.500,H,Porque é que o Voldemort tem Instagram mas não tem Facebook? Porque ele prefere ter seguidores em vez de amigos.,1,0,1.8583984375,-1.6435546875,-3.501953125,0.9707432389259338,0.029256708920001984,False
5.537.N,5.537,N,Onde se guardam as pequenas coisas? No armário do banheiro.,0,0,1.8603515625,-2.197265625,-4.0576171875,0.9830037355422974,0.016996299847960472,True
5.350.H,5.350,H,Qual o dinossauro que faz sequestros rápidos? O Velocirapto.,1,1,-0.9853515625,1.0458984375,2.03125,0.11596072465181351,0.8840392827987671,True
4.397.H,4.397,H,Porque é que os portugueses emigram para o Canadá? Porque cánadá.,1,1,-0.9609375,1.330078125,2.291015625,0.0918697863817215,0.9081302285194397,True
1.2.H,1.2,H,Nós chamamos de meio ambiente porque já destruímos metade?,1,0,0.92822265625,-1.03125,-1.95947265625,0.8764759302139282,0.12352412194013596,False
5.2366.H,5.2366,H,Qual é o esporte não recomendado a quem tem pressão alta? FutSAL.,1,1,-0.74658203125,1.041015625,1.78759765625,0.14336752891540527,0.8566324710845947,True
5.2059.N,5.2059,N,Qual é o vírus baixa renda? Corona vírus,0,1,-0.779296875,1.0029296875,1.7822265625,0.1440284252166748,0.8559715747833252,False
5.1107.N,5.1107,N,Qual filósofo sofreu de um exorcismo? O Demócrito.,0,1,-0.489501953125,0.849609375,1.339111328125,0.20765621960163116,0.7923437356948853,False
5.2196.H,5.2196,H,Qual é o Personagem histórico favorito do bode? Pedro Álvares Cabral ,1,0,1.21484375,-1.3798828125,-2.5947265625,0.9305214285850525,0.0694785863161087,False
4.531.N,4.531,N,Porque é que a Lassie ganiu? Porque estava cheia de dores.,0,0,0.87255859375,-1.177734375,-2.05029296875,0.8859772682189941,0.11402277648448944,True
4.457.N,4.457,N,Ontem fui ao zoo e vi a minha cobra doméstica numa jaula . O gajo do zoo disse-me que era criada em cativeiro.,0,0,1.2138671875,-1.318359375,-2.5322265625,0.92637038230896,0.07362963259220123,True
5.30.N,5.30,N,Por que o elefante não pega fogo? Porque ele é branco.,0,0,0.99462890625,-1.5625,-2.55712890625,0.9280509352684021,0.07194901257753372,True
5.56.N,5.56,N,Qual creme de barbear parece um esperma? Nivea.,0,1,-0.52880859375,0.6328125,1.16162109375,0.23837286233901978,0.7616271376609802,False
1.2.N,1.2,N,Nós chamamos de meio ambiente porque já destruímos os lados?,0,0,-0.2064208984375,-0.2236328125,-0.0172119140625,0.5043028593063354,0.49569711089134216,True
4.201.H,4.201,H,Era uma vez uma cidade onde quase todas as motos eram Yamaha. Qual é o filme? Poca Hondas.,1,1,-0.90185546875,1.048828125,1.95068359375,0.12447883933782578,0.8755211234092712,True
5.3211.H,5.3211,H,Qual o ator favorito do Thor? Odin Carrey.,1,1,-0.033416748046875,0.344482421875,0.377899169921875,0.4066337049007416,0.593366265296936,True
4.288.H,4.288,H,Um homem foi apanhado a roubar um calendário. Apanhou 12 meses.,1,0,0.9052734375,-1.482421875,-2.3876953125,0.9158841967582703,0.08411581069231033,False
4.539.N,4.539,N,"Será que os meus amigos vão passar férias a países do médio oriente? Uns, sim . Os outros, não .",0,0,2.455078125,-2.341796875,-4.796875,0.9918121099472046,0.008187910541892052,True
5.2689.H,5.2689,H,Renata voltou do médico com o braço furado. Qual é o acontecimento histórico? Rê volta da Vacina.,1,0,0.475341796875,-0.296142578125,-0.771484375,0.6838418841362,0.3161580562591553,False
5.2789.N,5.2789,N,por que o beta não avança no relacionamento? porque se não ele se machuca.,0,0,1.15234375,-0.82568359375,-1.97802734375,0.8784707188606262,0.12152928113937378,True
5.1673.N,5.1673,N,Qual é o nome para se colocar na filha do salva-vidas? Maria.,0,0,2.39453125,-2.3671875,-4.76171875,0.9915215969085693,0.00847840216010809,True
5.2938.N,5.2938,N,Qual é a comida do pássaro gigante que toca trompete? O alpiste.,0,1,-0.369384765625,0.72021484375,1.089599609375,0.2516936957836151,0.7483063340187073,False
4.117.H,4.117,H,O que é que é de graça mas tem que se pagar? Os serviços de um palhaço.,1,0,1.3798828125,-1.5888671875,-2.96875,0.9511421918869019,0.04885777831077576,False
5.3922.H,5.3922,H,Qual o peido mais assustador? Poltergases.,1,1,-0.69384765625,0.8291015625,1.52294921875,0.17902763187885284,0.8209723830223083,True
5.250.H,5.250,H,"Por que sempre depois que eu durmo à tarde, eu acordo com 1kg de arroz, de feijão, macarrão, açúcar e etc.? Porque foi uma siesta básica.",1,1,-0.7373046875,1.0546875,1.7919921875,0.14282864332199097,0.857171356678009,True
5.1046.H,5.1046,H,Qual o canal para fumantes infantis? Carlton Network.,1,0,0.32568359375,-0.6953125,-1.02099609375,0.735166609287262,0.26483339071273804,False
5.2896.N,5.2896,N,Qual cantor só pode ser visto pela internet? Lucas Inutilismo,0,1,-0.64453125,0.994140625,1.638671875,0.1626458615064621,0.8373541235923767,False
4.428.N,4.428,N,Eu sempre quis comprar um cavalo . Por isso fui a uma quinta e pedi um orçamento.,0,0,1.451171875,-1.580078125,-3.03125,0.9539660811424255,0.04603390395641327,True
5.405.N,5.405,N,Onde ficam as maiores dúvidas dos dentistas? Na cabeça.,0,0,2.3203125,-2.267578125,-4.587890625,0.9899281859397888,0.010071824304759502,True
4.398.N,4.398,N,"Era um vez um esquilo tão pequeno, tão pequeno, que em vez de chamar esquilo, chamava-se esquilinho.",0,1,-0.385009765625,0.128173828125,0.51318359375,0.3744475245475769,0.6255525350570679,False
5.780.N,5.780,N,Qual a mulher que mais gostava de andar de avião? Simone de É Souza.,0,1,-0.4111328125,0.5576171875,0.96875,0.2751297354698181,0.7248703241348267,False
4.98.N,4.98,N,O que é um carro amarelo no trânsito? É um táxi.,0,0,1.587890625,-1.8671875,-3.455078125,0.9693822264671326,0.03061777912080288,True
4.433.N,4.433,N,Hoje descobri que a minha torradeira não é à prova de água . Fiquei surpreendido.,0,0,1.337890625,-1.6103515625,-2.9482421875,0.9501802921295166,0.04981965199112892,True
5.2458.N,5.2458,N,"Qual é a semelhança entre uma carta de amor de um ex-goleiro brasileiro e uma luta do Mike Tyson? Ambas podem acabar "" fim "".",0,1,0.179443359375,0.5146484375,0.335205078125,0.41697466373443604,0.583025336265564,False
5.3379.N,5.3379,N,"Qual atriz que mesmo sem companhia, nunca anda sozinha? Fernanda Montenegro.",0,0,2.42578125,-2.5,-4.92578125,0.9927951693534851,0.007204768713563681,True
5.3460.H,5.3460,H,"Qual feriado religioso que não é nem pra preto, nem pra branco? Quarta freira de cinzas.",1,1,-0.99462890625,1.07421875,2.06884765625,0.11216172575950623,0.8878382444381714,True
5.567.H,5.567,H,Que cantor caiu de cara na calçada? Milton No Cimento.,1,1,-0.90966796875,1.1533203125,2.06298828125,0.11274655908346176,0.88725346326828,True
5.3008.N,5.3008,N,O que o cara gripado faz quando está perto de um grupo de doutoras? Contamina.,0,1,-0.72216796875,0.9306640625,1.65283203125,0.16072656214237213,0.8392734527587891,False
5.2238.H,5.2238,H,Qual o programa musical favorito da turma do Chaves? Pops Star ,1,1,-0.43359375,0.77099609375,1.20458984375,0.23065973818302155,0.7693402767181396,True
5.2679.N,5.2679,N,Qual padre é um cavalo? Marcelo Rossi.,0,0,1.0615234375,-1.3798828125,-2.44140625,0.9199306964874268,0.08006926625967026,True
5.3768.H,5.3768,H,Onde o Jabba come? No pizza hutt ,1,1,-0.66845703125,1.0078125,1.67626953125,0.1575900763273239,0.8424099683761597,True
5.2987.N,5.2987,N,Qual microorganismo é viciado em drogas? Bactérias.,0,0,1.4404296875,-1.9658203125,-3.40625,0.9678993225097656,0.032100703567266464,True
5.248.H,5.248,H,Qual foi o dinossauro mais zoeiro que existiu? Tirando Sarro Rex.,1,1,-0.9326171875,1.23828125,2.1708984375,0.10239443182945251,0.8976055979728699,True
5.3789.N,5.3789,N,Qual o vinho caro do Lamartine Babo? Merlô.,0,1,-0.9931640625,1.2568359375,2.25,0.09534946084022522,0.9046505093574524,False
5.2974.H,5.2974,H,Qual banda que só usa tenis? Oasics.,1,1,-0.5986328125,0.89013671875,1.48876953125,0.1841064840555191,0.8158934712409973,True
4.266.H,4.266,H,Porque é que os cangurus não pagam propinas? Porque têm bolsa.,1,1,-0.7041015625,1.02734375,1.7314453125,0.15040279924869537,0.8495972156524658,True
5.573.H,5.573,H,Por que o Mickey não precisa ser bem dotado? Porque a Minnie-atura.,1,1,-0.78173828125,1.265625,2.04736328125,0.11431907117366791,0.8856809139251709,True
5.868.H,5.868,H,Por que o oftamologista anão foi pra Disney? Pra comprar minnie eye-pads.,1,1,-0.8955078125,1.19921875,2.0947265625,0.1096104308962822,0.890389621257782,True
5.3581.H,5.3581,H,Qual artista gosta de pintar os personagens de Toy Story usando cores bem vivas? O Andy Warhol.,1,0,2.03125,-2.251953125,-4.283203125,0.9863894581794739,0.013610590249300003,False
5.3108.N,5.3108,N,Qual sanduíche do McDonalds te faz sair de qualquer enrascada? Quarteirão.,0,1,-0.7841796875,0.93603515625,1.72021484375,0.15184348821640015,0.8481565117835999,False
5.317.N,5.317,N,Qual banda é formada por um padre? É o Tchan! Com Alexandre Pires.,0,0,1.5947265625,-1.7392578125,-3.333984375,0.9655764698982239,0.034423548728227615,True
5.2216.N,5.2216,N,Por que o astronauta desistiu de fazer mingau com farinha de trigo? Porque não havia gravidade,0,0,1.6279296875,-1.564453125,-3.1923828125,0.960546612739563,0.039453376084566116,True
5.2083.H,5.2083,H,"Qual figura do carnaval que dá em cima das mulheres? Boneco de Oi, linda! ",1,1,-0.1622314453125,0.5439453125,0.7061767578125,0.33044418692588806,0.6695557832717896,True
5.481.H,5.481,H,Por que a jogadora de baseball foi internada no hospício?  Porque ela não estava batendo bem.,1,0,2.099609375,-1.771484375,-3.87109375,0.9795897603034973,0.020410310477018356,False
4.742.N,4.742,N,O que teria acontecido se Adão e Eva fossem canibais? A Eva teria comido Adão.,0,0,1.1533203125,-1.6298828125,-2.783203125,0.9417614340782166,0.05823862925171852,True
5.2496.H,5.2496,H,"O que o médico disse para o homem que entrou gemendo de dor no hospital? ""Seja paciente"".",1,0,2.5,-1.7255859375,-4.2255859375,0.985593855381012,0.014406195841729641,False
5.1000.N,5.1000,N,Qual cantora tentou adotar Jesus Cristo? Vanusa.,0,0,1.7197265625,-1.8828125,-3.6025390625,0.9734686613082886,0.026531338691711426,True
5.3145.N,5.3145,N,Qual a comida preferida do paciente com Ebola? É biscoito.,0,0,1.6220703125,-1.8896484375,-3.51171875,0.9710193276405334,0.02898062765598297,True
5.3353.H,5.3353,H,Qual a música mais ouvida nas cordilheiras? Snow or neve.,1,1,-0.4091796875,0.9443359375,1.353515625,0.20529620349407196,0.7947037816047668,True
2.21.N,2.21,N,"Eu não esperei, mas o ônibus esperou.",0,0,1.732421875,-1.55078125,-3.283203125,0.9638481140136719,0.0361519381403923,True
5.100.H,5.100,H,Qual a data mais importante do calendário grego? Dia de Ação de Grécias.,1,1,-0.8310546875,1.115234375,1.9462890625,0.12495855987071991,0.8750414848327637,True
5.1286.N,5.1286,N,Qual o nome do piloto do dirigível? Feodor Nenov.,0,1,-0.343994140625,0.7392578125,1.083251953125,0.2528911232948303,0.7471088767051697,False
5.1343.N,5.1343,N,O Batman vestiu seu Batblazer e seu Batsapato social . Para onde ele foi? Para o casamento.,0,1,-0.28857421875,0.72412109375,1.0126953125,0.26645269989967346,0.7335473299026489,False
5.263.N,5.263,N,Qual é o nome do filme protagonizado por duas motos bem nervosas? A parede.,0,0,1.3935546875,-1.6953125,-3.0888671875,0.9564311504364014,0.04356881231069565,True
4.141.N,4.141,N,Qual é a sobremesa mais popular na Rússia? O Pudim flan.,0,1,-0.5673828125,0.73974609375,1.30712890625,0.21296769380569458,0.7870323657989502,False
5.117.H,5.117,H,Qual peixe viveu uma aventura digna dos contos de fadas? Aliche no país das Maravilhas.,1,1,-1.009765625,1.220703125,2.23046875,0.09704755991697311,0.9029524326324463,True
5.1009.N,5.1009,N,O que o 7 perguntou pro amigo dele? Tu vens?,0,0,1.5712890625,-1.8359375,-3.4072265625,0.9679296612739563,0.032070379704236984,True
5.4098.N,5.4098,N,Qual molho é sempre servido em proporções exageradas? De tomate.,0,0,1.56640625,-1.84375,-3.41015625,0.968020498752594,0.03197956085205078,True
5.3625.N,5.3625,N,Qual a banda que ajuda as pessoas a alcançar a seu destino? U2.,0,0,1.9931640625,-2.3203125,-4.3134765625,0.986789882183075,0.013210084289312363,True
5.3548.H,5.3548,H,Qual a banda especializada na remoção de carpetes? Revela chão.,1,1,-0.85302734375,1.16796875,2.02099609375,0.1170160248875618,0.882983922958374,True
5.2060.H,5.2060,H,Qual o personagem de star wars que vive espirrando? An atchim skywalker ,1,1,-0.8330078125,1.0849609375,1.91796875,0.12808825075626373,0.8719117641448975,True
5.2778.N,5.2778,N,Qual jogo do Windows só funciona se você fizer tudo o que ele quer? O Campo Minado,0,0,0.70654296875,-0.54443359375,-1.2509765625,0.7774689197540283,0.22253113985061646,True
2.21.H,2.21,H,"Eu não esperei, mas o Jack Sparrow.",1,1,-0.286376953125,0.146240234375,0.4326171875,0.39350154995918274,0.6064984202384949,True
5.3101.N,5.3101,N,Qual herói do cinema é o melhor em fuxicar as redes sociais de seus inimigos? Luke Skywalker.,0,0,1.65234375,-1.8330078125,-3.4853515625,0.9702680706977844,0.029731910675764084,True
4.657.H,4.657,H,O Aníbal foi ao Campeonato do Mundo e apareceu na TV. Ficou conhecido Aníbal Mundial.,1,1,-0.787109375,1.0625,1.849609375,0.1359187662601471,0.8640812635421753,True
5.3058.H,5.3058,H,Qual assassino possui um vasto conhecimento? John Wick Pédia.,1,1,-0.8759765625,1.1201171875,1.99609375,0.1196136623620987,0.8803863525390625,True
5.1043.H,5.1043,H,Qual é o pokémon da umbanda? O pikaEXU,1,1,-1.0771484375,1.1962890625,2.2734375,0.09334688633680344,0.9066531658172607,True
4.505.N,4.505,N,"O casamento é muito bonito e tal, mas se casares com a pessoa errada, é como a COVID-19 . Todo os dias novos sintomas.",0,0,0.2296142578125,0.15966796875,-0.0699462890625,0.5174794793128967,0.48252058029174805,True
5.872.H,5.872,H,Qual comediante vive com calor? Renato Abane.,1,1,0.09747314453125,0.45458984375,0.35711669921875,0.4116576910018921,0.5883423089981079,True
5.250.N,5.250,N,"Por que sempre depois que eu durmo à tarde, eu acordo com 1 kg de arroz, de feijão, macarrão, açúcar e etc.? Porque foi uma doação.",0,0,1.775390625,-1.1142578125,-2.8896484375,0.9473323225975037,0.052667658776044846,True
5.3045.H,5.3045,H,"""Por que a pessoa não paga pelo absorvente? Porque """"quer free"""".""",1,1,-0.492919921875,0.861328125,1.354248046875,0.20517675578594208,0.7948232889175415,True
5.1449.H,5.1449,H,Po rque o carteiro foi à feira? Porque tinha uma carta na manga.,1,1,-0.74755859375,1.0673828125,1.81494140625,0.14004197716712952,0.8599580526351929,True
5.3103.N,5.3103,N,Doença comum nos detergentes? Póliomielite.,0,1,-0.1168212890625,0.28271484375,0.3995361328125,0.40142378211021423,0.5985762476921082,False
5.1858.H,5.1858,H,Que cantora faz pequenas transmissões na internet? Avril Livinha.,1,0,0.87939453125,-0.46240234375,-1.341796875,0.7927852869033813,0.20721471309661865,False
5.567.N,5.567,N,Que cantor caiu de cara na calçada? Milton Nascimento.,0,0,2.21484375,-2.3828125,-4.59765625,0.9900250434875488,0.009974921122193336,True
5.1237.N,5.1237,N,Qual o tio que faz pesquisa sobre o câncer? O Oncologista.,0,0,1.8212890625,-2.052734375,-3.8740234375,0.9796481728553772,0.020351815968751907,True
5.771.H,5.771,H,Por que a ideia ficou cansada depois da reforma? Porque perdeu o assento.,1,1,-0.32568359375,0.6796875,1.00537109375,0.2678866982460022,0.732113242149353,True
5.3618.H,5.3618,H,Qual os piores inimigos dos MINIons??? MAXIoffs,1,1,-0.9609375,1.0,1.9609375,0.1233656257390976,0.8766343593597412,True
4.319.H,4.319,H,A camaleoa vira-se para o marido: Volta para a camaleão...,1,1,-0.9521484375,1.1767578125,2.12890625,0.1063188686966896,0.8936811685562134,True
4.326.N,4.326,N,Porque é que os homens são mais burros ao pé das mulheres? Porque passam de homo sapiens para homo australopitecos.,0,1,-0.83984375,1.0361328125,1.8759765625,0.132851704955101,0.8671482801437378,False
5.633.H,5.633,H,Quais heróis se preocupam mais com as poses para foto do que com o destino do seu planeta? Os Tumblrcats.,1,1,-0.6630859375,0.93701171875,1.60009765625,0.16796797513961792,0.8320320844650269,True
5.3537.H,5.3537,H,Qual rockeiro não engorda? É o Regime Hendrix.,1,1,-0.83154296875,1.0029296875,1.83447265625,0.13770632445812225,0.8622936010360718,True
5.1858.N,5.1858,N,Qual é o cigarro que todos os comediantes gostam? Malboro.,0,1,-0.65771484375,0.90576171875,1.5634765625,0.17314834892749786,0.8268516659736633,False
5.2538.N,5.2538,N,Qual atriz da Globo tem o olho torto? Cristiana Oliveira.,0,0,2.2265625,-2.412109375,-4.638671875,0.9904221296310425,0.009577910415828228,True
4.598.N,4.598,N,Estou a pensar começar uma relação com a minha amiga . Ao menos ela sabe dar-me o devido valor.,0,0,1.37109375,-0.6943359375,-2.0654296875,0.8874974250793457,0.1125025525689125,True
5.569.N,5.569,N,"Qual personagem histórico sempre pede um império? Alexandre, o Grande.",0,0,1.8310546875,-1.736328125,-3.5673828125,0.9725454449653625,0.02745460718870163,True
5.2197.N,5.2197,N,Porque o frango usava smoking? Porque era elegante no último!,0,0,0.72412109375,-0.002735137939453125,-0.7268562316894531,0.6741150617599487,0.32588499784469604,True
5.94.H,5.94,H,Qual o material bélico mais carente? Miss you.,1,1,-0.7060546875,1.1376953125,1.84375,0.13660839200019836,0.863391637802124,True
4.741.N,4.741,N,Por que é que os pescadores não conseguem pescar? Porque têm a cana partida.,0,1,0.0643310546875,0.143310546875,0.0789794921875,0.48026540875434875,0.5197346210479736,False
5.1524.H,5.1524,H,Como se chamava o cara que roubava discos do Eric Clapton? Claptonmaníaco.,1,1,-0.76611328125,0.93798828125,1.7041015625,0.15393033623695374,0.8460696339607239,True
3.14.H,3.14,H,Por que as plantas pequenas não falam? Porque elas são mudas.,1,0,1.1015625,-0.7626953125,-1.8642578125,0.8657925128936768,0.13420753180980682,False
5.2603.N,5.2603,N,Qual cantor enxergava tudo o que o professor escreve em sala de aula? Caetano Veloso.,0,0,2.29296875,-2.623046875,-4.916015625,0.9927250146865845,0.0072749583050608635,True
4.744.H,4.744,H,Onde nasceu o Harry Potter? Salvaterra de Magos.,1,1,-1.0419921875,1.2509765625,2.29296875,0.09170696884393692,0.9082930684089661,True
5.782.H,5.782,H,Qual a tartaruga ninja que mais gosta de dormir? O Fronhatelo.,1,1,-0.927734375,1.1923828125,2.1201171875,0.10715685039758682,0.8928431868553162,True
5.2300.H,5.2300,H,Por que as pessoas estavam testando comidas dentro do ônibus? Porque era um teste do Busfeed.,1,1,-0.7744140625,1.1552734375,1.9296875,0.12678518891334534,0.873214840888977,True
5.336.N,5.336,N,Qual o meio de transporte mais barato na Bahia? Uber imbau,0,1,-0.93798828125,1.18359375,2.12158203125,0.10701678693294525,0.8929831981658936,False
4.744.N,4.744,N,Onde nasceu o Gregório Fernandes? Salvaterra de Magos.,0,1,-1.0244140625,1.2158203125,2.240234375,0.09619517624378204,0.9038048982620239,False
5.3165.H,5.3165,H,Qual pintor ganhou mais dinheiro com sua arte? Ricasso.,1,1,-0.517578125,0.6005859375,1.1181640625,0.24635201692581177,0.7536479830741882,True
5.1237.H,5.1237,H,Qual o tio que faz pesquisa sobre o câncer? O Uncle Logista.,1,1,-0.6953125,0.90087890625,1.59619140625,0.16851459443569183,0.8314854502677917,True
5.1061.N,5.1061,N,Qual doença temos que coletar esperma? Prostatite.,0,1,0.04083251953125,0.1297607421875,0.08892822265625,0.47778263688087463,0.5222173929214478,False
4.433.H,4.433,H,Hoje descobri que a minha torradeira não é à prova de água. Fiquei chocado.,1,0,1.0107421875,-1.2216796875,-2.232421875,0.9031234383583069,0.09687653928995132,False
5.999.N,5.999,N,Qual desodorante ajuda a ir para o céu? Rexona.,0,1,-0.75830078125,1.068359375,1.82666015625,0.13863661885261536,0.861363410949707,False
5.1627.N,5.1627,N,Qual é a atriz menos dramática do mundo? A tristeza,0,0,2.283203125,-1.78125,-4.064453125,0.9831175804138184,0.01688246615231037,True
4.183.N,4.183,N,Como é que o António se chama quando anda de autocarro? António.,0,0,2.28125,-2.208984375,-4.490234375,0.9889063835144043,0.011093566194176674,True
4.627.N,4.627,N,Um homem viu um filme nos Estados Unidos . Qual é o filme? American Pie.,0,0,1.869140625,-2.11328125,-3.982421875,0.9817007184028625,0.01829933375120163,True
5.3765.N,5.3765,N,Qual é o jogo favorito da Ivete Sangalo? Imagem e Ação,0,0,1.0234375,-0.451904296875,-1.475341796875,0.81386798620224,0.1861320436000824,True
5.122.N,5.122,N,Como chama a cerveja que você só toma de 2 em 2 anos? Skoll.,0,0,0.55224609375,-0.810546875,-1.36279296875,0.7962132096290588,0.20378674566745758,True
4.169.H,4.169,H,O que diz um gato comunista? Mao.,1,1,-0.58447265625,0.2247314453125,0.8092041015625,0.3080601096153259,0.6919398903846741,True
5.2743.H,5.2743,H,Qual o animal que sempre tá de brinks? Tira no Sarro,1,1,-0.80810546875,1.1318359375,1.93994140625,0.12565429508686066,0.8743456602096558,True
4.61.H,4.61,H,Uma mulher manda-se dum prédio e acerta num homem que ia a passar. Qual é o filme? A cusada de morte.,1,1,-0.6826171875,1.025390625,1.7080078125,0.1534222811460495,0.8465777039527893,True
4.482.N,4.482,N,"O homem já vivei no período Paleolítico, no Mesolítico, no Neolítico...Ao período atual chamamos Idade Contemporânea que veio depois da Idade Moderna e da Idade Média.",0,0,1.453125,-1.4765625,-2.9296875,0.9492946267127991,0.05070536211133003,True
5.636.N,5.636,N,Qual a parte do corpo favorita do Muralha? Cabelo.,0,0,0.456787109375,-0.7041015625,-1.160888671875,0.7614941596984863,0.23850585520267487,True
5.2385.H,5.2385,H,Por que o atrito e a resistência do ar foram ao psicólogo? Porque eles são muito desprezados,1,0,1.43359375,-0.79931640625,-2.23291015625,0.9031661152839661,0.09683381766080856,False
5.2216.H,5.2216,H,Por que o astronauta desistiu de fazer mingau com farinha de trigo? Porque havia lactea ,1,1,-0.8173828125,1.1181640625,1.935546875,0.1261378973722458,0.8738621473312378,True
5.956.N,5.956,N,Como o ciclista reage a uma notícia ruim? Ele fica triste.,0,0,2.35546875,-2.427734375,-4.783203125,0.9917002320289612,0.008299686945974827,True
5.1772.N,5.1772,N,Qual é o colunista de fofoca preferido do Mufasa? Zazu.,0,0,1.4755859375,-2.13671875,-3.6123046875,0.9737197160720825,0.026280278339982033,True
4.235.N,4.235,N,"Era uma vez um homem tão pequeno, tão pequeno, que em vez de praticar natação, praticava pesca desportiva.",0,0,0.5498046875,-1.146484375,-1.6962890625,0.8450494408607483,0.15495054423809052,True
5.261.H,5.261,H,Qual é o cantor que se suicidou? Frank Simata.,1,1,-0.5205078125,0.82275390625,1.34326171875,0.20697419345378876,0.79302579164505,True
5.2675.H,5.2675,H,Qual cantor sempre manda uma jogada boa no baralho? Mando Reis.,1,1,-0.88623046875,1.1455078125,2.03173828125,0.11591066420078278,0.8840892910957336,True
5.766.N,5.766,N,Qual o bairro de SP favorito do Schwarzenegger?   A Bela Vista.,0,0,1.9208984375,-2.033203125,-3.9541015625,0.9811848998069763,0.018815092742443085,True
5.2009.H,5.2009,H,Nome do cara que não joga na linha? Hugo Leiro ,1,1,-0.55859375,0.92578125,1.484375,0.18476751446723938,0.815232515335083,True
5.2325.H,5.2325,H,"O que a mãe religiosa disse para o pai agnóstico sobre o filho deles? ""Cuida, que o filho é ateu"".",1,0,2.12890625,-1.5849609375,-3.7138671875,0.9761973023414612,0.023802664130926132,False
4.266.N,4.266,N,Porque é que os cangurus não querem bolsas? Porque já  têm bolsa.,0,0,0.3681640625,0.1893310546875,-0.1788330078125,0.5445894598960876,0.4554104804992676,True
5.3300.H,5.3300,H,Qual é o animal que regurgita muito? Gorfinho.,1,1,-0.947265625,1.2734375,2.220703125,0.0979066863656044,0.9020932912826538,True
5.3529.H,5.3529,H,Que estilo de filme tem dois microscópios se esfregando? Fricção Científica.,1,1,-0.70556640625,0.93798828125,1.6435546875,0.1619819551706314,0.8380180597305298,True
4.56.H,4.56,H,Porque é que os carpinteiros são bons a fazer contas? Porque tabuada é com eles.,1,1,-0.60498046875,0.53271484375,1.1376953125,0.24274376034736633,0.7572562098503113,True
5.1182.N,5.1182,N,Por que o Chico Buarque foi preso na saída do Santander? Por quebrar o banco.,0,0,1.66796875,-1.5859375,-3.25390625,0.9628131985664368,0.03718677535653114,True
5.933.N,5.933,N,Qual é o nome do especialista em temperar carnes que não se esquecia do passado? Olívio.,0,1,-0.705078125,1.0400390625,1.7451171875,0.14866413176059723,0.8513358235359192,False
5.1073.N,5.1073,N,"Qual filme conta a história do casal mais perdido do mundo em beira-mar? "" Procurando; né, mô? """,0,1,-0.54248046875,0.85693359375,1.3994140625,0.19790910184383392,0.8020908832550049,False
5.184.N,5.184,N,Qual é o cantor que acha tudo um exagero? Jão.,0,0,0.9970703125,-1.2158203125,-2.212890625,0.9014011025428772,0.09859886020421982,True
5.3741.H,5.3741,H,Qual comentarista esportivo se gaba da reforma em seu domicílio? Vaiter Casagrande.,1,1,-1.1357421875,1.306640625,2.4423828125,0.07999736815690994,0.9200026392936707,True
4.740.N,4.740,N,O que diz um mineiro antes de usar a picareta? Cá vai disto!,0,1,-0.7109375,1.0224609375,1.7333984375,0.15015339851379395,0.849846601486206,False
5.1286.H,5.1286,H,Qual o nome do piloto do dirigível? José Pelin.,1,0,1.208984375,-1.46875,-2.677734375,0.9356999397277832,0.0643000602722168,False
4.724.N,4.724,N,"Como é que se diz "" abacate "" no Brasil? Abacate.",0,0,1.7744140625,-2.201171875,-3.9755859375,0.981577455997467,0.01842254213988781,True
4.667.H,4.667,H,Que tipo de música ouvem os mortos-vivos? Kizombie.,1,1,-0.93505859375,1.1982421875,2.13330078125,0.1059020534157753,0.8940979838371277,True
4.436.N,4.436,N,Se mentes . Deus castiga.,0,1,-0.2254638671875,-0.1085205078125,0.116943359375,0.47079741954803467,0.5292025804519653,False
4.232.H,4.232,H,Qual é a banda preferida dos desempregados? LinkedIn Park.,1,1,-0.5556640625,1.033203125,1.5888671875,0.1695433259010315,0.8304566740989685,True
5.177.N,5.177,N,Qual cantor faz shows em Spa? Belo.,0,0,2.05078125,-2.310546875,-4.361328125,0.9873993396759033,0.01260062400251627,True
5.2977.H,5.2977,H,Qual grupo só tem negão criança? Negro é tudo júnior.,1,1,-0.890625,0.9072265625,1.7978515625,0.14211279153823853,0.8578872084617615,True
5.587.H,5.587,H,Por que não fico bronzeado em casa? Porque uso protetor só lar.,1,1,-0.65478515625,1.01171875,1.66650390625,0.15889087319374084,0.8411091566085815,True
5.2578.H,5.2578,H,Qual o programa favorito dos gaúchos? The Noitchê.,1,1,-0.93994140625,1.1123046875,2.05224609375,0.11382562667131424,0.8861743807792664,True
5.1360.N,5.1360,N,Por que o anão foi surfar na cozinha? Porque lá tem fogão.,0,0,0.56884765625,0.201416015625,-0.367431640625,0.5908382534980774,0.409161776304245,True
5.573.N,5.573,N,Por que o Mickey não precisa ser bem dotado? Porque a miniatura.,0,1,-0.943359375,1.0556640625,1.9990234375,0.11930549144744873,0.8806945085525513,False
4.529.N,4.529,N,O que são oito Hobbits? Um grupo de Hobbits.,0,0,0.79541015625,-1.3232421875,-2.11865234375,0.8927029371261597,0.10729707777500153,True
5.2446.N,5.2446,N,Qual é a cantora favorita do Tony Hawk? Shakira.,0,0,1.728515625,-2.091796875,-3.8203125,0.9785493016242981,0.02145073004066944,True
5.984.N,5.984,N,Levei meu carro na feira ao invés de levar para a oficina . Qual é o nome do filme? Em Ritmo de Fuga.,0,0,1.3984375,-0.630859375,-2.029296875,0.8838388919830322,0.11616107821464539,True
5.1311.N,5.1311,N,Qual cantor sertanejo faliu? Leonardo.,0,0,2.4296875,-2.630859375,-5.060546875,0.9936979413032532,0.006302121561020613,True
4.71.H,4.71,H,Porque é que uma mulher partiu a perna ao filho na cozinha? Porque não tinha canela para pôr no bolo.,1,1,-0.481689453125,0.49365234375,0.975341796875,0.2738170325756073,0.7261829972267151,True
5.3569.H,5.3569,H,Em que momento do dia seus segredos são revelados? No expor do sol.,1,0,1.22265625,-0.4130859375,-1.6357421875,0.8369547128677368,0.1630452573299408,False
5.1766.N,5.1766,N,"O que o Mickey disse quando pôs a mão no fogo? "" Ai! quente "".",0,1,0.00811004638671875,0.467529296875,0.45941925048828125,0.38712358474731445,0.6128764152526855,False
5.152.N,5.152,N,Por que antigamente o Brasil era mais cheiroso? Porque era perfumado.,0,0,1.79296875,-2.091796875,-3.884765625,0.9798612594604492,0.02013874240219593,True
5.2056.H,5.2056,H,Qual é o jogo da pessoa gripada? Over atchim ,1,1,-0.76611328125,1.052734375,1.81884765625,0.13957218825817108,0.860427737236023,True
5.3355.N,5.3355,N,O que mais excita o fazendeiro? Lucros no Pasto.,0,0,1.1708984375,-0.93896484375,-2.10986328125,0.8918581604957581,0.10814184695482254,True
5.1025.N,5.1025,N,Quem financiou o Ben 10? O Cartoon Network,0,0,1.7919921875,-2.197265625,-3.9892578125,0.9818230867385864,0.018176931887865067,True
5.3595.H,5.3595,H,Qual o chinelo mais vendido em Salvador? Há baianas.,1,1,-0.80419921875,1.1416015625,1.94580078125,0.12501196563243866,0.8749880194664001,True
5.1358.N,5.1358,N,Qual é o trabalho que você se vê fazendo? Limpar banheiros.,0,0,1.810546875,-2.146484375,-3.95703125,0.9812389612197876,0.018761085346341133,True
5.1381.H,5.1381,H,Por que colocaram uma cama elástica no Polo Norte? Para o urso polar.,1,0,0.031890869140625,-0.12286376953125,-0.154754638671875,0.538611650466919,0.46138834953308105,False
5.691.H,5.691,H,Qual é o nome da hiena que se aposentou? Hiena SS.,1,1,-0.88134765625,1.05078125,1.93212890625,0.12651513516902924,0.8734848499298096,True
4.296.H,4.296,H,O que diz um prédio para outro? Tens um andar tão lindo...,1,0,0.61865234375,-0.6650390625,-1.28369140625,0.7830774784088135,0.21692253649234772,False
5.3834.H,5.3834,H,Qual o ex desgraçado que se empanturra na churrascaria? Ex Como um Gado.,1,1,-0.83740234375,1.08984375,1.92724609375,0.12705571949481964,0.8729442954063416,True
5.3108.H,5.3108,H,Qual sanduíche do McDonalds te faz sair de qualquer enrascada? McGuyver.,1,1,-0.849609375,1.1123046875,1.9619140625,0.12326005101203918,0.8767399787902832,True
4.753.N,4.753,N,O meu pai tem uma loja de material elétrico . É por isso que tenho material elétrico de graça.,0,0,1.0595703125,-0.93115234375,-1.99072265625,0.8798195719718933,0.12018042802810669,True
4.169.N,4.169,N,O que diz um gato comunista? Miau.,0,0,0.525390625,-0.326416015625,-0.851806640625,0.700946033000946,0.29905402660369873,True
5.1980.N,5.1980,N,Qual o dispositivo usado pra enxergar melhor uma determinada nota musical? Lente,0,0,1.984375,-1.9853515625,-3.9697265625,0.9814712405204773,0.01852879673242569,True
5.1314.H,5.1314,H,Por que a manicure foi demitida? Porque ela estava pouco se lixando.,1,0,1.037109375,-0.329833984375,-1.366943359375,0.7968858480453491,0.2031141221523285,False
4.664.H,4.664,H,Nunca morei em Hollywood. Mas a Marilyn Monroe.,1,0,0.353271484375,-0.213623046875,-0.56689453125,0.6380463242530823,0.3619537353515625,False
4.352.N,4.352,N,Qual é a diferença entre um boneco de neve e uma boneca de neve? As roupas de neve.,0,0,1.654296875,-1.859375,-3.513671875,0.9710743427276611,0.02892572060227394,True
4.536.H,4.536,H,Porque é que o espantalho recebeu um prémio Nobel? Porque foi o que mais se destacou no seu campo.,1,0,0.361572265625,-0.388671875,-0.750244140625,0.6792319416999817,0.3207681179046631,False
5.1361.N,5.1361,N,Qual é o melhor legume que existe? A beterraba.,0,0,1.146484375,-1.6337890625,-2.7802734375,0.941600501537323,0.05839952081441879,True
5.2779.N,5.2779,N,Qual inseto toma muito chá? Marimbondo,0,1,-0.7666015625,1.0693359375,1.8359375,0.13753247261047363,0.8624675869941711,False
5.572.H,5.572,H,Qual escritor tem vitiligo? Manchado de Assis.,1,1,-1.0322265625,1.2265625,2.2587890625,0.09459402412176132,0.9054059386253357,True
5.420.H,5.420,H,Qual fruta nasce às margens do Rio Negro? Só-limões.,1,1,-1.0029296875,1.166015625,2.1689453125,0.10257407277822495,0.8974258899688721,True
4.392.N,4.392,N,NOTÍCIA DE ÚLTIMA HORA: Um camião carregado de tijolos despistou-se no IC19 . A fila não pára de crescer.,0,0,0.379638671875,-0.451416015625,-0.8310546875,0.6965778470039368,0.30342209339141846,True
5.405.H,5.405,H,Onde ficam as maiores dúvidas dos dentistas? In the ciso.,1,1,-0.86669921875,1.1513671875,2.01806640625,0.11731908470392227,0.8826809525489807,True
5.350.N,5.350,N,Qual o dinossauro que faz sequestros rápidos? O estegossauro.,0,1,-0.2261962890625,0.2978515625,0.5240478515625,0.37190619111061096,0.6280938386917114,False
5.3944.H,5.3944,H,Por que o cara resolveu dormir no bueiro? Porque ele tava esgotado.,1,0,1.927734375,-1.650390625,-3.578125,0.9728307723999023,0.027169233188033104,False
4.622.N,4.622,N,Que tamanho de roupa vestem as altas? Tamanho grande.,0,0,2.05078125,-2.267578125,-4.318359375,0.9868533611297607,0.01314658671617508,True
5.2238.N,5.2238,N,Qual o programa musical favorito da turma do Chaves? The Voice Kids,0,0,1.4052734375,-1.8935546875,-3.298828125,0.9643886089324951,0.03561141714453697,True
5.594.N,5.594,N,O que um irmão apoiador falou pro outro? Tamo Junto!,0,0,0.61083984375,0.07843017578125,-0.53240966796875,0.6300449371337891,0.36995506286621094,True
4.117.N,4.117,N,O que é que é de graça mas tem que se registar? Os serviços de um produto digital.,0,0,0.8095703125,-1.169921875,-1.9794921875,0.8786270022392273,0.12137298285961151,True
5.129.N,5.129,N,Qual cantora ganhou uma patente em 2018? Marjorie Estiano.,0,0,1.7734375,-2.138671875,-3.912109375,0.9803937673568726,0.019606182351708412,True
5.3922.N,5.3922,N,Qual o peido mais fedido? Poltergases.,0,1,-0.61083984375,0.79052734375,1.4013671875,0.19759926199913025,0.8024007678031921,False
5.3115.N,5.3115,N,Por que o fazendeiro ficou pobre depois de ir ao banheiro? Porque o intestino delgado.,0,1,-0.491455078125,1.0732421875,1.564697265625,0.1729736626148224,0.8270263671875,False
2.8.N,2.8,N,Sabe por que o argumento do Dumbo foi completamente ignorado? Porque era incongruente.,0,0,1.36328125,-0.8818359375,-2.2451171875,0.9042285680770874,0.09577147662639618,True
5.2895.N,5.2895,N,Qual cantor só vê notícias pela internet? Latino,0,0,2.59375,-2.76171875,-5.35546875,0.9952999353408813,0.004700060468167067,True
5.3763.N,5.3763,N,Qual é a profissão mais feia que existe? Deputado,0,0,1.9482421875,-2.140625,-4.0888671875,0.9835180044174194,0.016481999307870865,True
5.2074.N,5.2074,N,Qual o ator que nunca deixa a mulher sair sozinha? Milton Naciumento,0,1,-0.748046875,0.98583984375,1.73388671875,0.15009109675884247,0.8499089479446411,False
5.4035.N,5.4035,N,"Por que o nariz, às vezes, sente cheiro de arrogância? Por causa da humildade do ar.",0,1,-0.828125,1.1806640625,2.0087890625,0.1182832196354866,0.8817168474197388,False
5.1288.N,5.1288,N,Qual atriz gosta de chocolate? Fernanda Lima.,0,0,2.4453125,-2.603515625,-5.048828125,0.9936240911483765,0.006375935859978199,True
5.1056.N,5.1056,N,Por que a cachorra modernista não latiu? Porque ela morreu.,0,0,2.013671875,-1.1044921875,-3.1181640625,0.9576358199119568,0.04236418753862381,True
5.2820.N,5.2820,N,Cantora que sempre fez dieta? Elis Regina,0,0,2.982421875,-2.90625,-5.888671875,0.997236967086792,0.002762998454272747,True
4.643.N,4.643,N,O que é que a Adele gosta de barrar no pão? Queijo.,0,0,1.73046875,-2.25,-3.98046875,0.9816655516624451,0.01833445206284523,True
4.695.H,4.695,H,"Qual é o contrário de ""extraordinário""? Extra ordinário.",1,1,-0.6875,0.9853515625,1.6728515625,0.15804436802864075,0.8419556617736816,True
4.643.H,4.643,H,O que é que a Adele gosta de barrar no pão? Queijo Phil-Adele-phia.,1,1,-0.927734375,1.2587890625,2.1865234375,0.10096723586320877,0.8990327715873718,True
5.3597.H,5.3597,H,Qual atriz cômica que tem mania de reparar do pescoço das pessoas? Tara ver neck.,1,1,-1.021484375,1.3203125,2.341796875,0.08772001415491104,0.9122800230979919,True
5.2368.N,5.2368,N,Qual rockeiro não usa drogas e nem sacaneia os outros? O Gene Simmons,0,0,0.30322265625,-0.2313232421875,-0.5345458984375,0.6305426955223083,0.3694572448730469,True
5.3460.N,5.3460,N,"Qual feriado religioso que não é nem pra preto, nem pra branco? Sexta feira Santa.",0,0,2.04296875,-2.3515625,-4.39453125,0.9878058433532715,0.012194132432341576,True
4.567.N,4.567,N,"O que é que a mulher do senhor diz quando o viagra perde o efeito? Foi-se o martelo, camarada.",0,1,0.351318359375,0.4111328125,0.059814453125,0.48505082726478577,0.5149491429328918,False
4.667.N,4.667,N,Que tipo de música ouvem os mortos-vivos? Kizomba.,0,1,-0.6552734375,0.921875,1.5771484375,0.1711997240781784,0.8288003206253052,False
5.3001.H,5.3001,H,Qual microorganismo sofre bullying? Protozoado.,1,0,1.2138671875,-1.564453125,-2.7783203125,0.9414929747581482,0.058507006615400314,False
4.480.N,4.480,N,"Como é que se diz "" surpresa "" em onomatopeias? Chan-chan-chan-chan!",0,1,-0.323486328125,0.81689453125,1.140380859375,0.24225042760372162,0.7577495574951172,False
5.1449.N,5.1449,N,Po rque o carteiro foi à feira? Porque tinha uma carta para entregar.,0,1,-0.0235443115234375,0.58935546875,0.6128997802734375,0.3513979911804199,0.6486019492149353,False
5.3364.N,5.3364,N,O que os homens em Rio Branco costumam beber? Pinga.,0,0,2.076171875,-2.341796875,-4.41796875,0.9880849719047546,0.011915021575987339,True
4.206.N,4.206,N,O que diz um castor excitado? Bate os dentes,0,0,2.0546875,-2.0625,-4.1171875,0.9839708209037781,0.016029145568609238,True
5.3736.N,5.3736,N,Qual clube campeão da Libertadores consegue segurar bebês gêmeos? Lanus.,0,1,-0.7998046875,0.96630859375,1.76611328125,0.1460263580083847,0.8539736866950989,False
5.1807.N,5.1807,N,Qual herói da literatura atirava em patos? Jack.,0,0,2.05859375,-2.302734375,-4.361328125,0.9873993396759033,0.01260062400251627,True
5.3789.H,5.3789,H,Qual o vinho predileto do Lamartine Babo? Merlô.,1,1,-0.94775390625,1.2177734375,2.16552734375,0.10288913547992706,0.8971108198165894,True
5.1109.N,5.1109,N,Qual filósofo gostaria de ser um Cavaleiro do Zodíaco? Aristóteles,0,0,1.7734375,-1.9814453125,-3.7548828125,0.9771320223808289,0.02286800742149353,True
5.2594.N,5.2594,N,Como se referiam a Jesus quando ele ficava bravo? Assertivo.,0,1,-0.7021484375,1.0185546875,1.720703125,0.1517806202173233,0.8482193946838379,False
4.256.H,4.256,H,Que som faz um peixe a cair dum prédio de 20 andares? AAAAAAAAAAAAAAAAAAAATUM!,1,1,-0.16796875,-0.068359375,0.099609375,0.4751181900501251,0.5248817801475525,True
5.604.H,5.604,H,Qual é a loja que no ENEM só chutava a terceira e primeira alternativas? C e A.,1,0,0.7509765625,-1.359375,-2.1103515625,0.8919052481651306,0.10809476673603058,False
5.1343.H,5.1343,H,O Batman vestiu seu Batblazer e seu Batsapato social. Para onde ele foi? Para o Batzado.,1,1,-0.91015625,1.171875,2.08203125,0.1108555942773819,0.8891444206237793,True
4.544.H,4.544,H,"A Érica e a Ester decidiram adotar uma jovem. Quando ela soube, ficou estérica.",1,0,0.18212890625,0.0162506103515625,-0.1658782958984375,0.5413747429847717,0.4586252272129059,False
5.104.H,5.104,H,Qual lugar do mundo incentiva a caminhada? Cordilheira dos Andes.,1,0,1.8876953125,-2.052734375,-3.9404296875,0.9809308648109436,0.019069157540798187,False
5.1162.N,5.1162,N,Qual o bairro de São Paulo que só tem Japoneses? Liberdade,0,0,2.208984375,-2.31640625,-4.525390625,0.9892855286598206,0.010714440606534481,True
5.1599.N,5.1599,N,Qual é o nome da loja do músico veterinário? Musicolândia.,0,1,-0.75927734375,0.94970703125,1.708984375,0.15329547226428986,0.8467044830322266,False
5.3111.H,5.3111,H,O que o Galvão falou para um pássaro? Caca tuuuuua... Taffarel!,1,1,-1.0927734375,1.193359375,2.2861328125,0.09227796643972397,0.9077220559120178,True
5.1221.H,5.1221,H,Qual o jornalista esportivo mais pesado? 1000 ton. Neves.,1,1,-0.89013671875,0.99658203125,1.88671875,0.13161905109882355,0.8683809638023376,True
5.1282.H,5.1282,H,Qual castanha sempre interpreta personagens maus? Avilã.,1,1,-0.7841796875,1.0478515625,1.83203125,0.13799647986888885,0.86200350522995,True
5.2987.H,5.2987,H,Qual microorganismo é viciado em drogas? Protousuário.,1,1,-0.89697265625,1.208984375,2.10595703125,0.10851916670799255,0.8914808034896851,True
4.664.N,4.664,N,Nunca morei em Hollywood . Mas a Marilyn mora.,0,0,1.6005859375,-1.1396484375,-2.740234375,0.9393594861030579,0.06064055860042572,True
5.2435.N,5.2435,N,Quais jogadores de basquete fundaram Brasília? Kobe Bryant e Michael Jordan .,0,0,1.53125,-1.9423828125,-3.4736328125,0.9699281454086304,0.030071839690208435,True
5.587.N,5.587,N,Por que não fico bronzeado em casa? Porque uso protetor facial.,0,0,2.142578125,-1.8525390625,-3.9951171875,0.9819273352622986,0.01807265728712082,True
5.1360.H,5.1360,H,Por que o anão foi surfar na cozinha? Porque lá tem micro ondas.,1,0,0.3232421875,-0.14599609375,-0.46923828125,0.6152034401893616,0.38479653000831604,False
4.193.H,4.193,H,"Hoje, vinte mulheres convidaram-me para sair. Nunca mais entro no WC das mulheres.",1,0,0.2149658203125,0.091796875,-0.1231689453125,0.5307533740997314,0.46924662590026855,False
5.1554.N,5.1554,N,Qual a Miss EUA que foi escolhida por engano? A Sheena Monnin.,0,0,0.8525390625,-0.56982421875,-1.42236328125,0.805708646774292,0.1942913681268692,True
5.3287.H,5.3287,H,Qual o ingrediente presente na comida de quem apanhou? RepOlho Roxo.,1,0,0.281494140625,0.2391357421875,-0.0423583984375,0.5105880498886108,0.48941200971603394,False
4.634.H,4.634,H,"Por que é que a apresentadora do Querido, Mudei a Casa foi para o hospital? Porque tinha um problema decoração.",1,1,-0.08770751953125,0.15380859375,0.24151611328125,0.4399127662181854,0.560087263584137,True
5.2693.N,5.2693,N,"Por que o artigo, o substantivo e o adjetivo nunca discutiam? Porque estavam sempre em paralelo.",0,0,1.53515625,-0.9599609375,-2.4951171875,0.9237988591194153,0.07620120048522949,True
5.840.N,5.840,N,Qual filme do Eddie Murphy ocupa muita locação? Um Tira da pesada.,0,1,-0.9189453125,1.220703125,2.1396484375,0.10530251264572144,0.8946975469589233,False
4.638.H,4.638,H,"O amor é como um jogo de sueca. Ou se tem um bom parceiro, ou o melhor mesmo é ter uma boa mão.",1,1,-0.061859130859375,0.55126953125,0.613128662109375,0.35134583711624146,0.6486541032791138,True
5.1221.N,5.1221,N,Qual o jornalista esportivo mais pesado? Milton Neves.,0,0,2.048828125,-2.421875,-4.470703125,0.9886900782585144,0.011309891939163208,True
4.163.N,4.163,N,Como é que a mulher do Vasco da Gama o cumprimenta? Com um beijo no lábio.,0,0,2.037109375,-2.08984375,-4.126953125,0.9841241240501404,0.01587584614753723,True
5.3709.H,5.3709,H,Qual é o personagem do Chaves que representa a bondade encarnada? Goodinez.,1,1,-0.494873046875,0.7080078125,1.202880859375,0.23096314072608948,0.7690368890762329,True
5.3763.H,5.3763,H,Qual é a profissão mais feia que existe? Ourrives ,1,1,-0.78271484375,1.193359375,1.97607421875,0.12173795700073242,0.8782621026039124,True
5.3494.N,5.3494,N,Qual o programa favorito do proctologista? Programa do Luciano Hulk.,0,1,-0.6611328125,0.8544921875,1.515625,0.18010665476322174,0.8198933005332947,False
4.599.N,4.599,N,Acabei de encomendar duas capas para smartphone na internet . São da Wish.,0,0,0.576171875,-0.269287109375,-0.845458984375,0.6996136903762817,0.30038630962371826,True
4.319.N,4.319,N,A camaleoa vira-se para o marido: Volta para a sala ...,0,0,1.2099609375,-1.13671875,-2.3466796875,0.9126699566841125,0.08733005076646805,True
4.281.H,4.281,H,Porque é que a galinha fez um striptease na capoeira? Para chocar os ovos.,1,0,0.062408447265625,-0.7958984375,-0.858306884765625,0.7023068070411682,0.2976931929588318,False
4.370.N,4.370,N,"É boa ideia comprar um relógio em forma de peixe? Não, é um gasto de tempo.",0,0,1.37890625,-0.91650390625,-2.29541015625,0.9084962010383606,0.09150380641222,True
4.585.H,4.585,H,"Nunca quis acreditar que o meu pai roubava enquanto trabalhava nas Estradas de Portugal. Mas quando eu chegava a casa, os sinais estavam todos lá.",1,0,0.8154296875,-0.37744140625,-1.19287109375,0.7672541737556458,0.23274585604667664,False
5.2047.H,5.2047,H,"Qual conto mostra a história de alguém que acha a esposa linda, mas quando ela o procura de noite, ele nega? ah, bela.... dorme, cida. ",1,1,-0.8701171875,1.1181640625,1.98828125,0.12043881416320801,0.879561185836792,True
5.2458.H,5.2458,H,"Qual é a semelhança entre uma carta de amor de um ex-goleiro brasileiro e uma luta do Mike Tyson? Ambas podem acabar ""com amor, Dida"".",1,1,-0.701171875,1.1328125,1.833984375,0.13776430487632751,0.8622356653213501,True
5.3101.H,5.3101,H,Qual herói do cinema é o melhor em fuxicar as redes sociais de seus inimigos? Luke Skystalker.,1,1,0.1910400390625,0.200927734375,0.0098876953125,0.4975281059741974,0.502471923828125,True
5.3670.N,5.3670,N,Qual país que as pessoas não tem o dedo polegar? Barbados,0,0,1.552734375,-1.638671875,-3.19140625,0.9605096578598022,0.03949040547013283,True
5.2496.N,5.2496,N,"O que o médico disse para o homem que entrou gemendo de dor no hospital? "" Seja bem vindo "".",0,0,2.369140625,-1.86328125,-4.232421875,0.9856905341148376,0.014309455640614033,True
4.534.N,4.534,N,Qual é a rádio mais ouvida ao pequeno-almoço? É a Rádio Comercial.,0,0,1.255859375,-1.6708984375,-2.9267578125,0.949153482913971,0.05084657296538353,True
4.392.H,4.392,H,NOTÍCIA DE ÚLTIMA HORA: Um camião carregado de Viagra despistou-se no IC19. A fila não pára de crescer.,1,0,0.47509765625,-0.397705078125,-0.872802734375,0.7053285837173462,0.2946714460849762,False
5.2141.H,5.2141,H,Por que tiraram a jogadora de vôlei do time após fazer o ponto? Porque foi cortada,1,0,1.333984375,-0.5556640625,-1.8896484375,0.8687154054641724,0.13128456473350525,False
4.543.N,4.543,N,Em que unidades se medem os monitores? Em pulgadas.,0,1,-0.90966796875,0.97509765625,1.884765625,0.1318424493074417,0.8681575655937195,False
4.83.H,4.83,H,O que é uma roubalheira? É o ato de roubar uma alheira.,1,1,-0.66357421875,0.99267578125,1.65625,0.16026602685451508,0.8397339582443237,True
5.3169.N,5.3169,N,Que rainha rosna como cantora? Queen Lati Fa.,0,1,-0.66064453125,0.970703125,1.63134765625,0.16364581882953644,0.83635413646698,False
4.206.H,4.206,H,O que diz um castor excitado? Suck my dique!,1,1,-0.6201171875,0.97705078125,1.59716796875,0.1683778017759323,0.8316221833229065,True
5.31.H,5.31,H,Qual é o poeta que sempre se atrasa?  Vinícius Demorais.,1,1,-0.59619140625,1.0361328125,1.63232421875,0.1635122001171112,0.8364877700805664,True
5.1714.N,5.1714,N,Por que o maquinista deixou o maluco sentar do seu lado? Porque o maluco o motiva.,0,0,1.71484375,-1.9541015625,-3.6689453125,0.9751308560371399,0.024869106709957123,True
5.177.H,5.177,H,Qual cantor faz shows em Spa? Zeca Pragordinho.,1,1,-0.62939453125,1.017578125,1.64697265625,0.16151851415634155,0.8384814858436584,True
5.663.H,5.663,H,Por que tem eleição no mundo das aves? Porque a gaivota.,1,1,-0.96875,1.25,2.21875,0.09807932376861572,0.9019206762313843,True
5.2559.N,5.2559,N,Qual é o cantor que tá sempre na cena de um crime? Benito de Paula.,0,0,1.279296875,-1.7490234375,-3.0283203125,0.9538372755050659,0.04616272822022438,True
5.1601.N,5.1601,N,Qual filme conta a história do filho do Shrek? Shrek 3.,0,1,-0.442138671875,0.51806640625,0.960205078125,0.2768371105194092,0.723162829875946,False
5.2609.H,5.2609,H,O que o anão estava fazendo com a bola de futebol? Embaixadinhas.,1,1,-0.576171875,0.9052734375,1.4814453125,0.1852092146873474,0.8147908449172974,True
4.442.N,4.442,N,O que é que os bebés já fazem aos 12 meses? Falar.,0,0,1.7138671875,-2.150390625,-3.8642578125,0.9794526100158691,0.02054743468761444,True
5.2468.H,5.2468,H,Qual é o Rapper que toca sempre as mesmas músicas? Rappertido.,1,1,-0.7890625,0.98974609375,1.77880859375,0.14445030689239502,0.855549693107605,True
5.3709.N,5.3709,N,Qual é o personagem do Chaves que representa a bondade encarnada? Chaves.,0,0,2.173828125,-2.341796875,-4.515625,0.9891815781593323,0.010818447917699814,True
5.2323.H,5.2323,H,Qual tipo de piada geralmente é feito entre dois homens pelados? Troca-trocadilho.,1,1,0.003025054931640625,0.3779296875,0.3749046325683594,0.4073564410209656,0.5926435589790344,True
4.160.N,4.160,N,O que diz uma banana suicida? Macacos me comam!,0,0,0.25634765625,-0.162841796875,-0.419189453125,0.6032892465591431,0.39671069383621216,True
5.1861.H,5.1861,H,Qual é o biscoito preferido da filha da fazendeira? A mãe tem gado.,1,1,0.04742431640625,0.08892822265625,0.04150390625,0.4896255135536194,0.5103744864463806,True
5.3987.H,5.3987,H,"Qual artista pop era porco, gordo, mas era irresistível? Baicon Jackson.",1,0,1.669921875,-1.4912109375,-3.1611328125,0.9593451619148254,0.040654849261045456,False
5.537.H,5.537,H,Onde se guardam as pequenas coisas? No armário da Coizinha.,1,1,-0.79345703125,1.0703125,1.86376953125,0.1342642903327942,0.865735650062561,True
5.442.N,5.442,N,Qual o salgadinho favorito dos torcedores do Flamengo? Ruffles.,0,0,0.06756591796875,-0.16796875,-0.23553466796875,0.5586129426956177,0.44138702750205994,True
4.534.H,4.534,H,Qual é a rádio mais ouvida ao pequeno-almoço? É a Rádio Comer-cereal.,1,1,-0.4208984375,0.415283203125,0.836181640625,0.3023395836353302,0.6976603865623474,True
5.3581.N,5.3581,N,Qual pintor gosta de pintar os personagens de Toy Story usando cores bem vivas? O Andy Warhol.,0,0,2.080078125,-2.271484375,-4.3515625,0.9872773289680481,0.012722708284854889,True
5.1249.N,5.1249,N,Por que o veganismo é a política de Estado na Bolívia? Para ninguém comer carne.,0,0,1.7890625,-1.3173828125,-3.1064453125,0.9571578502655029,0.04284217208623886,True
4.627.H,4.627,H,Um homem teve um filho nos Estados Unidos. Qual é o filme? American Pai.,1,1,-0.7265625,0.93896484375,1.66552734375,0.15902139246463776,0.8409785628318787,True
4.489.N,4.489,N,Hoje de manhã consegui empilhar catorze panquecas . Aquilo é que foi um pequeno-almoço grande.,0,0,0.332275390625,-0.8837890625,-1.216064453125,0.7713702321052551,0.22862979769706726,True
5.2743.N,5.2743,N,Qual o animal que sempre tá de brinks? Suricato,0,1,-0.8603515625,1.1337890625,1.994140625,0.11981949210166931,0.8801805377006531,False
3.3.H,3.3,H,Por que um policial estava interrogando um saco de cimento? Porque ele queria informações concretas.,1,0,1.5634765625,-1.537109375,-3.1005859375,0.956916868686676,0.04308309033513069,False
4.95.H,4.95,H,Qual é a única profissão que necessita de uma mãozinha para trabalhar? É a manicure.,1,0,1.646484375,-1.796875,-3.443359375,0.9690324664115906,0.03096751682460308,False
5.1059.N,5.1059,N,"Meu celular quebrou em várias partes . Do que eu preciso? De uma bactéria, porque ela conserta celular.",0,1,0.21630859375,0.306396484375,0.090087890625,0.4774932563304901,0.5225067734718323,False
5.2099.H,5.2099,H,Qual é o local religioso preferido dos jogadores de basquete? O Vaquicano ,1,1,-0.97607421875,1.2294921875,2.20556640625,0.09925173223018646,0.9007482528686523,True
5.3664.N,5.3664,N,Em qual faculdade o negão só entrava pelado? Nutrição.,0,0,1.9580078125,-2.30078125,-4.2587890625,0.986057698726654,0.013942277990281582,True
5.1861.N,5.1861,N,Qual o super herói que gosta de ver pessoas transando? Wolverine.,0,0,1.6376953125,-1.9326171875,-3.5703125,0.9726234674453735,0.027376487851142883,True
5.778.N,5.778,N,Por que o cara que não fazia exercícios prestou odonto? Pra ser dentista.,0,0,1.6884765625,-0.91943359375,-2.60791015625,0.9313689470291138,0.06863106787204742,True
5.3848.H,5.3848,H,Qual dublador tbm é psicólogo? Freud Mascarenhas.,1,1,-0.419677734375,0.7568359375,1.176513671875,0.23567962646484375,0.7643203735351562,True
5.3431.H,5.3431,H,Qual cidade espanhola preferida pelo Faustão ? Sevilha nos Trinta.,1,1,-0.70947265625,0.966796875,1.67626953125,0.1575900763273239,0.8424099683761597,True
5.62.H,5.62,H,Qual é a atriz que só usa roupa da Zara? Taís Zarauso.,1,1,-0.86572265625,1.078125,1.94384765625,0.1252257525920868,0.8747742176055908,True
4.59.N,4.59,N,"Estão dois pontos a comerem-se, vira-se um: olha lá isto é sério ou é um caso?",0,0,0.73388671875,-0.43017578125,-1.1640625,0.7620701193809509,0.23792991042137146,True
5.54.N,5.54,N,Qual é o personagem histórico que fui eu que indiquei? Simone de Beauvoir.,0,0,1.748046875,-1.9326171875,-3.6806640625,0.9754135012626648,0.024586498737335205,True
5.2069.H,5.2069,H,Os imperador inca decretou que as lhamas seriam os únicos animais permitidos em Machu Picchu. Qual é o nome do filme? O Império Contra a Alpaca ,1,1,-0.65380859375,1.0009765625,1.65478515625,0.16046325862407684,0.839536726474762,True
4.751.H,4.751,H,"Como correu a primeira final de sempre da Liga dos Campeões com patos? Foi bem dispatada, cheia de quacks da bola e acabou empatada.",1,1,-0.71337890625,1.00390625,1.71728515625,0.1522211730480194,0.847778856754303,True
5.169.N,5.169,N,Em qual programa o Sílvio Santos exagera no laquê? Todos.,0,0,1.96875,-2.5390625,-4.5078125,0.9890975952148438,0.010902374051511288,True
5.1802.H,5.1802,H,Qual é o celular dos veganos? Aipo ne,1,1,-0.81005859375,1.056640625,1.86669921875,0.13392409682273865,0.866075873374939,True
5.2845.N,5.2845,N,Uma mulher sofre de diarreia crônica . Qual o nome da novela? Maria do Bairro,0,1,0.23486328125,0.351318359375,0.116455078125,0.47091910243034363,0.529080867767334,False
5.785.H,5.785,H,Como se chama a mãe que cozinha bem? Mãesterchef.,1,1,-0.86279296875,1.0078125,1.87060546875,0.13347169756889343,0.866528332233429,True
5.2016.N,5.2016,N,Que cantora queria comer formiga? A TamanDua Lipa,0,1,-0.79638671875,1.0751953125,1.87158203125,0.13335877656936646,0.8666412234306335,False
4.428.H,4.428,H,Eu sempre quis comprar um cavalo. Por isso fui a uma quinta e pedi um horsamento.,1,1,-0.71728515625,1.1240234375,1.84130859375,0.13689659535884857,0.8631033897399902,True
5.2894.H,5.2894,H,Por que os musicos gostam de tocar a luz de velas? Parafinar os instrumentos ,1,0,0.77001953125,-0.79541015625,-1.5654296875,0.8271310925483704,0.17286889255046844,False
4.595.N,4.595,N,Para que servem óculos verdes? Para ver ao perto.,0,0,1.2333984375,-1.1669921875,-2.400390625,0.916857123374939,0.08314291387796402,True
5.3526.N,5.3526,N,O que fez o garçom militar? Abandonou o exército.,0,0,0.89501953125,-0.93310546875,-1.828125,0.8615382313728333,0.13846179842948914,True
5.2393.N,5.2393,N,Qual é o canal infantil que só transmite desenho de carro? Car Tum Network.,0,1,-0.791015625,1.1630859375,1.9541015625,0.12410682439804077,0.875893235206604,False
4.425.H,4.425,H,"Qual é o cão mais fixe? O Dálmata, porque tem muita pinta.",1,1,-0.7353515625,0.6943359375,1.4296875,0.19314739108085632,0.8068526387214661,True
5.1832.N,5.1832,N,Qual antigo líder alemão é a inspiração do Pelé? Kai-kaiser.,0,1,-0.9765625,1.228515625,2.205078125,0.09929539263248444,0.9007046222686768,False
5.1332.N,5.1332,N,Por que o nerd pediu a calculadora em exame? Porque ela dava valor.,0,0,0.505859375,-0.1783447265625,-0.6842041015625,0.6646763682365417,0.33532363176345825,True
5.153.N,5.153,N,Por que o óculos foi deixado na escada? Porque era um óculos perdido.,0,0,0.9619140625,-0.427978515625,-1.389892578125,0.8005750775337219,0.1994248926639557,True
4.313.H,4.313,H,Já abriu a nova discoteca para gatos. Chama-se Barra-cão.,1,1,-0.96435546875,1.2568359375,2.22119140625,0.0978635773062706,0.9021364450454712,True
4.362.N,4.362,N,"Uma família estava perdida no deserto há mais de dois meses, até que encontraram um rio onde todos tomaram banho, exceto a avó . Qual é o problema? A avó precisa de ajuda.",0,0,2.31640625,-2.12109375,-4.4375,0.9883127808570862,0.011687257327139378,True
5.2689.N,5.2689,N,Renata voltou do médico com o braço furado . Qual é o acontecimento histórico? Guerra de canudos.,0,0,0.1861572265625,0.01302337646484375,-0.17313385009765625,0.5431756973266602,0.45682433247566223,True
4.382.H,4.382,H,Porque é que o motociclista chegou atrasado ao trabalho? Porque saiu de casa motard.,1,1,-0.7509765625,1.1630859375,1.9140625,0.12852515280246735,0.8714748620986938,True
4.481.H,4.481,H,Porque é que o corcunda de Notre-Dame não seguiu a carreira de advogado? Porque nunca conseguiu estudar direito.,1,0,2.0625,-2.333984375,-4.396484375,0.9878294467926025,0.012170628644526005,False
5.3111.N,5.3111,N,O que o Galvão falou para um pássaro? Vai que é tua...Taffarel!,0,1,-1.025390625,1.193359375,2.21875,0.09807932376861572,0.9019206762313843,False
4.348.H,4.348,H,O que é que os bonecos de neve costumam pôr no leite? Flocos.,1,0,0.89013671875,-1.466796875,-2.35693359375,0.913483738899231,0.08651623129844666,False
5.3946.H,5.3946,H,O quê o seu Madruga usa pra tomar banho? A bucha do 71.,1,1,-1.0,1.1591796875,2.1591796875,0.10347653180360794,0.8965234756469727,True
4.170.N,4.170,N,Qual é o jogo preferido das crianças? O futebol.,0,0,2.06640625,-2.375,-4.44140625,0.9883578419685364,0.011642225086688995,True
5.1971.N,5.1971,N,Qual padre que toda vez eu vejo tenho ejaculação precoce? Marcelo Rossi.,0,0,1.76171875,-1.888671875,-3.650390625,0.9746769666671753,0.025323059409856796,True
5.1025.H,5.1025,H,Quem financiou o Ben 10? O BNDEZ,1,0,0.9375,-0.45849609375,-1.39599609375,0.8015477657318115,0.19845224916934967,False
5.2422.N,5.2422,N,Por que em Campinas as pessoas não falam as coisas na lata? Porque lá é impossível fazer algo sem rodeios.,0,0,0.450927734375,0.0298919677734375,-0.4210357666015625,0.603731095790863,0.39626890420913696,True
5.3546.N,5.3546,N,Qual o seriado de tv do cara que sempre quer um pouco da comida dos outros? Kennan e Kel!,0,0,0.580078125,0.057647705078125,-0.522430419921875,0.6277158856391907,0.37228408455848694,True
5.232.N,5.232,N,Qual é o perfume do zagueiro ruim? Armani.,0,0,1.462890625,-1.70703125,-3.169921875,0.9596865773200989,0.04031343758106232,True
4.59.H,4.59,H,"Estão dois pontos a comerem-se, vira-se um: olha lá isto é sério ou é um caso pontual?",1,0,0.71142578125,-0.187744140625,-0.899169921875,0.7107788920402527,0.2892210781574249,False
4.739.H,4.739,H,Para a semana vou organizar uma festa para pessoas com dificuldade em atingir o clímax. Avisem-me se não conseguirem vir.,1,0,0.9853515625,-0.4814453125,-1.466796875,0.8125700354576111,0.18742996454238892,False
5.2141.N,5.2141,N,Por que tiraram a jogadora de vôlei do time após fazer o ponto? Porque foi machucada,0,0,2.4453125,-1.666015625,-4.111328125,0.9838781356811523,0.016121825203299522,True
5.1288.H,5.1288,H,Qual atriz gosta de chocolate? Fernanda DiaMontenegro.,1,1,-0.76953125,0.97705078125,1.74658203125,0.14847883582115173,0.8515211939811707,True
4.149.N,4.149,N,Que nome se dá a uma irritação cutânea no rabo? Prurido anal.,0,1,-0.52490234375,0.64794921875,1.1728515625,0.23633994162082672,0.7636600732803345,False
5.1223.H,5.1223,H,Qual parte do corpo nunca está acordada? Abidorme.,1,1,-0.9228515625,1.0732421875,1.99609375,0.1196136623620987,0.8803863525390625,True
5.1591.N,5.1591,N,Qual é o filme em que um salgado lidera um exército em busca da vitória? Juno.,0,0,1.1689453125,-1.744140625,-2.9130859375,0.9484894871711731,0.05151045322418213,True
5.3364.H,5.3364,H,O que os homens em Rio Branco costumam beber? Conhacre.,1,1,-1.10546875,1.2978515625,2.4033203125,0.08291985839605331,0.9170801043510437,True
4.125.H,4.125,H,O que é que os russos dizem quando mandam uma bola ao cão? Babushka!,1,1,-0.67236328125,0.90283203125,1.5751953125,0.17147701978683472,0.8285229802131653,True
4.454.H,4.454,H,Que dor sente um homem sem um braço? Dor de coto vê-lo.,1,1,-1.044921875,1.130859375,2.17578125,0.10194651782512665,0.8980534672737122,True
4.413.N,4.413,N,A minha mulher surda trocou-me por outro homem . Devia ter percebido os avisos ...,0,0,1.0107421875,-0.4189453125,-1.4296875,0.8068526387214661,0.19314739108085632,True
4.159.N,4.159,N,Qual é o elemento químico mais comum na tabela periódica ? O tungsténio .,0,1,-0.8271484375,1.119140625,1.9462890625,0.12495855987071991,0.8750414848327637,False
5.871.N,5.871,N,Por que o construtor virou comunista depois que se deparou com um prego tão duro que destruiu seu equipamento de trabalho? Porque estragou o martelo.,0,0,0.896484375,-0.65380859375,-1.55029296875,0.8249559998512268,0.1750439554452896,True
4.454.N,4.454,N,Que dor sente um homem com um braço? Dor de cotovelo.,0,0,1.318359375,-1.5966796875,-2.9150390625,0.9485848546028137,0.05141511559486389,True
5.2300.N,5.2300,N,Por que as pessoas estavam testando comidas dentro do ônibus? Porque era um teste do Fantástico.,0,0,0.83154296875,-1.451171875,-2.28271484375,0.9074352979660034,0.0925646647810936,True
5.984.H,5.984,H,Levei meu carro na feira ao invés de levar para a oficina. Qual é o nome do filme? Laranja Mecânica.,1,0,0.58251953125,-0.383056640625,-0.965576171875,0.7242368459701538,0.2757631242275238,False
5.3601.H,5.3601,H,Qual cantora que mais tem acnes? Britney Espinhas.,1,1,-0.5712890625,0.78857421875,1.35986328125,0.20426252484321594,0.7957375049591064,True
4.413.H,4.413,H,A minha mulher surda trocou-me por outro homem. Devia ter percebido os sinais...,1,0,1.0751953125,-0.41162109375,-1.48681640625,0.8155999779701233,0.1844000518321991,False
5.1982.H,5.1982,H,Quem cuida da documentação na floresta? O Tabeleão ,1,0,0.69140625,-0.46923828125,-1.16064453125,0.7614498138427734,0.23855018615722656,False
4.708.N,4.708,N,Qual é a cantora preferida dos cirurgiões? É a Mariza.,0,0,0.9912109375,-1.6455078125,-2.63671875,0.9331876635551453,0.06681232154369354,True
5.3595.N,5.3595,N,Qual o chinelo mais vendido em Salvador? Havaianas.,0,0,1.646484375,-1.8466796875,-3.4931640625,0.9704926013946533,0.029507361352443695,True
5.1690.H,5.1690,H,Por que o canoísta Isaquias Queiroz foi convidado para ir pro espaço? Porque ele é um astronáutico,1,0,1.5,-1.0810546875,-2.5810546875,0.929632306098938,0.07036770135164261,False
4.594.N,4.594,N,Porque é que o professor de matemática se suicidou? Tinha muitos problemas.,0,0,1.8583984375,-1.4384765625,-3.296875,0.9643214344978333,0.035678546875715256,True
4.352.H,4.352,H,Qual é a diferença entre um boneco de neve e uma boneca de neve? As bolas de neve.,1,0,1.140625,-1.4951171875,-2.6357421875,0.9331267476081848,0.06687323749065399,False
5.4009.H,5.4009,H,Qual o nome da menina que você deveria investir ? Valeria Pena.,1,1,0.11865234375,0.35498046875,0.236328125,0.4411914348602295,0.5588086247444153,True
4.55.N,4.55,N,O que é um omo? É um sabão em pó com o qual se lavam as partes íntimas.,0,0,0.34814453125,-0.72509765625,-1.0732421875,0.7452130317687988,0.25478699803352356,True
4.381.H,4.381,H,O que acontece quando metes um tomate no micro-ondas? Entalas o outro.,1,1,-0.10894775390625,0.4140625,0.52301025390625,0.3721485733985901,0.6278513669967651,True
5.3703.H,5.3703,H,Que atriz trabalha como lixeira? Tony Colete.,1,1,-0.65478515625,0.90185546875,1.556640625,0.17412921786308289,0.8258707523345947,True
5.240.N,5.240,N,O moço nao estava se sentindo bem . O que ele tinha? Azia.,0,0,2.16015625,-1.7666015625,-3.9267578125,0.9806734323501587,0.0193265862762928,True
5.1503.N,5.1503,N,O gaúcho não achava o seu carro no estacionamento . Qual o modelo do carro? Miura!,0,1,-0.677734375,0.9521484375,1.6298828125,0.16384641826152802,0.8361535668373108,False
5.2142.N,5.2142,N,Por que os jogadores de vôlei estão sempre no foco da notícia? Porque eles são bons na ataque,0,1,-0.405517578125,0.95458984375,1.360107421875,0.20422284305095673,0.7957772016525269,False
5.217.H,5.217,H,O que usam para fazer as bonecas Barbie? Aparelho de barbear.,1,0,1.6279296875,-1.939453125,-3.5673828125,0.9725454449653625,0.02745460718870163,False
5.2166.H,5.2166,H,Qual cantor era lobisomem? O uiWando ,1,1,-0.923828125,0.9912109375,1.9150390625,0.1284157931804657,0.8715841770172119,True
5.3045.N,5.3045,N,""" Por que a pessoa não paga pelo absorvente? Porque "" "" quer de graça "" "" . """,0,0,1.4296875,-0.83642578125,-2.26611328125,0.9060314297676086,0.09396860748529434,True
5.1059.H,5.1059,H,"Meu celular quebrou em várias partes. Do que eu preciso?  De uma bactéria, porque ela unicelular.",1,1,-0.3857421875,0.607421875,0.9931640625,0.27028757333755493,0.7297124266624451,True
5.211.H,5.211,H,Qual é o urso que muda de opinião toda hora? Urso Bipolar.,1,1,-0.314453125,0.73974609375,1.05419921875,0.25841954350471497,0.7415804266929626,True
4.508.N,4.508,N,O que é a disfunção eréctil? É a incapacidade de sentir atração pelos candidatos.,0,0,0.3974609375,-0.64013671875,-1.03759765625,0.7383862137794495,0.26161378622055054,True
5.2820.H,5.2820,H,Cantora que sempre fez dieta? Elis Regime ,1,1,-0.66650390625,1.091796875,1.75830078125,0.14700329303741455,0.8529967665672302,True
5.137.N,5.137,N,"Se o Kid Bengala fosse um personagem da Caverna do Dragão, quem o ajudaria a voltar para casa? Mestre dos Magos.",0,0,0.5810546875,-0.1180419921875,-0.6990966796875,0.6679874658584595,0.3320125341415405,True
5.2074.H,5.2074,H,Qual o cantor que nunca deixa a mulher sair sozinha? Milton Naciumento ,1,1,-0.75,1.0087890625,1.7587890625,0.14694207906723022,0.8530579209327698,True
4.342.H,4.342,H,Qual é o contrário de menu? Youvestido.,1,1,-0.7724609375,1.2431640625,2.015625,0.117572121322155,0.8824278712272644,True
5.248.N,5.248,N,Qual foi o dinossauro mais zoeiro que existiu? Velociraptor.,0,1,-0.8974609375,1.05859375,1.9560546875,0.12389466166496277,0.8761053681373596,False
5.3211.N,5.3211,N,Qual o ator favorito do Thor? Christopher Hemsworth.,0,0,1.5703125,-1.919921875,-3.490234375,0.9704086184501648,0.02959137223660946,True
5.1599.H,5.1599,H,Qual é o nome da loja do músico veterinário? Trom Pet.,1,1,-0.6015625,1.107421875,1.708984375,0.15329547226428986,0.8467044830322266,True
5.2351.N,5.2351,N,Qual é o árbitro que expulsa as pessoas e elas nunca mais podem voltar? O bandeirinha.,0,0,1.525390625,-1.97265625,-3.498046875,0.9706321954727173,0.029367852956056595,True
5.521.N,5.521,N,Qual ator que peida tão alto que ressoa? Francisco Xavier.,0,0,1.9404296875,-2.140625,-4.0810546875,0.9833908081054688,0.01660911925137043,True
5.3011.N,5.3011,N,Qual animal gosta de ensinar? Panda.,0,0,1.7314453125,-1.97265625,-3.7041015625,0.9759693741798401,0.024030638858675957,True
5.1807.H,5.1807,H,Qual animal é cabeleireiro? Serpente,1,0,1.9130859375,-2.123046875,-4.0361328125,0.9826410412788391,0.017358999699354172,False
5.1279.H,5.1279,H,Qual ator mirim não escova os dentes? MaCarie Culkin.,1,1,-0.5712890625,0.8369140625,1.408203125,0.19651760160923004,0.8034823536872864,True
5.1684.H,5.1684,H,Qual cantor odeia a pia cheia? Caetano vê louça,1,1,-1.1103515625,1.2001953125,2.310546875,0.09025323390960693,0.9097468256950378,True
4.90.N,4.90,N,"Como é que se diz "" copia bem "" em inglês? Copy & paste.",0,0,0.2010498046875,-0.50390625,-0.7049560546875,0.6692857146263123,0.33071431517601013,True
5.2951.H,5.2951,H,Qual é o personagem de Chaves que gosta de ficar rodando dildos? O Professor Gira Falos. ,1,1,-0.95361328125,1.2138671875,2.16748046875,0.10270900279283524,0.8972909450531006,True
4.63.N,4.63,N,O que é que se faz num velório de lésbicas? Um minuto de silêncio.,0,0,1.853515625,-1.5966796875,-3.4501953125,0.9692369103431702,0.030763037502765656,True
5.283.N,5.283,N,O que o coveiro disse quando pediram a ele para gerenciar o cemitério? Isso não é da minha alçada.,0,0,1.73046875,-1.46875,-3.19921875,0.9608049392700195,0.03919513151049614,True
5.3434.H,5.3434,H,Por que o Faustão quer que você coloque o Plinio no seu devido lugar? Pra que tu reclames do Plinplin.,1,1,-0.66259765625,0.90576171875,1.568359375,0.17245040833950043,0.8275495767593384,True
4.562.N,4.562,N,Em que estado se encontra o rio Mississipi? No estado Minnessota.,0,1,-0.9267578125,1.1826171875,2.109375,0.10818895697593689,0.8918110132217407,False
5.2616.H,5.2616,H,Qual ator sempre dá tudo de si? Doei-me Johnson.,1,1,-0.947265625,1.1640625,2.111328125,0.10800065845251083,0.891999363899231,True
4.482.H,4.482,H,"O homem já vivei no período Paleolítico, no Mesolítico, no Neolítico... A avaliar pelo stress com que eu ando, devemos estar agora no Ansiolítico.",1,0,0.5498046875,0.028045654296875,-0.521759033203125,0.6275590062141418,0.37244102358818054,False
4.698.H,4.698,H,Qual é a semelhança entre o sol e um avô? Ambos fazem qualquer coisa planeta.,1,1,-1.0263671875,1.107421875,2.1337890625,0.10585582256317139,0.8941442370414734,True
4.742.H,4.742,H,O que teria acontecido se Adão e Eva fossem canibais? A Eva teria comido a maçã-de-adão.,1,1,-0.05035400390625,0.28076171875,0.33111572265625,0.4179691970348358,0.5820308327674866,True
4.634.N,4.634,N,"Por que é que a apresentadora do Querido, Mudei a Casa foi para o hospital? Porque tinha um problema renal.",0,0,1.859375,-1.94921875,-3.80859375,0.9783018827438354,0.02169809490442276,True
5.2511.N,5.2511,N,Qual é a série que conta a história de um anfíbio no alto do Everest? A escalada do sapo.,0,0,0.96923828125,-1.26953125,-2.23876953125,0.9036774039268494,0.09632259607315063,True
5.358.H,5.358,H,Qual cidade incentiva o uso do tato? Toque-o.,1,0,1.5888671875,-1.70703125,-3.2958984375,0.9642878174781799,0.035712163895368576,False
5.704.N,5.704,N,Qual cerveja é comum nos navios? Brahma.,0,0,1.5791015625,-2.013671875,-3.5927734375,0.9732153415679932,0.026784729212522507,True
4.536.N,4.536,N,Porque é que o génio recebeu um prémio Nobel? Porque foi o que mais se destacou no seu campo.,0,0,0.3984375,-0.724609375,-1.123046875,0.754553496837616,0.2454465627670288,True
4.611.N,4.611,N,"Como se diz "" tripa de boi "" em português? Intestino delgado.",0,0,1.080078125,-1.36328125,-2.443359375,0.920074462890625,0.0799255296587944,True
5.1311.H,5.1311,H,Qual cantor sertanejo faliu? Luan Sengrana.,1,1,-0.88232421875,1.173828125,2.05615234375,0.11343219876289368,0.8865678310394287,True
5.3011.H,5.3011,H,Qual animal gosta de ensinar? LargaTeacher.,1,1,-0.83447265625,1.0732421875,1.90771484375,0.1292378008365631,0.8707622289657593,True
5.28.H,5.28,H,Qual é a modelo mais gorda que existe? XL Bündchen.,1,1,-0.027496337890625,0.0953369140625,0.122833251953125,0.4693302512168884,0.5306697487831116,True
5.2912.N,5.2912,N,Qual é o prato de carne branca que nenhum cozinheiro acerta? Porco,0,0,2.10546875,-2.228515625,-4.333984375,0.9870545864105225,0.012945406138896942,True
4.600.N,4.600,N,O que são quatro pontos pretos no chão? Formigas.,0,0,1.1962890625,-1.5947265625,-2.791015625,0.9421883225440979,0.05781161040067673,True
5.2972.H,5.2972,H,Qual a marca de roupa preferida dos esquilos? Alvin Klein.,1,1,-0.032257080078125,0.50048828125,0.532745361328125,0.36987680196762085,0.6301231980323792,True
4.229.N,4.229,N,A minha amiga asiática ficou doente . Mas eu salvei-a.,0,0,1.63671875,-1.0361328125,-2.6728515625,0.9354054927825928,0.06459445506334305,True
4.276.N,4.276,N,Uma mulher tropeça e cai em cima de um cão . Qual é o filme? Senta em um cão.,0,0,1.7646484375,-1.9091796875,-3.673828125,0.9752489924430847,0.0247509703040123,True
5.871.H,5.871,H,Por que o construtor virou comunista depois que se deparou com um prego tão duro que destruiu seu equipamento de trabalho? Porque foice o martelo.,1,1,-0.66259765625,0.9853515625,1.64794921875,0.16138629615306854,0.8386136889457703,True
5.239.H,5.239,H,O que o cantor sertanejo foi fazer no RH? Foi ser demitido por justa calça.,1,1,-0.55517578125,1.1259765625,1.68115234375,0.1569429337978363,0.8430570363998413,True
5.230.H,5.230,H,Qual é o ator que admira um dia ensolarado e sem nuvens? Céu Tão Belo.,1,0,1.091796875,-0.62060546875,-1.71240234375,0.8471475839614868,0.1528523713350296,False
5.1869.N,5.1869,N,Qual a doença mais bonita que existe? Sarda.,0,1,-0.048126220703125,0.0279693603515625,0.0760955810546875,0.48098528385162354,0.5190147161483765,False
5.58.N,5.58,N,O que o judeu passa no corpo quanto está com dor? Cataflan.,0,1,0.01374053955078125,0.1131591796875,0.09941864013671875,0.47516581416130066,0.5248342156410217,False
5.285.N,5.285,N,Qual personagem carnavalesco não é esquecido? Rei Momo,0,0,2.107421875,-2.271484375,-4.37890625,0.987616240978241,0.012383786030113697,True
5.266.N,5.266,N,Qual número gosta de rádio? 14.,0,0,1.447265625,-1.8291015625,-3.2763671875,0.9636091589927673,0.036390893161296844,True
4.477.H,4.477,H,"Perguntei a um francês se jogava videojogos. ""Wii"".",1,0,0.25341796875,-0.5869140625,-0.84033203125,0.698535144329071,0.30146488547325134,False
5.610.H,5.610,H,Qual o nome que se da a gestação de 10 bebês ao msm tempo? Gravidez!,1,0,2.212890625,-2.31640625,-4.529296875,0.9893269538879395,0.010673115029931068,False
5.840.H,5.840,H,Qual filme do Eddie Murphy ocupa muita memória? 1 tera da pesada.,1,1,-0.7529296875,0.97900390625,1.73193359375,0.15034040808677673,0.8496595621109009,True
5.3115.H,5.3115,H,Por que o fazendeiro ficou pobre depois de ir ao banheiro? Porque o intestino deu o gado.,1,1,-0.9052734375,1.298828125,2.2041015625,0.09938276559114456,0.9006171822547913,True
5.1486.H,5.1486,H,Qual gata que entrou e logo depois saiu do chat? Hello Kitty.,1,1,-0.404296875,0.5615234375,0.9658203125,0.2757143974304199,0.7242856025695801,True
5.392.H,5.392,H,Qual apresentador jogava basquete? Chacrinha O'Neal,1,0,0.373046875,-0.056488037109375,-0.429534912109375,0.6057626008987427,0.3942374289035797,False
5.152.H,5.152,H,Por que antigamente o Brasil era mais cheiroso? Porque era colônia.,1,1,-0.7802734375,1.05859375,1.8388671875,0.13718533515930176,0.8628146648406982,True
4.400.N,4.400,N,Que nome se dá a um professor com os dentes grandes? Professor.,0,0,2.2734375,-2.45703125,-4.73046875,0.9912548065185547,0.008745182305574417,True
5.2813.N,5.2813,N,Qual instrumento leva os dentistas à morte? Faca,0,0,1.8955078125,-1.8212890625,-3.716796875,0.9762653708457947,0.023734688758850098,True
5.16.N,5.16,N,Para onde as pulgas vão quando morrem? Para o céu.,0,0,1.43359375,-1.783203125,-3.216796875,0.9614614844322205,0.03853849321603775,True
5.2217.H,5.2217,H,Que terapeuta bebe todo dia? Psicólatra ,1,0,1.8515625,-1.8466796875,-3.6982421875,0.9758315682411194,0.02416844293475151,False
4.149.H,4.149,H,Que nome se dá a uma irritação cutânea no rabo? Cumichão.,1,1,-0.9580078125,1.2314453125,2.189453125,0.10070161521434784,0.8992984294891357,True
5.3548.N,5.3548,N,Qual a empresa especializada na remoção de carpetes? Tira-carpetes.,0,1,0.06976318359375,0.2364501953125,0.16668701171875,0.45842447876930237,0.5415754914283752,False
5.94.N,5.94,N,Qual o material bélico mais carente? Nenhum.,0,0,1.4150390625,-1.6767578125,-3.091796875,0.9565531015396118,0.04344689100980759,True
5.1297.H,5.1297,H,Qual candidato é doador de órgãos? Cabo dá seu olho.,1,1,-0.96630859375,1.216796875,2.18310546875,0.1012779176235199,0.8987220525741577,True
5.2687.H,5.2687,H,Qual é a banda que não toca em esferas nem em cones? Incubus,1,1,-0.7958984375,1.041015625,1.8369140625,0.13741667568683624,0.8625832796096802,True
5.1073.H,5.1073,H,"Qual filme conta a história do casal mais perdido do mundo em ação? ""Procurando; né, mô?""",1,1,-0.609375,0.8974609375,1.5068359375,0.18140818178653717,0.818591833114624,True
5.266.H,5.266,H,Qual número gosta de rádio? O 20.,1,0,1.51171875,-1.876953125,-3.388671875,0.967348575592041,0.0326513797044754,False
5.153.H,5.153,H,Por que o óculos foi deixado na escada? Porque era um óculos degrau.,1,1,-1.0126953125,1.1806640625,2.193359375,0.10034840553998947,0.8996515870094299,True
5.1524.N,5.1524,N,Como se chamava o cara que roubava discos do Exaltasamba? Claptonmaníaco.,0,1,-0.84423828125,0.98779296875,1.83203125,0.13799647986888885,0.86200350522995,False
5.261.N,5.261,N,Qual é o cantor que se suicidou? Frank Sinatra.,0,0,1.9755859375,-2.255859375,-4.2314453125,0.9856767654418945,0.014323235489428043,True
5.1593.H,5.1593,H,Qual é o filme da Xuxa que se passa em um hospital? Xuxa e os Doentes.,1,0,1.6787109375,-1.1982421875,-2.876953125,0.9466953873634338,0.05330468341708183,False
5.681.H,5.681,H,Qual matéria da escola pode machucar? Tabuada.,1,1,-0.296875,0.356201171875,0.653076171875,0.34229668974876404,0.6577033400535583,True
5.3848.N,5.3848,N,Qual dublador tbm é psicólogo? Charles Emmanuel.,0,0,0.2281494140625,0.041290283203125,-0.186859130859375,0.5465793609619141,0.4534206688404083,True
5.1791.H,5.1791,H,Qual é o nome do motorista de transporte escolar que está sempre atrasado? Van delay,1,1,-0.6630859375,1.0302734375,1.693359375,0.15533453226089478,0.8446654081344604,True
5.1872.N,5.1872,N,Qual o nome do programa de quem tem pele mole? Bro Show.,0,0,0.156982421875,0.051239013671875,-0.105743408203125,0.5264112949371338,0.473588764667511,True
5.1736.N,5.1736,N,Qual é a cantora favorita do Tony Hawk? Lady Gaga.,0,0,1.51953125,-1.990234375,-3.509765625,0.9709643721580505,0.029035642743110657,True
5.1088.N,5.1088,N,Qual cidade vive resfriada? Alegrete,0,0,1.708984375,-1.6640625,-3.373046875,0.9668514132499695,0.03314851596951485,True
4.141.H,4.141,H,Qual é a sobremesa mais popular na Rússia? O Putin flan.,1,1,-1.0927734375,1.3408203125,2.43359375,0.08064661920070648,0.9193534255027771,True
5.1398.N,5.1398,N,Qual é o carro em que todo mundo gosta de comemorar o aniversário? A limosine.,0,1,-0.5869140625,0.84912109375,1.43603515625,0.19216006994247437,0.8078399300575256,False
4.150.N,4.150,N,Qual é a temperatura de um leão morto? 37º. Porque ele é um mamífero.,0,0,1.6298828125,-2.0,-3.6298828125,0.9741657972335815,0.025834186002612114,True
5.2567.H,5.2567,H,Por que a lata de cerveja foi se benzer? Porque ela tinha sido a malte suada.,1,1,-0.9541015625,1.283203125,2.2373046875,0.09645017981529236,0.9035497903823853,True
5.2824.H,5.2824,H,Como o Batman dorme? De Bruce,1,1,-0.43359375,0.75048828125,1.18408203125,0.2343190312385559,0.7656809687614441,True
5.1870.H,5.1870,H,Que médico só trabalha dentro de casa? Indoorcrinologista ,1,1,0.241455078125,0.250244140625,0.0087890625,0.497802734375,0.502197265625,True
5.724.N,5.724,N,Por que o 14 é melhor que o 15? Porque ele é menor.,0,0,1.3623046875,-1.859375,-3.2216796875,0.9616420269012451,0.03835797682404518,True
4.599.H,4.599,H,Acabei de encomendar duas fatias de pão na internet. São da Wish.,1,0,0.375,-0.211181640625,-0.586181640625,0.6424885392189026,0.3575114607810974,False
5.1998.H,5.1998,H,Qual é o animal que mais suja crianças? Guache nim ,1,1,-0.9619140625,1.3486328125,2.310546875,0.09025323390960693,0.9097468256950378,True
5.639.H,5.639,H,Qual é o caranguejo que só sai à noite? O guaia moon.,1,1,-0.8505859375,1.201171875,2.0517578125,0.1138748973608017,0.8861251473426819,True
5.2894.N,5.2894,N,Por que os musicos gostam de tocar a luz de velas? Para criar um clima com os instrumentos,0,0,1.587890625,-1.4248046875,-3.0126953125,0.9531443119049072,0.0468556247651577,True
4.672.H,4.672,H,Qual é o melhor óleo para lubrificar o sexo? Óleo Need Is Love.,1,1,-0.82763671875,1.2236328125,2.05126953125,0.11392416805028915,0.8860759139060974,True
4.280.H,4.280,H,Qual é o animal mais religioso? É o Papa-formigas.,1,0,-0.2305908203125,-0.242919921875,-0.0123291015625,0.5030822157859802,0.4969177544116974,False
5.1766.H,5.1766,H,O que acontece quando Dani Rojas fica atirando pelas costas? Uma Dani ficada no rabo do adversário. ,1,1,-0.76904296875,1.0546875,1.82373046875,0.13898684084415436,0.8610131144523621,True
4.728.H,4.728,H,Que nome se dá a uma gorda atrativa? Bomba calórica.,1,0,1.4677734375,-1.580078125,-3.0478515625,0.9546896815299988,0.04531031474471092,False
5.1444.H,5.1444,H,Como eu sabia que a gasolina era batizada? Por que quem me atendeu era um frei tista.,1,1,-0.71337890625,1.033203125,1.74658203125,0.14847883582115173,0.8515211939811707,True
4.17.H,4.17,H,Em que local do planeta se encontram mais leprosos? Nas ilhas Caimão.,1,1,-0.87060546875,1.03515625,1.90576171875,0.1294577568769455,0.8705422878265381,True
5.2435.H,5.2435,H,Quais jogadores de basquete fundaram Brasília? Kobe e Shaq.,1,1,-0.7802734375,0.98095703125,1.76123046875,0.14663630723953247,0.8533636927604675,True
4.474.N,4.474,N,Que nome se dá ao caixão de um cavalheiro? Caixão para homem. .,0,1,-0.6357421875,0.89697265625,1.53271484375,0.1775968223810196,0.8224031925201416,False
5.1238.N,5.1238,N,Qual o time de basquete que sempre sabe o poder de luta do adversário? O mais preparado.,0,0,1.9208984375,-2.146484375,-4.0673828125,0.9831660985946655,0.01683390885591507,True
4.564.N,4.564,N,"Como é que se diz "" Albufeira "" em árabe? Albufeira.",0,0,0.9169921875,-1.2978515625,-2.21484375,0.9015746116638184,0.09842541068792343,True
5.3578.H,5.3578,H,O que o advogado deixou para os filhos? Seu legaldo.,1,1,-0.951171875,1.1826171875,2.1337890625,0.10585582256317139,0.8941442370414734,True
5.2410.N,5.2410,N,"Como os cachorros chineses dizem "" oi ""? "" au au "".",0,0,1.791015625,-2.0234375,-3.814453125,0.978425920009613,0.02157406695187092,True
5.1303.N,5.1303,N,Qual o chá preferido dos britânicos para se acalmar? Erva-Cidreira.,0,1,-0.346435546875,0.54345703125,0.889892578125,0.29113197326660156,0.7088680267333984,False
4.637.H,4.637,H,O que faz uma hortaliça surda? Finge couve.,1,1,-1.0791015625,1.283203125,2.3623046875,0.08609268814325333,0.9139072895050049,True
5.1684.N,5.1684,N,O juiz condenou um réu por um crime articulado dentro de uma loja . Por quê? Porque o réu matou o lojista.,0,0,1.6875,-1.2060546875,-2.8935546875,0.9475268721580505,0.052473101764917374,True
4.644.N,4.644,N,"Para quem não viu o filme ontem à noite, no fim o Edward fica com a Bella.",0,0,1.6455078125,-1.341796875,-2.9873046875,0.9519972801208496,0.048002712428569794,True
5.1317.H,5.1317,H,Qual cantora sempre se desculpa? Evita Perdão.,1,1,-0.55078125,0.95947265625,1.51025390625,0.1809011697769165,0.8190988302230835,True
5.1098.N,5.1098,N,Qual a sobremesa oficial da Marvel? A maçã.,0,0,1.6806640625,-2.1328125,-3.8134765625,0.978405237197876,0.021594688296318054,True
4.481.N,4.481,N,Porque é que o corcunda de Notre-Dame não seguiu a carreira de advogado? Porque nunca conseguiu estudar.,0,0,2.16015625,-2.40234375,-4.5625,0.9896718263626099,0.01032815221697092,True
4.739.N,4.739,N,Para a semana vou organizar uma festa para pessoas . Avisem-me se não conseguirem vir.,0,0,0.8974609375,-1.0380859375,-1.935546875,0.8738621473312378,0.1261378973722458,True
5.2927.N,5.2927,N,Qual a fruta que bate em você? Jaca,0,0,1.263671875,-1.4150390625,-2.6787109375,0.9357587099075317,0.06424132734537125,True
4.646.H,4.646,H,Qual é a posição preferida dos relógios. De quartzo.,1,1,-0.8271484375,0.71435546875,1.54150390625,0.1763167679309845,0.8236832618713379,True
4.382.N,4.382,N,Porque é que o motociclista chegou atrasado ao trabalho? Porque saiu de casa tarde.,0,0,2.189453125,-1.9501953125,-4.1396484375,0.9843212366104126,0.015678713098168373,True
4.100.H,4.100,H,A São estava com prisão de ventre mas mesmo assim foi à sanita. Qual é o filme? Tentação.,1,0,1.8212890625,-1.501953125,-3.3232421875,0.965217649936676,0.034782394766807556,False
5.907.N,5.907,N,"Qual Cavaleiro do Zodíaco calou a boca de um Street Fighter? O "" Shaka "".",0,1,-0.572265625,0.884765625,1.45703125,0.18892180919647217,0.8110781908035278,False
5.2845.H,5.2845,H,Uma mulher sofre de diarreia crônica. Qual o nome da novela? Maria do Barro,1,0,0.611328125,0.0069122314453125,-0.6044158935546875,0.6466659307479858,0.35333406925201416,False
5.3181.N,5.3181,N,Por que o Mickey possui pouquíssimos bens? Porque ele é pobre.,0,0,2.57421875,-2.05859375,-4.6328125,0.9903663396835327,0.009633652865886688,True
5.3350.H,5.3350,H,"Por que o time do inferno ganhou o jogo contra o céu? ""Porque a gente atentamos o tempo todo e demo o melhor de si"".",1,1,0.25634765625,0.34814453125,0.091796875,0.47706687450408936,0.5229331254959106,True
4.261.H,4.261,H,Porque é que os peixes não jogam voleibol? Porque têm medo da rede.,1,0,0.75732421875,-0.39697265625,-1.154296875,0.7602949142456055,0.23970511555671692,False
4.585.N,4.585,N,"Nunca quis acreditar que o meu pai roubava enquanto trabalhava nas Estradas de Portugal . Mas quando eu chegava a casa, os indícios  estavam todos lá.",0,0,1.1669921875,-0.72265625,-1.8896484375,0.8687154054641724,0.13128456473350525,True
5.1503.H,5.1503,H,"O gaúcho não achava o seu carro no estacionamento. Qual o modelo do carro? Cadê, tche!",1,1,-0.85693359375,1.162109375,2.01904296875,0.11721799522638321,0.8827820420265198,True
5.1972.N,5.1972,N,Qual o padre preferido do Faustão? Padre Marcelo Rossi!!,0,0,1.0009765625,-0.95458984375,-1.95556640625,0.8760523796081543,0.12394766509532928,True
5.962.H,5.962,H,Qual elefante da Disney usa fertilizante pra cuidar do solo? Adumbo.,1,1,-0.88134765625,1.146484375,2.02783203125,0.11631157994270325,0.8836884498596191,True
5.1393.N,5.1393,N,Qual é a banda de pagode mais famosa no mundo dos animes? ASIAN KUNG-FU GENERATION .,0,1,-0.86279296875,1.138671875,2.00146484375,0.11904920637607574,0.8809507489204407,False
5.2665.H,5.2665,H,Quem é responsável pela locomoção dos pentelhos? Transporte púbico.,1,1,-0.8125,1.1552734375,1.9677734375,0.12262824177742004,0.8773717284202576,True
5.1475.N,5.1475,N,Qual pico mais gelado que existe? O everest.,0,1,-0.6171875,0.8798828125,1.4970703125,0.18286287784576416,0.8171371221542358,False
1.5.N,1.5,N,Por que a galinha bateu a cabeça contra a parede? Para ficar com um machucado.,0,0,1.8671875,-1.837890625,-3.705078125,0.9759923219680786,0.024007748812437057,True
5.976.H,5.976,H,Qual passarinho adora televisão? Bem TV.,1,1,-0.88134765625,1.0751953125,1.95654296875,0.12384166568517685,0.8761583566665649,True
5.2412.N,5.2412,N,Qual é o doce que luta artes marciais? O arroz doce,0,0,1.833984375,-2.17578125,-4.009765625,0.982185423374176,0.017814531922340393,True
5.415.N,5.415,N,Qual é o restaurante favorito dos maconheiros? O beco.,0,1,0.00234222412109375,0.4326171875,0.43027496337890625,0.3940606713294983,0.6059393286705017,False
4.330.N,4.330,N,Porque é que os bêbados gostam de passar a Ponte 25 de Abril? Porque lá há muito ar puro.,0,0,0.76318359375,-0.98779296875,-1.7509765625,0.8520758748054504,0.14792406558990479,True
4.348.N,4.348,N,O que é que os bonecos de peluche costumam pôr no leite? Flocos.,0,0,0.74267578125,-1.384765625,-2.12744140625,0.8935418725013733,0.1064581423997879,True
4.327.N,4.327,N,Qual é a panela que se usa quando se está triste? Panela.,0,0,1.876953125,-2.22265625,-4.099609375,0.9836912155151367,0.01630876585841179,True
5.2373.N,5.2373,N,Por que a mãe tinha que largar o bebê quando colocava sua bolsa? Porque era bolsa frontal.,0,0,0.58740234375,-0.2259521484375,-0.8133544921875,0.6928238272666931,0.3071761131286621,True
5.2985.H,5.2985,H,Qual animal é coach? O cão guru.,1,0,-0.11859130859375,-0.35595703125,-0.23736572265625,0.5590643882751465,0.4409356117248535,False
4.663.H,4.663,H,Por que é que a professora usa óculos escuros na aula? Porque os seus alunos são brilhantes.,1,0,1.509765625,-1.671875,-3.181640625,0.9601374864578247,0.0398624949157238,False
4.154.N,4.154,N,O que é que os carteiros fazem nos tempos livres? Nada.,0,0,2.03515625,-2.548828125,-4.583984375,0.9898892045021057,0.010110845789313316,True
5.4027.H,5.4027,H,Qual o nome do parente que mais gosta de você? A Tia Dora.,1,0,0.6689453125,-0.0904541015625,-0.7593994140625,0.6812233328819275,0.3187766969203949,False
5.71.H,5.71,H,Qual é o cachorro que mergulha muito? Pitchibum.,1,1,-0.385986328125,0.716796875,1.102783203125,0.24921877682209015,0.750781238079071,True
4.283.H,4.283,H,Qual é o carro que consegue transportar mais porcos? É o Nissan na vara.,1,1,-0.78564453125,1.146484375,1.93212890625,0.12651513516902924,0.8734848499298096,True
5.167.N,5.167,N,"O que o padrinho da faca disse? "" Oi, afilhado "".",0,0,1.201171875,-0.7080078125,-1.9091796875,0.8709269165992737,0.12907303869724274,True
5.385.H,5.385,H,Qual gênero literário não pode ter filhos? Mistéril.,1,1,-0.9345703125,1.0966796875,2.03125,0.11596072465181351,0.8840392827987671,True
5.785.N,5.785,N,Como se chama a mãe que cozinha bem? Mutitarefa.,0,1,-0.8984375,1.1162109375,2.0146484375,0.11767347902059555,0.8823264837265015,False
5.202.H,5.202,H,Por que o Sílvio Santos só entra em casa depois que a mulher dele o aplaude? Porque a porta só abre com reconhecimento de Íris.,1,1,-0.802734375,1.0947265625,1.8974609375,0.13039611279964447,0.8696039319038391,True
5.1613.H,5.1613,H,"Como se faz para uma laranja virar uma cobra? Faz cosquinha nela, aí o suco ri.",1,1,-0.89306640625,1.09375,1.98681640625,0.12059406191110611,0.8794059157371521,True
5.368.H,5.368,H,Um lider religioso no pantanal matogrossense. Qual o nome do filme?  Crocodilo Gandhi,1,0,1.4130859375,-1.0576171875,-2.470703125,0.922062337398529,0.07793769240379333,False
4.28.N,4.28,N,Voltei a dizer à minha mãe que queria ser futebolista . Ela diz que estou sempre a bater na mesma tecla.,0,0,1.2060546875,-1.05078125,-2.2568359375,0.9052385687828064,0.0947614535689354,True
5.1627.H,5.1627,H,Qual é a atriz mais dramática do mundo? A tristeza,1,0,2.314453125,-1.8408203125,-4.1552734375,0.9845606088638306,0.015439390204846859,False
5.2197.H,5.2197,H,Porque o frango usava smoking? Porque era chicken no último ! ,1,1,-0.92333984375,1.138671875,2.06201171875,0.11284426599740982,0.8871557116508484,True
4.346.H,4.346,H,Que nome se dá a alguém que não acredita nas alterações climáticas? Persona non greta.,1,1,-0.78662109375,1.1337890625,1.92041015625,0.127815842628479,0.872184157371521,True
5.31.N,5.31,N,Qual é o poeta que sempre se atrasa? Fernando Pessoa.,0,0,2.142578125,-2.345703125,-4.48828125,0.9888850450515747,0.011115013621747494,True
5.1912.N,5.1912,N,Qual chá preferido dos pedreiros? Cidreira.,0,1,-0.486572265625,0.9326171875,1.419189453125,0.19478867948055267,0.8052113652229309,False
4.163.H,4.163,H,Como é que a mulher do Vasco da Gama o cumprimenta? Com um beijo no astro-lábio.,1,0,0.70361328125,-0.388671875,-1.09228515625,0.7488117814064026,0.2511882185935974,False
5.1352.H,5.1352,H,Qual é a doença preferida dos pastores? Salmo nela.,1,1,-0.373046875,0.7373046875,1.1103515625,0.24780535697937012,0.7521946430206299,True
4.33.N,4.33,N,Qual é a parte da mulher que cheira a creme? O nariz.,0,0,1.9345703125,-2.107421875,-4.0419921875,0.982740581035614,0.01725933328270912,True
5.1116.N,5.1116,N,Por que os jacarés só andavam em dois? Porque são répteis.,0,0,1.974609375,-2.365234375,-4.33984375,0.987129271030426,0.01287075038999319,True
4.474.H,4.474,H,Que nome se dá ao caixão de um cavalheiro? Sir Cófago.,1,1,-0.875,1.0791015625,1.9541015625,0.12410682439804077,0.875893235206604,True
5.1974.N,5.1974,N,Por que o cara entrou com seu veículo no mar? Porque era barco,0,0,0.470458984375,-0.005035400390625,-0.475494384765625,0.6166833639144897,0.38331660628318787,True
5.2952.H,5.2952,H,Qual é o nome do programa que o Sílvio Santos passou a fazer no mar? Roda a Roda Jetski. ,1,1,-0.42333984375,0.921875,1.34521484375,0.20665378868579865,0.7933462262153625,True
5.2099.N,5.2099,N,Qual é o local religioso preferido dos jogadores de basquete? A quadra,0,0,1.7646484375,-2.02734375,-3.7919921875,0.9779467582702637,0.022053316235542297,True
5.2506.H,5.2506,H,Qual é o biscoito mais temido da mitologia? Cream Kraken.,1,1,-0.91552734375,1.1103515625,2.02587890625,0.11651246249675751,0.8834875226020813,True
5.4009.N,5.4009,N,Qual o nome da menina que você deveria investir? Jeniffer Lawrence.,0,0,1.2587890625,-1.201171875,-2.4599609375,0.9212868809700012,0.07871317118406296,True
4.464.N,4.464,N,Onde se encontram os piores vinhos italianos? Massamá.,0,1,-0.88720703125,1.1025390625,1.98974609375,0.12028373032808304,0.8797162175178528,False
4.326.H,4.326,H,Porque é que os homens são mais burros ao pé das mulheres? Porque passam de homo sapiens para homo erectus.,1,1,-0.03253173828125,0.587890625,0.62042236328125,0.349685400724411,0.6503145694732666,True
5.3765.H,5.3765,H,Qual é o jogo favorito da Ivete Sangalo? Golden Axé,1,1,-0.68359375,1.0166015625,1.7001953125,0.1544397622346878,0.8455602526664734,True
4.442.H,4.442,H,O que é que os bebés já fazem aos 12 meses? 1 ano.,1,0,1.7744140625,-2.185546875,-3.9599609375,0.9812927842140198,0.01870722882449627,False
5.2373.H,5.2373,H,Por que a mãe tinha que largar o bebê quando colocava sua bolsa? Porque era bolsa tiracolo.,1,1,0.1248779296875,0.1732177734375,0.04833984375,0.48791739344596863,0.5120826363563538,True
5.2643.N,5.2643,N,Qual é o nome de um cabeleireiro? Salão de Beleza.,0,0,1.8662109375,-2.060546875,-3.9267578125,0.9806734323501587,0.0193265862762928,True
5.3768.N,5.3768,N,Onde o Jabba come? No restaurante,0,0,2.5546875,-2.638671875,-5.193359375,0.9944773316383362,0.005522650200873613,True
5.610.N,5.610,N,Qual o nome que se da a viagem de 10 bebês ao msm tempo? Gravidez!,0,0,1.9296875,-2.142578125,-4.072265625,0.9832467436790466,0.016753287985920906,True
5.418.N,5.418,N,Quantos chocolates são necessários para voar? Muitos,0,0,1.49609375,-2.06640625,-3.5625,0.9724147915840149,0.027585284784436226,True
4.398.H,4.398,H,"Era um vez um esquilo tão pequeno, tão pequeno, que em vez de chamar esquilo, chamava-se esgrama.",1,1,-0.77099609375,1.255859375,2.02685546875,0.11641198396682739,0.8835880160331726,True
5.100.N,5.100,N,Qual a data mais importante do calendário grego? Dia de natal.,0,0,1.94921875,-2.140625,-4.08984375,0.9835337996482849,0.01646617241203785,True
5.147.H,5.147,H,"Com o que é feita, fundamentalmente, a porta do quartel? Com batentes.",1,0,0.322021484375,-0.68701171875,-1.009033203125,0.7328308820724487,0.2671690881252289,False
5.230.N,5.230,N,Qual é o ator que admira um dia ensolarado e sem nuvens? Tony Ramos.,0,0,2.22265625,-2.458984375,-4.681640625,0.9908213019371033,0.009178773500025272,True
5.2016.H,5.2016,H,Que cantora adora comer formiga? A TamanDua Lipa ,1,1,-0.79833984375,1.087890625,1.88623046875,0.1316748708486557,0.8683251738548279,True
5.1832.H,5.1832,H,Qual é a aparesentadora mais descoordenada que existe? Abcissa Guimarães,1,1,-0.8955078125,1.1123046875,2.0078125,0.11838508397340775,0.8816148638725281,True
5.2647.H,5.2647,H,Qual apresentador é o mais duas caras? Falso Silva.,1,1,-0.88720703125,0.966796875,1.85400390625,0.13540348410606384,0.8645965456962585,True
5.426.N,5.426,N,Qual criatura mitológica criou um calendário só com 11 signos? Humano.,0,0,2.20703125,-2.33984375,-4.546875,0.9895108342170715,0.010489091277122498,True
5.117.N,5.117,N,Qual menina viveu uma aventura digna dos contos de fadas? Alice no país das Maravilhas.,0,0,1.783203125,-1.9189453125,-3.7021484375,0.975923478603363,0.024076486006379128,True
5.2069.N,5.2069,N,Os imperador inca decretou que as lhamas seriam os únicos animais permitidos em Machu Picchu . Qual é o nome do filme? O Império Contra Ataca,0,1,0.16552734375,0.5146484375,0.34912109375,0.4135955572128296,0.5864044427871704,False
5.1782.H,5.1782,H,Em que período da história foi inventado o primeiro carro popular? No período Páliolítico.,1,1,-0.6220703125,0.927734375,1.5498046875,0.1751144677400589,0.8248854875564575,True
5.2813.H,5.2813,H,Qual instrumento leva os dentistas à morte? Óbitorador ,1,0,1.0126953125,-0.9853515625,-1.998046875,0.880591869354248,0.11940813809633255,False
5.1238.H,5.1238,H,Qual o time de basquete que sempre sabe o poder de luta do adversário? Orlando Mede Ki.,1,1,-0.80029296875,1.005859375,1.80615234375,0.14110378921031952,0.8588961958885193,True
5.2488.H,5.2488,H,Qual é o bloco do índio que não bebe nem fuma? Mim careta.,1,1,-1.115234375,1.3603515625,2.4755859375,0.07758752256631851,0.9224124550819397,True
4.562.H,4.562,H,Em que estado se encontra o rio Mississipi? No estado líquido.,1,0,0.9970703125,-1.3701171875,-2.3671875,0.914290726184845,0.08570926636457443,False
5.3504.N,5.3504,N,Qual executivo sempre cochila depois do almoço? O gerente.,0,0,2.42578125,-2.650390625,-5.076171875,0.9937950372695923,0.0062050228007137775,True
5.3504.H,5.3504,H,Qual executivo sempre cochila depois do almoço? O de gestão.,1,0,1.8056640625,-2.09765625,-3.9033203125,0.9802241325378418,0.019775839522480965,False
5.2567.N,5.2567,N,Por que a lata de cerveja foi se benzer? Porque ela tinha sido amaldiçoada.,0,0,0.81005859375,-0.393798828125,-1.203857421875,0.7692102789878845,0.23078970611095428,True
5.2597.N,5.2597,N,Qual seria a profissão perfeita para o Tony Tornado? Promotor de festas.,0,0,1.1201171875,-1.533203125,-2.6533203125,0.9342153072357178,0.06578465551137924,True
5.2956.N,5.2956,N,Qual é o seriado mexicano sobre um chinês tomando chá? Chaves.,0,0,2.08984375,-2.32421875,-4.4140625,0.9880388379096985,0.011961097829043865,True
5.2927.H,5.2927,H,Qual a fruta que bate em você? Fruta pão,1,1,-0.6708984375,0.60498046875,1.27587890625,0.21825255453586578,0.7817474007606506,True
5.3224.H,5.3224,H,Qual comediante comentou sobre a Páscoa em seu texto? Hassumcitou.,1,1,-0.998046875,1.306640625,2.3046875,0.09073549509048462,0.9092645049095154,True
5.2368.H,5.2368,H,Qual rockeiro não usa drogas e nem sacaneia os outros? O Bom Jovem,1,0,0.85986328125,-0.031646728515625,-0.891510009765625,0.7092016935348511,0.2907983362674713,False
4.598.H,4.598,H,Estou a pensar começar uma relação com a minha calculadora. Ao menos ela sabe dar-me o devido valor.,1,0,0.88818359375,-0.430419921875,-1.318603515625,0.7889492511749268,0.21105073392391205,False
4.154.H,4.154,H,O que é que os carteiros fazem nos tempos livres? Jogam às cartas.,1,0,0.2442626953125,-0.03167724609375,-0.27593994140625,0.5685505867004395,0.43144944310188293,False
5.2511.H,5.2511,H,Qual é a série que conta a história de um anfíbio no alto do Everest? Rã na Montanha.,1,1,-0.9375,1.2021484375,2.1396484375,0.10530251264572144,0.8946975469589233,True
5.104.N,5.104,N,Qual lugar do mundo incentiva a caminhada? Himalaia.,0,0,1.904296875,-2.041015625,-3.9453125,0.9810219407081604,0.01897803694009781,True
4.256.N,4.256,N,Que som faz um peixe a cair dum prédio de 20 andares? Nenhum!,0,0,1.6279296875,-2.08203125,-3.7099609375,0.9761064648628235,0.023893600329756737,True
5.907.H,5.907,H,"Qual Cavaleiro do Zodíaco calou a boca de um Street Fighter? O ""Shhh, Ryu"".",1,1,-0.9423828125,1.21875,2.1611328125,0.1032954752445221,0.8967044949531555,True
5.1791.N,5.1791,N,Sabe por que a Gisele Bündchen só anda com roupa amassada? Porque ela cansou de desfilar.,0,0,1.7802734375,-1.966796875,-3.7470703125,0.9769567847251892,0.023043232038617134,True
5.1222.H,5.1222,H,Qual o jornalista esportivo mais inteligente? Clever Machado.,1,0,0.97021484375,-1.40234375,-2.37255859375,0.9147107005119324,0.08528931438922882,False
5.2559.H,5.2559,H,Qual é o cantor que tá sempre na cena de um crime? Perito de Paula.,1,1,-0.740234375,0.98486328125,1.72509765625,0.15121571719646454,0.8487842679023743,True
5.2507.H,5.2507,H,Qual é o aparelho que nunca para de mexer? A balança.,1,0,1.755859375,-2.236328125,-3.9921875,0.9818752408027649,0.018124720081686974,False
5.2325.N,5.2325,N,"O que a mãe religiosa disse para o pai agnóstico sobre o filho deles? "" Cuida, que o filho é descrente "".",0,0,1.8720703125,-1.283203125,-3.1552734375,0.9591160416603088,0.04088399559259415,True
5.2972.N,5.2972,N,Qual a marca de roupa preferida dos esquilos? The north face.,0,1,-0.4912109375,0.9326171875,1.423828125,0.19406215846538544,0.8059378266334534,False
5.4006.H,5.4006,H,Por que Caim matou Abel? Porque Abel era Fera.,1,0,0.52099609375,-0.1702880859375,-0.6912841796875,0.6662525534629822,0.3337474465370178,False
5.53.N,5.53,N,Como são classificados os gatos e cachorros no México? Astecas.,0,0,0.34130859375,-0.2142333984375,-0.5555419921875,0.6354203820228577,0.36457958817481995,True
5.3181.H,5.3181,H,Por que o Mickey possui pouquíssimos bens? Porque ele é Minniemalista.,1,1,-1.013671875,1.1796875,2.193359375,0.10034840553998947,0.8996515870094299,True
5.368.N,5.368,N,Um lider religioso no pantanal matogrossense . Qual o nome do personagem? Crocodilo Gandhi,0,0,1.341796875,-1.0478515625,-2.3896484375,0.9160345196723938,0.08396546542644501,True
5.3666.H,5.3666,H,Qual dublador que não toma banho? Fede Mascarenhas.,1,1,-0.44873046875,0.83837890625,1.287109375,0.216342493891716,0.7836575508117676,True
4.508.H,4.508,H,O que é a disfunção eléctil? É a incapacidade de sentir atração pelos candidatos das eleições.,1,0,0.13037109375,-0.62451171875,-0.7548828125,0.6802417039871216,0.3197583258152008,False
4.645.H,4.645,H,"Se um dia te oferecerem uns óculos sem lentes, tem cuidado! Pode ser armação.",1,0,1.3017578125,-0.65673828125,-1.95849609375,0.8763701319694519,0.12362991273403168,False
5.1352.N,5.1352,N,Qual é a doença preferida dos pastores?.,0,0,1.474609375,-1.806640625,-3.28125,0.9637799859046936,0.03622005507349968,True
4.106.N,4.106,N,Qual é a flor que os homens mais gostam de oferecer às mulheres? Tulipas.,0,0,1.0078125,-1.419921875,-2.427734375,0.9189178347587585,0.08108211308717728,True
5.3492.N,5.3492,N,"Qual a banda que, quando nasceu, era alimentada por criminosas? Legião Urbana.",0,0,2.1796875,-2.435546875,-4.615234375,0.9901971817016602,0.009802816435694695,True
5.4035.H,5.4035,H,"Por que o nariz, às vezes, sente cheiro de arrogância? Por causa da humildade relativa do ar.",1,1,-0.9658203125,1.0625,2.0283203125,0.11626138538122177,0.88373863697052,True
5.1.H,5.1,H,Qual X-Men nunca falta ao trabalho? No turno.,1,1,-0.478271484375,0.1038818359375,0.5821533203125,0.35843726992607117,0.6415627598762512,True
4.630.N,4.630,N,Por que é que os surfistas comem a comida fria? Porque detestam comida quente.,0,0,1.83984375,-2.27734375,-4.1171875,0.9839708209037781,0.016029145568609238,True
5.1332.H,5.1332,H,Por que o nerd pediu a calculadora em namoro? Porque ela dava valor.,1,0,0.56689453125,-0.20947265625,-0.7763671875,0.6848966479301453,0.3151033818721771,False
5.2882.H,5.2882,H,Personagem que adora Leite? Milk Mouse ,1,1,-0.78271484375,0.9501953125,1.73291015625,0.15021571516990662,0.849784255027771,True
4.595.H,4.595,H,Para que servem óculos verdes? Para verde perto.,1,1,-0.91748046875,1.2275390625,2.14501953125,0.10479754209518433,0.8952023983001709,True
4.615.H,4.615,H,"A eletricidade está tão cara, tão cara, que a EDP decidiu mudar o nome para Luz Vuitton.",1,1,-0.611328125,0.84228515625,1.45361328125,0.1894461065530777,0.8105539083480835,True
4.728.N,4.728,N,Que nome se dá a uma Sobremesa atrativa? Bomba calórica .,0,0,1.3330078125,-1.8212890625,-3.154296875,0.9590777158737183,0.04092230647802353,True
5.129.H,5.129,H,Qual cantora ganhou uma patente em 2018? Major Este Ano.,1,1,-0.55517578125,0.68994140625,1.2451171875,0.22354651987552643,0.7764534950256348,True
5.3237.H,5.3237,H,Qual queijo favorito da Iveje Sangalo? Axéddar.,1,1,-0.96728515625,1.201171875,2.16845703125,0.10261903703212738,0.8973810076713562,True
4.67.N,4.67,N,Porque é que as galinhas não gostam de ralis? Porque não vêem nada com o pó.,0,1,-1.091796875,1.2451171875,2.3369140625,0.08811154961585999,0.9118884801864624,False
4.160.H,4.160,H,O que diz uma banana suicida? Macacos me mordam!,1,1,0.051116943359375,0.2259521484375,0.174835205078125,0.4564021825790405,0.5435978174209595,True
5.442.H,5.442,H,Qual o salgadinho favorito dos torcedores do Flamengo? Baconzico.,1,0,0.56201171875,-1.001953125,-1.56396484375,0.8269215226173401,0.17307846248149872,False
5.1912.H,5.1912,H,Qual cantora tem um supermercado? Wallmart nália,1,1,-0.70458984375,0.92041015625,1.625,0.16451644897460938,0.8354835510253906,True
5.1249.H,5.1249,H,Por que o veganismo é a política de Estado na Bolívia? Para ninguém comer huevo.,1,1,-1.0224609375,1.1669921875,2.189453125,0.10070161521434784,0.8992984294891357,True
5.3509.N,5.3509,N,Qual é o cantor que teve problemas respiratórios? Erasma Carlos.,0,1,-0.52783203125,0.6982421875,1.22607421875,0.22686928510665894,0.7731307744979858,False
4.33.H,4.33,H,Qual é a parte da mulher que cheira a banana? O nariz.,1,0,1.970703125,-2.09375,-4.064453125,0.9831175804138184,0.01688246615231037,False
5.962.N,5.962,N,Qual elefante da Disney usa fertilizante pra cuidar do solo? Coronel Hathi.,0,1,-0.88037109375,1.0693359375,1.94970703125,0.12458530813455582,0.8754147291183472,False
5.2385.N,5.2385,N,Por que o atrito e a resistência do ar foram ao psicólogo? Porque eles são muito requisitados,0,0,1.533203125,-0.94091796875,-2.47412109375,0.9223076105117798,0.0776924192905426,True
5.2259.H,5.2259,H,Qual a semelhança entre o trovão e a privada? Os dois vem sempre acompanhado de uma descarga,1,0,0.2098388671875,-0.1673583984375,-0.377197265625,0.5931969285011292,0.40680304169654846,False
5.2616.N,5.2616,N,Qual ator sempre dá tudo de si? Don Johnson.,0,0,2.12109375,-2.544921875,-4.666015625,0.990678071975708,0.00932196993380785,True
5.1344.H,5.1344,H,Qual Trapalhão ajudou Frodo em sua jornada? O Renato Aragorn.,1,1,-0.77001953125,1.0966796875,1.86669921875,0.13392409682273865,0.866075873374939,True
5.912.N,5.912,N,Qual é a parte do computador que não é do bem? O teclado.,0,0,1.65234375,-2.03515625,-3.6875,0.9755768775939941,0.024423090741038322,True
4.559.H,4.559,H,Porque é que os diabéticos não usam o Google Chrome? Porque não podem aceitar cookies.,1,0,0.97705078125,-1.255859375,-2.23291015625,0.9031661152839661,0.09683381766080856,False
5.1802.N,5.1802,N,Por que ninguém na Terra consegue entender a língua nativa do Super-Homem? Porque é alienígena.,0,0,1.373046875,-0.9599609375,-2.3330078125,0.9115740656852722,0.0884259045124054,True
5.522.H,5.522,H,Qual país que sofre com as enchentes? Aquador.,1,1,-0.1724853515625,0.58349609375,0.7559814453125,0.3195193409919739,0.6804806590080261,True
5.169.H,5.169,H,Em qual programa o Sílvio Santos exagera no laquê? Topetudo por Dinheiro.,1,1,-0.85107421875,1.1376953125,1.98876953125,0.12038709968328476,0.879612922668457,True
4.235.H,4.235,H,"Era uma vez um homem tão pequeno, tão pequeno, que em vez de praticar natação, praticava na tacinha.",1,1,-0.40380859375,0.45703125,0.86083984375,0.2971639037132263,0.7028360962867737,True
5.147.N,5.147,N,"Com o que é feita, fundamentalmente, a porta do quartel? De ferro.",0,0,1.4189453125,-1.634765625,-3.0537109375,0.9549424648284912,0.04505753144621849,True
4.500.N,4.500,N,Porque é que o João Silva tem Instagram mas não tem Facebook? Porque ele prefere ter seguidores em vez de amigos.,0,0,2.03515625,-2.017578125,-4.052734375,0.9829219579696655,0.01707807369530201,True
5.2422.H,5.2422,H,Por que em Barretos as pessoas não falam as coisas na lata?  Porque lá é impossível fazer algo sem rodeios.,1,0,0.3125,0.074951171875,-0.237548828125,0.5591095685958862,0.44089049100875854,False
5.3668.H,5.3668,H,Por que o frango caipira não tem problemas jurídicos de identidade? Porque ele não tem hormônimos.,1,0,1.16796875,-1.078125,-2.24609375,0.9043130874633789,0.09568694978952408,False
4.55.H,4.55,H,O que é um omossexual? É um sabão em pó com o qual se lavam as partes íntimas.,1,0,0.52392578125,-0.72021484375,-1.244140625,0.7762839198112488,0.22371606528759003,False
5.1554.H,5.1554,H,Qual a Miss EUA que foi escolhida por engano? A Miss Take.,1,0,0.366943359375,0.1507568359375,-0.2161865234375,0.5538371205329895,0.4461628794670105,False
4.567.H,4.567,H,"O que é que a mulher do comunista diz quando o viagra perde o efeito? Foice o martelo, camarada.",1,1,-0.6044921875,1.083984375,1.6884765625,0.1559762805700302,0.8440237045288086,True
4.11.N,4.11,N,Qual é o animal mais romântico? É a amêijoa . Porque dorme em conjunto.,0,1,-0.626953125,0.94775390625,1.57470703125,0.17154639959335327,0.8284536004066467,False
5.522.N,5.522,N,Qual país que sofre com as enchentes? Equador.,0,0,2.06640625,-2.21484375,-4.28125,0.9863631129264832,0.013636834919452667,True
5.1109.H,5.1109,H,Qual filósofo gostaria de ser um Cavaleiro do Zodíaco? Áriestóteles,1,1,-0.7890625,1.0576171875,1.8466796875,0.13626320660114288,0.8637367486953735,True
5.1223.N,5.1223,N,Qual parte do corpo nunca está acordada? Pé.,0,0,1.4169921875,-1.68359375,-3.1005859375,0.956916868686676,0.04308309033513069,True
4.129.N,4.129,N,Que nome se dá a uma freira no convento? Católica apostólica.,0,1,-0.5615234375,0.84375,1.4052734375,0.19698064029216766,0.8030194044113159,False
5.1398.H,5.1398,H,Qual é o carro em que todo mundo gosta de comemorar o aniversário? O Fiesta.,1,0,1.5234375,-1.767578125,-3.291015625,0.9641192555427551,0.035880692303180695,False
5.4027.N,5.4027,N,Qual o nome do parente que mais gosta de você? A Tia Maria.,0,0,1.291015625,-0.89892578125,-2.18994140625,0.8993425965309143,0.1006573960185051,True
5.1690.N,5.1690,N,Qual o jogo favorito de um ator famoso de Hollywood? O Fortnite? LOL!,0,1,-0.806640625,1.0556640625,1.8623046875,0.13443465530872345,0.865565299987793,False
5.2226.H,5.2226,H,Por que se ouvia uma nota quando neandertal batia em suas presas ? Porque usava uma Clava de Sol,1,1,-0.336669921875,0.78515625,1.121826171875,0.24567271769046783,0.7543272376060486,True
5.392.N,5.392,N,Qual jogador jogava basquete? Shaquille O'Neal,0,1,-0.09185791015625,0.4931640625,0.58502197265625,0.357777863740921,0.6422221660614014,False
5.3523.H,5.3523,H,Em qual brincadeira eu só aceito gente inteligente? Tiro lesa.,1,1,-0.86376953125,1.1318359375,1.99560546875,0.11966508626937866,0.8803348541259766,True
5.1403.N,5.1403,N,Por que o próximo técnico da seleção jogara contra a parede? Porque ele é Pós-Tite.,0,1,-0.79345703125,1.12890625,1.92236328125,0.12759827077388763,0.872401773929596,False
5.2778.H,5.2778,H,Qual jogo do Windows só funciona se você fizer tudo o que ele quer? O Campo Mimado,1,1,-0.93408203125,1.1953125,2.12939453125,0.10627248883247375,0.8937275409698486,True
5.1358.H,5.1358,H,Qual é o trabalho que você se vê fazendo? Limpar espelhos.,1,0,1.4599609375,-1.873046875,-3.3330078125,0.9655439257621765,0.03445602208375931,False
5.58.H,5.58,H,O que o judeu passa no corpo quanto está com dor? Shalompas.,1,1,-0.88134765625,1.109375,1.99072265625,0.12018042802810669,0.8798195719718933,True
4.262.N,4.262,N,Que nome se dá a um pássaro aleijado? Infeliz.,0,0,1.8203125,-1.9150390625,-3.7353515625,0.976691484451294,0.0233085285872221,True
5.3618.N,5.3618,N,Qual os piores inimigos dos MINIons??? Os heróis,0,0,2.11328125,-2.29296875,-4.40625,0.9879462122917175,0.0120537793263793,True
5.1282.N,5.1282,N,Qual castanha sempre interpreta personagens maus? Do pará.,0,1,-0.5234375,0.93505859375,1.45849609375,0.1886974573135376,0.8113025426864624,False
5.3944.N,5.3944,N,Por que o cara resolveu dormir no bueiro? Porque ele tava bêbado.,0,0,2.263671875,-1.892578125,-4.15625,0.9845753908157349,0.01542455144226551,True
5.1205.H,5.1205,H,Por que o pessoal do Nordeste se orgulha do GPS?  Porque ele fala: Você chegou Nor Destino.,1,0,1.513671875,-0.546875,-2.060546875,0.8870089650154114,0.11299101263284683,False
4.363.H,4.363,H,O que é que a tinta faz nos dias de chuva? Fica no choco.,1,1,-0.74072265625,1.1943359375,1.93505859375,0.12619172036647797,0.8738082647323608,True
5.1061.H,5.1061,H,Qual doença temos que coletar esperma? Cataporra.,1,1,-0.5322265625,0.7998046875,1.33203125,0.20882359147071838,0.791176438331604,True
5.3721.N,5.3721,N,qual jornalista sempre levava bebidas pros colegas? Carlos Lacerda,0,0,2.619140625,-2.4609375,-5.080078125,0.9938190579414368,0.006180981174111366,True
5.3911.H,5.3911,H,Qual a cidade paulista as pessoas rezam e fazem artesanato? Em Budas Artes.,1,1,-0.87353515625,1.0517578125,1.92529296875,0.12727250158786774,0.8727275133132935,True
5.1971.H,5.1971,H,Porque a fada madrinha estava com um isqueiro na mão indo em direção a uma vela no candelabro? Pra acenderela ,1,1,-0.52783203125,0.7578125,1.28564453125,0.21659092605113983,0.783409059047699,True
5.3825.H,5.3825,H,Qual o mês do Popó? Junho de Aço.,1,1,-0.79541015625,1.05859375,1.85400390625,0.13540348410606384,0.8645965456962585,True
1.4.H,1.4,H,O que uma impressora falou para a outra? Essa folha é sua ou é impressão minha?,1,0,1.724609375,-1.6298828125,-3.3544921875,0.9662516117095947,0.03374836966395378,False
5.910.N,5.910,N,Qual é a reta que canta muito? A Ella Fitzgerald.,0,0,0.93408203125,-1.3779296875,-2.31201171875,0.909866988658905,0.09013302624225616,True
5.1387.N,5.1387,N,Qual cantora escreveu Sitio do Picapau Amarelo? A Katy Perry.,0,0,1.7333984375,-2.052734375,-3.7861328125,0.9778199791908264,0.022180039435625076,True
5.3164.N,5.3164,N,Qual pintor estava sempre bêbado? Salvador Dalí.,0,0,0.90576171875,-1.3134765625,-2.21923828125,0.9019638299942017,0.09803613275289536,True
5.122.H,5.122,H,Como chama a cerveja que você só toma de 2 em 2 anos? Beer nal.,1,1,-0.85595703125,1.1552734375,2.01123046875,0.11802884191274643,0.8819711804389954,True
5.2488.N,5.2488,N,Qual é o bloco do índio que não bebe nem fuma? Bloquinho infantil.,0,0,2.05859375,-2.111328125,-4.169921875,0.9847817420959473,0.015218292362987995,True
4.342.N,4.342,N,Qual é o contrário de nu? Vestido.,0,0,1.978515625,-2.193359375,-4.171875,0.9848109483718872,0.015189048834145069,True
5.2113.N,5.2113,N,O que você chama de hamster com 3 pernas? Hamster,0,0,0.309814453125,-0.826171875,-1.135986328125,0.7569419741630554,0.24305805563926697,True
5.1783.N,5.1783,N,"O que o narrador Silvio Luiz falou sobre o programa Masterchef? "" Olho no lance! """,0,0,0.82373046875,-0.325439453125,-1.149169921875,0.7593592405319214,0.24064072966575623,True
5.3001.N,5.3001,N,Qual microorganismo sofre bullying? A bactéria.,0,0,1.4638671875,-1.7451171875,-3.208984375,0.9611709713935852,0.0388290211558342,True
4.336.N,4.336,N,"Hoje davam chuva só para o continente, mas há bocado passei pelo Funchal e também estava a chover.",0,0,0.703125,-1.0810546875,-1.7841796875,0.8562121987342834,0.14378778636455536,True
5.3231.N,5.3231,N,Por que o rapaz não mostrou os slides em sua apresentação na empresa? Porque ele esqueceu de levar.,0,0,1.931640625,-1.7939453125,-3.7255859375,0.9764680862426758,0.023531878367066383,True
5.2693.H,5.2693,H,"Por que o artigo, o substantivo e o adjetivo nunca discutiam? Porque estavam sempre em concordância.",1,0,1.8359375,-0.85498046875,-2.69091796875,0.9364886283874512,0.06351139396429062,False
5.780.H,5.780,H,Qual a mulher que mais gostava de andar de avião? Simone de É Bom Voar.,1,1,-0.638671875,0.74267578125,1.38134765625,0.20079262554645538,0.799207329750061,True
5.2269.H,5.2269,H,Qual país em que todo mundo ta sempre na academia ? Só malia,1,1,-1.0439453125,1.228515625,2.2724609375,0.0934295728802681,0.9065704345703125,True
5.336.H,5.336,H,Qual o meio de transporte mais usado na Bahia? Uber imbau,1,1,-0.9384765625,1.193359375,2.1318359375,0.1060408279299736,0.8939591646194458,True
5.691.N,5.691,N,Qual é o nome da hiena que se aposentou? Joana.,0,0,1.455078125,-1.482421875,-2.9375,0.949669361114502,0.05033063143491745,True
5.956.H,5.956,H,Como o ciclista reage a uma notícia ruim? Ele leva um bike.,1,1,-0.73095703125,1.0908203125,1.82177734375,0.13922074437141418,0.8607792258262634,True
5.3770.N,5.3770,N,Qual é o site de informações criado pelo Chewbacca? Star Wars,0,0,1.4189453125,-1.7412109375,-3.16015625,0.959307074546814,0.04069295525550842,True
5.1616.H,5.1616,H,Qual é a pacifista que é um gênio da matemática? Madre Teresa de Calcular.,1,1,-0.281494140625,0.86083984375,1.142333984375,0.24189211428165436,0.7581079006195068,True
5.1107.H,5.1107,H,Qual filósofo precisa de um exorcismo? O Demócrito.,1,1,-0.59619140625,0.91552734375,1.51171875,0.18068420886993408,0.8193157911300659,True
5.3591.H,5.3591,H,"O que o Fred Flintstone disse quando percebeu que instalou um programa indesejado? Ih, aba da Baidu.",1,1,-0.94580078125,1.271484375,2.21728515625,0.09820897877216339,0.9017910361289978,True
4.363.N,4.363,N,O que é que a Ana faz nos dias de chuva? Fica em casa.,0,0,2.1171875,-2.369140625,-4.486328125,0.988863468170166,0.011136501096189022,True
5.2155.N,5.2155,N,"Qual o filme odiado do Kiko? Harry Potter e o Cálice Cálice Cálice, você me deixa looouco!",0,1,-0.56005859375,0.70654296875,1.2666015625,0.21983955800533295,0.7801604270935059,False
5.2665.N,5.2665,N,Quem é responsável pela locomoção dos cidadãos? Transporte público.,0,0,2.232421875,-2.359375,-4.591796875,0.9899671077728271,0.010032951831817627,True
4.170.H,4.170,H,Qual é o jogo preferido das vesículas? O biliar.,1,0,0.02197265625,-0.27099609375,-0.29296875,0.5727227926254272,0.42727723717689514,False
5.2060.N,5.2060,N,Qual o personagem de star wars que vive espirrando? Anakin skywalker,0,0,0.52490234375,-0.033935546875,-0.558837890625,0.6361836194992065,0.36381641030311584,True
5.1162.H,5.1162,H,Qual o bairro de São Paulo que só tem Japoneses? Japaquara,1,0,1.703125,-1.74609375,-3.44921875,0.9692078232765198,0.03079216368496418,False
4.330.H,4.330,H,Porque é que os bêbados gostam de passar a Ponte 25 de Abril? Porque lá há muito engarrafamento.,1,0,1.3623046875,-1.5732421875,-2.935546875,0.9495759606361389,0.05042406544089317,False
5.3165.N,5.3165,N,Qual pintor ganhou mais dinheiro com sua arte? Picasso.,0,0,1.984375,-2.28515625,-4.26953125,0.9862046241760254,0.013795364648103714,True
4.345.N,4.345,N,O que diz um porco quando atende o telemóvel? Tou?,0,1,-0.6943359375,1.046875,1.7412109375,0.14915917813777924,0.8508408069610596,False
4.672.N,4.672,N,Qual é o melhor óleo para lubrificar o sexo? Óleo corporal.,0,0,1.2451171875,-1.6171875,-2.8623046875,0.9459512829780579,0.054048750549554825,True
5.3591.N,5.3591,N,"O que o Fred Flintstone disse quando percebeu que instalou um programa indesejado? Ah, não.",0,0,1.8193359375,-1.740234375,-3.5595703125,0.9723359942436218,0.027663977816700935,True
5.3237.N,5.3237,N,Qual queijo favorito da Iveje Sangalo? Pecorino.,0,1,-0.63134765625,0.98046875,1.61181640625,0.16633658111095428,0.8336634039878845,False
5.2323.N,5.2323,N,Qual tipo de piada geralmente é feito entre dois homens pelados? Trocadilho.,0,1,-0.76123046875,1.1826171875,1.94384765625,0.1252257525920868,0.8747742176055908,False
4.345.H,4.345,H,O que diz um porco quando atende o telemóvel? Tou-cinho?,1,1,-0.865234375,1.3115234375,2.1767578125,0.10185714811086655,0.8981428742408752,True
4.96.N,4.96,N,Que nome se dá a um cacto engraçado? Cacti.,0,1,-0.373779296875,0.266357421875,0.64013671875,0.34521564841270447,0.6547843813896179,False
5.432.H,5.432,H,Por que o passarinho perdeu os movimentos? Porque ele teve um ave-C.,1,1,-0.77392578125,1.0751953125,1.84912109375,0.13597612082958221,0.8640238642692566,True
5.2446.H,5.2446,H,Qual é a cantora favorita do Tony Hawk? Skate Perry.,1,1,-0.58203125,0.888671875,1.470703125,0.18683576583862305,0.813164234161377,True
2.8.H,2.8,H,Sabe por que o argumento do Dumbo foi completamente ignorado? Porque era irrelefante.,1,0,0.2401123046875,0.2384033203125,-0.001708984375,0.50042724609375,0.49957275390625,False
5.3577.N,5.3577,N,Qual doença comum entre os viciados em vídeos? Youtuberculose.,0,1,-0.0552978515625,0.64697265625,0.7022705078125,0.3313089907169342,0.6686909794807434,False
5.2343.N,5.2343,N,Qual jornalista esportivo é ainda adolescente? Dudu Camargo.,0,0,2.416015625,-2.71875,-5.134765625,0.9941459894180298,0.005853960290551186,True
5.2189.H,5.2189,H,Quem é a cantora que trabalha com transporte público nos Estados Unidos? Van USA ,1,1,-0.79248046875,0.95849609375,1.7509765625,0.14792406558990479,0.8520758748054504,True
4.539.H,4.539,H,"Será que os meus amigos vão passar férias a países do médio oriente? Uns, Irão. Os outros, Paquistão.",1,0,1.34375,-0.90478515625,-2.24853515625,0.9045240879058838,0.09547588974237442,False
5.808.N,5.808,N,Por que o caminhão só andava com as rodas de trás? Porque ele gostava de empinar.,0,0,0.5615234375,-0.2159423828125,-0.7774658203125,0.6851336359977722,0.314866304397583,True
4.559.N,4.559,N,Porque é que os conspiracionistas não usam o Google Chrome? Porque não podem aceitar cookies.,0,0,0.86279296875,-1.236328125,-2.09912109375,0.8908177614212036,0.10918227583169937,True
5.2415.N,5.2415,N,Qual é a cidade que quer converter um instrumento musical? Itaquaquecetuba.,0,0,0.80126953125,-0.546875,-1.34814453125,0.7938261032104492,0.2061738818883896,True
5.771.N,5.771,N,Por que a ideia ficou cansada depois da reforma? Porque perdeu o acento.,0,1,0.01044464111328125,0.81103515625,0.8005905151367188,0.3098992109298706,0.6901007890701294,False
5.2210.N,5.2210,N,Qual é o filme dirigido por Jordan Peele e Sérgio Mallandro? ET!,0,0,1.759765625,-2.12109375,-3.880859375,0.9797840118408203,0.020215967670083046,True
5.2217.N,5.2217,N,Que terapeuta bebe todo dia? Psicólogo,0,0,2.34765625,-2.31640625,-4.6640625,0.9906600117683411,0.009340024553239346,True
4.61.N,4.61,N,Uma mulher manda-se dum prédio e acerta num homem que ia a passar . Qual é o filme? Vertigo.,0,0,0.2607421875,-0.161376953125,-0.422119140625,0.6039901971817017,0.39600980281829834,True
5.3721.H,5.3721,H,qual jornalista sempre levava bebidas pros colegas? Carlos Trazvontila ,1,1,-0.78857421875,1.029296875,1.81787109375,0.13968952000141144,0.8603104948997498,True
4.751.N,4.751,N,"Como correu a primeira final de sempre da Liga dos Campeões com patos? Foi bem disputada, cheia de craques da bola e acabou com a vitória do  Real Madrid.",0,0,1.1787109375,-1.7021484375,-2.880859375,0.9468920826911926,0.05310790613293648,True
5.2595.N,5.2595,N,Qual animal que gosta muito de você? Cachorro.,0,0,2.478515625,-2.544921875,-5.0234375,0.9934611320495605,0.0065388246439397335,True
5.54.H,5.54,H,Qual é o personagem histórico que fui eu que indiquei? Pero Vaz de indica minha.,1,1,-0.73779296875,1.017578125,1.75537109375,0.14737103879451752,0.8526289463043213,True
5.1570.N,5.1570,N,"Uma pessoa com o apelido Lu, foi para a padaria com suas duas irmãs Ana . Qual o nome da pessoa? Luciana",0,0,1.6064453125,-1.2099609375,-2.81640625,0.9435559511184692,0.05644403025507927,True
4.573.N,4.573,N,Porque é que os cemitérios têm paredes? Porque as pessoas estão lá dentro.,0,0,1.7646484375,-1.0166015625,-2.78125,0.9416541457176208,0.05834583938121796,True
5.150.H,5.150,H,"Qual a expressão que hora é de uma pessoa, hora é de todo mundo? Minha Nossa.",1,1,-0.77783203125,0.92578125,1.70361328125,0.15399394929409027,0.8460060954093933,True
4.198.N,4.198,N,"Porque é que a febre tifóide é tão perigosa? Porque ou tu a curas, ou ela agrava-se mesmo.",0,0,0.9658203125,-0.92138671875,-1.88720703125,0.8684368133544922,0.1315632462501526,True
5.868.N,5.868,N,Por que o oftamologista foi pra Disney? Pra comprar minnie eye-pads.,0,1,-0.8994140625,1.201171875,2.1005859375,0.10903989523649216,0.890960156917572,False
5.2046.N,5.2046,N,Por que o responsável não compra nas Casas Bahia? Porque não gasta dinheiro em carnês,0,0,1.341796875,-1.0068359375,-2.3486328125,0.9128255248069763,0.08717449754476547,True
5.1620.N,5.1620,N,Qual é a comida que quase tirou nota dez? Lasanha.,0,0,2.064453125,-2.28515625,-4.349609375,0.9872527718544006,0.012747264467179775,True
5.3958.H,5.3958,H,Qual o esporte favorito dos escoceses? Whisky na neve.,1,0,1.37109375,-1.6728515625,-3.0439453125,0.9545204043388367,0.04547959193587303,False
4.622.H,4.622,H,Que tamanho de roupa vestem as videntes? Tamanho médium.,1,1,-0.7822265625,1.07421875,1.8564453125,0.13511791825294495,0.8648820519447327,True
5.2967.N,5.2967,N,Qual a carreira que causa dor e depressão? Ai triste!,0,1,-0.89208984375,0.85498046875,1.7470703125,0.14841711521148682,0.851582944393158,False
5.2312.H,5.2312,H,Qual é o nome da banda favorita das pessoas cansadas? Exausta samba,1,1,-0.86865234375,1.0888671875,1.95751953125,0.12373573333024979,0.876264214515686,True
5.1869.H,5.1869,H,Que parte do corpo cuida das coisas? To no zelo,1,1,-0.77783203125,1.0302734375,1.80810546875,0.1408672332763672,0.859132707118988,True
4.288.N,4.288,N,Um homem foi apanhado a roubar um carro . Apanhou 12 meses.,0,0,1.0224609375,-0.56005859375,-1.58251953125,0.8295611143112183,0.1704389452934265,True
4.356.N,4.356,N,O Rodolfo adoeceu e o Pai Natal não vai conseguir entregar as prendas . Teve uma insuficiência cardíaca .,0,0,1.4404296875,-1.572265625,-3.0126953125,0.9531443119049072,0.0468556247651577,True
4.262.H,4.262,H,Que nome se dá a um pássaro aleijado? Comdor.,1,1,-0.88623046875,1.095703125,1.98193359375,0.1211128756403923,0.8788871765136719,True
5.211.N,5.211,N,Qual é o urso que muda de opinião toda hora? Urso Pandas.,0,1,-0.599609375,0.59814453125,1.19775390625,0.23187501728534698,0.7681249380111694,False
3.3.N,3.3,N,Por que um policial estava interrogando um saco de cimento? Porque ele queria informações verdadeiras.,0,0,1.615234375,-1.482421875,-3.09765625,0.9567959308624268,0.04320403188467026,True
5.3946.N,5.3946,N,O quê o seu Madruga usa pra tomar banho? A bucha.,0,1,-0.0732421875,0.14453125,0.2177734375,0.445770800113678,0.554229199886322,False
4.528.H,4.528,H,Como é que os professores de matemática se mantêm em forma? Com Geometria.,1,0,1.12890625,-1.5947265625,-2.7236328125,0.9384068250656128,0.06159316003322601,False
5.1601.H,5.1601,H,Qual filme conta a história do filho do Shrek? Ogrito.,1,1,-0.82470703125,0.94140625,1.76611328125,0.1460263580083847,0.8539736866950989,True
5.521.H,5.521,H,Qual ator que peida tão alto que ressoa? Francisco Cu Oco.,1,1,-0.474853515625,0.83740234375,1.312255859375,0.21210961043834686,0.7878904342651367,True
5.2967.H,5.2967,H,Qual a doença que causa dor e depressão? Ai triste!,1,1,-0.8271484375,0.7421875,1.5693359375,0.17231106758117676,0.8276889324188232,True
5.633.N,5.633,N,Quais vilões se preocupam mais com as poses para foto do que com o destino do seu planeta? Os Tumblrcats.,0,1,-0.693359375,0.966796875,1.66015625,0.15974101424217224,0.8402590155601501,False
5.681.N,5.681,N,Qual matéria da escola pode machucar? Matemática.,0,0,2.080078125,-2.314453125,-4.39453125,0.9878058433532715,0.012194132432341576,True
4.83.N,4.83,N,O que é uma roubalheira? É o ato de roubar uma casa.,0,0,1.2099609375,-1.458984375,-2.6689453125,0.9351691007614136,0.06483088433742523,True
5.1046.N,5.1046,N,Qual o canal para fumantes infantis? Discovery Kids.,0,0,1.8671875,-2.27734375,-4.14453125,0.9843964576721191,0.015603533945977688,True
5.2196.N,5.2196,N,Qual é o Personagem histórico favorito do português? Pedro Álvares Cabral,0,0,2.05859375,-2.1328125,-4.19140625,0.9851003289222717,0.014899643138051033,True
5.429.N,5.429,N,Qual o chocolate que dá mais energia? Serenata de amor.,0,1,-0.55126953125,1.048828125,1.60009765625,0.16796797513961792,0.8320320844650269,False
5.432.N,5.432,N,Por que o passarinho perdeu os movimentos? Porque ele teve um derrame.,0,0,1.33203125,-1.1982421875,-2.5302734375,0.9262369871139526,0.07376295328140259,True
5.1093.N,5.1093,N,Qual doença que todos filósofos têm? Gripe.,0,0,1.8544921875,-2.1328125,-3.9873046875,0.981788158416748,0.018211819231510162,True
5.2956.H,5.2956,H,Qual é o seriado mexicano sobre um chinês tomando chá? Chá po Lin. ,1,1,-1.0302734375,1.1787109375,2.208984375,0.09894658625125885,0.9010533690452576,True
5.766.H,5.766,H,Qual o bairro de SP favorito do Schwarzenegger?  A Bela Vista Baby.,1,1,-0.69775390625,1.1318359375,1.82958984375,0.13828714191913605,0.8617128133773804,True
4.521.N,4.521,N,Eu não sou supersticioso . Sou só um pouco inseguro.,0,0,2.05078125,-1.5966796875,-3.6474609375,0.9746044874191284,0.025395467877388,True
5.3508.N,5.3508,N,Qual rapper é também um ótimo detetive? Djonga.,0,1,-0.71484375,0.99072265625,1.70556640625,0.15373966097831726,0.8462603092193604,False
5.2594.H,5.2594,H,Como se referiam a Jesus quando ele ficava bravo? INRItado.,1,1,-1.060546875,1.1611328125,2.2216796875,0.0978204682469368,0.9021795392036438,True
5.1777.H,5.1777,H,Qual cantor romântico adora jogar Far Cry? Armado Batista.,1,1,-0.9013671875,1.013671875,1.9150390625,0.1284157931804657,0.8715841770172119,True
5.1602.N,5.1602,N,Qual é a novela em que Antônio Fagundes faz uso de entorpecentes? O Rei Do Gado.,0,0,0.87939453125,-0.30126953125,-1.1806640625,0.7650671601295471,0.2349328100681305,True
5.3127.H,5.3127,H,Qual programa onde você fala com um carro? Conversa Kombi al.,1,1,-0.9970703125,1.130859375,2.1279296875,0.10641169548034668,0.8935883641242981,True
5.2225.N,5.2225,N,Por que a mulher chorou muito quando roubaram uma de suas joias? Porque foi uma pedra preciosa,0,0,0.91552734375,-0.42236328125,-1.337890625,0.7921428084373474,0.2078571766614914,True
4.313.N,4.313,N,Já abriu a nova discoteca . Chama-se Barracão.,0,0,1.353515625,-1.12890625,-2.482421875,0.9229002594947815,0.07709970325231552,True
5.1056.H,5.1056,H,Por que a cachorra modernista não latiu? Porque ela Tarsilambendo.,1,1,-0.9990234375,1.4296875,2.4287109375,0.0810093805193901,0.9189906120300293,True
5.1492.N,5.1492,N,Por que o cowboy largou tudo para trabalhar na KGB? Porque ele era um espião.,0,0,2.048828125,-1.841796875,-3.890625,0.9799765348434448,0.020023442804813385,True
4.98.H,4.98,H,O que é um ponto amarelo no trânsito? É uma limãosine.,1,1,-0.84033203125,1.041015625,1.88134765625,0.13223415613174438,0.8677658438682556,True
5.3385.N,5.3385,N,Qual atriz tá com o demônio no corpo? Zezé Polessa.,0,0,1.9658203125,-2.298828125,-4.2646484375,0.9861380457878113,0.013861952349543571,True
5.3726.H,5.3726,H,Qual humorista não usa microfone de mão? Helio de Lapela,1,1,-0.8369140625,1.0634765625,1.900390625,0.13006427884101868,0.8699357509613037,True
5.728.H,5.728,H,"Qual é o nome da doença que acomete vítimas de sequestro que não têm espelho no cativeiro? Síndrome de ""ESTOU COMO?""",1,0,1.1455078125,-0.3935546875,-1.5390625,0.8233283758163452,0.1766716092824936,False
5.385.N,5.385,N,Qual gênero literário não pode ter filhos? Terror.,0,0,1.625,-1.966796875,-3.591796875,0.9731897711753845,0.026810195297002792,True
5.1641.H,5.1641,H,Qual é a cidade que tem um monte de patos? Jeri Quá-Quara.,1,1,-0.8984375,1.2861328125,2.1845703125,0.10114466398954391,0.8988553285598755,True
5.2578.N,5.2578,N,Qual o programa favorito dos gaúchos? Faustão.,0,0,2.224609375,-2.62109375,-4.845703125,0.9921992421150208,0.007800756953656673,True
4.485.N,4.485,N,Há duas formas de os deputados saírem do parlamento: Há com boleia e há sem boleia.,0,1,-0.10089111328125,0.21435546875,0.31524658203125,0.4218346178531647,0.5781653523445129,False
4.740.H,4.740,H,O que diz um mineiro antes de usar a picareta? Cavai disto!,1,1,-1.1142578125,1.2529296875,2.3671875,0.08570926636457443,0.914290726184845,True
5.1444.N,5.1444,N,Como eu sabia que a gasolina era batizada? Por que quem me atendeu era um frentista.,0,0,1.689453125,-1.8984375,-3.587890625,0.973087728023529,0.026912305504083633,True
4.232.N,4.232,N,Qual é a banda preferida dos desempregados? Linkin Park.,0,1,-0.048736572265625,0.2626953125,0.311431884765625,0.42276525497436523,0.5772347450256348,False
5.1378.H,5.1378,H,Por que eu não faço acupuntura? Porque é a maior furada.,1,1,-0.318603515625,0.7939453125,1.112548828125,0.24739599227905273,0.7526039481163025,True
4.121.H,4.121,H,"Como é que se diz ""fim"" em japonês? Sakabô.",1,0,0.434814453125,-0.324951171875,-0.759765625,0.6813028454780579,0.31869712471961975,False
5.2113.H,5.2113,H,O que você chama de hamster com 3 pernas? Hamputado,1,1,-0.994140625,1.1591796875,2.1533203125,0.10402136296033859,0.8959786295890808,True
5.2059.H,5.2059,H,Qual é o vírus baixa renda? Corote vírus ,1,1,-0.8291015625,1.0126953125,1.841796875,0.13683892786502838,0.8631610870361328,True
5.3287.N,5.3287,N,Qual o ingrediente principal na comida de quem apanhou? RepOlho Roxo.,0,1,-0.0008339881896972656,0.48388671875,0.48472070693969727,0.38113802671432495,0.618861973285675,False
5.3770.H,5.3770,H,Qual é o site de informações criado pelo Chewbacca? Wookieleaks ,1,1,-0.6806640625,0.90625,1.5869140625,0.16981850564479828,0.8301814794540405,True
4.203.H,4.203,H,Comprei uns sapatos com lâmpadas LED na sola. Pode-se dizer que emitem luz solar.,1,0,1.2509765625,-1.60546875,-2.8564453125,0.9456508755683899,0.054349105805158615,False
5.2643.H,5.2643,H,Qual é o nome de um cabeleireiro? Saulão de Beleza.,1,1,-0.9013671875,1.224609375,2.1259765625,0.10659756511449814,0.8934024572372437,True
4.245.H,4.245,H,Que nome se dá a um homem que via mas agora já não vê? Tobias.,1,1,-0.411376953125,0.82861328125,1.239990234375,0.22443769872188568,0.7755623459815979,True
5.481.N,5.481,N,Por que a jogadora de voleibol foi internada no hospício? Porque ela não estava batendo bem.,0,0,2.193359375,-1.7138671875,-3.9072265625,0.980299711227417,0.01970025897026062,True
4.397.N,4.397,N,Porque é que os portugueses emigram para o Canadá? Porque querem.,0,0,1.974609375,-1.54296875,-3.517578125,0.9711838364601135,0.02881619706749916,True
5.3577.H,5.3577,H,Qual doença comum entre os viciados em internet? Youtuberculose.,1,1,-0.01047515869140625,0.57421875,0.5846939086914062,0.3578532338142395,0.6421467065811157,True
4.657.N,4.657,N,O Aníbal foi ao Campeonato do Mundo e apareceu na TV . Ficou conhecido naquele Mundial.,0,0,1.4755859375,-1.228515625,-2.7041015625,0.9372682571411133,0.06273175776004791,True
4.324.N,4.324,N,Quais são as escadas que demoram mais a subir? São as escadas em pedra.,0,0,1.009765625,-1.2197265625,-2.2294921875,0.9028668403625488,0.09713316708803177,True
5.1595.N,5.1595,N,O que acontece quando uma turma de cegos se forma? Um baile de formatura,0,0,2.365234375,-2.33984375,-4.705078125,0.9910320043563843,0.008968054316937923,True
5.1043.N,5.1043,N,Qual é o pokémon da umbanda? O Olorum,0,1,-0.93310546875,1.25390625,2.18701171875,0.10092291980981827,0.8990771174430847,False
5.1641.N,5.1641,N,Qual é a cidade que tem um monte de patos? Pirassununga.,0,0,1.5478515625,-1.8427734375,-3.390625,0.9674102663993835,0.03258974477648735,True
5.778.H,5.778,H,Por que o cara que não fazia exercícios prestou odonto?  Pra ser dentário.,1,0,0.5029296875,0.29052734375,-0.21240234375,0.5529018640518188,0.44709816575050354,False
4.336.H,4.336,H,"Hoje davam chuva só para o continente, mas há bocado passei pelo Lidl e também estava a chover.",1,0,-0.0308990478515625,-0.0933837890625,-0.0624847412109375,0.5156161189079285,0.48438385128974915,False
5.3060.N,5.3060,N,Qual o nome do assassino voador? Drone.,0,0,1.6376953125,-1.8984375,-3.5361328125,0.9716985821723938,0.02830144762992859,True
4.346.N,4.346,N,Que nome se dá a alguém que não acredita nas alterações climáticas? Pessoa teimosa.,0,0,2.046875,-1.9599609375,-4.0068359375,0.9821341633796692,0.017865866422653198,True
4.367.H,4.367,H,Porque é que a Branca de Neve desmaiou ao comer a maçã? Apanhou sidra.,1,1,-0.63330078125,1.0146484375,1.64794921875,0.16138629615306854,0.8386136889457703,True
5.3350.N,5.3350,N,"Por que o time do inferno ganhou o jogo contra o céu? "" Porque a gente batalhou o tempo todo e superamos o melhor de si "".",0,0,1.375,-0.833984375,-2.208984375,0.9010533690452576,0.09894658625125885,True
4.360.H,4.360,H,Porque é que o panado se divorciou? Porque a mulher não servia panada.,1,1,-0.982421875,1.2548828125,2.2373046875,0.09645017981529236,0.9035497903823853,True
