id,pair_id,suffix,text,true_label,predicted_label,logit_non_pun,logit_pun,pun_score,probability_non_pun,probability_pun,correct
4.19.H,4.19,H,O meu baralho de cartas fica doido quando ligo o aspirador. Hoje encontrei o meu ás pirado,1,1,-2.29296875,2.33203125,4.625,0.009708477184176445,0.9902915358543396,True
4.461.N,4.461,N,Porque é que não se serve chá na escola? Por causa do bule.,0,0,0.92919921875,-0.9287109375,-1.85791015625,0.865053117275238,0.1349468231201172,True
5.3868.N,5.3868,N,Qual marca de hotéis virou presidente? Trump.,0,0,3.341796875,-3.197265625,-6.5390625,0.9985561966896057,0.00144375569652766,True
5.1053.H,5.1053,H,Qual filósofo conseguiu virar todas as quatro cadeiras do The Voice? Kant.,1,0,3.306640625,-3.119140625,-6.42578125,0.9983834028244019,0.001616650028154254,False
5.2517.H,5.2517,H,Qual herói da literatura atirava em patos? Duck Shot de la Mancha.,1,1,-1.5693359375,2.00390625,3.5732421875,0.027298586443066597,0.972701370716095,True
4.456.H,4.456,H,"Era uma vez um homem tão pequeno, mas tão pequeno, que não andava de metro. Andava de centímetro.",1,1,-2.056640625,2.330078125,4.38671875,0.012288597412407398,0.9877113699913025,True
5.1050.N,5.1050,N,Qual a serie de anime que louva o tabaco? One Piece.,0,0,3.25390625,-2.837890625,-6.091796875,0.9977437257766724,0.002256239764392376,True
5.360.H,5.360,H,Por que o casal de patos sempre tomam banho quando discutem? Para deixar tudo em patos limpos.,1,1,-2.3359375,2.51171875,4.84765625,0.007785654626786709,0.9922143816947937,True
4.153.H,4.153,H,O que é que as freiras comem ao pequeno almoço? Papa.,1,0,3.486328125,-3.15625,-6.642578125,0.9986979961395264,0.0013019645120948553,False
5.307.H,5.307,H,Qual a inflamação que manja de futebol? O Tite.,1,0,3.30859375,-3.033203125,-6.341796875,0.9982420206069946,0.0017580387648195028,False
5.2531.N,5.2531,N,Por que o Tiger Woods teve que comprar um tanque enorme? Porque ele ganhou um crustáceo.,0,0,2.62109375,-2.32421875,-4.9453125,0.9929336309432983,0.007066401652991772,True
4.473.H,4.473,H,Quem estiver desempregado fale com alguns bebés. Ouvi dizer que dão muito trabalho.,1,0,0.75439453125,-0.626953125,-1.38134765625,0.799207329750061,0.20079262554645538,False
5.2393.H,5.2393,H,Qual é o canal infantil que só transmite batida de carro? Car Tum Network.,1,1,-0.51025390625,0.91357421875,1.423828125,0.19406215846538544,0.8059378266334534,True
5.1441.H,5.1441,H,O que o escorregador falou para o outro? Aqui os ânus passam depressa.,1,1,-2.189453125,2.091796875,4.28125,0.013636834919452667,0.9863631129264832,True
4.38.N,4.38,N,Hoje vi uma empregada do Pingo Doce a marcar o preço nos produtos aos calhas . Ela devia estar só a pressupor os valores.,0,1,-0.66064453125,0.57275390625,1.2333984375,0.2255871742963791,0.7744128704071045,False
5.2110.H,5.2110,H,Em que região do país os casais vivem de libidinagem? Na roça,1,0,2.0625,-1.939453125,-4.001953125,0.9820482730865479,0.01795174553990364,False
5.632.H,5.632,H,A Manuela anda com a foto de São Pedro no carro pra evitar que ele quebre. Por quê? PORQUE A MANU TEM SÃO,1,1,-2.92578125,3.41015625,6.3359375,0.0017683518817648292,0.9982317090034485,True
5.3981.H,5.3981,H,Qual o super herói dono de uma igreja? Homem de Fé rro.,1,1,-3.14453125,3.427734375,6.572265625,0.001396671636030078,0.9986032843589783,True
5.158.H,5.158,H,Qual é o alimento que só pode ser servido em duas mesas de tamanho considerável? Parmesão.,1,0,2.986328125,-2.931640625,-5.91796875,0.9973165392875671,0.0026834397576749325,False
4.535.N,4.535,N,O que é mil vezes melhor do que o Instagram? O Facebook.,0,0,3.146484375,-3.025390625,-6.171875,0.9979169964790344,0.002082970691844821,True
5.2661.N,5.2661,N,Quais as três letras que te perguntam o motivo de tudo? Nenhuma?,0,0,3.29296875,-2.921875,-6.21484375,0.9980044960975647,0.001995538594201207,True
4.540.H,4.540,H,Que carro conduz a professora de matemática? Um 4x4.,1,0,3.005859375,-2.5625,-5.568359375,0.9961977601051331,0.0038022249937057495,False
5.1292.H,5.1292,H,O que o Sam da série Supernatural disse pro irmão quando viu um cara andando com um macaco no ombro? Aladdin.,1,0,2.083984375,-1.94140625,-4.025390625,0.9824568033218384,0.017543187364935875,False
5.794.N,5.794,N,Qual o cantor que sofre de incontinência urinária? Wesley Safadão.,0,0,3.490234375,-3.115234375,-6.60546875,0.9986489415168762,0.0013511208817362785,True
5.3625.H,5.3625,H,Qual a banda que ajuda as pessoas a alcançar a seu destino?  Owazes.,1,0,2.166015625,-1.564453125,-3.73046875,0.9765800833702087,0.023419944569468498,False
5.491.N,5.491,N,Por que o coelho quebrou os dentes ao comer o protetor solar? Porque era duro.,0,0,2.833984375,-2.51953125,-5.353515625,0.9952907562255859,0.004709205590188503,True
5.1598.N,5.1598,N,Qual é o animal que voa no deserto? Abutre.,0,0,3.41796875,-2.96875,-6.38671875,0.9983189702033997,0.001680941553786397,True
4.660.H,4.660,H,"Como se chama um cão sem patas? Não se chama, vai-se buscar.",1,1,-0.380126953125,0.5234375,0.903564453125,0.28831857442855835,0.7116814851760864,True
5.1980.H,5.1980,H,Qual o dispositivo usado pra enxergar melhor uma determinada nota musical? Óculos de Sol ,1,0,3.1015625,-2.68359375,-5.78515625,0.996936559677124,0.0030634168069809675,False
5.1530.N,5.1530,N,"Qual a banda que não pode andar de avião, pois nunca passa na segurança do aeroporto? Cannibal Corpse.",0,0,0.37939453125,-0.283935546875,-0.663330078125,0.6600080132484436,0.339991956949234,True
5.3155.H,5.3155,H,Qual atriz deveria ter feito parte do elenco de Vingadores? Brooke S.H.I.E.L.D,1,1,-2.67578125,3.158203125,5.833984375,0.002917855279520154,0.9970821738243103,True
5.420.N,5.420,N,Qual fruta nasce às margens do Rio Negro? Maçãs.,0,0,3.421875,-3.052734375,-6.474609375,0.9984602928161621,0.0015397267416119576,True
5.1055.N,5.1055,N,Por que não reconheceram o idoso no avião? Porque ele estava usando uma máscara de oxigênio.,0,0,2.66796875,-2.423828125,-5.091796875,0.993890643119812,0.006109410431236029,True
4.573.H,4.573,H,Porque é que os cemitérios têm paredes? Porque as pessoas estão mortinhas por entrar lá dentro.,1,0,0.232666015625,-0.00994873046875,-0.24261474609375,0.5603578686714172,0.439642071723938,False
4.302.H,4.302,H,O que é um tério? São dois cemitérios.,1,0,1.5498046875,-1.44921875,-2.9990234375,0.952530026435852,0.047470010817050934,False
5.2280.H,5.2280,H,Qual é a comida muito apreciada pelos radicais chineses da Al-Qaeda? Bin Lámen ,1,1,-1.328125,1.619140625,2.947265625,0.049865905195474625,0.9501341581344604,True
4.243.H,4.243,H,"O que diz um reboque a afogar-se pela segunda vez? Pronto, socorro...",1,1,-0.46923828125,0.83447265625,1.3037109375,0.21354113519191742,0.7864589095115662,True
5.848.H,5.848,H,Qual personagem da Disney que ninguém gosta? Amarga Rida.,1,1,-3.173828125,3.384765625,6.55859375,0.0014158703852444887,0.9985841512680054,True
5.1908.H,5.1908,H,Qual é a nacionalidade da pessoa apaixonada por um alcoólatra? Amor e Cana ,1,1,-1.548828125,1.740234375,3.2890625,0.03594832122325897,0.9640516638755798,True
4.417.H,4.417,H,Porque é que os daltónicos têm péssima memória? Porque não sabem nada de cor.,1,0,2.0390625,-1.9482421875,-3.9873046875,0.981788158416748,0.018211819231510162,False
5.575.N,5.575,N,Qual a cor do medo? A cor azul.,0,0,2.9765625,-2.630859375,-5.607421875,0.9963428378105164,0.003657096764072776,True
5.489.N,5.489,N,Qual piloto tem pacto com o Diabo? Barrichello.,0,0,3.44921875,-3.32421875,-6.7734375,0.9988574981689453,0.0011424494441598654,True
5.2012.H,5.2012,H,Que apresentador vive tomando Dramin? Rodri Gorfaro ,1,1,-2.259765625,2.109375,4.369140625,0.012503791600465775,0.9874961376190186,True
5.1100.N,5.1100,N,Qual é a regra de matemática preferida dos funkeiros? Regra de três.,0,0,2.888671875,-2.748046875,-5.63671875,0.9964480400085449,0.0035518843214958906,True
5.3955.N,5.3955,N,Que diretor de cinema era radioativo? Jack Thorne.,0,0,3.384765625,-3.166015625,-6.55078125,0.9985730648040771,0.0014269596431404352,True
5.2306.H,5.2306,H,Qual jornalista se especializou em falar de lanche de rua no Rio? Ana Paula Podrão.,1,1,-3.173828125,3.51171875,6.685546875,0.0012472739908844233,0.9987527132034302,True
5.4057.H,5.4057,H,Qual rapper nasceu na Itália? Romano Brown.,1,1,-0.363525390625,0.841796875,1.205322265625,0.2305297702550888,0.7694702744483948,True
5.3163.H,5.3163,H,Por que a pessoa que não melhora de vida não quebra as coisas nunca? Porque tá estrague nada.,1,1,-2.8671875,3.107421875,5.974609375,0.002536047250032425,0.9974639415740967,True
5.3704.N,5.3704,N,Onde o Sílvio conseguiu comprar novelas tão ruins? Na porta da Globo!,0,0,2.5703125,-2.439453125,-5.009765625,0.9933717250823975,0.006628239527344704,True
4.350.N,4.350,N,Que nome se dá a uma sobremesa de bananas? Banana-split,0,1,-2.3984375,2.6875,5.0859375,0.006145091727375984,0.993854820728302,False
5.1896.N,5.1896,N,Qual a figura mitológica mais velha? Adão.,0,0,3.171875,-3.126953125,-6.298828125,0.9981649518013,0.0018350841710343957,True
5.143.H,5.143,H,Qual é o elemento químico mais nervoso que existe? Putássio.,1,1,-2.08984375,2.419921875,4.509765625,0.010881332680583,0.9891186952590942,True
5.693.N,5.693,N,Qual é a bebida que conecta com seu cérebro? Red Bull.,0,0,3.138671875,-2.93359375,-6.072265625,0.9976993203163147,0.002300637774169445,True
4.645.N,4.645,N,"Se um dia te oferecerem uns óculos sem lentes, tem cuidado! Pode ser engano.",0,0,1.9228515625,-1.7568359375,-3.6796875,0.9753900170326233,0.024609927088022232,True
5.1945.H,5.1945,H,Qual é a cerveja preferida dos fazendeiros? A BodeWeiser ,1,1,-1.9306640625,2.2109375,4.1416015625,0.015648599714040756,0.984351396560669,True
5.3578.N,5.3578,N,O que o advogado deixou para os filhos? Seu carro.,0,0,3.40625,-3.041015625,-6.447265625,0.9984176158905029,0.001582341967150569,True
4.223.H,4.223,H,Qual é a sobremesa preferida dos canibais? Pudim fulano.,1,1,-2.333984375,2.56640625,4.900390625,0.007388675585389137,0.9926113486289978,True
5.1542.N,5.1542,N,Por que não é bom guardar o kibe no freezer? Porque lá dentro ele esfria.,0,0,2.123046875,-2.091796875,-4.21484375,0.9854404330253601,0.014559518545866013,True
4.614.H,4.614,H,"Eu morava na Madeira e mudei-me para Ibiza. Isto não foi um trocadilho, mas sim uma trocadilha.",1,0,1.2646484375,-1.1455078125,-2.41015625,0.9175984263420105,0.08240149170160294,False
5.1184.H,5.1184,H,Qual ex-presidente dos Estados Unidos ama fazer obras? Barack Obra Ama.,1,1,-3.298828125,3.583984375,6.8828125,0.0010242064017802477,0.9989758729934692,True
5.2634.N,5.2634,N,Qual a série que expulsa o campo? Seinfeld.,0,0,1.3564453125,-0.77392578125,-2.13037109375,0.8938201665878296,0.10617976635694504,True
5.1705.N,5.1705,N,Qual é a cidade que quer ser um instrumento musical? Cuparaque.,0,1,-0.01175689697265625,0.28955078125,0.30130767822265625,0.42523783445358276,0.5747621655464172,False
5.3665.H,5.3665,H,"O cara reclamou do vaso trincado e a namorada ficou com a boca cheia d'água. Por que? Porque o cara exclamou: Pô, rachou!",1,0,1.5810546875,-1.4619140625,-3.04296875,0.9544779658317566,0.045521996915340424,False
4.320.N,4.320,N,Porque é que a equipa de futebol não tem pena do jogador que foi expulso? Porque é o que fez mais faltas.,0,0,2.19921875,-1.8974609375,-4.0966796875,0.9836441874504089,0.016355833038687706,True
5.2312.N,5.2312,N,Qual é o nome da banda favorita das pessoas cansadas? Capital Inicial,0,0,2.658203125,-2.333984375,-4.9921875,0.9932550191879272,0.006744989659637213,True
5.1486.N,5.1486,N,Qual gata que entrou e logo depois saiu do chat? Bola de Neve.,0,0,3.44140625,-3.154296875,-6.595703125,0.9986355900764465,0.001364361960440874,True
5.3571.N,5.3571,N,Qual personagem não fala muito? Alladin.,0,0,3.02734375,-2.7734375,-5.80078125,0.9969839453697205,0.0030160662718117237,True
5.2029.H,5.2029,H,Como se chama o desenho de alguém que não tem cabelo? Carecatura ,1,1,-2.546875,2.728515625,5.275390625,0.005089917685836554,0.9949100613594055,True
5.560.N,5.560,N,Quais são os piratas que abraçam todo mundo o tempo todo? Os Piratas do Mediterrâneo.,0,0,2.6328125,-2.134765625,-4.767578125,0.9915707111358643,0.008429287001490593,True
5.1053.N,5.1053,N,Qual filósofo conseguiu virar todas as quatro cadeiras do The Voice? Sartre.,0,0,3.40234375,-3.17578125,-6.578125,0.9986114501953125,0.0013885232619941235,True
4.407.H,4.407,H,Que nome se dá a um árabe fofinho? Al-catifa.,1,1,-3.06640625,3.4375,6.50390625,0.0014953382778912783,0.998504638671875,True
4.681.H,4.681,H,"Decidi adotar um Chihuahua. Para quem não sabe, é um animal doméxico.",1,1,-1.009765625,1.37109375,2.380859375,0.08464395999908447,0.9153559803962708,True
5.841.H,5.841,H,Qual escritor sempre usava roupas de frio? Edgar Alã Põe.,1,1,-3.376953125,3.580078125,6.95703125,0.0009510131785646081,0.9990490078926086,True
5.3869.N,5.3869,N,Qual cantora internacional sempre fica em dúvida em questões múltipla escolha? Anastasia.,0,1,-1.0439453125,1.1630859375,2.20703125,0.0991208553314209,0.9008791446685791,False
5.1908.N,5.1908,N,Qual ator é uma bebida? Char Lichia.,0,1,-2.896484375,3.0546875,5.951171875,0.0025960314087569714,0.9974039196968079,False
5.989.N,5.989,N,Qual figura histórica terminou mal seu último relacionamento? John Kennedy.,0,0,3.455078125,-3.23828125,-6.693359375,0.9987624883651733,0.001237579737789929,True
5.2014.N,5.2014,N,Em que parte do casa todos se encontram? Na área de lazer,0,0,3.01953125,-2.91796875,-5.9375,0.997368335723877,0.0026316740550100803,True
5.1816.N,5.1816,N,Qual o primata que vive boiando sozinho no meio do oceano? Gorila.,0,0,3.412109375,-3.083984375,-6.49609375,0.998492956161499,0.0015070487279444933,True
5.2017.N,5.2017,N,Que lei incentiva a espera em estabelecimentos? 8192/1998,0,0,1.3583984375,-1.3984375,-2.7568359375,0.940298318862915,0.059701740741729736,True
5.4059.N,5.4059,N,Qual cantor de Rap nunca chega antes? Mano Brown.,0,0,3.30859375,-2.98046875,-6.2890625,0.9981470108032227,0.0018530595116317272,True
5.1705.H,5.1705,H,Uma família russa sai para viajar no Natal e esquece o filho em casa. Qual é o nome do filme? Esqueceram Dmitri,1,1,-1.2158203125,1.72265625,2.9384765625,0.050283972173929214,0.9497160315513611,True
4.697.H,4.697,H,"Como se diz ""terror"" em japonês? Aikimedu.",1,0,1.1181640625,-0.472412109375,-1.590576171875,0.8306971192359924,0.16930285096168518,False
4.302.N,4.302,N,O que é um tério? É uma classe de mamíferos.,0,0,2.142578125,-1.9150390625,-4.0576171875,0.9830037355422974,0.016996299847960472,True
5.1898.H,5.1898,H,Como chamamos uma convenção de explosivos? Dinameeting ,1,0,0.1431884765625,-0.1317138671875,-0.27490234375,0.5682960748672485,0.43170395493507385,False
3.2.H,3.2,H,O que o martelo foi fazer no culto? Pregar.,1,0,2.673828125,-2.6875,-5.361328125,0.9953272342681885,0.004672730341553688,False
5.2988.N,5.2988,N,Qual microorganismo é sempre passado pra trás? Vírus.,0,0,3.3046875,-2.99609375,-6.30078125,0.9981684684753418,0.0018315102206543088,True
4.228.N,4.228,N,Como é que um brasileiro pede licença a um francês? Sai-me do caminho!,0,0,0.58837890625,-0.477783203125,-1.066162109375,0.7438663840293884,0.25613364577293396,True
5.3469.H,5.3469,H,Qual atriz brasileira na verdade é um travesti? Marina é Ruy Barbosa.,1,1,-0.2178955078125,0.1031494140625,0.321044921875,0.42042112350463867,0.5795788764953613,True
5.743.N,5.743,N,Como se chamava o camponês que era forçado por um nobre a perseguir um ex-vocalista da Banda Eva? Jonas.,0,0,3.32421875,-2.845703125,-6.169921875,0.9979129433631897,0.0020870345178991556,True
5.3820.N,5.3820,N,"A menina dormiu muito, qual o nome do filme? Alice no país das maravilhas.",0,0,2.685546875,-2.5078125,-5.193359375,0.9944773316383362,0.005522650200873613,True
4.102.N,4.102,N,O que é um leitão? Um porco que é ainda novo.,0,0,2.00390625,-1.9658203125,-3.9697265625,0.9814712405204773,0.01852879673242569,True
5.393.N,5.393,N,Qual apresentador tinha um pequeno sítio? Faustão,0,0,3.56640625,-3.212890625,-6.779296875,0.9988642930984497,0.0011357826879248023,True
4.472.N,4.472,N,Qual é a fruta mais comum nos churrascos? É o abacaxi.,0,0,2.931640625,-2.77734375,-5.708984375,0.9966949224472046,0.0033050791826099157,True
5.1375.N,5.1375,N,"O que o espermatozoide falou para o óvulo? "" Deixa eu morar com você? Minha casa é um testículo . """,0,1,-2.240234375,2.5625,4.802734375,0.008140463382005692,0.991859495639801,False
5.1816.H,5.1816,H,Qual comediante é sempre o primeiro? Diego The First,1,0,0.1842041015625,-0.01331329345703125,-0.19751739501953125,0.5492194294929504,0.45078057050704956,False
5.131.N,5.131,N,Qual cantora não é minha? Sia.,0,0,3.2890625,-3.171875,-6.4609375,0.9984391331672668,0.001560889300890267,True
5.529.N,5.529,N,Qual zíper abre e fecha sem parar? O Ziper bom.,0,1,-3.103515625,3.302734375,6.40625,0.0016484830994158983,0.9983515739440918,False
5.1421.N,5.1421,N,Qual é o inseto que pode ser usado como forma de pagamento? Aranha.,0,0,3.3515625,-3.087890625,-6.439453125,0.9984052777290344,0.0015947326319292188,True
5.3740.N,5.3740,N,"O que o Galvão disse quando viu um juíz retirar um jogador do campo? "" Eeergue o braço...""",0,1,-2.900390625,3.046875,5.947265625,0.0026061655953526497,0.9973938465118408,False
4.638.N,4.638,N,"O amor é como um jogo de sueca . Ou se tem um bom parceiro, ou o melhor mesmo é ter uma boa carta.",0,1,-1.21484375,1.115234375,2.330078125,0.08866234868764877,0.911337673664093,False
5.2549.N,5.2549,N,Qual mercado vende lagarto? Extra.,0,0,1.951171875,-2.083984375,-4.03515625,0.982624351978302,0.017375662922859192,True
5.2306.N,5.2306,N,Qual jornalista se especializou em falar de lanche de rua no Rio? Márcio Canuto.,0,0,2.56640625,-2.322265625,-4.888671875,0.9925249218940735,0.007475120481103659,True
5.3377.H,5.3377,H,Qual deputado curte garotos novos? Kim cata guri.,1,1,-2.974609375,3.07421875,6.048828125,0.0023550675250589848,0.9976449608802795,True
4.506.H,4.506,H,Em 2018 não corri. Em 2019 não corri. Em 2020 não corri. Em 2021 ainda não corri. Esta piada não correu bem.,1,0,0.1939697265625,-0.57861328125,-0.7725830078125,0.6840793490409851,0.3159206211566925,False
5.101.N,5.101,N,Qual é o filme protagonizado por Jim Carrey e um cigarro? Debi e Lóide.,0,1,-2.95703125,3.267578125,6.224609375,0.001976184081286192,0.9980238676071167,False
5.4090.N,5.4090,N,Qual a sobremesa mais rica que existe? Torta de Ameixa.,0,0,2.63671875,-2.541015625,-5.177734375,0.9943909049034119,0.005609131883829832,True
5.176.H,5.176,H,Como o pessoal do Street Fighter comemora o Réveillon? De roupa Blanka.,1,1,-1.076171875,1.509765625,2.5859375,0.07004895806312561,0.929951012134552,True
5.3087.N,5.3087,N,Qual remédio é bom pra rir dormindo? Rivotril.,0,0,2.228515625,-2.283203125,-4.51171875,0.9891397356987,0.010860332287847996,True
5.3820.H,5.3820,H,"A menina dormiu muito, qual o nome do filme? A sleep no país das maravilhas.",1,0,0.6748046875,-0.841796875,-1.5166015625,0.8200374841690063,0.17996248602867126,False
5.3949.H,5.3949,H,Qual a atriz mais perfumada que existe? Joana Avon.,1,1,-2.912109375,3.25,6.162109375,0.0021033689845353365,0.9978965520858765,True
5.2012.N,5.2012,N,Que apresentador vive tomando Dramin? Rodrigo Faro,0,0,3.404296875,-3.19140625,-6.595703125,0.9986355900764465,0.001364361960440874,True
4.473.N,4.473,N,Quem estiver desempregado fale com alguns empresários da restauração . Ouvi dizer que têm falta de trabalhadores.,0,0,0.998046875,-1.0888671875,-2.0869140625,0.8896247744560242,0.11037521809339523,True
5.2751.H,5.2751,H,Qual aviamento não para quieto? Os Zíper Ativos,1,1,-2.986328125,3.33203125,6.318359375,0.0017996544484049082,0.9982002973556519,True
5.1405.N,5.1405,N,Qual é o personagem da Marvel que usa rastafari? Pantera Negra.,0,0,3.16015625,-2.7734375,-5.93359375,0.9973580241203308,0.0026419467758387327,True
5.1708.N,5.1708,N,Qual é a capacidade do pendrive de um baiano? Um Tera.,0,1,-3.0078125,3.482421875,6.490234375,0.0015158916357904673,0.9984840750694275,False
5.1158.N,5.1158,N,Qual o presidente que foi beber água e não achou nada? Collor.,0,0,3.306640625,-3.078125,-6.384765625,0.9983158111572266,0.0016842226032167673,True
5.595.N,5.595,N,O que a rainha come de manhã? Requeijão.,0,1,-1.693359375,1.8525390625,3.5458984375,0.028034118935465813,0.9719659090042114,False
5.1767.H,5.1767,H,Por que é irônico ter um táxi em Far Cry? Porque é um jogo da Ubersoft. ,1,0,0.50048828125,-0.64501953125,-1.1455078125,0.7586894631385803,0.24131056666374207,False
5.2324.H,5.2324,H,Por que os países da Europa vivem bagunçados? Por causa da Zona do Euro.,1,0,2.40625,-2.28515625,-4.69140625,0.9909096360206604,0.009090384468436241,False
5.3477.H,5.3477,H,Qual o monumento mais sujo de Londres? Pig Ben.,1,1,-3.12890625,3.1484375,6.27734375,0.0018748616566881537,0.9981251358985901,True
5.2347.N,5.2347,N,Qual nome se dá quando cai uma parte de um estádio? Tragédia.,0,0,3.21484375,-2.828125,-6.04296875,0.9976310729980469,0.0023688741493970156,True
5.202.N,5.202,N,Por que o Sílvio Santos só entra em casa depois que o olho dele é escaneado? Porque a porta só abre com reconhecimento de Íris.,0,1,-2.005859375,2.462890625,4.46875,0.011331753805279732,0.9886682629585266,False
5.2960.N,5.2960,N,Por que nenhum avião conseguia aterrizar direito? Porque estavam aterrissando no meio da tempestade.,0,0,2.212890625,-1.9697265625,-4.1826171875,0.98497074842453,0.015029196627438068,True
5.1921.H,5.1921,H,Por que o jardineiro tira a roupa quando põe sabão no jardim? Porque ele gosta desse cu regar! ,1,1,-2.71484375,3.12109375,5.8359375,0.002912178635597229,0.9970878958702087,True
5.1156.N,5.1156,N,"Qual o personagem que não faz questão de estar certo o tempo todo? Romeu, do Romeu e Julieta.",0,0,2.654296875,-2.6640625,-5.318359375,0.9951230883598328,0.004876886494457722,True
5.776.H,5.776,H,O que o Pelé sente na pele? Peleconceito.,1,1,-2.89453125,3.265625,6.16015625,0.0021074723917990923,0.9978925585746765,True
4.58.H,4.58,H,O que são cinco pontos coloridos num jardim? São os Flower Rangers.,1,0,2.46875,-2.06640625,-4.53515625,0.9893885254859924,0.010611421428620815,False
5.3535.H,5.3535,H,Por que a empresária tomou sal de frutas? Porque ela era má de gestão.,1,0,1.943359375,-2.013671875,-3.95703125,0.9812389612197876,0.018761085346341133,False
5.4.H,5.4,H,Qual é o sabor da bala preferida da galera do hospício? Dementos.,1,1,-3.076171875,3.44140625,6.517578125,0.0014750633854418993,0.9985249638557434,True
5.3762.N,5.3762,N,Qual é o jogador de futebol que sempre se protege do sol? Ronaldinho,0,0,3.412109375,-3.017578125,-6.4296875,0.998389720916748,0.0016103575471788645,True
5.651.N,5.651,N,Qual ator de Hollywood tem a melhor mira do mundo? O Sylvester Stallone.,0,0,3.390625,-3.033203125,-6.423828125,0.998380184173584,0.0016198053490370512,True
5.3172.N,5.3172,N,Onde a vaca compra ovo de Páscoa? Na Cacau show.,0,0,2.462890625,-2.30078125,-4.763671875,0.9915380477905273,0.008461997844278812,True
5.1708.H,5.1708,H,Qual cantora é muito aérea? Dua Pipa.,1,0,1.0546875,-0.87158203125,-1.92626953125,0.8728359341621399,0.1271640658378601,False
5.2671.N,5.2671,N,Qual o romano mais malhado que houve? Pôncio Pilates.,0,1,-3.171875,3.453125,6.625,0.001325022429227829,0.9986749291419983,False
4.470.N,4.470,N,Porque é que o mar é grande? Porque os peixes fazem blue...blue...blue ...,0,1,-0.053863525390625,0.425537109375,0.479400634765625,0.38239365816116333,0.6176062822341919,False
4.56.N,4.56,N,Porque é que os contabilistas são bons a fazer contas? Porque tabuada é com eles.,0,1,-1.6767578125,1.6875,3.3642578125,0.033431362360715866,0.9665687084197998,False
5.2310.N,5.2310,N,Qual pessoa sempre cria caso por nada durante o casamento? Dama de honra,0,0,3.15234375,-3.02734375,-6.1796875,0.9979332685470581,0.0020667945500463247,True
5.3736.H,5.3736,H,Qual clube campeão da Libertadores consegue segurar bebês gêmeos? Colo-Colo.,1,0,2.4453125,-2.005859375,-4.451171875,0.988469660282135,0.01153038814663887,False
5.3251.H,5.3251,H,"Por que Fernando foi preso por matar, e Gonçalves não? Porque matam coisas diferentes: Gonçalves Dias, e o Fernando Pessoas.",1,1,-2.603515625,2.439453125,5.04296875,0.0064131636172533035,0.9935867786407471,True
5.1685.H,5.1685,H,"Toda vez que um rapaz entrava no banheiro, ouvia-se o som de um pintinho. Qual o nome do filme? O homem que o cu piava.",1,1,-1.640625,2.013671875,3.654296875,0.02522682398557663,0.974773108959198,True
1.6.N,1.6,N,"Você sabe qual é a montanha mais alta de todas? O vulcão . Porque primeiro solta cinzas . E depois, lava.",0,0,2.609375,-2.416015625,-5.025390625,0.9934738278388977,0.006526149343699217,True
5.1428.N,5.1428,N,Qual parte do carro inibe os efeitos da maconha? O ventilador.,0,0,2.8203125,-2.62890625,-5.44921875,0.995718777179718,0.004281254485249519,True
4.420.N,4.420,N,Porque é que a Joana foi à farmácia? Foi comprar creme para os pontos negros.,0,1,-0.47998046875,0.384521484375,0.864501953125,0.29639962315559387,0.7036004066467285,False
5.2030.H,5.2030,H,Qual o canal infantil favorito dos peixes trabalhadores? Atum Network ,1,0,0.353759765625,0.0556640625,-0.298095703125,0.573976993560791,0.42602306604385376,False
4.637.N,4.637,N,O que faz uma pessoa surda? Finge que ouve.,0,0,2.484375,-2.294921875,-4.779296875,0.9916681051254272,0.008331900462508202,True
4.201.N,4.201,N,Era uma vez uma cidade onde quase todas as motos eram Yamaha . Qual é o filme? Pocahontas.,0,1,-2.53515625,2.7578125,5.29296875,0.005001672077924013,0.9949983358383179,False
5.979.N,5.979,N,Qual doce causa vômito em crianças latinas? Enjoa niña.,0,1,-2.291015625,2.74609375,5.037109375,0.006450607907027006,0.9935494065284729,False
5.802.H,5.802,H,Qual cantora sempre pede livros infantis? Demi Lobato,1,1,-2.25390625,2.712890625,4.966796875,0.006917242426425219,0.9930827617645264,True
5.655.N,5.655,N,Por que a manicure ficou milionária? Porque acertou na Mega Sena.,0,0,2.984375,-2.732421875,-5.716796875,0.9967206120491028,0.0032794433645904064,True
5.101.H,5.101,H,Qual é o filme protagonizado por Jim Carrey e um cigarro? Derby & Lóide.,1,1,-3.18359375,3.5078125,6.69140625,0.0012399960542097688,0.9987599849700928,True
5.2647.N,5.2647,N,Qual apresentador é o mais duas caras? Luciano Huck.,0,0,3.3984375,-3.2109375,-6.609375,0.9986541271209717,0.0013458604225888848,True
5.3832.H,5.3832,H,Qual o animal que ninguém liga? Irrelefante.,1,1,-3.294921875,3.44921875,6.744140625,0.0011763748480007052,0.9988235831260681,True
5.2808.N,5.2808,N,Porque Jesus não está no Tinder? Ele está com um crucifixo,0,0,2.185546875,-1.83203125,-4.017578125,0.9823216199874878,0.01767834834754467,True
4.696.N,4.696,N,"Acabei de comprar um livro chamado "" Caminhadas para Totós "" . É um guia para passear a pé.",0,0,0.72412109375,-0.453125,-1.17724609375,0.7644522786140442,0.2355477213859558,True
5.682.N,5.682,N,Qual é o nome de menino mais escolhido pelos pais nos Estados Unidos? Tim.,0,0,2.65625,-2.22265625,-4.87890625,0.992452085018158,0.0075479238294065,True
5.411.H,5.411,H,Qual é o ingrediente que chega sempre atrasado na geladeira? O leite.,1,0,3.12109375,-2.86328125,-5.984375,0.9974884986877441,0.002511463360860944,False
5.1525.H,5.1525,H,Por que o cavalo sempre ejacula antes de ficar puto? Porque ele tem ejaculação pré-coice.,1,1,-2.21484375,2.1875,4.40234375,0.012100384570658207,0.9878996014595032,True
4.365.N,4.365,N,"Como é que se diz "" naufrágio "" em chinês? Help.",0,1,0.01094818115234375,0.29541015625,0.28446197509765625,0.42936018109321594,0.5706398487091064,False
5.3645.N,5.3645,N,Qual é o desenho onde o personagem principal só consegue dinheiro em outro planeta? Pato Donald.,0,0,3.453125,-3.109375,-6.5625,0.9985895752906799,0.0014103582361713052,True
4.63.H,4.63,H,O que é que se faz num velório de lésbicas? Um minete de silêncio.,1,1,-0.265869140625,0.275390625,0.541259765625,0.36789458990097046,0.6321054100990295,True
5.1325.H,5.1325,H,O que aconteceu quando o policial olhou no espelho? O polícia se viu.,1,0,2.62890625,-2.419921875,-5.048828125,0.9936240911483765,0.006375935859978199,False
5.1373.N,5.1373,N,O que um álcool resmungou para o outro? Etanois.,0,0,2.890625,-2.88671875,-5.77734375,0.9969125986099243,0.003087369492277503,True
4.281.N,4.281,N,Porque é que a galinha fez um striptease na capoeira? Para chocar os galos.,0,1,-0.8974609375,0.552734375,1.4501953125,0.18997150659561157,0.8100284934043884,False
5.2600.N,5.2600,N,Qual é o arroz que vem mais juntinho? Gohan.,0,1,-1.525390625,1.82421875,3.349609375,0.03390796110033989,0.966092050075531,False
5.888.N,5.888,N,O que é bom para miopia? Óculos.,0,0,2.890625,-2.833984375,-5.724609375,0.9967459440231323,0.0032540052197873592,True
4.618.H,4.618,H,Ninguém espera por mim. Mas o Jack Sparrow.,1,1,-2.013671875,2.20703125,4.220703125,0.014475689269602299,0.9855242371559143,True
5.3297.N,5.3297,N,Que apresentador guarda arquivos de voz dos convidados? Sílvio Santos.,0,0,3.509765625,-3.302734375,-6.8125,0.9989012479782104,0.001098731067031622,True
5.2358.H,5.2358,H,Por que um clube argentino de futebol não pôde mais fazer refresco? Porque acabou cajuniors.,1,1,-3.279296875,3.51953125,6.798828125,0.001113839098252356,0.9988861680030823,True
5.1063.H,5.1063,H,Qual a cidade que paga um valor fixo pra todo mundo? Cachês do Sul.,1,1,-2.904296875,3.30078125,6.205078125,0.002015082398429513,0.9979848861694336,True
4.712.H,4.712,H,Porque é que nunca se deve separar o pau da vassoura? Porque depois para encontrá-lo é o cabo dos trabalhos.,1,1,-1.2861328125,1.3857421875,2.671875,0.06465348601341248,0.9353464841842651,True
4.205.N,4.205,N,Que barulho faz um relógio feito no México? Tic Tac.,0,0,1.5234375,-1.2080078125,-2.7314453125,0.938856840133667,0.06114313751459122,True
4.432.N,4.432,N,"Um homem tentou comer 1000 passas, mas chegou às 999 e desistiu . Qual é o filme? Mil passas.",0,0,2.5390625,-2.369140625,-4.908203125,0.9926683902740479,0.007331598084419966,True
5.2080.H,5.2080,H,O que o nutricionista recomendou pra Sandy quando ela revelou seus desejos? Sandy Wishes ,1,0,0.341064453125,-0.1220703125,-0.463134765625,0.6137576103210449,0.38624244928359985,False
5.110.H,5.110,H,Qual ferramenta irá proteger a todos? Chave defenda.,1,1,-3.314453125,3.521484375,6.8359375,0.0010733063099905849,0.9989266991615295,True
5.2434.H,5.2434,H,Qual o contrário de salmão? Açucar Pé.,1,1,-3.431640625,3.43359375,6.865234375,0.0010423501953482628,0.998957633972168,True
5.2213.H,5.2213,H,O que se deve dizer pro professor de geometria esquerdista? Vai pra cubo ,1,1,-2.552734375,2.78515625,5.337890625,0.004783010110259056,0.995216965675354,True
4.295.H,4.295,H,Os termómetros foram festejar o início do verão. A festa foi na casa dos 30 graus.,1,1,-1.9248046875,1.94921875,3.8740234375,0.020351815968751907,0.9796481728553772,True
5.283.H,5.283,H,O que o coveiro disse quando pediram a ele para gerenciar o cemitério? Isso não é da minha ossada.,1,1,-0.302490234375,0.1982421875,0.500732421875,0.3773685693740845,0.6226314902305603,True
5.317.H,5.317,H,Qual banda é formada por um padre? É o Tchan! Com Padre Washington.,1,0,1.5625,-1.3740234375,-2.9365234375,0.9496226906776428,0.05037733167409897,False
5.781.H,5.781,H,Qual cantor eu quero que repare em mim? Cesar Menote.,1,1,-2.736328125,3.20703125,5.943359375,0.002616339363157749,0.9973836541175842,True
5.1050.H,5.1050,H,Qual a serie de anime que louva o tabaco? Charuto.,1,1,-1.3916015625,1.9970703125,3.388671875,0.0326513797044754,0.967348575592041,True
5.1851.H,5.1851,H,Quem foi a primeira personalidade a mandar mensagem de texto? Torpedro I.,1,1,-3.02734375,3.423828125,6.451171875,0.0015761827817186713,0.9984238147735596,True
5.1475.H,5.1475,H,Qual pico mais gelado que existe? O pico lé.,1,1,-2.96875,3.203125,6.171875,0.002082970691844821,0.9979169964790344,True
4.90.H,4.90,H,"Como é que se diz ""copia bem"" em inglês? Copyright.",1,0,0.97119140625,-0.7412109375,-1.71240234375,0.8471475839614868,0.1528523713350296,False
5.2634.H,5.2634,H,Qual a série que expulsa o campo? Saifield.,1,1,-1.4697265625,1.7236328125,3.193359375,0.03941638767719269,0.9605836272239685,True
5.1373.H,5.1373,H,O que um álcool falou para o outro? Etanois.,1,0,3.009765625,-3.08203125,-6.091796875,0.9977437257766724,0.002256239764392376,False
5.267.N,5.267,N,Por que toda mulher quer se casar com um sabão em pó de 20 quilos? Porque é um sabão muito eficiente.,0,0,2.1640625,-1.9482421875,-4.1123046875,0.983893632888794,0.016106342896819115,True
5.849.N,5.849,N,Por que a namorada do Mickey quando não está bem começa a tirar as coisas? Porque ela é Minnie Má Lista.,0,1,-3.236328125,3.533203125,6.76953125,0.0011469158343970776,0.9988530874252319,False
5.2349.N,5.2349,N,Qual é o esporte preferido pelos gaúchos? Basquete.,0,0,3.099609375,-2.73046875,-5.830078125,0.9970707893371582,0.0029292418621480465,True
5.928.N,5.928,N,Qual o jogo favorito do mágico? Boliche,0,0,3.125,-2.8515625,-5.9765625,0.9974689483642578,0.0025311114732176065,True
4.501.H,4.501,H,Quais são os apelidos mais comuns dos estafetas da Uber Eats? Passos Dias Aguiar Mota.,1,1,-2.751953125,3.00390625,5.755859375,0.003154205856844783,0.9968457818031311,True
4.445.N,4.445,N,De que material são compostas as pedras nos rins? De xisto.,0,0,2.869140625,-2.611328125,-5.48046875,0.9958499670028687,0.00415008096024394,True
5.806.N,5.806,N,"Em qual época o Brasileiro foi mais magro? Na época do movimento "" Caras Pintadas "".",0,0,1.65234375,-1.6669921875,-3.3193359375,0.9650862812995911,0.03491377830505371,True
5.1256.H,5.1256,H,Como se chama a modalidade em que seis filósofos tem que nadar seis estilos diferentes? Só seis que nadam seis.,1,1,-1.458984375,1.767578125,3.2265625,0.03817827254533768,0.9618217349052429,True
4.566.N,4.566,N,Porque é que os lutadores praticam boxe? Porque há um assalto a cada 3 minutos.,0,0,2.501953125,-2.12109375,-4.623046875,0.9902727007865906,0.00972727220505476,True
5.3869.H,5.3869,H,"Qual cantora internacional sempre fica em dúvida em questões múltipla escolha? A, B ou C (A Beyoncé).",1,1,-0.1639404296875,0.282958984375,0.4468994140625,0.3900982141494751,0.6099017858505249,True
4.222.H,4.222,H,Que nome se dá à diarreia de um vegan? Rebento de soja.,1,1,-2.23828125,2.380859375,4.619140625,0.009764972142875195,0.9902350902557373,True
5.529.H,5.529,H,Qual zíper abre e fecha sem parar? O Ziperativo.,1,1,-3.142578125,3.533203125,6.67578125,0.001259498530998826,0.9987404942512512,True
5.3658.N,5.3658,N,Qual comediante se formou em uma escola agrotécnica? Rony Rios,0,0,2.560546875,-2.322265625,-4.8828125,0.9924813508987427,0.007518718484789133,True
5.2491.N,5.2491,N,Qual é a dupla sertaneja favorita dos velhos? Leandro e Leonardo.,0,0,3.013671875,-2.810546875,-5.82421875,0.9970536231994629,0.0029464049730449915,True
5.435.N,5.435,N,Qual animal vive no esteticista? O homem.,0,0,3.53125,-3.21484375,-6.74609375,0.9988259673118591,0.0011740822810679674,True
4.697.N,4.697,N,"Como se diz "" terror "" em japonês? Hora.",0,0,1.76953125,-1.2509765625,-3.0205078125,0.9534921050071716,0.046507950872182846,True
5.1001.N,5.1001,N,"O filho pediu para o pai levá-lo para ver boosa nova e o pai concordou . Qual é o nome da música? "" Eu sei que vou te amar...""",0,0,2.029296875,-1.66796875,-3.697265625,0.9758085012435913,0.024191483855247498,True
5.1733.N,5.1733,N,Qual o tipo de conexão que não funciona no elevador? Internet fibra ótica.,0,0,1.548828125,-1.2353515625,-2.7841796875,0.9418148994445801,0.05818508565425873,True
5.3986.N,5.3986,N,Por que o bebê demorou muito pra nascer? Porque é demorado.,0,0,2.98828125,-2.703125,-5.69140625,0.9966365098953247,0.0033634924329817295,True
5.3086.H,5.3086,H,Qual o nome do filho do Mc Kevinho? MC Kessuco.,1,1,-0.0826416015625,0.60400390625,0.6866455078125,0.3347797095775604,0.6652202606201172,True
5.2017.H,5.2017,H,Que lei incentiva a espera em estabelecimentos? Lei Maria da Senha ,1,0,1.0576171875,-0.85400390625,-1.91162109375,0.8712011575698853,0.12879884243011475,False
4.243.N,4.243,N,O que diz um reboque a afogar-se pela segunda vez? Socorro ...,0,1,-1.3896484375,1.8310546875,3.220703125,0.0383940190076828,0.961605966091156,False
4.318.H,4.318,H,Vira-se um guitarrista para um baixista: Então o que fazes aqui por estas bandas?,1,0,2.265625,-1.962890625,-4.228515625,0.9856352806091309,0.014364656060934067,False
5.1110.N,5.1110,N,"O que o psicanalista adora dizer no meio do sexo? Vai, me fode.",0,1,-1.271484375,1.888671875,3.16015625,0.04069295525550842,0.959307074546814,False
5.2272.H,5.2272,H,De qual país eu aceitei um chiclete? Mandamascar,1,1,-2.033203125,2.240234375,4.2734375,0.013742320239543915,0.9862577319145203,True
4.418.H,4.418,H,"Qual é o masculino de ""tábua""? Eu até dizia, mas é tabu.",1,0,1.669921875,-1.599609375,-3.26953125,0.9633685946464539,0.03663136810064316,False
5.758.H,5.758,H,Qual o chá que ninguém gosta? Chato.,1,0,2.681640625,-2.52734375,-5.208984375,0.994562566280365,0.005437495652586222,False
5.3990.N,5.3990,N,Qual o comediante que o pessoal sempre pedia pra falar mais alto na hora do show? Jerry  Seinfeld.,0,0,2.197265625,-1.859375,-4.056640625,0.9829874038696289,0.01701262593269348,True
5.2058.H,5.2058,H,Como você chama um droid pirata? Arrrr2-D2 ,1,1,-2.7734375,2.681640625,5.455078125,0.004256349056959152,0.9957436919212341,True
5.1001.H,5.1001,H,"O filho pediu para o pai levá-lo para ver tartarugas e o pai concordou. Qual é o nome da música? ""Eu sei que vou Tamar...""",1,1,-2.109375,2.25,4.359375,0.012624949216842651,0.987375020980835,True
4.202.N,4.202,N,"Como é que se diz "" sexo "" em árabe? Aljins.",0,1,-0.42578125,0.56494140625,0.99072265625,0.2707693576812744,0.7292305827140808,False
5.1570.H,5.1570,H,"Uma pessoa com o apelido Lu, foi para a padaria com suas duas irmãs Ana. Qual o nome da pessoa? Lu sem Anas",1,1,-3.232421875,3.3359375,6.568359375,0.001402130350470543,0.9985979199409485,True
4.105.N,4.105,N,Recementecemente foi descoberta uma nova doença na China . Parece que se espalha com muita facilidade.,0,0,1.828125,-1.501953125,-3.330078125,0.9654463529586792,0.03455362468957901,True
5.2351.H,5.2351,H,Qual é o árbitro que expulsa as pessoas e elas nunca mais podem voltar? O BANdeirinha.,1,1,-2.99609375,3.451171875,6.447265625,0.001582341967150569,0.9984176158905029,True
5.1818.H,5.1818,H,Em que colocação ficou o diabo? Quintos dos infernos,1,1,-2.34765625,2.203125,4.55078125,0.01044862624257803,0.9895513653755188,True
4.324.H,4.324,H,Quais são as escadas que demoram mais a subir? São as escadas em caracol.,1,1,0.0006012916564941406,0.04437255859375,0.04377126693725586,0.4890589714050293,0.5109410881996155,True
5.378.H,5.378,H,Qual remédio pode ser comprado na padaria? O Buscoupão,1,1,-2.70703125,3.068359375,5.775390625,0.0030933863017708063,0.996906578540802,True
5.240.H,5.240,H,O Continente nao estava se sentindo bem. O que ele tinha? Ásia.,1,0,2.763671875,-2.51953125,-5.283203125,0.994949460029602,0.005050507839769125,False
5.3484.N,5.3484,N,Qual orixá vive no gelo? Inupiat.,0,1,-2.44140625,2.72265625,5.1640625,0.005685906857252121,0.9943140745162964,False
5.3172.H,5.3172,H,Onde a vaca compra ovo de Páscoa? Na cowcow show.,1,0,1.53125,-1.5380859375,-3.0693359375,0.9556099772453308,0.044389985501766205,False
4.490.N,4.490,N,Há 10 tipos de pessoas no mundo . As que percebem de números decimais e as que não percebem.,0,0,2.310546875,-2.107421875,-4.41796875,0.9880849719047546,0.011915021575987339,True
4.23.N,4.23,N,Que nome se dá a um cão que adivinha o futuro? Vidente.,0,1,-0.1900634765625,0.40478515625,0.5948486328125,0.35552313923835754,0.6444768905639648,False
5.2056.N,5.2056,N,Qual é o jogo da pessoa gripada? Overcooked,0,1,-0.30859375,0.357177734375,0.665771484375,0.3394443690776825,0.6605556607246399,False
5.421.N,5.421,N,Qual a banda que te pede para parar carinhosamente? NXZero.,0,1,0.1005859375,0.356689453125,0.256103515625,0.43632176518440247,0.5636782050132751,False
5.1292.N,5.1292,N,O que o Sam da série Supernatural disse pro irmão quando viu um cara andando com um macaco no ombro? Olha lá.,0,0,2.904296875,-2.60546875,-5.509765625,0.995969295501709,0.004030743148177862,True
5.315.N,5.315,N,Sabem qual árvore está conectada à internet? Da montanha.,0,0,2.673828125,-2.4453125,-5.119140625,0.99405437707901,0.00594559870660305,True
5.1335.N,5.1335,N,Qual é o youtuber que mais economiza na luz? O Whindersson Nunes.,0,1,-2.966796875,3.0078125,5.974609375,0.002536047250032425,0.9974639415740967,False
5.2751.N,5.2751,N,Qual aviamento não para quieto? Os botões,0,0,2.591796875,-2.423828125,-5.015625,0.9934101700782776,0.006589770782738924,True
5.470.H,5.470,H,Qual personagem do programa do Bozo vivia cheio de fungo? A Vovó Mofada.,1,0,1.8994140625,-1.5068359375,-3.40625,0.9678993225097656,0.032100703567266464,False
5.1661.H,5.1661,H,Qual é o desenho favorito do Michael Jackson? Smurf Criminal.,1,1,-1.4267578125,1.75390625,3.1806640625,0.03989988937973976,0.9601001143455505,True
5.941.H,5.941,H,Qual é a cantora que tem pau pequeno? Ana Caralinha.,1,1,-2.7890625,3.248046875,6.037109375,0.0023827620316296816,0.9976171851158142,True
5.4015.N,5.4015,N,Qual o questionamento infantil quando só tem macarrão e alho? Onde está o óleo.,0,0,2.5546875,-2.302734375,-4.857421875,0.9922893643379211,0.007710576057434082,True
5.3587.H,5.3587,H,Qual o jogo que o Mussum inventou? Tretis. Porque seria muita treta jogar.,1,0,1.328125,-0.98291015625,-2.31103515625,0.9097868800163269,0.09021314978599548,False
4.204.N,4.204,N,Como é que os drogados espirram? Achim!,0,1,-2.740234375,2.873046875,5.61328125,0.003635808825492859,0.996364176273346,False
4.435.N,4.435,N,"Como é que se diz "" médico estagiário "" em japonês? Kenshui",0,0,1.9443359375,-1.2333984375,-3.177734375,0.9599877595901489,0.04001227021217346,True
5.806.H,5.806,H,"Em qual época o Brasileiro foi mais magro? Na época do movimento ""Dietas Já"".",1,0,1.853515625,-1.83203125,-3.685546875,0.9755303859710693,0.02446967177093029,False
5.1657.N,5.1657,N,Qual é a lanchonete favorita dos góticos? KFC.,0,0,2.646484375,-2.306640625,-4.953125,0.9929881691932678,0.007011794485151768,True
5.232.H,5.232,H,Qual é o perfume do zagueiro ruim? Mal beque.,1,1,-3.10546875,3.53125,6.63671875,0.0013096056645736098,0.9986904263496399,True
5.1825.H,5.1825,H,Qual é o jogador de futebol mais míope? Quasimiro,1,1,-2.587890625,2.810546875,5.3984375,0.004503272473812103,0.9954967498779297,True
5.2058.N,5.2058,N,Como você chama um droid pirata? R2-D2,0,1,-1.44140625,1.5751953125,3.0166015625,0.0466814786195755,0.9533185362815857,False
5.489.H,5.489,H,Qual piloto tem pacto com o Diabo? Exumacher.,1,1,-2.068359375,2.11328125,4.181640625,0.015043660998344421,0.9849563241004944,True
5.3377.N,5.3377,N,Qual deputado curte garotos novos? Nicolas Ferreira.,0,0,1.0380859375,-0.83984375,-1.8779296875,0.8673731684684753,0.13262686133384705,True
4.640.H,4.640,H,Acabou de ser encontrado no Egipto um sarcófago dourado com uma múmia coberta de chocolate e avelãs. Acredita-se que pertença ao Faraó Rocher.,1,1,-1.5390625,1.4423828125,2.9814453125,0.04827118292450905,0.9517288208007812,True
5.234.N,5.234,N,Por que o pai de santo doou as calças? PORQUE É DANDO QUE SE RECEBE,0,0,1.00390625,-1.1484375,-2.15234375,0.8958876132965088,0.1041124165058136,True
5.3776.H,5.3776,H,Qual é a banda mais consumida no dia a dia ? Pearl Jam com Arroz ,1,1,-2.09375,2.65625,4.75,0.008577484637498856,0.9914224743843079,True
4.97.H,4.97,H,Que nome se dá a uma pizza cheia de gordura? Pizza de quatro queixos.,1,1,-2.466796875,2.28125,4.748046875,0.008594110608100891,0.9914058446884155,True
5.1978.N,5.1978,N,"Que filme conta a história de um mundo bizarro? Carrie, a estranha.",0,0,2.6484375,-2.505859375,-5.154296875,0.9942586421966553,0.00574138481169939,True
5.1717.N,5.1717,N,O que é que tem na boca do sapo? Herpes.,0,0,2.728515625,-2.279296875,-5.0078125,0.9933589100837708,0.006641112733632326,True
4.497.H,4.497,H,O que fazia o médico sem-abrigo? Orto-pedia.,1,1,-3.291015625,3.62109375,6.912109375,0.0009946650825440884,0.9990053772926331,True
4.203.N,4.203,N,Comprei uns sapatos com lâmpadas LED na sola . Pode-se dizer que emitem luz led.,0,0,0.43017578125,-0.437255859375,-0.867431640625,0.7042109966278076,0.2957890033721924,True
5.201.N,5.201,N,"Qual é o cantor que, se multiplicar por dois, vira ator de filme de ação? Marcelo D2 . Se multiplicar por dois, vira Marcelo D4.",0,1,-0.9482421875,1.4931640625,2.44140625,0.08006926625967026,0.9199306964874268,False
5.3440.N,5.3440,N,Qual o documento atesta a morte do cearense? Atestado de óbito.,0,0,3.205078125,-2.890625,-6.095703125,0.9977524876594543,0.0022474629804491997,True
5.2911.N,5.2911,N,Qual é o artista ídolo da MPB mais acessível? Roberto Carlos,0,0,3.12890625,-2.94921875,-6.078125,0.9977127313613892,0.0022872271947562695,True
5.3070.N,5.3070,N,"O que me disse o garçom ao me ver no restaurante com uma coleira na mão? "" Tem perro? """,0,0,2.458984375,-2.220703125,-4.6796875,0.9908034801483154,0.009196552447974682,True
5.131.H,5.131,H,Qual cantora não é minha? Adele.,1,0,3.3203125,-3.166015625,-6.486328125,0.9984782338142395,0.0015218156622722745,False
5.559.H,5.559,H,Qual a novela que mãe e filha foram desvirginadas? Cabaços de Família.,1,1,-1.873046875,1.970703125,3.84375,0.020964238792657852,0.9790357351303101,True
5.3558.N,5.3558,N,Qual a ex apresentadora infantil que se converteu? Mara Maravilha.,0,0,2.994140625,-2.8359375,-5.830078125,0.9970707893371582,0.0029292418621480465,True
5.2685.N,5.2685,N,Qual a atriz que dá pra ouvir de todos os cantos? Renata Domínguez,0,0,1.5556640625,-1.435546875,-2.9912109375,0.952175498008728,0.047824520617723465,True
5.1387.H,5.1387,H,Qual cantora escreveu Sitio do Picapau Amarelo? A Demi Lobato.,1,0,1.8310546875,-1.15625,-2.9873046875,0.9519972801208496,0.048002712428569794,False
4.58.N,4.58,N,O que são cinco heróis coloridos num jardim? São os Flower Rangers.,0,0,2.498046875,-2.158203125,-4.65625,0.9905874133110046,0.009412589482963085,True
5.315.H,5.315,H,Sabem qual árvore está conectada à internet? Ipê.,1,0,3.3046875,-3.03515625,-6.33984375,0.9982385635375977,0.001761469873599708,False
4.139.N,4.139,N,O que são dois pontos pretos vistos ao microscópio? Uma bactéria e um protozoário.,0,0,2.982421875,-2.626953125,-5.609375,0.9963500499725342,0.003649987280368805,True
5.3109.H,5.3109,H,Qual rap te provoca gases? Rap Olho.,1,1,-2.642578125,3.099609375,5.7421875,0.0031974869780242443,0.9968024492263794,True
4.139.H,4.139,H,O que são dois pontos pretos vistos ao microscópio? Uma blacktéria e um pretozoário.,1,1,-1.5888671875,1.76953125,3.3583984375,0.03362121805548668,0.9663787484169006,True
5.1349.N,5.1349,N,Qual é o contrário de volátil? Concreto.,0,0,3.03515625,-2.95703125,-5.9921875,0.9975080490112305,0.002491967985406518,True
5.3070.H,5.3070,H,"O que me disse o garçom argentino ao me ver no restaurante com uma coleira na mão? ""Tem perro?""",1,0,2.541015625,-2.240234375,-4.78125,0.9916841983795166,0.008315778337419033,False
5.2187.H,5.2187,H,Qual é o cantor que tem muita dor no pé? Roberto Calos ,1,1,-3.09375,3.501953125,6.595703125,0.001364361960440874,0.9986355900764465,True
5.2014.H,5.2014,H,Em que parte do casa todos se encontram? Na área de ser visto ,1,0,0.84228515625,-0.734375,-1.57666015625,0.8287310004234314,0.1712689995765686,False
5.140.H,5.140,H,Qual cantor nunca fica preso? MC Livrinho.,1,1,-2.48828125,2.552734375,5.041015625,0.006425620522350073,0.993574321269989,True
4.523.N,4.523,N,Qual é o canal preferido dos dálmatas? É o Canal dos cães.,0,1,0.0672607421875,0.264892578125,0.1976318359375,0.45075222849845886,0.5492477416992188,False
4.706.H,4.706,H,Qual é o lema do Instagram? Carpe DM.,1,1,-2.9375,3.130859375,6.068359375,0.0023096215445548296,0.9976904392242432,True
4.458.H,4.458,H,"Como se diz ""mini-saia"" em japonês? Vi To Ku.",1,1,-2.390625,2.8828125,5.2734375,0.005099817644804716,0.9949001669883728,True
5.3465.N,5.3465,N,Qual o mamífero aquático gaúcho? Golfinho.,0,0,3.419921875,-3.09765625,-6.517578125,0.9985249638557434,0.0014750633854418993,True
5.2140.N,5.2140,N,Por que a irmã ficou doente depois de pregar muito? Porque ficou com disenteria.,0,0,2.6875,-2.6171875,-5.3046875,0.9950562715530396,0.004943688865751028,True
5.3703.N,5.3703,N,Que atriz trabalha como lixeira? Mia Goth.,0,1,-2.59375,2.974609375,5.568359375,0.0038022249937057495,0.9961977601051331,False
5.758.N,5.758,N,Qual o chá que ninguém gosta? Boldo.,0,0,3.3125,-3.126953125,-6.439453125,0.9984052777290344,0.0015947326319292188,True
4.161.N,4.161,N,Qual é o filme mais triste de sempre? O Titanic . Morreram todos.,0,0,2.87109375,-2.595703125,-5.466796875,0.9957929849624634,0.004206969402730465,True
5.2286.N,5.2286,N,Como se chama a atriz que um dia se tornará escrota? Crota,0,0,0.89501953125,-0.873046875,-1.76806640625,0.8542170524597168,0.1457829475402832,True
5.1905.N,5.1905,N,Por que o cebolinha não prestou atenção nas instruções da comissária? Porque ele já sabe.,0,0,2.62890625,-2.47265625,-5.1015625,0.9939496517181396,0.006050397641956806,True
5.184.H,5.184,H,Qual é o cantor que acha tudo um exagero? Agnaldo Too Much.,1,1,-2.955078125,3.19921875,6.154296875,0.0021198310423642397,0.997880220413208,True
4.318.N,4.318,N,Vira-se um guitarrista para um baixista: Então o que fazes aqui por estas paragens?,0,0,2.29296875,-1.9931640625,-4.2861328125,0.9864286780357361,0.01357131265103817,True
4.618.N,4.618,N,Ninguém espera por mim . Exceto o João Silva.,0,0,1.4814453125,-1.6552734375,-3.13671875,0.9583821892738342,0.041617799550294876,True
5.2464.N,5.2464,N,Você sabe por que as pessoas usam óculos vermelhos? Para enxergar melhor.,0,0,2.44140625,-2.240234375,-4.681640625,0.9908213019371033,0.009178773500025272,True
5.178.H,5.178,H,Qual é o posto de gasolina preferido nos anos 60? Posto Hippieranga.,1,0,1.859375,-1.6083984375,-3.4677734375,0.9697568416595459,0.030243217945098877,False
5.938.H,5.938,H,"Qual é o carro que quando toca música, é perfeito para os matemáticos? Logan Ritmo.",1,1,-2.81640625,2.9609375,5.77734375,0.003087369492277503,0.9969125986099243,True
5.3897.H,5.3897,H,Qual o programa favorito dos trabalhadores autônomos? Não quero mais ter chefe.,1,0,1.2197265625,-1.0576171875,-2.27734375,0.9069831967353821,0.09301679581403732,False
5.3484.H,5.3484,H,Qual orixá vive no gelo? Oxalásca.,1,0,2.02734375,-2.037109375,-4.064453125,0.9831175804138184,0.01688246615231037,False
5.170.H,5.170,H,Qual é a carne que foi multada por excesso de velocidade? Acém.,1,1,-3.00390625,3.24609375,6.25,0.0019267346942797303,0.9980732202529907,True
5.1434.H,5.1434,H,Por que o queijo estava estudando matemática? Para encontrar o cheese da questão.,1,1,-2.623046875,2.662109375,5.28515625,0.005040702410042286,0.9949592351913452,True
4.222.N,4.222,N,Que nome se dá a um dos ingredientes principais na dieta de um vegan? Rebento de soja.,0,1,-1.189453125,1.390625,2.580078125,0.07043161243200302,0.929568350315094,False
4.490.H,4.490,H,Há 10 tipos de pessoas no mundo. As que percebem de números binários e as que não percebem.,1,0,2.255859375,-2.0859375,-4.341796875,0.9871540665626526,0.012845957651734352,False
4.512.H,4.512,H,"A minha vida sexual é como a Coca-Cola. Dantes era normal, depois ficou light e agora é zero.",1,1,-1.021484375,0.6904296875,1.7119140625,0.1529156118631363,0.8470844030380249,True
5.2027.N,5.2027,N,Qual comediante faz balé? Gregório Duvivier,0,0,2.689453125,-2.529296875,-5.21875,0.9946150183677673,0.005384938325732946,True
5.632.N,5.632,N,A Manuela anda com a foto de São Pedro no carro pra evitar que ele quebre . Por quê? PORQUE A MANUELA É DEVOTA,0,1,-2.8203125,3.271484375,6.091796875,0.002256239764392376,0.9977437257766724,False
5.1158.H,5.1158,H,Qual o presidente que foi beber água e não achou nada? Marechal Deodoro da Fonte Seca.,1,1,-3.244140625,3.759765625,7.00390625,0.0009075026027858257,0.9990924596786499,True
5.438.H,5.438,H,Qual é a hóstia do espiritismo? Alma chips.,1,1,-3.123046875,3.15234375,6.275390625,0.001878520124591887,0.998121440410614,True
5.1461.N,5.1461,N,Qual o carro favorito do fotógrafo? Uno.,0,0,2.890625,-2.568359375,-5.458984375,0.9957601428031921,0.004239825531840324,True
5.1921.N,5.1921,N,O que o padeiro metido a engraçadinho faz no trabalho? Pão de forma.,0,0,2.578125,-2.46875,-5.046875,0.9936116337776184,0.006388320587575436,True
5.1925.H,5.1925,H,Onde as crianças procuram emprego? no Brinked in ,1,1,-0.400146484375,0.94970703125,1.349853515625,0.20589430630207062,0.7941056489944458,True
5.1055.H,5.1055,H,Por que não reconheceram o carbono no avião?  Porque ele estava usando uma máscara de oxigênio.,1,0,2.37109375,-2.3125,-4.68359375,0.9908389449119568,0.009161027148365974,False
5.1839.H,5.1839,H,Qual é o feriado que celebra o parceiro que não liga para a vida sexual pregressa do outro? Independe se dei,1,1,-3.0,3.40234375,6.40234375,0.0016549242427572608,0.9983450174331665,True
5.1898.N,5.1898,N,Por que fechou a loja de óculos? A situação estava difícil.,0,0,1.7646484375,-1.7431640625,-3.5078125,0.9709092378616333,0.02909075655043125,True
4.350.H,4.350,H,Que nome se dá a um divórcio de bananas? Banana-split,1,1,-2.3671875,2.478515625,4.845703125,0.007800756953656673,0.9921992421150208,True
5.178.N,5.178,N,Qual é o posto de gasolina preferido nos anos 60? Posto BR.,0,0,2.201171875,-1.9296875,-4.130859375,0.9841850996017456,0.01581493206322193,True
4.286.H,4.286,H,O que e que os putos hiperativos comem ao pequeno-almoço? Ovos mexidos.,1,0,2.37109375,-2.310546875,-4.681640625,0.9908213019371033,0.009178773500025272,False
5.3465.H,5.3465,H,Qual o mamífero aquático gaúcho? Bah leia Ju bah tchê.,1,1,-3.07421875,3.455078125,6.529296875,0.0014579033013433218,0.998542070388794,True
5.736.H,5.736,H,Qual membro do governo começou a fumar? Primeiro Minister,1,0,3.162109375,-3.048828125,-6.2109375,0.9979966282844543,0.0020033332984894514,False
4.193.N,4.193,N,"Hoje, vinte mulheres convidaram-me a sair do WC . Nunca mais entro no WC das mulheres.",0,0,1.4931640625,-1.2431640625,-2.736328125,0.9391365647315979,0.060863446444272995,True
5.460.N,5.460,N,Qual a personagem mais temperada das HQs? Dora,0,0,2.931640625,-2.8671875,-5.798828125,0.9969780445098877,0.003021944547072053,True
5.239.N,5.239,N,O que o cantor sertanejo foi fazer no RH? Foi ser demitido por incompetência.,0,0,2.703125,-2.4765625,-5.1796875,0.994401752948761,0.005598248448222876,True
5.2711.N,5.2711,N,Qual banda de pagode sempre tocava quando a gente tomava sol? Sorriso Marroto.,0,1,-0.260986328125,0.7861328125,1.047119140625,0.2597786784172058,0.7402212619781494,False
5.2294.H,5.2294,H,Qual o astrônomo que tinha muita espinha? IsaAC NEwton,1,1,-2.892578125,2.986328125,5.87890625,0.0027900375425815582,0.9972099661827087,True
5.704.H,5.704,H,Qual cerveja é comum nos navios? Skol Tilha.,1,1,-3.142578125,3.470703125,6.61328125,0.0013406204525381327,0.9986593723297119,True
5.863.N,5.863,N,Qual árvore ficou de saco cheio e mandou você embora? Bonsai.,0,1,-2.41015625,2.650390625,5.060546875,0.006302121561020613,0.9936979413032532,False
4.370.H,4.370,H,"É boa ideia comprar um relógio em forma de peixe? Não, é uma perca de tempo.",1,0,1.5966796875,-1.6982421875,-3.294921875,0.9642541408538818,0.035745806992053986,False
5.1256.N,5.1256,N,Como se pratica a modalidade em que seis filósofos tem que nadar seis estilos diferentes? Só seis que nadam seis.,0,1,-1.4599609375,1.7109375,3.1708984375,0.04027567803859711,0.9597243666648865,False
4.696.H,4.696,H,"Acabei de comprar um livro chamado ""Caminhadas para Totós"". É um guia passo a passo.",1,1,0.1494140625,0.1612548828125,0.0118408203125,0.4970398545265198,0.5029601454734802,True
5.2334.N,5.2334,N,Qual é o locutor esportivo que fica sempre chamando as pessoas? Silvio Luiz.,0,0,3.603515625,-3.318359375,-6.921875,0.9990149736404419,0.0009850081987679005,True
5.928.H,5.928,H,Qual o jogo favorito do mágico? Cartola,1,0,3.173828125,-2.98828125,-6.162109375,0.9978965520858765,0.0021033689845353365,False
4.5.N,4.5,N,Hoje caí e entornei meu leite com chocolate . Molhei-me todo.,0,0,1.826171875,-1.7119140625,-3.5380859375,0.9717521667480469,0.028247779235243797,True
4.719.N,4.719,N,""" Que olhos que tu tens! "" - Pitágoras",0,0,1.5,-0.91259765625,-2.41259765625,0.9177829027175903,0.08221708238124847,True
5.1335.H,5.1335,H,Qual é o youtuber que mais economiza na luz? O Jovem Led.,1,1,-1.2314453125,1.7412109375,2.97265625,0.048676565289497375,0.951323390007019,True
5.1506.H,5.1506,H,Qual é o funkeiro que embriaga as pessoas?  MC QUER VINHO,1,1,-2.537109375,3.140625,5.677734375,0.0034096355084329844,0.9965903759002686,True
4.411.H,4.411,H,Alpinistas? Há por aí aos montes.,1,0,2.4296875,-2.25390625,-4.68359375,0.9908389449119568,0.009161027148365974,False
5.924.H,5.924,H,Qual é o jogo de cartas favorito dos policiais depois das manifestações?  Truco lento.,1,1,-2.5078125,2.310546875,4.818359375,0.008015269413590431,0.9919847846031189,True
4.579.N,4.579,N,Hoje na escola levei com um pino na cabeça . Fui vítima de bullying .,0,0,0.9091796875,-0.96923828125,-1.87841796875,0.8674293160438538,0.13257071375846863,True
4.64.H,4.64,H,Porque é que as galinhas não conduzem? Porque chocam.,1,0,1.76953125,-1.6142578125,-3.3837890625,0.9671940207481384,0.03280595317482948,False
5.3083.N,5.3083,N,"Como se chama o motorista que não acredita em nada? Xô, Fernando.",0,1,-0.84814453125,0.6552734375,1.50341796875,0.181916281580925,0.8180837035179138,False
5.53.H,5.53,H,Como são classificados os gatos e cachorros no México? Animais do México.,1,0,2.255859375,-1.7109375,-3.966796875,0.9814178347587585,0.01858215034008026,False
5.3535.N,5.3535,N,Por que a empresária tomou sal de frutas? Porque ela tinha muita azia.,0,0,2.83984375,-2.638671875,-5.478515625,0.9958418011665344,0.004158160649240017,True
5.2656.N,5.2656,N,Por que o cantor colocou cocaína no chão? Porque ele queria uma cheirada.,0,1,-1.4716796875,1.32421875,2.7958984375,0.0575462207198143,0.9424538016319275,False
5.1100.H,5.1100,H,Qual é a regra de matemática preferida dos funkeiros? Regra de Sarrus.,1,1,-1.7763671875,1.9599609375,3.736328125,0.023286303505301476,0.9767136573791504,True
4.411.N,4.411,N,Alpinistas? Há por aí nos montes.,0,0,2.048828125,-1.861328125,-3.91015625,0.9803562164306641,0.019643759354948997,True
5.590.N,5.590,N,Qual comida reclamamos que demora pra ficar pronta? Ossobuco.,0,1,-2.974609375,3.416015625,6.390625,0.0016743995947763324,0.9983256459236145,False
5.1206.H,5.1206,H,Qual cantor sempre abre as portas para tudo? Gabriel Opens a Door.,1,1,-1.9384765625,2.369140625,4.3076171875,0.013286683708429337,0.9867132902145386,True
5.2455.N,5.2455,N,Onde o Mickey gosta de morar? No prédio.,0,0,3.048828125,-2.779296875,-5.828125,0.997065007686615,0.0029349515680223703,True
4.698.N,4.698,N,Qual é a semelhança entre o sol e um avô? Ambos fazem qualquer coisa bonita.,0,0,2.26953125,-2.087890625,-4.357421875,0.9873506426811218,0.01264931820333004,True
5.3863.H,5.3863,H,Qual o filme em que navegantes desembarcam num hotel? Piratas do Caribis.,1,1,-0.52734375,0.87548828125,1.40283203125,0.1973671168088913,0.8026329278945923,True
5.2285.N,5.2285,N,Qual personagem histórico mais gostava de lutas? Napoleão,0,0,3.302734375,-3.123046875,-6.42578125,0.9983834028244019,0.001616650028154254,True
5.964.H,5.964,H,Qual é a cantora que tomou conta do Menino Jesus? Babá de Belém.,1,1,-2.333984375,2.484375,4.818359375,0.008015269413590431,0.9919847846031189,True
5.2531.H,5.2531,H,Por que o Tiger Woods teve que comprar um tanque enorme? Porque ele ganhou um golfinho.,1,0,2.85546875,-2.521484375,-5.376953125,0.9953994154930115,0.0046006194315850735,False
5.1616.N,5.1616,N,Qual é a pacifista que é um gênio da matemática? Sophie Germain.,0,0,2.7265625,-2.55078125,-5.27734375,0.9949199557304382,0.005080036818981171,True
4.249.N,4.249,N,Fui ao Burger King e pedi o novo hamburguer de chimpanzé . Chama-se Macaquinho.,0,0,1.89453125,-1.873046875,-3.767578125,0.9774138927459717,0.022586040198802948,True
5.170.N,5.170,N,Qual é a carne que foi multada por excesso de velocidade? Contra-filé.,0,1,-2.708984375,3.30078125,6.009765625,0.0024486531037837267,0.9975513815879822,False
5.3558.H,5.3558,H,Qual a ex apresentadora infantil que se converteu? Evangélica.,1,0,3.376953125,-3.208984375,-6.5859375,0.9986222982406616,0.001377732609398663,False
5.1793.N,5.1793,N,Qual é o sorvete que foi traído pela esposa? O de flocos.,0,0,2.681640625,-2.73828125,-5.419921875,0.9955920577049255,0.004407976288348436,True
5.3531.N,5.3531,N,Que estilo de filme faz a gente refletir sobre a saúde pública? Documentário!,0,0,3.48046875,-3.16796875,-6.6484375,0.9987056255340576,0.0012943680630996823,True
5.2343.H,5.2343,H,Qual jornalista esportivo é ainda adolescente? TEENo Marcos.,1,1,-3.095703125,3.416015625,6.51171875,0.0014837189810350537,0.9985162615776062,True
5.3668.N,5.3668,N,Por que o frango caipira não tem problemas jurídicos de identidade? Porque ele não tem hormônios.,0,0,2.57421875,-2.33203125,-4.90625,0.9926542043685913,0.007345826365053654,True
5.3083.H,5.3083,H,"Como se chama o motorista que não acredita em nada? Xô, fé.",1,1,-1.1357421875,1.173828125,2.3095703125,0.09033343195915222,0.9096665382385254,True
5.3897.N,5.3897,N,Qual o programa favorito dos trabalhadores autônomos? Não quero mais trabalhar.,0,0,1.837890625,-1.58984375,-3.427734375,0.9685600996017456,0.031439848244190216,True
5.2666.N,5.2666,N,Qual o sambista com menos pelos do Brasil? Martinho da Vila.,0,0,3.384765625,-3.08984375,-6.474609375,0.9984602928161621,0.0015397267416119576,True
4.298.H,4.298,H,Qual é o melhor perfume para se usar na praia? Chinel N°5.,1,1,-1.193359375,1.5751953125,2.7685546875,0.059047263115644455,0.9409527778625488,True
5.1793.H,5.1793,H,Como o presidiário faz progressão de pena? Fazendo um up grade,1,1,-1.66796875,1.8466796875,3.5146484375,0.028898300603032112,0.9711017608642578,True
5.3431.N,5.3431,N,Qual cidade espanhola preferida pelo Faustão? Barcelona nos Trinta.,0,1,-0.64404296875,0.63623046875,1.2802734375,0.21750368177890778,0.7824963331222534,False
5.924.N,5.924,N,Qual é o jogo de cartas favorito dos policiais depois das manifestações? Poker.,0,0,2.896484375,-2.6953125,-5.591796875,0.9962855577468872,0.00371447391808033,True
4.568.N,4.568,N,"Porque é que a seleção chinesa não tem muito sucesso no futebol? Porque de cada vez que lhes dão um canto, eles falham a baliza.",0,0,1.1396484375,-0.669921875,-1.8095703125,0.85930997133255,0.14069007337093353,True
4.131.N,4.131,N,Qual é o jogo preferido das batatas fritas? É o Uno.,0,0,0.82373046875,-0.493896484375,-1.317626953125,0.7887866497039795,0.2112133651971817,True
5.848.N,5.848,N,Qual personagem da Disney que ninguém gosta? Jafar.,0,0,3.2890625,-3.080078125,-6.369140625,0.9982892870903015,0.0017106997547671199,True
5.3863.N,5.3863,N,Qual o filme em que navegantes desembarcam num hotel? A viagem.,0,0,3.49609375,-3.119140625,-6.615234375,0.998661994934082,0.0013380080927163363,True
5.1740.N,5.1740,N,Por que os samurais viviam sempre com espadas? Porque eles seguiam o Bushidor.,0,1,-1.8173828125,2.2734375,4.0908203125,0.016450367867946625,0.9835495948791504,False
5.1515.H,5.1515,H,Qual super herói que tem fetiche com a própria mãe? Édipool.,1,1,-3.02734375,3.193359375,6.220703125,0.0019839033484458923,0.9980161190032959,True
5.941.N,5.941,N,Qual é a cantora que tem pau pequeno? Glória Groove.,0,1,-1.685546875,2.134765625,3.8203125,0.02145073004066944,0.9785493016242981,False
4.135.N,4.135,N,O que é um ponto amarelo num Ferrari? É um milionário.,0,0,2.50390625,-2.185546875,-4.689453125,0.9908919930458069,0.00910799391567707,True
5.595.H,5.595,H,O que a rainha come de manhã?  Rei queijão.,1,1,-3.28515625,3.58203125,6.8671875,0.001040318631567061,0.9989596605300903,True
5.688.H,5.688,H,"O que o técnico da geladeira foi fazer no médico? Consul, tá.",1,1,-2.927734375,3.412109375,6.33984375,0.001761469873599708,0.9982385635375977,True
5.1808.H,5.1808,H,Qual é o animal preferido dos Beatles? Ornitorringo,1,1,-2.171875,2.34375,4.515625,0.010818447917699814,0.9891815781593323,True
5.3478.H,5.3478,H,Com qual marcha o porco anda? Carré.,1,0,1.7431640625,-1.9033203125,-3.646484375,0.9745803475379944,0.025419650599360466,False
5.1888.N,5.1888,N,Qual cantor que era estéril? Justin.,0,0,3.1953125,-3.091796875,-6.287109375,0.9981433153152466,0.0018566754879429936,True
5.2875.H,5.2875,H,Qual é a apresentadora mais cruel do Brasil? é a Má isa ,1,1,-3.044921875,3.32421875,6.369140625,0.0017106997547671199,0.9982892870903015,True
4.731.N,4.731,N,"Como é que uma Pessoa elogia uma mulher alta? Eh lá, hoje estás Espantosa!",0,1,-2.083984375,2.3984375,4.482421875,0.011179600842297077,0.9888203740119934,False
5.2294.N,5.2294,N,Qual o astrônomo que tinha muita espinha? Newton,0,0,3.001953125,-2.767578125,-5.76953125,0.9968884587287903,0.0031115084420889616,True
5.2030.N,5.2030,N,Qual o canal infantil favorito dos peixes trabalhadores? Nenhum,0,0,1.8369140625,-1.3271484375,-3.1640625,0.9594592452049255,0.04054073989391327,True
5.3360.H,5.3360,H,Pra onde os religiosos vão quando estão com calor? Pro com vento.,1,1,-1.984375,2.08203125,4.06640625,0.016850082203745842,0.9831499457359314,True
5.1839.N,5.1839,N,Qual mercado vende lagarto? Comper.,0,0,2.787109375,-2.416015625,-5.203125,0.9945307374000549,0.005469274241477251,True
4.309.N,4.309,N,Qual é a doença que mata mais insectos? É a SIDA.,0,0,2.0,-1.775390625,-3.775390625,0.9775857925415039,0.02241421863436699,True
5.3855.H,5.3855,H,Qual o nome que se dá para o assassinato em massa na galáxia do universo da Marvel? Crimes simulThanos.,1,1,-2.556640625,2.712890625,5.26953125,0.005119676236063242,0.9948803186416626,True
5.1322.H,5.1322,H,Qual o meio de transporte que aceita qualquer estilo musical? YOUT UBER.,1,1,-1.005859375,1.4521484375,2.4580078125,0.07885491847991943,0.9211451411247253,True
4.374.N,4.374,N,Porque é que na Polónia ninguém se perde? Porque lá há muita sinalização.,0,0,2.140625,-2.111328125,-4.251953125,0.9859634041786194,0.0140365706756711,True
4.111.N,4.111,N,O que é um descascador? É um instrumento para descascar nabos.,0,0,1.1181640625,-0.7578125,-1.8759765625,0.8671482801437378,0.132851704955101,True
5.1738.N,5.1738,N,Qual é o animal que faltou a festa na floresta? Gambá.,0,0,2.931640625,-2.693359375,-5.625,0.9964063763618469,0.0035936026833951473,True
4.376.H,4.376,H,"Havia uma mulher tão bonita, tão bonita, que uma vez foi a um concurso de cus e ganhou de caras.",1,0,1.00390625,-1.0341796875,-2.0380859375,0.8847382068634033,0.11526177078485489,False
5.1255.H,5.1255,H,Por que as freiras não costumam variar seus namorados? Por que elas tem um crushfixo.,1,1,-2.53515625,2.630859375,5.166015625,0.005674875341355801,0.9943251013755798,True
4.500.H,4.500,H,Porque é que o Voldemort tem Instagram mas não tem Facebook? Porque ele prefere ter seguidores em vez de amigos.,1,0,2.232421875,-1.9462890625,-4.1787109375,0.9849128127098083,0.015087132342159748,False
5.1739.H,5.1739,H,Qual parte da bicicleta quem se chama Guilherme nunca precisa comprar? Guidão.,1,0,3.0703125,-2.783203125,-5.853515625,0.9971383810043335,0.00286157988011837,False
5.2992.H,5.2992,H,E qual é a comida que nunca se perde? O maPÃO de queijo.,1,1,-2.62890625,2.837890625,5.466796875,0.004206969402730465,0.9957929849624634,True
5.2408.H,5.2408,H,O que são dois pontinhos cinzas no mar? Two barões.,1,1,-3.154296875,3.404296875,6.55859375,0.0014158703852444887,0.9985841512680054,True
5.3662.N,5.3662,N,Qual é a novela preferida dos dubladores? O Rei do gado,0,0,2.83984375,-2.408203125,-5.248046875,0.9947697520256042,0.005230278242379427,True
5.463.N,5.463,N,"Por que o Fred Flinstone se separou da Wilma? Porque quando foi mexer no pc dela, tinha o tinder",0,1,-0.876953125,0.7822265625,1.6591796875,0.1598721444606781,0.8401278853416443,False
4.102.H,4.102,H,O que é um javaqui? Um javali que está muito próximo.,1,0,0.697265625,-0.53955078125,-1.23681640625,0.7750093936920166,0.2249906212091446,False
5.1013.H,5.1013,H,"Qual cantor internacional contratou duas bailarinas, uma loira e uma morena? Éotcham John",1,1,-2.75390625,2.93359375,5.6875,0.0033766122069209814,0.9966233968734741,True
5.678.H,5.678,H,Como se chama o cara que pensa primeiro nos outros e depois em si mesmo? Eles Eu.,1,1,-2.92578125,3.3203125,6.24609375,0.0019342612940818071,0.9980657696723938,True
4.111.H,4.111,H,O que é uma nabalha? É um instrumento para descascar nabos.,1,1,-0.38037109375,0.498046875,0.87841796875,0.2935057282447815,0.7064942717552185,True
5.3166.H,5.3166,H,Por que o jardineiro estava passando necessidade? Andava meio sem grama.,1,1,-1.7509765625,1.7509765625,3.501953125,0.029256708920001984,0.9707432389259338,True
4.201.H,4.201,H,Era uma vez uma cidade onde quase todas as motos eram Yamaha. Qual é o filme? Poca Hondas.,1,1,-2.98828125,3.177734375,6.166015625,0.0020951859187334776,0.9979047775268555,True
5.1834.H,5.1834,H,Qual é o jogador de futebol brasileiro que gostava de todo mundo? Amar all,1,1,-2.673828125,2.833984375,5.5078125,0.004038591869175434,0.9959613680839539,True
5.2477.N,5.2477,N,O que o burro disse para a mula? Nhó.,0,1,-1.3818359375,1.6630859375,3.044921875,0.04543721675872803,0.954562783241272,False
5.2689.H,5.2689,H,Renata voltou do médico com o braço furado. Qual é o acontecimento histórico? Rê volta da Vacina.,1,1,-3.244140625,3.416015625,6.66015625,0.0012793075293302536,0.9987207055091858,True
5.2162.N,5.2162,N,Qual é o cantor que é inimigo dos Vingadores? Loki,0,0,3.181640625,-3.0234375,-6.205078125,0.9979848861694336,0.002015082398429513,True
5.3807.N,5.3807,N,Qual senador que proíbe piadas? Confúcio Moura.,0,0,2.884765625,-2.787109375,-5.671875,0.996570348739624,0.003429603762924671,True
4.117.H,4.117,H,O que é que é de graça mas tem que se pagar? Os serviços de um palhaço.,1,0,2.423828125,-2.2890625,-4.712890625,0.991101086139679,0.008898884057998657,False
4.388.H,4.388,H,Hoje passei por uma família de cães na rua. Foi ali em Family-cão.,1,1,-2.90625,2.9609375,5.8671875,0.0028228326700627804,0.9971771240234375,True
5.1046.H,5.1046,H,Qual o canal para fumantes infantis? Carlton Network.,1,0,2.2109375,-1.9296875,-4.140625,0.9843363761901855,0.015663649886846542,False
5.687.H,5.687,H,"O que os moradores de rua falam em louvor a Deus? Amém, digo...",1,1,-0.31640625,0.55322265625,0.86962890625,0.29533153772354126,0.7046684622764587,True
4.398.N,4.398,N,"Era um vez um esquilo tão pequeno, tão pequeno, que em vez de chamar esquilo, chamava-se esquilinho.",0,0,2.0234375,-1.810546875,-3.833984375,0.9788343906402588,0.021165618672966957,True
5.2701.H,5.2701,H,"O que a pessoa faz quando tem que dividir uma palavra, mas não sabe? Uma divisão seilábica.",1,1,-2.25,2.26171875,4.51171875,0.010860332287847996,0.9891397356987,True
5.3155.N,5.3155,N,Qual atriz deveria ter feito parte do elenco de Vingadores? Angelina Jolie,0,0,3.4140625,-3.24609375,-6.66015625,0.9987207055091858,0.0012793075293302536,True
5.780.N,5.780,N,Qual a mulher que mais gostava de andar de avião? Simone de É Souza.,0,0,0.307861328125,-0.355224609375,-0.6630859375,0.6599532961845398,0.340046763420105,True
5.3496.N,5.3496,N,Qual o sanduíche do Silvio Santos? Baú ru da felicidade.,0,1,-3.046875,3.04296875,6.08984375,0.0022606404963880777,0.997739315032959,False
4.142.N,4.142,N,Qual é o melhor chá para a calvície? É o chá verde.,0,0,3.048828125,-2.873046875,-5.921875,0.9973269701004028,0.0026730059180408716,True
4.660.N,4.660,N,"Como se chama um cão sem donos? Não se chama, vai-se buscar.",0,1,-0.036102294921875,0.2244873046875,0.260589599609375,0.43521878123283386,0.5647812485694885,False
5.2987.N,5.2987,N,Qual microorganismo é viciado em drogas? Bactérias.,0,0,3.400390625,-3.08203125,-6.482421875,0.998472273349762,0.001527763088233769,True
5.248.H,5.248,H,Qual foi o dinossauro mais zoeiro que existiu? Tirando Sarro Rex.,1,1,-3.10546875,3.37109375,6.4765625,0.001536726951599121,0.9984632730484009,True
5.3789.N,5.3789,N,Qual o vinho caro do Lamartine Babo? Merlô.,0,1,-2.6171875,2.740234375,5.357421875,0.00469093257561326,0.995309054851532,False
5.2041.H,5.2041,H,Qual é a padroeira da construção civil? Alvenaria cheia de graça ,1,1,-1.4130859375,1.3076171875,2.720703125,0.06176271289587021,0.9382373094558716,True
5.3087.H,5.3087,H,Qual remédio é bom pra rir dormindo? Rino sono.,1,1,-2.81640625,3.375,6.19140625,0.00204276479780674,0.9979572296142578,True
5.1421.H,5.1421,H,Qual é o inseto que pode ser usado como forma de pagamento? Borboleto.,1,1,-2.60546875,2.865234375,5.470703125,0.004190636798739433,0.9958093166351318,True
5.2291.H,5.2291,H,Qual é a grife de roupa chique pra acampar? Dolce & Cabana,1,1,-2.470703125,2.923828125,5.39453125,0.004520817659795284,0.9954791069030762,True
5.750.H,5.750,H,Qual marca de automóvel é a mais atlética? O Cross Fiat.,1,1,-1.3876953125,1.693359375,3.0810546875,0.043895523995161057,0.9561044573783875,True
5.1226.N,5.1226,N,Por que o Ronaldo teve que dar satisfação na delegacia depois de perder um penalty? Porque pegou no goleiro.,0,0,1.9326171875,-1.6953125,-3.6279296875,0.9741166234016418,0.02588338777422905,True
4.435.H,4.435,H,"Como é que se diz ""médico estagiário"" em japonês? Otikuro Otimato",1,1,-1.5400390625,2.060546875,3.6005859375,0.02658182755112648,0.973418116569519,True
5.1206.N,5.1206,N,Qual cantor sempre abre as portas para tudo? Gabriel O pensador.,0,0,2.025390625,-1.9443359375,-3.9697265625,0.9814712405204773,0.01852879673242569,True
4.209.N,4.209,N,Em que parte da cidade há mais restaurantes italianos? No centro.,0,0,3.453125,-3.064453125,-6.517578125,0.9985249638557434,0.0014750633854418993,True
5.2433.N,5.2433,N,"Depois de um acidente de caiaque, o jovem teve seus dois pés amputados . Qual é o nome do filme? O náufrago.",0,0,2.716796875,-2.263671875,-4.98046875,0.9931760430335999,0.006823954172432423,True
5.317.N,5.317,N,Qual banda é formada por um padre? É o Tchan! Com Alexandre Pires.,0,0,3.033203125,-2.708984375,-5.7421875,0.9968024492263794,0.0031974869780242443,True
5.481.H,5.481,H,Por que a jogadora de baseball foi internada no hospício?  Porque ela não estava batendo bem.,1,0,2.79296875,-2.591796875,-5.384765625,0.9954350590705872,0.00456498097628355,False
5.3249.N,5.3249,N,Qual o produto de limpeza mais antigo? Ala.,0,0,0.50634765625,-0.4765625,-0.98291015625,0.727685272693634,0.27231472730636597,True
4.449.H,4.449,H,Porque é que o soutien foi preso para interrogatório? Porque era sous-peito.,1,1,-3.3828125,3.7265625,7.109375,0.0008167380001395941,0.9991832375526428,True
5.3906.H,5.3906,H,Qual o nome do Gato do japonês? Ary Gato.,1,1,-1.130859375,1.4658203125,2.5966796875,0.0693524107336998,0.930647611618042,True
5.102.H,5.102,H,Qual o conto de fadas preferido dos bebês?  Conto de Fraldas.,1,1,-3.01171875,3.345703125,6.357421875,0.0017308301758021116,0.9982692003250122,True
5.1362.H,5.1362,H,Uma moça usava um grampo que começou a enferrujar. Ela pediu pra uma costureira o forrar. Qual é o nome do filme? Forra este Grampo.,1,1,-2.626953125,3.16796875,5.794921875,0.003033736953511834,0.9969663023948669,True
5.1286.N,5.1286,N,Qual o nome do piloto do dirigível? Feodor Nenov.,0,0,1.4375,-1.3193359375,-2.7568359375,0.940298318862915,0.059701740741729736,True
5.934.N,5.934,N,Qual é o seriado da Nickelodeon em que uma menina sempre caçoa de alguém e depois dá a bunda? iCarly.,0,1,-1.42578125,1.7314453125,3.1572265625,0.04080747812986374,0.9591925740242004,False
5.1343.N,5.1343,N,O Batman vestiu seu Batblazer e seu Batsapato social . Para onde ele foi? Para o casamento.,0,1,-1.7099609375,1.9853515625,3.6953125,0.024237636476755142,0.9757624268531799,False
5.3251.N,5.3251,N,"Por que Fernando foi preso por matar, e Gonçalves não? Porque cometeram crimes diferentes: Gonçalves furto, e o Fernando homicidio.",0,1,-1.255859375,1.10546875,2.361328125,0.08616954833269119,0.9138304591178894,False
5.3197.H,5.3197,H,O que faz o jardineiro perder a cabeça? Garden-all,1,1,-1.390625,1.65625,3.046875,0.04535257816314697,0.954647421836853,True
5.117.H,5.117,H,Qual peixe viveu uma aventura digna dos contos de fadas? Aliche no país das Maravilhas.,1,1,-2.74609375,2.806640625,5.552734375,0.003861870151013136,0.9961381554603577,True
4.504.N,4.504,N,"Qual é a diferença entre a maçã e um iogurte? Se deixares o iogurte sozinho durante 300 anos, eventualmente acaba por se formar uma cultura.",0,0,1.9072265625,-1.6474609375,-3.5546875,0.9722043871879578,0.027795622125267982,True
5.2399.H,5.2399,H,Qual é o jogo que no final sempre dá merda? K game.,1,0,1.134765625,-0.87353515625,-2.00830078125,0.881665825843811,0.11833414435386658,False
5.158.N,5.158,N,Qual é o alimento que só pode ser servido em duas mesas de tamanho considerável? Queijo.,0,0,3.0703125,-3.05859375,-6.12890625,0.9978258013725281,0.0021742256358265877,True
5.3625.N,5.3625,N,Qual a banda que ajuda as pessoas a alcançar a seu destino? U2.,0,0,3.310546875,-2.8046875,-6.115234375,0.9977959394454956,0.0022040894255042076,True
5.2060.H,5.2060,H,Qual o personagem de star wars que vive espirrando? An atchim skywalker ,1,1,-2.6484375,2.78125,5.4296875,0.004365325439721346,0.9956346154212952,True
5.435.H,5.435,H,Qual animal vive no esteticista? A TrataRuga.,1,1,-3.099609375,3.59375,6.693359375,0.001237579737789929,0.9987624883651733,True
5.2877.H,5.2877,H,Qual a marca de roupa predileta do proctologista? Tome-lhe finger!!,1,1,-2.15625,2.294921875,4.451171875,0.01153038814663887,0.988469660282135,True
4.472.H,4.472,H,Qual é a fruta mais comum nos churrascos? É o açaí.,1,0,2.994140625,-2.794921875,-5.7890625,0.9969485402107239,0.0030515105463564396,False
5.683.N,5.683,N,Qual é a jornalista mais genérica do mundo? Lucy Morgan.,0,0,2.408203125,-2.2578125,-4.666015625,0.990678071975708,0.00932196993380785,True
5.4102.N,5.4102,N,Qual a quantia que te pagam e vc fica ofendido? 1 centavo.,0,0,3.099609375,-2.765625,-5.865234375,0.9971717000007629,0.0028283356223255396,True
5.463.H,5.463,H,"Por que o Fred Flinstone se separou da Wilma? Porque quando foi mexer no pc dela, tinha aba da badoo",1,1,-3.3359375,3.607421875,6.943359375,0.0009640919743105769,0.9990359544754028,True
4.504.H,4.504,H,"Qual é a diferença entre a América e um iogurte? Se deixares o iogurte sozinho durante 300 anos, eventualmente acaba por se formar uma cultura.",1,0,1.6591796875,-1.427734375,-3.0869140625,0.9563496708869934,0.043650273233652115,False
4.115.H,4.115,H,Qual é a bebida alcoólica preferida do Pai Natal? É o gin Gobel.,1,1,-2.583984375,2.2109375,4.794921875,0.008203786797821522,0.9917961359024048,True
4.417.N,4.417,N,Porque é que os daltónicos têm péssima memória? Porque não sabem nada decor.,0,1,-3.001953125,3.271484375,6.2734375,0.0018821858102455735,0.9981178045272827,False
5.1063.N,5.1063,N,Qual a cidade que paga um valor fixo pra todo mundo? Capivari do Sul.,0,0,2.943359375,-2.69921875,-5.642578125,0.9964687824249268,0.0035312066320329905,True
5.1506.N,5.1506,N,Qual é o funkeiro que embriaga as pessoas? MC Ryan,0,0,1.87890625,-1.388671875,-3.267578125,0.9632996320724487,0.036700353026390076,True
4.144.N,4.144,N,Porque é que as moedas não podem ter relações? Porque são inanimadas.,0,0,0.7568359375,-0.69921875,-1.4560546875,0.8109285235404968,0.18907149136066437,True
5.3401.H,5.3401,H,Por que os indios receberam os portugueses com uma fogueira? Porque era cara a vela.,1,1,-1.9404296875,2.14453125,4.0849609375,0.01654544100165367,0.9834545850753784,True
5.2322.N,5.2322,N,Um homem perguntou quanto comia o vira-lata . Qual o nome do jogo? Rex tá um.,0,1,-3.201171875,3.564453125,6.765625,0.001151399570517242,0.998848557472229,False
5.3192.N,5.3192,N,Qual personagem de desenho que não tem pinto? Patolino.,0,0,2.2109375,-2.251953125,-4.462890625,0.9886024594306946,0.011397586204111576,True
5.485.N,5.485,N,Onde o Diabo almoça? No inferno.,0,0,2.67578125,-2.736328125,-5.412109375,0.9955576062202454,0.004442394711077213,True
4.721.H,4.721,H,Como se sabe que Salazar tomava viagra? Foi o homem que mais tempo manteve a dita-dura.,1,1,-0.994140625,1.171875,2.166015625,0.10284408181905746,0.8971559405326843,True
5.1237.N,5.1237,N,Qual o tio que faz pesquisa sobre o câncer? O Oncologista.,0,0,2.65234375,-2.26171875,-4.9140625,0.9927109479904175,0.0072890776209533215,True
5.307.N,5.307,N,Qual a inflamação que manja de futebol? Lombalgia.,0,0,2.3828125,-2.138671875,-4.521484375,0.9892441034317017,0.010755925439298153,True
5.176.N,5.176,N,Como o pessoal do Street Fighter comemora o Réveillon? De roupa azul.,0,0,2.8203125,-2.39453125,-5.21484375,0.994594156742096,0.005405900068581104,True
4.497.N,4.497,N,O que fazia o médico sem-abrigo? Ortopedia.,0,1,-1.716796875,1.83203125,3.548828125,0.027954399585723877,0.9720456600189209,False
5.841.N,5.841,N,Qual escritor usava roupas de frio? Edgar Alã Põe.,0,1,-3.45703125,3.572265625,7.029296875,0.0008847706485539675,0.9991151690483093,False
4.550.N,4.550,N,O que faz um drogado no bingo? Dinheiro.,0,0,3.51171875,-3.076171875,-6.587890625,0.9986249208450317,0.001375047955662012,True
5.1657.H,5.1657,H,Qual é a lanchonete favorita dos góticos? Black Donald's.,1,0,3.044921875,-2.763671875,-5.80859375,0.9970073103904724,0.0029926649294793606,False
4.512.N,4.512,N,"A minha vida sexual é como a tua . Dantes era normal, depois ficou pobre e agora é zero.",0,1,-1.806640625,1.5322265625,3.3388671875,0.03426161780953407,0.9657383561134338,False
5.3345.N,5.3345,N,"Um cara comprou uma dúzia de bananas, mas comeu dez . O que ele faz agora? Come as outras duas.",0,0,2.0625,-2.02734375,-4.08984375,0.9835337996482849,0.01646617241203785,True
5.2670.N,5.2670,N,Qual a dança que a Princesa Isabel mais gostava? Valsa.,0,0,3.271484375,-3.01953125,-6.291015625,0.9981505274772644,0.0018494504038244486,True
5.3605.H,5.3605,H,Qual a banda que mais faz sucesso entre os jovens na internet? U2be.,1,1,-2.361328125,2.658203125,5.01953125,0.0065642488189041615,0.9934357404708862,True
4.598.N,4.598,N,Estou a pensar começar uma relação com a minha amiga . Ao menos ela sabe dar-me o devido valor.,0,0,1.380859375,-1.61328125,-2.994140625,0.9523086547851562,0.047691281884908676,True
5.2988.H,5.2988,H,Qual microorganismo é sempre passado pra trás? Protozotário.,1,1,-2.92578125,3.3046875,6.23046875,0.001964661292731762,0.9980353713035583,True
5.3315.N,5.3315,N,Em qual cidade o santo é guia turístico? Ouro Preto.,0,0,3.38671875,-3.17578125,-6.5625,0.9985895752906799,0.0014103582361713052,True
5.964.N,5.964,N,Qual é a cantora que tomou conta do Menino Jesus? Gal Costa.,0,0,3.251953125,-3.142578125,-6.39453125,0.9983320832252502,0.0016678821993991733,True
5.3367.H,5.3367,H,Como se chamam quatro pessoas azaradas? In four túnio.,1,1,-3.02734375,3.29296875,6.3203125,0.0017961491830646992,0.9982038736343384,True
5.4059.H,5.4059,H,Qual cantor de Rap nunca chega antes? Marcelo Depois.,1,1,-2.68359375,3.0703125,5.75390625,0.0031603528186678886,0.9968396425247192,True
5.3327.H,5.3327,H,Quais são os ídolos do Silvio Santos no esporte? Pelé-Senna.,1,0,2.220703125,-1.849609375,-4.0703125,0.9832144975662231,0.01678548939526081,False
5.561.N,5.561,N,Qual personagem do Star Wars? xubaca.,0,1,-0.57763671875,0.8544921875,1.43212890625,0.1927671730518341,0.8072327971458435,False
5.4057.N,5.4057,N,Qual rapper nasceu na Itália? MC Romano.,0,1,-0.53759765625,0.8671875,1.40478515625,0.19705787301063538,0.802942156791687,False
5.1349.H,5.1349,H,"Qual é o contrário de volátil? Vem cá, sobrinho.",1,1,-2.166015625,2.099609375,4.265625,0.013848611153662205,0.986151397228241,True
4.737.H,4.737,H,Que nome se dá a uma manifestação de bêbados? Alcoólicos Anonymous.,1,0,0.05670166015625,0.053436279296875,-0.003265380859375,0.5008163452148438,0.49918365478515625,False
5.3257.H,5.3257,H,Qual o veículo favorito do gay misterioso? Bisecreta.,1,0,1.9267578125,-1.9267578125,-3.853515625,0.9792352318763733,0.02076473832130432,False
5.4088.N,5.4088,N,Qual é a dupla viciada em drogas? Zezé de Camargo e Luciano.,0,0,3.5,-3.02734375,-6.52734375,0.9985392093658447,0.0014607493067160249,True
5.2846.N,5.2846,N,Qual escritor era o mais nojento? Fernando Pessoa,0,0,3.068359375,-2.751953125,-5.8203125,0.9970421195030212,0.002957902615889907,True
4.744.H,4.744,H,Onde nasceu o Harry Potter? Salvaterra de Magos.,1,1,-3.138671875,3.146484375,6.28515625,0.0018602984491735697,0.9981397390365601,True
4.465.H,4.465,H,O que recebe um filho quando tem boas notas? Uma mesada. E quando tem más notas? Uma cadeirada.,1,1,-1.62109375,1.8203125,3.44140625,0.03102618083357811,0.9689738154411316,True
4.23.H,4.23,H,Que nome se dá a um cão que adivinha o futuro? Cãoguru.,1,1,-1.60546875,1.833984375,3.439453125,0.031084952875971794,0.9689150452613831,True
4.744.N,4.744,N,Onde nasceu o Gregório Fernandes? Salvaterra de Magos.,0,1,-3.12109375,3.0859375,6.20703125,0.0020111585035920143,0.9979888200759888,False
5.1237.H,5.1237,H,Qual o tio que faz pesquisa sobre o câncer? O Uncle Logista.,1,1,-2.814453125,3.021484375,5.8359375,0.002912178635597229,0.9970878958702087,True
5.1061.N,5.1061,N,Qual doença temos que coletar esperma? Prostatite.,0,0,0.77978515625,-0.52783203125,-1.3076171875,0.7871142029762268,0.21288587152957916,True
4.127.N,4.127,N,Porque é que as pessoas honestas têm dificuldade em tirar a carteira a alguém? Porque não gostam de tirar o que quer que seja a ninguém.,0,0,1.689453125,-1.5634765625,-3.2529296875,0.9627782702445984,0.037221759557724,True
5.1386.H,5.1386,H,Qual é o aplicativo de encontros onde as pessoas só falam numa língua morta? Latinder.,1,1,-1.544921875,1.599609375,3.14453125,0.04130730777978897,0.9586926698684692,True
5.2877.N,5.2877,N,Qual a marca de roupa predileta do proctologista? Abercrombie & Fitch!,0,1,-2.298828125,2.5234375,4.822265625,0.007984270341694355,0.9920157194137573,False
4.655.N,4.655,N,Hoje a São acordou toda molhada . O que aconteceu? Choveu.,0,0,2.71875,-2.50390625,-5.22265625,0.9946358799934387,0.0053640566766262054,True
5.3621.N,5.3621,N,Qual é a cantora que faz mais sucesso no Natal? Simone.,0,0,3.349609375,-3.025390625,-6.375,0.9982993006706238,0.0017007224960252643,True
5.192.N,5.192,N,"Qual é o nome do grupo que toca música de macumba, mas só tem um integrante? Legião Urbana.",0,0,3.234375,-2.923828125,-6.158203125,0.9978883862495422,0.002111583948135376,True
5.1759.N,5.1759,N,Qual é o lutador do Mortal Kombat preferido pelo mosquito aedes aegypti? Sangue Azul.,0,1,-1.64453125,1.5810546875,3.2255859375,0.038214150816202164,0.9617859125137329,False
5.3264.N,5.3264,N,Qual o produto de limpeza mais animado? Multiuso.,0,1,-0.87451171875,1.044921875,1.91943359375,0.12792475521564484,0.8720752596855164,False
5.3662.H,5.3662,H,Qual é a novela preferida dos dubladores? O Rei Dublado,1,1,-0.83642578125,1.1044921875,1.94091796875,0.12554705142974854,0.8744529485702515,True
4.127.H,4.127,H,Porque é que as pessoas honestas têm dificuldade em tirar a carta? Porque não gostam de tirar o que quer que seja a ninguém.,1,0,1.1650390625,-1.19140625,-2.3564453125,0.9134451746940613,0.08655482530593872,False
5.849.H,5.849,H,Por que a namorada do Mickey quando não está bem começa a organizar as coisas? Porque ela é Minnie Má Lista.,1,1,-3.154296875,3.501953125,6.65625,0.0012843082658946514,0.9987157583236694,True
5.1035.H,5.1035,H,Qual animal usa calça de cintura baixa? A SAINT-TROPEIA,1,1,-3.046875,3.44921875,6.49609375,0.0015070487279444933,0.998492956161499,True
5.1947.N,5.1947,N,O que pediram pro velho no dentista? A Carteira de Motorista.,0,0,3.361328125,-3.072265625,-6.43359375,0.9983958601951599,0.0016040890477597713,True
4.263.H,4.263,H,"Um boi e uma vaca passaram uma noite num motel. Quem pagou? Os dois, fizeram uma vaquinha.",1,1,-0.58349609375,0.58447265625,1.16796875,0.2372223287820816,0.7627776861190796,True
5.2491.H,5.2491,H,Qual é a dupla sertaneja favorita dos leões? Leãodro e Leãonardo.,1,1,-2.203125,2.533203125,4.736328125,0.008694533258676529,0.991305410861969,True
5.3323.N,5.3323,N,Qual doce favorito do Bolsonaro? Cocada.,0,0,3.36328125,-3.16015625,-6.5234375,0.9985334873199463,0.0014664583140984178,True
4.420.H,4.420,H,Porque é que a joaninha foi à farmácia? Foi comprar creme para os pontos negros.,1,1,-1.154296875,0.97607421875,2.13037109375,0.10617976635694504,0.8938201665878296,True
5.1970.H,5.1970,H,O que o indiano faz ao cortar unha? Pedecurry ,1,1,-2.248046875,2.443359375,4.69140625,0.009090384468436241,0.9909096360206604,True
5.2324.N,5.2324,N,Por que os países da Europa vivem bagunçados? Por causa da União Européia.,0,0,2.6953125,-2.533203125,-5.228515625,0.9946671724319458,0.005332885775715113,True
5.766.N,5.766,N,Qual o bairro de SP favorito do Schwarzenegger?   A Bela Vista.,0,0,2.552734375,-2.306640625,-4.859375,0.9923043847084045,0.007695647422224283,True
4.563.N,4.563,N,O que come um drogado ao pequeno-almoço? Ovos.,0,0,3.416015625,-3.138671875,-6.5546875,0.9985785484313965,0.001421404187567532,True
5.3094.N,5.3094,N,Qual o nome do cinema pra veganos? Cinemark.,0,0,2.9453125,-2.6875,-5.6328125,0.996434211730957,0.0035657368134707212,True
5.2535.H,5.2535,H,Por que o cavaquinho andava tão arrogante? Porque ele disse: sou um ex banjo!,1,1,-3.01953125,3.1796875,6.19921875,0.002026899950578809,0.9979731440544128,True
4.56.H,4.56,H,Porque é que os carpinteiros são bons a fazer contas? Porque tabuada é com eles.,1,1,-1.2216796875,1.23828125,2.4599609375,0.07871317118406296,0.9212868809700012,True
5.2661.H,5.2661,H,Quais as três letras que te perguntam o motivo de tudo? K d q?,1,1,-2.984375,3.2734375,6.2578125,0.001911769388243556,0.9980881810188293,True
5.1073.N,5.1073,N,"Qual filme conta a história do casal mais perdido do mundo em beira-mar? "" Procurando; né, mô? """,0,1,-2.54296875,2.9140625,5.45703125,0.004248078912496567,0.9957518577575684,False
5.184.N,5.184,N,Qual é o cantor que acha tudo um exagero? Jão.,0,0,3.333984375,-3.076171875,-6.41015625,0.9983579516410828,0.0016420666361227632,True
5.2140.H,5.2140,H,Por que a irmã ficou doente depois de pregar muito? Porque ficou com salmo nela.,1,1,-2.107421875,2.068359375,4.17578125,0.015130727551877499,0.9848692417144775,True
5.1739.N,5.1739,N,Qual é o pintor que vai para Aparecida a pé? O Edu de Barros.,0,1,-0.98583984375,0.89111328125,1.876953125,0.13273923099040985,0.867260754108429,False
5.683.H,5.683,H,Qual é a jornalista mais genérica do mundo? Ana Paula Padrão.,1,1,-2.763671875,3.25,6.013671875,0.0024391296319663525,0.9975608587265015,True
5.1286.H,5.1286,H,Qual o nome do piloto do dirigível? José Pelin.,1,0,3.33203125,-3.064453125,-6.396484375,0.9983354210853577,0.001664633397012949,False
4.540.N,4.540,N,Que carro conduz a professora de matemática? Um Jeep.,0,0,3.412109375,-2.849609375,-6.26171875,0.998095691204071,0.0019043302163481712,True
5.163.N,5.163,N,"O que o amigo falou no último domingo do ano? Essas férias, bicho.",0,1,-1.5771484375,1.64453125,3.2216796875,0.03835797682404518,0.9616420269012451,False
5.830.H,5.830,H,Qual a escola de inglês dos nordestinos? CCArá.,1,1,-2.296875,2.560546875,4.857421875,0.007710576057434082,0.9922893643379211,True
5.3315.H,5.3315,H,Em qual cidade o santo é guia turístico? São Tomé dá a Letra.,1,1,-2.734375,2.888671875,5.623046875,0.0036006032023578882,0.9963994026184082,True
4.709.N,4.709,N,"Se a Terra é redonda, por que é que se chama "" planeta "" e não "" bola ""?",0,0,1.46875,-1.2841796875,-2.7529296875,0.940078616142273,0.05992140620946884,True
5.3284.N,5.3284,N,Qual banda dá um toque dizendo que não tá bem? Banda Uó,0,0,2.408203125,-2.03125,-4.439453125,0.9883352518081665,0.011664719320833683,True
5.1181.H,5.1181,H,Qual tipo de carne usada por churrasqueiros sovinas? Mão de Vaca.,1,0,0.4091796875,-0.251953125,-0.6611328125,0.659514844417572,0.34048518538475037,False
5.95.H,5.95,H,Qual é a cantora que aposta na carreira? Investe Sangalo.,1,1,-1.7470703125,2.041015625,3.7880859375,0.02213771641254425,0.9778622388839722,True
5.1226.H,5.1226,H,Por que o Ronaldo teve que dar satisfação na delegacia depois de perder um penalty? Porque pegou no Travecão.,1,1,-3.5,3.654296875,7.154296875,0.0007808884838595986,0.9992190599441528,True
1.6.H,1.6,H,"Você sabe qual é a montanha mais limpa de todas? O vulcão. Porque primeiro solta cinzas. E depois, lava.",1,0,2.408203125,-2.205078125,-4.61328125,0.9901782274246216,0.009821793995797634,False
5.3622.N,5.3622,N,Qual o resultado do cruzamento do Pikachu com Peter Quill? Uma briga.,0,0,3.02734375,-2.689453125,-5.716796875,0.9967206120491028,0.0032794433645904064,True
4.153.N,4.153,N,O que é que as crianças comem ao pequeno almoço? Papa.,0,0,3.30078125,-3.02734375,-6.328125,0.998217761516571,0.001782196224667132,True
5.3091.N,5.3091,N,Qual ator não para de fumar? Steven Seagal.,0,0,3.373046875,-3.126953125,-6.5,0.998498797416687,0.0015011822106316686,True
5.2088.H,5.2088,H,O que perguntaram pro Silvio Santos quando ele voltou da Itália ? O que A Show do Milão ? ,1,1,-2.607421875,2.896484375,5.50390625,0.0040543340146541595,0.9959456324577332,True
5.2578.H,5.2578,H,Qual o programa favorito dos gaúchos? The Noitchê.,1,1,-2.556640625,2.974609375,5.53125,0.003945406526327133,0.9960545301437378,True
5.687.N,5.687,N,O que os moradores de rua falam em louvor a Deus? Amém ...,0,0,2.2109375,-1.982421875,-4.193359375,0.9851289987564087,0.014871003106236458,True
5.1888.H,5.1888,H,Em qual órgão mundial mais tiram fotos? Uniself ,1,1,-0.697265625,1.0107421875,1.7080078125,0.1534222811460495,0.8465777039527893,True
5.1285.N,5.1285,N,Qual a cidade favorita do comediante Mussão? Teresina.,0,0,3.267578125,-3.0546875,-6.322265625,0.9982073307037354,0.001792650786228478,True
5.2783.H,5.2783,H,Qual o nome da irmã do Pinóquio? Narisis Valverde.,1,1,-3.080078125,3.162109375,6.2421875,0.0019418168812990189,0.9980581402778625,True
4.105.H,4.105,H,Recementecemente foi descoberta uma nova doença na manteiga. Parece que se espalha com muita facilidade.,1,0,0.89794921875,-0.83642578125,-1.734375,0.8499711751937866,0.15002882480621338,False
5.984.N,5.984,N,Levei meu carro na feira ao invés de levar para a oficina . Qual é o nome do filme? Em Ritmo de Fuga.,0,0,1.615234375,-1.3623046875,-2.9775390625,0.9515490531921387,0.04845096170902252,True
5.802.N,5.802,N,Qual cantora sempre pede livros infantis? Marisa Monte,0,0,3.556640625,-3.23046875,-6.787109375,0.9988730549812317,0.0011269539827480912,True
5.1530.H,5.1530,H,"Qual a banda que não pode andar de avião, pois nunca passa na segurança do aeroporto? Metallica.",1,0,2.82421875,-2.52734375,-5.3515625,0.9952816367149353,0.004718369338661432,False
5.3804.H,5.3804,H,Como falece quem peida muito? Infart.,1,1,-1.52734375,1.509765625,3.037109375,0.04577726870775223,0.9542226791381836,True
5.3197.N,5.3197,N,O que faz o jardineiro perder a cabeça? Infestação de insetos,0,0,2.6484375,-2.302734375,-4.951171875,0.9929746389389038,0.007025407627224922,True
5.2056.H,5.2056,H,Qual é o jogo da pessoa gripada? Over atchim ,1,1,-3.189453125,3.513671875,6.703125,0.0012255675392225385,0.9987744688987732,True
5.3478.N,5.3478,N,Com qual marcha o porco anda? Devagar.,0,0,3.08203125,-2.990234375,-6.072265625,0.9976993203163147,0.002300637774169445,True
4.535.H,4.535,H,O que é mil vezes melhor do que o Instagram? O Instaquilogram.,1,1,-1.8779296875,2.36328125,4.2412109375,0.014186017215251923,0.9858140349388123,True
5.2434.N,5.2434,N,Qual o contrário de salmão? oamlas.,0,1,-0.320068359375,0.62841796875,0.948486328125,0.2791893184185028,0.7208106517791748,False
5.409.H,5.409,H,Qual a história sobre a princesa adolescente que não gostava de cobrir os pés? A Pequena Sem Meia,1,1,-1.5205078125,2.17578125,3.6962890625,0.024214548990130424,0.9757854342460632,True
5.378.N,5.378,N,Qual remédio pode ser comprado na padaria? O paracetamol,0,0,1.740234375,-1.5126953125,-3.2529296875,0.9627782702445984,0.037221759557724,True
5.3005.N,5.3005,N,Qual é a carne que volta muito mais rápido do que vai? Carne mal cozida.,0,0,2.45703125,-2.275390625,-4.732421875,0.9912716746330261,0.008728266693651676,True
5.1685.N,5.1685,N,Qual é o remédio que se compra quando vai à padaria? Tylenol.,0,0,3.0,-2.822265625,-5.822265625,0.9970478415489197,0.002952147740870714,True
5.3947.H,5.3947,H,Qual título da nobreza ficou vermelho quando foi promovido ? Condecorado.,1,0,3.224609375,-3.107421875,-6.33203125,0.9982247948646545,0.0017752605490386486,False
5.470.N,5.470,N,Qual personagem do programa do Bozo vivia cheio de fungo? Nenhum.,0,0,3.408203125,-3.109375,-6.517578125,0.9985249638557434,0.0014750633854418993,True
4.54.N,4.54,N,Como se manda calar uma rapariga numa sessão de cinema do Star Wars? Silêncio!,0,0,2.900390625,-2.814453125,-5.71484375,0.9967142343521118,0.003285833168774843,True
4.748.N,4.748,N,"Até vos contava uma piada sobre mim, mas vocês não iam apanhar.",0,0,1.1044921875,-1.0751953125,-2.1796875,0.8984104990959167,0.10158944129943848,True
5.575.H,5.575,H,Qual a cor do medo? A cor varde.,1,1,-2.41015625,2.783203125,5.193359375,0.005522650200873613,0.9944773316383362,True
5.3622.H,5.3622,H,Qual o resultado do cruzamento do Pikachu com Peter Quill? Pika das Galáxias.,1,1,-2.87109375,3.140625,6.01171875,0.0024438865948468447,0.9975560903549194,True
4.418.N,4.418,N,"Qual é o masculino de "" tábua ""? Eu digo, é tabu.",0,0,0.70751953125,-0.5830078125,-1.29052734375,0.7842364311218262,0.21576356887817383,True
5.3327.N,5.3327,N,Quais são os ídolos do Silvio Santos no esporte? Pelé e Garrincha.,0,0,3.4140625,-3.060546875,-6.474609375,0.9984602928161621,0.0015397267416119576,True
4.82.N,4.82,N,O que é um ponto rosa no chão? Uma grainha.,0,0,0.76513671875,-0.58447265625,-1.349609375,0.7940657734870911,0.20593424141407013,True
5.2821.N,5.2821,N,Qual organização vai entrar com uma ação contra os crimes cometidos na língua portuguesa? OAB Cedário,0,1,-2.798828125,3.267578125,6.06640625,0.0023141265846788883,0.9976859092712402,False
5.3289.H,5.3289,H,Qual programa de TV mais pobre do mundo? Somáliação.,1,1,-1.486328125,2.0,3.486328125,0.02970374934375286,0.9702962636947632,True
5.3354.H,5.3354,H,Qual bebida consumida na cordilheira? Refrigerandes.,1,1,-3.05859375,3.02734375,6.0859375,0.0022694687359035015,0.997730553150177,True
5.3071.N,5.3071,N,Como se chama o ato da pessoa crescer na vida por ser bonita? Desfilar.,0,0,3.150390625,-2.6640625,-5.814453125,0.9970247149467468,0.002975233132019639,True
5.1386.N,5.1386,N,Qual é o aplicativo de encontros onde as pessoas só falam numa língua morta? Tinder.,0,0,2.482421875,-2.427734375,-4.91015625,0.9926826357841492,0.007317397743463516,True
5.1980.N,5.1980,N,Qual o dispositivo usado pra enxergar melhor uma determinada nota musical? Lente,0,0,3.201171875,-2.748046875,-5.94921875,0.9973989725112915,0.0026010938454419374,True
4.662.N,4.662,N,"Decidi começar a usar um pano nas cuecas . Assim, sempre que me peido liberto gás cheiroso.",0,1,-2.1484375,2.427734375,4.576171875,0.010189337655901909,0.9898107051849365,False
5.2334.H,5.2334,H,Qual é o locutor esportivo que fica sempre chamando as pessoas? Psiuvio Luiz.,1,1,-2.734375,3.0859375,5.8203125,0.002957902615889907,0.9970421195030212,True
5.3318.N,5.3318,N,Qual é o sambista menos peludo? Zeca Pagodinho.,0,0,3.416015625,-3.1640625,-6.580078125,0.9986141920089722,0.0013858177699148655,True
3.7.H,3.7,H,"O que é um pontinho amarelo na limusine? É um ""milhonário"".",1,1,-2.826171875,2.88671875,5.712890625,0.0032922360114753246,0.9967076778411865,True
5.3091.H,5.3091,H,Qual ator não para de fumar? Steven Seagarro.,1,1,-2.95703125,3.392578125,6.349609375,0.0017443812685087323,0.9982555508613586,True
4.352.N,4.352,N,Qual é a diferença entre um boneco de neve e uma boneca de neve? As roupas de neve.,0,0,3.107421875,-2.61328125,-5.720703125,0.9967333078384399,0.003266699379310012,True
5.2843.H,5.2843,H,Qual padre falava tudo que pensava? Padre Síncero ,1,1,-2.462890625,2.837890625,5.30078125,0.004962942097336054,0.9950370192527771,True
4.604.H,4.604,H,Qual é a semelhança entre os cães e os anéis de ouro? Há alguns quilate.,1,1,-3.302734375,3.4921875,6.794921875,0.0011181936133652925,0.9988817572593689,True
5.3163.N,5.3163,N,Por que a pessoa que não melhora de vida não quebra as coisas nunca? Porque tá prestando atenção.,0,0,1.861328125,-1.74609375,-3.607421875,0.9735944867134094,0.026405520737171173,True
5.309.N,5.309,N,Por que a música portuguesa me encanta? Porque é um misto de emoções.,0,0,2.734375,-2.583984375,-5.318359375,0.9951230883598328,0.004876886494457722,True
5.693.H,5.693,H,Qual é a bebida que conecta com seu celular? Red Bluetooth.,1,1,-2.05078125,2.220703125,4.271484375,0.013768816366791725,0.9862311482429504,True
5.2285.H,5.2285,H,Qual personagem histórico mais gostava de lutas? Martinho Luteiro ,1,1,-3.001953125,3.2265625,6.228515625,0.001968494849279523,0.9980314373970032,True
4.182.N,4.182,N,Por que é que a ASAE fechou a cantina? Porque comiam todos do mesmo tacho.,0,0,1.0009765625,-1.0830078125,-2.083984375,0.8893368244171143,0.11066323518753052,True
5.420.H,5.420,H,Qual fruta nasce às margens do Rio Negro? Só-limões.,1,1,-2.943359375,3.3046875,6.248046875,0.0019304942106828094,0.9980695843696594,True
5.1825.N,5.1825,N,Por que o cavaquinho andava tão arrogante? Porque ele disse: sou um sucesso!,0,0,2.03125,-1.7783203125,-3.8095703125,0.9783226251602173,0.021677374839782715,True
4.680.N,4.680,N,Uma vez apaixonei-me por uma pessoa que só sabia três vogais . Ela não sabia que consoante existia.,0,0,1.9658203125,-1.919921875,-3.8857421875,0.9798805117607117,0.020119478926062584,True
5.439.N,5.439,N,Onde o Drácula precisa levar seu carro todo ano? No mecânico,0,0,0.75830078125,-0.66845703125,-1.4267578125,0.8063956499099731,0.19360435009002686,True
5.2656.H,5.2656,H,Por que o cantor colocou cocaína no chão? Porque ele queria uma carreira solo.,1,0,2.544921875,-2.287109375,-4.83203125,0.9920926690101624,0.007907291874289513,False
2.16.N,2.16,N,Qual é o doce preferido dos átomos? Pé-de-moleque.,0,0,2.732421875,-2.55859375,-5.291015625,0.9949886202812195,0.005011402070522308,True
4.440.N,4.440,N,Como se chama um homem com unhas compridas? É o João.,0,0,2.79296875,-2.431640625,-5.224609375,0.9946463704109192,0.005353646818548441,True
4.117.N,4.117,N,O que é que é de graça mas tem que se registar? Os serviços de um produto digital.,0,0,2.353515625,-2.12109375,-4.474609375,0.9887337684631348,0.011266295798122883,True
5.3981.N,5.3981,N,Qual o super herói dono de uma igreja? Hulk.,0,0,3.498046875,-3.240234375,-6.73828125,0.998816728591919,0.0011832797899842262,True
5.3665.N,5.3665,N,O cara reclamou do vaso trincado e a namorada ficou com a boca cheia d'água . Por que? Porque o cara exclamou: temos que arrumar isso!,0,0,2.1171875,-2.02734375,-4.14453125,0.9843964576721191,0.015603533945977688,True
4.388.N,4.388,N,Hoje passei por uma família de cães na rua . Foi ali em Famalicão.,0,0,1.1328125,-0.96484375,-2.09765625,0.8906751871109009,0.10932483524084091,True
5.4035.N,5.4035,N,"Por que o nariz, às vezes, sente cheiro de arrogância? Por causa da humildade do ar.",0,1,-3.083984375,3.51953125,6.603515625,0.001353758736513555,0.9986461997032166,False
4.325.N,4.325,N,"É tão difícil ser professor de natação...Uma pessoa ensina, ensina, ensina...e o aluno não aprende!",0,0,1.9873046875,-1.708984375,-3.6962890625,0.9757854342460632,0.024214548990130424,True
5.670.H,5.670,H,Qual é a música em que o sobrinho do Michael Jackson nos convida a assistir a um moonwalk feito pelos Jackson Five? Tios em ré... vem!,1,1,-2.744140625,3.25,5.994140625,0.0024871176574379206,0.997512936592102,True
5.2820.N,5.2820,N,Cantora que sempre fez dieta? Elis Regina,0,0,3.5234375,-3.236328125,-6.759765625,0.9988418221473694,0.0011581579456105828,True
5.3166.N,5.3166,N,Por que o jardineiro estava passando necessidade? Andava meio sem dinheiro.,0,0,1.7666015625,-1.8232421875,-3.58984375,0.9731387495994568,0.026861201971769333,True
5.4088.H,5.4088,H,Qual é a dupla viciada em drogas? Pitaunzinho & Cheirumpó.,1,1,-2.857421875,3.17578125,6.033203125,0.0023920657113194466,0.997607946395874,True
5.2368.N,5.2368,N,Qual rockeiro não usa drogas e nem sacaneia os outros? O Gene Simmons,0,0,3.23046875,-2.828125,-6.05859375,0.9976677298545837,0.0023322340566664934,True
4.131.H,4.131,H,Qual é o jogo preferido das batatas fritas? É o Monop-óleo.,1,1,-3.126953125,3.34765625,6.474609375,0.0015397267416119576,0.9984602928161621,True
5.2041.N,5.2041,N,Qual é a padroeira da construção civil? Frei de Sant´Ana Galvão,0,1,-0.95751953125,1.24609375,2.20361328125,0.09942648559808731,0.9005734920501709,False
5.3005.H,5.3005,H,Qual é a carne que volta muito mais rápido do que vai? Carne mó ida.,1,1,-3.21875,3.41796875,6.63671875,0.0013096056645736098,0.9986904263496399,True
5.3094.H,5.3094,H,Qual o nome do cinema pra veganos? Quinoaplex.,1,1,-0.677734375,0.9091796875,1.5869140625,0.16981850564479828,0.8301814794540405,True
5.3364.N,5.3364,N,O que os homens em Rio Branco costumam beber? Pinga.,0,0,3.287109375,-3.041015625,-6.328125,0.998217761516571,0.001782196224667132,True
5.3736.N,5.3736,N,Qual clube campeão da Libertadores consegue segurar bebês gêmeos? Lanus.,0,1,-2.09375,2.474609375,4.568359375,0.010268432088196278,0.98973149061203,False
5.3789.H,5.3789,H,Qual o vinho predileto do Lamartine Babo? Merlô.,1,1,-2.451171875,2.576171875,5.02734375,0.006513499189168215,0.9934865236282349,True
5.1738.H,5.1738,H,Qual o nome da manobra mais arriscada que apenas Suellen e Aparecida foram capazes de fazer? Manobra Su e Cida.,1,1,-3.24609375,3.48828125,6.734375,0.0011879054363816977,0.9988120794296265,True
5.95.N,5.95,N,Qual é a cantora que aposta na carreira? Ivete Sangalo.,0,0,3.37109375,-3.162109375,-6.533203125,0.9985477328300476,0.001452227937988937,True
4.317.H,4.317,H,Como é que se trava um carro desportivo? Coupé.,1,0,1.7626953125,-1.951171875,-3.7138671875,0.9761973023414612,0.023802664130926132,False
4.586.N,4.586,N,Porque é que as aulas da professora vesga são sempre uma balbúrdia? Porque ela tem dificuldade em controlar os seus alunos.,0,0,0.49951171875,-0.357666015625,-0.857177734375,0.7020706534385681,0.2979293465614319,True
5.1329.H,5.1329,H,O que é uma maconha enrolada num jornal? Um baseado em fatos reais.,1,1,-1.4267578125,1.33984375,2.7666015625,0.05915587395429611,0.9408441781997681,True
5.1184.N,5.1184,N,Qual ex-presidente dos Estados Unidos ama fazer obras? Bill Clinton.,0,0,3.357421875,-3.166015625,-6.5234375,0.9985334873199463,0.0014664583140984178,True
5.1343.H,5.1343,H,O Batman vestiu seu Batblazer e seu Batsapato social. Para onde ele foi? Para o Batzado.,1,1,-3.19921875,3.421875,6.62109375,0.0013302015140652657,0.9986698627471924,True
5.678.N,5.678,N,Como se chama o cara que pensa primeiro nos outros e depois em si mesmo? Pedro.,0,0,2.71484375,-2.35546875,-5.0703125,0.9937587976455688,0.006241259165108204,True
5.2926.H,5.2926,H,Qual fruta prevê o futuro ? Li mão,1,1,-3.064453125,2.931640625,5.99609375,0.0024822766426950693,0.9975177049636841,True
4.376.N,4.376,N,"Havia uma mulher tão bonita, tão bonita, que uma vez foi a um concurso de beleza e ganhou de caras.",0,0,1.5361328125,-1.4921875,-3.0283203125,0.9538372755050659,0.04616272822022438,True
5.3111.H,5.3111,H,O que o Galvão falou para um pássaro? Caca tuuuuua... Taffarel!,1,1,-3.1015625,3.51171875,6.61328125,0.0013406204525381327,0.9986593723297119,True
4.563.H,4.563,H,O que come um drogado ao pequeno-almoço? Papas da veia.,1,1,-2.576171875,2.9375,5.513671875,0.004015091806650162,0.9959849119186401,True
5.1221.H,5.1221,H,Qual o jornalista esportivo mais pesado? 1000 ton. Neves.,1,1,-2.953125,3.439453125,6.392578125,0.0016711376374587417,0.9983288645744324,True
5.2987.H,5.2987,H,Qual microorganismo é viciado em drogas? Protousuário.,1,1,-2.775390625,3.314453125,6.08984375,0.0022606404963880777,0.997739315032959,True
5.2435.N,5.2435,N,Quais jogadores de basquete fundaram Brasília? Kobe Bryant e Michael Jordan .,0,0,2.966796875,-2.609375,-5.576171875,0.9962272644042969,0.0037727474700659513,True
4.432.H,4.432,H,"Um homem tentou comer 1000 passas, mas chegou às 999 e desistiu. Qual é o filme? Mil São Impossível.",1,1,-2.5,2.5390625,5.0390625,0.0064381021074950695,0.993561863899231,True
4.193.H,4.193,H,"Hoje, vinte mulheres convidaram-me para sair. Nunca mais entro no WC das mulheres.",1,0,0.57421875,-0.35400390625,-0.92822265625,0.7167145609855652,0.2832854390144348,False
4.199.N,4.199,N,O que é um rodapé? É um homem que costumava ter carro mas que agora anda a pé.,0,0,0.3203125,-0.354736328125,-0.675048828125,0.6626327633857727,0.3373672366142273,True
5.3704.H,5.3704,H,Onde o Sílvio conseguiu comprar novelas tão ruins? Na porta da espelunca!,1,1,-2.06640625,1.8388671875,3.9052734375,0.01973801665008068,0.980262041091919,True
4.638.H,4.638,H,"O amor é como um jogo de sueca. Ou se tem um bom parceiro, ou o melhor mesmo é ter uma boa mão.",1,1,-1.39453125,1.267578125,2.662109375,0.0652465671300888,0.93475341796875,True
5.140.N,5.140,N,Qual cantor nunca fica preso? MC Livinho.,0,0,0.28466796875,0.0259857177734375,-0.2586822509765625,0.5643123388290405,0.4356876611709595,True
5.1221.N,5.1221,N,Qual o jornalista esportivo mais pesado? Milton Neves.,0,0,3.3828125,-3.08203125,-6.46484375,0.9984452128410339,0.0015548133524134755,True
4.36.N,4.36,N,Uma loira viu um jogo de futebol que acabou 1-0 . Qual foi o seu jogador preferido? O Vidoso . Porque o golo foi dele.,0,1,-0.93798828125,1.2578125,2.19580078125,0.10012821108102798,0.8998717665672302,False
5.143.N,5.143,N,Qual é o elemento químico mais nervoso que existe? Flúor.,0,0,2.962890625,-2.732421875,-5.6953125,0.9966495633125305,0.0033504231832921505,True
4.702.H,4.702,H,O meu carro foi roubado. E o da Nelly Furtado.,1,1,-0.322509765625,0.0040435791015625,0.3265533447265625,0.4190794825553894,0.5809205174446106,True
4.679.N,4.679,N,O que acontece quando pões especiarias no salmão? Apanhas salmonella.,0,1,-2.53515625,2.599609375,5.134765625,0.005853960290551186,0.9941459894180298,False
4.5.H,4.5,H,Hoje caí e entornei meu leite com chocolate. Molhei-me Toddynho.,1,1,-3.322265625,3.556640625,6.87890625,0.0010282107396051288,0.9989718198776245,True
5.1325.N,5.1325,N,O que aconteceu quando o policial olhou no espelho? O polícia se achou.,0,0,1.6259765625,-1.6865234375,-3.3125,0.9648551344871521,0.03514484688639641,True
4.603.N,4.603,N,O que acontece quando chove em Inglaterra? Fica tudo molhado.,0,0,3.205078125,-2.85546875,-6.060546875,0.9976722598075867,0.0023276936262845993,True
5.1084.H,5.1084,H,Qual carro não sai da cabeça das pessoas?  Lêndia Rover,1,1,-1.4853515625,1.4130859375,2.8984375,0.05223085731267929,0.9477691650390625,True
4.281.H,4.281,H,Porque é que a galinha fez um striptease na capoeira? Para chocar os ovos.,1,1,-0.327392578125,0.0095062255859375,0.3368988037109375,0.4165629744529724,0.5834370255470276,True
4.209.H,4.209,H,Em que parte da cidade há mais restaurantes italianos? No espar-gueto.,1,1,-3.064453125,3.4296875,6.494140625,0.0015099906595423818,0.9984899759292603,True
5.781.N,5.781,N,Qual cantor eu quero que repare em mim? Harry Styles.,0,0,3.376953125,-3.091796875,-6.46875,0.9984512329101562,0.001548761036247015,True
4.721.N,4.721,N,Como se sabe que Paulo tomava viagra? Foi o homem que mais tempo manteve a erecção.,0,0,1.72265625,-1.716796875,-3.439453125,0.9689150452613831,0.031084952875971794,True
4.370.N,4.370,N,"É boa ideia comprar um relógio em forma de peixe? Não, é um gasto de tempo.",0,0,1.970703125,-1.986328125,-3.95703125,0.9812389612197876,0.018761085346341133,True
5.2399.N,5.2399,N,Qual é o jogo que no final sempre dá merda? Futebol.,0,0,3.14453125,-2.861328125,-6.005859375,0.9975417852401733,0.002458212897181511,True
5.682.H,5.682,H,Qual é o nome de menino mais escolhido pelos pais nos Estados Unidos? The new son.,1,0,2.03125,-1.9267578125,-3.9580078125,0.9812568426132202,0.018743114545941353,False
5.736.N,5.736,N,Qual membro do governo começou a fumar? Presidente,0,0,3.39453125,-3.1640625,-6.55859375,0.9985841512680054,0.0014158703852444887,True
5.3071.H,5.3071,H,Como se chama o ato da pessoa crescer na vida por ser bonita? Meritogracinha.,1,1,-3.16796875,3.48046875,6.6484375,0.0012943680630996823,0.9987056255340576,True
5.1375.H,5.1375,H,"O que o espermatozoide falou para o óvulo? ""Deixa eu morar com você? Minha casa é um saco.""",1,0,1.919921875,-1.7861328125,-3.7060546875,0.9760151505470276,0.023984871804714203,False
4.534.N,4.534,N,Qual é a rádio mais ouvida ao pequeno-almoço? É a Rádio Comercial.,0,0,2.5234375,-2.28125,-4.8046875,0.9918753504753113,0.008124708198010921,True
4.532.H,4.532,H,Dizem que não percebo nada de comida mexicana... Nacho que seja assim tão burrito.,1,1,-2.953125,2.998046875,5.951171875,0.0025960314087569714,0.9974039196968079,True
5.2843.N,5.2843,N,Qual padre falava tudo que pensava? Padre Zeca,0,0,3.396484375,-3.19140625,-6.587890625,0.9986249208450317,0.001375047955662012,True
2.16.H,2.16,H,Qual é o doce preferido dos átomos? Pé-de-moléculas.,1,1,-3.365234375,3.4375,6.802734375,0.0011095014633610845,0.9988904595375061,True
5.2960.H,5.2960,H,Por que nenhum avião conseguia aterrizar direito? Porque estavam aterrissando no Aero Torto.,1,1,-3.046875,3.41796875,6.46484375,0.0015548133524134755,0.9984452128410339,True
4.202.H,4.202,H,"Como é que se diz ""sexo"" em árabe? Al-coitão.",1,1,-2.845703125,3.142578125,5.98828125,0.0025016965810209513,0.9974983334541321,True
5.3906.N,5.3906,N,Qual o nome do Gato do japonês? Ary.,0,0,3.279296875,-2.693359375,-5.97265625,0.9974589943885803,0.002540992572903633,True
5.262.N,5.262,N,Qual sambista não come? Martinho da Vila.,0,0,3.580078125,-3.3125,-6.892578125,0.9989857077598572,0.0010142631363123655,True
5.1542.H,5.1542,H,Por que não é bom guardar o kibe no freezer? Porque lá dentro ele esfiha.,1,1,-3.037109375,2.869140625,5.90625,0.002714985515922308,0.997285008430481,True
5.3855.N,5.3855,N,Qual o nome que se dá para o assassinato em massa na galáxia do universo da Marvel? Crimes simultâneos.,0,0,2.607421875,-2.30859375,-4.916015625,0.9927250146865845,0.0072749583050608635,True
4.506.N,4.506,N,Em 2018 não corri . Em 2019 não corri . Em 2020 não corri . Em 2021 ainda não corri . Esta piada não foi boa.,0,0,0.806640625,-1.0546875,-1.861328125,0.8654516339302063,0.13454832136631012,True
4.85.H,4.85,H,Porque é que nunca roubaram a mota do japonês? Porque ele compra Y-amaha.,1,1,-3.123046875,3.544921875,6.66796875,0.0012693642638623714,0.9987305998802185,True
5.2559.N,5.2559,N,Qual é o cantor que tá sempre na cena de um crime? Benito de Paula.,0,0,2.291015625,-1.810546875,-4.1015625,0.9837225079536438,0.016277460381388664,True
5.2955.N,5.2955,N,"Qual o nome do jogo que Jô Soares adora jogar quando cheira cocaína? Pedra, papel e tesoura.",0,0,2.8046875,-2.48828125,-5.29296875,0.9949983358383179,0.005001672077924013,True
5.1181.N,5.1181,N,Qual tipo de carne usada por churrasqueiros sovinas? Picanha.,0,0,2.966796875,-2.697265625,-5.6640625,0.9965435862541199,0.003456409787759185,True
5.776.N,5.776,N,O que o Pelé sente na pele? frio.,0,0,3.380859375,-2.958984375,-6.33984375,0.9982385635375977,0.001761469873599708,True
5.1834.N,5.1834,N,Qual farinha comprada pelos índios? Farinha de Tribo.,0,1,-2.84765625,3.244140625,6.091796875,0.002256239764392376,0.9977437257766724,False
5.159.H,5.159,H,O que disse o casal do Peru que teve um filho no Réveillon? Obrigado peruano maravilhoso que tivemos.,1,1,-2.205078125,2.177734375,4.3828125,0.01233609952032566,0.9876639246940613,True
5.1967.H,5.1967,H,Onde as bundas são conservadas? Na adega ,1,0,1.1982421875,-1.5029296875,-2.701171875,0.9370958209037781,0.0629042461514473,False
5.1255.N,5.1255,N,Por que as freiras não costumam variar seus namorados? Por que elas tem um rosário.,0,0,2.3515625,-2.265625,-4.6171875,0.9902161359786987,0.00978387612849474,True
5.3677.N,5.3677,N,Qual é o ator que mais está odiando esse ano? Babu Santana.,0,0,2.541015625,-2.4296875,-4.970703125,0.9931095838546753,0.006890459917485714,True
5.3804.N,5.3804,N,Como falece quem peida muito? Trombose.,0,0,2.90234375,-2.66796875,-5.5703125,0.9962051510810852,0.003794834017753601,True
5.2711.H,5.2711,H,Qual banda de pagode sempre tocava quando a gente tomava refrigerante? Sorriso Marroto.,1,1,0.0108489990234375,0.416015625,0.4051666259765625,0.4000716507434845,0.5999283790588379,True
4.534.H,4.534,H,Qual é a rádio mais ouvida ao pequeno-almoço? É a Rádio Comer-cereal.,1,1,-2.416015625,2.9140625,5.330078125,0.0048203435726463795,0.9951796531677246,True
5.3868.H,5.3868,H,Qual marca de eletrodoméstico virou presidente? BrasTrump.,1,1,-2.6484375,2.765625,5.4140625,0.004433765076100826,0.995566189289093,True
5.417.H,5.417,H,Qual é o doce mais pagodeiro que existe? A bala 7 BELO.,1,1,-2.955078125,3.333984375,6.2890625,0.0018530595116317272,0.9981470108032227,True
5.3585.H,5.3585,H,"Qual roqueiro que se fosse espanhol, teria nascido na quarta-feira? Fred Miércoles.",1,1,-2.57421875,2.826171875,5.400390625,0.00449452456086874,0.9955054521560669,True
5.2821.H,5.2821,H,Qual instituição vai entrar com uma ação contra os crimes cometidos na língua portuguesa? OAB Cedário ,1,1,-2.890625,3.3515625,6.2421875,0.0019418168812990189,0.9980581402778625,True
5.934.H,5.934,H,Qual é o seriado da Nickelodeon em que uma menina sempre caçoa de alguém e depois dá a bunda? Zoey 101.,1,1,-2.5078125,2.826171875,5.333984375,0.004801640752702951,0.9951984286308289,True
4.419.H,4.419,H,Um homem vai a cair dum prédio e a meio repara numa janela. Qual é o filme? Duro na queda.,1,0,0.94921875,-1.0048828125,-1.9541015625,0.875893235206604,0.12410682439804077,False
4.309.H,4.309,H,Qual é a doença que maata mais insectos? É a insectiSIDA.,1,1,-2.115234375,2.44140625,4.556640625,0.010388216935098171,0.9896118640899658,True
5.2099.H,5.2099,H,Qual é o local religioso preferido dos jogadores de basquete? O Vaquicano ,1,1,-2.978515625,3.380859375,6.359375,0.0017274586716666818,0.9982725381851196,True
5.3289.N,5.3289,N,Qual programa de rádio mais pobre do mundo? Somáliação.,0,1,-2.076171875,2.498046875,4.57421875,0.010209054686129093,0.9897909760475159,False
5.3323.H,5.3323,H,Qual doce favorito do Bolsonaro? Prende moleque.,1,1,-0.312744140625,0.5537109375,0.866455078125,0.2959924638271332,0.7040075063705444,True
5.778.N,5.778,N,Por que o cara que não fazia exercícios prestou odonto? Pra ser dentista.,0,0,1.4404296875,-1.267578125,-2.7080078125,0.9374975562095642,0.06250248849391937,True
5.979.H,5.979,H,Qual inseto causa vômito em crianças latinas? Enjoa niña.,1,1,-2.275390625,2.787109375,5.0625,0.006289901677519083,0.9937100410461426,True
5.3431.H,5.3431,H,Qual cidade espanhola preferida pelo Faustão ? Sevilha nos Trinta.,1,1,-1.3095703125,1.40625,2.7158203125,0.06204626336693764,0.9379537105560303,True
5.2691.H,5.2691,H,Por que o sintagma da oração não gostava de fazer rodeios para falar algo? Porque era um objeto direto.,1,1,-0.67236328125,0.89892578125,1.5712890625,0.17203271389007568,0.8279673457145691,True
5.1978.H,5.1978,H,"Que filme conta a história de um molho bizarro? Curry, a estranha. ",1,1,-2.0859375,2.43359375,4.51953125,0.010776725597679615,0.9892232418060303,True
5.1110.H,5.1110,H,"O que o psicanalista adora dizer no meio do sexo? Vai, me Freud.",1,1,-3.013671875,3.3984375,6.412109375,0.0016388678923249245,0.9983611702919006,True
5.931.H,5.931,H,Qual é a comida favorita do Munhoz e Mariano? Camarão amarelo.,1,0,2.751953125,-2.17578125,-4.927734375,0.9928091764450073,0.007190811913460493,False
5.3477.N,5.3477,N,Qual o monumento mais sujo de Londres? O Tâmisa.,0,0,3.099609375,-2.890625,-5.990234375,0.9975032210350037,0.002496827859431505,True
5.4.N,5.4,N,Qual é o sabor da bala preferida da galera do hospício? M&Ms.,0,1,-1.0615234375,1.861328125,2.9228515625,0.05103541910648346,0.9489645957946777,False
5.1733.H,5.1733,H,"Como se diz ""você, seja macio"" em inglês? You, be soft.",1,1,-2.0625,2.283203125,4.345703125,0.01279651839286089,0.9872035384178162,True
5.3483.N,5.3483,N,Qual a atriz que vc dá satisfação sempre que bebe alguma coisa? Cleo Pires.,0,0,3.298828125,-3.125,-6.423828125,0.998380184173584,0.0016198053490370512,True
4.19.N,4.19,N,O meu baralho de cartas fica doido quando ligo o aspirador . Hoje encontrei o meu aspirador,0,0,1.39453125,-0.9580078125,-2.3525390625,0.913135826587677,0.0868641585111618,True
5.2063.N,5.2063,N,Qual ator americano que sempre deixa todo mundo impressionado? Joaquin Phoenix,0,0,3.361328125,-3.142578125,-6.50390625,0.998504638671875,0.0014953382778912783,True
5.2187.N,5.2187,N,Qual é o cantor que tem muita dor no pé? Chitãozinho,0,0,3.400390625,-2.95703125,-6.357421875,0.9982692003250122,0.0017308301758021116,True
5.989.H,5.989,H,Qual figura histórica terminou mal seu último relacionamento? Malcom Ex.,1,1,-3.05078125,3.33984375,6.390625,0.0016743995947763324,0.9983256459236145,True
4.533.H,4.533,H,Porque é que os políticos são tão ricos? É furto do seu trabalho.,1,0,1.1083984375,-1.1279296875,-2.236328125,0.903464674949646,0.09653531014919281,False
5.1740.H,5.1740,H,Qual atriz ama esportes na neve? A Kássia Ex-Kiss,1,1,-3.033203125,3.25390625,6.287109375,0.0018566754879429936,0.9981433153152466,True
5.1947.H,5.1947,H,Qual a doença q desafiava o filósofo? Tentenitche ,1,1,-2.9140625,3.19140625,6.10546875,0.002225670963525772,0.9977743029594421,True
5.505.H,5.505,H,Qual o nome do cara que a humildade passou longe? Eugênio.,1,0,1.9384765625,-1.90234375,-3.8408203125,0.9789754748344421,0.02102445438504219,False
4.719.H,4.719,H,"""Catetos que tu tens!"" - Pitágoras",1,1,-0.5048828125,1.001953125,1.5068359375,0.18140818178653717,0.818591833114624,True
5.2393.N,5.2393,N,Qual é o canal infantil que só transmite desenho de carro? Car Tum Network.,0,1,-0.56005859375,0.95703125,1.51708984375,0.1798904538154602,0.8201095461845398,False
5.1332.N,5.1332,N,Por que o nerd pediu a calculadora em exame? Porque ela dava valor.,0,0,0.984375,-0.9775390625,-1.9619140625,0.8767399787902832,0.12326005101203918,True
4.115.N,4.115,N,Qual é a bebida alcoólica preferida do Pai Natal? É o vinho.,0,0,2.978515625,-2.9296875,-5.908203125,0.9972903728485107,0.002709702355787158,True
5.2992.N,5.2992,N,E qual é a comida que nunca se aquece? O maPÃO de queijo.,0,1,-2.65625,2.908203125,5.564453125,0.0038170500192791224,0.9961829781532288,False
5.2689.N,5.2689,N,Renata voltou do médico com o braço furado . Qual é o acontecimento histórico? Guerra de canudos.,0,1,-1.759765625,1.8134765625,3.5732421875,0.027298586443066597,0.972701370716095,False
5.3677.H,5.3677,H,Qual é o ator que mais está odiando esse ano? Keanu Reeves.,1,0,3.046875,-2.978515625,-6.025390625,0.9975892305374146,0.0024107815697789192,False
4.382.H,4.382,H,Porque é que o motociclista chegou atrasado ao trabalho? Porque saiu de casa motard.,1,1,-3.2109375,3.3125,6.5234375,0.0014664583140984178,0.9985334873199463,True
5.3531.H,5.3531,H,"Que estilo de filme faz a gente refletir sobre a saúde pública? SUS, pense!",1,1,0.0721435546875,0.283447265625,0.2113037109375,0.4473697543144226,0.5526302456855774,True
5.3111.N,5.3111,N,O que o Galvão falou para um pássaro? Vai que é tua...Taffarel!,0,1,-3.095703125,3.369140625,6.46484375,0.0015548133524134755,0.9984452128410339,False
4.348.H,4.348,H,O que é que os bonecos de neve costumam pôr no leite? Flocos.,1,0,3.263671875,-2.927734375,-6.19140625,0.9979572296142578,0.00204276479780674,False
5.2549.H,5.2549,H,Qual mercado vende lagarto? Iguanabara.,1,1,-2.9921875,3.123046875,6.115234375,0.0022040894255042076,0.9977959394454956,True
5.560.H,5.560,H,Quais são os piratas que abraçam todo mundo o tempo todo? Os Piratas do Carinho.,1,0,1.2744140625,-1.154296875,-2.4287109375,0.9189906120300293,0.0810093805193901,False
4.170.N,4.170,N,Qual é o jogo preferido das crianças? O futebol.,0,0,3.189453125,-2.888671875,-6.078125,0.9977127313613892,0.0022872271947562695,True
5.1971.N,5.1971,N,Qual padre que toda vez eu vejo tenho ejaculação precoce? Marcelo Rossi.,0,0,3.28515625,-3.0703125,-6.35546875,0.99826580286026,0.0017342079663649201,True
5.1434.N,5.1434,N,Por que o queijo estava estudando matemática? Para encontrar a variável da questão.,0,0,0.451416015625,-0.26513671875,-0.716552734375,0.6718474626541138,0.32815253734588623,True
4.734.H,4.734,H,"Numa aula de filosofia do 1° período: ""Penso, logo higiénico.""",1,1,-2.234375,2.455078125,4.689453125,0.00910799391567707,0.9908919930458069,True
5.232.N,5.232,N,Qual é o perfume do zagueiro ruim? Armani.,0,0,3.09375,-2.6875,-5.78125,0.9969245791435242,0.00307536986656487,True
4.569.N,4.569,N,Porque é que o Artur aceitou o trabalho de limpar espelhos? Porque era algo que gostava.,0,0,2.197265625,-2.01953125,-4.216796875,0.9854684472084045,0.014531521126627922,True
5.2783.N,5.2783,N,Qual o nome da irmã do Pinóquio? Patrícia.,0,0,3.408203125,-2.94140625,-6.349609375,0.9982555508613586,0.0017443812685087323,True
4.668.H,4.668,H,Qual é o automóvel que leva mais porcas? É o Nissan Na vara.,1,1,-2.333984375,2.927734375,5.26171875,0.005159622523933649,0.9948403239250183,True
5.1160.N,5.1160,N,Qual o pão que te ajuda a respirar? O pão Sírio.,0,0,0.58740234375,-0.050872802734375,-0.638275146484375,0.6543634533882141,0.3456365466117859,True
5.1925.N,5.1925,N,"Qual jogador sempre dava aquela respirada, antes de arremessar? Lebron James.",0,0,3.32421875,-3.095703125,-6.419921875,0.9983738660812378,0.0016261349665001035,True
5.590.H,5.590,H,"Qual comida reclamamos que demora pra ficar pronta? Pô, lenta.",1,0,0.5703125,-0.457763671875,-1.028076171875,0.7365427613258362,0.2634572386741638,False
5.2354.N,5.2354,N,Para qual time os átomos torcem? Corinthians.,0,0,3.07421875,-2.775390625,-5.849609375,0.9971272349357605,0.002872747601941228,True
5.3364.H,5.3364,H,O que os homens em Rio Branco costumam beber? Conhacre.,1,1,-3.04296875,3.283203125,6.326171875,0.0017856743652373552,0.9982143640518188,True
5.2320.N,5.2320,N,Onde se vendia livros infantis mas derreteu? Na Banca,0,0,0.66259765625,-0.97900390625,-1.6416015625,0.8377527594566345,0.16224725544452667,True
5.163.H,5.163,H,"O que o Faustão falou no último domingo do ano? Essas férias, bicho.",1,1,-0.6455078125,0.85595703125,1.50146484375,0.1822071522474289,0.8177928328514099,True
4.454.H,4.454,H,Que dor sente um homem sem um braço? Dor de coto vê-lo.,1,1,-0.60302734375,1.1640625,1.76708984375,0.14590460062026978,0.8540953993797302,True
5.888.H,5.888,H,O que é bom para miopia? Miotorneira.,1,1,-3.12109375,3.4140625,6.53515625,0.0014493984635919333,0.9985505938529968,True
4.603.H,4.603,H,O que acontece quando chove em Inglaterra? Fica tudo cheio de Inglalama.,1,1,-2.822265625,3.05859375,5.880859375,0.002784608630463481,0.9972153902053833,True
5.3621.H,5.3621,H,Qual é a cantora que faz mais sucesso no Natal? Angela Ho Ho Ho.,1,1,-1.7880859375,2.328125,4.1162109375,0.016044557094573975,0.983955442905426,True
4.454.N,4.454,N,Que dor sente um homem com um braço? Dor de cotovelo.,0,0,2.748046875,-2.54296875,-5.291015625,0.9949886202812195,0.005011402070522308,True
5.2666.H,5.2666,H,Qual o sambista com menos pelos do Brasil? Xande Depilares.,1,1,-3.130859375,3.48828125,6.619140625,0.0013327986234799027,0.9986672401428223,True
5.3955.H,5.3955,H,Que diretor de cinema era radioativo? Scorcésio.,1,1,-2.693359375,2.953125,5.646484375,0.003517488483339548,0.9964824914932251,True
5.984.H,5.984,H,Levei meu carro na feira ao invés de levar para a oficina. Qual é o nome do filme? Laranja Mecânica.,1,0,0.8583984375,-0.58447265625,-1.44287109375,0.8088988661766052,0.19110113382339478,False
5.2455.H,5.2455,H,Onde o Mickey gosta de morar? No condominnie.,1,1,-0.37841796875,0.669921875,1.04833984375,0.2595440447330475,0.7404559850692749,True
4.494.N,4.494,N,A pessoa que inventou o autocorrect devia arder no inferno.,0,0,0.398681640625,-0.505859375,-0.904541015625,0.7118818163871765,0.2881181836128235,True
4.449.N,4.449,N,Porque é que o criminoso foi preso para interrogatório? Porque era suspeito.,0,0,2.474609375,-2.46484375,-4.939453125,0.9928923845291138,0.0071076322346925735,True
5.2383.N,5.2383,N,Qual a cidade mineira favorita dos matemáticos? Uberaba,0,0,3.212890625,-3.087890625,-6.30078125,0.9981684684753418,0.0018315102206543088,True
5.2088.N,5.2088,N,O que perguntaram pro Silvio Santos quando ele voltou da Itália? O que você fez lá?,0,0,2.669921875,-2.28515625,-4.955078125,0.9930017590522766,0.006998209748417139,True
5.2858.H,5.2858,H,Pq o rapaz demorou muito para receber alta do hospital mas não reclamava ? Porque era paciente ,1,0,1.6796875,-1.47265625,-3.15234375,0.9590010046958923,0.04099903255701065,False
4.494.H,4.494,H,A pessoa que inventou o autocorrect devia arder no inverno.,1,0,0.4892578125,-0.428955078125,-0.918212890625,0.7146778106689453,0.2853221595287323,False
5.2707.H,5.2707,H,Por que o tubo de pomada foi preso? Porque era um creminoso.,1,0,0.275146484375,-0.2484130859375,-0.5235595703125,0.6279796957969666,0.37202027440071106,False
4.352.H,4.352,H,Qual é a diferença entre um boneco de neve e uma boneca de neve? As bolas de neve.,1,0,3.03515625,-2.693359375,-5.728515625,0.9967586398124695,0.003241359954699874,False
4.461.H,4.461,H,Porque é que não se serve chá na escola? Por causa do bule-ing.,1,1,-3.044921875,3.5,6.544921875,0.0014353330479934812,0.9985646605491638,True
5.1156.H,5.1156,H,"Qual o personagem que não faz questão de estar certo o tempo todo? Erromeu, do Erromeu e Julieta.",1,1,0.05072021484375,0.152099609375,0.10137939453125,0.47467681765556335,0.5253231525421143,True
4.205.H,4.205,H,Que barulho faz um relógio feito no México? Tic Taco.,1,1,-2.38671875,2.732421875,5.119140625,0.00594559870660305,0.99405437707901,True
5.2311.N,5.2311,N,Qual é a luta mais longa que existe? Kung Fool,0,1,-1.150390625,1.4990234375,2.6494140625,0.06602512300014496,0.9339748620986938,False
5.3703.H,5.3703,H,Que atriz trabalha como lixeira? Tony Colete.,1,1,-3.189453125,3.623046875,6.8125,0.001098731067031622,0.9989012479782104,True
5.240.N,5.240,N,O moço nao estava se sentindo bem . O que ele tinha? Azia.,0,0,2.76953125,-2.55859375,-5.328125,0.9951702952384949,0.004829721990972757,True
5.2820.H,5.2820,H,Cantora que sempre fez dieta? Elis Regime ,1,1,-2.732421875,2.962890625,5.6953125,0.0033504231832921505,0.9966495633125305,True
5.2311.H,5.2311,H,Qual é a luta mais idiota que existe? Kung Fool,1,1,-0.84033203125,1.169921875,2.01025390625,0.11813051253557205,0.8818694949150085,True
4.142.H,4.142,H,Qual é o melhor chá para a calvície? É o chá-peu.,1,1,-3.052734375,3.302734375,6.35546875,0.0017342079663649201,0.99826580286026,True
4.569.H,4.569,H,Porque é que o Artur aceitou o trabalho de limpar espelhos? Porque era algo que se via a fazer.,1,0,1.2333984375,-1.1669921875,-2.400390625,0.916857123374939,0.08314291387796402,False
4.342.H,4.342,H,Qual é o contrário de menu? Youvestido.,1,1,-2.697265625,2.880859375,5.578125,0.0037654140032827854,0.9962345957756042,True
5.248.N,5.248,N,Qual foi o dinossauro mais zoeiro que existiu? Velociraptor.,0,1,-2.181640625,2.15625,4.337890625,0.012895587831735611,0.9871044158935547,False
5.409.N,5.409,N,Qual a história sobre a princesa adolescente que não gostava de cobrir os pés? A Pequena descalça,0,1,-1.4072265625,1.322265625,2.7294921875,0.06125536188483238,0.9387446641921997,False
4.165.N,4.165,N,Porque é que há tantas putas vegetarianas? Porque elas gostam das verduras.,0,0,2.51171875,-2.205078125,-4.716796875,0.9911354780197144,0.008864497765898705,True
4.614.N,4.614,N,"Eu morava na Madeira e mudei-me para Ibiza . Isto não foi sensato, mas sim ponderado.",0,0,0.85791015625,-0.80126953125,-1.6591796875,0.8401278853416443,0.1598721444606781,True
5.1759.H,5.1759,H,Por que a atleta abandonou esportes na neve? Porque seu ex quis,1,1,-1.44140625,2.078125,3.51953125,0.028761589899659157,0.9712384939193726,True
4.249.H,4.249,H,Fui ao McDonalds e pedi o novo hamburguer de chimpanzé. Chama-se McCaquinho.,1,1,-2.064453125,1.8857421875,3.9501953125,0.018887341022491455,0.9811125993728638,True
5.2351.N,5.2351,N,Qual é o árbitro que expulsa as pessoas e elas nunca mais podem voltar? O bandeirinha.,0,0,0.1298828125,0.0226593017578125,-0.1072235107421875,0.5267802476882935,0.47321978211402893,True
5.3011.N,5.3011,N,Qual animal gosta de ensinar? Panda.,0,0,3.498046875,-3.203125,-6.701171875,0.9987719655036926,0.0012279604561626911,True
4.90.N,4.90,N,"Como é que se diz "" copia bem "" em inglês? Copy & paste.",0,1,-0.6064453125,0.80712890625,1.41357421875,0.1956709325313568,0.8043290972709656,False
5.102.N,5.102,N,Qual o conto de fadas preferido dos meninos? Conto de Fraldas.,0,1,-2.9921875,3.322265625,6.314453125,0.001806685235351324,0.9981933236122131,False
4.63.N,4.63,N,O que é que se faz num velório de lésbicas? Um minuto de silêncio.,0,0,2.86328125,-2.78515625,-5.6484375,0.9964893460273743,0.0035106493160128593,True
5.283.N,5.283,N,O que o coveiro disse quando pediram a ele para gerenciar o cemitério? Isso não é da minha alçada.,0,0,2.1015625,-2.01171875,-4.11328125,0.9839090704917908,0.0160908754914999,True
4.501.N,4.501,N,Quais são os apelidos mais comuns da população  de Portugal? Passos Dias Aguiar Mota.,0,1,-1.0263671875,1.1953125,2.2216796875,0.0978204682469368,0.9021795392036438,False
5.3600.H,5.3600,H,Qual o tom que a Cinderela canta suas músicas? Fá da Madrinha.,1,1,-2.48046875,2.48046875,4.9609375,0.00695760827511549,0.9930423498153687,True
4.698.H,4.698,H,Qual é a semelhança entre o sol e um avô? Ambos fazem qualquer coisa planeta.,1,1,-2.6953125,2.833984375,5.529296875,0.003953089937567711,0.9960468411445618,True
5.2272.N,5.2272,N,De qual país eu aceitei um chiclete? Colombia,0,0,2.75390625,-2.525390625,-5.279296875,0.994929850101471,0.005070175044238567,True
5.2911.H,5.2911,H,Qual é o artista ídolo da MPB mais acessível? Aberto Carlos ,1,1,-1.2578125,1.384765625,2.642578125,0.06644792854785919,0.933552086353302,True
5.4030.N,5.4030,N,Qual o pássaro mais atrapalhado que existe? Arara.,0,0,3.42578125,-3.166015625,-6.591796875,0.9986302852630615,0.0013696944806724787,True
5.704.N,5.704,N,Qual cerveja é comum nos navios? Brahma.,0,0,3.52734375,-3.173828125,-6.701171875,0.9987719655036926,0.0012279604561626911,True
5.3496.H,5.3496,H,Qual o sanduíche favorito do Silvio Santos? Baú ru da felicidade.,1,1,-3.08203125,3.115234375,6.197265625,0.0020308548118919134,0.9979690909385681,True
5.3011.H,5.3011,H,Qual animal gosta de ensinar? LargaTeacher.,1,1,-2.779296875,2.978515625,5.7578125,0.0031480705365538597,0.9968519806861877,True
4.286.N,4.286,N,O que e que os putos comem ao pequeno-almoço? Ovos mexidos.,0,0,2.197265625,-2.166015625,-4.36328125,0.9874235987663269,0.012576347216963768,True
3.7.N,3.7,N,"O que é um pontinho amarelo na limusine? É um "" acidente "".",0,0,2.806640625,-2.552734375,-5.359375,0.9953181147575378,0.004681822378188372,True
4.712.N,4.712,N,Porque é que nunca se deve separar o pau da vassoura? Porque depois para encontrá-lo é difícil.,0,0,1.158203125,-1.0087890625,-2.1669921875,0.8972460627555847,0.10275401920080185,True
5.2473.N,5.2473,N,Qual é a semelhança entre o trovão e a lâmpada? Os dois vêm sempre acompanhados de uma descarga.,0,0,-0.07000732421875,-0.2264404296875,-0.15643310546875,0.5390287637710571,0.46097126603126526,True
5.2347.H,5.2347,H,Qual nome se dá quando cai uma parte de um estádio? Arquibanqueda.,1,1,-2.640625,2.69921875,5.33984375,0.004773722030222416,0.995226263999939,True
4.541.N,4.541,N,"Como é que se diz "" não há Wi-Fi "" em inglês? No Wi-Fi.",0,0,1.5732421875,-1.1552734375,-2.728515625,0.9386884570121765,0.06131153553724289,True
4.429.N,4.429,N,Por causa do coronavírus já não é permitido fazer festas com 20 ou mais pessoas . Por isso agora convido poucos.,0,0,1.1181640625,-0.8154296875,-1.93359375,0.87364661693573,0.12635333836078644,True
4.54.H,4.54,H,"Como se manda calar uma rapariga numa sessão de cinema do Star Wars? Chew, bacca!",1,1,-2.603515625,2.76171875,5.365234375,0.004654597491025925,0.995345413684845,True
4.85.N,4.85,N,Porque é que nunca roubaram a mota do japonês? Porque ele compra usada.,0,1,-0.52734375,0.8388671875,1.3662109375,0.20323270559310913,0.7967672944068909,False
4.523.H,4.523,H,Qual é o canal preferido dos dálmatas? É o Canal da Mancha.,1,0,1.95703125,-1.58984375,-3.546875,0.9719924926757812,0.028007520362734795,False
5.1661.N,5.1661,N,Qual é o desenho favorito do Michael Jackson? Os Smurfs.,0,0,2.966796875,-2.62109375,-5.587890625,0.996271014213562,0.0037289573810994625,True
5.239.H,5.239,H,O que o cantor sertanejo foi fazer no RH? Foi ser demitido por justa calça.,1,1,-2.4375,2.53515625,4.97265625,0.006877107545733452,0.9931228756904602,True
5.2358.N,5.2358,N,Por que um clube de futebol não pôde mais fazer refresco? Porque acabou cajuniors.,0,1,-3.298828125,3.537109375,6.8359375,0.0010733063099905849,0.9989266991615295,False
4.456.N,4.456,N,"Era uma vez um homem tão pequeno, mas tão pequeno, que não andava de metro . Andava de triciclo.",0,0,0.90576171875,-0.78271484375,-1.6884765625,0.8440237045288086,0.1559762805700302,True
5.3605.N,5.3605,N,Qual a banda que mais faz sucesso entre os jovens na internet? BTS.,0,0,2.380859375,-1.9853515625,-4.3662109375,0.9874600172042847,0.012540018185973167,True
5.58.N,5.58,N,O que o judeu passa no corpo quanto está com dor? Cataflan.,0,1,-2.138671875,2.3828125,4.521484375,0.010755925439298153,0.9892441034317017,False
5.2846.H,5.2846,H,Qual escritor era o mais nojento? eca de queiros ,1,1,-2.310546875,2.80078125,5.111328125,0.005991951562464237,0.9940080642700195,True
5.1945.N,5.1945,N,Qual a cidade mais veloz? Berlin.,0,0,2.677734375,-2.5703125,-5.248046875,0.9947697520256042,0.005230278242379427,True
5.3842.H,5.3842,H,Qual carro também é um brinquedo? Toyota.,1,0,3.44140625,-3.185546875,-6.626953125,0.9986775517463684,0.0013224405702203512,False
4.737.N,4.737,N,Que nome se dá a uma manifestação de bêbados? Manifestação.,0,0,3.28515625,-3.015625,-6.30078125,0.9981684684753418,0.0018315102206543088,True
5.2808.H,5.2808,H,Porque Jesus não está no Tinder? Ele está com um Crushfixo ,1,1,-2.59765625,2.751953125,5.349609375,0.004727549850940704,0.9952724575996399,True
4.407.N,4.407,N,Que nome se dá a um tapete fofinho? Alcatifa.,0,1,-3.1953125,3.310546875,6.505859375,0.001492425100877881,0.998507559299469,False
5.563.H,5.563,H,Porque o Karl Marx ficou irritado quando atendeu o telefone? Era um trotsky.,1,1,-2.060546875,2.0,4.060546875,0.016947420313954353,0.9830526113510132,True
4.303.H,4.303,H,Vira-se o escorrega para o baloiço: Como os ânus passam depressa...,1,1,-1.66015625,1.658203125,3.318359375,0.03494669869542122,0.9650533199310303,True
5.1486.H,5.1486,H,Qual gata que entrou e logo depois saiu do chat? Hello Kitty.,1,0,3.353515625,-3.107421875,-6.4609375,0.9984391331672668,0.001560889300890267,False
5.3658.H,5.3658,H,Qual comediante se formou em uma escola agrotécnica? Nil Agro,1,1,-2.12109375,2.24609375,4.3671875,0.012527931481599808,0.9874721169471741,True
4.165.H,4.165,H,Porque é que há tantas putas vegetarianas? Porque elas gostam das ver-duras.,1,1,-3.068359375,3.515625,6.583984375,0.0013804222689941525,0.998619556427002,True
5.966.H,5.966,H,Qual diretor famoso roubava as bolsas dos atores? Steven Stealberg.,1,0,3.435546875,-3.197265625,-6.6328125,0.9986853003501892,0.001314724562689662,False
5.4083.N,5.4083,N,Qual a atriz que rouba por que é pé de chinelo? Charlize Theron.,0,0,3.251953125,-3.05859375,-6.310546875,0.9981862902641296,0.001813743612729013,True
3.6.H,3.6,H,Por que o policial não gosta de sabão? Porque ele prefere detergente.,1,0,2.55859375,-2.21875,-4.77734375,0.9916519522666931,0.008348053321242332,False
5.3748.H,5.3748,H,Qual o nome do ator que não faz nada além da obrigação? Willem Default ,1,1,-2.568359375,2.619140625,5.1875,0.005554925184696913,0.9944451451301575,True
4.204.H,4.204,H,Como é que os drogados espirram? Ha... Haa... Haaaa... XIXE!,1,1,-2.892578125,3.283203125,6.17578125,0.002074867021292448,0.9979251623153687,True
5.2354.H,5.2354,H,Para qual time os átomos torcem? Valência.,1,0,2.255859375,-1.84375,-4.099609375,0.9836912155151367,0.01630876585841179,False
5.931.N,5.931,N,Qual é a comida favorita do Munhoz e Mariano? Vatapá amarelo.,0,0,2.734375,-2.29296875,-5.02734375,0.9934865236282349,0.006513499189168215,True
5.1073.H,5.1073,H,"Qual filme conta a história do casal mais perdido do mundo em ação? ""Procurando; né, mô?""",1,1,-2.7578125,3.15625,5.9140625,0.0026939143426716328,0.9973061084747314,True
5.360.N,5.360,N,Por que o casal de patos sempre tomam banho quando discutem? Para deixar tudo em pratos limpos.,0,0,0.7802734375,-1.001953125,-1.7822265625,0.8559715747833252,0.1440284252166748,True
5.1441.N,5.1441,N,O que o escorregador falou para o menino? Aqui os ânus passam depressa.,0,1,-2.248046875,2.18359375,4.431640625,0.011755131185054779,0.988244891166687,False
5.1585.N,5.1585,N,Qual é o infalível chá para calvície? Chapéu.,0,0,2.9140625,-2.759765625,-5.673828125,0.9965770840644836,0.003422935027629137,True
5.1455.N,5.1455,N,Qual o nome dos irmãos que são péssimos de marketing? Irmãos Berti.,0,0,1.8720703125,-1.4453125,-3.3173828125,0.9650202989578247,0.034979645162820816,True
5.3264.H,5.3264,H,Qual o produto de limpeza mais animado? Desinfestante.,1,0,1.572265625,-1.220703125,-2.79296875,0.942294716835022,0.05770532041788101,False
5.3284.H,5.3284,H,Qual banda dá um toque dizendo que não tá bem? Opa tô fú!,1,1,-2.9921875,3.525390625,6.517578125,0.0014750633854418993,0.9985249638557434,True
4.579.H,4.579,H,Hoje na escola levei com um pino na cabeça. Fui vítima de bowling.,1,1,-2.3671875,2.21484375,4.58203125,0.010130411945283413,0.9898695349693298,True
5.1767.N,5.1767,N,O que o burro disse para a mula? Oi.,0,0,3.07421875,-2.73828125,-5.8125,0.9970190525054932,0.002981032943353057,True
4.419.N,4.419,N,Um homem vai a cair dum prédio e a meio repara numa janela . Qual é o filme? Janela Indiscreta.,0,0,1.0986328125,-0.9423828125,-2.041015625,0.8850365877151489,0.1149633452296257,True
5.863.H,5.863,H,Qual árvore ficou de saco cheio e mandou você embora? Bom... sai.,1,1,-2.1171875,2.474609375,4.591796875,0.010032951831817627,0.9899671077728271,True
5.3469.N,5.3469,N,Qual atriz brasileira na verdade é um travesti? Marina Ruy Barbosa.,0,0,3.47265625,-3.279296875,-6.751953125,0.9988327622413635,0.0011672310065478086,True
5.411.N,5.411,N,Qual é o ingrediente que chega sempre atrasado na geladeira? O doce.,0,0,2.994140625,-2.83203125,-5.826171875,0.9970593452453613,0.0029406724497675896,True
5.3148.H,5.3148,H,Qual o peixe que não é tenor? Lambarítono.,1,1,-2.88671875,3.1484375,6.03515625,0.002387409098446369,0.9976125955581665,True
5.1366.H,5.1366,H,O que o Thor faz quando quer falar com alguém? Manda um thorpedo.,1,1,-2.328125,2.5625,4.890625,0.007460643071681261,0.9925393462181091,True
4.317.N,4.317,N,Como é que se trava um carro qualquer? Com o travão.,0,0,1.0693359375,-0.955078125,-2.0244140625,0.88333660364151,0.11666332185268402,True
5.2320.H,5.2320,H,Onde se vendia livros infantis mas derreteu? Na Banca de Neve,1,1,-2.859375,2.93359375,5.79296875,0.003039649687707424,0.9969603419303894,True
5.2473.H,5.2473,H,Qual é a semelhança entre o trovão e a privada? Os dois vêm sempre acompanhados de uma descarga.,1,1,-0.39599609375,0.143310546875,0.539306640625,0.3683488667011261,0.6316511034965515,True
5.1444.H,5.1444,H,Como eu sabia que a gasolina era batizada? Por que quem me atendeu era um frei tista.,1,1,-1.83203125,2.01171875,3.84375,0.020964238792657852,0.9790357351303101,True
5.3112.H,5.3112,H,"O que o Galvão falava quando era motorista de ônibus? ""VAR pra onde?""",1,1,-1.9931640625,1.9482421875,3.94140625,0.019050899893045425,0.9809491038322449,True
5.1040.N,5.1040,N,Qual o país que proibiu o vegetarianismo? US.,0,0,1.4697265625,-1.1474609375,-2.6171875,0.9319595694541931,0.06804041564464569,True
5.262.H,5.262,H,Qual sambista não come? Carlinhos de Jejum.,1,1,-2.576171875,2.6875,5.263671875,0.0051496075466275215,0.9948503375053406,True
5.460.H,5.460,H,Qual a personagem mais temperada das HQs? Arley Crim,1,1,-1.9375,1.9765625,3.9140625,0.01956867426633835,0.9804313778877258,True
4.429.H,4.429,H,Por causa do coronavírus já não é permitido fazer festas com 20 ou mais pessoas. Por isso agora só COVID 19.,1,1,-2.818359375,2.859375,5.677734375,0.0034096355084329844,0.9965903759002686,True
5.2435.H,5.2435,H,Quais jogadores de basquete fundaram Brasília? Kobe e Shaq.,1,1,-1.275390625,1.6513671875,2.9267578125,0.05084657296538353,0.949153482913971,True
5.2080.N,5.2080,N,O que o nutricionista recomendou pra Sandy quando ela revelou seus desejos? Déficit Calórico,0,0,2.1875,-1.990234375,-4.177734375,0.9848983883857727,0.015101649798452854,True
5.3578.H,5.3578,H,O que o advogado deixou para os filhos? Seu legaldo.,1,1,-3.220703125,3.509765625,6.73046875,0.001192549243569374,0.998807430267334,True
5.4090.H,5.4090,H,Qual a sobremesa mais rica que existe? Torta de Lehmão.,1,1,-0.6865234375,0.7744140625,1.4609375,0.188323974609375,0.8116759657859802,True
4.637.H,4.637,H,O que faz uma hortaliça surda? Finge couve.,1,1,-3.1953125,3.576171875,6.771484375,0.0011446805438026786,0.9988553524017334,True
5.485.H,5.485,H,Onde o Diabo almoça? Exurrascaria.,1,0,2.142578125,-1.88671875,-4.029296875,0.9825239777565002,0.01747598871588707,False
5.1040.H,5.1040,H,Qual o país que proibiu o vegetarianismo? Cabô Verde. ,1,1,-2.4765625,2.904296875,5.380859375,0.00458276504650712,0.9954172372817993,True
5.325.N,5.325,N,Qual o remedio que ja avisa que vc ta precisando dele? Dipirona.,0,0,2.873046875,-2.69921875,-5.572265625,0.9962126016616821,0.003787457710132003,True
5.417.N,5.417,N,Qual é o doce mais gostoso que existe? A bala 7 BELO.,0,1,-3.0390625,3.40625,6.4453125,0.0015854306984692812,0.9984145164489746,False
5.3600.N,5.3600,N,Qual o tom que a Cinderela canta suas músicas? Dó.,0,0,3.03515625,-2.974609375,-6.009765625,0.9975513815879822,0.0024486531037837267,True
4.307.H,4.307,H,Quanto tempo demora um gelado a derreter? Cerca de um Carte D'Or.,1,1,-2.982421875,3.07421875,6.056640625,0.0023367826361209154,0.9976632595062256,True
5.3832.N,5.3832,N,Qual o animal que ninguém liga? Bactérias.,0,0,3.107421875,-2.890625,-5.998046875,0.9975225329399109,0.0024774454068392515,True
4.382.N,4.382,N,Porque é que o motociclista chegou atrasado ao trabalho? Porque saiu de casa tarde.,0,0,2.541015625,-2.330078125,-4.87109375,0.9923933744430542,0.007606673054397106,True
4.681.N,4.681,N,"Decidi adotar um Chihuahua . Para quem não sabe, é um animal doméstico.",0,0,2.14453125,-2.001953125,-4.146484375,0.9844264388084412,0.015573563054203987,True
4.135.H,4.135,H,O que é um ponto amarelo num Ferrari? É um milhonário.,1,1,-2.5625,2.734375,5.296875,0.004982269834727049,0.9950177073478699,True
5.794.H,5.794,H,Qual o cantor que sofre de incontinência urinária? Wesley Só Fraldão.,1,1,-3.337890625,3.66796875,7.005859375,0.0009057334391400218,0.9990942478179932,True
5.2027.H,5.2027,H,Qual comediante faz balé? Gregório Duviplier ,1,0,1.49609375,-1.3564453125,-2.8525390625,0.9454497694969177,0.05455021560192108,False
5.2670.H,5.2670,H,Qual a dança que a Princesa Isabel mais gostava? Dança do ventre livre.,1,1,-0.337890625,0.29638671875,0.63427734375,0.34654128551483154,0.6534587144851685,True
5.3112.N,5.3112,N,"O que o Galvão falava quando era motorista de ônibus? "" Vai parar onde? """,0,0,2.140625,-2.07421875,-4.21484375,0.9854404330253601,0.014559518545866013,True
5.3318.H,5.3318,H,Qual é o sambista menos peludo? Pauliso da Viola.,1,1,-1.87109375,1.98828125,3.859375,0.020645931363105774,0.9793540239334106,True
4.509.H,4.509,H,Como é que o Batman e o Hulk nadam? De Bruces.,1,1,-3.14453125,3.474609375,6.619140625,0.0013327986234799027,0.9986672401428223,True
5.3949.N,5.3949,N,Qual a atriz mais perfumada que existe? Juliana Paes.,0,0,3.46484375,-3.259765625,-6.724609375,0.9988003969192505,0.0011995488312095404,True
4.110.H,4.110,H,Como se chama o homem que monta presépios? Armando Nascimento de Jesus.,1,1,-2.271484375,2.130859375,4.40234375,0.012100384570658207,0.9878996014595032,True
5.2665.H,5.2665,H,Quem é responsável pela locomoção dos pentelhos? Transporte púbico.,1,1,-3.201171875,3.3203125,6.521484375,0.001469321083277464,0.9985306262969971,True
5.1475.N,5.1475,N,Qual pico mais gelado que existe? O everest.,0,0,1.1337890625,-1.064453125,-2.1982421875,0.9000915288925171,0.09990844875574112,True
5.2383.H,5.2383,H,Qual a cidade mineira favorita dos matemáticos? Contagem,1,0,2.8125,-2.478515625,-5.291015625,0.9949886202812195,0.005011402070522308,False
4.330.N,4.330,N,Porque é que os bêbados gostam de passar a Ponte 25 de Abril? Porque lá há muito ar puro.,0,0,2.43359375,-2.1875,-4.62109375,0.9902538657188416,0.009746103547513485,True
5.2775.H,5.2775,H,Qual o ativista boxeador? Martin Luta em Ring,1,1,-3.029296875,3.041015625,6.0703125,0.0023051253519952297,0.9976949095726013,True
4.348.N,4.348,N,O que é que os bonecos de peluche costumam pôr no leite? Flocos.,0,0,3.029296875,-2.703125,-5.732421875,0.9967711567878723,0.003228764282539487,True
5.2373.N,5.2373,N,Por que a mãe tinha que largar o bebê quando colocava sua bolsa? Porque era bolsa frontal.,0,1,-1.8134765625,1.8115234375,3.625,0.02595735900104046,0.9740425944328308,False
5.2339.N,5.2339,N,Qual atacante brasileiro sempre fica em pé em campo? Roberto.,0,0,3.48046875,-3.193359375,-6.673828125,0.9987381100654602,0.0012619579210877419,True
5.2291.N,5.2291,N,Qual é a grife de roupa chique pra acampar? Chanel,0,0,3.25,-2.87890625,-6.12890625,0.9978258013725281,0.0021742256358265877,True
5.2685.H,5.2685,H,Qual a atriz que dá pra ouvir de todos os cantos? Renata Surround,1,1,-2.552734375,2.89453125,5.447265625,0.004289588425308466,0.9957103729248047,True
5.2691.N,5.2691,N,Por que o sintagma da oração não gostava de fazer rodeios para falar algo? Porque era objetivo.,0,0,1.34375,-1.42578125,-2.76953125,0.9410068988800049,0.058993030339479446,True
4.476.N,4.476,N,"Uma freira tinha de pôr supositórios em três bebés . Meteu no primeiro, mas depois foi atender o telefone e esqueceu-se em qual tinha posto . Qual o nome da freira? Madre Teresa de Calcutá.",0,0,2.294921875,-2.173828125,-4.46875,0.9886682629585266,0.011331753805279732,True
4.310.N,4.310,N,O que é que o Quim Barreiros faz antes de andar de avião? O check-in.,0,0,1.5625,-1.619140625,-3.181640625,0.9601374864578247,0.0398624949157238,True
5.3297.H,5.3297,H,Que apresentador guarda arquivos de voz dos convidados? Silvio Samples.,1,1,-2.765625,2.96875,5.734375,0.0032224839087575674,0.9967774748802185,True
4.199.H,4.199,H,O que é um rodapé? É um homem que costumava ter carro mas que agora roda a pé.,1,1,-0.329345703125,0.132568359375,0.4619140625,0.38653185963630676,0.6134681105613708,True
5.2433.H,5.2433,H,"Depois de um acidente de caiaque, o jovem teve seus dois pés amputados. Qual é o nome do filme? Os Pés Tinha.",1,1,-2.07421875,2.62890625,4.703125,0.008985428139567375,0.9910145401954651,True
5.2487.N,5.2487,N,Qual é o contrário de Otorrinolaringologista? Nenhum.,0,0,3.11328125,-3.021484375,-6.134765625,0.9978384375572205,0.002161550335586071,True
5.4091.H,5.4091,H,Qual fruta favorita do bode? Jabuticabra.,1,1,-2.212890625,2.265625,4.478515625,0.01122286543250084,0.9887771010398865,True
5.1525.N,5.1525,N,Por que o cavalo sempre ejacula antes de ficar puto? Porque ele tem ejaculação precoce.,0,0,2.3515625,-2.19921875,-4.55078125,0.9895513653755188,0.01044862624257803,True
5.655.H,5.655,H,Por que a manicure ficou milionária? Porque acetona Mega Sena.,1,1,-3.244140625,3.39453125,6.638671875,0.0013070536078885198,0.9986929297447205,True
5.3249.H,5.3249,H,Qual o produto de limpeza mais antigo ? OMO Sapiens.,1,1,-2.59375,2.982421875,5.576171875,0.0037727474700659513,0.9962272644042969,True
4.706.N,4.706,N,Qual é o lema do Instagram? Carpe diem.,0,0,0.6708984375,-0.390625,-1.0615234375,0.7429815530776978,0.25701844692230225,True
5.2984.N,5.2984,N,Que cantor vive trabalhando? Paulo Ricárduo.,0,1,-2.375,2.5546875,4.9296875,0.007176882121711969,0.9928231239318848,False
4.680.H,4.680,H,Uma vez apaixonei-me por uma pessoa que só sabia três vogais. Ela não sabia que eu existia.,1,0,2.001953125,-1.8359375,-3.837890625,0.9789151549339294,0.021084841340780258,False
4.668.N,4.668,N,Qual é o automóvel que leva mais porcas? É o Nissan Micra.,0,0,1.044921875,-0.662109375,-1.70703125,0.8464508652687073,0.1535491645336151,True
3.2.N,3.2,N,O que o pastor foi fazer no culto? Pregar.,0,0,3.275390625,-3.1875,-6.462890625,0.9984421133995056,0.0015578481834381819,True
5.202.H,5.202,H,Por que o Sílvio Santos só entra em casa depois que a mulher dele o aplaude? Porque a porta só abre com reconhecimento de Íris.,1,1,-1.6669921875,2.3046875,3.9716796875,0.01849331147968769,0.9815067052841187,True
4.365.H,4.365,H,"Como é que se diz ""naufrágio"" em chinês? Chin chau lan cha.",1,1,-1.4873046875,1.7958984375,3.283203125,0.0361519381403923,0.9638481140136719,True
4.679.H,4.679,H,O que acontece quando pões Nutella no salmão? Apanhas salmonella.,1,1,-2.78515625,2.806640625,5.591796875,0.00371447391808033,0.9962855577468872,True
5.2443.N,5.2443,N,Qual o tipo de conexão que não funciona no elevador? Internet Móvel.,0,0,3.111328125,-2.81640625,-5.927734375,0.9973425269126892,0.0026574311777949333,True
5.787.N,5.787,N,Qual deus grego é falso? Falsidades.,0,0,2.693359375,-2.5390625,-5.232421875,0.9946877956390381,0.005312205292284489,True
5.2082.H,5.2082,H,Qual é o compositor mais jovem? Babythoven ,1,1,-0.199462890625,0.5341796875,0.733642578125,0.32439592480659485,0.6756041049957275,True
5.2396.H,5.2396,H,Qual é a carne que tem vários filhos? Alcatra.,1,0,3.17578125,-3.03515625,-6.2109375,0.9979966282844543,0.0020033332984894514,False
5.3401.N,5.3401,N,Por que os indios receberam os portugueses com uma fogueira? Porque eram caravelas.,0,1,-1.7529296875,1.5771484375,3.330078125,0.03455362468957901,0.9654463529586792,False
5.3354.N,5.3354,N,Qual bebida consumida na cordilheira? Inka Kola.,0,1,-0.953125,1.33203125,2.28515625,0.09235979616641998,0.9076402187347412,False
5.3729.N,5.3729,N,Por que o ônibus fez uma reforma na retaguarda? Porque tinha pouco assento.,0,0,2.150390625,-2.21875,-4.369140625,0.9874961376190186,0.012503791600465775,True
5.1818.N,5.1818,N,Qual o animal mais silencioso que existe? Sagui.,0,0,2.875,-2.662109375,-5.537109375,0.9960775971412659,0.003922447562217712,True
5.3990.H,5.3990,H,Qual o comediante que o pessoal sempre pedia pra falar mais alto na hora do show? Berre Seinfeld.,1,1,-2.751953125,3.107421875,5.859375,0.0028449094388633966,0.9971550703048706,True
4.731.H,4.731,H,"Como é que uma sopinha de massa elogia uma mulher alta? Eh lá, hoje estás toda girafa!",1,1,-2.78125,2.974609375,5.755859375,0.003154205856844783,0.9968457818031311,True
5.2029.N,5.2029,N,Como se chama o desenho de alguém que não tem cabelo? Caricatura,0,0,2.958984375,-2.55078125,-5.509765625,0.995969295501709,0.004030743148177862,True
5.2099.N,5.2099,N,Qual é o local religioso preferido dos jogadores de basquete? A quadra,0,0,3.3046875,-2.943359375,-6.248046875,0.9980695843696594,0.0019304942106828094,True
5.159.N,5.159,N,O que disse o casal do Peru que teve um filho no Réveillon? Obrigado pelo filho maravilhoso que tivemos.,0,0,2.783203125,-2.6015625,-5.384765625,0.9954350590705872,0.00456498097628355,True
4.38.H,4.38,H,Hoje vi uma empregada do Pingo Doce a marcar o preço nos produtos aos calhas. Ela devia estar só a preço-por os valores.,1,1,-2.896484375,2.91796875,5.814453125,0.002975233132019639,0.9970247149467468,True
5.1405.H,5.1405,H,Qual é o personagem da Marvel que usa rastafari? Dreadpool.,1,1,-2.248046875,2.294921875,4.54296875,0.010529712773859501,0.9894702434539795,True
5.2373.H,5.2373,H,Por que a mãe tinha que largar o bebê quando colocava sua bolsa? Porque era bolsa tiracolo.,1,1,-0.689453125,0.95556640625,1.64501953125,0.16178321838378906,0.8382167816162109,True
5.1322.N,5.1322,N,Qual o meio de transporte que aceita qualquer estilo musical? Ônibus.,0,0,2.953125,-2.525390625,-5.478515625,0.9958418011665344,0.004158160649240017,True
4.398.H,4.398,H,"Era um vez um esquilo tão pequeno, tão pequeno, que em vez de chamar esquilo, chamava-se esgrama.",1,1,-2.69140625,2.80859375,5.5,0.004070138093084097,0.9959298968315125,True
5.1967.N,5.1967,N,Que tipo de filme está sempre nas programações? Popular.,0,0,3.4375,-3.125,-6.5625,0.9985895752906799,0.0014103582361713052,True
4.748.H,4.748,H,"Até vos contava uma piada sobre frangos, mas vocês não iam apanhar.",1,0,1.013671875,-1.013671875,-2.02734375,0.8836382627487183,0.11636176705360413,False
5.267.H,5.267,H,Por que toda mulher quer se casar com um sabão em pó de 20 quilos? Porque é um omão da porra.,1,1,-3.0703125,3.302734375,6.373046875,0.001704041613265872,0.9982959628105164,True
4.453.H,4.453,H,O que é que o Brad Pitt faz na grande área? Está à espera que o Tom Cruise.,1,1,-1.2431640625,1.384765625,2.6279296875,0.06736239790916443,0.932637631893158,True
5.2647.H,5.2647,H,Qual apresentador é o mais duas caras? Falso Silva.,1,1,-2.517578125,2.529296875,5.046875,0.006388320587575436,0.9936116337776184,True
5.2639.H,5.2639,H,Qual joalheria não usa gasolina? A Gás Stern.,1,1,-1.5283203125,1.73828125,3.2666015625,0.036734893918037415,0.9632651209831238,True
5.117.N,5.117,N,Qual menina viveu uma aventura digna dos contos de fadas? Alice no país das Maravilhas.,0,0,2.970703125,-2.77734375,-5.748046875,0.9968211650848389,0.0031788658816367388,True
5.3585.N,5.3585,N,"Qual roqueiro que se fosse espanhol, teria nascido na quarta-feira? Paulo Miklos.",0,0,3.279296875,-2.958984375,-6.23828125,0.9980505704879761,0.0019494020380079746,True
5.439.H,5.439,H,Onde o Drácula precisa levar seu carro todo ano? No Detransilvania,1,1,-2.384765625,2.533203125,4.91796875,0.007260866463184357,0.9927391409873962,True
5.2178.H,5.2178,H,Qual o presidente que adora assistir animes? Jair Bolsonaruto ,1,0,2.16015625,-1.7626953125,-3.9228515625,0.9805992841720581,0.019400762394070625,False
5.1329.N,5.1329,N,O que é uma maconha enrolada num jornal? Um baseado.,0,0,2.96484375,-2.798828125,-5.763671875,0.996870219707489,0.003129736054688692,True
5.399.H,5.399,H,"Que queijo Sherlock Holmes ofereceu a seu parceiro? Emental, meu caro Watson",1,1,-2.6875,2.654296875,5.341796875,0.004764452576637268,0.9952356219291687,True
5.1118.N,5.1118,N,"Qual o quadro composto por um homem gay, afeminado e sem dinheiro? A Gioconda.",0,0,3.27734375,-2.8125,-6.08984375,0.997739315032959,0.0022606404963880777,True
4.702.N,4.702,N,O meu carro foi roubado . E o da Nelly também.,0,0,2.462890625,-2.2734375,-4.736328125,0.991305410861969,0.008694533258676529,True
5.3109.N,5.3109,N,Qual rap te provoca gases? RM do BTS.,0,1,-2.419921875,2.5625,4.982421875,0.0068107303231954575,0.9931893348693848,False
5.2535.N,5.2535,N,Por que o cavaquinho andava tão arrogante? Porque ele disse: sou um lindo!,0,0,1.689453125,-1.677734375,-3.3671875,0.966663122177124,0.0333368219435215,True
5.2213.N,5.2213,N,O que se deve dizer pro professor de geometria terraplanista? Vai pra cubo,0,1,-2.84375,3.123046875,5.966796875,0.002555886749178171,0.9974441528320312,False
5.3740.H,5.3740,H,"O que o Galvão disse quando viu um cirurgião retirar um órgão do paciente? ""Eeergue o baço...""",1,1,-2.84375,2.744140625,5.587890625,0.0037289573810994625,0.996271014213562,True
4.107.N,4.107,N,O que é que o João Silva lê quando está doente? Saramago.,0,1,-0.75830078125,1.2763671875,2.03466796875,0.11561079323291779,0.8843892216682434,False
5.3504.N,5.3504,N,Qual executivo sempre cochila depois do almoço? O gerente.,0,0,3.43359375,-3.169921875,-6.603515625,0.9986461997032166,0.001353758736513555,True
5.3440.H,5.3440,H,Qual o documento atesta a morte do cearense? Abestado de óbito.,1,1,-2.083984375,2.3203125,4.404296875,0.012077060528099537,0.9879229664802551,True
5.419.N,5.419,N,Qual o país com a maior produção de cana-de-açúcar? O Brasil.,0,0,3.388671875,-3.13671875,-6.525390625,0.9985363483428955,0.0014636011328548193,True
5.1285.H,5.1285,H,Qual a cidade favorita do comediante Mussão? Dê troite.,1,1,-3.193359375,3.50390625,6.697265625,0.0012327608419582248,0.9987672567367554,True
5.3504.H,5.3504,H,Qual executivo sempre cochila depois do almoço? O de gestão.,1,0,3.06640625,-2.923828125,-5.990234375,0.9975032210350037,0.002496827859431505,False
5.309.H,5.309,H,Por que a música portuguesa me encanta? Porque é um conto de fados.,1,0,2.865234375,-2.671875,-5.537109375,0.9960775971412659,0.003922447562217712,False
4.161.H,4.161,H,Qual é o filme mais pornográfico de sempre? O Titanic. Foderam-se todos.,1,0,2.291015625,-2.263671875,-4.5546875,0.989591658115387,0.010408313944935799,False
5.2956.N,5.2956,N,Qual é o seriado mexicano sobre um chinês tomando chá? Chaves.,0,0,3.5234375,-3.1796875,-6.703125,0.9987744688987732,0.0012255675392225385,True
4.550.H,4.550,H,O que faz um drogado no bingo? Linha.,1,1,0.21826171875,0.56689453125,0.3486328125,0.4137139916419983,0.5862860083580017,True
5.2368.H,5.2368,H,Qual rockeiro não usa drogas e nem sacaneia os outros? O Bom Jovem,1,0,1.4404296875,-1.162109375,-2.6025390625,0.9310247898101807,0.06897519528865814,False
4.598.H,4.598,H,Estou a pensar começar uma relação com a minha calculadora. Ao menos ela sabe dar-me o devido valor.,1,0,0.353271484375,-0.399658203125,-0.7529296875,0.679816722869873,0.32018330693244934,False
5.3776.N,5.3776,N,Qual é a banda mais consumida no dia a dia? Pearl Jam.,0,0,2.91796875,-2.6171875,-5.53515625,0.9960699081420898,0.003930085804313421,True
5.2322.H,5.2322,H,Um homem perguntou quanto custava o vira-lata. Qual o nome do jogo? Rex tá um.,1,1,-3.255859375,3.599609375,6.85546875,0.001052568550221622,0.9989474415779114,True
5.2701.N,5.2701,N,"O que a pessoa faz quando tem que dividir uma palavra, mas não sabe? Uma divisão silábica.",0,0,2.1328125,-1.9443359375,-4.0771484375,0.9833269715309143,0.016673045232892036,True
5.2559.H,5.2559,H,Qual é o cantor que tá sempre na cena de um crime? Perito de Paula.,1,1,-1.8232421875,1.7607421875,3.583984375,0.02701479196548462,0.9729852676391602,True
5.2120.H,5.2120,H,Onde no Brasil os policiais dispensam seus lixos? No Detrito Federal ,1,1,-2.609375,3.1875,5.796875,0.003027834929525852,0.9969722032546997,True
4.655.H,4.655,H,Hoje a São acordou toda molhada. O que aconteceu? Inunda São.,1,1,-3.201171875,3.32421875,6.525390625,0.0014636011328548193,0.9985363483428955,True
5.1895.N,5.1895,N,Qual cantora teve o destino dos gatos? Pitty.,0,0,3.396484375,-3.076171875,-6.47265625,0.9984573125839233,0.0015427323523908854,True
5.787.H,5.787,H,Qual deus grego é falso? Pseudon.,1,0,2.908203125,-2.822265625,-5.73046875,0.9967648983001709,0.003235055599361658,False
5.110.N,5.110,N,Qual ferramenta irá proteger a todos? Chave de fenda.,0,0,3.201171875,-2.994140625,-6.1953125,0.9979652166366577,0.002034817123785615,True
5.234.H,5.234,H,Por que o pai de santo abaixou as calças? PORQUE É DANDO QUE SE RECEBE,1,0,0.79150390625,-1.0673828125,-1.85888671875,0.8651671409606934,0.13483287394046783,False
4.97.N,4.97,N,Que nome se dá a uma pizza cheia de gordura? Pizza de quatro queijos.,0,0,2.537109375,-2.458984375,-4.99609375,0.9932811260223389,0.006718869786709547,True
5.3729.H,5.3729,H,Por que o ônibus fez plástica na bunda? Porque tinha pouco assento.,1,0,1.1240234375,-1.3671875,-2.4912109375,0.9235233068466187,0.07647661864757538,False
5.421.H,5.421,H,Qual a banda que te pede para parar carinhosamente? Paramore.,1,0,2.962890625,-2.619140625,-5.58203125,0.996249258518219,0.0037507889792323112,False
4.640.N,4.640,N,Acabou de ser encontrado no Egipto um sarcófago dourado com uma múmia coberta de chocolate e avelãs . Acredita-se que pertença ao Faraó Tutankhamun.,0,0,1.5947265625,-1.53515625,-3.1298828125,0.9581087231636047,0.04189131036400795,True
5.53.N,5.53,N,Como são classificados os gatos e cachorros no México? Astecas.,0,0,1.7060546875,-1.4501953125,-3.15625,0.9591543078422546,0.04084571823477745,True
5.3860.N,5.3860,N,"Qual o animal mais chato pro Tim Maia? O lêmure . Porque do lêmure ao pontal, não há nada igual.",0,1,-2.236328125,2.3359375,4.572265625,0.010228808969259262,0.9897712469100952,False
5.1013.N,5.1013,N,"Qual cantor contratou duas bailarinas, uma loira e uma morena? Éotcham John",0,1,-2.677734375,2.80078125,5.478515625,0.004158160649240017,0.9958418011665344,False
5.491.H,5.491,H,Por que o coelho quebrou os dentes ao comer o protetor solar? Porque tinha cenoura e bronze.,1,1,-3.400390625,3.515625,6.916015625,0.0009907910134643316,0.9990091323852539,True
4.645.H,4.645,H,"Se um dia te oferecerem uns óculos sem lentes, tem cuidado! Pode ser armação.",1,1,-1.6806640625,1.681640625,3.3623046875,0.03349453583359718,0.9665054082870483,True
5.3842.N,5.3842,N,Qual carro também é um brinquedo? Gol.,0,0,3.361328125,-3.046875,-6.408203125,0.9983547329902649,0.0016452716663479805,True
4.325.H,4.325,H,"É tão difícil ser professor de natação... Uma pessoa ensina, ensina, ensina... e o aluno nada!",1,1,-2.142578125,2.20703125,4.349609375,0.012747264467179775,0.9872527718544006,True
5.3360.N,5.3360,N,Pra onde os religiosos vão quando estão com calor? Pro seminário.,0,0,1.4228515625,-1.212890625,-2.6357421875,0.9331267476081848,0.06687323749065399,True
5.2339.H,5.2339,H,Qual atacante brasileiro sempre fica em pé em campo? Roberto Firminho.,1,1,-3.1328125,3.45703125,6.58984375,0.001372368773445487,0.9986276626586914,True
5.4035.H,5.4035,H,"Por que o nariz, às vezes, sente cheiro de arrogância? Por causa da humildade relativa do ar.",1,1,-2.65625,3.140625,5.796875,0.003027834929525852,0.9969722032546997,True
4.107.H,4.107,H,O que é que o Harry Potter lê quando está doente? Saramago.,1,0,1.83984375,-1.341796875,-3.181640625,0.9601374864578247,0.0398624949157238,False
5.1332.H,5.1332,H,Por que o nerd pediu a calculadora em namoro? Porque ela dava valor.,1,0,1.4873046875,-1.4013671875,-2.888671875,0.9472835659980774,0.05271640047430992,False
4.568.H,4.568,H,"Porque é que a seleção chinesa não tem muito sucesso no futebol? Porque de cada vez que lhes dão um canto, eles montam uma loja.",1,0,2.2890625,-1.8388671875,-4.1279296875,0.9841393232345581,0.015860596671700478,False
4.263.N,4.263,N,"Um boi e uma vaca passaram uma noite num motel . Quem é o progenitor? Os dois, fizeram uma vaquinha.",0,1,-1.9013671875,1.8076171875,3.708984375,0.02391638606786728,0.9760836362838745,False
5.3986.H,5.3986,H,Por que o bebê demorou muito pra nascer? Porque é Uma ternidade.,1,0,-0.10699462890625,-0.2247314453125,-0.11773681640625,0.5294002294540405,0.4705997407436371,False
5.3237.H,5.3237,H,Qual queijo favorito da Iveje Sangalo? Axéddar.,1,1,-3.0703125,3.33984375,6.41015625,0.0016420666361227632,0.9983579516410828,True
5.4043.N,5.4043,N,Qual cidade baiana as religiosas tem contato com o diabo? Freira de Satanás.,0,1,-3.150390625,3.087890625,6.23828125,0.0019494020380079746,0.9980505704879761,False
5.2396.N,5.2396,N,Qual é a carne que tem vários filhos? Picanha.,0,0,2.955078125,-2.892578125,-5.84765625,0.9971216320991516,0.0028783478774130344,True
5.1428.H,5.1428,H,Qual parte do carro inibe os efeitos da maconha? O Para Brisa.,1,1,-3.12890625,3.611328125,6.740234375,0.0011809737188741565,0.9988190531730652,True
5.2162.H,5.2162,H,Qual é o cantor que é inimigo dos Vingadores? Cai Thanos Veloso ,1,1,-2.958984375,3.2890625,6.248046875,0.0019304942106828094,0.9980695843696594,True
4.298.N,4.298,N,Qual é o melhor perfume para se usar na praia? Chanel N ° 5.,0,1,-0.712890625,1.1865234375,1.8994140625,0.13017481565475464,0.8698251843452454,False
5.1717.H,5.1717,H,Qual o nome que a Shakira usa pra “fazer amor”? Waka Waka na Butchaca. ,1,1,-2.279296875,2.40625,4.685546875,0.009143315255641937,0.9908567667007446,True
5.1455.H,5.1455,H,Qual o nome dos irmãos que são péssimos de marketing? Pior logo.,1,0,0.1854248046875,-0.182373046875,-0.3677978515625,0.5909267067909241,0.40907323360443115,False
4.39.N,4.39,N,Como é que o rapaz cura as feridas? Com tintura de Yoda.,0,0,1.43359375,-0.85009765625,-2.28369140625,0.9075173139572144,0.09248267114162445,True
4.566.H,4.566,H,Porque é que os ladrões praticam boxe? Porque há um assalto a cada 3 minutos.,1,0,2.232421875,-1.859375,-4.091796875,0.9835653901100159,0.016434574499726295,False
5.3148.N,5.3148,N,Qual o peixe que não é tenor? Tilápia.,0,0,3.1953125,-2.958984375,-6.154296875,0.997880220413208,0.0021198310423642397,True
4.458.N,4.458,N,"Como se diz "" mini-saia "" em japonês? Minisukāto.",0,1,-1.263671875,1.9208984375,3.1845703125,0.039750516414642334,0.9602494835853577,False
4.709.H,4.709,H,"Se a Terra é redonda, por que é que se chama ""planeta"" e não ""redondeta""?",1,0,0.990234375,-0.98486328125,-1.97509765625,0.8781575560569763,0.1218423992395401,False
5.688.N,5.688,N,O que o técnico da geladeira foi fazer no médico? Exame.,0,0,2.486328125,-2.34375,-4.830078125,0.9920772910118103,0.007922627963125706,True
4.223.N,4.223,N,Qual é a sobremesa preferida dos canibais? Pudim flan.,0,1,-2.814453125,2.7265625,5.541015625,0.003907214850187302,0.9960927367210388,False
4.374.H,4.374,H,Porque é que na Polónia ninguém se perde? Porque lá há muitas polacas.,1,0,1.703125,-1.4990234375,-3.2021484375,0.9609150886535645,0.03908495604991913,False
4.541.H,4.541,H,"Como é que se diz ""não há Wi-Fi"" em russo? Internyet.",1,0,0.9775390625,-0.61474609375,-1.59228515625,0.830937385559082,0.16906262934207916,False
3.6.N,3.6,N,Por que o policial não gosta de sabão? Porque ele tem alergia.,0,0,2.80078125,-2.4453125,-5.24609375,0.9947595000267029,0.005240449216216803,True
5.4083.H,5.4083,H,Qual a atriz que rouba por que é pé de chinelo? Winona Rider.,1,0,0.9404296875,-0.98779296875,-1.92822265625,0.8730525970458984,0.12694744765758514,False
5.522.H,5.522,H,Qual país que sofre com as enchentes? Aquador.,1,0,2.857421875,-2.611328125,-5.46875,0.9958011507987976,0.004198794718831778,False
4.144.H,4.144,H,Porque é que as moedas não podem ter relações? Porque são cunhadas.,1,1,-2.818359375,2.513671875,5.33203125,0.004810982849448919,0.9951889514923096,True
5.1515.N,5.1515,N,Qual super herói que tem fetiche com a própria mãe? Deadpool.,0,0,3.111328125,-2.81640625,-5.927734375,0.9973425269126892,0.0026574311777949333,True
4.303.N,4.303,N,Vira-se o escorrega para o baloiço: Como os anos passam depressa ...,0,1,-0.6865234375,0.62451171875,1.31103515625,0.2123136669397354,0.787686288356781,False
5.2286.H,5.2286,H,Como se chama a pessoa que um dia se tornará escrota? Crota,1,0,1.048828125,-0.91455078125,-1.96337890625,0.8768981695175171,0.12310183793306351,False
4.500.N,4.500,N,Porque é que o João Silva tem Instagram mas não tem Facebook? Porque ele prefere ter seguidores em vez de amigos.,0,0,2.662109375,-2.29296875,-4.955078125,0.9930017590522766,0.006998209748417139,True
5.2280.N,5.2280,N,Qual é a comida muito apreciada pelos radicais chineses da Al-Qaeda? Macarrão,0,0,3.068359375,-2.77734375,-5.845703125,0.9971160888671875,0.002883958863094449,True
5.3571.H,5.3571,H,Qual personagem não fala muito? CAlladin.,1,1,-2.265625,2.205078125,4.470703125,0.011309891939163208,0.9886900782585144,True
4.662.H,4.662,H,"Decidi começar a usar um pano nas cuecas. Assim, sempre que me peido liberto gás propano.",1,1,-1.8798828125,2.16015625,4.0400390625,0.01729249209165573,0.9827074408531189,True
4.228.H,4.228,H,Como é que um brasileiro pede licença a um francês? Sai-me da french!,1,1,-2.6953125,2.8828125,5.578125,0.0037654140032827854,0.9962345957756042,True
5.2955.H,5.2955,H,Qual o nome do jogo que Jô Soares adora jogar quando cheira cocaína? Jô quer pó.,1,1,-2.689453125,3.078125,5.767578125,0.0031175727490335703,0.996882438659668,True
5.3668.H,5.3668,H,Por que o frango caipira não tem problemas jurídicos de identidade? Porque ele não tem hormônimos.,1,1,-2.0625,2.22265625,4.28515625,0.013584393076598644,0.986415684223175,True
5.1808.N,5.1808,N,Qual personagem da literatura chupava tudo o que via? Bentinho.,0,0,3.197265625,-2.87890625,-6.076171875,0.9977083206176758,0.0022916889283806086,True
4.453.N,4.453,N,O que é que o Brad Pitt faz na grande cidade? Está à espera do Tom Cruise.,0,0,2.078125,-2.01953125,-4.09765625,0.9836598634719849,0.01634012721478939,True
5.2477.H,5.2477,H,O que o burro disse para a mula? Vamulá.,1,1,-3.017578125,3.3203125,6.337890625,0.0017649073852226138,0.9982351064682007,True
5.1066.N,5.1066,N,Qual o sanduíche de queijo com mosquito? Queijo quente.,0,0,3.205078125,-2.962890625,-6.16796875,0.9979089498519897,0.0020911062601953745,True
5.830.N,5.830,N,Qual a escola de inglês dos nordestinos? CCAA.,0,0,2.291015625,-2.033203125,-4.32421875,0.986929178237915,0.013070784509181976,True
5.3345.H,5.3345,H,"Um cara comprou uma dúzia de bananas, mas comeu dez. O que ele faz agora? Dez casca.",1,1,-3.228515625,3.576171875,6.8046875,0.0011073390487581491,0.9988927245140076,True
5.522.N,5.522,N,Qual país que sofre com as enchentes? Equador.,0,0,3.443359375,-3.15625,-6.599609375,0.9986409544944763,0.0013590500457212329,True
5.504.N,5.504,N,Vi na internet um par de óculos e quando fui na loja comprar ele estava mais caro . Sabe o que foi? Foi uma promoção esgotada.,0,0,0.9248046875,-1.01953125,-1.9443359375,0.8748276829719543,0.12517228722572327,True
5.561.H,5.561,H,Qual personagem do Star Wars de Umbanda? Exubacca.,1,1,-2.650390625,2.65234375,5.302734375,0.004953306633979082,0.9950467348098755,True
5.505.N,5.505,N,Qual o nome do cara que a humildade passou longe? Felipe.,0,0,2.900390625,-2.673828125,-5.57421875,0.9962199330329895,0.00378009513951838,True
5.670.N,5.670,N,Qual é a música em que o sobrinho do Michael Jackson nos convida a assistir a um moonwalk feito pelos Jackson Five? Tears In Heaven!,0,0,2.494140625,-2.197265625,-4.69140625,0.9909096360206604,0.009090384468436241,True
4.734.N,4.734,N,"Numa aula de filosofia do 1 ° período: "" Penso, logo existo . """,0,0,1.83203125,-1.6328125,-3.46484375,0.9696707129478455,0.030329255387187004,True
5.2600.H,5.2600,H,Qual é o arroz que vem mais juntinho? Arroz Agrega.,1,1,-2.984375,3.453125,6.4375,0.0015978454612195492,0.9984021782875061,True
5.2983.H,5.2983,H,Qual a série mais peluda? Game of Tony.,1,0,1.2958984375,-1.0126953125,-2.30859375,0.9095863103866577,0.09041372686624527,False
5.58.H,5.58,H,O que o judeu passa no corpo quanto está com dor? Shalompas.,1,1,-2.6640625,3.046875,5.7109375,0.0032986511941999197,0.9967013001441956,True
5.938.N,5.938,N,"Qual é o carro que quando toca música, é perfeito para os matemáticos? Logan.",0,0,1.302734375,-1.044921875,-2.34765625,0.9127477407455444,0.08725224435329437,True
5.1585.H,5.1585,H,Qual é o melhor chá para calvície? Chapéu.,1,0,2.626953125,-2.552734375,-5.1796875,0.994401752948761,0.005598248448222876,False
5.1061.H,5.1061,H,Qual doença temos que coletar esperma? Cataporra.,1,1,-2.89453125,3.302734375,6.197265625,0.0020308548118919134,0.9979690909385681,True
5.1084.N,5.1084,N,Qual carro não sai da cabeça das pessoas? Corsa,0,0,2.931640625,-2.751953125,-5.68359375,0.9966102242469788,0.003389783203601837,True
4.532.N,4.532,N,Dizem que não percebo nada de comida mexicana...Não acho que seja assim tão inculto.,0,0,1.3447265625,-1.220703125,-2.5654296875,0.9286032319068909,0.07139671593904495,True
5.399.N,5.399,N,"Que queijo Sherlock Holmes ofereceu a seu parceiro? Coalho, meu caro Watson",0,0,1.625,-1.7421875,-3.3671875,0.966663122177124,0.0333368219435215,True
4.470.H,4.470,H,Porque é que o mar é azul? Porque os peixes fazem blue... blue... blue...,1,1,-0.491943359375,0.83154296875,1.323486328125,0.21023885905742645,0.7897611856460571,True
5.1971.H,5.1971,H,Porque a fada madrinha estava com um isqueiro na mão indo em direção a uma vela no candelabro? Pra acenderela ,1,1,-2.5546875,2.859375,5.4140625,0.004433765076100826,0.995566189289093,True
5.2517.N,5.2517,N,Qual herói da literatura atirava em patos? Sancho Panza.,0,0,3.4140625,-3.169921875,-6.583984375,0.998619556427002,0.0013804222689941525,True
5.1387.N,5.1387,N,Qual cantora escreveu Sitio do Picapau Amarelo? A Katy Perry.,0,0,3.525390625,-3.203125,-6.728515625,0.9988051652908325,0.0011948780156672,True
5.1366.N,5.1366,N,O que o Thor faz quando quer falar com alguém? Manda um zap.,0,0,1.962890625,-1.8447265625,-3.8076171875,0.9782811403274536,0.021718833595514297,True
4.604.N,4.604,N,Qual é a semelhança entre os colares e os anéis de ouro? Há alguns quilate.,0,1,-3.240234375,3.388671875,6.62890625,0.0013198636006563902,0.9986801743507385,False
4.342.N,4.342,N,Qual é o contrário de nu? Vestido.,0,0,3.330078125,-3.158203125,-6.48828125,0.9984812140464783,0.0015188507968559861,True
5.2113.N,5.2113,N,O que você chama de hamster com 3 pernas? Hamster,0,0,3.03125,-2.701171875,-5.732421875,0.9967711567878723,0.003228764282539487,True
5.3947.N,5.3947,N,Qual título da nobreza ficou vermelho quando foi promovido? Duque.,0,0,3.28125,-3.28125,-6.5625,0.9985895752906799,0.0014103582361713052,True
5.2639.N,5.2639,N,Qual joalheria não usa gasolina? Nenhuma usa gasolina.,0,0,2.82421875,-2.509765625,-5.333984375,0.9951984286308289,0.004801640752702951,True
4.295.N,4.295,N,Os amigos foram festejar o início do verão . A festa foi na casa dos 30 degraus.,0,1,-1.9716796875,1.875,3.8466796875,0.020904194563627243,0.9790958166122437,False
5.780.H,5.780,H,Qual a mulher que mais gostava de andar de avião? Simone de É Bom Voar.,1,1,-2.109375,2.279296875,4.388671875,0.012264913879334927,0.9877350926399231,True
5.2858.N,5.2858,N,Pq o rapaz demorou muito para receber alta do hospital mas não reclamava? Porque era resignado,0,0,2.65234375,-2.310546875,-4.962890625,0.9930558800697327,0.006944126915186644,True
5.2671.H,5.2671,H,Qual o romano mais malhado que existe? Pôncio Pilates.,1,1,-2.99609375,3.271484375,6.267578125,0.0018932255916297436,0.9981067180633545,True
5.2707.N,5.2707,N,Por que o tubo de pomada foi espremido? Porque era um creme.,0,0,2.52734375,-2.41796875,-4.9453125,0.9929336309432983,0.007066401652991772,True
5.1193.N,5.1193,N,Qual a sandália usada no exército? Sandália crocs.,0,1,-1.51953125,1.861328125,3.380859375,0.03289904072880745,0.967100977897644,False
5.2487.H,5.2487,H,Qual é o contrário de Otorrinolaringologista? Otochorandolaringologista.,1,0,1.8369140625,-1.9609375,-3.7978515625,0.9780727028846741,0.021927298977971077,False
4.445.H,4.445,H,De que material são compostas as pedras nos rins? De xixisto.,1,1,-0.5576171875,0.85107421875,1.40869140625,0.19644053280353546,0.8035594820976257,True
5.2983.N,5.2983,N,Qual a série mais peluda? Game of Thrones.,0,0,2.94921875,-2.681640625,-5.630859375,0.9964273571968079,0.003572683082893491,True
5.2408.N,5.2408,N,O que são dois pontinhos cinzas no mar? Sujeira.,0,1,-0.76220703125,1.0048828125,1.76708984375,0.14590460062026978,0.8540953993797302,False
4.39.H,4.39,H,Como é que o Darth Vader cura as feridas? Com tintura de Yoda.,1,1,-0.595703125,1.0361328125,1.6318359375,0.16357900202274323,0.8364209532737732,True
5.4030.H,5.4030,H,Qual o pássaro mais atrapalhado que existe? João de Esbarro.,1,1,-2.935546875,3.2890625,6.224609375,0.001976184081286192,0.9980238676071167,True
5.1616.H,5.1616,H,Qual é a pacifista que é um gênio da matemática? Madre Teresa de Calcular.,1,1,-2.990234375,3.06640625,6.056640625,0.0023367826361209154,0.9976632595062256,True
5.1896.H,5.1896,H,O que o galo espera da galinha quando eles transam? Que ela gema ,1,1,-0.88671875,0.80517578125,1.69189453125,0.15552686154842377,0.8444731831550598,True
4.64.N,4.64,N,Porque é que as galinhas não conduzem? Porque não têm habilitação.,0,0,2.40625,-2.158203125,-4.564453125,0.9896917939186096,0.010308208875358105,True
5.419.H,5.419,H,Qual o país com a maior produção de cana-de-açúcar? O Cana-dá.,1,1,-3.1796875,3.66796875,6.84765625,0.0010608151787891984,0.9989392161369324,True
5.3591.H,5.3591,H,"O que o Fred Flintstone disse quando percebeu que instalou um programa indesejado? Ih, aba da Baidu.",1,1,-2.873046875,3.388671875,6.26171875,0.0019043302163481712,0.998095691204071,True
5.504.H,5.504,H,Vi na internet um par de óculos e quando fui na loja comprar ele estava mais caro. Sabe o que foi? Foi uma ilusão de ótica.,1,0,0.75341796875,-0.88134765625,-1.634765625,0.836821436882019,0.16317856311798096,False
4.509.N,4.509,N,Como é que o Batman e o Hulk nadam? De costas.,0,0,2.802734375,-2.654296875,-5.45703125,0.9957518577575684,0.004248078912496567,True
5.2665.N,5.2665,N,Quem é responsável pela locomoção dos cidadãos? Transporte público.,0,0,3.453125,-3.13671875,-6.58984375,0.9986276626586914,0.001372368773445487,True
4.110.N,4.110,N,Como se chama o homem que monta presépios? Armando Silva.,0,0,3.171875,-3.0234375,-6.1953125,0.9979652166366577,0.002034817123785615,True
4.170.H,4.170,H,Qual é o jogo preferido das vesículas? O biliar.,1,0,1.98828125,-1.791015625,-3.779296875,0.9776712656021118,0.022328782826662064,False
5.2120.N,5.2120,N,Onde no Brasil os policiais dispensam seus lixos? No Rio de Janeiro,0,0,2.8046875,-2.6171875,-5.421875,0.9956005811691284,0.004399412777274847,True
5.2060.N,5.2060,N,Qual o personagem de star wars que vive espirrando? Anakin skywalker,0,0,0.9658203125,-0.92919921875,-1.89501953125,0.8693267703056335,0.13067321479320526,True
4.330.H,4.330,H,Porque é que os bêbados gostam de passar a Ponte 25 de Abril? Porque lá há muito engarrafamento.,1,0,2.556640625,-2.318359375,-4.875,0.9924227595329285,0.0075772409327328205,False
5.3591.N,5.3591,N,"O que o Fred Flintstone disse quando percebeu que instalou um programa indesejado? Ah, não.",0,0,1.82421875,-1.6494140625,-3.4736328125,0.9699281454086304,0.030071839690208435,True
5.3483.H,5.3483,H,"Qual a atriz que vc dá satisfação sempre que bebe alguma coisa? Marisa, Tomei.",1,1,-2.8203125,3.091796875,5.912109375,0.0026991665363311768,0.9973008036613464,True
5.3237.N,5.3237,N,Qual queijo favorito da Iveje Sangalo? Pecorino.,0,1,-1.0791015625,1.4931640625,2.572265625,0.07094482332468033,0.9290551543235779,False
5.432.H,5.432,H,Por que o passarinho perdeu os movimentos? Porque ele teve um ave-C.,1,1,-2.974609375,3.197265625,6.171875,0.002082970691844821,0.9979169964790344,True
5.2775.N,5.2775,N,Qual o ativista boxeador? Nelson Mandela,0,0,3.48828125,-3.236328125,-6.724609375,0.9988003969192505,0.0011995488312095404,True
5.1160.H,5.1160,H,Qual o pão que te ajuda a respirar? O pão Pulman.,1,1,-1.3642578125,1.822265625,3.1865234375,0.039676032960414886,0.9603239297866821,True
5.2343.N,5.2343,N,Qual jornalista esportivo é ainda adolescente? Dudu Camargo.,0,0,3.474609375,-3.27734375,-6.751953125,0.9988327622413635,0.0011672310065478086,True
5.966.N,5.966,N,Qual diretor famoso roubava as bolsas dos atores? Ryan Coogler.,0,0,3.0546875,-2.83203125,-5.88671875,0.997231662273407,0.0027683854568749666,True
4.320.H,4.320,H,Porque é que a equipa de futebol tem saudades do jogador que foi expulso? Porque é o que faz mais falta.,1,0,2.248046875,-1.837890625,-4.0859375,0.9834704995155334,0.01652955822646618,False
5.2349.H,5.2349,H,Qual é o esporte preferido pelos gaúchos? Bahsquete.,1,0,0.71044921875,0.01097869873046875,-0.6994705200195312,0.668070375919342,0.33192959427833557,False
5.2984.H,5.2984,H,Que cantor vive sofrendo? Paulo Ricárduo.,1,1,-2.203125,2.474609375,4.677734375,0.009214365854859352,0.9907855987548828,True
5.2443.H,5.2443,H,Qual o tipo de conexão que não funciona no elevador? Internet de escada.,1,1,0.046051025390625,0.122314453125,0.076263427734375,0.48094338178634644,0.5190566182136536,True
5.1461.H,5.1461,H,Qual o carro favorito do fotógrafo? Focus.,1,0,2.04296875,-1.734375,-3.77734375,0.9776285290718079,0.022371459752321243,False
4.533.N,4.533,N,Porque é que os políticos são tão ricos? É fruto do seu trabalho.,0,0,2.720703125,-2.642578125,-5.36328125,0.9953363537788391,0.0046636550687253475,True
5.2464.H,5.2464,H,Você sabe por que as pessoas usam óculos vermelhos? Para ver melhor.,1,0,2.53515625,-2.31640625,-4.8515625,0.9922444224357605,0.007755536586046219,False
4.307.N,4.307,N,Quanto tempo demora um gelado a derreter? Cerca de um quarto de hora.,0,0,2.47265625,-2.46484375,-4.9375,0.9928786158561707,0.007121428847312927,True
5.743.H,5.743,H,"Como se chamava o camponês que era forçado por um nobre a perseguir um ex-vocalista da Banda Eva? Vá, Saulo.",1,1,-2.474609375,2.681640625,5.15625,0.005730246193706989,0.9942697286605835,True
5.1193.H,5.1193,H,Qual a sandália usada no exército? Melíssia.,1,0,0.93408203125,-0.7265625,-1.66064453125,0.8403244614601135,0.1596754938364029,False
4.476.H,4.476,H,"Uma freira tinha de pôr supositórios em três bebés. Meteu no primeiro, mas depois foi atender o telefone e esqueceu-se em qual tinha posto. Qual o nome da freira? Madre Teresa de Cal-cu-tá.",1,1,-2.60546875,3.1015625,5.70703125,0.0033115192782133818,0.9966885447502136,True
5.563.N,5.563,N,Porque o Karl Marx ficou irritado quando atendeu o telefone? Era um golpe.,0,0,2.076171875,-2.19921875,-4.275390625,0.9862841367721558,0.013715874403715134,True
5.1851.N,5.1851,N,O que a pessoa cheia de fé passa quando tem um machucado? Spray.,0,0,2.130859375,-1.83984375,-3.970703125,0.9814888834953308,0.01851104572415352,True
5.2082.N,5.2082,N,Qual é o compositor mais jovem? Mozart,0,0,3.2578125,-3.099609375,-6.357421875,0.9982692003250122,0.0017308301758021116,True
5.3257.N,5.3257,N,Qual o veículo do gay misterioso? Bisecreta.,0,0,2.50390625,-2.5390625,-5.04296875,0.9935867786407471,0.0064131636172533035,True
5.3748.N,5.3748,N,Qual o nome do ator que não faz nada além da obrigação? Rodrigo Santoro,0,0,3.296875,-3.11328125,-6.41015625,0.9983579516410828,0.0016420666361227632,True
5.393.H,5.393,H,Qual apresentador tinha um pequeno sítio? Chacarinha,1,1,-2.19921875,2.21484375,4.4140625,0.011961097829043865,0.9880388379096985,True
5.3086.N,5.3086,N,Qual o nome do filho do Mc Kevinho? Marcelo.,0,0,3.099609375,-2.55078125,-5.650390625,0.9964961409568787,0.003503822721540928,True
5.679.N,5.679,N,Qual é a atriz mais fria da Globo? Nenhuma.,0,0,3.3671875,-3.1484375,-6.515625,0.9985221028327942,0.0014779429184272885,True
5.1570.N,5.1570,N,"Uma pessoa com o apelido Lu, foi para a padaria com suas duas irmãs Ana . Qual o nome da pessoa? Luciana",0,0,2.642578125,-2.505859375,-5.1484375,0.9942250847816467,0.005774930119514465,True
4.573.N,4.573,N,Porque é que os cemitérios têm paredes? Porque as pessoas estão lá dentro.,0,0,2.46484375,-2.287109375,-4.751953125,0.9914391040802002,0.008560892194509506,True
5.4102.H,5.4102,H,Qual a quantia que te pagam e vc fica ofendido? Humilhão.,1,0,1.8369140625,-1.9111328125,-3.748046875,0.9769787192344666,0.023021256551146507,False
5.2967.N,5.2967,N,Qual a carreira que causa dor e depressão? Ai triste!,0,1,-1.357421875,1.5869140625,2.9443359375,0.05000489577651024,0.9499951004981995,False
5.2312.H,5.2312,H,Qual é o nome da banda favorita das pessoas cansadas? Exausta samba,1,1,-2.9765625,3.42578125,6.40234375,0.0016549242427572608,0.9983450174331665,True
4.36.H,4.36,H,Uma loira viu um jogo de futebol que acabou 1-0. Qual foi o seu jogador preferido? O Vidoso. Porque o golo foi do Vidoso.,1,0,1.9345703125,-1.4560546875,-3.390625,0.9674102663993835,0.03258974477648735,False
5.3192.H,5.3192,H,Qual personagem de desenho que não tem pinto? Pica pado.,1,1,-3.111328125,3.48046875,6.591796875,0.0013696944806724787,0.9986302852630615,True
5.4091.N,5.4091,N,Qual fruta favorita do bode? Jabuticaba.,0,0,2.962890625,-2.650390625,-5.61328125,0.996364176273346,0.003635808825492859,True
5.651.H,5.651,H,Qual ator de Hollywood tem a melhor mira do mundo? O Wesley Sniper.,1,1,-3.052734375,3.294921875,6.34765625,0.001747785834595561,0.9982522130012512,True
5.1118.H,5.1118,H,"Qual o quadro composto por um homem gay, afeminado e sem dinheiro? A Mona Lisa.",1,0,3.181640625,-2.728515625,-5.91015625,0.9972955584526062,0.0027044296730309725,False
5.1970.N,5.1970,N,Qual espécie extinta caiu numa cilada? Dinossauros.,0,0,3.078125,-3.009765625,-6.087890625,0.9977349042892456,0.0022650505416095257,True
5.1895.H,5.1895,H,O que o ginecologista diz quando tem uma grande ideia? Pereureka! ,1,1,-2.3984375,2.677734375,5.076171875,0.0062050228007137775,0.9937950372695923,True
4.310.H,4.310,H,O que é que o Quim Barreiros faz antes de andar de avião? O check-Quim.,1,1,-3.296875,3.62109375,6.91796875,0.0009888596832752228,0.9990111589431763,True
5.2967.H,5.2967,H,Qual a doença que causa dor e depressão? Ai triste!,1,1,-1.5830078125,1.767578125,3.3505859375,0.03387598320841789,0.9661239385604858,True
4.82.H,4.82,H,O que é um ponto rosa no chão? Uma gaynha.,1,1,-2.55859375,2.8984375,5.45703125,0.004248078912496567,0.9957518577575684,True
4.465.N,4.465,N,O que recebe um filho quando tem boas notas? Uma mesada . E quando tem más notas? Uma explicação.,0,0,2.626953125,-2.38671875,-5.013671875,0.9933974742889404,0.006602569483220577,True
5.1046.N,5.1046,N,Qual o canal para fumantes infantis? Discovery Kids.,0,0,3.162109375,-2.8046875,-5.966796875,0.9974441528320312,0.002555886749178171,True
4.586.H,4.586,H,Porque é que as aulas da professora vesga são sempre uma balbúrdia? Porque ela tem dificuldade em controlar as suas pupilas.,1,1,-0.002689361572265625,0.0369873046875,0.039676666259765625,0.49008211493492126,0.5099178552627563,True
5.1035.N,5.1035,N,Qual animal usa calça de cintura baixa? A capivara,0,0,3.337890625,-2.87890625,-6.216796875,0.9980083107948303,0.001991652650758624,True
5.432.N,5.432,N,Por que o passarinho perdeu os movimentos? Porque ele teve um derrame.,0,0,2.822265625,-2.54296875,-5.365234375,0.995345413684845,0.004654597491025925,True
5.2956.H,5.2956,H,Qual é o seriado mexicano sobre um chinês tomando chá? Chá po Lin. ,1,1,-2.859375,3.228515625,6.087890625,0.0022650505416095257,0.9977349042892456,True
5.766.H,5.766,H,Qual o bairro de SP favorito do Schwarzenegger?  A Bela Vista Baby.,1,1,-1.611328125,1.9541015625,3.5654296875,0.02750680409371853,0.9724932312965393,True
5.1905.H,5.1905,H,Quem era o principal cavaleiro da távola redonda? Sir Cunferência ,1,1,-2.97265625,3.0703125,6.04296875,0.0023688741493970156,0.9976310729980469,True
5.192.H,5.192,H,"Qual é o nome do grupo que toca música de macumba, mas só tem um integrante? Legião Umbanda.",1,0,1.77734375,-1.4375,-3.21484375,0.9613890647888184,0.03861093148589134,False
5.750.N,5.750,N,Qual marca de automóvel é a mais atlética? O Fiat.,0,0,2.9921875,-2.458984375,-5.451171875,0.9957270622253418,0.004272936377674341,True
5.3762.H,5.3762,H,Qual é o jogador de futebol que sempre se protege do sol? Frank de Boné ,1,1,-2.619140625,2.826171875,5.4453125,0.004297939129173756,0.9957020878791809,True
5.3587.N,5.3587,N,Qual o jogo que o Mussum inventou? Forca . Porque seria muita treta jogar.,0,0,2.169921875,-1.9169921875,-4.0869140625,0.9834862947463989,0.01651368848979473,True
5.4015.H,5.4015,H,Qual o livro infantil que só tem macarrão e alho? Onde está o óleo.,1,0,0.67626953125,-0.41015625,-1.08642578125,0.7477080821990967,0.2522919476032257,False
5.201.H,5.201,H,"Qual é o cantor que, se multiplicar por dois, vira ator de filme pornô? Marcelo D2. Se multiplicar por dois, vira Marcelo D4.",1,1,-1.578125,2.0546875,3.6328125,0.025760559365153313,0.9742394685745239,True
5.1362.N,5.1362,N,Uma moça usava um grampo que começou a enferrujar . Ela pediu pra uma costureira o forrar . Qual é o nome do pedido? Forra este Grampo.,0,1,-2.4609375,2.99609375,5.45703125,0.004248078912496567,0.9957518577575684,False
5.2178.N,5.2178,N,Qual o presidente que adora assistir animes? Fernando Henrique,0,0,3.39453125,-3.103515625,-6.498046875,0.9984959363937378,0.0015041126171126962,True
5.2578.N,5.2578,N,Qual o programa favorito dos gaúchos? Faustão.,0,0,3.298828125,-2.96484375,-6.263671875,0.9980993866920471,0.0019006216898560524,True
5.4043.H,5.4043,H,Qual cidade baiana as religiosas tem pacto com o diabo? Freira de Satanás.,1,1,-3.142578125,3.02734375,6.169921875,0.0020870345178991556,0.9979129433631897,True
5.3860.H,5.3860,H,"Qual o animal mais importante pro Tim Maia? O lêmure. Porque do lêmure ao pontal, não há nada igual.",1,1,-2.337890625,2.443359375,4.78125,0.008315778337419033,0.9916841983795166,True
5.1598.H,5.1598,H,Qual é o animal que voa no deserto? Dronedário.,1,1,-2.869140625,3.283203125,6.15234375,0.002123966347426176,0.9978760480880737,True
5.1444.N,5.1444,N,Como eu sabia que a gasolina era batizada? Por que quem me atendeu era um frentista.,0,0,2.9140625,-2.63671875,-5.55078125,0.9961305856704712,0.0038693908136337996,True
5.2310.H,5.2310,H,Qual pessoa sempre cria caso por nada durante o casamento? Draminha de Honra,1,1,-2.3359375,2.494140625,4.830078125,0.007922627963125706,0.9920772910118103,True
5.2110.N,5.2110,N,Em que região do país os casais vivem de agricultura? Na roça,0,0,2.8828125,-2.509765625,-5.392578125,0.995470404624939,0.004529616329818964,True
5.2113.H,5.2113,H,O que você chama de hamster com 3 pernas? Hamputado,1,1,-2.9609375,2.78125,5.7421875,0.0031974869780242443,0.9968024492263794,True
5.325.H,5.325,H,Qual o remedio que ja avisa que vc ta precisando dele? Pare ce tá mal.,1,1,-1.990234375,2.271484375,4.26171875,0.013902057893574238,0.9860979318618774,True
5.3645.H,5.3645,H,Qual é o desenho onde o personagem principal só consegue dinheiro em outro planeta? Rico em Marte.,1,1,-1.845703125,2.255859375,4.1015625,0.016277460381388664,0.9837225079536438,True
5.2875.N,5.2875,N,Qual é a apresentadora mais mavada do Brasil? é a Má isa,0,1,-3.12890625,3.390625,6.51953125,0.0014721894403919578,0.9985277652740479,False
5.3807.H,5.3807,H,Qual senador que proíbe piadas? Ri não Calheiros.,1,1,-3.060546875,3.04296875,6.103515625,0.0022300120908766985,0.9977699518203735,True
5.559.N,5.559,N,Qual a novela que mãe e filha foram desvirginadas? Nenhuma.,0,0,3.09375,-2.9609375,-6.0546875,0.9976586103439331,0.0023413405288010836,True
5.2926.N,5.2926,N,Qual fruta prevê o futuro? Banana,0,0,3.33203125,-3.216796875,-6.548828125,0.9985702037811279,0.001429745345376432,True
5.3367.N,5.3367,N,Como se chamam quatro pessoas azaradas? Azarentos.,0,0,2.79296875,-2.46875,-5.26171875,0.9948403239250183,0.005159622523933649,True
4.203.H,4.203,H,Comprei uns sapatos com lâmpadas LED na sola. Pode-se dizer que emitem luz solar.,1,0,1.685546875,-1.4833984375,-3.1689453125,0.9596487283706665,0.04035123437643051,False
5.481.N,5.481,N,Por que a jogadora de voleibol foi internada no hospício? Porque ela não estava batendo bem.,0,0,2.4765625,-2.404296875,-4.880859375,0.9924666285514832,0.00753330672159791,True
4.182.H,4.182,H,Por que é que a ASAE fechou a Assembleia da República? Porque comiam todos do mesmo tacho.,1,0,0.70751953125,-0.9052734375,-1.61279296875,0.8337988257408142,0.16620121896266937,False
4.324.N,4.324,N,Quais são as escadas que demoram mais a subir? São as escadas em pedra.,0,0,1.2060546875,-1.3994140625,-2.60546875,0.9312127232551575,0.06878729164600372,True
4.440.H,4.440,H,Como se chama um homem com unhas compridas? É o Homem-Arranha.,1,1,-3.15625,3.568359375,6.724609375,0.0011995488312095404,0.9988003969192505,True
5.438.N,5.438,N,Qual é a hóstia do catolicismo? Alma chips.,0,1,-3.2265625,3.3203125,6.546875,0.0014325366355478764,0.9985674619674683,False
5.2063.H,5.2063,H,Qual ator americano que sempre deixa todo mundo impressionado ? Uau ! Pacino ,1,0,2.630859375,-2.57421875,-5.205078125,0.994541347026825,0.005458660889416933,False
5.778.H,5.778,H,Por que o cara que não fazia exercícios prestou odonto?  Pra ser dentário.,1,1,-1.275390625,1.2001953125,2.4755859375,0.07758752256631851,0.9224124550819397,True
5.679.H,5.679,H,Qual é a atriz mais fria da Globo? Regina Duártico.,1,1,-3.2421875,3.634765625,6.876953125,0.001030219136737287,0.9989697933197021,True
5.1066.H,5.1066,H,Qual o sanduíche de queijo com mosquito? Cheese-kungunya.,1,1,-2.833984375,3.013671875,5.84765625,0.0028783478774130344,0.9971216320991516,True
