id,pair_id,suffix,text,true_label,predicted_label,logit_non_pun,logit_pun,pun_score,probability_non_pun,probability_pun,correct
4.66.N,4.66,N,Eu adoro fiambre . E também queijo.,0,0,3.01171875,-3.189453125,-6.201171875,0.997977077960968,0.002022953238338232,True
4.600.H,4.600,H,O que são quatro pontos pretos no chão? Fourmigas.,1,1,-3.806640625,3.9921875,7.798828125,0.0004100472142454237,0.9995899796485901,True
5.694.N,5.694,N,Qual cantora espirra muito? Anitta.,0,0,3.828125,-3.775390625,-7.603515625,0.9995015859603882,0.000498446577694267,True
5.443.N,5.443,N,O que o Doutor exclamou ao examinar o Silvio Santos que reclamava de uma dor nas costas? É dor na Lombar.,0,0,3.31640625,-3.52734375,-6.84375,0.9989350438117981,0.0010649625910446048,True
5.3500.N,5.3500,N,Qual a bacteria que só pega em mulher? Salmonela.,0,1,-2.724609375,3.068359375,5.79296875,0.003039649687707424,0.9969603419303894,False
4.713.N,4.713,N,O que é um anão? É um Humano.,0,0,3.5859375,-3.8828125,-7.46875,0.9994296431541443,0.0005703156930394471,True
5.3787.H,5.3787,H,Qual ator estrangeiro já foi PM? Guiliano Algemma,1,1,-3.091796875,3.283203125,6.375,0.0017007224960252643,0.9982993006706238,True
5.3868.N,5.3868,N,Qual marca de hotéis virou presidente? Trump.,0,0,2.302734375,-2.267578125,-4.5703125,0.9897513389587402,0.010248602367937565,True
4.656.H,4.656,H,Por que é que o Pai Natal não vai entregar as prendas a tempo? Porque tem os trabalhadores duendes.,1,1,-3.83203125,4.0078125,7.83984375,0.00039357561036013067,0.9996064305305481,True
4.483.N,4.483,N,Porque é que há tantas mulheres feias? Porque a verdadeira beleza está no interior.,0,0,3.125,-3.53125,-6.65625,0.9987157583236694,0.0012843082658946514,True
4.473.H,4.473,H,Quem estiver desempregado fale com alguns bebés. Ouvi dizer que dão muito trabalho.,1,0,0.82861328125,-1.0078125,-1.83642578125,0.8625254034996033,0.13747455179691315,False
5.3656.H,5.3656,H,Qual vilão da Marvel data do período paleolítico?  Dormammute.,1,1,-3.162109375,3.33203125,6.494140625,0.0015099906595423818,0.9984899759292603,True
5.1441.H,5.1441,H,O que o escorregador falou para o outro? Aqui os ânus passam depressa.,1,1,-3.919921875,3.93359375,7.853515625,0.0003882333403453231,0.9996117949485779,True
4.665.H,4.665,H,O que disse a Selena Gomez quando encontrou o aspirador? Taki Taki Roomba!,1,1,-3.54296875,3.7109375,7.25390625,0.000706905557308346,0.9992930889129639,True
5.4014.N,5.4014,N,Por que no interiorzão não dá pra ouvir música? Porque lá o silêncio impera.,0,0,3.537109375,-3.71484375,-7.251953125,0.9992916584014893,0.000708286592271179,True
5.1884.H,5.1884,H,Qual é o cantor favorito da Ludmila? Funk Aguiar ,1,1,-0.89306640625,0.666015625,1.55908203125,0.17377839982509613,0.8262215852737427,True
5.3981.H,5.3981,H,Qual o super herói dono de uma igreja? Homem de Fé rro.,1,1,-3.69140625,3.869140625,7.560546875,0.0005203195614740252,0.9994797110557556,True
5.614.H,5.614,H,Qual é o carro preferido do Wolverine? Logan.,1,0,3.6796875,-3.8203125,-7.5,0.9994471669197083,0.000552778656128794,False
5.2965.H,5.2965,H,Por que o Ciro Gomes fez implante? Problemas CaPillar.,1,1,-3.40625,3.720703125,7.126953125,0.0008025182178243995,0.9991975426673889,True
4.224.N,4.224,N,Vira-se um porta-moedas para uma carteira: nunca reparas em mim ...,0,0,1.6904296875,-2.38671875,-4.0771484375,0.9833269715309143,0.016673045232892036,True
5.3957.N,5.3957,N,Qual rapper que te convidava pro sexo oral? RM.,0,0,2.87890625,-2.919921875,-5.798828125,0.9969780445098877,0.003021944547072053,True
5.1310.H,5.1310,H,Onde as aranhas compram material de construção? Teia Norte.,1,1,-3.888671875,3.974609375,7.86328125,0.0003844619495794177,0.9996155500411987,True
5.3785.H,5.3785,H,Qual o jogo preferido dos estudantes que moram juntos? Riders República.,1,1,-3.759765625,4.11328125,7.873046875,0.00038072714232839644,0.9996192455291748,True
4.46.H,4.46,H,Estão dois gatinhos à procura da mãe. Qual é o filme? Mamma mia!,1,1,-3.228515625,3.54296875,6.771484375,0.0011446805438026786,0.9988553524017334,True
5.2841.H,5.2841,H,Qual o ator que produz vinho? Vinícolas Cage ,1,1,-3.02734375,3.513671875,6.541015625,0.0014409428695216775,0.9985590577125549,True
5.354.N,5.354,N,Por que Singapura foi na festa dos países? Pra socializar.,0,0,2.810546875,-2.830078125,-5.640625,0.9964619278907776,0.0035380860790610313,True
4.224.H,4.224,H,Vira-se um posta-moedas para uma carteira: nunca notas em mim...,1,1,-2.6328125,2.8125,5.4453125,0.004297939129173756,0.9957020878791809,True
5.3500.H,5.3500,H,Qual a bacteria que só prega em mulher? Salmo nelas.,1,1,-2.97265625,3.24609375,6.21875,0.0019877743907272816,0.9980121850967407,True
5.1598.N,5.1598,N,Qual é o animal que voa no deserto? Abutre.,0,0,2.984375,-3.130859375,-6.115234375,0.9977959394454956,0.0022040894255042076,True
5.1498.N,5.1498,N,O que o galo foi fazer na delegacia? Denunciar.,0,0,3.197265625,-3.4453125,-6.642578125,0.9986979961395264,0.0013019645120948553,True
4.660.H,4.660,H,"Como se chama um cão sem patas? Não se chama, vai-se buscar.",1,1,-0.8251953125,0.82958984375,1.65478515625,0.16046325862407684,0.839536726474762,True
5.513.H,5.513,H,Qual o contrário de diagnóstico? Noite crente.,1,1,-2.74609375,2.93359375,5.6796875,0.003403005190193653,0.9965969920158386,True
4.609.H,4.609,H,Um fulano passou três dias na piscina e depois foi ao médico. Qual foi o diagnóstico? Nada demais.,1,1,-3.607421875,3.935546875,7.54296875,0.0005295418086461723,0.9994705319404602,True
5.2752.H,5.2752,H,"""""""Qual o poeta mais mortal da língua portuguesa? Mário Kitana""""""",1,1,-0.92578125,0.9248046875,1.8505859375,0.13580413162708282,0.8641958832740784,True
5.2189.N,5.2189,N,Quem é a cantora que trabalha com transporte público nos Estados Unidos?  Beyoncé,0,0,3.640625,-3.697265625,-7.337890625,0.9993500113487244,0.0006499983137473464,True
5.3400.N,5.3400,N,Em qual série não gostam de uma banda de rock? Todo mundo odeia o Chris.,0,0,2.83984375,-3.298828125,-6.138671875,0.9978468418121338,0.002153141191229224,True
5.1303.H,5.1303,H,Qual o chá preferido dos britânicos para se acalmar? C'mon Mila.,1,1,-3.1796875,3.400390625,6.580078125,0.0013858177699148655,0.9986141920089722,True
5.41.H,5.41,H,Qual cantora brasileira só cria galinha? Ivete Sem Galo.,1,1,-3.515625,3.6015625,7.1171875,0.000810387369710952,0.999189555644989,True
5.85.N,5.85,N,Qual é a tartaruga ninja que vive na Disney? O Miquelângelo.,0,1,-3.12890625,3.458984375,6.587890625,0.001375047955662012,0.9986249208450317,False
5.4032.H,5.4032,H,"Por que quando eu gritava dentro da caverna, o som só se repetia uma vez ? Porque era um Eco nômico.",1,1,-3.642578125,3.900390625,7.54296875,0.0005295418086461723,0.9994705319404602,True
5.674.N,5.674,N,Qual parente sempre deixa um pouco de comida no prato? A prima.,0,0,3.50390625,-3.62109375,-7.125,0.9991958737373352,0.0008040859247557819,True
5.848.H,5.848,H,Qual personagem da Disney que ninguém gosta? Amarga Rida.,1,1,-3.1796875,3.35546875,6.53515625,0.0014493984635919333,0.9985505938529968,True
5.933.H,5.933,H,Qual é o nome do especialista em temperar carnes que não se esquecia do passado?  O Sal Dosista.,1,1,-1.8466796875,2.115234375,3.9619140625,0.01867140643298626,0.9813286066055298,True
5.2329.H,5.2329,H,O que o videogame triste espera que a gente faça? Que o console.,1,1,-1.8486328125,2.015625,3.8642578125,0.02054743468761444,0.9794526100158691,True
2.10.N,2.10,N,Como o padre bateu o carro? Dando uma ré.,0,0,3.66796875,-3.681640625,-7.349609375,0.9993575215339661,0.000642430386506021,True
5.2811.H,5.2811,H,Profissional que conhecia tudo a respeito de suínos? Ex Perito de Porco ,1,1,-3.05078125,3.4609375,6.51171875,0.0014837189810350537,0.9985162615776062,True
5.2965.N,5.2965,N,Por que o Ciro Gomes fez implante? Ele estava careca.,0,0,3.58984375,-3.705078125,-7.294921875,0.999321460723877,0.0006785172736272216,True
4.417.H,4.417,H,Porque é que os daltónicos têm péssima memória? Porque não sabem nada de cor.,1,0,2.578125,-2.650390625,-5.228515625,0.9946671724319458,0.005332885775715113,False
5.553.H,5.553,H,O que a Minnie falou pro namorado dela quando encostou na fogueira? Mickey mou Zé.,1,1,-3.41796875,3.744140625,7.162109375,0.0007748163188807666,0.9992251396179199,True
5.306.H,5.306,H,Qual problema de saúde recorrente em matemáticos? Problema DIVISÃO,1,1,-2.68359375,2.884765625,5.568359375,0.0038022249937057495,0.9961977601051331,True
5.1021.H,5.1021,H,Qual galaxia treina com nutricionista? A Milky Whey,1,1,-2.916015625,3.13671875,6.052734375,0.0023459072690457106,0.997654139995575,True
5.1929.H,5.1929,H,Qual idioma favorece o tráfico de órgãos? Manda rim ,1,1,-3.859375,4.11328125,7.97265625,0.00034464316559024155,0.9996553659439087,True
4.77.H,4.77,H,"Se o futuro depende dos teus sonhos, não percas tempo. Vai dormir.",1,0,2.927734375,-2.984375,-5.912109375,0.9973008036613464,0.0026991665363311768,False
5.1100.N,5.1100,N,Qual é a regra de matemática preferida dos funkeiros? Regra de três.,0,0,3.66796875,-3.7578125,-7.42578125,0.9994046688079834,0.0005953406798653305,True
5.823.N,5.823,N,Qual a banda que não deve nada pra ninguém? Skank.,0,0,3.375,-3.38671875,-6.76171875,0.9988440275192261,0.0011559007689356804,True
5.3218.H,5.3218,H,Qual piloto nos enchia de orgulho? Emerson FittiProud.,1,1,-1.9248046875,2.400390625,4.3251953125,0.013058193027973175,0.9869418740272522,True
5.2306.H,5.2306,H,Qual jornalista se especializou em falar de lanche de rua no Rio? Ana Paula Podrão.,1,1,-3.537109375,3.958984375,7.49609375,0.0005549409543164074,0.9994450211524963,True
5.3272.N,5.3272,N,Qual a janta favorita do ET? Ovine de Codorna.,0,1,-2.380859375,2.548828125,4.9296875,0.007176882121711969,0.9928231239318848,False
5.3119.N,5.3119,N,Qual o nome da mãe do super-herói que nunca vai em praia com águas geladas? Martha Wayne.,0,0,3.494140625,-3.806640625,-7.30078125,0.9993255138397217,0.0006745559512637556,True
5.1150.H,5.1150,H,O que a mãe do chinês falou para ele fazer quando brigarem com ele? Xing.,1,0,3.021484375,-3.318359375,-6.33984375,0.9982385635375977,0.001761469873599708,False
4.616.N,4.616,N,Por que é que os hospitais não atendem telefones? Porque para isso há a Saúde 24.,0,1,-1.2861328125,1.0712890625,2.357421875,0.08647764474153519,0.9135223627090454,False
5.3704.N,5.3704,N,Onde o Sílvio conseguiu comprar novelas tão ruins? Na porta da Globo!,0,0,3.13671875,-3.177734375,-6.314453125,0.9981933236122131,0.001806685235351324,True
4.678.N,4.678,N,Acabei de abrir a conta da água e a conta da luz ao mesmo tempo . Fiquei em pânico .,0,0,3.0859375,-3.158203125,-6.244140625,0.9980619549751282,0.0019380354788154364,True
5.2738.H,5.2738,H,Po que a gente se sente mais equilibrado ao entrar em um rodízio? Porque ali é um centro de massa,1,1,-3.45703125,3.6875,7.14453125,0.0007885458180680871,0.9992114305496216,True
5.728.N,5.728,N,"Qual é o nome da doença que acomete vítimas de sequestro que não têm espelho no cativeiro? Síndrome de "" Estocolmo? """,0,1,-2.59765625,2.884765625,5.482421875,0.004142016638070345,0.9958580136299133,False
5.62.N,5.62,N,Qual é a atriz que só usa roupa da Zara? Taís Araújo.,0,0,3.8984375,-3.873046875,-7.771484375,0.9995785355567932,0.00042140932055190206,True
5.2985.N,5.2985,N,Qual animal é coach? O homem.,0,0,3.791015625,-3.904296875,-7.6953125,0.9995452761650085,0.00045474793296307325,True
5.2501.N,5.2501,N,Sabe por que a Gisele Bündchen só anda com roupa amassada? Porque ela cansou de passar roupa.,0,0,2.65625,-2.732421875,-5.388671875,0.9954527616500854,0.00454726442694664,True
5.1731.H,5.1731,H,Qual o tipo de investimento financeiro preferido da mulher que casou virgem? Day tarde,1,1,-3.69140625,4.01171875,7.703125,0.0004512105952017009,0.9995487332344055,True
5.3993.N,5.3993,N,Por que o cara sentia prazer em bater em si mesmo com um sapato? Porque era um masoquista.,0,0,3.458984375,-3.744140625,-7.203125,0.9992563128471375,0.0007437028107233346,True
5.3218.N,5.3218,N,Qual piloto nos enchia de orgulho? Emerson.,0,0,3.353515625,-3.544921875,-6.8984375,0.9989916682243347,0.001008343417197466,True
5.1829.H,5.1829,H,Qual é a cidade americana com muitas embarcações? Nas Vegas,1,0,3.509765625,-3.490234375,-7.0,0.9990890026092529,0.0009110511746257544,False
5.2237.N,5.2237,N,"Qual o cantor que, ao descobrir que é corno, resolve partir pra briga com o amante? José Ricardo",0,0,3.69140625,-3.982421875,-7.673828125,0.9995354413986206,0.00046461905003525317,True
5.2312.N,5.2312,N,Qual é o nome da banda favorita das pessoas cansadas? Capital Inicial,0,0,3.673828125,-3.908203125,-7.58203125,0.9994907379150391,0.0005092656938359141,True
4.381.N,4.381,N,O que acontece quando metes um tomate no micro-ondas? Estraga o molho.,0,0,2.083984375,-2.640625,-4.724609375,0.9912039041519165,0.00879612099379301,True
4.479.N,4.479,N,Qual é o osso que segura a cabeça? É o hioide.,0,0,3.109375,-3.556640625,-6.666015625,0.9987280964851379,0.0012718428624793887,True
4.545.H,4.545,H,"Qual é o lema dos perus? ""Um por todos e todos peru"".",1,1,-2.521484375,2.97265625,5.494140625,0.00409395806491375,0.9959059953689575,True
5.4098.H,5.4098,H,Qual molho é sempre servido em proporções exageradas? De Too Much.,1,1,-2.65625,2.76953125,5.42578125,0.004382336512207985,0.9956176280975342,True
4.632.H,4.632,H,Nem todos os esqueletos ouvem. Só os que têm rádio.,1,0,2.6484375,-2.765625,-5.4140625,0.995566189289093,0.004433765076100826,False
4.681.H,4.681,H,"Decidi adotar um Chihuahua. Para quem não sabe, é um animal doméxico.",1,0,2.18359375,-2.546875,-4.73046875,0.9912548065185547,0.008745182305574417,False
5.841.H,5.841,H,Qual escritor sempre usava roupas de frio? Edgar Alã Põe.,1,1,-3.62890625,3.8046875,7.43359375,0.0005907104350626469,0.9994093179702759,True
4.587.N,4.587,N,Porque é que não se pode contratar com um cleptomaníaco? Porque ele leva tudo literalmente.,0,1,-1.376953125,1.578125,2.955078125,0.049497056752443314,0.9505029916763306,False
4.510.H,4.510,H,"No outro dia estava a lavar o carro com o meu filho, vira-se ele: Pai, porque é que não usas uma esponja?",1,0,2.888671875,-3.11328125,-6.001953125,0.9975321292877197,0.0024678101763129234,False
4.607.N,4.607,N,Por que é que o treinador foi despedido? Porque não estava capacitado para o trabalho.,0,0,3.548828125,-3.783203125,-7.33203125,0.9993461966514587,0.0006538155139423907,True
5.4014.H,5.4014,H,Por que no interiorzão não dá pra ouvir música? Porque lá o spotifaia.,1,1,-3.224609375,3.4375,6.662109375,0.0012768144952133298,0.9987232089042664,True
5.659.N,5.659,N,Qual planta trabalha muito? Samambaia.,0,0,3.677734375,-3.654296875,-7.33203125,0.9993461966514587,0.0006538155139423907,True
5.2764.H,5.2764,H,Qual cantora q não come carne? A VegetaRhianna.,1,1,-2.275390625,2.640625,4.916015625,0.0072749583050608635,0.9927250146865845,True
5.3488.H,5.3488,H,Que órgão ajudou encontrar o governador de São Paulo? A Procurar Doria.,1,1,-3.166015625,3.47265625,6.638671875,0.0013070536078885198,0.9986929297447205,True
5.1149.H,5.1149,H,Qual personagem de dragon ball nasceu na Alemanha e não come carne? Vegeta Ariano.,1,1,-3.279296875,3.640625,6.919921875,0.0009869320783764124,0.9990130662918091,True
5.1756.N,5.1756,N,Qual tipo de roupa o Goku gostaria de dar de presente para sua esposa? Vestido.,0,0,3.60546875,-3.857421875,-7.462890625,0.9994263648986816,0.0005736653110943735,True
5.2014.N,5.2014,N,Em que parte do casa todos se encontram? Na área de lazer,0,0,3.748046875,-3.763671875,-7.51171875,0.999453604221344,0.0005463421111926436,True
4.404.N,4.404,N,O que são duas cenouras a discutir? Poluição sonora.,0,0,1.24609375,-1.3251953125,-2.5712890625,0.9289907217025757,0.07100921869277954,True
5.823.H,5.823,H,Qual a banda que não deve nada pra ninguém? Jaquitou 5.,1,1,-3.5625,3.83203125,7.39453125,0.0006142271449789405,0.9993857145309448,True
4.247.H,4.247,H,"Se algum dia te sentires triste por não receberes correio, vai ao Google e faz uma pesquisa. Vais ter milhares de correspondências.",1,0,2.462890625,-2.83984375,-5.302734375,0.9950467348098755,0.004953306633979082,False
4.697.H,4.697,H,"Como se diz ""terror"" em japonês? Aikimedu.",1,0,2.9609375,-3.31640625,-6.27734375,0.9981251358985901,0.0018748616566881537,False
4.341.N,4.341,N,Qual a semelhança entre o Adão e um homem? O Adão foi o primeiro homem que houve.,0,0,3.693359375,-3.943359375,-7.63671875,0.9995177984237671,0.00048217613948509097,True
4.20.N,4.20,N,Adoro mulheres com inteligência  . Têm centenas de pontos a seu favor.,0,1,-2.4765625,2.48046875,4.95703125,0.006984650157392025,0.9930152893066406,False
5.433.N,5.433,N,Qual passarinho mais resistente que existe? A Andorinha.,0,0,3.787109375,-3.857421875,-7.64453125,0.9995216131210327,0.00047842561616562307,True
5.3934.N,5.3934,N,Qual a bebida do Rei? Cerveja,0,0,3.896484375,-3.90625,-7.802734375,0.9995915293693542,0.00040844923933036625,True
5.1141.H,5.1141,H,Qual é o cachorro é bom de briga? Jiu shih-tzu,1,0,3.306640625,-3.48828125,-6.794921875,0.9988817572593689,0.0011181936133652925,False
4.77.N,4.77,N,"Se o futuro depende dos teus sonhos, não percas tempo . Vai à luta.",0,0,2.939453125,-3.072265625,-6.01171875,0.9975560903549194,0.0024438865948468447,True
5.480.N,5.480,N,Como morreu o rebanho dos judeus? Febre do gado,0,0,3.005859375,-3.24609375,-6.251953125,0.9980770349502563,0.0019229825120419264,True
5.2988.N,5.2988,N,Qual microorganismo é sempre passado pra trás? Vírus.,0,0,3.45703125,-3.708984375,-7.166015625,0.9992282390594482,0.0007717979606240988,True
5.3820.N,5.3820,N,"A menina dormiu muito, qual o nome do filme? Alice no país das maravilhas.",0,0,3.2890625,-3.580078125,-6.869140625,0.9989616870880127,0.0010382906766608357,True
5.2501.H,5.2501,H,Sabe por que a Gisele Bündchen só anda com roupa amassada? Porque ela cansou de passar elas.,1,1,-2.607421875,2.931640625,5.5390625,0.003914824221283197,0.9960851669311523,True
4.472.N,4.472,N,Qual é a fruta mais comum nos churrascos? É o abacaxi.,0,0,3.765625,-3.919921875,-7.685546875,0.9995408058166504,0.0004592085024341941,True
5.2047.N,5.2047,N,"Qual conto mostra a história de alguém que acha a esposa linda, mas quando ela o procura de noite, ele nega? A pequena sereia.",0,0,2.5078125,-2.8828125,-5.390625,0.9954615235328674,0.0045384312979876995,True
5.1829.N,5.1829,N,Por que o oficial pediu licença bem no dia do bombardeio? Porque ele tinha medo.,0,0,3.640625,-3.826171875,-7.466796875,0.9994285702705383,0.0005714300787076354,True
4.638.N,4.638,N,"O amor é como um jogo de sueca . Ou se tem um bom parceiro, ou o melhor mesmo é ter uma boa carta.",0,1,-1.8349609375,2.125,3.9599609375,0.01870722882449627,0.9812927842140198,False
5.3018.N,5.3018,N,Qual a série que fala de quem é sua mãe? Realmente your mother.,0,1,-2.044921875,2.333984375,4.37890625,0.012383786030113697,0.987616240978241,False
5.2549.N,5.2549,N,Qual mercado vende lagarto? Extra.,0,0,3.58984375,-3.576171875,-7.166015625,0.9992282390594482,0.0007717979606240988,True
5.2306.N,5.2306,N,Qual jornalista se especializou em falar de lanche de rua no Rio? Márcio Canuto.,0,0,3.625,-3.71875,-7.34375,0.99935382604599,0.0006462032906711102,True
4.587.H,4.587,H,Porque é que não se pode gozar com um cleptomaníaco? Porque ele leva tudo literalmente.,1,1,-2.89453125,3.193359375,6.087890625,0.0022650505416095257,0.9977349042892456,True
4.214.H,4.214,H,Chamei Maria a uma galinha e não consegui parar de rir. Era uma ave Maria cheia de graça.,1,1,-2.228515625,2.533203125,4.76171875,0.00847840216010809,0.9915215969085693,True
4.108.N,4.108,N,"Uma feminista perguntou-me de que forma eu via as relações lésbicas . Parece que "" em euforia "" não era a resposta correta ...",0,0,2.5234375,-2.642578125,-5.166015625,0.9943251013755798,0.005674875341355801,True
5.3359.N,5.3359,N,Qual o animal que trabalha bem como carpinteiro? Cupim.,0,0,3.630859375,-3.859375,-7.490234375,0.9994418025016785,0.000558200292289257,True
5.1891.H,5.1891,H,Qual Pais faz o Ar condicionado Funcionar? ArGelia ,1,1,-3.79296875,4.0234375,7.81640625,0.00040290519245900214,0.9995971322059631,True
4.112.N,4.112,N,Quando é que os informáticos vão ao dermatologista? Quando têm problemas de pele.,0,0,3.556640625,-3.734375,-7.291015625,0.9993188381195068,0.0006811710773035884,True
5.4065.N,5.4065,N,Por que acharam melhor não colocar o Silvio Santos pra apresentar toda a programação do SBT? Porque seria chato.,0,0,3.71484375,-3.88671875,-7.6015625,0.9995005130767822,0.0004994204500690103,True
5.3173.H,5.3173,H,Qual médico gosta de funk ? Dr. Drauzio Vrau Nelas.,1,1,-2.2890625,2.6875,4.9765625,0.006850480567663908,0.9931495785713196,True
5.3820.H,5.3820,H,"A menina dormiu muito, qual o nome do filme? A sleep no país das maravilhas.",1,1,-3.099609375,3.2265625,6.326171875,0.0017856743652373552,0.9982143640518188,True
5.465.N,5.465,N,Qual estado brasileiro mais toma refrigerante? Paraná.,0,0,3.6953125,-3.8359375,-7.53125,0.999464213848114,0.0005357805639505386,True
5.1643.H,5.1643,H,Qual é a série que se passa no norte do país? Fresh Prince of Belém.,1,1,-3.427734375,3.576171875,7.00390625,0.0009075026027858257,0.9990924596786499,True
5.606.N,5.606,N,Qual a cantora que sempre aceita chá? Pink.,0,0,2.806640625,-2.830078125,-5.63671875,0.9964480400085449,0.0035518843214958906,True
5.2149.H,5.2149,H,"Qual o filme da Disney que o Faustão mais gosta? A Bela e Essa Fera, Bicho!",1,0,1.091796875,-1.13671875,-2.228515625,0.9027811288833618,0.0972188413143158,False
4.473.N,4.473,N,Quem estiver desempregado fale com alguns empresários da restauração . Ouvi dizer que têm falta de trabalhadores.,0,0,2.455078125,-2.392578125,-4.84765625,0.9922143816947937,0.007785654626786709,True
5.700.N,5.700,N,Qual alimento respeita a igreja católica e a medicina oriental? Vinho.,0,0,3.80078125,-3.87890625,-7.6796875,0.9995380640029907,0.0004619058163370937,True
5.3004.H,5.3004,H,Qual refeição que volta mais rápido do que vai? Backfast.,1,1,-3.1953125,3.33203125,6.52734375,0.0014607493067160249,0.9985392093658447,True
5.3928.N,5.3928,N,Qual é o cantor que adora novas tecnologias? Túlio Abelha.,0,1,-2.72265625,3.0703125,5.79296875,0.003039649687707424,0.9969603419303894,False
5.3466.N,5.3466,N,Cantora que nunca tem data disponível pra show? Zizi Possi.,0,0,3.890625,-3.8984375,-7.7890625,0.9995859265327454,0.00041406950913369656,True
5.1233.N,5.1233,N,Por que a criança voltou da casa dos avós sem a mão? Porque era desastrada.,0,0,3.3203125,-3.45703125,-6.77734375,0.9988620281219482,0.001138000632636249,True
4.257.N,4.257,N,Um homem foi para a guerra e perdeu os dois pés . Qual é o filme? O pestinha.,0,1,-1.625,1.7822265625,3.4072265625,0.032070379704236984,0.9679296612739563,False
5.87.N,5.87,N,Qual a embarcação criada para salvar os dinossauros do dilúvio? A arca,0,0,3.69140625,-3.68359375,-7.375,0.999373733997345,0.0006263342220336199,True
5.2347.N,5.2347,N,Qual nome se dá quando cai uma parte de um estádio? Tragédia.,0,0,3.533203125,-3.783203125,-7.31640625,0.9993358254432678,0.0006641047657467425,True
4.572.H,4.572,H,O que é que um ator faz quando vê outro? Acena.,1,0,1.7880859375,-1.9267578125,-3.71484375,0.9762200117111206,0.023779984563589096,False
4.416.H,4.416,H,Que ator é o maior pão de Hollywood? O Bread Pitt.,1,1,-3.80859375,4.00390625,7.8125,0.0004044815432280302,0.999595582485199,True
5.4.H,5.4,H,Qual é o sabor da bala preferida da galera do hospício? Dementos.,1,1,-3.96484375,4.125,8.08984375,0.0003065436612814665,0.9996935129165649,True
5.3992.N,5.3992,N,Qual carro tem TV a cabo? Gol.,0,0,3.763671875,-3.87890625,-7.642578125,0.9995206594467163,0.0004793605476152152,True
5.3901.H,5.3901,H,Qual o time de futebol que me deixa cheio? Fullmenense.,1,1,-3.265625,3.462890625,6.728515625,0.0011948780156672,0.9988051652908325,True
5.3143.H,5.3143,H,Qual o pós-sol dos heróis? Os Vinga Ardores.,1,1,-3.099609375,3.2734375,6.373046875,0.001704041613265872,0.9982959628105164,True
5.1614.H,5.1614,H,O que dizer pra um cego que tenta ler mas não consegue? Segue o braille,1,1,-3.130859375,3.5703125,6.701171875,0.0012279604561626911,0.9987719655036926,True
5.3762.N,5.3762,N,Qual é o jogador de futebol que sempre se protege do sol? Ronaldinho,0,0,3.859375,-3.84765625,-7.70703125,0.9995505213737488,0.00044945228728465736,True
4.542.N,4.542,N,Qual é o prato perfeito dos dentistas? Pasta frittata.,0,1,-2.482421875,2.873046875,5.35546875,0.004700060468167067,0.9952999353408813,False
4.122.N,4.122,N,O que é um byte? São oito bites.,0,0,2.81640625,-3.029296875,-5.845703125,0.9971160888671875,0.002883958863094449,True
5.3172.N,5.3172,N,Onde a vaca compra ovo de Páscoa? Na Cacau show.,0,1,-0.2044677734375,0.321533203125,0.5260009765625,0.3714500665664673,0.6285499334335327,False
5.3793.H,5.3793,H,Qual rede das lojas é maior que o Trump? Mais que Donald.,1,0,0.8203125,-1.33203125,-2.15234375,0.8958876132965088,0.1041124165058136,False
4.470.N,4.470,N,Porque é que o mar é grande? Porque os peixes fazem blue...blue...blue ...,0,0,0.1895751953125,-0.150390625,-0.3399658203125,0.5841822624206543,0.4158177971839905,True
4.56.N,4.56,N,Porque é que os contabilistas são bons a fazer contas? Porque tabuada é com eles.,0,0,2.626953125,-2.625,-5.251953125,0.9947900772094727,0.0052099935710430145,True
5.263.H,5.263,H,Qual é o nome do filme protagonizado por duas motos bem nervosas? Fúria de titãs.,1,0,2.26953125,-2.5625,-4.83203125,0.9920926690101624,0.007907291874289513,False
5.872.N,5.872,N,Qual comediante vive com calor? Renato Aragão.,0,0,3.90234375,-3.826171875,-7.728515625,0.9995600581169128,0.00043990332051180303,True
5.3659.H,5.3659,H,Qual integrante dos Castro Brothers gosta de te estudar na língua culta? Estudar-te,1,1,-0.783203125,1.041015625,1.82421875,0.13892842829227448,0.8610715270042419,True
5.281.H,5.281,H,Qual é o cantor que melhor improvisa com as ferramentas que tem à disposição? Sidney Magayver.,1,1,-2.060546875,2.001953125,4.0625,0.016914913430809975,0.9830850958824158,True
2.5.N,2.5,N,Sabe por que não seria bom um filme só sobre números? Porque seria uma matemática.,0,1,-2.02734375,2.318359375,4.345703125,0.01279651839286089,0.9872035384178162,False
5.1613.N,5.1613,N,"Como se faz para uma laranja virar uma cobra? Faz cosquinha nela, aí nada acontece.",0,0,2.7109375,-2.798828125,-5.509765625,0.995969295501709,0.004030743148177862,True
5.85.H,5.85,H,Qual é a tartaruga ninja que vive na Disney?  O Mickeylângelo.,1,1,-3.140625,3.453125,6.59375,0.001367025775834918,0.9986329674720764,True
4.420.N,4.420,N,Porque é que a Joana foi à farmácia? Foi comprar creme para os pontos negros.,0,0,2.09765625,-2.25390625,-4.3515625,0.9872773289680481,0.012722708284854889,True
4.201.N,4.201,N,Era uma vez uma cidade onde quase todas as motos eram Yamaha . Qual é o filme? Pocahontas.,0,1,-3.46875,3.630859375,7.099609375,0.0008247465593740344,0.9991752505302429,False
5.979.N,5.979,N,Qual doce causa vômito em crianças latinas? Enjoa niña.,0,1,-3.619140625,3.9375,7.556640625,0.0005223550251685083,0.9994776844978333,False
4.120.N,4.120,N,Que nome se dá a um árabe com problemas de visão? Árabe.,0,0,3.78515625,-3.826171875,-7.611328125,0.9995054006576538,0.0004945695982314646,True
5.2752.N,5.2752,N,""" "" "" Qual o poeta mais mortal da língua portuguesa? Mário Quintana "" "" """,0,0,3.171875,-3.423828125,-6.595703125,0.9986355900764465,0.001364361960440874,True
5.1165.H,5.1165,H,Qual parte do corpo que ajuda os pedreiros? A Coluna ServeCal.,1,1,-3.7265625,4.0703125,7.796875,0.0004108485591132194,0.9995891451835632,True
5.2282.N,5.2282,N,"Por que num determinado dia, o aluno do cursinho mentia pra todo mundo? Porque era dia da mentira.",0,0,3.595703125,-3.66015625,-7.255859375,0.9992944002151489,0.0007055271998979151,True
5.1182.H,5.1182,H,Por que o Chico Buarque foi preso na saída do Santander? Por Assaltimbanco.,1,1,-3.650390625,3.861328125,7.51171875,0.0005463421111926436,0.999453604221344,True
4.678.H,4.678,H,Acabei de abrir a conta da água e a conta da luz ao mesmo tempo. Fiquei em choque.,1,0,2.859375,-3.0078125,-5.8671875,0.9971771240234375,0.0028228326700627804,False
5.793.H,5.793,H,Qual a rede social mais usada pelas mulheres no Oriente Médio? Faceburca.,1,1,-2.78125,3.07421875,5.85546875,0.0028560124337673187,0.9971439242362976,True
5.2452.H,5.2452,H,Qual é o salgado muito bom que não deixa ninguem transar? Empada foda.,1,1,-3.634765625,3.970703125,7.60546875,0.0004974744515493512,0.9995025396347046,True
5.3645.N,5.3645,N,Qual é o desenho onde o personagem principal só consegue dinheiro em outro planeta? Pato Donald.,0,0,3.7421875,-3.962890625,-7.705078125,0.9995496869087219,0.0004503306117840111,True
5.2861.N,5.2861,N,Qual religiosa não é bonita? A freira,0,0,3.94140625,-3.859375,-7.80078125,0.9995908141136169,0.00040924749919213355,True
5.2149.N,5.2149,N,Qual o filme da Disney que o Faustão mais gosta? Cinderela!,0,0,3.533203125,-3.646484375,-7.1796875,0.9992387294769287,0.0007613258203491569,True
5.433.H,5.433,H,Qual passarinho mais resistente que existe? A AnDurinha.,1,1,-3.359375,3.619140625,6.978515625,0.0009308178559876978,0.9990691542625427,True
4.17.N,4.17,N,Em que local do planeta se encontram mais leprosos? Na Ilha Sorokdo.,0,1,-2.525390625,2.412109375,4.9375,0.007121428847312927,0.9928786158561707,False
4.665.N,4.665,N,O que disse a Selena Gomez quando encontrou o aspirador? Aqui está!,0,0,2.953125,-3.265625,-6.21875,0.9980121850967407,0.0019877743907272816,True
3.1.N,3.1,N,Qual o contrário de paixão? Indiferença.,0,0,3.6796875,-3.888671875,-7.568359375,0.9994837045669556,0.0005162725574336946,True
5.495.H,5.495,H,Qual pseudo celebridade agora canta rap? Jay Z Arruda.,1,1,-3.529296875,3.662109375,7.19140625,0.0007524627144448459,0.9992475509643555,True
4.29.H,4.29,H,Qual é o único animal que anda com as patas? O pato.,1,0,3.458984375,-3.765625,-7.224609375,0.9992720484733582,0.0007279067649506032,False
5.1560.H,5.1560,H,Como se chama a bicicleta que ficou em segundo lugar? A vicecleta.,1,1,-0.74365234375,0.83447265625,1.578125,0.1710611879825592,0.8289388418197632,True
5.3297.N,5.3297,N,Que apresentador guarda arquivos de voz dos convidados? Sílvio Santos.,0,0,3.908203125,-3.87890625,-7.787109375,0.9995850920677185,0.0004148786829318851,True
5.3825.N,5.3825,N,Qual o mês do Popó? Agosto.,0,0,2.97265625,-3.228515625,-6.201171875,0.997977077960968,0.002022953238338232,True
5.3901.N,5.3901,N,Qual o time de futebol que me deixa cheio? Grêmio.,0,0,3.2265625,-3.42578125,-6.65234375,0.9987106323242188,0.0012893282109871507,True
5.2449.H,5.2449,H,Qual é o pintor que vai para Aparecida a pé? O Romeiro Britto.,1,1,-3.255859375,3.630859375,6.88671875,0.0010202174307778478,0.9989797472953796,True
4.311.H,4.311,H,Porque é que a Torre de Pisa está inclinada? Porque está em itálico.,1,0,2.490234375,-2.880859375,-5.37109375,0.995372474193573,0.004627529997378588,False
5.479.N,5.479,N,Por que os mamíferos são os únicos animais que conseguem tossir? Porque só o leite que tem gordura.,0,0,2.05078125,-2.57421875,-4.625,0.9902915358543396,0.009708477184176445,True
5.444.H,5.444,H,Por que a pessoa que vive rindo de si mesmo nunca é Barrada em lugar algum? Porque ela é Auto-risada.,1,1,-3.1171875,3.46484375,6.58203125,0.001383117400109768,0.9986169338226318,True
5.3037.N,5.3037,N,Qual cidade norte-americana que tem magia? Tampa.,0,0,2.630859375,-2.67578125,-5.306640625,0.9950659275054932,0.004934090655297041,True
5.2360.H,5.2360,H,Por que a atleta foi presa por atentado ao pudor enquanto jogava? Porque estava jogando uma pelada.,1,0,0.45361328125,-0.24169921875,-0.6953125,0.6671476364135742,0.3328523337841034,False
5.3330.N,5.3330,N,Qual é o cara incentivador de suicidas? É o cara insensível!,0,0,3.478515625,-3.728515625,-7.20703125,0.9992591738700867,0.0007408055826090276,True
4.214.N,4.214,N,Chamei Maria a uma galinha e não consegui parar de rir . Era uma avé Maria cheia de graça.,0,1,-2.296875,2.49609375,4.79296875,0.00821969285607338,0.9917803406715393,False
5.3027.H,5.3027,H,Qual o estado americano preferido dos sadomasoquistas? Misurre.,1,1,-3.884765625,3.97265625,7.857421875,0.0003867203777190298,0.999613344669342,True
5.1408.N,5.1408,N,Por qual pasta de dente você não paga nada? A Sorriso.,0,1,-3.568359375,3.859375,7.427734375,0.0005941797280684114,0.9994058609008789,False
5.2844.H,5.2844,H,Como o padre bateu o carro? Dando uma rezinha,1,1,-0.5986328125,0.34765625,0.9462890625,0.27963173389434814,0.7203682661056519,True
5.4012.H,5.4012,H,O que o hipopótamo fez com a casa dele? Hipopotecou.,1,1,-3.15625,3.45703125,6.61328125,0.0013406204525381327,0.9986593723297119,True
5.782.N,5.782,N,Qual a tartaruga ninja que mais gosta de dormir? O Leonardo.,0,0,3.630859375,-3.734375,-7.365234375,0.9993675351142883,0.0006324767600744963,True
5.1614.N,5.1614,N,O que dizer pra um cego que tenta ler mas não consegue? Leia em braille,0,0,2.4296875,-2.7265625,-5.15625,0.9942697286605835,0.005730246193706989,True
5.849.N,5.849,N,Por que a namorada do Mickey quando não está bem começa a tirar as coisas? Porque ela é Minnie Má Lista.,0,1,-3.416015625,3.783203125,7.19921875,0.0007466113893315196,0.9992533326148987,False
5.1279.N,5.1279,N,Qual ator mirim não lava os dentes? MaCarie Culkin.,0,1,-1.0947265625,0.76123046875,1.85595703125,0.13517498970031738,0.8648250102996826,False
4.445.N,4.445,N,De que material são compostas as pedras nos rins? De xisto.,0,0,1.9287109375,-2.201171875,-4.1298828125,0.9841698408126831,0.015830140560865402,True
5.1560.N,5.1560,N,Como se chama a bicicleta que ficou em segundo lugar? Vice colocada.,0,0,3.408203125,-3.576171875,-6.984375,0.9990745782852173,0.0009253847529180348,True
5.1189.N,5.1189,N,Que elemento químico a gente avalia depois de usar? Hélio.,0,0,3.74609375,-3.708984375,-7.455078125,0.9994218349456787,0.0005781620275229216,True
5.806.N,5.806,N,"Em qual época o Brasileiro foi mais magro? Na época do movimento "" Caras Pintadas "".",0,0,3.41796875,-3.67578125,-7.09375,0.9991704225540161,0.0008295892039313912,True
5.2507.N,5.2507,N,Qual é o aparelho que nunca para de mexer? A biruta.,0,0,2.171875,-2.33203125,-4.50390625,0.9890553951263428,0.010944576933979988,True
5.2638.H,5.2638,H,Quem é a pessoa que só escreve histórias sobre felinos depressivos? Agatha Triste.,1,1,-3.908203125,4.17578125,8.083984375,0.00030834454810246825,0.9996917247772217,True
5.3658.N,5.3658,N,Qual comediante se formou em uma escola agrotécnica? Rony Rios,0,0,3.7109375,-3.6953125,-7.40625,0.9993928670883179,0.0006070755771361291,True
4.226.H,4.226,H,Porque é que o Power Point está feliz? Porque teve um diapositivo.,1,1,-3.759765625,3.951171875,7.7109375,0.0004477008478716016,0.999552309513092,True
5.2491.N,5.2491,N,Qual é a dupla sertaneja favorita dos velhos? Leandro e Leonardo.,0,0,3.783203125,-3.951171875,-7.734375,0.999562680721283,0.0004373344127088785,True
4.493.H,4.493,H,Que nome se dá a uma pessoa alérgica a arroz? Basmatica.,1,1,-1.833984375,2.0,3.833984375,0.021165618672966957,0.9788343906402588,True
5.2780.H,5.2780,H,Qual quadro que a minha mulher adora fazer resenha? A mô analisa.,1,1,-2.033203125,2.53125,4.564453125,0.010308208875358105,0.9896917939186096,True
4.697.N,4.697,N,"Como se diz "" terror "" em japonês? Hora.",0,0,3.1328125,-3.462890625,-6.595703125,0.9986355900764465,0.001364361960440874,True
5.403.H,5.403,H,Qual figura religiosa não sabe a quem pertence? Madre Teresa de Qual que Tá?,1,1,-3.009765625,3.41796875,6.427734375,0.00161350064445287,0.9983865022659302,True
5.1001.N,5.1001,N,"O filho pediu para o pai levá-lo para ver boosa nova e o pai concordou . Qual é o nome da música? "" Eu sei que vou te amar...""",0,1,-0.1256103515625,-0.06317138671875,0.06243896484375,0.4843953251838684,0.5156046748161316,False
5.993.N,5.993,N,Qual o super-herói fala sueco? Volverine,0,0,3.837890625,-3.841796875,-7.6796875,0.9995380640029907,0.0004619058163370937,True
5.578.H,5.578,H,Como se chama o cara que ficou rico vendendo pipoca? Milhonário.,1,0,0.63330078125,-0.53466796875,-1.16796875,0.7627776861190796,0.2372223287820816,False
5.700.H,5.700,H,Qual alimento respeita a igreja católica e a medicina oriental? Amémdo-in.,1,1,-3.84375,4.12890625,7.97265625,0.00034464316559024155,0.9996553659439087,True
4.120.H,4.120,H,Que nome se dá a um árabe com problemas de visão? Estarábico.,1,1,-2.791015625,3.10546875,5.896484375,0.002741555916145444,0.9972584247589111,True
5.3421.H,5.3421,H,Qual a escola de samba favorita do genitor de alguém que é feliz sozinho? Mocidade independente do Pai de Miguel.,1,1,-1.7373046875,2.0625,3.7998046875,0.021885450929403305,0.9781146049499512,True
5.1937.N,5.1937,N,Qual apresentador é o mais duas caras? Marcos Mion.,0,0,3.76953125,-3.833984375,-7.603515625,0.9995015859603882,0.000498446577694267,True
5.1110.N,5.1110,N,"O que o psicanalista adora dizer no meio do sexo? Vai, me fode.",0,0,1.0615234375,-1.5869140625,-2.6484375,0.9339146018028259,0.06608538329601288,True
5.4029.N,5.4029,N,"Qual pássaro quer fazer fuxico sobre uma mulher, mas esquece o que ia falar? Sabiá",0,0,3.51953125,-3.634765625,-7.154296875,0.9992190599441528,0.0007808884838595986,True
5.358.N,5.358,N,Qual cidade incentiva o uso do tato? Curitiba.,0,0,3.671875,-3.685546875,-7.357421875,0.9993625283241272,0.0006374341319315135,True
5.2200.N,5.2200,N,Qual é o filme favorito da cabra? A bruxa de blair,0,1,-3.556640625,3.69921875,7.255859375,0.0007055271998979151,0.9992944002151489,False
4.418.H,4.418,H,"Qual é o masculino de ""tábua""? Eu até dizia, mas é tabu.",1,0,3.015625,-3.142578125,-6.158203125,0.9978883862495422,0.002111583948135376,False
5.1831.N,5.1831,N,"Qual jogador tentou acertar o cantor, mas errou? Messi.",0,0,3.73828125,-3.80859375,-7.546875,0.9994725584983826,0.0005274784634821117,True
5.2144.H,5.2144,H,Porque não se paga bandido com cheque? Porque o crime não compensa. ,1,0,3.134765625,-3.41796875,-6.552734375,0.9985758066177368,0.0014241791795939207,False
5.2058.H,5.2058,H,Como você chama um droid pirata? Arrrr2-D2 ,1,1,-3.38671875,3.396484375,6.783203125,0.0011313597206026316,0.9988686442375183,True
5.1001.H,5.1001,H,"O filho pediu para o pai levá-lo para ver tartarugas e o pai concordou. Qual é o nome da música? ""Eu sei que vou Tamar...""",1,1,-3.43359375,3.57421875,7.0078125,0.0009039677097462118,0.9990960359573364,True
4.250.H,4.250,H,Qual é a especialidade de um médico bipolar? Otorrino otochorando.,1,1,-2.775390625,3.255859375,6.03125,0.0023967307060956955,0.9976032376289368,True
4.491.N,4.491,N,Não há muitos elefantes em Moçambique . Mas no Zimbabué há.,0,0,2.244140625,-2.5078125,-4.751953125,0.9914391040802002,0.008560892194509506,True
4.446.N,4.446,N,Qual é a banda preferida dos obesos? A banda Queen.,0,0,3.248046875,-3.458984375,-6.70703125,0.9987792372703552,0.001220795209519565,True
4.324.H,4.324,H,Quais são as escadas que demoram mais a subir? São as escadas em caracol.,1,0,0.322509765625,-0.44384765625,-0.766357421875,0.6827324032783508,0.31726759672164917,False
5.2938.H,5.2938,H,Qual é a comida do pássaro gigante que toca trompete? O alpistão.,1,1,-2.33984375,2.5703125,4.91015625,0.007317397743463516,0.9926826357841492,True
2.5.H,2.5,H,Sabe por que não seria bom um filme só sobre números? Porque seria uma má temática.,1,0,3.279296875,-3.609375,-6.888671875,0.998981773853302,0.0010182287078350782,False
5.3172.H,5.3172,H,Onde a vaca compra ovo de Páscoa? Na cowcow show.,1,1,-2.037109375,2.19921875,4.236328125,0.014254463836550713,0.9857455492019653,True
5.3890.H,5.3890,H,Qual cantora pop sempre te convida pra tomar uma xícara de café? Madonna Florinda.,1,1,-3.58984375,3.9140625,7.50390625,0.000550624739844352,0.9994493126869202,True
5.1314.N,5.1314,N,Por que a manicure foi demitida? Porque ela estava chengando atrasada.,0,1,-2.0390625,2.26171875,4.30078125,0.013376603834331036,0.9866234660148621,False
5.2861.H,5.2861,H,Qual religiosa não é bonita? A freia ,1,1,-3.25,3.51953125,6.76953125,0.0011469158343970776,0.9988530874252319,True
5.3732.H,5.3732,H,Qual caneta gosta de dar dura nas pessoas? Caneta de enquadro.,1,1,-2.517578125,2.59375,5.111328125,0.005991951562464237,0.9940080642700195,True
4.542.H,4.542,H,Qual é o prato perfeito dos dentistas? Pasta al dente.,1,1,-3.158203125,3.5078125,6.666015625,0.0012718428624793887,0.9987280964851379,True
5.2010.H,5.2010,H,Qual é a padroeira de quem vive dando voltas? Nossa Senhora de GuadaLoop ,1,1,-3.81640625,3.978515625,7.794921875,0.00041165141738019884,0.9995883107185364,True
5.2609.N,5.2609,N,O que o anão estava fazendo com a bola de futebol? Chutes.,0,0,3.021484375,-3.25390625,-6.275390625,0.998121440410614,0.001878520124591887,True
5.2895.H,5.2895,H,Qual cantor só vê notícias pela internet? Ig Pop ,1,1,-2.810546875,2.953125,5.763671875,0.003129736054688692,0.996870219707489,True
5.162.N,5.162,N,O que são dois pontinhos marrons no palco? Bruno e Marrone.,0,0,3.38671875,-3.6171875,-7.00390625,0.9990924596786499,0.0009075026027858257,True
5.3962.H,5.3962,H,Qual passarinho grita muito? João de Berro.,1,0,3.48828125,-3.71484375,-7.203125,0.9992563128471375,0.0007437028107233346,False
5.793.N,5.793,N,Qual a rede social mais usada pelas mulheres no Oriente Médio? Instagram.,0,0,3.630859375,-3.638671875,-7.26953125,0.9993040561676025,0.0006959536112844944,True
5.1272.H,5.1272,H,Qual rato que mais trabalha pela cultura do Brasil? MinC Mouse.,1,1,-2.67578125,3.0,5.67578125,0.00341627886518836,0.9965837001800537,True
4.40.N,4.40,N,"Hoje no trânsito disse "" amo-te "" a um semáforo . O semáforo mudou.",0,0,2.681640625,-2.861328125,-5.54296875,0.9961004257202148,0.0038996206130832434,True
5.2467.N,5.2467,N,Qual Rapper só toca em aniversários? Dr Dre,0,0,2.81640625,-3.00390625,-5.8203125,0.9970421195030212,0.002957902615889907,True
5.4025.H,5.4025,H,Nome de cervejaria em homenagem a um grande cantor brasileiro? CauBEER PeiCHOPPS.,1,1,-3.3984375,3.66015625,7.05859375,0.0008592475787736475,0.999140739440918,True
5.495.N,5.495,N,Qual pseudo celebridade agora canta rap? Carol Conká.,0,1,-2.1328125,2.50390625,4.63671875,0.009596453979611397,0.9904035329818726,False
4.204.N,4.204,N,Como é que os drogados espirram? Achim!,0,1,-3.255859375,3.171875,6.427734375,0.00161350064445287,0.9983865022659302,False
5.2959.N,5.2959,N,Qual empresa responsável por encher o avião?  Azul.,0,0,3.7421875,-3.70703125,-7.44921875,0.9994184970855713,0.0005815576878376305,True
5.226.H,5.226,H,Um homem TODO DIA molha e coloca para secar um OB. Por que? PORQUE ELE ESTÁ OB SECADO,1,1,-2.92578125,3.341796875,6.267578125,0.0018932255916297436,0.9981067180633545,True
5.578.N,5.578,N,Como se chama o cara que ficou rico vendendo tomate? Milhonário.,0,0,0.37158203125,-0.169921875,-0.54150390625,0.6321622133255005,0.3678378164768219,True
5.3119.H,5.3119,H,Qual o nome da mãe do super-herói que nunca vai em praia com águas geladas? Martha Kent.,1,0,3.44921875,-3.76171875,-7.2109375,0.9992620348930359,0.0007379195303656161,False
4.435.N,4.435,N,"Como é que se diz "" médico estagiário "" em japonês? Kenshui",0,0,2.73828125,-3.1328125,-5.87109375,0.997188150882721,0.002811858430504799,True
5.3934.H,5.3934,H,Qual a bebida do Rei? Luwhisk 15,1,0,1.7333984375,-2.044921875,-3.7783203125,0.9776499271392822,0.022350111976265907,False
5.615.H,5.615,H,Qual e a marca preferida de carro dos jogadores de futebol? Chevrolé!,1,0,3.5546875,-3.751953125,-7.306640625,0.9993294477462769,0.0006706176209263504,False
5.806.H,5.806,H,"Em qual época o Brasileiro foi mais magro? Na época do movimento ""Dietas Já"".",1,0,3.291015625,-3.587890625,-6.87890625,0.9989718198776245,0.0010282107396051288,False
5.1657.N,5.1657,N,Qual é a lanchonete favorita dos góticos? KFC.,0,1,-2.466796875,2.6015625,5.068359375,0.006253384985029697,0.9937466382980347,False
4.635.H,4.635,H,Por que é que o Mozart vai à igreja? Porque Amadeus.,1,1,-3.64453125,3.87109375,7.515625,0.0005442132824100554,0.9994557499885559,True
5.3511.N,5.3511,N,Qual ex-piloto era um índio pronto pro ataque? Nenhum.,0,0,2.81640625,-2.908203125,-5.724609375,0.9967459440231323,0.0032540052197873592,True
4.283.N,4.283,N,Qual é o carro que consegue transportar mais porcos? É o Nissan Qashqai.,0,1,-0.54443359375,-0.008331298828125,0.536102294921875,0.36909472942352295,0.6309052109718323,False
5.1825.H,5.1825,H,Qual é o jogador de futebol mais míope? Quasimiro,1,1,-2.6953125,2.97265625,5.66796875,0.003442980581894517,0.9965569972991943,True
5.2058.N,5.2058,N,Como você chama um droid pirata? R2-D2,0,1,-2.44140625,2.435546875,4.876953125,0.007562567945569754,0.9924374222755432,False
4.389.H,4.389,H,Qual é a semelhança entre um careca e o Museu do Louvre? Ambos têm a Mona Lisa.,1,1,-0.98583984375,1.0546875,2.04052734375,0.11501304805278778,0.884986937046051,True
5.3231.H,5.3231,H,Por que o rapaz não mostrou os slides em sua apresentação na empresa? Porque ele Esxcel de levar.,1,1,-2.86328125,3.154296875,6.017578125,0.002429643413051963,0.9975703358650208,True
5.3065.H,5.3065,H,Que personagem infantil só faz boquete? Oralcio.,1,1,-3.58203125,4.01953125,7.6015625,0.0004994204500690103,0.9995005130767822,True
5.2008.H,5.2008,H,Em qual cidade todas as pedras preciosas e incomuns são protegidas? Guardá-la Rara ,1,1,-3.55859375,3.873046875,7.431640625,0.0005918645765632391,0.9994081258773804,True
5.234.N,5.234,N,Por que o pai de santo doou as calças? PORQUE É DANDO QUE SE RECEBE,0,0,2.119140625,-2.279296875,-4.3984375,0.9878528118133545,0.012147169560194016,True
5.2841.N,5.2841,N,Qual o ator que produz vinho? Nicholas Cage,0,0,2.359375,-2.71484375,-5.07421875,0.9937829375267029,0.0062170778401196,True
5.3776.H,5.3776,H,Qual é a banda mais consumida no dia a dia ? Pearl Jam com Arroz ,1,1,-2.642578125,2.744140625,5.38671875,0.004556114319711924,0.9954439401626587,True
5.2021.N,5.2021,N,Qual é o cantor que faz buracos no céu? Ca Wando,0,1,-3.046875,3.42578125,6.47265625,0.0015427323523908854,0.9984573125839233,False
5.650.H,5.650,H,Em que país só se anda de carro grande? Jamais Ka.,1,1,-3.8984375,4.171875,8.0703125,0.0003125878283753991,0.9996874332427979,True
5.1387.H,5.1387,H,Qual cantora escreveu Sitio do Picapau Amarelo? A Demi Lobato.,1,1,-3.697265625,3.9375,7.634765625,0.0004831183759961277,0.9995168447494507,True
5.3509.H,5.3509,H,Qual é o cantor que tem problemas respiratórios? Erasma Carlos.,1,0,3.833984375,-3.814453125,-7.6484375,0.999523401260376,0.00047656125389039516,False
2.19.N,2.19,N,Todos morrem uma só vez . A Alanis também.,0,0,2.8515625,-2.943359375,-5.794921875,0.9969663023948669,0.003033736953511834,True
5.3058.N,5.3058,N,Qual assassino possui um vasto conhecimento? John Wick.,0,0,3.203125,-3.5390625,-6.7421875,0.9988213181495667,0.0011786719551309943,True
5.3733.N,5.3733,N,Qual é o esporte de praia que deixa a bola bêbada? Frescobol.,0,0,2.43359375,-2.359375,-4.79296875,0.9917803406715393,0.00821969285607338,True
4.174.N,4.174,N,O que é que o Xutos e Pontapés e um micro-ondas têm em comum? Nada!,0,0,3.013671875,-3.166015625,-6.1796875,0.9979332685470581,0.0020667945500463247,True
5.2250.N,5.2250,N,Qual fantasia que a vaca usou no Halloween? Vaca,0,0,3.765625,-3.755859375,-7.521484375,0.9994589686393738,0.0005410355515778065,True
5.1408.H,5.1408,H,Por qual pasta de dente você não paga nada? A Colgrátis.,1,1,-3.1328125,3.62109375,6.75390625,0.0011649561347439885,0.998835027217865,True
4.151.N,4.151,N,Qual é a sobremesa que nunca sai direita? É a pavlova.,0,0,2.732421875,-2.984375,-5.716796875,0.9967206120491028,0.0032794433645904064,True
5.3839.H,5.3839,H,Qual o filme favorito do ator Jim Carney? Acém Ventura.,1,1,-3.02734375,3.517578125,6.544921875,0.0014353330479934812,0.9985646605491638,True
5.2397.H,5.2397,H,Qual o Podcast favorito desse canal? PODCASTRO.,1,1,-2.951171875,3.068359375,6.01953125,0.0024249141570180655,0.9975751042366028,True
5.2014.H,5.2014,H,Em que parte do casa todos se encontram? Na área de ser visto ,1,1,-0.1199951171875,0.42578125,0.5457763671875,0.36684489250183105,0.6331551671028137,True
4.523.N,4.523,N,Qual é o canal preferido dos dálmatas? É o Canal dos cães.,0,0,1.53515625,-1.6923828125,-3.2275390625,0.9618575572967529,0.038142431527376175,True
4.706.H,4.706,H,Qual é o lema do Instagram? Carpe DM.,1,1,-3.830078125,3.966796875,7.796875,0.0004108485591132194,0.9995891451835632,True
5.4079.H,5.4079,H,Onde as pessoas andam sem roupa? Nudes erto.,1,1,-3.8125,4.04296875,7.85546875,0.00038747614598833025,0.9996125102043152,True
5.912.H,5.912,H,Qual é a parte do computador que não é do bem? O mouse.,1,0,3.185546875,-3.41015625,-6.595703125,0.9986355900764465,0.001364361960440874,False
5.2449.N,5.2449,N,Qual é o pintor que vai para Aparecida a pé? O Di Cavalcanti.,0,0,3.283203125,-3.49609375,-6.779296875,0.9988642930984497,0.0011357826879248023,True
5.3703.N,5.3703,N,Que atriz trabalha como lixeira? Mia Goth.,0,1,-2.771484375,3.080078125,5.8515625,0.0028671585023403168,0.9971327781677246,False
5.2592.H,5.2592,H,Qual a composição do peido do Papa? 100% benzeno.,1,0,3.330078125,-3.5546875,-6.884765625,0.998977780342102,0.0010222099954262376,False
5.1722.H,5.1722,H,Qual personagem do Monteiro Lobato era fã de Just Dance? Tia Anastasia.,1,0,3.072265625,-3.21875,-6.291015625,0.9981505274772644,0.0018494504038244486,False
5.3169.H,5.3169,H,Que rainha rosna como música? Queen Lati Fa.,1,1,-2.455078125,2.83984375,5.294921875,0.0049919611774384975,0.9950079917907715,True
4.267.N,4.267,N,"Quando o menino chegou a casa, a mãe dele vira-se: Limpa os pés que estão cheios de Terra.",0,1,-0.63916015625,0.77294921875,1.412109375,0.195901557803154,0.8040984272956848,False
5.1462.N,5.1462,N,Qual o jogo preferido da galera de Stranger Things? FIFA.,0,0,3.080078125,-3.16015625,-6.240234375,0.9980543851852417,0.0019456057343631983,True
5.1397.H,5.1397,H,Qual é o personagem da Marvel que é um pão? Breadpool.,1,1,-3.935546875,4.11328125,8.048828125,0.0003193740558344871,0.9996806383132935,True
4.259.H,4.259,H,O que é que acontece quando o Frodo morre? Passam-lhe uma certidão de Hobbit.,1,0,2.634765625,-3.048828125,-5.68359375,0.9966102242469788,0.003389783203601837,False
5.4012.N,5.4012,N,O que o hipopótamo fez com a casa dele? Vendeu.,0,0,3.412109375,-3.576171875,-6.98828125,0.9990781545639038,0.0009217804181389511,True
5.3492.H,5.3492,H,"Qual a banda que, quando nasceu, era alimentada por criminosas? Mamou nas assassinas.",1,1,-0.9716796875,1.228515625,2.2001953125,0.09973295032978058,0.9002670049667358,True
5.1937.H,5.1937,H,Qual é a nave que quem nasceu até a década de 70 não pode entrar? Millenial Falcon ,1,1,-1.0751953125,1.189453125,2.2646484375,0.09409338235855103,0.9059065580368042,True
4.245.N,4.245,N,Que se diz a um homem que via mas agora já não vê? Tu vias.,0,0,0.53125,-0.4501953125,-0.9814453125,0.7273949384689331,0.2726050913333893,True
5.1434.H,5.1434,H,Por que o queijo estava estudando matemática? Para encontrar o cheese da questão.,1,1,-3.322265625,3.744140625,7.06640625,0.0008525666198693216,0.9991474151611328,True
5.3228.H,5.3228,H,Qual o nome do argentino que criou uma lei de incentivo? Juan E.,1,1,-1.619140625,1.890625,3.509765625,0.029035642743110657,0.9709643721580505,True
4.89.N,4.89,N,"Como é que se diz "" ano "" na Índia? वर्ष.",0,0,3.259765625,-3.462890625,-6.72265625,0.998798131942749,0.001201891340315342,True
4.416.N,4.416,N,Que ator é o maior pão de Hollywood? O William Pitt.,0,0,3.724609375,-3.87890625,-7.603515625,0.9995015859603882,0.000498446577694267,True
4.71.N,4.71,N,Porque é que uma mulher pediu a noz-moscada ao filho na cozinha? Porque não tinha canela para pôr no bolo.,0,0,2.232421875,-2.576171875,-4.80859375,0.9919067621231079,0.008093290030956268,True
4.733.H,4.733,H,Há anos que procurava um cavalo que bebesse vinho. Para encontrar um foi preciso ir a cascos de rolha.,1,1,-3.5703125,3.8515625,7.421875,0.0005976693355478346,0.9994022846221924,True
4.162.H,4.162,H,"Porque é que o papel higiénico atravessou a estrada? Não conseguiu, ficou preso numa racha.",1,0,1.0732421875,-1.4189453125,-2.4921875,0.9235922694206238,0.07640768587589264,False
4.276.H,4.276,H,Uma mulher tropeça e cai em cima de um cão. Qual é o filme? Senta em um dálmata.,1,1,-2.951171875,3.158203125,6.109375,0.0022170129232108593,0.9977830052375793,True
5.2548.H,5.2548,H,"O que o velho vaidoso disse em frente ao espelho? Vai, idoso!",1,0,3.0859375,-3.2578125,-6.34375,0.998245358467102,0.0017546142917126417,False
5.1870.N,5.1870,N,O que você precisa fazer quando perde a senha? Recorrer a recuperação de senha.,0,0,2.4609375,-3.294921875,-5.755859375,0.9968457818031311,0.003154205856844783,True
5.3033.H,5.3033,H,Qual o único apresentador que usa aliança? Anel só o Rubens.,1,1,-1.216796875,1.5810546875,2.7978515625,0.057440385222435,0.9425595998764038,True
4.591.H,4.591,H,Alguém quer comprar um barómetro avariado? Sem pressão...,1,0,0.264404296875,-0.43017578125,-0.694580078125,0.666985034942627,0.33301496505737305,False
4.193.N,4.193,N,"Hoje, vinte mulheres convidaram-me a sair do WC . Nunca mais entro no WC das mulheres.",0,0,2.36328125,-2.60546875,-4.96875,0.9930961728096008,0.006903838366270065,True
5.3732.N,5.3732,N,Qual caneta gosta de dar conhecimento às pessoas? Caneta de quadro.,0,1,-1.51171875,1.38671875,2.8984375,0.05223085731267929,0.9477691650390625,False
5.3953.N,5.3953,N,"Que movimento político ficou de apurar os fatos históricos, mas mentiu de certa forma? Revisionismo.",0,0,3.26953125,-3.48046875,-6.75,0.9988304972648621,0.0011695101857185364,True
5.1756.H,5.1756,H,O quê o ciclista foi fazer nos correios? Comprar um selim,1,0,2.37890625,-2.537109375,-4.916015625,0.9927250146865845,0.0072749583050608635,False
4.96.H,4.96,H,Que nome se dá a um cacto engraçado? Ri-cardo.,1,1,-3.60546875,3.814453125,7.419921875,0.0005988371558487415,0.9994012117385864,True
4.125.N,4.125,N,O que é que os russos dizem quando mandam uma bola ao cão? Vai!,0,0,1.6357421875,-1.8330078125,-3.46875,0.9697853922843933,0.030214589089155197,True
5.345.N,5.345,N,Qual banda que torce pra polícia não acertar? Police.,0,0,1.802734375,-1.9599609375,-3.7626953125,0.9773059487342834,0.022694086655974388,True
5.1233.H,5.1233,H,Por que a criança voltou da casa dos avós sem a mão? Porque era má neta.,1,1,-3.59765625,3.849609375,7.447265625,0.0005826939595863223,0.9994173049926758,True
5.2922.H,5.2922,H,No que trabalha o trator quebrado? Ex tração,1,1,-3.62890625,3.95703125,7.5859375,0.0005072812200523913,0.9994926452636719,True
5.978.N,5.978,N,Qual é a novela em que Eva zoa Adão? Gênesis.,0,0,3.474609375,-3.642578125,-7.1171875,0.999189555644989,0.000810387369710952,True
4.198.H,4.198,H,"Porque é que a febre tifóide é tão perigosa? Porque ou tu a curas, ou ela tifóide mesmo.",1,1,-2.736328125,3.0390625,5.775390625,0.0030933863017708063,0.996906578540802,True
3.17.H,3.17,H,Que nome se dá a uma ferramenta perdida? Foice.,1,1,-2.494140625,2.58203125,5.076171875,0.0062050228007137775,0.9937950372695923,True
4.267.H,4.267,H,"Quando o ET chegou a casa, a mãe dele vira-se: Limpa os pés que estão cheios de Terra.",1,1,-1.3583984375,1.70703125,3.0654296875,0.04455598071217537,0.9554439783096313,True
5.3272.H,5.3272,H,Qual a comida favorita do ET? Ovine de Codorna.,1,1,-2.822265625,2.994140625,5.81640625,0.00296944472938776,0.99703049659729,True
5.2944.N,5.2944,N,"Qual foi o aviso que Hermione deu para avisar que um colega reprovou na prova? "" Lucius reprovou . """,0,0,2.408203125,-2.80078125,-5.208984375,0.994562566280365,0.005437495652586222,True
5.2612.H,5.2612,H,Qual música tem coreografia diurética? A dança do maisxixi.,1,1,-3.373046875,3.650390625,7.0234375,0.0008899655658751726,0.9991100430488586,True
5.3635.H,5.3635,H,Qual é o nome do jogo de luta que só se pode jogar tomando tequila? Tequila of Fighters.,1,1,-2.865234375,3.0859375,5.951171875,0.0025960314087569714,0.9974039196968079,True
5.2597.H,5.2597,H,Qual seria a profissão perfeita para o Tony Tornado? Promotor de eVENTOS.,1,0,3.359375,-3.53125,-6.890625,0.9989836812019348,0.0010162440594285727,False
5.3421.N,5.3421,N,Qual a escola de samba favorita do Zeca Pagodinho? Mocidade independente de Padre Miguel.,0,0,3.6875,-3.84765625,-7.53515625,0.9994663596153259,0.0005336928297765553,True
4.411.H,4.411,H,Alpinistas? Há por aí aos montes.,1,0,3.35546875,-3.349609375,-6.705078125,0.9987768530845642,0.001223179162479937,False
4.109.N,4.109,N,Que nome se dá a um cão que vai à missa? Cão crente.,0,0,1.4794921875,-1.806640625,-3.2861328125,0.963949978351593,0.036049988120794296,True
4.311.N,4.311,N,Porque é que a escrita está inclinada? Porque está em itálico.,0,0,2.3984375,-2.95703125,-5.35546875,0.9952999353408813,0.004700060468167067,True
4.430.H,4.430,H,O que diz um testículo para o outro? Vamos mas é trabalhar que o patrão está teso.,1,0,1.91015625,-2.1953125,-4.10546875,0.9837850332260132,0.01621503196656704,False
4.437.H,4.437,H,"O que diz o fósforo para a caixa? Quando roço em ti, perco a cabeça.",1,0,2.298828125,-2.298828125,-4.59765625,0.9900250434875488,0.009974921122193336,False
4.615.N,4.615,N,"A eletricidade está tão cara, tão cara, que a EDP decidiu mudar o nome para Luz de Ouro.",0,0,0.685546875,-0.837890625,-1.5234375,0.8210441470146179,0.17895591259002686,True
5.696.H,5.696,H,Qual é o super-herói de quem todo mundo lembra? The Flash Back.,1,1,-3.734375,3.888671875,7.623046875,0.0004888104740530252,0.9995112419128418,True
3.4.N,3.4,N,Qual é o animal que não vale mais nada? O tatu.,0,0,3.6484375,-3.828125,-7.4765625,0.9994340538978577,0.0005658799782395363,True
5.1100.H,5.1100,H,Qual é a regra de matemática preferida dos funkeiros? Regra de Sarrus.,1,1,-3.494140625,3.779296875,7.2734375,0.0006932422402314842,0.9993067979812622,True
5.3839.N,5.3839,N,Qual o filme favorito do ator Jim Carney? Ace Ventura.,0,0,2.728515625,-3.197265625,-5.92578125,0.9973374009132385,0.00266261282376945,True
4.411.N,4.411,N,Alpinistas? Há por aí nos montes.,0,0,2.982421875,-3.09375,-6.076171875,0.9977083206176758,0.0022916889283806086,True
5.3395.H,5.3395,H,Qual o remédio que te convence a pedir um carro pra vc se deslocar? Vick vai por Uber.,1,1,-3.677734375,3.986328125,7.6640625,0.0004691763606388122,0.9995307922363281,True
5.1495.N,5.1495,N,Qual o herói favorito de Deus? Clark Kent.,0,0,3.52734375,-3.736328125,-7.263671875,0.9993000030517578,0.0007000406621955335,True
5.2455.N,5.2455,N,Onde o Mickey gosta de morar? No prédio.,0,0,3.79296875,-3.8515625,-7.64453125,0.9995216131210327,0.00047842561616562307,True
5.444.N,5.444,N,Por que a pessoa que vive rindo de si mesmo nunca é Barrada em lugar algum? Porque ela é carismática.,0,0,2.974609375,-3.396484375,-6.37109375,0.9982926249504089,0.0017073675990104675,True
5.1337.N,5.1337,N,Qual autor o Harry Potter lê quando está doente? O Alvo Dumbledore.,0,1,-3.7109375,3.982421875,7.693359375,0.00045563653111457825,0.9995443224906921,False
5.3006.H,5.3006,H,Qual país só tem coisas sem utilidade? As tralha.,1,1,-3.51171875,3.8828125,7.39453125,0.0006142271449789405,0.9993857145309448,True
5.203.N,5.203,N,Por que muitos jogadores do Corínthians não foram à festa de comemoração do título brasileiro? Porque a festa foi muito longe . Lá na casa do Fagner!,0,0,3.376953125,-3.501953125,-6.87890625,0.9989718198776245,0.0010282107396051288,True
5.3330.H,5.3330,H,Qual é o cara incentivador de suicidas? É o cara Pópular!,1,1,-3.708984375,3.75,7.458984375,0.0005759091582149267,0.9994240999221802,True
5.635.N,5.635,N,Qual é o policial que não gosta de gente com boca suja? Guarda municipal.,0,0,3.560546875,-3.6640625,-7.224609375,0.9992720484733582,0.0007279067649506032,True
5.2738.N,5.2738,N,Po que a gente se sente mais equilibrado ao entrar em um rodízio? Porque ali é um restaurante,0,0,2.9296875,-3.1328125,-6.0625,0.9976769089698792,0.002323162741959095,True
5.964.H,5.964,H,Qual é a cantora que tomou conta do Menino Jesus? Babá de Belém.,1,1,-2.546875,2.900390625,5.447265625,0.004289588425308466,0.9957103729248047,True
5.1287.H,5.1287,H,Qual cantor gosta de chocolate? Kit-Kat Stevens.,1,1,-3.81640625,3.947265625,7.763671875,0.0004247131000738591,0.9995753169059753,True
5.22.N,5.22,N,Quando é que o David Copperfield sabe quando tem gente chegando na casa dele? Olhando pelo interfone.,0,0,3.5859375,-3.810546875,-7.396484375,0.9993869066238403,0.0006130294059403241,True
5.1361.H,5.1361,H,Qual é o melhor legume que existe? A Better raba.,1,1,-3.837890625,3.984375,7.822265625,0.00040055232238955796,0.9995995163917542,True
4.152.N,4.152,N,Já estreou o novo espetáculo com bonecos ao vivo . É uma peça de teatro.,0,0,3.033203125,-3.173828125,-6.20703125,0.9979888200759888,0.0020111585035920143,True
5.3911.N,5.3911,N,Qual a cidade as pessoas rezam e fazem artesanato? Em Budas Artes.,0,1,-3.46484375,3.787109375,7.251953125,0.000708286592271179,0.9992916584014893,False
5.958.H,5.958,H,Qual é a lenda que sempre conta os dias? O K Lendário.,1,1,-3.416015625,3.548828125,6.96484375,0.000943619292229414,0.9990563988685608,True
5.7.H,5.7,H,Por que a feijoada estava triste? Porque colocaram ela na panela depressão.,1,1,-3.591796875,3.822265625,7.4140625,0.0006023541791364551,0.9993976354598999,True
5.20.H,5.20,H,Qual é o estado americano que não cai duas vezes no mesmo lugar? Ohio.,1,1,-2.623046875,2.51171875,5.134765625,0.005853960290551186,0.9941459894180298,True
5.1202.H,5.1202,H,Porque os pãezinhos nos EUA são cor de abóbora?  Porque é um pumpkin nininho.,1,1,-3.857421875,4.109375,7.966796875,0.00034666777355596423,0.9996533393859863,True
5.1287.N,5.1287,N,Qual cantor gosta de chocolate? Frank Sinatra.,0,0,3.607421875,-3.7578125,-7.365234375,0.9993675351142883,0.0006324767600744963,True
4.733.N,4.733,N,Há anos que procurava um Homem  que bebesse vinho . Para encontrar um foi preciso Ir perguntar .,0,1,-2.123046875,2.275390625,4.3984375,0.012147169560194016,0.9878528118133545,False
4.708.H,4.708,H,Qual é a cantora preferida dos cirurgiões? É a Anastasia.,1,0,3.431640625,-3.560546875,-6.9921875,0.9990818500518799,0.0009181902278214693,False
5.2789.H,5.2789,H,por que o beta não avança no relacionamento? porque se não ele gama. ,1,1,-0.67431640625,0.548828125,1.22314453125,0.2273835390806198,0.7726165056228638,True
4.385.H,4.385,H,"Dois gémeos foram presos por homicídio, mas passado um tempo libertaram o que estava mais gordo. Porque o que não mata, engorda.",1,1,-0.51953125,0.59814453125,1.11767578125,0.24644267559051514,0.7535573244094849,True
5.3511.H,5.3511,H,Qual ex-piloto era um índio pronto pro ataque? Mim Ka Salo.,1,1,-3.52734375,3.755859375,7.283203125,0.0006865099421702325,0.999313473701477,True
5.3668.N,5.3668,N,Por que o frango caipira não tem problemas jurídicos de identidade? Porque ele não tem hormônios.,0,0,3.400390625,-3.59375,-6.994140625,0.9990836381912231,0.0009164001676253974,True
5.3391.H,5.3391,H,Qual cantora famosa nasceu em La Paz? Bolívia Newton-John.,1,1,-3.03125,3.345703125,6.376953125,0.0016974094323813915,0.9983025789260864,True
4.151.H,4.151,H,Qual é a sobremesa que nunca sai direita? É a torta.,1,0,2.775390625,-3.154296875,-5.9296875,0.9973477125167847,0.0026522597763687372,False
5.3623.N,5.3623,N,Qual é o detetive que assiste tênis? Ace Ventura.,0,0,2.54296875,-2.869140625,-5.412109375,0.9955576062202454,0.004442394711077213,True
5.3498.H,5.3498,H,Qual o sanduba do Tom Brady? X-egg Bündchen.,1,0,0.9951171875,-1.1005859375,-2.095703125,0.8904848694801331,0.10951515287160873,False
4.131.N,4.131,N,Qual é o jogo preferido das batatas fritas? É o Uno.,0,0,1.1181640625,-0.99951171875,-2.11767578125,0.8926093578338623,0.10739067196846008,True
5.848.N,5.848,N,Qual personagem da Disney que ninguém gosta? Jafar.,0,0,3.607421875,-3.677734375,-7.28515625,0.9993147850036621,0.0006851713405922055,True
5.1515.H,5.1515,H,Qual super herói que tem fetiche com a própria mãe? Édipool.,1,1,-3.537109375,3.783203125,7.3203125,0.0006615174352191389,0.9993384480476379,True
5.3409.N,5.3409,N,Qual é a melhor coisa pra se desejar a um amigo no Natal? Boas Festas.,0,0,3.654296875,-3.923828125,-7.578125,0.9994887113571167,0.0005112579092383385,True
5.30.H,5.30,H,Por que o elefante não pega fogo? Porque ele é cinza.,1,0,2.72265625,-3.080078125,-5.802734375,0.9969897270202637,0.003010198473930359,False
5.3872.H,5.3872,H,Qual atriz é a rainha do marketing brasileiro? Bruna Marketingne,1,1,-2.9296875,3.408203125,6.337890625,0.0017649073852226138,0.9982351064682007,True
4.229.H,4.229,H,A minha amiga asiática ficou doente. Mas eu Coreia.,1,1,-3.123046875,3.31640625,6.439453125,0.0015947326319292188,0.9984052777290344,True
5.3370.H,5.3370,H,"Qual ator é a junção de um tigre, um super-herói e um cantor? Tony Thor Naldo.",1,1,-2.27734375,2.3984375,4.67578125,0.009232213720679283,0.990767776966095,True
5.1808.H,5.1808,H,Qual é o animal preferido dos Beatles? Ornitorringo,1,1,-2.7578125,3.08984375,5.84765625,0.0028783478774130344,0.9971216320991516,True
5.3478.H,5.3478,H,Com qual marcha o porco anda? Carré.,1,1,-3.16015625,3.1328125,6.29296875,0.0018458482809364796,0.9981541037559509,True
4.731.N,4.731,N,"Como é que uma Pessoa elogia uma mulher alta? Eh lá, hoje estás Espantosa!",0,1,-2.439453125,2.6796875,5.119140625,0.00594559870660305,0.99405437707901,False
4.502.N,4.502,N,"Segui as instruções na embalagem da lasanha que dizia para colocar o forno a 180 graus . Agora como é que eu abro a porta, se o forno está tão quente?",0,0,2.517578125,-2.77734375,-5.294921875,0.9950079917907715,0.0049919611774384975,True
4.343.N,4.343,N,Qual é a nacionalidade de um canalizador de bigode? É um mexicano.,0,0,3.509765625,-3.64453125,-7.154296875,0.9992190599441528,0.0007808884838595986,True
5.1743.N,5.1743,N,"Quando o Superman morreu, como o vilão dele ficou? De folga.",0,0,3.478515625,-3.8046875,-7.283203125,0.999313473701477,0.0006865099421702325,True
5.1250.N,5.1250,N,"Qual a carne que rapidamente disse "" ooooh ""? Picanha.",0,0,3.349609375,-3.673828125,-7.0234375,0.9991100430488586,0.0008899655658751726,True
5.3855.H,5.3855,H,Qual o nome que se dá para o assassinato em massa na galáxia do universo da Marvel? Crimes simulThanos.,1,1,-2.05859375,2.373046875,4.431640625,0.011755131185054779,0.988244891166687,True
5.2188.H,5.2188,H,Cantor favorito dos pedreiros? Amado Batistaca ,1,1,-2.3359375,2.6640625,5.0,0.00669285049661994,0.9933071732521057,True
4.374.N,4.374,N,Porque é que na Polónia ninguém se perde? Porque lá há muita sinalização.,0,0,2.66015625,-2.8203125,-5.48046875,0.9958499670028687,0.00415008096024394,True
5.958.N,5.958,N,Qual é a lenda que sempre conta os dias? O calendário.,0,0,3.626953125,-3.763671875,-7.390625,0.9993833303451538,0.0006166297243908048,True
4.174.H,4.174,H,O que é que o Xutos e Pontapés e um micro-ondas têm em comum? Tim!,1,0,2.345703125,-2.53515625,-4.880859375,0.9924666285514832,0.00753330672159791,False
3.4.H,3.4,H,Qual é o animal que não vale mais nada? O javali.,1,0,3.634765625,-3.88671875,-7.521484375,0.9994589686393738,0.0005410355515778065,False
5.4025.N,5.4025,N,Nome de cervejaria em homenagem a um grande cantor brasileiro? Capitão Bock.,0,1,-3.666015625,3.916015625,7.58203125,0.0005092656938359141,0.9994907379150391,False
5.4028.H,5.4028,H,Por que o piloto não gosta de passar no meio da nuvem com o avião? Porque ele tem Cloudstrofobia.,1,1,-2.421875,2.76171875,5.18359375,0.005576544441282749,0.9944234490394592,True
5.3461.N,5.3461,N,Onde os artistas americanos dão chilique de tanto dar autógrafos? No tapete vermelho.,0,0,3.6328125,-3.765625,-7.3984375,0.9993880987167358,0.0006118339952081442,True
4.73.N,4.73,N,Porque é que as loiras só fazem sexo uma vez por ano? Porque o sexo anual não engravida.,0,0,1.3994140625,-1.76171875,-3.1611328125,0.9593451619148254,0.040654849261045456,True
4.73.H,4.73,H,Porque é que as loiras só fazem sexo uma vez por ano? Porque o sexo anal não engravida.,1,1,-2.091796875,2.431640625,4.5234375,0.01073516346514225,0.9892648458480835,True
5.589.N,5.589,N,Qual é a fruta preferida do Neymar? A uva branca.,0,0,3.740234375,-3.736328125,-7.4765625,0.9994340538978577,0.0005658799782395363,True
5.3355.H,5.3355,H,O que mais excita o fazendeiro ? EmpôlGado no Pasto.,1,1,-3.40234375,3.541015625,6.943359375,0.0009640919743105769,0.9990359544754028,True
5.2136.N,5.2136,N,Qual é a massa servida nos EUA? Espaguete,0,0,3.78125,-3.802734375,-7.583984375,0.9994916915893555,0.0005082725547254086,True
5.1739.H,5.1739,H,Qual parte da bicicleta quem se chama Guilherme nunca precisa comprar? Guidão.,1,0,3.224609375,-3.34765625,-6.572265625,0.9986032843589783,0.001396671636030078,False
4.713.H,4.713,H,O que é um anão? É um ano bissexto.,1,1,-0.483154296875,0.73828125,1.221435546875,0.2276839166879654,0.772316038608551,True
4.551.H,4.551,H,Um iogurte fora de prazo mata uma família inteira. Qual é o filme? Activia Paranormal.,1,1,-0.01190185546875,0.147216796875,0.15911865234375,0.46030405163764954,0.5396959185600281,True
5.83.N,5.83,N,Qual é o animal que mais sofre com enfermidades? O gato.,0,0,3.708984375,-3.978515625,-7.6875,0.9995417594909668,0.0004583129193633795,True
5.3793.N,5.3793,N,Qual rede das lojas é maior que o Trump? McDonald's.,0,0,3.326171875,-3.556640625,-6.8828125,0.9989758729934692,0.0010242064017802477,True
4.108.H,4.108,H,"Uma feminista perguntou-me de que forma eu via as relações lésbicas. Parece que ""em HD"" não era a resposta correta...",1,1,-0.090087890625,0.032806396484375,0.122894287109375,0.4693150222301483,0.5306849479675293,True
5.2070.H,5.2070,H,Qual é a banda favorita do império galáctico? Kylo R.E.M. ,1,1,-2.763671875,2.740234375,5.50390625,0.0040543340146541595,0.9959456324577332,True
5.20.N,5.20,N,Qual é o estado americano que não cai duas vezes no mesmo lugar? Massachusetts.,0,0,2.4296875,-2.92578125,-5.35546875,0.9952999353408813,0.004700060468167067,True
5.1956.H,5.1956,H,O que a vaca foi fazer na delegacia? Um bom leitinho de ocorrência ,1,1,-3.810546875,4.05859375,7.869140625,0.00038221667637117207,0.9996178150177002,True
5.2764.N,5.2764,N,Qual cantora não come carne? A VegetaRhianna.,0,1,-2.322265625,2.693359375,5.015625,0.006589770782738924,0.9934101700782776,False
5.30.N,5.30,N,Por que o elefante não pega fogo? Porque ele é branco.,0,0,3.498046875,-3.71484375,-7.212890625,0.9992634654045105,0.000736480753403157,True
5.2203.H,5.2203,H,Qual é o documento que não deixa claro quando a pessoa nasceu? Incertidão de nascimento.,1,1,-3.0390625,3.384765625,6.423828125,0.0016198053490370512,0.998380184173584,True
5.3166.H,5.3166,H,Por que o jardineiro estava passando necessidade? Andava meio sem grama.,1,1,-1.5126953125,1.4541015625,2.966796875,0.04894862323999405,0.9510514140129089,True
4.227.N,4.227,N,O que é que acontece quando o Aladino esfrega a lamparina mágica debaixo de água? Aparece o génio.,0,0,2.8828125,-3.318359375,-6.201171875,0.997977077960968,0.002022953238338232,True
4.201.H,4.201,H,Era uma vez uma cidade onde quase todas as motos eram Yamaha. Qual é o filme? Poca Hondas.,1,1,-3.78515625,4.0234375,7.80859375,0.0004060639475937933,0.9995939135551453,True
5.2144.N,5.2144,N,Porque não se paga bandido com cheque? Porque o crime não beneficia.,0,0,1.1474609375,-1.26953125,-2.4169921875,0.9181138277053833,0.08188609778881073,True
4.539.N,4.539,N,"Será que os meus amigos vão passar férias a países do médio oriente? Uns, sim . Os outros, não .",0,0,3.09765625,-3.236328125,-6.333984375,0.9982282519340515,0.001771802781149745,True
5.2689.H,5.2689,H,Renata voltou do médico com o braço furado. Qual é o acontecimento histórico? Rê volta da Vacina.,1,1,-3.412109375,3.74609375,7.158203125,0.0007778466097079217,0.9992221593856812,True
5.2789.N,5.2789,N,por que o beta não avança no relacionamento? porque se não ele se machuca.,0,0,3.18359375,-3.52734375,-6.7109375,0.9987840056419373,0.0012160416226834059,True
5.2243.H,5.2243,H,Por que a mulher com carteira assinada nunca tira a lingerie? Porque ela tá de renda fixa ,1,1,-2.83203125,3.416015625,6.248046875,0.0019304942106828094,0.9980695843696594,True
5.3807.N,5.3807,N,Qual senador que proíbe piadas? Confúcio Moura.,0,0,3.771484375,-3.62109375,-7.392578125,0.9993845224380493,0.0006154273287393153,True
5.2252.H,5.2252,H,Qual personagem de desenho falsifica assinaturas com caneta? Bic Vigarista ,1,1,-3.43359375,3.701171875,7.134765625,0.0007962778909131885,0.9992037415504456,True
5.2193.H,5.2193,H,Qual é a bala favorita dos pedreiros? Cimenthos,1,1,-3.701171875,4.078125,7.779296875,0.0004181312979198992,0.9995818734169006,True
4.617.H,4.617,H,Por que é que o Napoleão era sempre convidado para todas as festas? Porque era bom na party.,1,1,-0.1937255859375,0.64111328125,0.8348388671875,0.30262288451194763,0.6973771452903748,True
5.2938.N,5.2938,N,Qual é a comida do pássaro gigante que toca trompete? O alpiste.,0,1,-1.9150390625,2.083984375,3.9990234375,0.018003465607762337,0.9819965362548828,False
4.217.H,4.217,H,Quando estiveres triste abraça um sapato. Um sapato com sola.,1,0,2.279296875,-2.6953125,-4.974609375,0.9931362867355347,0.006863781251013279,False
5.1250.H,5.1250,H,"Qual a carne que rapidamente disse ""ooooh""? Carne disse oh já.",1,1,-3.466796875,3.572265625,7.0390625,0.0008761798962950706,0.9991238713264465,True
4.166.N,4.166,N,Uma assistente de moda foi despedido . Qual é o filme? O Diabo Veste Prada.,0,0,0.72216796875,-0.78515625,-1.50732421875,0.8186643719673157,0.1813357025384903,True
4.388.H,4.388,H,Hoje passei por uma família de cães na rua. Foi ali em Family-cão.,1,1,-3.77734375,3.9765625,7.75390625,0.0004288792551960796,0.9995711445808411,True
5.1046.H,5.1046,H,Qual o canal para fumantes infantis? Carlton Network.,1,0,2.1953125,-2.396484375,-4.591796875,0.9899671077728271,0.010032951831817627,False
5.2360.N,5.2360,N,Por que a atleta foi presa por atentado ao pudor enquanto jogava? Porque estava jogando uma partida.,0,0,3.29296875,-3.205078125,-6.498046875,0.9984959363937378,0.0015041126171126962,True
4.226.N,4.226,N,Porque é que o João Silva está feliz? Porque teve um dia positivo.,0,0,3.296875,-3.412109375,-6.708984375,0.9987816214561462,0.0012184162624180317,True
5.405.N,5.405,N,Onde ficam as maiores dúvidas dos dentistas? Na cabeça.,0,0,3.2890625,-3.33984375,-6.62890625,0.9986801743507385,0.0013198636006563902,True
4.433.N,4.433,N,Hoje descobri que a minha torradeira não é à prova de água . Fiquei surpreendido.,0,0,2.484375,-2.791015625,-5.275390625,0.9949100613594055,0.005089917685836554,True
5.1006.H,5.1006,H,Qual a concorrente mais desbocada da Marvel??? DC Gonçalves.,1,1,-3.1640625,3.345703125,6.509765625,0.0014866151614114642,0.998513400554657,True
4.322.H,4.322,H,Qual é a semelhança entre um sapato e uma PlayStation? Ambos são consola.,1,1,-3.734375,3.966796875,7.701171875,0.00045209232484921813,0.9995478987693787,True
5.1140.H,5.1140,H,Qual é a moeda preferida que quem fica em casa cuidando dos filhos? Do Lar,1,1,-3.04296875,3.39453125,6.4375,0.0015978454612195492,0.9984021782875061,True
5.3521.H,5.3521,H,"O que o cara gritava quando foi preso por 171? ""Mentira daqui!""",1,1,-0.70263671875,0.9150390625,1.61767578125,0.1655256450176239,0.8344743251800537,True
5.614.N,5.614,N,Qual é o carro preferido do Ricardo? Logan.,0,0,3.416015625,-3.6015625,-7.017578125,0.9991047978401184,0.0008951908093877137,True
4.660.N,4.660,N,"Como se chama um cão sem donos? Não se chama, vai-se buscar.",0,1,-0.31005859375,0.259521484375,0.569580078125,0.3613337278366089,0.6386662721633911,False
4.250.N,4.250,N,Qual é a especialidade de um médico bipolar? Otorrinolaringologista .,0,0,3.22265625,-3.560546875,-6.783203125,0.9988686442375183,0.0011313597206026316,True
5.3787.N,5.3787,N,Qual ator estrangeiro já foi PM? Guiliano Gemma,0,1,-1.6865234375,1.87890625,3.5654296875,0.02750680409371853,0.9724932312965393,False
4.259.N,4.259,N,O que é que acontece quando o Frodo morre? Passam-lhe uma certidão de óbito.,0,0,3.11328125,-3.482421875,-6.595703125,0.9986355900764465,0.001364361960440874,True
5.3623.H,5.3623,H,Qual é o detetive que joga tênis? Ace Ventura.,1,0,3.009765625,-3.32421875,-6.333984375,0.9982282519340515,0.001771802781149745,False
4.435.H,4.435,H,"Como é que se diz ""médico estagiário"" em japonês? Otikuro Otimato",1,1,-3.275390625,3.56640625,6.841796875,0.0010670424671843648,0.9989328980445862,True
5.3581.H,5.3581,H,Qual artista gosta de pintar os personagens de Toy Story usando cores bem vivas? O Andy Warhol.,1,0,3.482421875,-3.712890625,-7.1953125,0.9992504715919495,0.0007495313766412437,False
5.2534.N,5.2534,N,Onde moram os dançarinos da Xuxa? São Paulo.,0,0,3.759765625,-3.8359375,-7.595703125,0.999497652053833,0.0005023539415560663,True
4.463.N,4.463,N,Qual é o melhos carro para o dia-a-dia e conforto? É o Volkswagen Bora!,0,0,3.615234375,-3.845703125,-7.4609375,0.9994252920150757,0.0005747862160205841,True
5.1678.H,5.1678,H,O que acontece com o homem do interior que cai e bate a cabeça? Cai e pira.,1,0,3.271484375,-3.53125,-6.802734375,0.9988904595375061,0.0011095014633610845,False
4.333.N,4.333,N,Em quantas partes se parte o corpo do homem? Depende da força da pancada.,0,0,3.412109375,-3.73828125,-7.150390625,0.9992160797119141,0.0007839425234124064,True
5.2237.H,5.2237,H,"Qual o cantor que, ao descobrir que é corno, resolve partir pra briga com o amante? Pau no Ricardo ",1,1,-2.361328125,2.78515625,5.146484375,0.005786154884845018,0.994213879108429,True
5.1431.N,5.1431,N,Qual é o nome do X-Men que é ginecologista? Wolverine.,0,0,3.576171875,-3.8671875,-7.443359375,0.9994150400161743,0.000584973196964711,True
4.431.H,4.431,H,"""Ontem"" não tem H. ""Hoje"" tem H. Como as coisas mudam de um dia para o outro...",1,0,2.22265625,-2.88671875,-5.109375,0.9939963817596436,0.006003595422953367,False
5.638.N,5.638,N,Onde o mineiro aprendeu inglês? No trem!,0,0,3.822265625,-3.818359375,-7.640625,0.9995197057723999,0.00048029725439846516,True
4.167.N,4.167,N,Qual é o passatempo preferido de um mexicano de 12 anos? Bricar às escondidas.,0,0,3.123046875,-3.376953125,-6.5,0.998498797416687,0.0015011822106316686,True
5.1286.N,5.1286,N,Qual o nome do piloto do dirigível? Feodor Nenov.,0,0,2.322265625,-2.732421875,-5.0546875,0.9936610460281372,0.006338921841233969,True
5.263.N,5.263,N,Qual é o nome do filme protagonizado por duas motos bem nervosas? A parede.,0,0,1.59765625,-1.6103515625,-3.2080078125,0.9611344933509827,0.03886548429727554,True
4.213.H,4.213,H,Como é que se chama uma empregada doméstica chinesa? Lee-xívia.,1,1,-3.30859375,3.59375,6.90234375,0.001004416262730956,0.9989956021308899,True
5.108.N,5.108,N,Qual é a lagoa que não sabe o alfabeto? Pampulha.,0,0,3.365234375,-3.390625,-6.755859375,0.9988372921943665,0.0011626856867223978,True
5.2929.N,5.2929,N,Qual é a cantora mais conhecida por assédio? é a Lizzo,0,1,-2.193359375,2.3125,4.505859375,0.010923455469310284,0.9890764951705933,False
5.4098.N,5.4098,N,Qual molho é sempre servido em proporções exageradas? De tomate.,0,0,3.2265625,-3.5234375,-6.75,0.9988304972648621,0.0011695101857185364,True
5.3027.N,5.3027,N,Qual o estado americano preferido dos sadomasoquistas? Nevada.,0,0,2.326171875,-2.6171875,-4.943359375,0.9929198622703552,0.007080117706209421,True
4.616.H,4.616,H,Por que é que os hospitais não atendem plantinhas? Porque só têm médicos de plantão.,1,0,2.548828125,-2.740234375,-5.2890625,0.9949788451194763,0.005021149758249521,False
5.638.H,5.638,H,Onde o mineiro aprendeu inglês? No Uai...zap!,1,1,-1.9814453125,2.07421875,4.0556640625,0.017028963193297386,0.9829710125923157,True
4.510.N,4.510,N,"No outro dia estava a lavar o carro com o meu filho, vira-se ele: Pai, porque é que usas uma esponja?",0,0,2.78125,-2.97265625,-5.75390625,0.9968396425247192,0.0031603528186678886,True
5.3890.N,5.3890,N,Qual cantora pop sempre te convida pra tomar uma xícara de café? Beyoncé.,0,0,3.419921875,-3.587890625,-7.0078125,0.9990960359573364,0.0009039677097462118,True
4.472.H,4.472,H,Qual é a fruta mais comum nos churrascos? É o açaí.,1,0,3.671875,-3.875,-7.546875,0.9994725584983826,0.0005274784634821117,False
5.683.N,5.683,N,Qual é a jornalista mais genérica do mundo? Lucy Morgan.,0,0,3.126953125,-3.4609375,-6.587890625,0.9986249208450317,0.001375047955662012,True
5.3058.H,5.3058,H,Qual assassino possui um vasto conhecimento? John Wick Pédia.,1,1,-3.501953125,3.654296875,7.15625,0.0007793660624884069,0.999220609664917,True
5.1043.H,5.1043,H,Qual é o pokémon da umbanda? O pikaEXU,1,1,-3.40234375,3.619140625,7.021484375,0.0008917038212530315,0.9991082549095154,True
4.417.N,4.417,N,Porque é que os daltónicos têm péssima memória? Porque não sabem nada decor.,0,1,-3.765625,4.1328125,7.8984375,0.00037118542240932584,0.9996287822723389,False
4.632.N,4.632,N,Nem todos os esqueletos ouvem . Só os que têm ouvidos.,0,0,3.1328125,-3.2890625,-6.421875,0.9983769655227661,0.001622966956347227,True
5.87.H,5.87,H,Qual a embarcação criada para salvar os dinossauros do dilúvio?  A arca DINO É,1,1,-3.86328125,4.0234375,7.88671875,0.00037555917515419424,0.9996243715286255,True
5.872.H,5.872,H,Qual comediante vive com calor? Renato Abane.,1,0,2.509765625,-2.70703125,-5.216796875,0.9946046471595764,0.005395409185439348,False
5.2959.H,5.2959,H,Qual empresa responsável por encher o avião? Infla Aero.,1,1,-3.681640625,3.8671875,7.548828125,0.000526449759490788,0.999473512172699,True
5.710.H,5.710,H,Como se faz para desenterrar um Jockey? É só escavá-lo.,1,0,3.025390625,-3.31640625,-6.341796875,0.9982420206069946,0.0017580387648195028,False
5.2008.N,5.2008,N,Em qual cidade todas as pedras preciosas e incomuns são protegidas? Sertãozinho,0,0,3.2578125,-3.3515625,-6.609375,0.9986541271209717,0.0013458604225888848,True
5.200.H,5.200,H,"O que o pão disse para o padeiro quando este abriu o forno? ""Assôoo""!",1,1,-2.388671875,2.67578125,5.064453125,0.006277706008404493,0.9937222599983215,True
5.141.N,5.141,N,Qual o herói da ovelha? Batman.,0,0,3.671875,-3.791015625,-7.462890625,0.9994263648986816,0.0005736653110943735,True
5.2183.N,5.2183,N,Qual é a hortaliça que faz sucesso no norte e nordeste? Macaxeira,0,0,3.7890625,-3.810546875,-7.599609375,0.9994995594024658,0.0005003964179195464,True
4.312.H,4.312,H,Porque é que a mulher do Einstein usa bikini? Porque tem um bom físico.,1,0,3.759765625,-3.8984375,-7.658203125,0.9995280504226685,0.0004719322023447603,False
5.1449.H,5.1449,H,Po rque o carteiro foi à feira? Porque tinha uma carta na manga.,1,1,-3.748046875,3.818359375,7.56640625,0.000517281296197325,0.9994826316833496,True
5.1272.N,5.1272,N,Qual rato que mais trabalha pela cultura do Brasil? Mickey Mouse.,0,0,3.6953125,-3.88671875,-7.58203125,0.9994907379150391,0.0005092656938359141,True
5.1858.H,5.1858,H,Que cantora faz pequenas transmissões na internet? Avril Livinha.,1,1,-2.330078125,2.384765625,4.71484375,0.008881674148142338,0.9911182522773743,True
5.229.N,5.229,N,Qual inseto está muito gordo? Mosquito.,0,0,3.8984375,-3.98046875,-7.87890625,0.9996215105056763,0.00037850363878533244,True
5.1078.H,5.1078,H,Qual o bolo mais barulhento que existe? Bolo de Noises.,1,1,-2.423828125,2.587890625,5.01171875,0.006615393329411745,0.9933846592903137,True
5.1746.H,5.1746,H,Por que o ciclista ficou com medo de entrar na mata? Porque ele viu umacobra radical,1,1,-3.82421875,3.955078125,7.779296875,0.0004181312979198992,0.9995818734169006,True
4.583.H,4.583,H,"""Cada dia, temos de fazer com que as pequenas coisas contem"" - disse a professora de matemática de anões.",1,1,-0.268798828125,0.0187225341796875,0.2875213623046875,0.42861077189445496,0.5713892579078674,True
5.3079.H,5.3079,H,Qual o cineasta mais odiado em Goiânia? Martin ScorCÉSIO.,1,1,-3.1328125,3.48828125,6.62109375,0.0013302015140652657,0.9986698627471924,True
5.3143.N,5.3143,N,Qual o grupo dos heróis? Os Vingadores.,0,0,3.732421875,-3.875,-7.607421875,0.999503493309021,0.0004965043044649065,True
5.841.N,5.841,N,Qual escritor usava roupas de frio? Edgar Alã Põe.,0,1,-3.671875,3.767578125,7.439453125,0.0005872614565305412,0.9994127750396729,False
5.1657.H,5.1657,H,Qual é a lanchonete favorita dos góticos? Black Donald's.,1,0,3.5078125,-3.681640625,-7.189453125,0.9992461204528809,0.0007539328653365374,False
4.217.N,4.217,N,Quando estiveres triste abraça um sapato . Um sapato consola.,0,0,2.40234375,-3.2109375,-5.61328125,0.996364176273346,0.003635808825492859,True
5.1858.N,5.1858,N,Qual é o cigarro que todos os comediantes gostam? Malboro.,0,1,-1.8212890625,2.087890625,3.9091796875,0.01966257393360138,0.980337381362915,False
5.75.H,5.75,H,Qual é o contrário de centopeia? Levantomãofoi.,1,1,-3.783203125,3.970703125,7.75390625,0.0004288792551960796,0.9995711445808411,True
5.2606.H,5.2606,H,Qual a figura mitológica mais velha? Antígona.,1,0,3.529296875,-3.62890625,-7.158203125,0.9992221593856812,0.0007778466097079217,False
4.46.N,4.46,N,Estão dois gatinhos à procura da mãe . Qual é o filme? Os Aristogatos.,0,1,-3.1328125,3.470703125,6.603515625,0.001353758736513555,0.9986461997032166,False
5.2988.H,5.2988,H,Qual microorganismo é sempre passado pra trás? Protozotário.,1,0,2.96484375,-3.1796875,-6.14453125,0.9978594183921814,0.002140589291229844,False
4.186.H,4.186,H,Qual é a série preferida dos cagalhões? Prison Break.,1,0,0.9326171875,-0.783203125,-1.7158203125,0.8475897312164307,0.15241031348705292,False
5.964.N,5.964,N,Qual é a cantora que tomou conta do Menino Jesus? Gal Costa.,0,0,3.841796875,-3.849609375,-7.69140625,0.9995434880256653,0.00045652693370357156,True
5.5.N,5.5,N,Por que o celular foi para o centro de reabilitação? Porque a bateria estava perdendo-se.,0,0,0.9619140625,-1.3037109375,-2.265625,0.9059898257255554,0.09401018172502518,True
5.3018.H,5.3018,H,Qual a série que fala de fato quem é sua mãe? Realmente your mother.,1,1,-1.95703125,2.279296875,4.236328125,0.014254463836550713,0.9857455492019653,True
5.561.N,5.561,N,Qual personagem do Star Wars? xubaca.,0,1,-2.0078125,2.220703125,4.228515625,0.014364656060934067,0.9856352806091309,False
5.2020.N,5.2020,N,O que o nordestino disse pro amigo que sempre aceitava desaforo calado? XIA ÔMI,0,1,-2.82421875,3.033203125,5.857421875,0.002850455464795232,0.9971495270729065,False
5.782.H,5.782,H,Qual a tartaruga ninja que mais gosta de dormir? O Fronhatelo.,1,1,-3.888671875,3.958984375,7.84765625,0.0003905139456037432,0.9996095299720764,True
4.446.H,4.446,H,Qual é a banda preferida dos obesos? A banda gástrica.,1,1,-2.291015625,2.5390625,4.830078125,0.007922627963125706,0.9920772910118103,True
4.247.N,4.247,N,"Se algum dia te sentires triste por não receberes correio, vai ao Google e faz uma pesquisa . Vais ter milhares de explicações.",0,0,2.7265625,-2.908203125,-5.634765625,0.9964411854743958,0.00355880381539464,True
5.1061.N,5.1061,N,Qual doença temos que coletar esperma? Prostatite.,0,1,-3.1328125,3.4609375,6.59375,0.001367025775834918,0.9986329674720764,False
5.3381.N,5.3381,N,Qual cantora baiana gosta de heavy metal? Margareth Menezes.,0,0,3.869140625,-3.89453125,-7.763671875,0.9995753169059753,0.0004247131000738591,True
5.553.N,5.553,N,O que a Minnie falou pro namorado dela quando encostou na fogueira? Mickey está quente.,0,1,-3.3359375,3.533203125,6.869140625,0.0010382906766608357,0.9989616870880127,False
5.3728.H,5.3728,H,"Como se chama o aquecedor que honesto, humilde e honrado? Aquecedor Hs.",1,1,-3.14453125,3.328125,6.47265625,0.0015427323523908854,0.9984573125839233,True
4.433.H,4.433,H,Hoje descobri que a minha torradeira não é à prova de água. Fiquei chocado.,1,0,2.458984375,-2.658203125,-5.1171875,0.9940428137779236,0.0059571536257863045,False
5.3253.H,5.3253,H,Como se chamam aqueles parentes que você não vê nunca? Os Trans Parentes.,1,1,-2.921875,3.392578125,6.314453125,0.001806685235351324,0.9981933236122131,True
5.2564.H,5.2564,H,Por que o Charlie Brown sofria de dores na cervical? Porque ele só olhava pro seum beagle.,1,1,-2.927734375,3.1484375,6.076171875,0.0022916889283806086,0.9977083206176758,True
4.655.N,4.655,N,Hoje a São acordou toda molhada . O que aconteceu? Choveu.,0,0,3.384765625,-3.337890625,-6.72265625,0.998798131942749,0.001201891340315342,True
5.1171.H,5.1171,H,Qual cantora espera um dia ser rainha? Mariah QUÉ REI.,1,1,-3.6875,3.947265625,7.634765625,0.0004831183759961277,0.9995168447494507,True
5.3877.H,5.3877,H,Qual o cantor favorito da xícara? Alexandre Pires.,1,0,3.65234375,-3.685546875,-7.337890625,0.9993500113487244,0.0006499983137473464,False
5.674.H,5.674,H,Qual parente sempre deixa um pouco de comida no prato? A sobrinha.,1,0,3.515625,-3.630859375,-7.146484375,0.9992129802703857,0.0007870083791203797,False
5.1670.H,5.1670,H,Qual é o app que os jardineiros fazem questão de cortar da vida social deles? Instagrama.,1,0,2.693359375,-2.626953125,-5.3203125,0.9951325058937073,0.004867417272180319,False
5.2252.N,5.2252,N,Qual personagem de desenho falsifica notas com caneta? Bic Vigarista,0,1,-3.447265625,3.75,7.197265625,0.0007480700151063502,0.9992519021034241,False
5.122.N,5.122,N,Como chama a cerveja que você só toma de 2 em 2 anos? Skoll.,0,1,-0.210205078125,0.26708984375,0.477294921875,0.38289111852645874,0.6171088814735413,False
5.229.H,5.229,H,Qual inseto está muito gordo? Obesouro.,1,1,-3.84765625,3.9609375,7.80859375,0.0004060639475937933,0.9995939135551453,True
5.2743.H,5.2743,H,Qual o animal que sempre tá de brinks? Tira no Sarro,1,1,-3.2109375,3.494140625,6.705078125,0.001223179162479937,0.9987768530845642,True
5.849.H,5.849,H,Por que a namorada do Mickey quando não está bem começa a organizar as coisas? Porque ela é Minnie Má Lista.,1,1,-3.49609375,3.857421875,7.353515625,0.000639927398879081,0.9993600249290466,True
5.3116.H,5.3116,H,Qual tipo de carne que só vai bem com cerveja? CoStella Artois.,1,1,-2.787109375,2.97265625,5.759765625,0.0031419473234564066,0.9968580007553101,True
4.580.H,4.580,H,Que nome se dá ao karaté para amputados? Artes parciais.,1,1,-3.578125,3.91015625,7.48828125,0.0005592909874394536,0.9994407296180725,True
5.2491.H,5.2491,H,Qual é a dupla sertaneja favorita dos leões? Leãodro e Leãonardo.,1,1,-2.939453125,3.015625,5.955078125,0.002585936803370714,0.9974139928817749,True
5.3323.N,5.3323,N,Qual doce favorito do Bolsonaro? Cocada.,0,0,3.583984375,-3.81640625,-7.400390625,0.9993892908096313,0.0006106409127824008,True
4.420.H,4.420,H,Porque é que a joaninha foi à farmácia? Foi comprar creme para os pontos negros.,1,1,-0.0775146484375,0.0738525390625,0.1513671875,0.46223029494285583,0.5377696752548218,True
4.635.N,4.635,N,Por que é que o Mozart vai à igreja? Porque crê.,0,0,3.5625,-3.796875,-7.359375,0.9993638396263123,0.0006361912237480283,True
5.3993.H,5.3993,H,Por que o cara sentia prazer em bater em si mesmo com um sapato? Porque era um calçadomasoquista.,1,1,-3.4921875,3.912109375,7.404296875,0.0006082616746425629,0.9993916749954224,True
2.18.N,2.18,N,Recolhi duas sacas de grãos para a salada.,0,0,1.4384765625,-1.8876953125,-3.326171875,0.9653158187866211,0.03468417003750801,True
5.3094.N,5.3094,N,Qual o nome do cinema pra veganos? Cinemark.,0,0,3.423828125,-3.498046875,-6.921875,0.9990149736404419,0.0009850081987679005,True
4.56.H,4.56,H,Porque é que os carpinteiros são bons a fazer contas? Porque tabuada é com eles.,1,0,2.76953125,-2.97265625,-5.7421875,0.9968024492263794,0.0031974869780242443,False
5.1182.N,5.1182,N,Por que o Chico Buarque foi preso na saída do Santander? Por quebrar o banco.,0,0,1.572265625,-1.8994140625,-3.4716796875,0.9698712229728699,0.030128860846161842,True
2.18.H,2.18,H,Recolhi duas sacas de grãos para a Patrícia Pillar.,1,0,2.474609375,-2.544921875,-5.01953125,0.9934357404708862,0.0065642488189041615,False
5.2564.N,5.2564,N,Por que o Charlie Brown sofria de dores na cervical? Porque ele só olhava pro céu.,0,0,3.44921875,-3.6953125,-7.14453125,0.9992114305496216,0.0007885458180680871,True
5.933.N,5.933,N,Qual é o nome do especialista em temperar carnes que não se esquecia do passado? Olívio.,0,1,-2.298828125,2.47265625,4.771484375,0.008396700024604797,0.9916033148765564,False
5.1073.N,5.1073,N,"Qual filme conta a história do casal mais perdido do mundo em beira-mar? "" Procurando; né, mô? """,0,1,-2.58984375,2.91796875,5.5078125,0.004038591869175434,0.9959613680839539,False
5.2188.N,5.2188,N,Cantor favorito dos pedreiros? Gusttavo Lima,0,0,3.89453125,-3.853515625,-7.748046875,0.9995686411857605,0.0004313984827604145,True
5.2606.N,5.2606,N,Qual a figura mitológica mais velha? Zeus.,0,0,3.654296875,-3.73046875,-7.384765625,0.9993797540664673,0.0006202511722221971,True
4.466.N,4.466,N,Como é que as pombas se reproduzem? Uma em cima da outra!,0,0,3.224609375,-3.57421875,-6.798828125,0.9988861680030823,0.001113839098252356,True
5.1739.N,5.1739,N,Qual é o pintor que vai para Aparecida a pé? O Edu de Barros.,0,0,1.3720703125,-1.626953125,-2.9990234375,0.952530026435852,0.047470010817050934,True
4.29.N,4.29,N,Qual é o único animal que tem quatro joelhos? O elefante.,0,0,3.642578125,-3.880859375,-7.5234375,0.9994600415229797,0.000539980421308428,True
5.2.N,5.2,N,Por que na China tem tanta gente? Porque lá eles comem com hashis.,0,0,1.791015625,-1.8740234375,-3.6650390625,0.9750359654426575,0.024964014068245888,True
5.2021.H,5.2021,H,Qual é o cantor que faz buracos no chão? Ca Wando ,1,1,-3.326171875,3.716796875,7.04296875,0.0008727670065127313,0.999127209186554,True
5.683.H,5.683,H,Qual é a jornalista mais genérica do mundo? Ana Paula Padrão.,1,1,-2.849609375,3.384765625,6.234375,0.0019570167642086744,0.9980429410934448,True
5.1286.H,5.1286,H,Qual o nome do piloto do dirigível? José Pelin.,1,0,3.69140625,-3.8125,-7.50390625,0.9994493126869202,0.000550624739844352,False
5.607.H,5.607,H,Qual é a cantora mais tocada na papelaria? Ana Cartolina.,1,1,-3.84375,4.1015625,7.9453125,0.00035419364576227963,0.9996458292007446,True
4.52.N,4.52,N,O que é um ponto preto no oceano? É um bacalhau.,0,0,3.439453125,-3.708984375,-7.1484375,0.9992145299911499,0.0007854739087633789,True
5.4079.N,5.4079,N,Onde as pessoas andam sem roupa? Em casa.,0,0,3.58203125,-3.708984375,-7.291015625,0.9993188381195068,0.0006811710773035884,True
4.653.H,4.653,H,O Artur detesta chuva e o Paulo Bento.,1,1,-1.8447265625,1.8515625,3.6962890625,0.024214548990130424,0.9757854342460632,True
4.709.N,4.709,N,"Se a Terra é redonda, por que é que se chama "" planeta "" e não "" bola ""?",0,0,0.9150390625,-1.1640625,-2.0791015625,0.8888553380966187,0.11114469170570374,True
5.2302.H,5.2302,H,Por que uma parede ficou decepcionada com a outra? Porque ela era parede falsa.,1,1,-0.1285400390625,0.5302734375,0.6588134765625,0.34100618958473206,0.6589938402175903,True
3.17.N,3.17,N,Que nome se dá a uma ferramenta perdida? Marreta.,0,0,3.365234375,-3.51171875,-6.876953125,0.9989697933197021,0.001030219136737287,True
5.3534.N,5.3534,N,Qual o telefone que já foi de outro planeta? Ex Marte Phone.,0,1,-2.701171875,3.01953125,5.720703125,0.003266699379310012,0.9967333078384399,False
5.587.H,5.587,H,Por que não fico bronzeado em casa? Porque uso protetor só lar.,1,1,-3.88671875,4.15625,8.04296875,0.0003212502342648804,0.9996787309646606,True
5.516.N,5.516,N,Para onde o José se mudou com a esperança de um mundo melhor? Europa.,0,0,3.4609375,-3.587890625,-7.048828125,0.9991323351860046,0.0008676724974066019,True
5.1360.N,5.1360,N,Por que o anão foi surfar na cozinha? Porque lá tem fogão.,0,0,2.853515625,-3.0546875,-5.908203125,0.9972903728485107,0.002709702355787158,True
5.2039.H,5.2039,H,Qual é o cachorro do Cazuza? O cão de nome Beija Flor ,1,0,0.047760009765625,0.033935546875,-0.013824462890625,0.5034560561180115,0.49654391407966614,False
5.1517.N,5.1517,N,"O que o pastor leva para comer na hora do almoço? Não sei, mas o judeu leva latkes.",0,1,-2.546875,2.861328125,5.408203125,0.004459704272449017,0.9955403208732605,False
5.722.N,5.722,N,Qual a conta de e-mail que a mulher do filho nunca checa? Gmail.,0,0,3.3984375,-3.736328125,-7.134765625,0.9992037415504456,0.0007962778909131885,True
5.1189.H,5.1189,H,Que elemento químico a gente avalia depois de usar? U berílio.,1,1,-3.255859375,3.646484375,6.90234375,0.001004416262730956,0.9989956021308899,True
5.3700.H,5.3700,H,Qual remédio feito com peixe? Neosardinha.,1,1,-3.51953125,3.865234375,7.384765625,0.0006202511722221971,0.9993797540664673,True
3.1.H,3.1,H,Qual o contrário de paixão? Mãeteto.,1,1,-3.173828125,3.212890625,6.38671875,0.001680941553786397,0.9983189702033997,True
5.3209.N,5.3209,N,Qual rainha que bebe cerveja? Rainha Charlotte.,0,0,3.66015625,-3.658203125,-7.318359375,0.9993371367454529,0.0006628098781220615,True
4.71.H,4.71,H,Porque é que uma mulher partiu a perna ao filho na cozinha? Porque não tinha canela para pôr no bolo.,1,1,-2.7578125,3.10546875,5.86328125,0.002833849750459194,0.997166097164154,True
5.3804.H,5.3804,H,Como falece quem peida muito? Infart.,1,0,3.7109375,-3.826171875,-7.537109375,0.9994673132896423,0.0005326520767994225,False
4.609.N,4.609,N,Um fulano passou três dias na piscina e depois foi ao médico . Qual foi o diagnóstico? Exercício demais.,0,0,2.55078125,-2.6796875,-5.23046875,0.9946774244308472,0.005322535056620836,True
5.1202.N,5.1202,N,Porque os pãezinhos nos EUA são cor de abóbora? Porque é um Baguette de abóbora.,0,1,-0.53515625,0.9208984375,1.4560546875,0.18907149136066437,0.8109285235404968,False
5.3478.N,5.3478,N,Com qual marcha o porco anda? Devagar.,0,0,3.6953125,-3.82421875,-7.51953125,0.9994578957557678,0.0005420927191153169,True
5.409.H,5.409,H,Qual a história sobre a princesa adolescente que não gostava de cobrir os pés? A Pequena Sem Meia,1,1,-3.021484375,3.55078125,6.572265625,0.001396671636030078,0.9986032843589783,True
5.3005.N,5.3005,N,Qual é a carne que volta muito mais rápido do que vai? Carne mal cozida.,0,0,3.25,-3.619140625,-6.869140625,0.9989616870880127,0.0010382906766608357,True
5.441.N,5.441,N,Por que todo fã de Nirvana também gosta do Jorge Ben Jor? Porque fã de Nirvana Curte MPB.,0,0,3.02734375,-3.189453125,-6.216796875,0.9980083107948303,0.001991652650758624,True
5.3355.N,5.3355,N,O que mais excita o fazendeiro? Lucros no Pasto.,0,0,2.662109375,-2.802734375,-5.46484375,0.9957848191261292,0.0042151594534516335,True
4.418.N,4.418,N,"Qual é o masculino de "" tábua ""? Eu digo, é tabu.",0,0,1.810546875,-2.1484375,-3.958984375,0.9812749028205872,0.018725162371993065,True
5.3700.N,5.3700,N,Qual remédio feito com peixe? Biotônico.,0,0,3.73046875,-3.64453125,-7.375,0.999373733997345,0.0006263342220336199,True
2.10.H,2.10,H,Como o padre bateu o carro? Dando uma rezinha.,1,0,2.05078125,-2.427734375,-4.478515625,0.9887771010398865,0.01122286543250084,False
5.513.N,5.513,N,Qual o contrário de diagnóstico? Desconhecimento.,0,0,3.619140625,-3.74609375,-7.365234375,0.9993675351142883,0.0006324767600744963,True
4.278.N,4.278,N,Quando é que se celebra o Dia Mundial do Lúpus? 10 / maio.,0,0,2.548828125,-2.625,-5.173828125,0.9943690896034241,0.005630961619317532,True
5.2821.N,5.2821,N,Qual organização vai entrar com uma ação contra os crimes cometidos na língua portuguesa? OAB Cedário,0,1,-3.548828125,3.84765625,7.396484375,0.0006130294059403241,0.9993869066238403,False
5.3487.H,5.3487,H,Por que os editores da coquetel querem muito ir à terra santa? Porque elas fazem cruzadinhas.,1,1,-0.151611328125,0.20947265625,0.361083984375,0.41069719195365906,0.5893028378486633,True
5.881.H,5.881,H,Como a manicure se refere a esposa do irmão dela? Unhadinha.,1,0,2.990234375,-3.310546875,-6.30078125,0.9981684684753418,0.0018315102206543088,False
4.662.N,4.662,N,"Decidi começar a usar um pano nas cuecas . Assim, sempre que me peido liberto gás cheiroso.",0,1,-1.931640625,2.1640625,4.095703125,0.016371550038456917,0.983628511428833,False
5.1314.H,5.1314,H,Por que a manicure foi demitida? Porque ela estava pouco se lixando.,1,0,2.21875,-2.537109375,-4.755859375,0.9914721846580505,0.008527800440788269,False
4.66.H,4.66,H,Eu adoro fiambre. E o Nicolas Cage.,1,1,-0.5302734375,0.46533203125,0.99560546875,0.26980629563331604,0.7301936745643616,True
5.1361.N,5.1361,N,Qual é o melhor legume que existe? A beterraba.,0,0,3.837890625,-3.8515625,-7.689453125,0.9995425939559937,0.0004574190534185618,True
4.412.H,4.412,H,Porque é que o computador não pára de espirrar? Porque apanhou um vírus.,1,0,3.115234375,-3.423828125,-6.5390625,0.9985561966896057,0.00144375569652766,False
5.7.N,5.7,N,Por que a feijoada estava triste? Porque colocaram ela na panela de pressão.,0,0,0.96044921875,-1.154296875,-2.11474609375,0.8923282027244568,0.107671819627285,True
5.1377.N,5.1377,N,"Por que o professor de natação amava o emprego? Porque ele ensinou, ensinou, e o aluno nada.",0,1,-2.9296875,3.4453125,6.375,0.0017007224960252643,0.9982993006706238,False
5.3942.H,5.3942,H,Qual a bebida preferida dos sindicalistas? YaCUT.,1,1,-3.740234375,4.015625,7.755859375,0.00042804269469343126,0.9995719790458679,True
5.3487.N,5.3487,N,Por que os editores da coquetel querem muito ir à terra santa? Porque elas fazem puzzles.,0,0,2.853515625,-3.001953125,-5.85546875,0.9971439242362976,0.0028560124337673187,True
5.1141.N,5.1141,N,Qual o cachorro é bom de briga? Jiu shih-tzu,0,0,3.33203125,-3.552734375,-6.884765625,0.998977780342102,0.0010222099954262376,True
5.2518.H,5.2518,H,Qual personagem da literatura chupava tudo o que via? San Chupança.,1,1,-3.830078125,4.1875,8.017578125,0.0003295087080914527,0.9996705055236816,True
5.133.H,5.133,H,Qual cantor adora ventiladores? Hélice Cooper.,1,1,-3.734375,3.84765625,7.58203125,0.0005092656938359141,0.9994907379150391,True
5.810.N,5.810,N,Por que quando você elogiou eles nunca responderam? Porque eram lentos de contato.,0,0,2.09765625,-2.47265625,-4.5703125,0.9897513389587402,0.010248602367937565,True
5.1825.N,5.1825,N,Por que o cavaquinho andava tão arrogante? Porque ele disse: sou um sucesso!,0,0,3.486328125,-3.810546875,-7.296875,0.999322772026062,0.0006771942134946585,True
5.2182.H,5.2182,H,Qual é o ator que só interpreta médicos com roupa apertada? Reinaldo Jalequinho ,1,1,-3.49609375,3.828125,7.32421875,0.0006589401746168733,0.9993410706520081,True
5.405.H,5.405,H,Onde ficam as maiores dúvidas dos dentistas? In the ciso.,1,1,-3.90625,4.03125,7.9375,0.0003569705877453089,0.9996429681777954,True
4.450.N,4.450,N,O que é que o fumador diz quando fuma uma ganza? Esta bate man ...,0,1,-2.90234375,3.013671875,5.916015625,0.0026886716950684786,0.9973113536834717,False
5.92.N,5.92,N,Qual o parente que não serve pra nada? Primo.,0,0,3.623046875,-3.708984375,-7.33203125,0.9993461966514587,0.0006538155139423907,True
5.1517.H,5.1517,H,"O que o pastor leva para comer na hora do almoço? Não sei, mas o judeu leva marmitzvah.",1,1,-3.50390625,3.681640625,7.185546875,0.000756881374400109,0.9992431402206421,True
4.622.N,4.622,N,Que tamanho de roupa vestem as altas? Tamanho grande.,0,0,3.822265625,-3.939453125,-7.76171875,0.9995744824409485,0.00042554314131848514,True
4.591.N,4.591,N,Alguém quer comprar um aparelho avariado? Sem pressão ...,0,0,0.74365234375,-1.2919921875,-2.03564453125,0.8844889998435974,0.1155109778046608,True
5.1831.H,5.1831,H,"O que disse o filho de um apresentador ao nascer, que revelou a homosexualidade do pai? Gugu dá dá",1,1,-3.693359375,3.92578125,7.619140625,0.0004907225957140326,0.9995092153549194,True
5.1814.N,5.1814,N,Qual banda dos amigos perdedores? The killers.,0,0,2.75390625,-2.923828125,-5.677734375,0.9965903759002686,0.0034096355084329844,True
5.2125.N,5.2125,N,O que o rapaz fez com as fotos que tirou no ano novo? Guardou,0,0,3.380859375,-3.58984375,-6.970703125,0.9990618824958801,0.0009381115669384599,True
5.3981.N,5.3981,N,Qual o super herói dono de uma igreja? Hulk.,0,0,3.85546875,-3.958984375,-7.814453125,0.9995962977409363,0.0004036925674881786,True
5.218.H,5.218,H,Como se chama o demônio de camisola? Encosto de Renda.,1,0,1.8232421875,-1.9970703125,-3.8203125,0.9785493016242981,0.02145073004066944,False
5.2895.N,5.2895,N,Qual cantor só vê notícias pela internet? Latino,0,0,3.8515625,-3.828125,-7.6796875,0.9995380640029907,0.0004619058163370937,True
4.388.N,4.388,N,Hoje passei por uma família de cães na rua . Foi ali em Famalicão.,0,0,0.1116943359375,-0.256591796875,-0.3682861328125,0.5910447835922241,0.4089552164077759,True
5.3656.N,5.3656,N,Qual vilão da Marvel data do período paleolítico? Thanos.,0,0,3.48046875,-3.66015625,-7.140625,0.999208390712738,0.0007916296599432826,True
5.670.H,5.670,H,Qual é a música em que o sobrinho do Michael Jackson nos convida a assistir a um moonwalk feito pelos Jackson Five? Tios em ré... vem!,1,1,-3.185546875,3.578125,6.763671875,0.0011536478996276855,0.9988462924957275,True
4.89.H,4.89,H,"Como é que se diz ""ano"" na Índia? Indiano.",1,0,3.412109375,-3.501953125,-6.9140625,0.9990072846412659,0.000992726068943739,False
5.5.H,5.5,H,Por que o celular foi para o centro de reabilitação? Porque a bateria estava viciada.,1,1,-1.7216796875,1.8984375,3.6201171875,0.02608109824359417,0.9739189147949219,True
5.1491.H,5.1491,H,Sabe qual é a música heavy metal de Chitãozinho e Xororó? Heavydências.,1,1,-3.705078125,3.86328125,7.568359375,0.0005162725574336946,0.9994837045669556,True
5.710.N,5.710,N,Como se faz para desenterrar um osso? É só escavá-lo.,0,0,3.396484375,-3.568359375,-6.96484375,0.9990563988685608,0.000943619292229414,True
5.3166.N,5.3166,N,Por que o jardineiro estava passando necessidade? Andava meio sem dinheiro.,0,0,3.5,-3.431640625,-6.931640625,0.999024510383606,0.0009754452621564269,True
4.131.H,4.131,H,Qual é o jogo preferido das batatas fritas? É o Monop-óleo.,1,1,-3.712890625,3.880859375,7.59375,0.0005033356137573719,0.9994966983795166,True
5.740.H,5.740,H,"Qual número que quando cai, vira uma fruta? Pitomba.",1,0,2.380859375,-2.177734375,-4.55859375,0.9896317720413208,0.010368156246840954,False
5.4029.H,5.4029,H,"Qual pássaro quer fazer fuxico sobre uma mulher, mas esquece o que ia falar? Sabe a.",1,1,-2.75390625,2.89453125,5.6484375,0.0035106493160128593,0.9964893460273743,True
4.567.N,4.567,N,"O que é que a mulher do senhor diz quando o viagra perde o efeito? Foi-se o martelo, camarada.",0,1,-1.482421875,1.7373046875,3.2197265625,0.03843008726835251,0.9615699052810669,False
4.227.H,4.227,H,O que é que acontece quando o Aladino esfrega a lamparina mágica debaixo de água? Aparece o hidrogénio.,1,0,2.2578125,-2.55078125,-4.80859375,0.9919067621231079,0.008093290030956268,False
5.3005.H,5.3005,H,Qual é a carne que volta muito mais rápido do que vai? Carne mó ida.,1,1,-3.646484375,3.900390625,7.546875,0.0005274784634821117,0.9994725584983826,True
5.3342.N,5.3342,N,Qual o nervo que tem uma loja? O nervo ciático.,0,0,3.130859375,-3.259765625,-6.390625,0.9983256459236145,0.0016743995947763324,True
5.1462.H,5.1462,H,Qual o jogo preferido da galera de Stranger Things? Winning Eleven.,1,0,1.486328125,-1.6552734375,-3.1416015625,0.9585765600204468,0.041423480957746506,False
5.3094.H,5.3094,H,Qual o nome do cinema pra veganos? Quinoaplex.,1,1,-3.404296875,3.73046875,7.134765625,0.0007962778909131885,0.9992037415504456,True
5.1298.N,5.1298,N,Qual político é mal arejado? Lula.,0,0,3.62109375,-3.607421875,-7.228515625,0.9992749094963074,0.00072507094591856,True
5.1449.N,5.1449,N,Po rque o carteiro foi à feira? Porque tinha uma carta para entregar.,0,0,2.25,-2.412109375,-4.662109375,0.9906418919563293,0.009358113631606102,True
4.206.N,4.206,N,O que diz um castor excitado? Bate os dentes,0,0,3.6796875,-3.869140625,-7.548828125,0.999473512172699,0.000526449759490788,True
5.1956.N,5.1956,N,Qual o sambista com menos pelos do Brasil? Dudu Nobre.,0,0,3.54296875,-3.58984375,-7.1328125,0.9992021918296814,0.0007978335488587618,True
5.1891.N,5.1891,N,Qual cantor escrevia na lousa? Gilberto Gil.,0,0,3.845703125,-3.8046875,-7.650390625,0.9995243549346924,0.0004756318812724203,True
5.2812.N,5.2812,N,Qual carro é a mistura de um prato árabe e um suco? Nenhum,0,0,3.431640625,-3.525390625,-6.95703125,0.9990490078926086,0.0009510131785646081,True
4.486.N,4.486,N,"Vira-se um computador grande para o pequeno: Olha só para ti, tão pequeno e já trabalhas.",0,0,2.30078125,-2.58203125,-4.8828125,0.9924813508987427,0.007518718484789133,True
5.2612.N,5.2612,N,Qual música tem coreografia diurética? A dança do gorila.,0,0,3.677734375,-3.609375,-7.287109375,0.9993162155151367,0.0006838353001512587,True
5.200.N,5.200,N,"O que o pão disse para o padeiro quando este abriu o forno? "" Pronto ""!",0,0,2.931640625,-3.3359375,-6.267578125,0.9981067180633545,0.0018932255916297436,True
5.75.N,5.75,N,Qual é o contrário de centopeia? Nenhum.,0,0,3.556640625,-3.623046875,-7.1796875,0.9992387294769287,0.0007613258203491569,True
5.1162.N,5.1162,N,Qual o bairro de São Paulo que só tem Japoneses? Liberdade,0,0,3.375,-3.330078125,-6.705078125,0.9987768530845642,0.001223179162479937,True
4.333.H,4.333,H,Em quantas partes se divide o cérebro do homem? Depende da força da pancada.,1,0,3.3359375,-3.626953125,-6.962890625,0.999054491519928,0.0009454622631892562,False
5.1221.H,5.1221,H,Qual o jornalista esportivo mais pesado? 1000 ton. Neves.,1,1,-3.755859375,3.845703125,7.6015625,0.0004994204500690103,0.9995005130767822,True
5.1245.N,5.1245,N,Por que a ovelha gosta de salgadinhos? Porque ela come.,0,0,3.64453125,-3.904296875,-7.548828125,0.999473512172699,0.000526449759490788,True
5.722.H,5.722,H,Qual a conta de e-mail que a mulher do filho nunca checa? Ig nora.,1,1,-3.3359375,3.685546875,7.021484375,0.0008917038212530315,0.9991082549095154,True
5.587.N,5.587,N,Por que não fico bronzeado em casa? Porque uso protetor facial.,0,0,3.70703125,-3.9609375,-7.66796875,0.9995326995849609,0.00046734808711335063,True
4.167.H,4.167,H,Qual é o passatempo preferido de um mexicano de 12 anos? Bater à piñata.,1,1,-1.9462890625,2.341796875,4.2880859375,0.01354518998414278,0.9864547252655029,True
5.3635.N,5.3635,N,Qual é o nome do jogo de luta que só se pode jogar tomando tequila? Tekken.,0,0,2.443359375,-2.685546875,-5.12890625,0.9941118359565735,0.005888159386813641,True
5.1360.H,5.1360,H,Por que o anão foi surfar na cozinha? Porque lá tem micro ondas.,1,0,2.71484375,-2.869140625,-5.583984375,0.9962564706802368,0.0037434976547956467,False
4.193.H,4.193,H,"Hoje, vinte mulheres convidaram-me para sair. Nunca mais entro no WC das mulheres.",1,0,1.7509765625,-2.02734375,-3.7783203125,0.9776499271392822,0.022350111976265907,False
4.166.H,4.166,H,Um domador de ursos foi despedido. Qual é o filme? O ex-ursista.,1,1,-2.541015625,2.8828125,5.423828125,0.004390866030007601,0.9956091046333313,True
4.511.N,4.511,N,"Porque é que não há professores de Geografia daltónicos? Porque se houvesse, não viam a cor.",0,1,-0.287353515625,0.54541015625,0.832763671875,0.30306100845336914,0.6969389319419861,False
5.3287.H,5.3287,H,Qual o ingrediente presente na comida de quem apanhou? RepOlho Roxo.,1,1,-3.427734375,3.791015625,7.21875,0.0007321813027374446,0.9992678761482239,True
5.1337.H,5.1337,H,Qual autor o Harry Potter lê quando está doente? O Saramago.,1,0,2.705078125,-2.873046875,-5.578125,0.9962345957756042,0.0037654140032827854,False
5.3704.H,5.3704,H,Onde o Sílvio conseguiu comprar novelas tão ruins? Na porta da espelunca!,1,1,-3.41015625,3.66015625,7.0703125,0.0008492456981912255,0.9991507530212402,True
4.638.H,4.638,H,"O amor é como um jogo de sueca. Ou se tem um bom parceiro, ou o melhor mesmo é ter uma boa mão.",1,1,-2.146484375,2.427734375,4.57421875,0.010209054686129093,0.9897909760475159,True
5.1221.N,5.1221,N,Qual o jornalista esportivo mais pesado? Milton Neves.,0,0,3.7578125,-3.787109375,-7.544921875,0.9994714856147766,0.0005285091465339065,True
4.36.N,4.36,N,Uma loira viu um jogo de futebol que acabou 1-0 . Qual foi o seu jogador preferido? O Vidoso . Porque o golo foi dele.,0,1,-1.5,1.98046875,3.48046875,0.029873093590140343,0.9701269268989563,False
5.2329.N,5.2329,N,O que o videogame espera que a gente faça? Que o console.,0,1,-2.474609375,2.736328125,5.2109375,0.005426943767815828,0.9945730566978455,False
5.1054.H,5.1054,H,Por que o carbono alfa ficou nervoso?  Porque uma carboxila tirou amina dele.,1,1,-2.294921875,2.71875,5.013671875,0.006602569483220577,0.9933974742889404,True
4.338.N,4.338,N,Que nome se dá a um hipopótamo a dançar com uma tartaruga? Dançarino.,0,0,3.693359375,-3.9375,-7.630859375,0.9995149374008179,0.00048500829143449664,True
4.377.N,4.377,N,"Qual é o carro preferido das raparigas? É o Fiat, tipo.",0,1,-2.591796875,3.091796875,5.68359375,0.003389783203601837,0.9966102242469788,False
5.3381.H,5.3381,H,Qual cantora baiana gosta de heavy metal? Margadeath Menezes.,1,1,-3.302734375,3.3828125,6.685546875,0.0012472739908844233,0.9987527132034302,True
5.2467.H,5.2467,H,Qual Rapper só toca em aniversários? Rapper Birthday,1,1,-3.140625,3.435546875,6.576171875,0.0013912338763475418,0.9986087679862976,True
5.2512.N,5.2512,N,Por que ninguém na Terra consegue entender a língua nativa do Super-Homem? Porque é diferente.,0,0,3.75390625,-3.935546875,-7.689453125,0.9995425939559937,0.0004574190534185618,True
5.1276.H,5.1276,H,Qual menina sempre bota pilha nos outros pra sair? A Vamnessa.,1,1,-2.69140625,3.001953125,5.693359375,0.0033569515217095613,0.99664306640625,True
5.2047.H,5.2047,H,"Qual conto mostra a história de alguém que acha a esposa linda, mas quando ela o procura de noite, ele nega? ah, bela.... dorme, cida. ",1,1,-3.439453125,3.69921875,7.138671875,0.0007931760628707707,0.9992068409919739,True
5.1789.H,5.1789,H,Qual é o cineasta que tem melhor pontaria? Quentin Tarantiro.,1,1,-2.9609375,3.234375,6.1953125,0.002034817123785615,0.9979652166366577,True
5.659.H,5.659,H,Qual planta trabalha muito? Workídea.,1,1,-3.46875,3.7109375,7.1796875,0.0007613258203491569,0.9992387294769287,True
5.3169.N,5.3169,N,Que rainha rosna como cantora? Queen Lati Fa.,0,1,-2.275390625,2.73046875,5.005859375,0.006654009688645601,0.9933459758758545,False
5.607.N,5.607,N,Qual é a cantora mais tocada na papelaria? Ana Carolina.,0,0,3.703125,-3.76953125,-7.47265625,0.9994319081306458,0.0005680935573764145,True
5.4032.N,5.4032,N,"Por que quando eu gritava dentro da caverna, o som só se repetia uma vez? Porque era pouco eco.",0,0,2.974609375,-3.23046875,-6.205078125,0.9979848861694336,0.002015082398429513,True
5.3855.N,5.3855,N,Qual o nome que se dá para o assassinato em massa na galáxia do universo da Marvel? Crimes simultâneos.,0,0,3.279296875,-3.689453125,-6.96875,0.9990600943565369,0.0009399438858963549,True
4.206.H,4.206,H,O que diz um castor excitado? Suck my dique!,1,1,-3.365234375,3.44921875,6.814453125,0.0010965894907712936,0.9989033937454224,True
5.31.H,5.31,H,Qual é o poeta que sempre se atrasa?  Vinícius Demorais.,1,1,-3.388671875,3.7265625,7.115234375,0.0008119703270494938,0.9991880059242249,True
4.85.H,4.85,H,Porque é que nunca roubaram a mota do japonês? Porque ele compra Y-amaha.,1,1,-3.435546875,3.62890625,7.064453125,0.0008542319992557168,0.9991457462310791,True
5.2955.N,5.2955,N,"Qual o nome do jogo que Jô Soares adora jogar quando cheira cocaína? Pedra, papel e tesoura.",0,0,3.509765625,-3.568359375,-7.078125,0.9991573095321655,0.0008426422136835754,True
5.2609.H,5.2609,H,O que o anão estava fazendo com a bola de futebol? Embaixadinhas.,1,0,0.99169921875,-1.09375,-2.08544921875,0.8894808888435364,0.11051914840936661,False
5.1884.N,5.1884,N,Como se referiam a Jesus quando ele ficava bravo? Zangado.,0,0,3.583984375,-3.798828125,-7.3828125,0.9993785619735718,0.0006214630557224154,True
4.337.H,4.337,H,Porque é que a mão não pode medir mais do que 31 cm? Porque aí já seria um pé.,1,0,2.71875,-2.88671875,-5.60546875,0.9963357448577881,0.003664220217615366,False
5.2900.N,5.2900,N,Qual cineasta tem um haras? Tim Burton.,0,0,3.4609375,-3.67578125,-7.13671875,0.9992052912712097,0.0007947254925966263,True
5.2282.H,5.2282,H,"Por que num determinado dia, o aluno do cursinho mentia pra todo mundo? Porque era dia dissimulado. ",1,0,1.388671875,-1.5498046875,-2.9384765625,0.9497160315513611,0.050283972173929214,False
5.2811.N,5.2811,N,Profissional que conhecia tudo a respeito de suínos? Zootecnista,0,0,3.75,-3.90625,-7.65625,0.9995272159576416,0.00047285447362810373,True
4.160.N,4.160,N,O que diz uma banana suicida? Macacos me comam!,0,0,0.5302734375,-0.52783203125,-1.05810546875,0.7423283457756042,0.25767168402671814,True
5.1967.H,5.1967,H,Onde as bundas são conservadas? Na adega ,1,0,3.013671875,-3.162109375,-6.17578125,0.9979251623153687,0.002074867021292448,False
5.3804.N,5.3804,N,Como falece quem peida muito? Trombose.,0,0,3.712890625,-3.87109375,-7.583984375,0.9994916915893555,0.0005082725547254086,True
5.3581.N,5.3581,N,Qual pintor gosta de pintar os personagens de Toy Story usando cores bem vivas? O Andy Warhol.,0,0,3.541015625,-3.740234375,-7.28125,0.999312162399292,0.0006878511630930007,True
5.3868.H,5.3868,H,Qual marca de eletrodoméstico virou presidente? BrasTrump.,1,1,-3.443359375,3.65625,7.099609375,0.0008247465593740344,0.9991752505302429,True
5.417.H,5.417,H,Qual é o doce mais pagodeiro que existe? A bala 7 BELO.,1,1,-3.380859375,3.6484375,7.029296875,0.0008847706485539675,0.9991151690483093,True
5.2821.H,5.2821,H,Qual instituição vai entrar com uma ação contra os crimes cometidos na língua portuguesa? OAB Cedário ,1,1,-3.5859375,3.869140625,7.455078125,0.0005781620275229216,0.9994218349456787,True
5.606.H,5.606,H,Qual a cantora que sempre aceita chá? Kesha.,1,0,1.953125,-2.23046875,-4.18359375,0.9849852323532104,0.01501474715769291,False
5.2743.N,5.2743,N,Qual o animal que sempre tá de brinks? Suricato,0,1,-2.544921875,2.85546875,5.400390625,0.00449452456086874,0.9955054521560669,False
5.1498.H,5.1498,H,O que o galo foi fazer na delegacia? Soltar a franga.,1,1,-1.302734375,1.3310546875,2.6337890625,0.06699521839618683,0.9330047965049744,True
5.1670.N,5.1670,N,Qual é o app que os jardineiros fazem questão de cortar da vida social deles? Twitter.,0,0,2.9921875,-2.99609375,-5.98828125,0.9974983334541321,0.0025016965810209513,True
5.1006.N,5.1006,N,Qual a concorrente mais desbocada da Marvel??? A própria Marvel.,0,0,3.677734375,-3.798828125,-7.4765625,0.9994340538978577,0.0005658799782395363,True
5.2844.N,5.2844,N,Como o padre comprou o carro? Dando uma rezinha,0,1,-0.23828125,-0.00943756103515625,0.22884368896484375,0.4430374503135681,0.5569625496864319,False
5.2944.H,5.2944,H,"Qual foi o aviso que Hermione deu para avisar que um colega reprovou na prova? ""Lucius Mal Foi.""",1,1,-3.814453125,4.0,7.814453125,0.0004036925674881786,0.9995962977409363,True
5.3522.H,5.3522,H,O que é que tem abas e é gostoso de lamber? Absorvete.,1,1,-3.77734375,4.01953125,7.796875,0.0004108485591132194,0.9995891451835632,True
4.339.N,4.339,N,Vendi o meu contrabaixo . Só estava em casa a apanhar pó.,0,0,1.0341796875,-1.416015625,-2.4501953125,0.9205756783485413,0.07942426204681396,True
5.3323.H,5.3323,H,Qual doce favorito do Bolsonaro? Prende moleque.,1,1,-3.16796875,3.275390625,6.443359375,0.0015885252505540848,0.9984114170074463,True
5.778.N,5.778,N,Por que o cara que não fazia exercícios prestou odonto? Pra ser dentista.,0,0,1.607421875,-1.654296875,-3.26171875,0.9630919694900513,0.036908067762851715,True
4.583.N,4.583,N,""" Cada dia, temos de fazer com que as pequenas coisas contem "" - disse a professora alto aos seus alunos.",0,0,-0.04962158203125,-0.17333984375,-0.12371826171875,0.530890166759491,0.46910980343818665,True
5.979.H,5.979,H,Qual inseto causa vômito em crianças latinas? Enjoa niña.,1,1,-3.595703125,3.908203125,7.50390625,0.000550624739844352,0.9994493126869202,True
5.3848.H,5.3848,H,Qual dublador tbm é psicólogo? Freud Mascarenhas.,1,1,-3.322265625,3.68359375,7.005859375,0.0009057334391400218,0.9990942478179932,True
5.62.H,5.62,H,Qual é a atriz que só usa roupa da Zara? Taís Zarauso.,1,1,-2.9296875,3.482421875,6.412109375,0.0016388678923249245,0.9983611702919006,True
5.621.H,5.621,H,O que é uma fofoca? A amimiga da babaleia.,1,1,-2.716796875,2.802734375,5.51953125,0.0039917281828820705,0.9960082769393921,True
5.1110.H,5.1110,H,"O que o psicanalista adora dizer no meio do sexo? Vai, me Freud.",1,1,-3.783203125,3.92578125,7.708984375,0.00044857567991130054,0.9995513558387756,True
5.54.N,5.54,N,Qual é o personagem histórico que fui eu que indiquei? Simone de Beauvoir.,0,0,2.642578125,-2.87890625,-5.521484375,0.9960159659385681,0.003983970265835524,True
5.3409.H,5.3409,H,Qual é a melhor coisa pra se desejar a um voyeur no Natal? Boas Frestas.,1,1,-2.90625,3.037109375,5.943359375,0.002616339363157749,0.9973836541175842,True
5.2069.H,5.2069,H,Os imperador inca decretou que as lhamas seriam os únicos animais permitidos em Machu Picchu. Qual é o nome do filme? O Império Contra a Alpaca ,1,1,-3.34375,3.51171875,6.85546875,0.001052568550221622,0.9989474415779114,True
5.4.N,5.4,N,Qual é o sabor da bala preferida da galera do hospício? M&Ms.,0,1,-1.623046875,1.701171875,3.32421875,0.03474962338805199,0.9652503728866577,False
4.751.H,4.751,H,"Como correu a primeira final de sempre da Liga dos Campeões com patos? Foi bem dispatada, cheia de quacks da bola e acabou empatada.",1,1,-3.650390625,3.83984375,7.490234375,0.000558200292289257,0.9994418025016785,True
5.169.N,5.169,N,Em qual programa o Sílvio Santos exagera no laquê? Todos.,0,0,3.826171875,-3.67578125,-7.501953125,0.9994482398033142,0.0005517006502486765,True
5.1802.H,5.1802,H,Qual é o celular dos veganos? Aipo ne,1,1,-0.454833984375,0.421142578125,0.8759765625,0.2940122187137604,0.7059877514839172,True
5.4048.H,5.4048,H,Qual a música preferida dos cachorros? Samba Cãosão.,1,1,-3.375,3.78515625,7.16015625,0.0007763300091028214,0.9992237091064453,True
5.3928.H,5.3928,H,Qual é o cantor que adora novas tecnologias? Beto Gadgets.,1,1,-3.052734375,3.404296875,6.45703125,0.0015669887652620673,0.9984330534934998,True
5.2020.H,5.2020,H,O que o nordestino disse pro celular que sempre aceitava desaforo calado? XIA ÔMI ,1,1,-3.271484375,3.455078125,6.7265625,0.0011972112115472555,0.9988027811050415,True
4.720.N,4.720,N,Um cacto liga para outro: Estou?,0,0,3.033203125,-3.240234375,-6.2734375,0.9981178045272827,0.0018821858102455735,True
5.3685.H,5.3685,H,Qual chefe que não consulta livro de receitas? O Chefe Decorzinha.,1,1,-3.255859375,3.62890625,6.884765625,0.0010222099954262376,0.998977780342102,True
5.3038.N,5.3038,N,Qual cidade norte-americana odeia tanto sujeiras entrando no olho que até as tortura? São Francisco!,0,0,2.931640625,-3.294921875,-6.2265625,0.9980276226997375,0.0019723358564078808,True
5.3359.H,5.3359,H,Qual o animal que trabalha bem como carpinteiro? Rinocerrote.,1,1,-2.52734375,2.662109375,5.189453125,0.005544146057218313,0.994455873966217,True
5.3872.N,5.3872,N,Qual atriz é a rainha do marketing brasileiro? Bruna Marquesine,0,0,3.849609375,-3.9140625,-7.763671875,0.9995753169059753,0.0004247131000738591,True
5.3728.N,5.3728,N,"Como se chama o aquecedor honesto, humilde e honrado? Aquecedor Hs.",0,1,-3.25,3.408203125,6.658203125,0.0012818054528906941,0.99871826171875,False
4.341.H,4.341,H,Qual a semelhança entre o Adão e uma alface? O Adão foi o primeiro homem couve.,1,1,-3.484375,3.78125,7.265625,0.0006986755761317909,0.9993013143539429,True
4.595.N,4.595,N,Para que servem óculos verdes? Para ver ao perto.,0,0,2.0390625,-1.9970703125,-4.0361328125,0.9826410412788391,0.017358999699354172,True
5.3461.H,5.3461,H,Onde os artistas americanos dão chilique de tanto dar autógrafos? Fan in Quito.,1,1,-3.150390625,3.5546875,6.705078125,0.001223179162479937,0.9987768530845642,True
4.524.H,4.524,H,Partir o pescoço foi uma experiência aterrorizante. Mas agora consigo olhar para trás e sorrir.,1,0,2.4765625,-2.958984375,-5.435546875,0.9956600069999695,0.004339933395385742,False
5.80.N,5.80,N,Qual é a cidade que só tem mulheres prostitutas? Porto de Galinhas.,0,0,3.591796875,-3.748046875,-7.33984375,0.9993513226509094,0.0006487309001386166,True
5.2689.N,5.2689,N,Renata voltou do médico com o braço furado . Qual é o acontecimento histórico? Guerra de canudos.,0,1,-3.68359375,3.8828125,7.56640625,0.000517281296197325,0.9994826316833496,False
4.385.N,4.385,N,"Dois gémeos foram presos por homicídio, mas passado um tempo libertaram o que estava mais gordo . Porque o irmão confessou.",0,0,0.93359375,-1.298828125,-2.232421875,0.9031234383583069,0.09687653928995132,True
4.481.H,4.481,H,Porque é que o corcunda de Notre-Dame não seguiu a carreira de advogado? Porque nunca conseguiu estudar direito.,1,0,3.74609375,-3.87890625,-7.625,0.9995121955871582,0.000487857119878754,False
4.703.H,4.703,H,Qual é o prazo de validade da maionese? 31 de maio.,1,0,3.5234375,-3.666015625,-7.189453125,0.9992461204528809,0.0007539328653365374,False
5.621.N,5.621,N,O que é uma fofoca? A disseminação de informação alheia.,0,0,2.375,-3.068359375,-5.443359375,0.9956936836242676,0.0043063051998615265,True
5.2549.H,5.2549,H,Qual mercado vende lagarto? Iguanabara.,1,1,-3.6484375,3.70703125,7.35546875,0.000638679601252079,0.9993613362312317,True
5.3946.H,5.3946,H,O quê o seu Madruga usa pra tomar banho? A bucha do 71.,1,1,-3.212890625,3.4921875,6.705078125,0.001223179162479937,0.9987768530845642,True
4.170.N,4.170,N,Qual é o jogo preferido das crianças? O futebol.,0,0,3.75390625,-3.921875,-7.67578125,0.9995362758636475,0.00046371284406632185,True
5.1971.N,5.1971,N,Qual padre que toda vez eu vejo tenho ejaculação precoce? Marcelo Rossi.,0,0,3.421875,-3.615234375,-7.037109375,0.9991220831871033,0.0008778914343565702,True
5.1434.N,5.1434,N,Por que o queijo estava estudando matemática? Para encontrar a variável da questão.,0,0,2.064453125,-2.435546875,-4.5,0.9890130758285522,0.010986942797899246,True
5.1984.N,5.1984,N,Por que o eletricista ficou louco quando viu seu carro? Porque viu o arranhão,0,0,3.7421875,-3.78125,-7.5234375,0.9994600415229797,0.000539980421308428,True
4.734.H,4.734,H,"Numa aula de filosofia do 1° período: ""Penso, logo higiénico.""",1,1,-1.9267578125,2.2109375,4.1376953125,0.015708882361650467,0.9842910766601562,True
5.2548.N,5.2548,N,O que o velho vaidoso disse em frente ao espelho? Lindo!,0,0,3.34765625,-3.71484375,-7.0625,0.9991440773010254,0.0008559006382711232,True
5.424.N,5.424,N,Qual deus grego me deixa puto? Ares.,0,0,2.984375,-3.220703125,-6.205078125,0.9979848861694336,0.002015082398429513,True
4.463.H,4.463,H,Qual é o melhos carro para te dar uma boleia? É o Volkswagen Bora!,1,0,3.443359375,-3.8046875,-7.248046875,0.9992889165878296,0.0007110568112693727,False
5.1060.H,5.1060,H,"Havia um menino chamado TLER. O que o amigo dele diz quando ele fica em silêncio depois de ouvir uma piada? Ri, Tler.",1,1,-3.427734375,3.421875,6.849609375,0.0010587475262582302,0.9989412426948547,True
4.239.H,4.239,H,Porque é que é sempre Natal para um homem casado com uma mulher gorda? Porque todas as noites são com suada.,1,1,-3.642578125,3.806640625,7.44921875,0.0005815576878376305,0.9994184970855713,True
5.2182.N,5.2182,N,Qual é o ator que só interpreta médicos com roupa apertada? Caio Castro,0,0,3.9609375,-3.916015625,-7.876953125,0.9996206760406494,0.0003792433417402208,True
5.2250.H,5.2250,H,Qual fantasia que a vaca usou no Halloween? Muuuuuumia ,1,1,-3.27734375,3.59765625,6.875,0.0010322310263291001,0.9989677667617798,True
4.499.H,4.499,H,Como é que o Pai Natal entrega as prendas tão rápido? Ele trenó muito.,1,1,-3.677734375,3.77734375,7.455078125,0.0005781620275229216,0.9994218349456787,True
4.125.H,4.125,H,O que é que os russos dizem quando mandam uma bola ao cão? Babushka!,1,0,0.54345703125,-0.47998046875,-1.0234375,0.7356416583061218,0.2643583416938782,False
5.1219.N,5.1219,N,O que é legal comer com as pessoas? Comida.,0,0,3.7578125,-3.83984375,-7.59765625,0.9994986057281494,0.0005013742484152317,True
5.1445.N,5.1445,N,Qual seria a revista do cara que lê muito? Ela iria SER VEJA.,0,0,2.1171875,-2.193359375,-4.310546875,0.9867516756057739,0.013248330913484097,True
4.413.N,4.413,N,A minha mulher surda trocou-me por outro homem . Devia ter percebido os avisos ...,0,0,2.279296875,-2.7265625,-5.005859375,0.9933459758758545,0.006654009688645601,True
5.1577.H,5.1577,H,O que é um fuio? Um buiaco na paiede.,1,1,-3.775390625,3.826171875,7.6015625,0.0004994204500690103,0.9995005130767822,True
5.2929.H,5.2929,H,Qual é a cantora mais conhecida por assédio? é a Palpa Fernandes,1,1,-2.83203125,2.9609375,5.79296875,0.003039649687707424,0.9969603419303894,True
4.257.H,4.257,H,Um homem foi para a guerra e perdeu os dois pés. Qual é o filme? O pés-tinha.,1,1,-3.72265625,4.0859375,7.80859375,0.0004060639475937933,0.9995939135551453,True
5.2095.N,5.2095,N,O que o rapaz falou quando viu batatinhas em um saquinho? Posso comer?,0,0,2.9765625,-3.193359375,-6.169921875,0.9979129433631897,0.0020870345178991556,True
5.3391.N,5.3391,N,Qual cantora famosa nasceu em La Paz? Shakira.,0,0,3.779296875,-3.71875,-7.498046875,0.9994460940361023,0.0005538587574847043,True
5.2455.H,5.2455,H,Onde o Mickey gosta de morar? No condominnie.,1,1,-2.796875,3.376953125,6.173828125,0.002078914549201727,0.9979210495948792,True
5.1558.H,5.1558,H,Qual é o cantor que é dificil de engolir? Zezé que amargo.,1,1,-3.349609375,3.505859375,6.85546875,0.001052568550221622,0.9989474415779114,True
5.1015.N,5.1015,N,O que são vários números 2 caindo do céu? Chuva.,0,0,3.23828125,-3.51171875,-6.75,0.9988304972648621,0.0011695101857185364,True
5.80.H,5.80,H,Qual é a cidade que só tem galináceas prostitutas? Ponto de Galinhas.,1,1,-2.90234375,3.0859375,5.98828125,0.0025016965810209513,0.9974983334541321,True
4.413.H,4.413,H,A minha mulher surda trocou-me por outro homem. Devia ter percebido os sinais...,1,0,2.443359375,-2.708984375,-5.15234375,0.9942474365234375,0.005752545315772295,False
5.3238.H,5.3238,H,Qual queijo fabrica carro? Rockerford.,1,1,-3.4296875,3.546875,6.9765625,0.0009326359140686691,0.9990673661231995,True
5.2222.H,5.2222,H,Qual instrumento já vem com comando de voz? Acorde: on ,1,1,-2.248046875,2.439453125,4.6875,0.00912563782185316,0.9908744096755981,True
5.890.H,5.890,H,Qual é a marca favorita dos afilhados? Adindas.,1,1,-3.12109375,3.53515625,6.65625,0.0012843082658946514,0.9987157583236694,True
4.312.N,4.312,N,Porque é que a mulher do Einstein usa bikini? Porque tem um bom corpo.,0,0,3.724609375,-3.88671875,-7.611328125,0.9995054006576538,0.0004945695982314646,True
4.708.N,4.708,N,Qual é a cantora preferida dos cirurgiões? É a Mariza.,0,0,3.65625,-3.650390625,-7.306640625,0.9993294477462769,0.0006706176209263504,True
5.1577.N,5.1577,N,O que é um furo? Um buraco na parede.,0,0,3.212890625,-3.3984375,-6.611328125,0.9986567497253418,0.0013432380510494113,True
5.141.H,5.141,H,Qual o herói da ovelha? Lã pião.,1,1,-3.853515625,3.9296875,7.783203125,0.0004165018326602876,0.9995835423469543,True
5.2039.N,5.2039,N,Qual é o cachorro do Cazuza? O rex Beija Flor,0,1,-3.509765625,3.818359375,7.328125,0.000656372751109302,0.9993435740470886,False
5.2707.H,5.2707,H,Por que o tubo de pomada foi preso? Porque era um creminoso.,1,0,0.239990234375,-0.305908203125,-0.5458984375,0.6331834197044373,0.36681652069091797,False
4.112.H,4.112,H,Quando é que os informáticos vão ao dermatologista? Quando têm problemas d'Apple.,1,1,-3.69921875,3.857421875,7.556640625,0.0005223550251685083,0.9994776844978333,True
4.381.H,4.381,H,O que acontece quando metes um tomate no micro-ondas? Entalas o outro.,1,1,-0.75244140625,0.94091796875,1.693359375,0.15533453226089478,0.8446654081344604,True
5.3703.H,5.3703,H,Que atriz trabalha como lixeira? Tony Colete.,1,1,-3.349609375,3.75,7.099609375,0.0008247465593740344,0.9991752505302429,True
5.978.H,5.978,H,Qual é a novela em que Eva zoa Adão? O Trolado do Paraíso.,1,1,-3.642578125,3.78515625,7.427734375,0.0005941797280684114,0.9994058609008789,True
4.720.H,4.720,H,Um cacto liga para outro: Aloe Vera?,1,0,2.296875,-2.3515625,-4.6484375,0.9905142784118652,0.00948571227490902,False
4.337.N,4.337,N,Porque é que a mão não pode medir mais do que 31 cm? Porque aí já seria um remo.,0,0,1.845703125,-1.7783203125,-3.6240234375,0.9740179777145386,0.02598206140100956,True
5.1150.N,5.1150,N,O que a mãe do chinês falou para ele fazer quando brigarem com ele? Desculpar-se.,0,0,3.634765625,-3.814453125,-7.44921875,0.9994184970855713,0.0005815576878376305,True
5.4065.H,5.4065,H,Por que acharam melhor não colocar o Silvio Santos pra apresentar toda a programação do SBT? Porque seria impor Silvio.,1,1,-3.283203125,3.296875,6.580078125,0.0013858177699148655,0.9986141920089722,True
4.483.H,4.483,H,Porque é que há tantas mulheres feias no litoral? Porque a verdadeira beleza está no interior.,1,0,3.26171875,-3.62890625,-6.890625,0.9989836812019348,0.0010162440594285727,False
5.409.N,5.409,N,Qual a história sobre a princesa adolescente que não gostava de cobrir os pés? A Pequena descalça,0,1,-1.6005859375,2.158203125,3.7587890625,0.0227808840572834,0.9772191047668457,False
4.450.H,4.450,H,O que é que o Robin diz quando fuma uma ganza? Esta batman...,1,1,-3.494140625,3.541015625,7.03515625,0.0008796061738394201,0.9991204142570496,True
4.328.N,4.328,N,Porque é que a mulher do Luís se divorciou dele? Queria um homem mais maduro.,0,0,3.37890625,-3.59375,-6.97265625,0.9990637898445129,0.0009362827986478806,True
4.703.N,4.703,N,Qual é o prazo de validade de maio? 31 de maio.,0,0,3.54296875,-3.638671875,-7.181640625,0.9992401599884033,0.0007598414085805416,True
5.1789.N,5.1789,N,Um menino viajando de ônibus vomitou a viagem inteira . Qual é o nome do filme? Passando mal.,0,0,3.529296875,-3.76953125,-7.298828125,0.9993242025375366,0.0006758737727068365,True
5.3953.H,5.3953,H,"Que movimento político ficou de apurar os fatos históricos, mas mentiu de certa forma? Com omissão da verdade.",1,0,2.142578125,-2.1875,-4.330078125,0.9870045781135559,0.01299541350454092,False
5.521.N,5.521,N,Qual ator que peida tão alto que ressoa? Francisco Xavier.,0,0,3.544921875,-3.67578125,-7.220703125,0.9992693066596985,0.0007307537016458809,True
5.3006.N,5.3006,N,Qual país só tem coisas sem utilidade? Irlanda.,0,0,3.087890625,-3.205078125,-6.29296875,0.9981541037559509,0.0018458482809364796,True
5.1140.N,5.1140,N,Qual é a moeda preferida que quem fica em casa cuidando dos cachorros? Do Lar,0,1,-2.431640625,2.740234375,5.171875,0.005641908850520849,0.9943581223487854,False
4.186.N,4.186,N,Qual é a série preferida dos prisioneiros? Prison Break.,0,0,2.494140625,-2.67578125,-5.169921875,0.9943471550941467,0.005652876570820808,True
5.3116.N,5.3116,N,Qual tipo de carne que só vai bem com cerveja? Vermelha.,0,0,3.609375,-3.859375,-7.46875,0.9994296431541443,0.0005703156930394471,True
5.1279.H,5.1279,H,Qual ator mirim não escova os dentes? MaCarie Culkin.,1,1,-1.3740234375,0.9873046875,2.361328125,0.08616954833269119,0.9138304591178894,True
5.1684.H,5.1684,H,Qual cantor odeia a pia cheia? Caetano vê louça,1,1,-3.765625,4.07421875,7.83984375,0.00039357561036013067,0.9996064305305481,True
5.881.N,5.881,N,Como a manicure se refere a esposa do irmão dela? Cunhada.,0,0,0.88671875,-1.248046875,-2.134765625,0.8942365646362305,0.10576342046260834,True
5.162.H,5.162,H,O que são dois pontinhos marrons no palco? Browno e Marrone.,1,1,-0.28857421875,0.11865234375,0.4072265625,0.3995773196220398,0.6004226207733154,True
5.2780.N,5.2780,N,Qual quadro que a minha mulher adora fazer resenha? A Persistência do Tempo.,0,0,1.77734375,-1.9169921875,-3.6943359375,0.9757392406463623,0.024260740727186203,True
5.3490.N,5.3490,N,Qual hotel se compraram os Beatles? Let Ibis.,0,1,-3.375,3.599609375,6.974609375,0.0009344576974399388,0.9990655779838562,False
5.696.N,5.696,N,Qual é o super-herói de quem todo mundo lembra? Superman.,0,0,3.765625,-4.01171875,-7.77734375,0.9995810389518738,0.000418948387959972,True
5.3400.H,5.3400,H,Em qual série não gostam de uma banda de rock? Todo mundo odeia o Kiss.,1,0,3.134765625,-3.466796875,-6.6015625,0.9986435770988464,0.001356401713564992,False
5.1219.H,5.1219,H,O que é legal comer com as pessoas? People ca.,1,1,-3.814453125,4.1796875,7.994140625,0.0003373201470822096,0.9996626377105713,True
5.1445.H,5.1445,H,Qual seria a revista do cara que bebe muito? Ela iria SER VEJA.,1,0,0.2117919921875,-0.0491943359375,-0.260986328125,0.5648787617683411,0.4351212680339813,False
4.562.N,4.562,N,Em que estado se encontra o rio Mississipi? No estado Minnessota.,0,1,-3.77734375,3.9921875,7.76953125,0.0004222329007461667,0.9995778203010559,False
5.3600.H,5.3600,H,Qual o tom que a Cinderela canta suas músicas? Fá da Madrinha.,1,1,-2.275390625,2.7734375,5.048828125,0.006375935859978199,0.9936240911483765,True
5.2812.H,5.2812,H,Qual carro é a mistura de um prato árabe e um suco? Homustang ,1,1,-1.58984375,1.6142578125,3.2041015625,0.03901166468858719,0.9609882831573486,True
5.3223.N,5.3223,N,Qual o contrário de vadia? Trabalhadora.,0,0,3.599609375,-3.6484375,-7.248046875,0.9992889165878296,0.0007110568112693727,True
5.358.H,5.358,H,Qual cidade incentiva o uso do tato? Toque-o.,1,1,-0.8505859375,0.96728515625,1.81787109375,0.13968952000141144,0.8603104948997498,True
5.482.H,5.482,H,Qual doença se contrai quando come muito ovo? Poliomelete.,1,1,-3.10546875,3.38671875,6.4921875,0.0015129382954910398,0.9984869956970215,True
4.52.H,4.52,H,O que é um ponto preto no oceano? É um blackalhau.,1,1,-3.19921875,3.615234375,6.814453125,0.0010965894907712936,0.9989033937454224,True
5.2893.H,5.2893,H,Qual dupla canta a meia luz? Sandy & Abajunior ,1,1,-3.392578125,3.625,7.017578125,0.0008951908093877137,0.9991047978401184,True
4.338.H,4.338,H,Que nome se dá a um hipopótamo a dançar com uma tartaruga? Hip hop tuga.,1,1,-2.6796875,2.927734375,5.607421875,0.003657096764072776,0.9963428378105164,True
5.3547.H,5.3547,H,Qual a profissão de gente chata? Carpentelho.,1,1,-2.982421875,3.20703125,6.189453125,0.0020467499271035194,0.9979531764984131,True
4.600.N,4.600,N,O que são quatro pontos pretos no chão? Formigas.,0,0,2.58203125,-3.052734375,-5.634765625,0.9964411854743958,0.00355880381539464,True
5.3498.N,5.3498,N,Qual o sanduiche do Tom Brady? X-egg Bündchen.,0,0,1.65625,-1.646484375,-3.302734375,0.9645224213600159,0.03547750040888786,True
5.2347.H,5.2347,H,Qual nome se dá quando cai uma parte de um estádio? Arquibanqueda.,1,0,2.546875,-2.63671875,-5.18359375,0.9944234490394592,0.005576544441282749,False
4.229.N,4.229,N,A minha amiga asiática ficou doente . Mas eu salvei-a.,0,0,2.837890625,-3.021484375,-5.859375,0.9971550703048706,0.0028449094388633966,True
4.85.N,4.85,N,Porque é que nunca roubaram a mota do japonês? Porque ele compra usada.,0,1,-1.3583984375,1.46484375,2.8232421875,0.05608106032013893,0.9439190030097961,False
4.523.H,4.523,H,Qual é o canal preferido dos dálmatas? É o Canal da Mancha.,1,0,2.86328125,-3.240234375,-6.103515625,0.9977699518203735,0.0022300120908766985,False
4.276.N,4.276,N,Uma mulher tropeça e cai em cima de um cão . Qual é o filme? Senta em um cão.,0,0,1.740234375,-2.52734375,-4.267578125,0.9861780405044556,0.013821962289512157,True
5.2.H,5.2,H,Por que na China tem tanta gente? Porque lá eles comem com dois pauzinhos.,1,1,-1.3681640625,1.3017578125,2.669921875,0.06477170437574387,0.9352282881736755,True
5.1869.N,5.1869,N,Qual a doença mais bonita que existe? Sarda.,0,0,1.33203125,-1.4921875,-2.82421875,0.9439706206321716,0.05602937936782837,True
5.3992.H,5.3992,H,Qual carro tem TV a cabo? PasSat.,1,1,-3.09765625,2.984375,6.08203125,0.002278330735862255,0.9977216124534607,True
5.1743.H,5.1743,H,Por que o fã de Riders Republic nunca se machuca na neve? Porque ele esquiva dor,1,1,-3.84375,4.0,7.84375,0.0003920417802873999,0.9996079802513123,True
4.339.H,4.339,H,Vendi o meu aspirador. Só estava em casa a apanhar pó.,1,0,1.5634765625,-1.927734375,-3.4912109375,0.970436692237854,0.02956334501504898,False
5.3658.H,5.3658,H,Qual comediante se formou em uma escola agrotécnica? Nil Agro,1,1,-3.765625,3.94140625,7.70703125,0.00044945228728465736,0.9995505213737488,True
5.72.H,5.72,H,Qual é a roupa mais inapropriada para usar num avião? Tomara que caia.,1,0,3.560546875,-3.630859375,-7.19140625,0.9992475509643555,0.0007524627144448459,False
5.392.H,5.392,H,Qual apresentador jogava basquete? Chacrinha O'Neal,1,1,-1.857421875,2.056640625,3.9140625,0.01956867426633835,0.9804313778877258,True
5.3202.N,5.3202,N,Qual peixe cai melhor no almoço da sexta-feira santa? Bacalhau.,0,0,3.70703125,-3.8046875,-7.51171875,0.999453604221344,0.0005463421111926436,True
4.239.N,4.239,N,Porque é que é sempre Natal para um homem casado com uma mulher interessante? Porque todas as noites são mágicas.,0,0,1.33203125,-1.8759765625,-3.2080078125,0.9611344933509827,0.03886548429727554,True
5.1165.N,5.1165,N,Qual parte do corpo que ajuda os pedreiros? A mão.,0,0,3.78515625,-3.794921875,-7.580078125,0.9994896650314331,0.0005102608120068908,True
4.499.N,4.499,N,Como é que o Pai Natal entrega as prendas tão rápido? Ele praticou muito.,0,0,3.259765625,-3.56640625,-6.826171875,0.9989161491394043,0.0010838276939466596,True
3.6.H,3.6,H,Por que o policial não gosta de sabão? Porque ele prefere detergente.,1,0,3.6328125,-3.767578125,-7.400390625,0.9993892908096313,0.0006106409127824008,False
4.580.N,4.580,N,Que nome se dá ao karaté para amputados? Artes marciais.,0,0,3.056640625,-3.21484375,-6.271484375,0.9981141090393066,0.0018858587136492133,True
4.204.H,4.204,H,Como é que os drogados espirram? Ha... Haa... Haaaa... XIXE!,1,1,-3.458984375,3.80078125,7.259765625,0.0007027785759419203,0.9992972612380981,True
5.1073.H,5.1073,H,"Qual filme conta a história do casal mais perdido do mundo em ação? ""Procurando; né, mô?""",1,1,-2.564453125,2.828125,5.392578125,0.004529616329818964,0.995470404624939,True
5.2222.N,5.2222,N,Qual instrumento já vem com comando de voz? Gaita,0,0,3.705078125,-3.921875,-7.626953125,0.9995131492614746,0.0004869056574534625,True
4.122.H,4.122,H,O que é um byfe? São oito bifes.,1,0,2.52734375,-2.705078125,-5.232421875,0.9946877956390381,0.005312205292284489,False
5.2703.H,5.2703,H,"Qual jogo antigo fica tentando as pessoas contra sua religião? Peque, man.",1,1,-2.9609375,3.150390625,6.111328125,0.002212696708738804,0.9977872371673584,True
5.1171.N,5.1171,N,Qual cantora espera um dia ser rainha? Mariah Carey.,0,0,3.681640625,-3.84765625,-7.529296875,0.9994631409645081,0.0005368274287320673,True
5.1441.N,5.1441,N,O que o escorregador falou para o menino? Aqui os ânus passam depressa.,0,1,-3.935546875,3.931640625,7.8671875,0.0003829635970760137,0.9996169805526733,False
5.515.H,5.515,H,"Qual personagem da Disney ia mudar de história, mas não mudou? Quasimudou.",1,1,-3.24609375,3.431640625,6.677734375,0.0012570441467687488,0.9987429976463318,True
5.3033.N,5.3033,N,Qual o único apresentador que usa aliança? Nelson Rubens.,0,0,3.818359375,-3.8046875,-7.623046875,0.9995112419128418,0.0004888104740530252,True
5.1585.N,5.1585,N,Qual é o infalível chá para calvície? Chapéu.,0,0,3.3671875,-3.3984375,-6.765625,0.998848557472229,0.001151399570517242,True
5.681.H,5.681,H,Qual matéria da escola pode machucar? Tabuada.,1,0,3.171875,-3.21875,-6.390625,0.9983256459236145,0.0016743995947763324,False
5.4028.N,5.4028,N,Por que o piloto não gosta de passar no meio da nuvem com o avião? Porque ele tem medo.,0,0,3.578125,-3.716796875,-7.294921875,0.999321460723877,0.0006785172736272216,True
5.3848.N,5.3848,N,Qual dublador tbm é psicólogo? Charles Emmanuel.,0,1,-0.86181640625,0.6904296875,1.55224609375,0.1747620850801468,0.8252379298210144,False
5.3521.N,5.3521,N,"O que o cara gritava quando foi preso por 171? "" Mentira! """,0,0,3.046875,-3.19140625,-6.23828125,0.9980505704879761,0.0019494020380079746,True
5.3173.N,5.3173,N,Qual médico gosta de funk? Dr. Drauzio Varela.,0,0,3.654296875,-3.640625,-7.294921875,0.999321460723877,0.0006785172736272216,True
5.2032.N,5.2032,N,Qual é a denominação do cara que não come carne e não enxerga direito? Vegetariano,0,0,3.44140625,-3.611328125,-7.052734375,0.9991357922554016,0.0008642927277833223,True
4.656.N,4.656,N,Por que é que o Pai Natal não vai entregar as prendas a tempo? Porque tem os trabalhadores doentes.,0,0,1.806640625,-2.21875,-4.025390625,0.9824568033218384,0.017543187364935875,True
5.1491.N,5.1491,N,Sabe qual é a música heavy metal de Chitãozinho e Xororó? Evidências.,0,0,3.59375,-3.79296875,-7.38671875,0.9993809461593628,0.000619041733443737,True
4.415.N,4.415,N,O meu papagaio obeso morreu . Foi um amigo que me tiraram dos ombros.,0,1,-1.654296875,1.3984375,3.052734375,0.045099563896656036,0.9549003839492798,False
5.740.N,5.740,N,"Qual número que quando cai, vira uma fruta? maçã.",0,0,3.494140625,-3.564453125,-7.05859375,0.999140739440918,0.0008592475787736475,True
5.695.H,5.695,H,Qual é o tipo de roupa que os magros não podem usar? As feitas de algordão.,1,1,-1.5380859375,1.7529296875,3.291015625,0.035880692303180695,0.9641192555427551,True
5.2904.N,5.2904,N,Qual vegetal se manifesta quando batem na porta? quiabo,0,0,3.728515625,-3.72265625,-7.451171875,0.9994195699691772,0.0005804235697723925,True
5.1870.H,5.1870,H,Que médico só trabalha dentro de casa? Indoorcrinologista ,1,1,-2.462890625,2.783203125,5.24609375,0.005240449216216803,0.9947595000267029,True
5.3534.H,5.3534,H,Qual o eletrônico que já foi de outro planeta? Ex Marte Phone.,1,1,-2.6171875,3.03125,5.6484375,0.0035106493160128593,0.9964893460273743,True
5.993.H,5.993,H,Qual o super-herói fala sueco? VOLVOrine,1,1,-3.54296875,3.765625,7.30859375,0.0006693099858239293,0.9993307590484619,True
4.672.H,4.672,H,Qual é o melhor óleo para lubrificar o sexo? Óleo Need Is Love.,1,1,-2.609375,2.693359375,5.302734375,0.004953306633979082,0.9950467348098755,True
5.714.H,5.714,H,Qual o cantor que cheira toda a cocaína que trouxeram? Seca pacotinho.,1,1,-3.923828125,3.9921875,7.916015625,0.0003647200355771929,0.9996352195739746,True
5.2070.N,5.2070,N,Qual é a banda favorita do império galáctico? Beatles,0,0,3.513671875,-3.642578125,-7.15625,0.999220609664917,0.0007793660624884069,True
4.17.H,4.17,H,Em que local do planeta se encontram mais leprosos? Nas ilhas Caimão.,1,1,-3.94921875,4.1953125,8.14453125,0.00029023445677012205,0.9997097849845886,True
4.377.H,4.377,H,"Qual é o carro preferido das pitas? É o Fiat, tipo.",1,1,-2.95703125,3.326171875,6.283203125,0.0018639287445694208,0.998136043548584,True
5.2032.H,5.2032,H,Qual é a denominação do cara que não come carne e não enxerga direito? Vesgano ,1,1,-3.080078125,3.357421875,6.4375,0.0015978454612195492,0.9984021782875061,True
5.3037.H,5.3037,H,Qual cidade norte-americana que tem magia? Harry Portland.,1,0,2.345703125,-2.3984375,-4.744140625,0.9913725852966309,0.008627457544207573,False
5.3328.N,5.3328,N,Como se chamam os jovens barbeiros? Iniciantes.,0,0,3.66796875,-3.74609375,-7.4140625,0.9993976354598999,0.0006023541791364551,True
4.212.H,4.212,H,Qual é a doença que os cegos nunca apanham? Conjunti vi-te!,1,1,-3.35546875,3.708984375,7.064453125,0.0008542319992557168,0.9991457462310791,True
5.2395.N,5.2395,N,Qual é o remédio que se compra quando vai à padaria? Dramin.,0,1,-3.197265625,3.048828125,6.24609375,0.0019342612940818071,0.9980657696723938,False
5.1021.N,5.1021,N,Qual galaxia treina com nutricionista? A Andrômeda,0,1,-2.865234375,3.13671875,6.001953125,0.0024678101763129234,0.9975321292877197,False
5.1298.H,5.1298,H,Qual político é mal arejado? Brisola.,1,1,-3.58203125,3.90234375,7.484375,0.0005614786641672254,0.999438464641571,True
5.1303.N,5.1303,N,Qual o chá preferido dos britânicos para se acalmar? Erva-Cidreira.,0,1,-1.5517578125,1.7509765625,3.302734375,0.03547750040888786,0.9645224213600159,False
5.2193.N,5.2193,N,Qual é a bala favorita dos pedreiros? Trident,0,1,-3.544921875,3.6171875,7.162109375,0.0007748163188807666,0.9992251396179199,False
4.278.H,4.278,H,Quando é que se celebra o Dia Mundial do Desmaio? 10/maio.,1,0,2.025390625,-2.126953125,-4.15234375,0.9845160245895386,0.015483985655009747,False
5.1684.N,5.1684,N,O juiz condenou um réu por um crime articulado dentro de uma loja . Por quê? Porque o réu matou o lojista.,0,0,0.1409912109375,-0.029876708984375,-0.170867919921875,0.5426133275032043,0.4573866128921509,True
5.3079.N,5.3079,N,Qual o cineasta mais odiado em Goiânia? Martin Scorcese.,0,0,2.984375,-3.32421875,-6.30859375,0.9981827735900879,0.001817283220589161,True
5.1397.N,5.1397,N,Qual é o personagem da Marvel que é um pão? Deadpool.,0,0,3.224609375,-3.494140625,-6.71875,0.998793363571167,0.0012065896298736334,True
5.417.N,5.417,N,Qual é o doce mais gostoso que existe? A bala 7 BELO.,0,1,-3.615234375,3.876953125,7.4921875,0.0005571117508225143,0.9994428753852844,False
5.3600.N,5.3600,N,Qual o tom que a Cinderela canta suas músicas? Dó.,0,0,3.1171875,-3.357421875,-6.474609375,0.9984602928161621,0.0015397267416119576,True
5.1746.N,5.1746,N,"Qual é a cirurgia mais demorada no ser humano? A cirurgia de hemorróida, porque é feita ao longo do dia.",0,0,3.595703125,-3.68359375,-7.279296875,0.9993108510971069,0.0006891950615681708,True
4.481.N,4.481,N,Porque é que o corcunda de Notre-Dame não seguiu a carreira de advogado? Porque nunca conseguiu estudar.,0,0,3.767578125,-3.869140625,-7.63671875,0.9995177984237671,0.00048217613948509097,True
4.307.H,4.307,H,Quanto tempo demora um gelado a derreter? Cerca de um Carte D'Or.,1,1,-3.982421875,4.0703125,8.052734375,0.00031812931410968304,0.999681830406189,True
5.2534.H,5.2534,H,Onde moram os dançarinos da Xuxa? Paquistão.,1,0,3.4453125,-3.42578125,-6.87109375,0.9989637136459351,0.0010362669127061963,False
5.3132.H,5.3132,H,Qual o exercício preferido das abelhas? Abee dominal.,1,1,-3.080078125,3.498046875,6.578125,0.0013885232619941235,0.9986114501953125,True
4.681.N,4.681,N,"Decidi adotar um Chihuahua . Para quem não sabe, é um animal doméstico.",0,0,3.087890625,-3.3125,-6.400390625,0.9983417987823486,0.001658154185861349,True
5.2301.N,5.2301,N,"Por que o militar sempre ia no INSS, mas nunca aposentava? Porque era militar de reserva.",0,0,3.26171875,-3.53125,-6.79296875,0.998879611492157,0.0011203773319721222,True
5.3962.N,5.3962,N,Qual passarinho grita muito? Arara.,0,0,3.904296875,-3.947265625,-7.8515625,0.9996110796928406,0.00038899207720533013,True
5.388.N,5.388,N,Por que a serpente tem que fazer os deveres de casa? Porque a mãe dela pede.,0,0,3.544921875,-3.701171875,-7.24609375,0.9992875456809998,0.0007124459370970726,True
5.403.N,5.403,N,Qual figura religiosa não sabe a quem orar? Madre Teresa de Calcutá.,0,0,3.66015625,-3.751953125,-7.412109375,0.9993964433670044,0.0006035309634171426,True
4.328.H,4.328,H,Porque é que a mulher do Incrível Hulk se divorciou dele? Queria um homem mais maduro.,1,0,3.3515625,-3.66015625,-7.01171875,0.999099612236023,0.0009004466119222343,False
4.415.H,4.415,H,O meu papagaio obeso morreu. Foi um peso que me tiraram dos ombros.,1,0,0.0172271728515625,-0.47021484375,-0.4874420166015625,0.6195036768913269,0.3804963529109955,False
5.3038.H,5.3038,H,Qual cidade norte-americana odeia tanto sujeiras entrando no olho que até as tortura? Sofram Cisco!,1,1,-3.841796875,3.96875,7.810546875,0.0004052719159517437,0.9995947480201721,True
5.3443.N,5.3443,N,Qual atriz é um cereal? Jennifer.,0,0,1.2041015625,-1.583984375,-2.7880859375,0.9420285820960999,0.05797139182686806,True
4.572.N,4.572,N,O que é que um ator faz quando vê outro? Cumprimenta-o.,0,0,3.552734375,-3.849609375,-7.40234375,0.9993904829025269,0.000609450158663094,True
5.1558.N,5.1558,N,Qual é o cantor que é dificil de engolir? Zezé Di Camargo.,0,0,3.86328125,-4.03515625,-7.8984375,0.9996287822723389,0.00037118542240932584,True
5.2985.H,5.2985,H,Qual animal é coach? O cão guru.,1,1,-2.494140625,2.6640625,5.158203125,0.005719129927456379,0.9942809343338013,True
4.511.H,4.511,H,"Porque é que não há professores de Geografia daltónicos? Porque se houvesse, não viam a coordenada.",1,1,-2.3046875,2.4921875,4.796875,0.008187910541892052,0.9918121099472046,True
4.479.H,4.479,H,Qual é o osso que segura a cabeça? É o pesc-osso.,1,1,-3.56640625,3.8125,7.37890625,0.0006238938658498228,0.999376118183136,True
5.1821.N,5.1821,N,Por que o Tiger Woods teve que limpar um tanque enorme? Porque ele ganhou um golfinho.,0,1,-3.8359375,4.04296875,7.87890625,0.00037850363878533244,0.9996215105056763,False
4.545.N,4.545,N,"Qual é o lema dos perus? "" Um por todos e todos por um  "".",0,0,2.3984375,-2.69140625,-5.08984375,0.9938787817955017,0.006121281534433365,True
5.4027.H,5.4027,H,Qual o nome do parente que mais gosta de você? A Tia Dora.,1,0,3.228515625,-3.583984375,-6.8125,0.9989012479782104,0.001098731067031622,False
5.3297.H,5.3297,H,Que apresentador guarda arquivos de voz dos convidados? Silvio Samples.,1,1,-3.462890625,3.7109375,7.173828125,0.0007657963433302939,0.9992341995239258,True
5.2136.H,5.2136,H,Qual é a massa servida nos EUA? Nova Nhoque ,1,1,-3.279296875,3.46484375,6.744140625,0.0011763748480007052,0.9988235831260681,True
4.283.H,4.283,H,Qual é o carro que consegue transportar mais porcos? É o Nissan na vara.,1,1,-3.71875,3.982421875,7.701171875,0.00045209232484921813,0.9995478987693787,True
4.706.N,4.706,N,Qual é o lema do Instagram? Carpe diem.,0,0,2.4296875,-2.6640625,-5.09375,0.9939024448394775,0.006097561679780483,True
5.1613.H,5.1613,H,"Como se faz para uma laranja virar uma cobra? Faz cosquinha nela, aí o suco ri.",1,1,-3.703125,3.89453125,7.59765625,0.0005013742484152317,0.9994986057281494,True
5.2904.H,5.2904,H,Qual vegetal se manifesta quando batem na porta? Eu quiabo ,1,1,-2.76953125,2.80859375,5.578125,0.0037654140032827854,0.9962345957756042,True
5.615.N,5.615,N,Qual e a marca preferida de carro dos jogadores de futebol? Toyota!,0,0,3.640625,-3.759765625,-7.400390625,0.9993892908096313,0.0006106409127824008,True
5.1310.N,5.1310,N,Onde as empresas compram material de construção? Telha Norte.,0,1,-3.27734375,3.353515625,6.630859375,0.001317291520535946,0.9986826777458191,False
5.589.H,5.589,H,Qual é a fruta preferida do Neymar? A uva parça.,1,1,-3.701171875,4.08203125,7.783203125,0.0004165018326602876,0.9995835423469543,True
5.218.N,5.218,N,Como se chama o demônio de camisola? O Diabo Veste Prada.,0,1,-0.419189453125,0.393310546875,0.8125,0.3073580265045166,0.6926419734954834,False
5.31.N,5.31,N,Qual é o poeta que sempre se atrasa? Fernando Pessoa.,0,0,3.65625,-3.841796875,-7.498046875,0.9994460940361023,0.0005538587574847043,True
5.2508.H,5.2508,H,Qual é o planeta que ama a todos? Amarte.,1,1,-3.126953125,3.259765625,6.38671875,0.001680941553786397,0.9983189702033997,True
5.2518.N,5.2518,N,Qual personagem da literatura chupava tudo o que via? Dom Quixote.,0,0,3.623046875,-3.8046875,-7.427734375,0.9994058609008789,0.0005941797280684114,True
5.3488.N,5.3488,N,Que órgão ajudou o governador de São Paulo? A Procurar Doria.,0,1,-2.962890625,3.26953125,6.232421875,0.0019608354195952415,0.998039186000824,False
4.731.H,4.731,H,"Como é que uma sopinha de massa elogia uma mulher alta? Eh lá, hoje estás toda girafa!",1,1,-2.591796875,2.84375,5.435546875,0.004339933395385742,0.9956600069999695,True
5.1431.H,5.1431,H,Qual é o nome do X-Men que é ginecologista? Volver hímen.,1,1,-3.771484375,3.978515625,7.75,0.0004305570910219103,0.9995694756507874,True
4.412.N,4.412,N,Porque é que o computador não pára de avariar? Porque apanhou um vírus.,0,0,3.322265625,-3.69921875,-7.021484375,0.9991082549095154,0.0008917038212530315,True
5.306.N,5.306,N,Qual problema de saúde recorrente em matemáticos? Problema de tendinite,0,0,3.61328125,-3.82421875,-7.4375,0.9994115829467773,0.0005884087877348065,True
5.515.N,5.515,N,"Qual personagem da Disney ia mudar de história, mas não mudou? Cinderela.",0,0,3.642578125,-3.82421875,-7.466796875,0.9994285702705383,0.0005714300787076354,True
5.480.H,5.480,H,Como morreu o rebanho dos judeus? Em Gás Gado,1,1,-3.669921875,3.748046875,7.41796875,0.0006000071880407631,0.9994000196456909,True
5.2643.N,5.2643,N,Qual é o nome de um cabeleireiro? Salão de Beleza.,0,0,3.794921875,-3.998046875,-7.79296875,0.9995875954627991,0.0004124559345655143,True
4.389.N,4.389,N,Qual é a semelhança entre o da Vinci e o Museu do Louvre? Ambos têm a Mona Lisa.,0,0,2.9140625,-3.16796875,-6.08203125,0.9977216124534607,0.002278330735862255,True
5.650.N,5.650,N,Em que país só se anda de carro grande? Brasil.,0,0,3.673828125,-3.80859375,-7.482421875,0.9994373917579651,0.0005625758203677833,True
5.1967.N,5.1967,N,Que tipo de filme está sempre nas programações? Popular.,0,0,3.701171875,-3.859375,-7.560546875,0.9994797110557556,0.0005203195614740252,True
5.3229.N,5.3229,N,Qual apresentador me dá tesão? Marcos Mion.,0,0,3.787109375,-3.88671875,-7.673828125,0.9995354413986206,0.00046461905003525317,True
5.3228.N,5.3228,N,Qual o nome do argentino que criou uma lei de incentivo? Juarez,0,0,2.98046875,-3.146484375,-6.126953125,0.997821569442749,0.0021784668788313866,True
5.516.H,5.516,H,Para onde o José se mudou com a esperança de um mundo melhor? Nova Zé Landia.,1,1,-3.630859375,3.9375,7.568359375,0.0005162725574336946,0.9994837045669556,True
5.1814.H,5.1814,H,Qual é o animal redundante? Pleo asno,1,1,-3.447265625,3.685546875,7.1328125,0.0007978335488587618,0.9992021918296814,True
4.212.N,4.212,N,Qual é a doença que os cegos nunca apanham? Cegueira!,0,0,3.01953125,-3.244140625,-6.263671875,0.9980993866920471,0.0019006216898560524,True
5.2069.N,5.2069,N,Os imperador inca decretou que as lhamas seriam os únicos animais permitidos em Machu Picchu . Qual é o nome do filme? O Império Contra Ataca,0,0,0.4375,-0.64501953125,-1.08251953125,0.746970534324646,0.2530295252799988,True
4.710.N,4.710,N,Comprei um pónei e chamei-lhe Mário . Pode-se dizer que tenho um cavalo pequeno.,0,0,2.91796875,-3.296875,-6.21484375,0.9980044960975647,0.001995538594201207,True
4.437.N,4.437,N,"O que diz o senhor para a senhora? Quando roço em ti, perco a cabeça.",0,0,2.888671875,-3.15625,-6.044921875,0.9976357221603394,0.002364262705668807,True
4.447.N,4.447,N,Para que é que se plantam plantas? Para depois colher.,0,0,2.3671875,-2.607421875,-4.974609375,0.9931362867355347,0.006863781251013279,True
5.2488.H,5.2488,H,Qual é o bloco do índio que não bebe nem fuma? Mim careta.,1,1,-2.845703125,3.173828125,6.01953125,0.0024249141570180655,0.9975751042366028,True
4.562.H,4.562,H,Em que estado se encontra o rio Mississipi? No estado líquido.,1,0,3.298828125,-3.712890625,-7.01171875,0.999099612236023,0.0009004466119222343,False
5.345.H,5.345,H,Qual banda que torce pra polícia não acertar? ErrePM.,1,1,-3.900390625,4.05078125,7.951171875,0.0003521250910125673,0.999647855758667,True
5.2597.N,5.2597,N,Qual seria a profissão perfeita para o Tony Tornado? Promotor de festas.,0,0,3.626953125,-3.79296875,-7.419921875,0.9994012117385864,0.0005988371558487415,True
5.388.H,5.388,H,Por que a serpente tem que fazer os deveres de casa? Porque a mãe dela Cobra.,1,1,-3.19921875,3.4609375,6.66015625,0.0012793075293302536,0.9987207055091858,True
5.2638.N,5.2638,N,Quem é a pessoa que só escreve histórias sobre felinos depressivos? Maria Esther Maciel.,0,0,3.40234375,-3.587890625,-6.990234375,0.9990800619125366,0.0009199836058542132,True
5.3277.N,5.3277,N,Qual cantor registrava a entrada de ets? Orlando Moraes.,0,0,2.697265625,-2.609375,-5.306640625,0.9950659275054932,0.004934090655297041,True
5.2922.N,5.2922,N,No que trabalha o trator quebrado? Plantação,0,0,3.59765625,-3.599609375,-7.197265625,0.9992519021034241,0.0007480700151063502,True
5.3776.N,5.3776,N,Qual é a banda mais consumida no dia a dia? Pearl Jam.,0,0,2.8671875,-2.984375,-5.8515625,0.9971327781677246,0.0028671585023403168,True
4.431.N,4.431,N,""" Ontem "" não tem H. "" Hoje "" tem H. Como os dias mudam ...",0,0,1.935546875,-2.599609375,-4.53515625,0.9893885254859924,0.010611421428620815,True
5.1472.H,5.1472,H,Qual o melhor pote da cozinha? O Topper ware.,1,0,0.254150390625,-0.5869140625,-0.841064453125,0.698689341545105,0.30131062865257263,False
4.493.N,4.493,N,Que nome se dá a uma pessoa alérgica a glúten? Celíaca.,0,0,2.91015625,-3.45703125,-6.3671875,0.9982859492301941,0.0017140385461971164,True
4.655.H,4.655,H,Hoje a São acordou toda molhada. O que aconteceu? Inunda São.,1,1,-3.84765625,3.9375,7.78515625,0.00041568942833691835,0.9995842576026917,True
5.2507.H,5.2507,H,Qual é o aparelho que nunca para de mexer? A balança.,1,0,3.419921875,-3.498046875,-6.91796875,0.9990111589431763,0.0009888596832752228,False
5.3253.N,5.3253,N,Como se chamam aqueles parentes que você não vê nunca? Os Distantes.,0,1,-1.4111328125,1.1083984375,2.51953125,0.07450025528669357,0.925499677658081,False
5.234.H,5.234,H,Por que o pai de santo abaixou as calças? PORQUE É DANDO QUE SE RECEBE,1,0,0.429443359375,-0.62158203125,-1.051025390625,0.7409717440605164,0.25902825593948364,False
5.2203.N,5.2203,N,Qual é o documento que não deixa claro quando a pessoa nasceu? Carteira de motorista.,0,0,3.599609375,-3.6875,-7.287109375,0.9993162155151367,0.0006838353001512587,True
2.19.H,2.19,H,Todos morrem uma só vez. A Alanis Morrissette.,1,1,-1.9990234375,2.48046875,4.4794921875,0.011212033219635487,0.9887879490852356,True
5.3065.N,5.3065,N,Que personagem infantil só faz dançar? Tchutchucão.,0,1,-3.259765625,3.4453125,6.705078125,0.001223179162479937,0.9987768530845642,False
5.3492.N,5.3492,N,"Qual a banda que, quando nasceu, era alimentada por criminosas? Legião Urbana.",0,0,3.4375,-3.513671875,-6.951171875,0.9990434050559998,0.0009565964573994279,True
4.595.H,4.595,H,Para que servem óculos verdes? Para verde perto.,1,1,-3.9140625,4.0703125,7.984375,0.0003406293108128011,0.9996594190597534,True
4.335.H,4.335,H,O que fazem os triângulos quando estão cansados? Eles sin-cos-tan.,1,1,-3.73046875,3.814453125,7.544921875,0.0005285091465339065,0.9994714856147766,True
4.615.H,4.615,H,"A eletricidade está tão cara, tão cara, que a EDP decidiu mudar o nome para Luz Vuitton.",1,0,0.884765625,-0.5087890625,-1.3935546875,0.801159143447876,0.1988408863544464,False
4.502.H,4.502,H,"Segui as instruções na embalagem da lasanha que dizia para colocar o forno a 180 graus. Agora como é que eu abro a porta, se o forno está virado para a parede?",1,0,2.515625,-2.666015625,-5.181640625,0.9944126009941101,0.005587385967373848,False
5.2512.H,5.2512,H,Por que ninguém na Terra consegue entender a língua nativa do Super-Homem? Porque é enkriptongrafada.,1,1,-2.201171875,2.513671875,4.71484375,0.008881674148142338,0.9911182522773743,True
5.3229.H,5.3229,H,Qual apresentador me dá tesão? Otávio MeExcita.,1,1,-3.185546875,3.443359375,6.62890625,0.0013198636006563902,0.9986801743507385,True
5.394.H,5.394,H,Qual apresentador está na pior? José Luís Da Pena.,1,0,2.912109375,-3.16015625,-6.072265625,0.9976993203163147,0.002300637774169445,False
4.160.H,4.160,H,O que diz uma banana suicida? Macacos me mordam!,1,0,0.0947265625,-0.268798828125,-0.363525390625,0.5898935794830322,0.4101064205169678,False
4.215.H,4.215,H,O que diz a mãe bombista quando vai por o filho à escola? Lá vai o meu rebento...,1,0,2.6640625,-3.048828125,-5.712890625,0.9967076778411865,0.0032922360114753246,False
5.2010.N,5.2010,N,Qual é a padroeira de quem vive dando voltas? Nossa Senhora Aparecida,0,0,3.66796875,-3.875,-7.54296875,0.9994705319404602,0.0005295418086461723,True
5.3509.N,5.3509,N,Qual é o cantor que teve problemas respiratórios? Erasma Carlos.,0,0,3.833984375,-3.802734375,-7.63671875,0.9995177984237671,0.00048217613948509097,True
4.709.H,4.709,H,"Se a Terra é redonda, por que é que se chama ""planeta"" e não ""redondeta""?",1,0,1.96875,-2.3125,-4.28125,0.9863631129264832,0.013636834919452667,False
5.2900.H,5.2900,H,Qual cineasta tem um haras? O de Além? ,1,1,-2.142578125,2.47265625,4.615234375,0.009802816435694695,0.9901971817016602,True
5.1060.N,5.1060,N,"Havia um menino chamado João . O que o amigo dele diz quando ele fica em silêncio depois de ouvir uma piada? Ri, João.",0,1,-1.9033203125,1.955078125,3.8583984375,0.020665686577558517,0.9793343544006348,False
4.551.N,4.551,N,Um iogurte fora de prazo mata uma família inteira . Qual é o filme? Iogurte Envenenado.,0,1,-1.2119140625,1.552734375,2.7646484375,0.05926467105746269,0.9407352805137634,False
5.3202.H,5.3202,H,Qual peixe cai melhor no almoço da sexta-feira santa? A-tum.,1,1,-3.875,4.03125,7.90625,0.000368297885870561,0.9996316432952881,True
4.374.H,4.374,H,Porque é que na Polónia ninguém se perde? Porque lá há muitas polacas.,1,0,2.234375,-2.486328125,-4.720703125,0.991169810295105,0.008830243721604347,False
5.912.N,5.912,N,Qual é a parte do computador que não é do bem? O teclado.,0,0,3.109375,-3.380859375,-6.490234375,0.9984840750694275,0.0015158916357904673,True
5.3196.N,5.3196,N,Qual o eletrodoméstico perfeito para misturar currículos? O liquidificador.,0,0,3.462890625,-3.591796875,-7.0546875,0.9991374015808105,0.0008626078488305211,True
4.559.H,4.559,H,Porque é que os diabéticos não usam o Google Chrome? Porque não podem aceitar cookies.,1,0,2.59765625,-2.783203125,-5.380859375,0.9954172372817993,0.00458276504650712,False
3.6.N,3.6,N,Por que o policial não gosta de sabão? Porque ele tem alergia.,0,0,3.78515625,-3.9296875,-7.71484375,0.9995539784431458,0.0004459561896510422,True
5.1732.N,5.1732,N,Onde os detentos escrevem as coisas no seu dia-a-dia? No caderno.,0,0,2.943359375,-3.068359375,-6.01171875,0.9975560903549194,0.0024438865948468447,True
5.1802.N,5.1802,N,Por que ninguém na Terra consegue entender a língua nativa do Super-Homem? Porque é alienígena.,0,0,3.6640625,-3.818359375,-7.482421875,0.9994373917579651,0.0005625758203677833,True
5.3785.N,5.3785,N,Qual o jogo esportivo dos estudantes que moram juntos? Riders República.,0,1,-3.744140625,4.08203125,7.826171875,0.00039899128023535013,0.9996010661125183,False
5.1276.N,5.1276,N,Qual menina sempre bota pilha nos outros pra sair? A Maria.,0,0,3.7109375,-3.802734375,-7.513671875,0.99945467710495,0.0005452766199596226,True
5.2243.N,5.2243,N,Por que a mulher com carteira assinada nunca tira o investimento? Porque ela tá de renda fixa,0,1,-1.4501953125,1.8232421875,3.2734375,0.03649376332759857,0.9635062217712402,False
5.1515.N,5.1515,N,Qual super herói que tem fetiche com a própria mãe? Deadpool.,0,0,3.490234375,-3.7421875,-7.232421875,0.9992777705192566,0.0007222462445497513,True
5.169.H,5.169,H,Em qual programa o Sílvio Santos exagera no laquê? Topetudo por Dinheiro.,1,1,-2.994140625,3.13671875,6.130859375,0.0021699920762330294,0.9978299736976624,True
4.20.H,4.20,H,Adoro mulheres com sardas. Têm centenas de pontos a seu favor.,1,1,-2.3515625,2.251953125,4.603515625,0.009917222894728184,0.9900828003883362,True
4.322.N,4.322,N,Qual é a semelhança entre um Game Boy e uma PlayStation? Ambos são consola.,0,1,-2.826171875,3.083984375,5.91015625,0.0027044296730309725,0.9972955584526062,False
4.662.H,4.662,H,"Decidi começar a usar um pano nas cuecas. Assim, sempre que me peido liberto gás propano.",1,1,-0.9853515625,1.2265625,2.2119140625,0.09868568927049637,0.9013143181800842,True
5.22.H,5.22,H,Quando é que o David Copperfield sabe quando tem gente chegando na casa dele? Olhando pelo olho mágico.,1,1,-0.1309814453125,0.02734375,0.1583251953125,0.46050119400024414,0.5394988059997559,True
5.2955.H,5.2955,H,Qual o nome do jogo que Jô Soares adora jogar quando cheira cocaína? Jô quer pó.,1,1,-3.52734375,3.796875,7.32421875,0.0006589401746168733,0.9993410706520081,True
5.3668.H,5.3668,H,Por que o frango caipira não tem problemas jurídicos de identidade? Porque ele não tem hormônimos.,1,1,-3.46875,3.509765625,6.978515625,0.0009308178559876978,0.9990691542625427,True
5.1821.H,5.1821,H,Qual é o militar que está sempre se elogiando? Sou gato,1,1,-1.51171875,1.447265625,2.958984375,0.04931360483169556,0.9506864547729492,True
5.1808.N,5.1808,N,Qual personagem da literatura chupava tudo o que via? Bentinho.,0,0,2.95703125,-3.060546875,-6.017578125,0.9975703358650208,0.002429643413051963,True
4.162.N,4.162,N,"Porque é que o papa formigas atravessou a estrada? Não conseguiu, ficou preso numa racha.",0,0,2.041015625,-2.5078125,-4.548828125,0.9895311594009399,0.010468839667737484,True
5.443.H,5.443,H,"O que o Doutor exclamou ao examinar o Silvio Santos que reclamava de uma dor nas costas? É você, Lombar.",1,1,-3.7890625,4.015625,7.8046875,0.00040765260928310454,0.9995923638343811,True
4.567.H,4.567,H,"O que é que a mulher do comunista diz quando o viagra perde o efeito? Foice o martelo, camarada.",1,1,-2.958984375,3.12109375,6.080078125,0.00228277500718832,0.9977172613143921,True
5.226.N,5.226,N,Um homem TODO DIA molha e coloca para secar um OB . Por que? PORQUE ELE ESTÁ TRANSTORNADO,0,1,-0.434326171875,0.71240234375,1.146728515625,0.24108712375164032,0.7589128017425537,False
5.890.N,5.890,N,Qual é a marca favorita dos afilhados? Nike.,0,0,3.376953125,-3.611328125,-6.98828125,0.9990781545639038,0.0009217804181389511,True
5.1066.N,5.1066,N,Qual o sanduíche de queijo com mosquito? Queijo quente.,0,0,3.537109375,-3.7421875,-7.279296875,0.9993108510971069,0.0006891950615681708,True
4.156.N,4.156,N,Qual é a língua mais falada nas prisões portuguesas? É o português.,0,0,3.759765625,-3.8203125,-7.580078125,0.9994896650314331,0.0005102608120068908,True
5.4027.N,5.4027,N,Qual o nome do parente que mais gosta de você? A Tia Maria.,0,0,3.724609375,-3.9609375,-7.685546875,0.9995408058166504,0.0004592085024341941,True
5.3877.N,5.3877,N,Qual o cantor favorito da xícara? Roberto Carlos.,0,0,3.5546875,-3.611328125,-7.166015625,0.9992282390594482,0.0007717979606240988,True
5.561.H,5.561,H,Qual personagem do Star Wars de Umbanda? Exubacca.,1,1,-2.9140625,3.205078125,6.119140625,0.00219551520422101,0.9978044629096985,True
5.670.N,5.670,N,Qual é a música em que o sobrinho do Michael Jackson nos convida a assistir a um moonwalk feito pelos Jackson Five? Tears In Heaven!,0,0,1.779296875,-2.107421875,-3.88671875,0.9798997044563293,0.02010023593902588,True
4.371.N,4.371,N,A tua mãe é como a luz da TV . Está todo o dia apagada.,0,0,3.02734375,-3.123046875,-6.150390625,0.9978718757629395,0.002128110034391284,True
5.392.N,5.392,N,Qual jogador jogava basquete? Shaquille O'Neal,0,0,2.111328125,-2.46484375,-4.576171875,0.9898107051849365,0.010189337655901909,True
5.3547.N,5.3547,N,Qual a profissão de gente chata? Carpinteiro.,0,0,3.66796875,-3.7578125,-7.42578125,0.9994046688079834,0.0005953406798653305,True
4.734.N,4.734,N,"Numa aula de filosofia do 1 ° período: "" Penso, logo existo . """,0,0,1.9990234375,-2.357421875,-4.3564453125,0.9873384237289429,0.012661521323025227,True
5.1078.N,5.1078,N,Qual o bolo mais barulhento que existe? Bolo de aniversário.,0,0,3.712890625,-3.85546875,-7.568359375,0.9994837045669556,0.0005162725574336946,True
5.3004.N,5.3004,N,Qual refeição que volta mais rápido do que vai? Almoço.,0,0,3.6796875,-3.87890625,-7.55859375,0.9994786381721497,0.0005213362746872008,True
4.710.H,4.710,H,Comprei um pónei e chamei-lhe Mário. Pode-se dizer que tenho um cavalo Marinho.,1,0,-0.12481689453125,-0.1568603515625,-0.03204345703125,0.50801020860672,0.4919898211956024,False
5.1495.H,5.1495,H,Qual o herói favorito de Deus? Clark Crente.,1,1,-3.779296875,3.9296875,7.708984375,0.00044857567991130054,0.9995513558387756,True
4.335.N,4.335,N,O que fazem os triângulos quando estão cansados? Dormem.,0,0,3.5625,-3.796875,-7.359375,0.9993638396263123,0.0006361912237480283,True
5.1585.H,5.1585,H,Qual é o melhor chá para calvície? Chapéu.,1,1,-2.349609375,2.40234375,4.751953125,0.008560892194509506,0.9914391040802002,True
5.394.N,5.394,N,Qual apresentador está na pior? José Luís Datena.,0,0,3.71484375,-3.931640625,-7.646484375,0.9995225667953491,0.00047749257646501064,True
5.72.N,5.72,N,Qual é a roupa mais inapropriada para usar num avião? Biquíni.,0,0,3.63671875,-3.71484375,-7.3515625,0.9993588328361511,0.0006411777576431632,True
5.133.N,5.133,N,Qual cantor adora cozinhar? Hélice Cooper.,0,0,3.56640625,-3.625,-7.19140625,0.9992475509643555,0.0007524627144448459,True
5.1061.H,5.1061,H,Qual doença temos que coletar esperma? Cataporra.,1,1,-3.228515625,3.537109375,6.765625,0.001151399570517242,0.998848557472229,True
5.482.N,5.482,N,Qual doença se contrai quando come muito ovo? Colesterol.,0,0,3.119140625,-3.291015625,-6.41015625,0.9983579516410828,0.0016420666361227632,True
5.3466.H,5.3466,H,Cantora que nunca tem data disponível pra show? ZizimPossible.,1,1,-2.919921875,3.255859375,6.17578125,0.002074867021292448,0.9979251623153687,True
4.470.H,4.470,H,Porque é que o mar é azul? Porque os peixes fazem blue... blue... blue...,1,1,-0.36279296875,0.64208984375,1.0048828125,0.26798248291015625,0.7320175170898438,True
5.3911.H,5.3911,H,Qual a cidade paulista as pessoas rezam e fazem artesanato? Em Budas Artes.,1,1,-3.451171875,3.81640625,7.267578125,0.0006973132840357721,0.9993026256561279,True
5.1971.H,5.1971,H,Porque a fada madrinha estava com um isqueiro na mão indo em direção a uma vela no candelabro? Pra acenderela ,1,1,-2.9375,3.279296875,6.216796875,0.001991652650758624,0.9980083107948303,True
5.3825.H,5.3825,H,Qual o mês do Popó? Junho de Aço.,1,1,-2.98046875,3.412109375,6.392578125,0.0016711376374587417,0.9983288645744324,True
5.1643.N,5.1643,N,Qual é a série que se passa no norte do país? 3%.,0,0,2.85546875,-3.240234375,-6.095703125,0.9977524876594543,0.0022474629804491997,True
5.479.H,5.479,H,Por que os mamíferos são os únicos animais que conseguem tossir?  Porque só o leite que tem lacTOSSE.,1,1,-3.68359375,3.849609375,7.533203125,0.000534735678229481,0.99946528673172,True
5.1387.N,5.1387,N,Qual cantora escreveu Sitio do Picapau Amarelo? A Katy Perry.,0,0,3.740234375,-3.826171875,-7.56640625,0.9994826316833496,0.000517281296197325,True
5.122.H,5.122,H,Como chama a cerveja que você só toma de 2 em 2 anos? Beer nal.,1,1,-3.40625,3.84375,7.25,0.0007096704212017357,0.9992903470993042,True
5.2488.N,5.2488,N,Qual é o bloco do índio que não bebe nem fuma? Bloquinho infantil.,0,0,3.630859375,-3.775390625,-7.40625,0.9993928670883179,0.0006070755771361291,True
5.1731.N,5.1731,N,Qual é o pote que toca música? O Spotted Fest.,0,1,-1.6005859375,1.5625,3.1630859375,0.04057874158024788,0.9594212770462036,False
4.653.N,4.653,N,O Artur detesta chuva e o Paulo vento.,0,0,1.6025390625,-1.7958984375,-3.3984375,0.9676556587219238,0.032344333827495575,True
5.108.H,5.108,H,Qual é o lago que não sabe o alfabeto? Paranoá.,1,0,3.435546875,-3.55078125,-6.986328125,0.9990763664245605,0.0009235807810910046,False
5.3231.N,5.3231,N,Por que o rapaz não mostrou os slides em sua apresentação na empresa? Porque ele esqueceu de levar.,0,0,3.001953125,-3.1640625,-6.166015625,0.9979047775268555,0.0020951859187334776,True
5.2302.N,5.2302,N,Por que uma parede ficou decepcionada com a outra? Porque ela era quebrada.,0,0,3.265625,-3.36328125,-6.62890625,0.9986801743507385,0.0013198636006563902,True
5.1264.N,5.1264,N,Em qual seleção joga o atleta mais baladeiro? Brasil.,0,0,3.724609375,-3.849609375,-7.57421875,0.9994866847991943,0.0005132578662596643,True
4.156.H,4.156,H,Qual é a língua mais falada nas prisões portuguesas? É o português corrente.,1,0,2.072265625,-2.560546875,-4.6328125,0.9903663396835327,0.009633652865886688,False
5.2095.H,5.2095,H,O que o rapaz falou quando viu batatinhas em um saquinho? É uma chips? ,1,1,-2.3359375,2.390625,4.7265625,0.008779109455645084,0.9912208914756775,True
5.3209.H,5.3209,H,Qual rainha que bebe cerveja? Squeencariol.,1,1,-3.421875,3.736328125,7.158203125,0.0007778466097079217,0.9992221593856812,True
5.2707.N,5.2707,N,Por que o tubo de pomada foi espremido? Porque era um creme.,0,0,2.7578125,-2.955078125,-5.712890625,0.9967076778411865,0.0032922360114753246,True
5.1193.N,5.1193,N,Qual a sandália usada no exército? Sandália crocs.,0,1,0.04010009765625,0.0477294921875,0.00762939453125,0.4980926811695099,0.5019073486328125,False
4.445.H,4.445,H,De que material são compostas as pedras nos rins? De xixisto.,1,1,-3.716796875,3.9375,7.654296875,0.00047377843293361366,0.9995262622833252,True
5.3957.H,5.3957,H,Qual rapper que te convidava pro sexo oral? Chupac.,1,1,-3.818359375,4.171875,7.990234375,0.000338639976689592,0.9996613264083862,True
5.1149.N,5.1149,N,Qual personagem de dragon ball nasceu na Alemanha e não come carne? Kurilin.,0,0,3.166015625,-3.224609375,-6.390625,0.9983256459236145,0.0016743995947763324,True
5.3277.H,5.3277,H,Qual cantor registrava a entrada de ets? Ovinicius de Moraes.,1,0,1.2763671875,-0.9033203125,-2.1796875,0.8984104990959167,0.10158944129943848,False
5.3196.H,5.3196,H,Qual o eletrodoméstico perfeito para misturar currículos? O Linkedinficador.,1,1,-2.07421875,2.462890625,4.537109375,0.010590936057269573,0.9894090890884399,True
5.3591.H,5.3591,H,"O que o Fred Flintstone disse quando percebeu que instalou um programa indesejado? Ih, aba da Baidu.",1,1,-3.7734375,3.96875,7.7421875,0.00043393249507062137,0.9995660185813904,True
4.170.H,4.170,H,Qual é o jogo preferido das vesículas? O biliar.,1,1,-0.12054443359375,0.2103271484375,0.33087158203125,0.4180285632610321,0.5819714069366455,True
5.203.H,5.203,H,Por que muitos jogadores do Corínthians não foram à festa de comemoração do título brasileiro? Porque a festa foi muito longe. Lá na casa do Carille!,1,1,-2.373046875,2.5546875,4.927734375,0.007190811913460493,0.9928091764450073,True
5.3443.H,5.3443,H,Qual atriz é um cereal? Jennifer é Neston.,1,1,-2.951171875,3.166015625,6.1171875,0.0021997978910803795,0.9978001713752747,True
5.281.N,5.281,N,Qual é o cantor que melhor improvisa com as ferramentas que tem à disposição? Zé Ramalho.,0,0,3.67578125,-3.908203125,-7.583984375,0.9994916915893555,0.0005082725547254086,True
5.695.N,5.695,N,Qual é o tipo de roupa que os magros não podem usar? As feitas de linho.,0,0,3.2734375,-3.541015625,-6.814453125,0.9989033937454224,0.0010965894907712936,True
5.1162.H,5.1162,H,Qual o bairro de São Paulo que só tem Japoneses? Japaquara,1,0,3.71875,-3.830078125,-7.548828125,0.999473512172699,0.000526449759490788,False
5.2508.N,5.2508,N,Qual é o planeta que ama a todos? A terra.,0,0,3.6875,-3.87890625,-7.56640625,0.9994826316833496,0.000517281296197325,True
5.2703.N,5.2703,N,Qual jogo antigo fica tentando as pessoas contra sua religião? Pacman.,0,0,3.59375,-3.767578125,-7.361328125,0.9993650317192078,0.0006349506438709795,True
4.672.N,4.672,N,Qual é o melhor óleo para lubrificar o sexo? Óleo corporal.,0,0,1.2138671875,-1.45703125,-2.6708984375,0.9352874159812927,0.06471257656812668,True
5.3591.N,5.3591,N,"O que o Fred Flintstone disse quando percebeu que instalou um programa indesejado? Ah, não.",0,0,3.37109375,-3.7734375,-7.14453125,0.9992114305496216,0.0007885458180680871,True
4.152.H,4.152,H,Já estreou o novo espetáculo com legos ao vivo. É uma peça de teatro.,1,0,2.873046875,-3.044921875,-5.91796875,0.9973165392875671,0.0026834397576749325,False
4.371.H,4.371,H,A tua mãe é como a luz da TV. Está todo o dia acesa.,1,0,3.013671875,-3.03125,-6.044921875,0.9976357221603394,0.002364262705668807,False
4.96.N,4.96,N,Que nome se dá a um cacto engraçado? Cacti.,0,0,3.791015625,-3.931640625,-7.72265625,0.9995575547218323,0.0004424872749950737,True
5.1264.H,5.1264,H,Em qual seleção joga o atleta mais baladeiro? Agito.,1,0,0.2626953125,-0.1455078125,-0.408203125,0.6006569266319275,0.3993430435657501,False
5.2395.H,5.2395,H,Qual é o remédio que se compra quando vai à padaria? BuscoPão.,1,1,-3.841796875,3.98828125,7.830078125,0.00039743640809319913,0.9996026158332825,True
4.617.N,4.617,N,Por que é que o Napoleão era sempre convidado para todas as festas? Porque era animado.,0,0,3.693359375,-3.896484375,-7.58984375,0.9994946718215942,0.0005053045460954309,True
4.343.H,4.343,H,Qual é a nacionalidade de um canalizador de bigode? É um mexe-cano.,1,1,-3.64453125,3.935546875,7.580078125,0.0005102608120068908,0.9994896650314331,True
5.1722.N,5.1722,N,"Qual é o bruxo-malvadão que ia, mas já voltou? Draco Malfoi.",0,1,-3.802734375,3.9296875,7.732421875,0.0004381890466902405,0.9995618462562561,False
5.1984.H,5.1984,H,Por que o eletricista ficou louco quando viu seu carro? Porque viu o Fio Rino ,1,1,-3.744140625,3.955078125,7.69921875,0.0004529758298303932,0.9995469450950623,True
5.2125.H,5.2125,H,O que o rapaz fez com as fotos que tirou no ano novo? Reveillou ,1,0,0.2412109375,0.047943115234375,-0.193267822265625,0.5481671094894409,0.4518328905105591,False
5.2189.H,5.2189,H,Quem é a cantora que trabalha com transporte público nos Estados Unidos? Van USA ,1,1,-3.841796875,4.1015625,7.943359375,0.0003548858512658626,0.9996451139450073,True
4.539.H,4.539,H,"Será que os meus amigos vão passar férias a países do médio oriente? Uns, Irão. Os outros, Paquistão.",1,0,2.359375,-2.509765625,-4.869140625,0.9923785924911499,0.007621430326253176,False
5.3370.N,5.3370,N,"Qual ator é a junção de um tigre, um super-herói e um cantor? Lion.",0,0,3.041015625,-3.4375,-6.478515625,0.9984662532806396,0.0015337332151830196,True
5.3659.N,5.3659,N,Qual integrante dos Castro Brothers gosta de te estudar na língua culta? Matheus Castro,0,0,3.732421875,-3.689453125,-7.421875,0.9994022846221924,0.0005976693355478346,True
4.559.N,4.559,N,Porque é que os conspiracionistas não usam o Google Chrome? Porque não podem aceitar cookies.,0,0,3.060546875,-3.3125,-6.373046875,0.9982959628105164,0.001704041613265872,True
5.694.H,5.694,H,Qual cantora espirra muito? Atchimna Turner.,1,1,-3.017578125,3.15234375,6.169921875,0.0020870345178991556,0.9979129433631897,True
4.307.N,4.307,N,Quanto tempo demora um gelado a derreter? Cerca de um quarto de hora.,0,0,3.123046875,-3.326171875,-6.44921875,0.9984207153320312,0.0015792594058439136,True
5.1193.H,5.1193,H,Qual a sandália usada no exército? Melíssia.,1,0,2.82421875,-2.955078125,-5.779296875,0.9969186782836914,0.0030813636258244514,False
4.491.H,4.491,H,Não há muitos elefantes em Moçambique. Mas no Zimbabué.,1,1,-3.0703125,3.39453125,6.46484375,0.0015548133524134755,0.9984452128410339,True
5.1929.N,5.1929,N,Qual joalheria não usa gasolina? Vivara.,0,1,-1.2099609375,1.46875,2.6787109375,0.06424132734537125,0.9357587099075317,False
4.751.N,4.751,N,"Como correu a primeira final de sempre da Liga dos Campeões com patos? Foi bem disputada, cheia de craques da bola e acabou com a vitória do  Real Madrid.",0,0,2.734375,-2.83984375,-5.57421875,0.9962199330329895,0.00378009513951838,True
4.447.H,4.447,H,Para que é que se plantam garfos? Para depois colher.,1,1,-1.2080078125,1.240234375,2.4482421875,0.07956718653440475,0.9204327464103699,True
5.1472.N,5.1472,N,Qual o melhor pote da cozinha? O de arroz.,0,0,3.626953125,-3.736328125,-7.36328125,0.9993663430213928,0.0006337125087156892,True
5.54.H,5.54,H,Qual é o personagem histórico que fui eu que indiquei? Pero Vaz de indica minha.,1,1,-3.099609375,3.390625,6.490234375,0.0015158916357904673,0.9984840750694275,True
4.198.N,4.198,N,"Porque é que a febre tifóide é tão perigosa? Porque ou tu a curas, ou ela agrava-se mesmo.",0,0,3.07421875,-3.419921875,-6.494140625,0.9984899759292603,0.0015099906595423818,True
4.622.H,4.622,H,Que tamanho de roupa vestem as videntes? Tamanho médium.,1,1,-3.0703125,3.328125,6.3984375,0.0016613906482234597,0.9983385801315308,True
5.2312.H,5.2312,H,Qual é o nome da banda favorita das pessoas cansadas? Exausta samba,1,1,-3.30078125,3.55078125,6.8515625,0.001056683948263526,0.9989433884620667,True
4.36.H,4.36,H,Uma loira viu um jogo de futebol que acabou 1-0. Qual foi o seu jogador preferido? O Vidoso. Porque o golo foi do Vidoso.,1,0,2.87109375,-3.20703125,-6.078125,0.9977127313613892,0.0022872271947562695,False
5.1869.H,5.1869,H,Que parte do corpo cuida das coisas? To no zelo,1,1,-3.693359375,3.919921875,7.61328125,0.0004936049808748066,0.9995063543319702,True
5.41.N,5.41,N,Qual cantora brasileira só cria galinha? Ivete.,0,0,3.75,-3.75390625,-7.50390625,0.9994493126869202,0.000550624739844352,True
5.635.H,5.635,H,Qual é o policial que não gosta de gente com boca suja? Guarda napo.,1,1,-3.71875,4.00390625,7.72265625,0.0004424872749950737,0.9995575547218323,True
5.1678.N,5.1678,N,Quem foi a primeira pessoa que comprou um apartamento na planta? O Roberto.,0,0,3.640625,-3.677734375,-7.318359375,0.9993371367454529,0.0006628098781220615,True
5.3685.N,5.3685,N,Qual chefe que não consulta livro de receitas? O Chefe de cozinha.,0,0,3.64453125,-3.859375,-7.50390625,0.9994493126869202,0.000550624739844352,True
4.215.N,4.215,N,O que diz a mãe quando vai por o filho à escola? Lá vai o meu rebento ...,0,0,2.380859375,-2.966796875,-5.34765625,0.9952632188796997,0.004736748989671469,True
4.430.N,4.430,N,O que diz um empregado para o outro? Vamos mas é trabalhar que o patrão está teso.,0,0,2.02734375,-2.42578125,-4.453125,0.9884918928146362,0.011508149094879627,True
5.3946.N,5.3946,N,O quê o seu Madruga usa pra tomar banho? A bucha.,0,0,3.24609375,-3.529296875,-6.775390625,0.9988597631454468,0.0011402228847146034,True
5.3490.H,5.3490,H,Qual hotel se hospedavam os Beatles? Let Ibis.,1,1,-3.3359375,3.611328125,6.947265625,0.0009603368234820664,0.9990395903587341,True
5.521.H,5.521,H,Qual ator que peida tão alto que ressoa? Francisco Cu Oco.,1,1,-2.876953125,3.107421875,5.984375,0.002511463360860944,0.9974884986877441,True
5.3342.H,5.3342,H,Qual o nervo que tem uma loja? O nervo C&A tico.,1,1,-2.947265625,3.330078125,6.27734375,0.0018748616566881537,0.9981251358985901,True
5.681.N,5.681,N,Qual matéria da escola pode machucar? Matemática.,0,0,3.58203125,-3.537109375,-7.119140625,0.9991912245750427,0.0008088073809631169,True
5.714.N,5.714,N,Qual o cantor que cheira toda a cocaína que trouxeram? Zeca pagodinho.,0,1,-1.978515625,2.291015625,4.26953125,0.013795364648103714,0.9862046241760254,False
5.2893.N,5.2893,N,Qual dupla canta a meia luz? Zezé de Camargo e Luciano,0,0,3.90625,-3.927734375,-7.833984375,0.9996041655540466,0.0003958875604439527,True
5.1245.H,5.1245,H,Por que a ovelha gosta de salgadinhos? Porque ela Éuma Sheeps.,1,1,-3.705078125,3.84765625,7.552734375,0.0005243983468972147,0.9994756579399109,True
5.1046.N,5.1046,N,Qual o canal para fumantes infantis? Discovery Kids.,0,0,3.708984375,-3.7734375,-7.482421875,0.9994373917579651,0.0005625758203677833,True
5.2397.N,5.2397,N,Qual o Podcast favorito desse canal? NLP - Data Hackers.,0,1,-1.4990234375,1.5693359375,3.068359375,0.04443143308162689,0.9555686116218567,False
5.2592.N,5.2592,N,Qual a composição do peido do Papa? 100% metano.,0,0,3.205078125,-3.408203125,-6.61328125,0.9986593723297119,0.0013406204525381327,True
5.92.H,5.92,H,Qual o parente que não serve pra nada? Inú tio.,1,1,-3.47265625,3.818359375,7.291015625,0.0006811710773035884,0.9993188381195068,True
5.2183.H,5.2183,H,Qual é a hortaliça que faz sucesso no norte e nordeste? Cebola Arroxa ,1,1,-0.7763671875,0.62646484375,1.40283203125,0.1973671168088913,0.8026329278945923,True
5.465.H,5.465,H,Qual estado brasileiro mais toma refrigerante? Fanta Catarina.,1,1,-3.9140625,4.07421875,7.98828125,0.00033930179779417813,0.9996607303619385,True
4.486.H,4.486,H,"Vira-se um computador grande para o pequeno: Olha só para ti, tão pequeno e já computas.",1,1,-2.58203125,2.919921875,5.501953125,0.004062228836119175,0.9959378242492676,True
4.404.H,4.404,H,O que são duas cenouras a discutir? Poluição cenora.,1,1,-3.880859375,4.05859375,7.939453125,0.00035627433680929244,0.9996436834335327,True
5.2452.N,5.2452,N,Qual é o salgado muito bom que não deixa ninguem transar? Croquete.,0,0,3.3984375,-3.6875,-7.0859375,0.9991638660430908,0.0008360902429558337,True
5.3733.H,5.3733,H,Qual é o esporte de praia que deixa a bola bêbada? Altinha.,1,1,-3.40234375,3.71484375,7.1171875,0.000810387369710952,0.999189555644989,True
5.354.H,5.354,H,Por que Cuba foi na festa dos países? Pra socializar.,1,0,3.19921875,-3.181640625,-6.380859375,0.9983091354370117,0.0016908030956983566,False
4.109.H,4.109,H,Que nome se dá a um cão que vai à missa? Cachorro crente.,1,0,0.0789794921875,-0.0226898193359375,-0.1016693115234375,0.5253954529762268,0.4746045768260956,False
5.810.H,5.810,H,Por que quando você reclamou eles nunca responderam? Porque eram lentos de contato.,1,0,2.265625,-2.638671875,-4.904296875,0.9926398992538452,0.0073600816540420055,False
5.1732.H,5.1732,H,Por que algumas pessoas não ficavam acordadas de madrugada pra ver as Olimpíadas? Por medo do espírito olímpico,1,0,2.5546875,-2.640625,-5.1953125,0.9944880604743958,0.005511933472007513,False
5.2200.H,5.2200,H,Qual é o filme favorito da cabra? A bruxa de béé,1,1,-3.224609375,3.513671875,6.73828125,0.0011832797899842262,0.998816728591919,True
5.728.H,5.728,H,"Qual é o nome da doença que acomete vítimas de sequestro que não têm espelho no cativeiro? Síndrome de ""ESTOU COMO?""",1,1,-2.859375,3.220703125,6.080078125,0.00228277500718832,0.9977172613143921,True
5.3762.H,5.3762,H,Qual é o jogador de futebol que sempre se protege do sol? Frank de Boné ,1,1,-2.89453125,3.30078125,6.1953125,0.002034817123785615,0.9979652166366577,True
5.83.H,5.83,H,Qual é o animal que mais sofre com enfermidades? O condor.,1,0,3.609375,-3.92578125,-7.53515625,0.9994663596153259,0.0005336928297765553,False
5.441.H,5.441,H,Por que todo fã de Nirvana também gosta do Jorge Ben Jor? Porque fã de Nirvana Curte com Ben.,1,1,-0.88623046875,1.294921875,2.18115234375,0.10145583003759384,0.898544192314148,True
5.3395.N,5.3395,N,Qual o remédio que te convence a pedir um carro pra vc se deslocar? Dipirona.,0,0,3.392578125,-3.6796875,-7.072265625,0.999152421951294,0.000847589981276542,True
5.1598.H,5.1598,H,Qual é o animal que voa no deserto? Dronedário.,1,1,-3.142578125,3.494140625,6.63671875,0.0013096056645736098,0.9986904263496399,True
5.3132.N,5.3132,N,Qual o exercício preferido das abelhas? Voar.,0,0,3.404296875,-3.56640625,-6.970703125,0.9990618824958801,0.0009381115669384599,True
4.466.H,4.466,H,Como é que as pombas se reproduzem? Uma em cima da outra e POMBA POMBA POMBA!,1,1,-3.306640625,3.75,7.056640625,0.0008609261130914092,0.9991390705108643,True
5.3645.H,5.3645,H,Qual é o desenho onde o personagem principal só consegue dinheiro em outro planeta? Rico em Marte.,1,1,-2.623046875,2.96875,5.591796875,0.00371447391808033,0.9962855577468872,True
5.3807.H,5.3807,H,Qual senador que proíbe piadas? Ri não Calheiros.,1,1,-3.587890625,3.822265625,7.41015625,0.0006047102506272495,0.9993952512741089,True
4.607.H,4.607,H,Por que é que o motard foi despedido? Porque não estava capacetado para o trabalho.,1,1,-1.953125,2.361328125,4.314453125,0.013197362422943115,0.9868026375770569,True
5.3287.N,5.3287,N,Qual o ingrediente principal na comida de quem apanhou? RepOlho Roxo.,0,1,-3.36328125,3.716796875,7.080078125,0.0008409994770772755,0.9991589784622192,False
5.3522.N,5.3522,N,O que é que tem abas e é gostoso de lamber? Absorvente.,0,0,1.87109375,-1.8994140625,-3.7705078125,0.9774785041809082,0.022521456703543663,True
5.2643.H,5.2643,H,Qual é o nome de um cabeleireiro? Saulão de Beleza.,1,1,-1.3828125,1.5966796875,2.9794921875,0.04836098849773407,0.95163893699646,True
5.3238.N,5.3238,N,Qual queijo dirige carro? Rockerford.,0,1,-3.427734375,3.55078125,6.978515625,0.0009308178559876978,0.9990691542625427,False
4.213.N,4.213,N,Como é que se chama uma empregada doméstica chinesa? Lee.,0,0,2.603515625,-3.115234375,-5.71875,0.9967268705368042,0.0032730645034462214,True
4.245.H,4.245,H,Que nome se dá a um homem que via mas agora já não vê? Tobias.,1,0,2.646484375,-3.080078125,-5.7265625,0.9967523813247681,0.0032476766500622034,False
4.40.H,4.40,H,"Hoje no trânsito disse ""amo-te"" a um semáforo. O semáforo ficou vermelho.",1,0,3.16015625,-3.287109375,-6.447265625,0.9984176158905029,0.001582341967150569,False
5.3223.H,5.3223,H,Qual o contrário de vadia? Voltenoite.,1,1,-2.8671875,3.23828125,6.10546875,0.002225670963525772,0.9977743029594421,True
5.424.H,5.424,H,Qual deus grego me deixa puto? Mienerva.,1,1,-2.357421875,2.623046875,4.98046875,0.006823954172432423,0.9931760430335999,True
5.2301.H,5.2301,H,"Por que o militar sempre ia no futebol, mas nunca jogava? Porque era militar de reserva.",1,0,3.412109375,-3.51953125,-6.931640625,0.999024510383606,0.0009754452621564269,False
4.324.N,4.324,N,Quais são as escadas que demoram mais a subir? São as escadas em pedra.,0,0,2.486328125,-2.96875,-5.455078125,0.9957436919212341,0.004256349056959152,True
5.1043.N,5.1043,N,Qual é o pokémon da umbanda? O Olorum,0,1,-3.18359375,3.462890625,6.646484375,0.0012968953233212233,0.998703122138977,False
5.3942.N,5.3942,N,Qual a bebida preferida dos sindicalistas? Café.,0,0,3.833984375,-3.900390625,-7.734375,0.999562680721283,0.0004373344127088785,True
5.1015.H,5.1015,H,O que são vários números 2 caindo do céu? Twova.,1,1,-3.740234375,4.0625,7.802734375,0.00040844923933036625,0.9995915293693542,True
5.778.H,5.778,H,Por que o cara que não fazia exercícios prestou odonto?  Pra ser dentário.,1,0,0.56689453125,-0.346923828125,-0.913818359375,0.7137808799743652,0.2862190902233124,False
5.3328.H,5.3328,H,Como se chamam os jovens barbeiros? Molecortes.,1,1,-3.71484375,4.00390625,7.71875,0.00044421834172680974,0.999555766582489,True
5.1377.H,5.1377,H,"Por que o professor de natação largou o emprego? Porque ele ensinou, ensinou, e o aluno nada.",1,1,-3.1796875,3.689453125,6.869140625,0.0010382906766608357,0.9989616870880127,True
5.4048.N,5.4048,N,Qual a música preferida dos cachorros? Cão amigo.,0,1,-0.767578125,0.91943359375,1.68701171875,0.15616923570632935,0.8438308238983154,False
4.524.N,4.524,N,Partir o pescoço foi uma experiência aterrorizante . Mas agora já estou a melhorar.,0,0,1.5732421875,-2.1796875,-3.7529296875,0.9770883321762085,0.022911692038178444,True
5.1054.N,5.1054,N,Por que o carbono alfa ficou nervoso? Porque uma carboxila tirou a mulher dele.,0,1,-2.85546875,3.271484375,6.126953125,0.0021784668788313866,0.997821569442749,False
5.1066.H,5.1066,H,Qual o sanduíche de queijo com mosquito? Cheese-kungunya.,1,1,-3.626953125,3.76171875,7.388671875,0.0006178345065563917,0.9993821382522583,True
