id,pair_id,suffix,text,true_label,predicted_label,logit_non_pun,logit_pun,pun_score,probability_non_pun,probability_pun,correct
4.66.N,4.66,N,Eu adoro fiambre . E também queijo.,0,0,1.1328125,-0.9609375,-2.09375,0.8902942538261414,0.10970576852560043,True
4.600.H,4.600,H,O que são quatro pontos pretos no chão? Fourmigas.,1,1,-1.1953125,1.234375,2.4296875,0.0809367224574089,0.9190633296966553,True
5.694.N,5.694,N,Qual cantora espirra muito? Anitta.,0,0,1.8203125,-1.6015625,-3.421875,0.9683812260627747,0.031618766486644745,True
5.443.N,5.443,N,O que o Doutor exclamou ao examinar o Silvio Santos que reclamava de uma dor nas costas? É dor na Lombar.,0,0,1.125,-0.8359375,-1.9609375,0.8766343593597412,0.1233656257390976,True
5.3500.N,5.3500,N,Qual a bacteria que só pega em mulher? Salmonela.,0,1,-0.66796875,0.74609375,1.4140625,0.19559407234191895,0.804405927658081,False
4.713.N,4.713,N,O que é um anão? É um Humano.,0,0,1.46875,-1.21875,-2.6875,0.9362850189208984,0.06371499598026276,True
5.3787.H,5.3787,H,Qual ator estrangeiro já foi PM? Guiliano Algemma,1,1,-1.609375,1.5234375,3.1328125,0.04177388176321983,0.9582260847091675,True
5.3868.N,5.3868,N,Qual marca de hotéis virou presidente? Trump.,0,0,1.8828125,-1.640625,-3.5234375,0.9713473320007324,0.028652671724557877,True
4.656.H,4.656,H,Por que é que o Pai Natal não vai entregar as prendas a tempo? Porque tem os trabalhadores duendes.,1,1,-0.89453125,0.83984375,1.734375,0.15002882480621338,0.8499711751937866,True
4.483.N,4.483,N,Porque é que há tantas mulheres feias? Porque a verdadeira beleza está no interior.,0,0,1.1328125,-0.78515625,-1.91796875,0.8719117641448975,0.12808825075626373,True
4.473.H,4.473,H,Quem estiver desempregado fale com alguns bebés. Ouvi dizer que dão muito trabalho.,1,0,0.1796875,-0.10986328125,-0.28955078125,0.5718861818313599,0.4281138479709625,False
5.3656.H,5.3656,H,Qual vilão da Marvel data do período paleolítico?  Dormammute.,1,1,-1.3203125,1.2578125,2.578125,0.07055959850549698,0.929440438747406,True
5.1441.H,5.1441,H,O que o escorregador falou para o outro? Aqui os ânus passam depressa.,1,1,-0.380859375,0.412109375,0.79296875,0.31153157353401184,0.6884683966636658,True
4.665.H,4.665,H,O que disse a Selena Gomez quando encontrou o aspirador? Taki Taki Roomba!,1,1,-1.2734375,1.203125,2.4765625,0.07751765847206116,0.9224823713302612,True
5.4014.N,5.4014,N,Por que no interiorzão não dá pra ouvir música? Porque lá o silêncio impera.,0,0,0.80859375,-0.7734375,-1.58203125,0.8294920325279236,0.17050801217556,True
5.1884.H,5.1884,H,Qual é o cantor favorito da Ludmila? Funk Aguiar ,1,1,-1.03125,0.92578125,1.95703125,0.12378869950771332,0.8762113451957703,True
5.3981.H,5.3981,H,Qual o super herói dono de uma igreja? Homem de Fé rro.,1,1,-1.4765625,1.3125,2.7890625,0.057918086647987366,0.942081868648529,True
5.614.H,5.614,H,Qual é o carro preferido do Wolverine? Logan.,1,0,2.0,-1.7734375,-3.7734375,0.9775429368019104,0.022457053884863853,False
5.2965.H,5.2965,H,Por que o Ciro Gomes fez implante? Problemas CaPillar.,1,1,-1.375,1.296875,2.671875,0.06465348601341248,0.9353464841842651,True
4.224.N,4.224,N,Vira-se um porta-moedas para uma carteira: nunca reparas em mim ...,0,0,0.2490234375,-0.2021484375,-0.451171875,0.6109178066253662,0.3890822231769562,True
5.3957.N,5.3957,N,Qual rapper que te convidava pro sexo oral? RM.,0,0,1.390625,-1.2578125,-2.6484375,0.9339146018028259,0.06608538329601288,True
5.1310.H,5.1310,H,Onde as aranhas compram material de construção? Teia Norte.,1,1,-0.9296875,0.95703125,1.88671875,0.13161905109882355,0.8683809638023376,True
5.3785.H,5.3785,H,Qual o jogo preferido dos estudantes que moram juntos? Riders República.,1,1,-1.2578125,1.34375,2.6015625,0.06903792172670364,0.930962085723877,True
4.46.H,4.46,H,Estão dois gatinhos à procura da mãe. Qual é o filme? Mamma mia!,1,1,-0.8125,0.78515625,1.59765625,0.16830943524837494,0.8316905498504639,True
5.2841.H,5.2841,H,Qual o ator que produz vinho? Vinícolas Cage ,1,1,-1.15625,1.140625,2.296875,0.09138209372758865,0.9086179733276367,True
5.354.N,5.354,N,Por que Singapura foi na festa dos países? Pra socializar.,0,0,1.140625,-0.95703125,-2.09765625,0.8906751871109009,0.10932483524084091,True
4.224.H,4.224,H,Vira-se um posta-moedas para uma carteira: nunca notas em mim...,1,1,-0.70703125,0.408203125,1.115234375,0.24689632654190063,0.7531036734580994,True
5.3500.H,5.3500,H,Qual a bacteria que só prega em mulher? Salmo nelas.,1,1,-0.9375,0.9609375,1.8984375,0.13028542697429657,0.869714617729187,True
5.1598.N,5.1598,N,Qual é o animal que voa no deserto? Abutre.,0,0,1.4453125,-1.234375,-2.6796875,0.9358173608779907,0.06418263912200928,True
5.1498.N,5.1498,N,O que o galo foi fazer na delegacia? Denunciar.,0,0,1.328125,-1.2109375,-2.5390625,0.9268352389335632,0.07316471636295319,True
4.660.H,4.660,H,"Como se chama um cão sem patas? Não se chama, vai-se buscar.",1,0,0.7109375,-0.57421875,-1.28515625,0.7833262085914612,0.21667379140853882,False
5.513.H,5.513,H,Qual o contrário de diagnóstico? Noite crente.,1,1,-0.6484375,0.49609375,1.14453125,0.24148939549922943,0.7585106492042542,True
4.609.H,4.609,H,Um fulano passou três dias na piscina e depois foi ao médico. Qual foi o diagnóstico? Nada demais.,1,0,0.7890625,-0.314453125,-1.103515625,0.7509182095527649,0.24908174574375153,False
5.2752.H,5.2752,H,"""""""Qual o poeta mais mortal da língua portuguesa? Mário Kitana""""""",1,1,-0.921875,0.8515625,1.7734375,0.14511536061763763,0.854884684085846,True
5.2189.N,5.2189,N,Quem é a cantora que trabalha com transporte público nos Estados Unidos?  Beyoncé,0,0,1.8046875,-1.59375,-3.3984375,0.9676556587219238,0.032344333827495575,True
5.3400.N,5.3400,N,Em qual série não gostam de uma banda de rock? Todo mundo odeia o Chris.,0,0,1.3828125,-1.171875,-2.5546875,0.9278878569602966,0.07211221009492874,True
5.1303.H,5.1303,H,Qual o chá preferido dos britânicos para se acalmar? C'mon Mila.,1,1,-1.0234375,1.078125,2.1015625,0.10894504189491272,0.8910549879074097,True
5.41.H,5.41,H,Qual cantora brasileira só cria galinha? Ivete Sem Galo.,1,1,-1.359375,1.3125,2.671875,0.06465348601341248,0.9353464841842651,True
5.85.N,5.85,N,Qual é a tartaruga ninja que vive na Disney? O Miquelângelo.,0,1,-1.046875,1.0,2.046875,0.11436852067708969,0.8856314420700073,False
5.4032.H,5.4032,H,"Por que quando eu gritava dentro da caverna, o som só se repetia uma vez ? Porque era um Eco nômico.",1,1,-1.0859375,1.1015625,2.1875,0.10087861120700836,0.8991213440895081,True
5.674.N,5.674,N,Qual parente sempre deixa um pouco de comida no prato? A prima.,0,0,1.671875,-1.328125,-3.0,0.9525741338729858,0.04742587357759476,True
5.848.H,5.848,H,Qual personagem da Disney que ninguém gosta? Amarga Rida.,1,1,-1.3515625,1.1953125,2.546875,0.07263670116662979,0.9273633360862732,True
5.933.H,5.933,H,Qual é o nome do especialista em temperar carnes que não se esquecia do passado?  O Sal Dosista.,1,1,-0.46875,0.6015625,1.0703125,0.2553436756134033,0.7446563243865967,True
5.2329.H,5.2329,H,O que o videogame triste espera que a gente faça? Que o console.,1,0,0.64453125,-0.498046875,-1.142578125,0.7581526637077332,0.24184733629226685,False
2.10.N,2.10,N,Como o padre bateu o carro? Dando uma ré.,0,0,1.3828125,-1.234375,-2.6171875,0.9319595694541931,0.06804041564464569,True
5.2811.H,5.2811,H,Profissional que conhecia tudo a respeito de suínos? Ex Perito de Porco ,1,1,-1.28125,1.28125,2.5625,0.07159119844436646,0.9284088015556335,True
5.2965.N,5.2965,N,Por que o Ciro Gomes fez implante? Ele estava careca.,0,0,1.3203125,-1.1796875,-2.5,0.9241418242454529,0.07585818320512772,True
4.417.H,4.417,H,Porque é que os daltónicos têm péssima memória? Porque não sabem nada de cor.,1,0,0.67578125,-0.5703125,-1.24609375,0.7766229510307312,0.22337706387043,False
5.553.H,5.553,H,O que a Minnie falou pro namorado dela quando encostou na fogueira? Mickey mou Zé.,1,1,-1.375,1.2734375,2.6484375,0.06608538329601288,0.9339146018028259,True
5.306.H,5.306,H,Qual problema de saúde recorrente em matemáticos? Problema DIVISÃO,1,1,-1.015625,1.0625,2.078125,0.11124120652675629,0.8887588381767273,True
5.1021.H,5.1021,H,Qual galaxia treina com nutricionista? A Milky Whey,1,1,-1.1328125,1.1328125,2.265625,0.09401018172502518,0.9059898257255554,True
5.1929.H,5.1929,H,Qual idioma favorece o tráfico de órgãos? Manda rim ,1,1,-1.5234375,1.4375,2.9609375,0.04922211542725563,0.9507778882980347,True
4.77.H,4.77,H,"Se o futuro depende dos teus sonhos, não percas tempo. Vai dormir.",1,0,0.640625,-0.404296875,-1.044921875,0.7397986054420471,0.26020142436027527,False
5.1100.N,5.1100,N,Qual é a regra de matemática preferida dos funkeiros? Regra de três.,0,0,1.53125,-1.2734375,-2.8046875,0.9429286122322083,0.05707139894366264,True
5.823.N,5.823,N,Qual a banda que não deve nada pra ninguém? Skank.,0,0,1.6328125,-1.578125,-3.2109375,0.961243748664856,0.03875619173049927,True
5.3218.H,5.3218,H,Qual piloto nos enchia de orgulho? Emerson FittiProud.,1,1,-1.4296875,1.3125,2.7421875,0.06052938848733902,0.9394705891609192,True
5.2306.H,5.2306,H,Qual jornalista se especializou em falar de lanche de rua no Rio? Ana Paula Podrão.,1,1,-1.2109375,1.234375,2.4453125,0.07978201657533646,0.9202179908752441,True
5.3272.N,5.3272,N,Qual a janta favorita do ET? Ovine de Codorna.,0,1,-0.9375,0.87890625,1.81640625,0.13986565172672272,0.8601343035697937,False
5.3119.N,5.3119,N,Qual o nome da mãe do super-herói que nunca vai em praia com águas geladas? Martha Wayne.,0,0,1.4765625,-1.3203125,-2.796875,0.9425067901611328,0.05749328061938286,True
5.1150.H,5.1150,H,O que a mãe do chinês falou para ele fazer quando brigarem com ele? Xing.,1,0,0.412109375,-0.45703125,-0.869140625,0.7045668363571167,0.2954331338405609,False
4.616.N,4.616,N,Por que é que os hospitais não atendem telefones? Porque para isso há a Saúde 24.,0,0,0.34375,-0.0341796875,-0.3779296875,0.5933736562728882,0.4066263437271118,True
5.3704.N,5.3704,N,Onde o Sílvio conseguiu comprar novelas tão ruins? Na porta da Globo!,0,0,1.1484375,-1.0390625,-2.1875,0.8991213440895081,0.10087861120700836,True
4.678.N,4.678,N,Acabei de abrir a conta da água e a conta da luz ao mesmo tempo . Fiquei em pânico .,0,0,0.91015625,-0.416015625,-1.326171875,0.7902066707611084,0.20979328453540802,True
5.2738.H,5.2738,H,Po que a gente se sente mais equilibrado ao entrar em um rodízio? Porque ali é um centro de massa,1,1,-0.447265625,0.52734375,0.974609375,0.27396270632743835,0.7260372638702393,True
5.728.N,5.728,N,"Qual é o nome da doença que acomete vítimas de sequestro que não têm espelho no cativeiro? Síndrome de "" Estocolmo? """,0,0,0.40625,-0.328125,-0.734375,0.6757646203041077,0.32423537969589233,True
5.62.N,5.62,N,Qual é a atriz que só usa roupa da Zara? Taís Araújo.,0,0,1.875,-1.6875,-3.5625,0.9724147915840149,0.027585284784436226,True
5.2985.N,5.2985,N,Qual animal é coach? O homem.,0,0,2.03125,-1.703125,-3.734375,0.976669192314148,0.023330768570303917,True
5.2501.N,5.2501,N,Sabe por que a Gisele Bündchen só anda com roupa amassada? Porque ela cansou de passar roupa.,0,0,1.0625,-0.87890625,-1.94140625,0.8745065331459045,0.12549345195293427,True
5.1731.H,5.1731,H,Qual o tipo de investimento financeiro preferido da mulher que casou virgem? Day tarde,1,1,-1.0,0.96875,1.96875,0.12252321094274521,0.8774768114089966,True
5.3993.N,5.3993,N,Por que o cara sentia prazer em bater em si mesmo com um sapato? Porque era um masoquista.,0,0,1.140625,-0.8125,-1.953125,0.8757869601249695,0.12421300262212753,True
5.3218.N,5.3218,N,Qual piloto nos enchia de orgulho? Emerson.,0,0,1.71875,-1.6171875,-3.3359375,0.9656413197517395,0.034358687698841095,True
5.1829.H,5.1829,H,Qual é a cidade americana com muitas embarcações? Nas Vegas,1,0,0.9375,-0.87890625,-1.81640625,0.8601343035697937,0.13986565172672272,False
5.2237.N,5.2237,N,"Qual o cantor que, ao descobrir que é corno, resolve partir pra briga com o amante? José Ricardo",0,0,1.7890625,-1.75,-3.5390625,0.9717789888381958,0.02822098508477211,True
5.2312.N,5.2312,N,Qual é o nome da banda favorita das pessoas cansadas? Capital Inicial,0,0,1.625,-1.46875,-3.09375,0.9566342234611511,0.043365802615880966,True
4.381.N,4.381,N,O que acontece quando metes um tomate no micro-ondas? Estraga o molho.,0,0,0.4375,-0.236328125,-0.673828125,0.6623597741127014,0.3376401662826538,True
4.479.N,4.479,N,Qual é o osso que segura a cabeça? É o hioide.,0,0,0.240234375,-0.0135498046875,-0.2537841796875,0.5631076693534851,0.4368923008441925,True
4.545.H,4.545,H,"Qual é o lema dos perus? ""Um por todos e todos peru"".",1,1,-0.46484375,0.357421875,0.822265625,0.30528295040130615,0.6947170495986938,True
5.4098.H,5.4098,H,Qual molho é sempre servido em proporções exageradas? De Too Much.,1,1,-1.0859375,1.21875,2.3046875,0.09073549509048462,0.9092645049095154,True
4.632.H,4.632,H,Nem todos os esqueletos ouvem. Só os que têm rádio.,1,0,0.765625,-0.68359375,-1.44921875,0.8098781704902649,0.1901218295097351,False
4.681.H,4.681,H,"Decidi adotar um Chihuahua. Para quem não sabe, é um animal doméxico.",1,1,-0.39453125,0.48828125,0.8828125,0.2925952970981598,0.7074047327041626,True
5.841.H,5.841,H,Qual escritor sempre usava roupas de frio? Edgar Alã Põe.,1,1,-1.703125,1.578125,3.28125,0.03622005507349968,0.9637799859046936,True
4.587.N,4.587,N,Porque é que não se pode contratar com um cleptomaníaco? Porque ele leva tudo literalmente.,0,0,0.55859375,-0.45703125,-1.015625,0.7341195344924927,0.26588043570518494,True
4.510.H,4.510,H,"No outro dia estava a lavar o carro com o meu filho, vira-se ele: Pai, porque é que não usas uma esponja?",1,0,0.70703125,-0.54296875,-1.25,0.7772998809814453,0.22270013391971588,False
4.607.N,4.607,N,Por que é que o treinador foi despedido? Porque não estava capacitado para o trabalho.,0,0,1.0546875,-0.9765625,-2.03125,0.8840392827987671,0.11596072465181351,True
5.4014.H,5.4014,H,Por que no interiorzão não dá pra ouvir música? Porque lá o spotifaia.,1,1,-1.1484375,1.0703125,2.21875,0.09807932376861572,0.9019206762313843,True
5.659.N,5.659,N,Qual planta trabalha muito? Samambaia.,0,0,1.71875,-1.4140625,-3.1328125,0.9582260847091675,0.04177388176321983,True
5.2764.H,5.2764,H,Qual cantora q não come carne? A VegetaRhianna.,1,1,-1.46875,1.390625,2.859375,0.0541987270116806,0.9458011984825134,True
5.3488.H,5.3488,H,Que órgão ajudou encontrar o governador de São Paulo? A Procurar Doria.,1,1,-0.765625,0.70703125,1.47265625,0.18653921782970428,0.8134608268737793,True
5.1149.H,5.1149,H,Qual personagem de dragon ball nasceu na Alemanha e não come carne? Vegeta Ariano.,1,1,-1.2734375,1.265625,2.5390625,0.07316471636295319,0.9268352389335632,True
5.1756.N,5.1756,N,Qual tipo de roupa o Goku gostaria de dar de presente para sua esposa? Vestido.,0,0,1.921875,-1.515625,-3.4375,0.9688562154769897,0.031143832951784134,True
5.2014.N,5.2014,N,Em que parte do casa todos se encontram? Na área de lazer,0,0,1.5625,-1.34375,-2.90625,0.9481545686721802,0.05184546858072281,True
4.404.N,4.404,N,O que são duas cenouras a discutir? Poluição sonora.,0,0,0.83203125,-0.68359375,-1.515625,0.8198933005332947,0.18010665476322174,True
5.823.H,5.823,H,Qual a banda que não deve nada pra ninguém? Jaquitou 5.,1,1,-1.265625,1.21875,2.484375,0.07696084678173065,0.9230391979217529,True
4.247.H,4.247,H,"Se algum dia te sentires triste por não receberes correio, vai ao Google e faz uma pesquisa. Vais ter milhares de correspondências.",1,0,0.60546875,-0.244140625,-0.849609375,0.7004852294921875,0.2995148301124573,False
4.697.H,4.697,H,"Como se diz ""terror"" em japonês? Aikimedu.",1,0,0.890625,-0.7109375,-1.6015625,0.8322367072105408,0.167763352394104,False
4.341.N,4.341,N,Qual a semelhança entre o Adão e um homem? O Adão foi o primeiro homem que houve.,0,0,1.3828125,-1.03125,-2.4140625,0.9178933501243591,0.08210661262273788,True
4.20.N,4.20,N,Adoro mulheres com inteligência  . Têm centenas de pontos a seu favor.,0,0,0.5546875,-0.384765625,-0.939453125,0.7189891934394836,0.28101083636283875,True
5.433.N,5.433,N,Qual passarinho mais resistente que existe? A Andorinha.,0,0,1.2109375,-0.90625,-2.1171875,0.8925625681877136,0.10743748396635056,True
5.3934.N,5.3934,N,Qual a bebida do Rei? Cerveja,0,0,2.0,-1.71875,-3.71875,0.9763104915618896,0.023689469322562218,True
5.1141.H,5.1141,H,Qual é o cachorro é bom de briga? Jiu shih-tzu,1,0,1.6171875,-1.34375,-2.9609375,0.9507778882980347,0.04922211542725563,False
4.77.N,4.77,N,"Se o futuro depende dos teus sonhos, não percas tempo . Vai à luta.",0,0,0.76171875,-0.384765625,-1.146484375,0.7588682174682617,0.24113182723522186,True
5.480.N,5.480,N,Como morreu o rebanho dos judeus? Febre do gado,0,0,1.2734375,-1.1484375,-2.421875,0.9184802770614624,0.08151975274085999,True
5.2988.N,5.2988,N,Qual microorganismo é sempre passado pra trás? Vírus.,0,0,1.6796875,-1.421875,-3.1015625,0.9569571614265442,0.04304284602403641,True
5.3820.N,5.3820,N,"A menina dormiu muito, qual o nome do filme? Alice no país das maravilhas.",0,0,1.5390625,-1.3125,-2.8515625,0.9453993439674377,0.05460060387849808,True
5.2501.H,5.2501,H,Sabe por que a Gisele Bündchen só anda com roupa amassada? Porque ela cansou de passar elas.,1,0,0.65625,-0.5078125,-1.1640625,0.7620701193809509,0.23792991042137146,False
4.472.N,4.472,N,Qual é a fruta mais comum nos churrascos? É o abacaxi.,0,0,1.8359375,-1.625,-3.4609375,0.9695556163787842,0.030444350093603134,True
5.2047.N,5.2047,N,"Qual conto mostra a história de alguém que acha a esposa linda, mas quando ela o procura de noite, ele nega? A pequena sereia.",0,0,1.25,-1.0234375,-2.2734375,0.9066531658172607,0.09334688633680344,True
5.1829.N,5.1829,N,Por que o oficial pediu licença bem no dia do bombardeio? Porque ele tinha medo.,0,0,1.359375,-1.15625,-2.515625,0.9252299070358276,0.07477004081010818,True
4.638.N,4.638,N,"O amor é como um jogo de sueca . Ou se tem um bom parceiro, ou o melhor mesmo é ter uma boa carta.",0,0,0.2890625,-0.306640625,-0.595703125,0.6446726322174072,0.3553273677825928,True
5.3018.N,5.3018,N,Qual a série que fala de quem é sua mãe? Realmente your mother.,0,1,-0.8671875,0.953125,1.8203125,0.13939638435840607,0.8606036305427551,False
5.2549.N,5.2549,N,Qual mercado vende lagarto? Extra.,0,0,1.5078125,-1.4921875,-3.0,0.9525741338729858,0.04742587357759476,True
5.2306.N,5.2306,N,Qual jornalista se especializou em falar de lanche de rua no Rio? Márcio Canuto.,0,0,1.3203125,-1.2421875,-2.5625,0.9284088015556335,0.07159119844436646,True
4.587.H,4.587,H,Porque é que não se pode gozar com um cleptomaníaco? Porque ele leva tudo literalmente.,1,0,0.51171875,-0.44921875,-0.9609375,0.7233095169067383,0.2766905128955841,False
4.214.H,4.214,H,Chamei Maria a uma galinha e não consegui parar de rir. Era uma ave Maria cheia de graça.,1,0,0.2119140625,-0.1357421875,-0.34765625,0.5860491394996643,0.4139508903026581,False
4.108.N,4.108,N,"Uma feminista perguntou-me de que forma eu via as relações lésbicas . Parece que "" em euforia "" não era a resposta correta ...",0,0,0.51171875,-0.27734375,-0.7890625,0.6876299977302551,0.3123700022697449,True
5.3359.N,5.3359,N,Qual o animal que trabalha bem como carpinteiro? Cupim.,0,0,1.0859375,-1.09375,-2.1796875,0.8984104990959167,0.10158944129943848,True
5.1891.H,5.1891,H,Qual Pais faz o Ar condicionado Funcionar? ArGelia ,1,1,-1.1640625,1.2578125,2.421875,0.08151975274085999,0.9184802770614624,True
4.112.N,4.112,N,Quando é que os informáticos vão ao dermatologista? Quando têm problemas de pele.,0,0,1.125,-0.81640625,-1.94140625,0.8745065331459045,0.12549345195293427,True
5.4065.N,5.4065,N,Por que acharam melhor não colocar o Silvio Santos pra apresentar toda a programação do SBT? Porque seria chato.,0,0,1.2109375,-0.921875,-2.1328125,0.8940516710281372,0.10594828426837921,True
5.3173.H,5.3173,H,Qual médico gosta de funk ? Dr. Drauzio Vrau Nelas.,1,1,-1.4609375,1.4453125,2.90625,0.05184546858072281,0.9481545686721802,True
5.3820.H,5.3820,H,"A menina dormiu muito, qual o nome do filme? A sleep no país das maravilhas.",1,1,-0.1416015625,0.15625,0.2978515625,0.4260827600955963,0.5739172697067261,True
5.465.N,5.465,N,Qual estado brasileiro mais toma refrigerante? Paraná.,0,0,2.0625,-1.90625,-3.96875,0.9814534187316895,0.018546564504504204,True
5.1643.H,5.1643,H,Qual é a série que se passa no norte do país? Fresh Prince of Belém.,1,1,-1.21875,1.15625,2.375,0.08509904891252518,0.9149009585380554,True
5.606.N,5.606,N,Qual a cantora que sempre aceita chá? Pink.,0,0,1.6328125,-1.3671875,-3.0,0.9525741338729858,0.04742587357759476,True
5.2149.H,5.2149,H,"Qual o filme da Disney que o Faustão mais gosta? A Bela e Essa Fera, Bicho!",1,1,-0.6953125,0.65625,1.3515625,0.20561504364013672,0.7943849563598633,True
4.473.N,4.473,N,Quem estiver desempregado fale com alguns empresários da restauração . Ouvi dizer que têm falta de trabalhadores.,0,0,0.546875,-0.53125,-1.078125,0.7461389899253845,0.2538610100746155,True
5.700.N,5.700,N,Qual alimento respeita a igreja católica e a medicina oriental? Vinho.,0,0,2.0,-1.828125,-3.828125,0.9787126779556274,0.021287353709340096,True
5.3004.H,5.3004,H,Qual refeição que volta mais rápido do que vai? Backfast.,1,1,-0.9296875,0.91796875,1.84765625,0.1361483335494995,0.8638516664505005,True
5.3928.N,5.3928,N,Qual é o cantor que adora novas tecnologias? Túlio Abelha.,0,1,-1.390625,1.375,2.765625,0.05921025201678276,0.9407896995544434,False
5.3466.N,5.3466,N,Cantora que nunca tem data disponível pra show? Zizi Possi.,0,0,1.59375,-1.28125,-2.875,0.9465966820716858,0.053403329104185104,True
5.1233.N,5.1233,N,Por que a criança voltou da casa dos avós sem a mão? Porque era desastrada.,0,0,1.234375,-0.921875,-2.15625,0.896251380443573,0.103748619556427,True
4.257.N,4.257,N,Um homem foi para a guerra e perdeu os dois pés . Qual é o filme? O pestinha.,0,1,-0.2373046875,0.361328125,0.5986328125,0.35465654730796814,0.6453434824943542,False
5.87.N,5.87,N,Qual a embarcação criada para salvar os dinossauros do dilúvio? A arca,0,0,1.8359375,-1.5859375,-3.421875,0.9683812260627747,0.031618766486644745,True
5.2347.N,5.2347,N,Qual nome se dá quando cai uma parte de um estádio? Tragédia.,0,0,1.46875,-1.1953125,-2.6640625,0.9348725080490112,0.06512755155563354,True
4.572.H,4.572,H,O que é que um ator faz quando vê outro? Acena.,1,0,0.07861328125,-0.02197265625,-0.1005859375,0.5251253247261047,0.47487467527389526,False
4.416.H,4.416,H,Que ator é o maior pão de Hollywood? O Bread Pitt.,1,1,-1.5,1.4375,2.9375,0.05033063143491745,0.949669361114502,True
5.4.H,5.4,H,Qual é o sabor da bala preferida da galera do hospício? Dementos.,1,1,-0.8671875,0.99609375,1.86328125,0.13432106375694275,0.8656789064407349,True
5.3992.N,5.3992,N,Qual carro tem TV a cabo? Gol.,0,0,2.21875,-1.875,-4.09375,0.9835969805717468,0.01640303246676922,True
5.3901.H,5.3901,H,Qual o time de futebol que me deixa cheio? Fullmenense.,1,1,-1.0078125,0.8046875,1.8125,0.14033626019954681,0.859663724899292,True
5.3143.H,5.3143,H,Qual o pós-sol dos heróis? Os Vinga Ardores.,1,1,-1.421875,1.375,2.796875,0.05749328061938286,0.9425067901611328,True
5.1614.H,5.1614,H,O que dizer pra um cego que tenta ler mas não consegue? Segue o braille,1,1,-0.6015625,0.80859375,1.41015625,0.19620943069458008,0.8037906289100647,True
5.3762.N,5.3762,N,Qual é o jogador de futebol que sempre se protege do sol? Ronaldinho,0,0,2.15625,-2.0625,-4.21875,0.985496461391449,0.014503580518066883,True
4.542.N,4.542,N,Qual é o prato perfeito dos dentistas? Pasta frittata.,0,1,-0.77734375,0.78515625,1.5625,0.17328819632530212,0.8267117738723755,False
4.122.N,4.122,N,O que é um byte? São oito bites.,0,0,0.384765625,-0.328125,-0.712890625,0.6710395812988281,0.32896044850349426,True
5.3172.N,5.3172,N,Onde a vaca compra ovo de Páscoa? Na Cacau show.,0,1,-0.2119140625,0.09326171875,0.30517578125,0.4242927134037018,0.5757073163986206,False
5.3793.H,5.3793,H,Qual rede das lojas é maior que o Trump? Mais que Donald.,1,0,1.40625,-1.140625,-2.546875,0.9273633360862732,0.07263670116662979,False
4.470.N,4.470,N,Porque é que o mar é grande? Porque os peixes fazem blue...blue...blue ...,0,1,-0.625,0.6875,1.3125,0.2120688110589981,0.7879312038421631,False
4.56.N,4.56,N,Porque é que os contabilistas são bons a fazer contas? Porque tabuada é com eles.,0,0,0.388671875,-0.38671875,-0.775390625,0.6846858263015747,0.3153141438961029,True
5.263.H,5.263,H,Qual é o nome do filme protagonizado por duas motos bem nervosas? Fúria de titãs.,1,0,1.265625,-1.125,-2.390625,0.9161096215248108,0.0838903859257698,False
5.872.N,5.872,N,Qual comediante vive com calor? Renato Aragão.,0,0,2.015625,-1.9453125,-3.9609375,0.9813107252120972,0.018689310178160667,True
5.3659.H,5.3659,H,Qual integrante dos Castro Brothers gosta de te estudar na língua culta? Estudar-te,1,0,0.51171875,-0.3671875,-0.87890625,0.7065955400466919,0.2934044897556305,False
5.281.H,5.281,H,Qual é o cantor que melhor improvisa com as ferramentas que tem à disposição? Sidney Magayver.,1,1,-0.95703125,1.0078125,1.96484375,0.12294380366802216,0.8770562410354614,True
2.5.N,2.5,N,Sabe por que não seria bom um filme só sobre números? Porque seria uma matemática.,0,0,0.60546875,-0.384765625,-0.990234375,0.7291342616081238,0.270865797996521,True
5.1613.N,5.1613,N,"Como se faz para uma laranja virar uma cobra? Faz cosquinha nela, aí nada acontece.",0,0,0.9140625,-0.80859375,-1.72265625,0.8484706878662109,0.15152932703495026,True
5.85.H,5.85,H,Qual é a tartaruga ninja que vive na Disney?  O Mickeylângelo.,1,1,-1.28125,1.28125,2.5625,0.07159119844436646,0.9284088015556335,True
4.420.N,4.420,N,Porque é que a Joana foi à farmácia? Foi comprar creme para os pontos negros.,0,0,0.88671875,-0.73828125,-1.625,0.8354835510253906,0.16451644897460938,True
4.201.N,4.201,N,Era uma vez uma cidade onde quase todas as motos eram Yamaha . Qual é o filme? Pocahontas.,0,1,-0.84765625,0.9609375,1.80859375,0.14080817997455597,0.8591918349266052,False
5.979.N,5.979,N,Qual doce causa vômito em crianças latinas? Enjoa niña.,0,1,-0.90234375,0.86328125,1.765625,0.14608724415302277,0.8539127111434937,False
4.120.N,4.120,N,Que nome se dá a um árabe com problemas de visão? Árabe.,0,0,1.5703125,-1.359375,-2.9296875,0.9492946267127991,0.05070536211133003,True
5.2752.N,5.2752,N,""" "" "" Qual o poeta mais mortal da língua portuguesa? Mário Quintana "" "" """,0,0,1.296875,-1.0859375,-2.3828125,0.9155072569847107,0.0844927579164505,True
5.1165.H,5.1165,H,Qual parte do corpo que ajuda os pedreiros? A Coluna ServeCal.,1,1,-1.4140625,1.4140625,2.828125,0.05582314357161522,0.9441768527030945,True
5.2282.N,5.2282,N,"Por que num determinado dia, o aluno do cursinho mentia pra todo mundo? Porque era dia da mentira.",0,0,1.3828125,-0.9453125,-2.328125,0.9111796617507935,0.08882028609514236,True
5.1182.H,5.1182,H,Por que o Chico Buarque foi preso na saída do Santander? Por Assaltimbanco.,1,1,-1.2421875,1.2109375,2.453125,0.07921033352613449,0.9207897186279297,True
4.678.H,4.678,H,Acabei de abrir a conta da água e a conta da luz ao mesmo tempo. Fiquei em choque.,1,0,0.87109375,-0.3125,-1.18359375,0.7655933499336243,0.23440666496753693,False
5.793.H,5.793,H,Qual a rede social mais usada pelas mulheres no Oriente Médio? Faceburca.,1,1,-0.439453125,0.455078125,0.89453125,0.2901756465435028,0.7098243832588196,True
5.2452.H,5.2452,H,Qual é o salgado muito bom que não deixa ninguem transar? Empada foda.,1,1,-1.34375,1.28125,2.625,0.06754669547080994,0.9324532747268677,True
5.3645.N,5.3645,N,Qual é o desenho onde o personagem principal só consegue dinheiro em outro planeta? Pato Donald.,0,0,2.015625,-1.7890625,-3.8046875,0.9782188534736633,0.02178117260336876,True
5.2861.N,5.2861,N,Qual religiosa não é bonita? A freira,0,0,2.015625,-1.71875,-3.734375,0.976669192314148,0.023330768570303917,True
5.2149.N,5.2149,N,Qual o filme da Disney que o Faustão mais gosta? Cinderela!,0,0,1.8203125,-1.5546875,-3.375,0.9669140577316284,0.033085983246564865,True
5.433.H,5.433,H,Qual passarinho mais resistente que existe? A AnDurinha.,1,1,-1.21875,1.0859375,2.3046875,0.09073549509048462,0.9092645049095154,True
4.17.N,4.17,N,Em que local do planeta se encontram mais leprosos? Na Ilha Sorokdo.,0,1,-1.03125,0.96484375,1.99609375,0.1196136623620987,0.8803863525390625,False
4.665.N,4.665,N,O que disse a Selena Gomez quando encontrou o aspirador? Aqui está!,0,0,1.15625,-0.8203125,-1.9765625,0.8783142566680908,0.12168575078248978,True
3.1.N,3.1,N,Qual o contrário de paixão? Indiferença.,0,0,1.5078125,-1.1640625,-2.671875,0.9353464841842651,0.06465348601341248,True
5.495.H,5.495,H,Qual pseudo celebridade agora canta rap? Jay Z Arruda.,1,1,-1.40625,1.3046875,2.7109375,0.06233103945851326,0.9376689791679382,True
4.29.H,4.29,H,Qual é o único animal que anda com as patas? O pato.,1,0,1.984375,-1.640625,-3.625,0.9740425944328308,0.02595735900104046,False
5.1560.H,5.1560,H,Como se chama a bicicleta que ficou em segundo lugar? A vicecleta.,1,1,-0.234375,0.1845703125,0.4189453125,0.3967691659927368,0.6032308340072632,True
5.3297.N,5.3297,N,Que apresentador guarda arquivos de voz dos convidados? Sílvio Santos.,0,0,1.75,-1.859375,-3.609375,0.9736446738243103,0.026355354115366936,True
5.3825.N,5.3825,N,Qual o mês do Popó? Agosto.,0,0,1.3828125,-1.15625,-2.5390625,0.9268352389335632,0.07316471636295319,True
5.3901.N,5.3901,N,Qual o time de futebol que me deixa cheio? Grêmio.,0,0,1.7578125,-1.59375,-3.3515625,0.966156005859375,0.03384403511881828,True
5.2449.H,5.2449,H,Qual é o pintor que vai para Aparecida a pé? O Romeiro Britto.,1,1,-1.1328125,1.1328125,2.265625,0.09401018172502518,0.9059898257255554,True
4.311.H,4.311,H,Porque é que a Torre de Pisa está inclinada? Porque está em itálico.,1,1,-0.09619140625,0.1357421875,0.23193359375,0.44227510690689087,0.5577248334884644,True
5.479.N,5.479,N,Por que os mamíferos são os únicos animais que conseguem tossir? Porque só o leite que tem gordura.,0,0,0.859375,-0.8125,-1.671875,0.8418256044387817,0.1581743359565735,True
5.444.H,5.444,H,Por que a pessoa que vive rindo de si mesmo nunca é Barrada em lugar algum? Porque ela é Auto-risada.,1,1,-1.078125,1.0546875,2.1328125,0.10594828426837921,0.8940516710281372,True
5.3037.N,5.3037,N,Qual cidade norte-americana que tem magia? Tampa.,0,0,0.9921875,-0.95703125,-1.94921875,0.875361442565918,0.12463857978582382,True
5.2360.H,5.2360,H,Por que a atleta foi presa por atentado ao pudor enquanto jogava? Porque estava jogando uma pelada.,1,0,1.296875,-0.99609375,-2.29296875,0.9082930684089661,0.09170696884393692,False
5.3330.N,5.3330,N,Qual é o cara incentivador de suicidas? É o cara insensível!,0,0,1.5703125,-1.296875,-2.8671875,0.9462003111839294,0.05379964038729668,True
4.214.N,4.214,N,Chamei Maria a uma galinha e não consegui parar de rir . Era uma avé Maria cheia de graça.,0,1,-0.65625,0.65234375,1.30859375,0.2127222716808319,0.7872777581214905,False
5.3027.H,5.3027,H,Qual o estado americano preferido dos sadomasoquistas? Misurre.,1,1,-0.8515625,0.95703125,1.80859375,0.14080817997455597,0.8591918349266052,True
5.1408.N,5.1408,N,Por qual pasta de dente você não paga nada? A Sorriso.,0,1,-0.796875,0.90625,1.703125,0.1540575474500656,0.8459424376487732,False
5.2844.H,5.2844,H,Como o padre bateu o carro? Dando uma rezinha,1,0,0.9765625,-0.80078125,-1.77734375,0.8553685545921326,0.14463143050670624,False
5.4012.H,5.4012,H,O que o hipopótamo fez com a casa dele? Hipopotecou.,1,1,-0.91796875,0.91015625,1.828125,0.13846179842948914,0.8615382313728333,True
5.782.N,5.782,N,Qual a tartaruga ninja que mais gosta de dormir? O Leonardo.,0,0,1.9765625,-1.828125,-3.8046875,0.9782188534736633,0.02178117260336876,True
5.1614.N,5.1614,N,O que dizer pra um cego que tenta ler mas não consegue? Leia em braille,0,0,1.03125,-0.66796875,-1.69921875,0.845432698726654,0.15456733107566833,True
5.849.N,5.849,N,Por que a namorada do Mickey quando não está bem começa a tirar as coisas? Porque ela é Minnie Má Lista.,0,1,-1.265625,1.265625,2.53125,0.07369626313447952,0.9263036847114563,False
5.1279.N,5.1279,N,Qual ator mirim não lava os dentes? MaCarie Culkin.,0,1,-1.0390625,0.95703125,1.99609375,0.1196136623620987,0.8803863525390625,False
4.445.N,4.445,N,De que material são compostas as pedras nos rins? De xisto.,0,0,0.94140625,-0.734375,-1.67578125,0.8423450589179993,0.15765488147735596,True
5.1560.N,5.1560,N,Como se chama a bicicleta que ficou em segundo lugar? Vice colocada.,0,0,1.1640625,-1.109375,-2.2734375,0.9066531658172607,0.09334688633680344,True
5.1189.N,5.1189,N,Que elemento químico a gente avalia depois de usar? Hélio.,0,0,1.5859375,-1.4296875,-3.015625,0.9532750844955444,0.04672495648264885,True
5.806.N,5.806,N,"Em qual época o Brasileiro foi mais magro? Na época do movimento "" Caras Pintadas "".",0,0,0.97265625,-0.78515625,-1.7578125,0.8529354929924011,0.14706452190876007,True
5.2507.N,5.2507,N,Qual é o aparelho que nunca para de mexer? A biruta.,0,0,0.296875,-0.2109375,-0.5078125,0.6242935061454773,0.3757064640522003,True
5.2638.H,5.2638,H,Quem é a pessoa que só escreve histórias sobre felinos depressivos? Agatha Triste.,1,1,-1.4921875,1.4296875,2.921875,0.051082734018564224,0.9489172697067261,True
5.3658.N,5.3658,N,Qual comediante se formou em uma escola agrotécnica? Rony Rios,0,0,1.5390625,-1.4453125,-2.984375,0.9518632292747498,0.048136770725250244,True
4.226.H,4.226,H,Porque é que o Power Point está feliz? Porque teve um diapositivo.,1,1,-0.85546875,0.9296875,1.78515625,0.14366760849952698,0.8563323616981506,True
5.2491.N,5.2491,N,Qual é a dupla sertaneja favorita dos velhos? Leandro e Leonardo.,0,0,1.921875,-1.859375,-3.78125,0.9777138829231262,0.0222861859947443,True
4.493.H,4.493,H,Que nome se dá a uma pessoa alérgica a arroz? Basmatica.,1,1,-0.671875,0.65234375,1.32421875,0.21011725068092346,0.7898827195167542,True
5.2780.H,5.2780,H,Qual quadro que a minha mulher adora fazer resenha? A mô analisa.,1,1,-0.72265625,0.69140625,1.4140625,0.19559407234191895,0.804405927658081,True
4.697.N,4.697,N,"Como se diz "" terror "" em japonês? Hora.",0,0,1.0625,-0.98828125,-2.05078125,0.8860265612602234,0.1139734610915184,True
5.403.H,5.403,H,Qual figura religiosa não sabe a quem pertence? Madre Teresa de Qual que Tá?,1,1,-0.68359375,0.67578125,1.359375,0.20434190332889557,0.7956580519676208,True
5.1001.N,5.1001,N,"O filho pediu para o pai levá-lo para ver boosa nova e o pai concordou . Qual é o nome da música? "" Eu sei que vou te amar...""",0,0,0.77734375,-0.359375,-1.13671875,0.7570766806602478,0.2429232895374298,True
5.993.N,5.993,N,Qual o super-herói fala sueco? Volverine,0,0,1.6171875,-1.328125,-2.9453125,0.9500414729118347,0.049958523362874985,True
5.578.H,5.578,H,Como se chama o cara que ficou rico vendendo pipoca? Milhonário.,1,1,-1.0625,1.0078125,2.0703125,0.11201594769954681,0.8879840970039368,True
5.700.H,5.700,H,Qual alimento respeita a igreja católica e a medicina oriental? Amémdo-in.,1,1,-1.453125,1.421875,2.875,0.053403329104185104,0.9465966820716858,True
4.120.H,4.120,H,Que nome se dá a um árabe com problemas de visão? Estarábico.,1,1,-1.09375,1.0625,2.15625,0.103748619556427,0.896251380443573,True
5.3421.H,5.3421,H,Qual a escola de samba favorita do genitor de alguém que é feliz sozinho? Mocidade independente do Pai de Miguel.,1,0,0.138671875,-0.232421875,-0.37109375,0.5917232036590576,0.40827676653862,False
5.1937.N,5.1937,N,Qual apresentador é o mais duas caras? Marcos Mion.,0,0,1.7578125,-1.75,-3.5078125,0.9709092378616333,0.02909075655043125,True
5.1110.N,5.1110,N,"O que o psicanalista adora dizer no meio do sexo? Vai, me fode.",0,0,0.2333984375,-0.1083984375,-0.341796875,0.5846269726753235,0.4153730571269989,True
5.4029.N,5.4029,N,"Qual pássaro quer fazer fuxico sobre uma mulher, mas esquece o que ia falar? Sabiá",0,0,1.6484375,-1.2421875,-2.890625,0.9473810195922852,0.052618950605392456,True
5.358.N,5.358,N,Qual cidade incentiva o uso do tato? Curitiba.,0,0,1.7890625,-1.6484375,-3.4375,0.9688562154769897,0.031143832951784134,True
5.2200.N,5.2200,N,Qual é o filme favorito da cabra? A bruxa de blair,0,1,-0.8203125,0.384765625,1.205078125,0.23057310283184052,0.7694269418716431,False
4.418.H,4.418,H,"Qual é o masculino de ""tábua""? Eu até dizia, mas é tabu.",1,0,0.7109375,-0.61328125,-1.32421875,0.7898827195167542,0.21011725068092346,False
5.1831.N,5.1831,N,"Qual jogador tentou acertar o cantor, mas errou? Messi.",0,0,1.8671875,-1.53125,-3.3984375,0.9676556587219238,0.032344333827495575,True
5.2144.H,5.2144,H,Porque não se paga bandido com cheque? Porque o crime não compensa. ,1,0,1.1875,-1.03125,-2.21875,0.9019206762313843,0.09807932376861572,False
5.2058.H,5.2058,H,Como você chama um droid pirata? Arrrr2-D2 ,1,1,-1.515625,1.4296875,2.9453125,0.049958523362874985,0.9500414729118347,True
5.1001.H,5.1001,H,"O filho pediu para o pai levá-lo para ver tartarugas e o pai concordou. Qual é o nome da música? ""Eu sei que vou Tamar...""",1,1,-0.1298828125,0.3828125,0.5126953125,0.3745618760585785,0.6254380941390991,True
4.250.H,4.250,H,Qual é a especialidade de um médico bipolar? Otorrino otochorando.,1,1,-1.1875,1.203125,2.390625,0.0838903859257698,0.9161096215248108,True
4.491.N,4.491,N,Não há muitos elefantes em Moçambique . Mas no Zimbabué há.,0,0,0.240234375,-0.11669921875,-0.35693359375,0.588297963142395,0.41170206665992737,True
4.446.N,4.446,N,Qual é a banda preferida dos obesos? A banda Queen.,0,0,1.6796875,-1.3515625,-3.03125,0.9539660811424255,0.04603390395641327,True
4.324.H,4.324,H,Quais são as escadas que demoram mais a subir? São as escadas em caracol.,1,1,-0.70703125,0.734375,1.44140625,0.19132766127586365,0.808672308921814,True
5.2938.H,5.2938,H,Qual é a comida do pássaro gigante que toca trompete? O alpistão.,1,1,-0.78515625,0.703125,1.48828125,0.18417984247207642,0.8158201575279236,True
2.5.H,2.5,H,Sabe por que não seria bom um filme só sobre números? Porque seria uma má temática.,1,0,0.69921875,-0.56640625,-1.265625,0.7799928784370422,0.22000709176063538,False
5.3172.H,5.3172,H,Onde a vaca compra ovo de Páscoa? Na cowcow show.,1,1,-0.78125,0.67578125,1.45703125,0.18892180919647217,0.8110781908035278,True
5.3890.H,5.3890,H,Qual cantora pop sempre te convida pra tomar uma xícara de café? Madonna Florinda.,1,1,-1.25,1.15625,2.40625,0.08269733935594559,0.917302668094635,True
5.1314.N,5.1314,N,Por que a manicure foi demitida? Porque ela estava chengando atrasada.,0,1,-0.21484375,0.10986328125,0.32470703125,0.4195290505886078,0.5804709792137146,False
5.2861.H,5.2861,H,Qual religiosa não é bonita? A freia ,1,1,-1.0390625,0.78515625,1.82421875,0.13892842829227448,0.8610715270042419,True
5.3732.H,5.3732,H,Qual caneta gosta de dar dura nas pessoas? Caneta de enquadro.,1,0,0.6484375,-0.400390625,-1.048828125,0.7405498027801514,0.25945019721984863,False
4.542.H,4.542,H,Qual é o prato perfeito dos dentistas? Pasta al dente.,1,1,-0.0517578125,0.193359375,0.2451171875,0.4390256702899933,0.5609742999076843,True
5.2010.H,5.2010,H,Qual é a padroeira de quem vive dando voltas? Nossa Senhora de GuadaLoop ,1,1,-1.3671875,1.2890625,2.65625,0.06560483574867249,0.9343951344490051,True
5.2609.N,5.2609,N,O que o anão estava fazendo com a bola de futebol? Chutes.,0,0,1.2421875,-0.9765625,-2.21875,0.9019206762313843,0.09807932376861572,True
5.2895.H,5.2895,H,Qual cantor só vê notícias pela internet? Ig Pop ,1,0,0.30078125,-0.208984375,-0.509765625,0.6247515678405762,0.3752484619617462,False
5.162.N,5.162,N,O que são dois pontinhos marrons no palco? Bruno e Marrone.,0,0,1.53125,-1.4765625,-3.0078125,0.9529258608818054,0.047074176371097565,True
5.3962.H,5.3962,H,Qual passarinho grita muito? João de Berro.,1,0,0.1357421875,-0.06494140625,-0.20068359375,0.550003170967102,0.4499967694282532,False
5.793.N,5.793,N,Qual a rede social mais usada pelas mulheres no Oriente Médio? Instagram.,0,0,1.7734375,-1.28125,-3.0546875,0.9549844264984131,0.04501552879810333,True
5.1272.H,5.1272,H,Qual rato que mais trabalha pela cultura do Brasil? MinC Mouse.,1,1,-1.109375,1.21875,2.328125,0.08882028609514236,0.9111796617507935,True
4.40.N,4.40,N,"Hoje no trânsito disse "" amo-te "" a um semáforo . O semáforo mudou.",0,0,0.82421875,-0.6640625,-1.48828125,0.8158201575279236,0.18417984247207642,True
5.2467.N,5.2467,N,Qual Rapper só toca em aniversários? Dr Dre,0,0,1.8359375,-1.6015625,-3.4375,0.9688562154769897,0.031143832951784134,True
5.4025.H,5.4025,H,Nome de cervejaria em homenagem a um grande cantor brasileiro? CauBEER PeiCHOPPS.,1,1,-1.4140625,1.375,2.7890625,0.057918086647987366,0.942081868648529,True
5.495.N,5.495,N,Qual pseudo celebridade agora canta rap? Carol Conká.,0,1,-1.3359375,1.2421875,2.578125,0.07055959850549698,0.929440438747406,False
4.204.N,4.204,N,Como é que os drogados espirram? Achim!,0,1,-0.455078125,0.27734375,0.732421875,0.32466351985931396,0.675336480140686,False
5.2959.N,5.2959,N,Qual empresa responsável por encher o avião?  Azul.,0,0,1.7109375,-1.484375,-3.1953125,0.9606574773788452,0.039342500269412994,True
5.226.H,5.226,H,Um homem TODO DIA molha e coloca para secar um OB. Por que? PORQUE ELE ESTÁ OB SECADO,1,1,-1.1171875,1.1640625,2.28125,0.09268777072429657,0.907312273979187,True
5.578.N,5.578,N,Como se chama o cara que ficou rico vendendo tomate? Milhonário.,0,1,-1.078125,1.03125,2.109375,0.10818895697593689,0.8918110132217407,False
5.3119.H,5.3119,H,Qual o nome da mãe do super-herói que nunca vai em praia com águas geladas? Martha Kent.,1,0,1.5625,-1.3828125,-2.9453125,0.9500414729118347,0.049958523362874985,False
4.435.N,4.435,N,"Como é que se diz "" médico estagiário "" em japonês? Kenshui",0,0,0.515625,-0.2578125,-0.7734375,0.684264063835144,0.31573596596717834,True
5.3934.H,5.3934,H,Qual a bebida do Rei? Luwhisk 15,1,1,-0.83984375,0.6796875,1.51953125,0.1795305609703064,0.8204694986343384,True
5.615.H,5.615,H,Qual e a marca preferida de carro dos jogadores de futebol? Chevrolé!,1,0,1.296875,-0.9765625,-2.2734375,0.9066531658172607,0.09334688633680344,False
5.806.H,5.806,H,"Em qual época o Brasileiro foi mais magro? Na época do movimento ""Dietas Já"".",1,0,0.9765625,-0.83203125,-1.80859375,0.8591918349266052,0.14080817997455597,False
5.1657.N,5.1657,N,Qual é a lanchonete favorita dos góticos? KFC.,0,0,1.1953125,-1.0703125,-2.265625,0.9059898257255554,0.09401018172502518,True
4.635.H,4.635,H,Por que é que o Mozart vai à igreja? Porque Amadeus.,1,1,-0.71484375,0.9375,1.65234375,0.16079244017601013,0.8392075896263123,True
5.3511.N,5.3511,N,Qual ex-piloto era um índio pronto pro ataque? Nenhum.,0,0,1.71875,-1.6484375,-3.3671875,0.966663122177124,0.0333368219435215,True
4.283.N,4.283,N,Qual é o carro que consegue transportar mais porcos? É o Nissan Qashqai.,0,1,-0.007720947265625,0.05908203125,0.066802978515625,0.4833054542541504,0.5166945457458496,False
5.1825.H,5.1825,H,Qual é o jogador de futebol mais míope? Quasimiro,1,1,-1.140625,1.0390625,2.1796875,0.10158944129943848,0.8984104990959167,True
5.2058.N,5.2058,N,Como você chama um droid pirata? R2-D2,0,1,-1.390625,1.328125,2.71875,0.061875976622104645,0.9381240010261536,False
4.389.H,4.389,H,Qual é a semelhança entre um careca e o Museu do Louvre? Ambos têm a Mona Lisa.,1,0,1.1015625,-0.8828125,-1.984375,0.8791467547416687,0.1208532303571701,False
5.3231.H,5.3231,H,Por que o rapaz não mostrou os slides em sua apresentação na empresa? Porque ele Esxcel de levar.,1,1,-1.140625,1.0859375,2.2265625,0.09739039093255997,0.9026095867156982,True
5.3065.H,5.3065,H,Que personagem infantil só faz boquete? Oralcio.,1,1,-1.2421875,1.140625,2.3828125,0.0844927579164505,0.9155072569847107,True
5.2008.H,5.2008,H,Em qual cidade todas as pedras preciosas e incomuns são protegidas? Guardá-la Rara ,1,1,-1.515625,1.390625,2.90625,0.05184546858072281,0.9481545686721802,True
5.234.N,5.234,N,Por que o pai de santo doou as calças? PORQUE É DANDO QUE SE RECEBE,0,1,-0.11474609375,0.1494140625,0.26416015625,0.43434131145477295,0.565658688545227,False
5.2841.N,5.2841,N,Qual o ator que produz vinho? Nicholas Cage,0,1,-0.2001953125,0.40234375,0.6025390625,0.35376298427581787,0.6462370157241821,False
5.3776.H,5.3776,H,Qual é a banda mais consumida no dia a dia ? Pearl Jam com Arroz ,1,1,-0.859375,0.80859375,1.66796875,0.15869519114494324,0.8413047790527344,True
5.2021.N,5.2021,N,Qual é o cantor que faz buracos no céu? Ca Wando,0,1,-1.3984375,1.2421875,2.640625,0.06656918674707413,0.9334307909011841,False
5.650.H,5.650,H,Em que país só se anda de carro grande? Jamais Ka.,1,1,-1.296875,1.375,2.671875,0.06465348601341248,0.9353464841842651,True
5.1387.H,5.1387,H,Qual cantora escreveu Sitio do Picapau Amarelo? A Demi Lobato.,1,1,-1.234375,1.3125,2.546875,0.07263670116662979,0.9273633360862732,True
5.3509.H,5.3509,H,Qual é o cantor que tem problemas respiratórios? Erasma Carlos.,1,0,0.71484375,-0.76953125,-1.484375,0.815232515335083,0.18476751446723938,False
2.19.N,2.19,N,Todos morrem uma só vez . A Alanis também.,0,0,1.1640625,-0.7890625,-1.953125,0.8757869601249695,0.12421300262212753,True
5.3058.N,5.3058,N,Qual assassino possui um vasto conhecimento? John Wick.,0,0,0.2265625,-0.22265625,-0.44921875,0.6104534864425659,0.38954654335975647,True
5.3733.N,5.3733,N,Qual é o esporte de praia que deixa a bola bêbada? Frescobol.,0,0,1.5859375,-1.421875,-3.0078125,0.9529258608818054,0.047074176371097565,True
4.174.N,4.174,N,O que é que o Xutos e Pontapés e um micro-ondas têm em comum? Nada!,0,0,0.70703125,-0.390625,-1.09765625,0.7498207092285156,0.25017932057380676,True
5.2250.N,5.2250,N,Qual fantasia que a vaca usou no Halloween? Vaca,0,0,1.328125,-1.078125,-2.40625,0.917302668094635,0.08269733935594559,True
5.1408.H,5.1408,H,Por qual pasta de dente você não paga nada? A Colgrátis.,1,1,-1.140625,1.0625,2.203125,0.09947022050619125,0.9005298018455505,True
4.151.N,4.151,N,Qual é a sobremesa que nunca sai direita? É a pavlova.,0,0,1.015625,-0.94921875,-1.96484375,0.8770562410354614,0.12294380366802216,True
5.3839.H,5.3839,H,Qual o filme favorito do ator Jim Carney? Acém Ventura.,1,1,-1.375,1.296875,2.671875,0.06465348601341248,0.9353464841842651,True
5.2397.H,5.2397,H,Qual o Podcast favorito desse canal? PODCASTRO.,1,1,-1.171875,1.234375,2.40625,0.08269733935594559,0.917302668094635,True
5.2014.H,5.2014,H,Em que parte do casa todos se encontram? Na área de ser visto ,1,0,0.59765625,-0.451171875,-1.048828125,0.7405498027801514,0.25945019721984863,False
4.523.N,4.523,N,Qual é o canal preferido dos dálmatas? É o Canal dos cães.,0,0,1.0390625,-0.76953125,-1.80859375,0.8591918349266052,0.14080817997455597,True
4.706.H,4.706,H,Qual é o lema do Instagram? Carpe DM.,1,1,-1.4765625,1.375,2.8515625,0.05460060387849808,0.9453993439674377,True
5.4079.H,5.4079,H,Onde as pessoas andam sem roupa? Nudes erto.,1,1,-1.3359375,1.3359375,2.671875,0.06465348601341248,0.9353464841842651,True
5.912.H,5.912,H,Qual é a parte do computador que não é do bem? O mouse.,1,0,1.515625,-1.28125,-2.796875,0.9425067901611328,0.05749328061938286,False
5.2449.N,5.2449,N,Qual é o pintor que vai para Aparecida a pé? O Di Cavalcanti.,0,0,1.671875,-1.6640625,-3.3359375,0.9656413197517395,0.034358687698841095,True
5.3703.N,5.3703,N,Que atriz trabalha como lixeira? Mia Goth.,0,1,-1.4921875,1.4609375,2.953125,0.04958902299404144,0.9504110217094421,False
5.2592.H,5.2592,H,Qual a composição do peido do Papa? 100% benzeno.,1,0,0.953125,-1.015625,-1.96875,0.8774768114089966,0.12252321094274521,False
5.1722.H,5.1722,H,Qual personagem do Monteiro Lobato era fã de Just Dance? Tia Anastasia.,1,0,1.3671875,-1.15625,-2.5234375,0.9257686138153076,0.07423137128353119,False
5.3169.H,5.3169,H,Que rainha rosna como música? Queen Lati Fa.,1,1,-1.296875,1.1796875,2.4765625,0.07751765847206116,0.9224823713302612,True
4.267.N,4.267,N,"Quando o menino chegou a casa, a mãe dele vira-se: Limpa os pés que estão cheios de Terra.",0,0,0.384765625,-0.1865234375,-0.5712890625,0.6390605568885803,0.3609394431114197,True
5.1462.N,5.1462,N,Qual o jogo preferido da galera de Stranger Things? FIFA.,0,0,1.6015625,-1.359375,-2.9609375,0.9507778882980347,0.04922211542725563,True
5.1397.H,5.1397,H,Qual é o personagem da Marvel que é um pão? Breadpool.,1,1,-1.359375,1.3125,2.671875,0.06465348601341248,0.9353464841842651,True
4.259.H,4.259,H,O que é que acontece quando o Frodo morre? Passam-lhe uma certidão de Hobbit.,1,0,0.671875,-0.4765625,-1.1484375,0.7592254281044006,0.24077458679676056,False
5.4012.N,5.4012,N,O que o hipopótamo fez com a casa dele? Vendeu.,0,0,1.4453125,-1.203125,-2.6484375,0.9339146018028259,0.06608538329601288,True
5.3492.H,5.3492,H,"Qual a banda que, quando nasceu, era alimentada por criminosas? Mamou nas assassinas.",1,0,0.380859375,-0.376953125,-0.7578125,0.6808785796165466,0.3191213607788086,False
5.1937.H,5.1937,H,Qual é a nave que quem nasceu até a década de 70 não pode entrar? Millenial Falcon ,1,1,-1.1484375,1.1796875,2.328125,0.08882028609514236,0.9111796617507935,True
4.245.N,4.245,N,Que se diz a um homem que via mas agora já não vê? Tu vias.,0,0,0.25390625,-0.1435546875,-0.3974609375,0.5980774760246277,0.4019225239753723,True
5.1434.H,5.1434,H,Por que o queijo estava estudando matemática? Para encontrar o cheese da questão.,1,1,0.035888671875,0.07861328125,0.042724609375,0.48932045698165894,0.5106795430183411,True
5.3228.H,5.3228,H,Qual o nome do argentino que criou uma lei de incentivo? Juan E.,1,0,0.1337890625,-0.1962890625,-0.330078125,0.5817784070968628,0.4182215929031372,False
4.89.N,4.89,N,"Como é que se diz "" ano "" na Índia? वर्ष.",0,0,1.046875,-0.875,-1.921875,0.872347354888916,0.1276526302099228,True
4.416.N,4.416,N,Que ator é o maior pão de Hollywood? O William Pitt.,0,0,1.75,-1.703125,-3.453125,0.9693241715431213,0.030675802379846573,True
4.71.N,4.71,N,Porque é que uma mulher pediu a noz-moscada ao filho na cozinha? Porque não tinha canela para pôr no bolo.,0,0,0.15625,-0.15234375,-0.30859375,0.5765419602394104,0.4234580099582672,True
4.733.H,4.733,H,Há anos que procurava um cavalo que bebesse vinho. Para encontrar um foi preciso ir a cascos de rolha.,1,1,-0.84765625,0.84765625,1.6953125,0.1550784558057785,0.8449215292930603,True
4.162.H,4.162,H,"Porque é que o papel higiénico atravessou a estrada? Não conseguiu, ficou preso numa racha.",1,0,0.52734375,-0.349609375,-0.876953125,0.7061904072761536,0.29380956292152405,False
4.276.H,4.276,H,Uma mulher tropeça e cai em cima de um cão. Qual é o filme? Senta em um dálmata.,1,1,-0.81640625,0.703125,1.51953125,0.1795305609703064,0.8204694986343384,True
5.2548.H,5.2548,H,"O que o velho vaidoso disse em frente ao espelho? Vai, idoso!",1,0,0.7421875,-0.66796875,-1.41015625,0.8037906289100647,0.19620943069458008,False
5.1870.N,5.1870,N,O que você precisa fazer quando perde a senha? Recorrer a recuperação de senha.,0,0,0.921875,-0.71484375,-1.63671875,0.8370879292488098,0.1629120260477066,True
5.3033.H,5.3033,H,Qual o único apresentador que usa aliança? Anel só o Rubens.,1,1,-0.0023651123046875,0.049072265625,0.0514373779296875,0.48714348673820496,0.5128565430641174,True
4.591.H,4.591,H,Alguém quer comprar um barómetro avariado? Sem pressão...,1,1,-0.0732421875,0.1923828125,0.265625,0.4339814782142639,0.5660185217857361,True
4.193.N,4.193,N,"Hoje, vinte mulheres convidaram-me a sair do WC . Nunca mais entro no WC das mulheres.",0,0,0.65234375,-0.404296875,-1.056640625,0.7420480251312256,0.257951945066452,True
5.3732.N,5.3732,N,Qual caneta gosta de dar conhecimento às pessoas? Caneta de quadro.,0,0,1.1015625,-0.875,-1.9765625,0.8783142566680908,0.12168575078248978,True
5.3953.N,5.3953,N,"Que movimento político ficou de apurar os fatos históricos, mas mentiu de certa forma? Revisionismo.",0,0,0.396484375,-0.37109375,-0.767578125,0.6829967498779297,0.3170032501220703,True
5.1756.H,5.1756,H,O quê o ciclista foi fazer nos correios? Comprar um selim,1,0,0.64453125,-0.66796875,-1.3125,0.7879312038421631,0.2120688110589981,False
4.96.H,4.96,H,Que nome se dá a um cacto engraçado? Ri-cardo.,1,1,-1.3046875,1.265625,2.5703125,0.07107367366552353,0.9289263486862183,True
4.125.N,4.125,N,O que é que os russos dizem quando mandam uma bola ao cão? Vai!,0,0,0.9765625,-0.76953125,-1.74609375,0.8514594435691833,0.14854057133197784,True
5.345.N,5.345,N,Qual banda que torce pra polícia não acertar? Police.,0,0,0.91015625,-0.71484375,-1.625,0.8354835510253906,0.16451644897460938,True
5.1233.H,5.1233,H,Por que a criança voltou da casa dos avós sem a mão? Porque era má neta.,1,1,-0.75,0.6328125,1.3828125,0.200557678937912,0.7994423508644104,True
5.2922.H,5.2922,H,No que trabalha o trator quebrado? Ex tração,1,1,-1.1875,1.0390625,2.2265625,0.09739039093255997,0.9026095867156982,True
5.978.N,5.978,N,Qual é a novela em que Eva zoa Adão? Gênesis.,0,0,1.234375,-1.1640625,-2.3984375,0.9167081117630005,0.0832919254899025,True
4.198.H,4.198,H,"Porque é que a febre tifóide é tão perigosa? Porque ou tu a curas, ou ela tifóide mesmo.",1,1,-0.765625,0.79296875,1.55859375,0.17384852468967438,0.826151430606842,True
3.17.H,3.17,H,Que nome se dá a uma ferramenta perdida? Foice.,1,0,1.5390625,-1.21875,-2.7578125,0.9403530955314636,0.05964694544672966,False
4.267.H,4.267,H,"Quando o ET chegou a casa, a mãe dele vira-se: Limpa os pés que estão cheios de Terra.",1,0,0.27734375,-0.150390625,-0.427734375,0.6053325533866882,0.39466747641563416,False
5.3272.H,5.3272,H,Qual a comida favorita do ET? Ovine de Codorna.,1,1,-0.98046875,0.9296875,1.91015625,0.12896330654621124,0.87103670835495,True
5.2944.N,5.2944,N,"Qual foi o aviso que Hermione deu para avisar que um colega reprovou na prova? "" Lucius reprovou . """,0,0,0.73828125,-0.578125,-1.31640625,0.7885831594467163,0.2114168405532837,True
5.2612.H,5.2612,H,Qual música tem coreografia diurética? A dança do maisxixi.,1,1,-0.2255859375,0.263671875,0.4892578125,0.38006845116615295,0.6199315786361694,True
5.3635.H,5.3635,H,Qual é o nome do jogo de luta que só se pode jogar tomando tequila? Tequila of Fighters.,1,1,-0.71875,0.69140625,1.41015625,0.19620943069458008,0.8037906289100647,True
5.2597.H,5.2597,H,Qual seria a profissão perfeita para o Tony Tornado? Promotor de eVENTOS.,1,0,1.2109375,-1.0,-2.2109375,0.9012274742126465,0.09877258539199829,False
5.3421.N,5.3421,N,Qual a escola de samba favorita do Zeca Pagodinho? Mocidade independente de Padre Miguel.,0,0,1.8046875,-1.765625,-3.5703125,0.9726234674453735,0.027376487851142883,True
4.411.H,4.411,H,Alpinistas? Há por aí aos montes.,1,0,1.3203125,-1.09375,-2.4140625,0.9178933501243591,0.08210661262273788,False
4.109.N,4.109,N,Que nome se dá a um cão que vai à missa? Cão crente.,0,0,1.5625,-1.265625,-2.828125,0.9441768527030945,0.05582314357161522,True
4.311.N,4.311,N,Porque é que a escrita está inclinada? Porque está em itálico.,0,0,0.224609375,-0.1083984375,-0.3330078125,0.5824910998344421,0.41750892996788025,True
4.430.H,4.430,H,O que diz um testículo para o outro? Vamos mas é trabalhar que o patrão está teso.,1,1,-0.224609375,0.1103515625,0.3349609375,0.4170340299606323,0.5829659700393677,True
4.437.H,4.437,H,"O que diz o fósforo para a caixa? Quando roço em ti, perco a cabeça.",1,0,0.52734375,-0.5,-1.02734375,0.7364006042480469,0.26359936594963074,False
4.615.N,4.615,N,"A eletricidade está tão cara, tão cara, que a EDP decidiu mudar o nome para Luz de Ouro.",0,0,0.091796875,0.041015625,-0.05078125,0.5126925706863403,0.4873073995113373,True
5.696.H,5.696,H,Qual é o super-herói de quem todo mundo lembra? The Flash Back.,1,1,-0.87109375,0.84375,1.71484375,0.15253649652004242,0.8474634885787964,True
3.4.N,3.4,N,Qual é o animal que não vale mais nada? O tatu.,0,0,1.9453125,-1.71875,-3.6640625,0.9750121831893921,0.02498779445886612,True
5.1100.H,5.1100,H,Qual é a regra de matemática preferida dos funkeiros? Regra de Sarrus.,1,1,-0.322265625,0.490234375,0.8125,0.3073580265045166,0.6926419734954834,True
5.3839.N,5.3839,N,Qual o filme favorito do ator Jim Carney? Ace Ventura.,0,1,-1.1640625,1.2109375,2.375,0.08509904891252518,0.9149009585380554,False
4.411.N,4.411,N,Alpinistas? Há por aí nos montes.,0,0,1.2265625,-0.99609375,-2.22265625,0.902265727519989,0.09773432463407516,True
5.3395.H,5.3395,H,Qual o remédio que te convence a pedir um carro pra vc se deslocar? Vick vai por Uber.,1,1,-1.171875,1.203125,2.375,0.08509904891252518,0.9149009585380554,True
5.1495.N,5.1495,N,Qual o herói favorito de Deus? Clark Kent.,0,0,1.9140625,-1.78125,-3.6953125,0.9757624268531799,0.024237636476755142,True
5.2455.N,5.2455,N,Onde o Mickey gosta de morar? No prédio.,0,0,1.9375,-1.625,-3.5625,0.9724147915840149,0.027585284784436226,True
5.444.N,5.444,N,Por que a pessoa que vive rindo de si mesmo nunca é Barrada em lugar algum? Porque ela é carismática.,0,0,0.75,-0.59765625,-1.34765625,0.7937461733818054,0.2062537968158722,True
5.1337.N,5.1337,N,Qual autor o Harry Potter lê quando está doente? O Alvo Dumbledore.,0,1,-1.09375,1.125,2.21875,0.09807932376861572,0.9019206762313843,False
5.3006.H,5.3006,H,Qual país só tem coisas sem utilidade? As tralha.,1,1,-0.89453125,0.828125,1.72265625,0.15152932703495026,0.8484706878662109,True
5.203.N,5.203,N,Por que muitos jogadores do Corínthians não foram à festa de comemoração do título brasileiro? Porque a festa foi muito longe . Lá na casa do Fagner!,0,0,1.171875,-1.09375,-2.265625,0.9059898257255554,0.09401018172502518,True
5.3330.H,5.3330,H,Qual é o cara incentivador de suicidas? É o cara Pópular!,1,1,-1.234375,1.09375,2.328125,0.08882028609514236,0.9111796617507935,True
5.635.N,5.635,N,Qual é o policial que não gosta de gente com boca suja? Guarda municipal.,0,0,1.765625,-1.7578125,-3.5234375,0.9713473320007324,0.028652671724557877,True
5.2738.N,5.2738,N,Po que a gente se sente mais equilibrado ao entrar em um rodízio? Porque ali é um restaurante,0,0,0.80859375,-0.61328125,-1.421875,0.8056321740150452,0.19436781108379364,True
5.964.H,5.964,H,Qual é a cantora que tomou conta do Menino Jesus? Babá de Belém.,1,1,-0.515625,0.271484375,0.787109375,0.312789648771286,0.6872103214263916,True
5.1287.H,5.1287,H,Qual cantor gosta de chocolate? Kit-Kat Stevens.,1,1,-1.3984375,1.4453125,2.84375,0.05500528961420059,0.9449946880340576,True
5.22.N,5.22,N,Quando é que o David Copperfield sabe quando tem gente chegando na casa dele? Olhando pelo interfone.,0,0,1.3046875,-1.15625,-2.4609375,0.9213575720787048,0.07864238321781158,True
5.1361.H,5.1361,H,Qual é o melhor legume que existe? A Better raba.,1,1,-1.515625,1.4296875,2.9453125,0.049958523362874985,0.9500414729118347,True
4.152.N,4.152,N,Já estreou o novo espetáculo com bonecos ao vivo . É uma peça de teatro.,0,0,1.171875,-0.9453125,-2.1171875,0.8925625681877136,0.10743748396635056,True
5.3911.N,5.3911,N,Qual a cidade as pessoas rezam e fazem artesanato? Em Budas Artes.,0,1,-1.0859375,1.171875,2.2578125,0.09467770159244537,0.9053223133087158,False
5.958.H,5.958,H,Qual é a lenda que sempre conta os dias? O K Lendário.,1,1,-1.296875,1.2578125,2.5546875,0.07211221009492874,0.9278878569602966,True
5.7.H,5.7,H,Por que a feijoada estava triste? Porque colocaram ela na panela depressão.,1,1,-0.703125,0.76953125,1.47265625,0.18653921782970428,0.8134608268737793,True
5.20.H,5.20,H,Qual é o estado americano que não cai duas vezes no mesmo lugar? Ohio.,1,0,1.5,-1.2890625,-2.7890625,0.942081868648529,0.057918086647987366,False
5.1202.H,5.1202,H,Porque os pãezinhos nos EUA são cor de abóbora?  Porque é um pumpkin nininho.,1,1,-1.234375,1.1796875,2.4140625,0.08210661262273788,0.9178933501243591,True
5.1287.N,5.1287,N,Qual cantor gosta de chocolate? Frank Sinatra.,0,0,1.90625,-1.8515625,-3.7578125,0.9771973490715027,0.02280263416469097,True
4.733.N,4.733,N,Há anos que procurava um Homem  que bebesse vinho . Para encontrar um foi preciso Ir perguntar .,0,1,-0.2021484375,0.15234375,0.3544921875,0.41229352355003357,0.5877065062522888,False
4.708.H,4.708,H,Qual é a cantora preferida dos cirurgiões? É a Anastasia.,1,0,1.34375,-1.1875,-2.53125,0.9263036847114563,0.07369626313447952,False
5.2789.H,5.2789,H,por que o beta não avança no relacionamento? porque se não ele gama. ,1,1,-0.5625,0.56640625,1.12890625,0.2443629950284958,0.755636990070343,True
4.385.H,4.385,H,"Dois gémeos foram presos por homicídio, mas passado um tempo libertaram o que estava mais gordo. Porque o que não mata, engorda.",1,0,0.1123046875,-0.031494140625,-0.143798828125,0.5358878970146179,0.46411213278770447,False
5.3511.H,5.3511,H,Qual ex-piloto era um índio pronto pro ataque? Mim Ka Salo.,1,1,-1.4140625,1.3671875,2.78125,0.05834583938121796,0.9416541457176208,True
5.3668.N,5.3668,N,Por que o frango caipira não tem problemas jurídicos de identidade? Porque ele não tem hormônios.,0,0,1.375,-1.140625,-2.515625,0.9252299070358276,0.07477004081010818,True
5.3391.H,5.3391,H,Qual cantora famosa nasceu em La Paz? Bolívia Newton-John.,1,1,-1.34375,1.359375,2.703125,0.06278920918703079,0.937210738658905,True
4.151.H,4.151,H,Qual é a sobremesa que nunca sai direita? É a torta.,1,0,1.1875,-1.109375,-2.296875,0.9086179733276367,0.09138209372758865,False
5.3623.N,5.3623,N,Qual é o detetive que assiste tênis? Ace Ventura.,0,1,-1.3203125,1.3046875,2.625,0.06754669547080994,0.9324532747268677,False
5.3498.H,5.3498,H,Qual o sanduba do Tom Brady? X-egg Bündchen.,1,1,-1.296875,1.1875,2.484375,0.07696084678173065,0.9230391979217529,True
4.131.N,4.131,N,Qual é o jogo preferido das batatas fritas? É o Uno.,0,0,1.59375,-1.3828125,-2.9765625,0.9515040516853333,0.048496004194021225,True
5.848.N,5.848,N,Qual personagem da Disney que ninguém gosta? Jafar.,0,0,1.8984375,-1.6484375,-3.546875,0.9719924926757812,0.028007520362734795,True
5.1515.H,5.1515,H,Qual super herói que tem fetiche com a própria mãe? Édipool.,1,1,-1.1796875,1.2109375,2.390625,0.0838903859257698,0.9161096215248108,True
5.3409.N,5.3409,N,Qual é a melhor coisa pra se desejar a um amigo no Natal? Boas Festas.,0,0,1.46875,-1.28125,-2.75,0.9399133324623108,0.060086652636528015,True
5.30.H,5.30,H,Por que o elefante não pega fogo? Porque ele é cinza.,1,1,-0.020751953125,0.05322265625,0.073974609375,0.4815147817134857,0.5184851884841919,True
5.3872.H,5.3872,H,Qual atriz é a rainha do marketing brasileiro? Bruna Marketingne,1,1,-1.3828125,1.4296875,2.8125,0.05665242671966553,0.9433475732803345,True
4.229.H,4.229,H,A minha amiga asiática ficou doente. Mas eu Coreia.,1,1,-0.62890625,0.640625,1.26953125,0.21933749318122864,0.780662477016449,True
5.3370.H,5.3370,H,"Qual ator é a junção de um tigre, um super-herói e um cantor? Tony Thor Naldo.",1,1,-1.0390625,0.984375,2.0234375,0.11676400899887085,0.8832359910011292,True
5.1808.H,5.1808,H,Qual é o animal preferido dos Beatles? Ornitorringo,1,1,-1.1953125,1.1953125,2.390625,0.0838903859257698,0.9161096215248108,True
5.3478.H,5.3478,H,Com qual marcha o porco anda? Carré.,1,1,-0.038330078125,0.05224609375,0.090576171875,0.4773714542388916,0.5226286053657532,True
4.731.N,4.731,N,"Como é que uma Pessoa elogia uma mulher alta? Eh lá, hoje estás Espantosa!",0,1,-0.76171875,0.88671875,1.6484375,0.16132023930549622,0.8386797904968262,False
4.502.N,4.502,N,"Segui as instruções na embalagem da lasanha que dizia para colocar o forno a 180 graus . Agora como é que eu abro a porta, se o forno está tão quente?",0,0,0.71484375,-0.55078125,-1.265625,0.7799928784370422,0.22000709176063538,True
4.343.N,4.343,N,Qual é a nacionalidade de um canalizador de bigode? É um mexicano.,0,0,1.4453125,-1.2109375,-2.65625,0.9343951344490051,0.06560483574867249,True
5.1743.N,5.1743,N,"Quando o Superman morreu, como o vilão dele ficou? De folga.",0,0,1.2109375,-1.1640625,-2.375,0.9149009585380554,0.08509904891252518,True
5.1250.N,5.1250,N,"Qual a carne que rapidamente disse "" ooooh ""? Picanha.",0,0,1.3203125,-1.265625,-2.5859375,0.929951012134552,0.07004895806312561,True
5.3855.H,5.3855,H,Qual o nome que se dá para o assassinato em massa na galáxia do universo da Marvel? Crimes simulThanos.,1,1,-1.046875,1.0078125,2.0546875,0.11357959359884262,0.8864204287528992,True
5.2188.H,5.2188,H,Cantor favorito dos pedreiros? Amado Batistaca ,1,1,-0.388671875,0.373046875,0.76171875,0.3182732164859772,0.6817267537117004,True
4.374.N,4.374,N,Porque é que na Polónia ninguém se perde? Porque lá há muita sinalização.,0,0,0.75,-0.5390625,-1.2890625,0.7839884757995605,0.21601153910160065,True
5.958.N,5.958,N,Qual é a lenda que sempre conta os dias? O calendário.,0,0,1.6171875,-1.375,-2.9921875,0.9522199034690857,0.04778006672859192,True
4.174.H,4.174,H,O que é que o Xutos e Pontapés e um micro-ondas têm em comum? Tim!,1,0,0.458984375,-0.2119140625,-0.6708984375,0.6617043018341064,0.33829566836357117,False
3.4.H,3.4,H,Qual é o animal que não vale mais nada? O javali.,1,0,1.8125,-1.6484375,-3.4609375,0.9695556163787842,0.030444350093603134,False
5.4025.N,5.4025,N,Nome de cervejaria em homenagem a um grande cantor brasileiro? Capitão Bock.,0,1,-1.15625,1.09375,2.25,0.09534946084022522,0.9046505093574524,False
5.4028.H,5.4028,H,Por que o piloto não gosta de passar no meio da nuvem com o avião? Porque ele tem Cloudstrofobia.,1,1,-0.875,0.828125,1.703125,0.1540575474500656,0.8459424376487732,True
5.3461.N,5.3461,N,Onde os artistas americanos dão chilique de tanto dar autógrafos? No tapete vermelho.,0,0,1.5,-1.328125,-2.828125,0.9441768527030945,0.05582314357161522,True
4.73.N,4.73,N,Porque é que as loiras só fazem sexo uma vez por ano? Porque o sexo anual não engravida.,0,0,0.88671875,-0.7109375,-1.59765625,0.8316905498504639,0.16830943524837494,True
4.73.H,4.73,H,Porque é que as loiras só fazem sexo uma vez por ano? Porque o sexo anal não engravida.,1,0,0.98828125,-0.6953125,-1.68359375,0.8433797955513,0.15662017464637756,False
5.589.N,5.589,N,Qual é a fruta preferida do Neymar? A uva branca.,0,0,1.8828125,-1.6484375,-3.53125,0.971563994884491,0.02843603305518627,True
5.3355.H,5.3355,H,O que mais excita o fazendeiro ? EmpôlGado no Pasto.,1,1,-1.4296875,1.375,2.8046875,0.05707139894366264,0.9429286122322083,True
5.2136.N,5.2136,N,Qual é a massa servida nos EUA? Espaguete,0,0,1.6953125,-1.4453125,-3.140625,0.9585376977920532,0.04146226868033409,True
5.1739.H,5.1739,H,Qual parte da bicicleta quem se chama Guilherme nunca precisa comprar? Guidão.,1,0,1.2421875,-1.0859375,-2.328125,0.9111796617507935,0.08882028609514236,False
4.713.H,4.713,H,O que é um anão? É um ano bissexto.,1,0,0.392578125,-0.333984375,-0.7265625,0.6740504503250122,0.3259495198726654,False
4.551.H,4.551,H,Um iogurte fora de prazo mata uma família inteira. Qual é o filme? Activia Paranormal.,1,1,-0.6171875,0.5234375,1.140625,0.2422056347131729,0.7577943801879883,True
5.83.N,5.83,N,Qual é o animal que mais sofre com enfermidades? O gato.,0,0,2.125,-1.71875,-3.84375,0.9790357351303101,0.020964238792657852,True
5.3793.N,5.3793,N,Qual rede das lojas é maior que o Trump? McDonald's.,0,0,1.671875,-1.5078125,-3.1796875,0.9600626826286316,0.03993731737136841,True
4.108.H,4.108,H,"Uma feminista perguntou-me de que forma eu via as relações lésbicas. Parece que ""em HD"" não era a resposta correta...",1,0,0.2236328125,0.0220947265625,-0.2015380859375,0.5502146482467651,0.4497852921485901,False
5.2070.H,5.2070,H,Qual é a banda favorita do império galáctico? Kylo R.E.M. ,1,1,-1.484375,1.4921875,2.9765625,0.048496004194021225,0.9515040516853333,True
5.20.N,5.20,N,Qual é o estado americano que não cai duas vezes no mesmo lugar? Massachusetts.,0,0,1.46875,-1.296875,-2.765625,0.9407896995544434,0.05921025201678276,True
5.1956.H,5.1956,H,O que a vaca foi fazer na delegacia? Um bom leitinho de ocorrência ,1,1,-0.90625,0.828125,1.734375,0.15002882480621338,0.8499711751937866,True
5.2764.N,5.2764,N,Qual cantora não come carne? A VegetaRhianna.,0,1,-1.484375,1.40625,2.890625,0.052618950605392456,0.9473810195922852,False
5.30.N,5.30,N,Por que o elefante não pega fogo? Porque ele é branco.,0,0,1.4765625,-1.109375,-2.5859375,0.929951012134552,0.07004895806312561,True
5.2203.H,5.2203,H,Qual é o documento que não deixa claro quando a pessoa nasceu? Incertidão de nascimento.,1,1,-0.3515625,0.423828125,0.775390625,0.3153141438961029,0.6846858263015747,True
5.3166.H,5.3166,H,Por que o jardineiro estava passando necessidade? Andava meio sem grama.,1,0,0.0625,-0.2275390625,-0.2900390625,0.5720056891441345,0.4279943108558655,False
4.227.N,4.227,N,O que é que acontece quando o Aladino esfrega a lamparina mágica debaixo de água? Aparece o génio.,0,0,0.5859375,-0.482421875,-1.068359375,0.7442848086357117,0.2557152211666107,True
4.201.H,4.201,H,Era uma vez uma cidade onde quase todas as motos eram Yamaha. Qual é o filme? Poca Hondas.,1,1,-1.1171875,1.1484375,2.265625,0.09401018172502518,0.9059898257255554,True
5.2144.N,5.2144,N,Porque não se paga bandido com cheque? Porque o crime não beneficia.,0,0,0.98046875,-0.82421875,-1.8046875,0.8587185740470886,0.14128142595291138,True
4.539.N,4.539,N,"Será que os meus amigos vão passar férias a países do médio oriente? Uns, sim . Os outros, não .",0,0,0.984375,-0.70703125,-1.69140625,0.8444089889526367,0.1555909812450409,True
5.2689.H,5.2689,H,Renata voltou do médico com o braço furado. Qual é o acontecimento histórico? Rê volta da Vacina.,1,1,-0.28125,0.17578125,0.45703125,0.38769030570983887,0.6123096346855164,True
5.2789.N,5.2789,N,por que o beta não avança no relacionamento? porque se não ele se machuca.,0,0,0.98046875,-0.8046875,-1.78515625,0.8563323616981506,0.14366760849952698,True
5.2243.H,5.2243,H,Por que a mulher com carteira assinada nunca tira a lingerie? Porque ela tá de renda fixa ,1,1,-1.0078125,1.0078125,2.015625,0.117572121322155,0.8824278712272644,True
5.3807.N,5.3807,N,Qual senador que proíbe piadas? Confúcio Moura.,0,0,1.8359375,-1.84375,-3.6796875,0.9753900170326233,0.024609927088022232,True
5.2252.H,5.2252,H,Qual personagem de desenho falsifica assinaturas com caneta? Bic Vigarista ,1,1,-1.296875,1.2109375,2.5078125,0.0753123089671135,0.9246877431869507,True
5.2193.H,5.2193,H,Qual é a bala favorita dos pedreiros? Cimenthos,1,1,-1.4765625,1.296875,2.7734375,0.058776553720235825,0.9412234425544739,True
4.617.H,4.617,H,Por que é que o Napoleão era sempre convidado para todas as festas? Porque era bom na party.,1,1,-0.412109375,0.30078125,0.712890625,0.32896044850349426,0.6710395812988281,True
5.2938.N,5.2938,N,Qual é a comida do pássaro gigante que toca trompete? O alpiste.,0,1,-0.30078125,0.2060546875,0.5068359375,0.37593552470207214,0.6240644454956055,False
4.217.H,4.217,H,Quando estiveres triste abraça um sapato. Um sapato com sola.,1,0,0.06494140625,0.045654296875,-0.019287109375,0.5048216581344604,0.4951784014701843,False
5.1250.H,5.1250,H,"Qual a carne que rapidamente disse ""ooooh""? Carne disse oh já.",1,1,-1.0078125,1.046875,2.0546875,0.11357959359884262,0.8864204287528992,True
4.166.N,4.166,N,Uma assistente de moda foi despedido . Qual é o filme? O Diabo Veste Prada.,0,1,-0.462890625,0.50390625,0.966796875,0.27551940083503723,0.7244806289672852,False
4.388.H,4.388,H,Hoje passei por uma família de cães na rua. Foi ali em Family-cão.,1,1,-1.0859375,1.0546875,2.140625,0.10521053522825241,0.894789457321167,True
5.1046.H,5.1046,H,Qual o canal para fumantes infantis? Carlton Network.,1,0,0.265625,-0.171875,-0.4375,0.6076632142066956,0.3923368453979492,False
5.2360.N,5.2360,N,Por que a atleta foi presa por atentado ao pudor enquanto jogava? Porque estava jogando uma partida.,0,0,1.3125,-0.9375,-2.25,0.9046505093574524,0.09534946084022522,True
4.226.N,4.226,N,Porque é que o João Silva está feliz? Porque teve um dia positivo.,0,0,0.93359375,-0.80078125,-1.734375,0.8499711751937866,0.15002882480621338,True
5.405.N,5.405,N,Onde ficam as maiores dúvidas dos dentistas? Na cabeça.,0,0,1.140625,-0.80859375,-1.94921875,0.875361442565918,0.12463857978582382,True
4.433.N,4.433,N,Hoje descobri que a minha torradeira não é à prova de água . Fiquei surpreendido.,0,0,0.63671875,-0.40625,-1.04296875,0.7394223809242249,0.26057755947113037,True
5.1006.H,5.1006,H,Qual a concorrente mais desbocada da Marvel??? DC Gonçalves.,1,1,-1.0234375,0.984375,2.0078125,0.11838508397340775,0.8816148638725281,True
4.322.H,4.322,H,Qual é a semelhança entre um sapato e uma PlayStation? Ambos são consola.,1,1,-0.68359375,0.71484375,1.3984375,0.1980641782283783,0.8019358515739441,True
5.1140.H,5.1140,H,Qual é a moeda preferida que quem fica em casa cuidando dos filhos? Do Lar,1,0,0.58203125,-0.431640625,-1.013671875,0.733738124370575,0.26626187562942505,False
5.3521.H,5.3521,H,"O que o cara gritava quando foi preso por 171? ""Mentira daqui!""",1,1,-0.2421875,0.2158203125,0.4580078125,0.38745853304862976,0.6125414371490479,True
5.614.N,5.614,N,Qual é o carro preferido do Ricardo? Logan.,0,0,1.9921875,-1.78125,-3.7734375,0.9775429368019104,0.022457053884863853,True
4.660.N,4.660,N,"Como se chama um cão sem donos? Não se chama, vai-se buscar.",0,0,0.69140625,-0.57421875,-1.265625,0.7799928784370422,0.22000709176063538,True
4.250.N,4.250,N,Qual é a especialidade de um médico bipolar? Otorrinolaringologista .,0,0,1.53125,-1.234375,-2.765625,0.9407896995544434,0.05921025201678276,True
5.3787.N,5.3787,N,Qual ator estrangeiro já foi PM? Guiliano Gemma,0,1,-1.4609375,1.375,2.8359375,0.05541279539465904,0.944587230682373,False
4.259.N,4.259,N,O que é que acontece quando o Frodo morre? Passam-lhe uma certidão de óbito.,0,0,1.03125,-0.7890625,-1.8203125,0.8606036305427551,0.13939638435840607,True
5.3623.H,5.3623,H,Qual é o detetive que joga tênis? Ace Ventura.,1,1,-1.3125,1.28125,2.59375,0.06954174488782883,0.9304582476615906,True
4.435.H,4.435,H,"Como é que se diz ""médico estagiário"" em japonês? Otikuro Otimato",1,1,-1.25,1.15625,2.40625,0.08269733935594559,0.917302668094635,True
5.3581.H,5.3581,H,Qual artista gosta de pintar os personagens de Toy Story usando cores bem vivas? O Andy Warhol.,1,0,1.8359375,-1.5546875,-3.390625,0.9674102663993835,0.03258974477648735,False
5.2534.N,5.2534,N,Onde moram os dançarinos da Xuxa? São Paulo.,0,0,1.875,-1.65625,-3.53125,0.971563994884491,0.02843603305518627,True
4.463.N,4.463,N,Qual é o melhos carro para o dia-a-dia e conforto? É o Volkswagen Bora!,0,1,-0.0291748046875,0.271484375,0.3006591796875,0.4253963530063629,0.5746036767959595,False
5.1678.H,5.1678,H,O que acontece com o homem do interior que cai e bate a cabeça? Cai e pira.,1,0,0.61328125,-0.53125,-1.14453125,0.7585106492042542,0.24148939549922943,False
4.333.N,4.333,N,Em quantas partes se parte o corpo do homem? Depende da força da pancada.,0,0,1.2734375,-0.9609375,-2.234375,0.9032942056655884,0.09670579433441162,True
5.2237.H,5.2237,H,"Qual o cantor que, ao descobrir que é corno, resolve partir pra briga com o amante? Pau no Ricardo ",1,0,0.240234375,-0.3515625,-0.591796875,0.6437773108482361,0.3562226891517639,False
5.1431.N,5.1431,N,Qual é o nome do X-Men que é ginecologista? Wolverine.,0,0,1.7734375,-1.5703125,-3.34375,0.9658995866775513,0.034100428223609924,True
4.431.H,4.431,H,"""Ontem"" não tem H. ""Hoje"" tem H. Como as coisas mudam de um dia para o outro...",1,0,0.7109375,-0.353515625,-1.064453125,0.7435405850410461,0.25645938515663147,False
5.638.N,5.638,N,Onde o mineiro aprendeu inglês? No trem!,0,0,1.703125,-1.5390625,-3.2421875,0.9623913168907166,0.03760863095521927,True
4.167.N,4.167,N,Qual é o passatempo preferido de um mexicano de 12 anos? Bricar às escondidas.,0,0,1.6015625,-1.234375,-2.8359375,0.944587230682373,0.05541279539465904,True
5.1286.N,5.1286,N,Qual o nome do piloto do dirigível? Feodor Nenov.,0,1,-0.75390625,0.828125,1.58203125,0.17050801217556,0.8294920325279236,False
5.263.N,5.263,N,Qual é o nome do filme protagonizado por duas motos bem nervosas? A parede.,0,0,1.3125,-0.94921875,-2.26171875,0.9056565761566162,0.0943434089422226,True
4.213.H,4.213,H,Como é que se chama uma empregada doméstica chinesa? Lee-xívia.,1,1,-1.1640625,1.0546875,2.21875,0.09807932376861572,0.9019206762313843,True
5.108.N,5.108,N,Qual é a lagoa que não sabe o alfabeto? Pampulha.,0,0,1.34375,-1.21875,-2.5625,0.9284088015556335,0.07159119844436646,True
5.2929.N,5.2929,N,Qual é a cantora mais conhecida por assédio? é a Lizzo,0,1,-0.095703125,0.142578125,0.23828125,0.4407099485397339,0.5592900514602661,False
5.4098.N,5.4098,N,Qual molho é sempre servido em proporções exageradas? De tomate.,0,0,1.3515625,-1.3046875,-2.65625,0.9343951344490051,0.06560483574867249,True
5.3027.N,5.3027,N,Qual o estado americano preferido dos sadomasoquistas? Nevada.,0,0,1.4609375,-1.265625,-2.7265625,0.9385759830474854,0.06142403930425644,True
4.616.H,4.616,H,Por que é que os hospitais não atendem plantinhas? Porque só têm médicos de plantão.,1,0,1.234375,-1.046875,-2.28125,0.907312273979187,0.09268777072429657,False
5.638.H,5.638,H,Onde o mineiro aprendeu inglês? No Uai...zap!,1,1,-1.046875,0.96484375,2.01171875,0.11797800660133362,0.8820220232009888,True
4.510.N,4.510,N,"No outro dia estava a lavar o carro com o meu filho, vira-se ele: Pai, porque é que usas uma esponja?",0,0,0.71484375,-0.5234375,-1.23828125,0.7752646803855896,0.2247353047132492,True
5.3890.N,5.3890,N,Qual cantora pop sempre te convida pra tomar uma xícara de café? Beyoncé.,0,0,1.7734375,-1.5703125,-3.34375,0.9658995866775513,0.034100428223609924,True
4.472.H,4.472,H,Qual é a fruta mais comum nos churrascos? É o açaí.,1,0,1.8359375,-1.6640625,-3.5,0.970687747001648,0.02931223064661026,False
5.683.N,5.683,N,Qual é a jornalista mais genérica do mundo? Lucy Morgan.,0,0,1.2421875,-0.953125,-2.1953125,0.8998278379440308,0.10017222166061401,True
5.3058.H,5.3058,H,Qual assassino possui um vasto conhecimento? John Wick Pédia.,1,1,-1.5,1.453125,2.953125,0.04958902299404144,0.9504110217094421,True
5.1043.H,5.1043,H,Qual é o pokémon da umbanda? O pikaEXU,1,1,-1.25,1.1796875,2.4296875,0.0809367224574089,0.9190633296966553,True
4.417.N,4.417,N,Porque é que os daltónicos têm péssima memória? Porque não sabem nada decor.,0,1,-1.09375,1.0546875,2.1484375,0.10447732359170914,0.8955226540565491,False
4.632.N,4.632,N,Nem todos os esqueletos ouvem . Só os que têm ouvidos.,0,0,0.8203125,-0.70703125,-1.52734375,0.8216173648834229,0.17838266491889954,True
5.87.H,5.87,H,Qual a embarcação criada para salvar os dinossauros do dilúvio?  A arca DINO É,1,1,-1.3671875,1.3125,2.6796875,0.06418263912200928,0.9358173608779907,True
5.872.H,5.872,H,Qual comediante vive com calor? Renato Abane.,1,1,-0.7421875,0.82421875,1.56640625,0.17272931337356567,0.8272706270217896,True
5.2959.H,5.2959,H,Qual empresa responsável por encher o avião? Infla Aero.,1,1,-0.43359375,0.5,0.93359375,0.28219619393348694,0.7178038358688354,True
5.710.H,5.710,H,Como se faz para desenterrar um Jockey? É só escavá-lo.,1,0,0.4609375,-0.421875,-0.8828125,0.7074047327041626,0.2925952970981598,False
5.2008.N,5.2008,N,Em qual cidade todas as pedras preciosas e incomuns são protegidas? Sertãozinho,0,0,1.4140625,-1.109375,-2.5234375,0.9257686138153076,0.07423137128353119,True
5.200.H,5.200,H,"O que o pão disse para o padeiro quando este abriu o forno? ""Assôoo""!",1,1,-0.55859375,0.53125,1.08984375,0.2516477108001709,0.7483522891998291,True
5.141.N,5.141,N,Qual o herói da ovelha? Batman.,0,0,1.9609375,-1.703125,-3.6640625,0.9750121831893921,0.02498779445886612,True
5.2183.N,5.2183,N,Qual é a hortaliça que faz sucesso no norte e nordeste? Macaxeira,0,0,0.6328125,-0.447265625,-1.080078125,0.746508777141571,0.25349125266075134,True
4.312.H,4.312,H,Porque é que a mulher do Einstein usa bikini? Porque tem um bom físico.,1,0,1.2265625,-0.99609375,-2.22265625,0.902265727519989,0.09773432463407516,False
5.1449.H,5.1449,H,Po rque o carteiro foi à feira? Porque tinha uma carta na manga.,1,0,0.1015625,-0.07373046875,-0.17529296875,0.5437113642692566,0.4562886357307434,False
5.1272.N,5.1272,N,Qual rato que mais trabalha pela cultura do Brasil? Mickey Mouse.,0,0,1.8984375,-1.6015625,-3.5,0.970687747001648,0.02931223064661026,True
5.1858.H,5.1858,H,Que cantora faz pequenas transmissões na internet? Avril Livinha.,1,1,-1.453125,1.4296875,2.8828125,0.0530097670853138,0.9469902515411377,True
5.229.N,5.229,N,Qual inseto está muito gordo? Mosquito.,0,0,1.8046875,-1.5546875,-3.359375,0.9664104580879211,0.03358950465917587,True
5.1078.H,5.1078,H,Qual o bolo mais barulhento que existe? Bolo de Noises.,1,1,-0.0037994384765625,0.1845703125,0.1883697509765625,0.45304635167121887,0.5469536781311035,True
5.1746.H,5.1746,H,Por que o ciclista ficou com medo de entrar na mata? Porque ele viu umacobra radical,1,1,-0.64453125,0.75,1.39453125,0.19868534803390503,0.801314651966095,True
4.583.H,4.583,H,"""Cada dia, temos de fazer com que as pequenas coisas contem"" - disse a professora de matemática de anões.",1,1,-0.43359375,0.51171875,0.9453125,0.2798284888267517,0.7201715111732483,True
5.3079.H,5.3079,H,Qual o cineasta mais odiado em Goiânia? Martin ScorCÉSIO.,1,1,-1.4609375,1.4375,2.8984375,0.05223085731267929,0.9477691650390625,True
5.3143.N,5.3143,N,Qual o grupo dos heróis? Os Vingadores.,0,0,1.8671875,-1.671875,-3.5390625,0.9717789888381958,0.02822098508477211,True
5.841.N,5.841,N,Qual escritor usava roupas de frio? Edgar Alã Põe.,0,1,-1.6953125,1.5625,3.2578125,0.03704717010259628,0.9629528522491455,False
5.1657.H,5.1657,H,Qual é a lanchonete favorita dos góticos? Black Donald's.,1,0,1.5546875,-1.3125,-2.8671875,0.9462003111839294,0.05379964038729668,False
4.217.N,4.217,N,Quando estiveres triste abraça um sapato . Um sapato consola.,0,0,0.365234375,-0.310546875,-0.67578125,0.6627964973449707,0.3372035324573517,True
5.1858.N,5.1858,N,Qual é o cigarro que todos os comediantes gostam? Malboro.,0,1,-0.59375,0.53125,1.125,0.2450850009918213,0.7549149990081787,False
5.75.H,5.75,H,Qual é o contrário de centopeia? Levantomãofoi.,1,1,-1.28125,1.265625,2.546875,0.07263670116662979,0.9273633360862732,True
5.2606.H,5.2606,H,Qual a figura mitológica mais velha? Antígona.,1,0,1.03125,-0.8984375,-1.9296875,0.873214840888977,0.12678518891334534,False
4.46.N,4.46,N,Estão dois gatinhos à procura da mãe . Qual é o filme? Os Aristogatos.,0,1,-0.455078125,0.52734375,0.982421875,0.2724114954471588,0.7275885343551636,False
5.2988.H,5.2988,H,Qual microorganismo é sempre passado pra trás? Protozotário.,1,1,-1.1796875,1.1953125,2.375,0.08509904891252518,0.9149009585380554,True
4.186.H,4.186,H,Qual é a série preferida dos cagalhões? Prison Break.,1,0,0.5703125,-0.51953125,-1.08984375,0.7483522891998291,0.2516477108001709,False
5.964.N,5.964,N,Qual é a cantora que tomou conta do Menino Jesus? Gal Costa.,0,0,1.8203125,-1.765625,-3.5859375,0.973036527633667,0.026963500306010246,True
5.5.N,5.5,N,Por que o celular foi para o centro de reabilitação? Porque a bateria estava perdendo-se.,0,0,0.98046875,-0.75390625,-1.734375,0.8499711751937866,0.15002882480621338,True
5.3018.H,5.3018,H,Qual a série que fala de fato quem é sua mãe? Realmente your mother.,1,1,-0.85546875,0.9453125,1.80078125,0.14175598323345184,0.858244001865387,True
5.561.N,5.561,N,Qual personagem do Star Wars? xubaca.,0,1,-0.64453125,0.5078125,1.15234375,0.24006126821041107,0.7599387168884277,False
5.2020.N,5.2020,N,O que o nordestino disse pro amigo que sempre aceitava desaforo calado? XIA ÔMI,0,1,-0.75390625,0.58984375,1.34375,0.20689404010772705,0.793105959892273,False
5.782.H,5.782,H,Qual a tartaruga ninja que mais gosta de dormir? O Fronhatelo.,1,1,-0.97265625,1.015625,1.98828125,0.12043881416320801,0.879561185836792,True
4.446.H,4.446,H,Qual é a banda preferida dos obesos? A banda gástrica.,1,1,-0.69921875,0.87109375,1.5703125,0.17217184603214264,0.8278281688690186,True
4.247.N,4.247,N,"Se algum dia te sentires triste por não receberes correio, vai ao Google e faz uma pesquisa . Vais ter milhares de explicações.",0,0,0.60546875,-0.265625,-0.87109375,0.7049732804298401,0.2950267791748047,True
5.1061.N,5.1061,N,Qual doença temos que coletar esperma? Prostatite.,0,1,-0.73046875,0.84375,1.57421875,0.1716158092021942,0.8283842206001282,False
5.3381.N,5.3381,N,Qual cantora baiana gosta de heavy metal? Margareth Menezes.,0,0,1.921875,-1.796875,-3.71875,0.9763104915618896,0.023689469322562218,True
5.553.N,5.553,N,O que a Minnie falou pro namorado dela quando encostou na fogueira? Mickey está quente.,0,1,-0.279296875,0.2421875,0.521484375,0.37250521779060364,0.627494752407074,False
5.3728.H,5.3728,H,"Como se chama o aquecedor que honesto, humilde e honrado? Aquecedor Hs.",1,1,-0.90234375,0.99609375,1.8984375,0.13028542697429657,0.869714617729187,True
4.433.H,4.433,H,Hoje descobri que a minha torradeira não é à prova de água. Fiquei chocado.,1,0,0.6484375,-0.427734375,-1.076171875,0.7457688450813293,0.25423115491867065,False
5.3253.H,5.3253,H,Como se chamam aqueles parentes que você não vê nunca? Os Trans Parentes.,1,1,-1.015625,0.98046875,1.99609375,0.1196136623620987,0.8803863525390625,True
5.2564.H,5.2564,H,Por que o Charlie Brown sofria de dores na cervical? Porque ele só olhava pro seum beagle.,1,1,-0.55859375,0.6796875,1.23828125,0.2247353047132492,0.7752646803855896,True
4.655.N,4.655,N,Hoje a São acordou toda molhada . O que aconteceu? Choveu.,0,0,1.0390625,-0.828125,-1.8671875,0.8661325573921204,0.13386750221252441,True
5.1171.H,5.1171,H,Qual cantora espera um dia ser rainha? Mariah QUÉ REI.,1,1,-1.53125,1.484375,3.015625,0.04672495648264885,0.9532750844955444,True
5.3877.H,5.3877,H,Qual o cantor favorito da xícara? Alexandre Pires.,1,0,1.7265625,-1.7109375,-3.4375,0.9688562154769897,0.031143832951784134,False
5.674.H,5.674,H,Qual parente sempre deixa um pouco de comida no prato? A sobrinha.,1,0,1.765625,-1.3671875,-3.1328125,0.9582260847091675,0.04177388176321983,False
5.1670.H,5.1670,H,Qual é o app que os jardineiros fazem questão de cortar da vida social deles? Instagrama.,1,0,0.255859375,-0.03759765625,-0.29345703125,0.5728422403335571,0.4271577000617981,False
5.2252.N,5.2252,N,Qual personagem de desenho falsifica notas com caneta? Bic Vigarista,0,1,-1.3125,1.2578125,2.5703125,0.07107367366552353,0.9289263486862183,False
5.122.N,5.122,N,Como chama a cerveja que você só toma de 2 em 2 anos? Skoll.,0,1,-0.447265625,0.51953125,0.966796875,0.27551940083503723,0.7244806289672852,False
5.229.H,5.229,H,Qual inseto está muito gordo? Obesouro.,1,1,-1.1328125,1.2578125,2.390625,0.0838903859257698,0.9161096215248108,True
5.2743.H,5.2743,H,Qual o animal que sempre tá de brinks? Tira no Sarro,1,1,-0.91796875,0.8046875,1.72265625,0.15152932703495026,0.8484706878662109,True
5.849.H,5.849,H,Por que a namorada do Mickey quando não está bem começa a organizar as coisas? Porque ela é Minnie Má Lista.,1,1,-1.2578125,1.2578125,2.515625,0.07477004081010818,0.9252299070358276,True
5.3116.H,5.3116,H,Qual tipo de carne que só vai bem com cerveja? CoStella Artois.,1,1,-1.34375,1.203125,2.546875,0.07263670116662979,0.9273633360862732,True
4.580.H,4.580,H,Que nome se dá ao karaté para amputados? Artes parciais.,1,0,0.146484375,0.10693359375,-0.03955078125,0.5098863840103149,0.49011358618736267,False
5.2491.H,5.2491,H,Qual é a dupla sertaneja favorita dos leões? Leãodro e Leãonardo.,1,1,-1.109375,1.1015625,2.2109375,0.09877258539199829,0.9012274742126465,True
5.3323.N,5.3323,N,Qual doce favorito do Bolsonaro? Cocada.,0,0,1.734375,-1.6953125,-3.4296875,0.9686195850372314,0.03138042986392975,True
4.420.H,4.420,H,Porque é que a joaninha foi à farmácia? Foi comprar creme para os pontos negros.,1,0,0.69921875,-0.65625,-1.35546875,0.7950222492218018,0.20497773587703705,False
4.635.N,4.635,N,Por que é que o Mozart vai à igreja? Porque crê.,0,0,1.296875,-1.09375,-2.390625,0.9161096215248108,0.0838903859257698,True
5.3993.H,5.3993,H,Por que o cara sentia prazer em bater em si mesmo com um sapato? Porque era um calçadomasoquista.,1,1,-0.765625,0.8671875,1.6328125,0.16344544291496277,0.8365545868873596,True
2.18.N,2.18,N,Recolhi duas sacas de grãos para a salada.,0,0,0.52734375,-0.50390625,-1.03125,0.7371581792831421,0.2628418207168579,True
5.3094.N,5.3094,N,Qual o nome do cinema pra veganos? Cinemark.,0,0,1.0390625,-0.96875,-2.0078125,0.8816148638725281,0.11838508397340775,True
4.56.H,4.56,H,Porque é que os carpinteiros são bons a fazer contas? Porque tabuada é com eles.,1,0,0.419921875,-0.400390625,-0.8203125,0.6943026781082153,0.30569735169410706,False
5.1182.N,5.1182,N,Por que o Chico Buarque foi preso na saída do Santander? Por quebrar o banco.,0,0,1.2109375,-1.1015625,-2.3125,0.9099069833755493,0.09009299427270889,True
2.18.H,2.18,H,Recolhi duas sacas de grãos para a Patrícia Pillar.,1,0,0.72265625,-0.578125,-1.30078125,0.7859664559364319,0.2140335589647293,False
5.2564.N,5.2564,N,Por que o Charlie Brown sofria de dores na cervical? Porque ele só olhava pro céu.,0,0,1.265625,-0.95703125,-2.22265625,0.902265727519989,0.09773432463407516,True
5.933.N,5.933,N,Qual é o nome do especialista em temperar carnes que não se esquecia do passado? Olívio.,0,1,-0.4921875,0.58203125,1.07421875,0.2546016275882721,0.7453983426094055,False
5.1073.N,5.1073,N,"Qual filme conta a história do casal mais perdido do mundo em beira-mar? "" Procurando; né, mô? """,0,1,-0.248046875,0.30859375,0.556640625,0.3643251061439514,0.6356749534606934,False
5.2188.N,5.2188,N,Cantor favorito dos pedreiros? Gusttavo Lima,0,0,2.015625,-1.7421875,-3.7578125,0.9771973490715027,0.02280263416469097,True
5.2606.N,5.2606,N,Qual a figura mitológica mais velha? Zeus.,0,0,1.7265625,-1.578125,-3.3046875,0.9645892381668091,0.03541072830557823,True
4.466.N,4.466,N,Como é que as pombas se reproduzem? Uma em cima da outra!,0,0,0.91796875,-0.8828125,-1.80078125,0.858244001865387,0.14175598323345184,True
5.1739.N,5.1739,N,Qual é o pintor que vai para Aparecida a pé? O Edu de Barros.,0,0,0.921875,-1.0234375,-1.9453125,0.8749346137046814,0.1250653862953186,True
4.29.N,4.29,N,Qual é o único animal que tem quatro joelhos? O elefante.,0,0,2.03125,-1.7890625,-3.8203125,0.9785493016242981,0.02145073004066944,True
5.2.N,5.2,N,Por que na China tem tanta gente? Porque lá eles comem com hashis.,0,1,-0.166015625,0.24609375,0.412109375,0.398406445980072,0.601593554019928,False
5.2021.H,5.2021,H,Qual é o cantor que faz buracos no chão? Ca Wando ,1,1,-1.3828125,1.234375,2.6171875,0.06804041564464569,0.9319595694541931,True
5.683.H,5.683,H,Qual é a jornalista mais genérica do mundo? Ana Paula Padrão.,1,1,-1.375,1.4453125,2.8203125,0.05623634159564972,0.9437636137008667,True
5.1286.H,5.1286,H,Qual o nome do piloto do dirigível? José Pelin.,1,0,1.1875,-1.1328125,-2.3203125,0.9105454087257385,0.08945459872484207,False
5.607.H,5.607,H,Qual é a cantora mais tocada na papelaria? Ana Cartolina.,1,1,-1.3046875,1.203125,2.5078125,0.0753123089671135,0.9246877431869507,True
4.52.N,4.52,N,O que é um ponto preto no oceano? É um bacalhau.,0,0,0.048828125,-0.07861328125,-0.12744140625,0.5318172574043274,0.4681827127933502,True
5.4079.N,5.4079,N,Onde as pessoas andam sem roupa? Em casa.,0,0,1.625,-1.3203125,-2.9453125,0.9500414729118347,0.049958523362874985,True
4.653.H,4.653,H,O Artur detesta chuva e o Paulo Bento.,1,0,0.83203125,-0.73828125,-1.5703125,0.8278281688690186,0.17217184603214264,False
4.709.N,4.709,N,"Se a Terra é redonda, por que é que se chama "" planeta "" e não "" bola ""?",0,0,0.671875,-0.2333984375,-0.9052734375,0.7120320200920105,0.2879680097103119,True
5.2302.H,5.2302,H,Por que uma parede ficou decepcionada com a outra? Porque ela era parede falsa.,1,0,0.53515625,-0.296875,-0.83203125,0.696784257888794,0.30321577191352844,False
3.17.N,3.17,N,Que nome se dá a uma ferramenta perdida? Marreta.,0,0,1.4609375,-1.234375,-2.6953125,0.9367494583129883,0.06325051933526993,True
5.3534.N,5.3534,N,Qual o telefone que já foi de outro planeta? Ex Marte Phone.,0,1,-1.0625,1.078125,2.140625,0.10521053522825241,0.894789457321167,False
5.587.H,5.587,H,Por que não fico bronzeado em casa? Porque uso protetor só lar.,1,1,-0.84765625,0.89453125,1.7421875,0.14903530478477478,0.8509647250175476,True
5.516.N,5.516,N,Para onde o José se mudou com a esperança de um mundo melhor? Europa.,0,0,1.4453125,-1.28125,-2.7265625,0.9385759830474854,0.06142403930425644,True
5.1360.N,5.1360,N,Por que o anão foi surfar na cozinha? Porque lá tem fogão.,0,0,0.5390625,-0.55078125,-1.08984375,0.7483522891998291,0.2516477108001709,True
5.2039.H,5.2039,H,Qual é o cachorro do Cazuza? O cão de nome Beija Flor ,1,0,1.75,-1.578125,-3.328125,0.9653811454772949,0.034618835896253586,False
5.1517.N,5.1517,N,"O que o pastor leva para comer na hora do almoço? Não sei, mas o judeu leva latkes.",0,1,-0.61328125,0.5234375,1.13671875,0.2429232895374298,0.7570766806602478,False
5.722.N,5.722,N,Qual a conta de e-mail que a mulher do filho nunca checa? Gmail.,0,0,1.6640625,-1.359375,-3.0234375,0.9536218643188477,0.046378206461668015,True
5.1189.H,5.1189,H,Que elemento químico a gente avalia depois de usar? U berílio.,1,1,-1.21875,1.140625,2.359375,0.08632348477840424,0.9136765599250793,True
5.3700.H,5.3700,H,Qual remédio feito com peixe? Neosardinha.,1,1,-1.09375,1.0625,2.15625,0.103748619556427,0.896251380443573,True
3.1.H,3.1,H,Qual o contrário de paixão? Mãeteto.,1,1,-1.2265625,1.2265625,2.453125,0.07921033352613449,0.9207897186279297,True
5.3209.N,5.3209,N,Qual rainha que bebe cerveja? Rainha Charlotte.,0,0,1.984375,-1.671875,-3.65625,0.974821150302887,0.02517884038388729,True
4.71.H,4.71,H,Porque é que uma mulher partiu a perna ao filho na cozinha? Porque não tinha canela para pôr no bolo.,1,1,-0.055419921875,0.01055908203125,0.06597900390625,0.4835112392902374,0.516488790512085,True
5.3804.H,5.3804,H,Como falece quem peida muito? Infart.,1,0,0.88671875,-0.734375,-1.62109375,0.8349459171295166,0.1650540828704834,False
4.609.N,4.609,N,Um fulano passou três dias na piscina e depois foi ao médico . Qual foi o diagnóstico? Exercício demais.,0,0,1.0859375,-0.58203125,-1.66796875,0.8413047790527344,0.15869519114494324,True
5.1202.N,5.1202,N,Porque os pãezinhos nos EUA são cor de abóbora? Porque é um Baguette de abóbora.,0,1,-0.94140625,0.96484375,1.90625,0.12940272688865662,0.8705973029136658,False
5.3478.N,5.3478,N,Com qual marcha o porco anda? Devagar.,0,0,1.3984375,-1.234375,-2.6328125,0.9329437017440796,0.06705627590417862,True
5.409.H,5.409,H,Qual a história sobre a princesa adolescente que não gostava de cobrir os pés? A Pequena Sem Meia,1,1,-1.125,1.1484375,2.2734375,0.09334688633680344,0.9066531658172607,True
5.3005.N,5.3005,N,Qual é a carne que volta muito mais rápido do que vai? Carne mal cozida.,0,0,1.109375,-1.0078125,-2.1171875,0.8925625681877136,0.10743748396635056,True
5.441.N,5.441,N,Por que todo fã de Nirvana também gosta do Jorge Ben Jor? Porque fã de Nirvana Curte MPB.,0,0,0.65625,-0.41796875,-1.07421875,0.7453983426094055,0.2546016275882721,True
5.3355.N,5.3355,N,O que mais excita o fazendeiro? Lucros no Pasto.,0,1,-0.00567626953125,0.166015625,0.17169189453125,0.4571821391582489,0.5428178310394287,False
4.418.N,4.418,N,"Qual é o masculino de "" tábua ""? Eu digo, é tabu.",0,0,0.34765625,-0.294921875,-0.642578125,0.6553360223770142,0.34466394782066345,True
5.3700.N,5.3700,N,Qual remédio feito com peixe? Biotônico.,0,0,1.203125,-1.1953125,-2.3984375,0.9167081117630005,0.0832919254899025,True
2.10.H,2.10,H,Como o padre bateu o carro? Dando uma rezinha.,1,0,1.28125,-1.171875,-2.453125,0.9207897186279297,0.07921033352613449,False
5.513.N,5.513,N,Qual o contrário de diagnóstico? Desconhecimento.,0,0,1.3203125,-1.09375,-2.4140625,0.9178933501243591,0.08210661262273788,True
4.278.N,4.278,N,Quando é que se celebra o Dia Mundial do Lúpus? 10 / maio.,0,0,1.078125,-0.8671875,-1.9453125,0.8749346137046814,0.1250653862953186,True
5.2821.N,5.2821,N,Qual organização vai entrar com uma ação contra os crimes cometidos na língua portuguesa? OAB Cedário,0,1,-1.1015625,1.1640625,2.265625,0.09401018172502518,0.9059898257255554,False
5.3487.H,5.3487,H,Por que os editores da coquetel querem muito ir à terra santa? Porque elas fazem cruzadinhas.,1,0,0.765625,-0.66015625,-1.42578125,0.8062431216239929,0.1937568485736847,False
5.881.H,5.881,H,Como a manicure se refere a esposa do irmão dela? Unhadinha.,1,0,0.0791015625,-0.1298828125,-0.208984375,0.5520567893981934,0.44794324040412903,False
4.662.N,4.662,N,"Decidi começar a usar um pano nas cuecas . Assim, sempre que me peido liberto gás cheiroso.",0,1,-0.12353515625,0.1474609375,0.27099609375,0.43266257643699646,0.5673373937606812,False
5.1314.H,5.1314,H,Por que a manicure foi demitida? Porque ela estava pouco se lixando.,1,0,0.8203125,-0.72265625,-1.54296875,0.8238958716392517,0.1761041283607483,False
4.66.H,4.66,H,Eu adoro fiambre. E o Nicolas Cage.,1,0,0.345703125,-0.275390625,-0.62109375,0.6504672765731812,0.34953272342681885,False
5.1361.N,5.1361,N,Qual é o melhor legume que existe? A beterraba.,0,0,1.765625,-1.5546875,-3.3203125,0.9651191234588623,0.03488088771700859,True
4.412.H,4.412,H,Porque é que o computador não pára de espirrar? Porque apanhou um vírus.,1,0,0.859375,-0.65625,-1.515625,0.8198933005332947,0.18010665476322174,False
5.7.N,5.7,N,Por que a feijoada estava triste? Porque colocaram ela na panela de pressão.,0,0,0.59765625,-0.6328125,-1.23046875,0.77390056848526,0.2260993868112564,True
5.1377.N,5.1377,N,"Por que o professor de natação amava o emprego? Porque ele ensinou, ensinou, e o aluno nada.",0,0,0.0281982421875,-0.056884765625,-0.0850830078125,0.5212579369544983,0.4787420332431793,True
5.3942.H,5.3942,H,Qual a bebida preferida dos sindicalistas? YaCUT.,1,1,-1.1171875,1.0703125,2.1875,0.10087861120700836,0.8991213440895081,True
5.3487.N,5.3487,N,Por que os editores da coquetel querem muito ir à terra santa? Porque elas fazem puzzles.,0,0,1.0625,-0.85546875,-1.91796875,0.8719117641448975,0.12808825075626373,True
5.1141.N,5.1141,N,Qual o cachorro é bom de briga? Jiu shih-tzu,0,0,1.6484375,-1.3515625,-3.0,0.9525741338729858,0.04742587357759476,True
5.2518.H,5.2518,H,Qual personagem da literatura chupava tudo o que via? San Chupança.,1,1,-1.4765625,1.3203125,2.796875,0.05749328061938286,0.9425067901611328,True
5.133.H,5.133,H,Qual cantor adora ventiladores? Hélice Cooper.,1,1,-1.078125,1.109375,2.1875,0.10087861120700836,0.8991213440895081,True
5.810.N,5.810,N,Por que quando você elogiou eles nunca responderam? Porque eram lentos de contato.,0,0,0.181640625,-0.11376953125,-0.29541015625,0.5733201503753662,0.42667990922927856,True
5.1825.N,5.1825,N,Por que o cavaquinho andava tão arrogante? Porque ele disse: sou um sucesso!,0,0,0.78125,-0.52734375,-1.30859375,0.7872777581214905,0.2127222716808319,True
5.2182.H,5.2182,H,Qual é o ator que só interpreta médicos com roupa apertada? Reinaldo Jalequinho ,1,1,-1.359375,1.3359375,2.6953125,0.06325051933526993,0.9367494583129883,True
5.405.H,5.405,H,Onde ficam as maiores dúvidas dos dentistas? In the ciso.,1,1,-1.0625,1.109375,2.171875,0.10230471193790436,0.8976953029632568,True
4.450.N,4.450,N,O que é que o fumador diz quando fuma uma ganza? Esta bate man ...,0,1,-1.078125,1.078125,2.15625,0.103748619556427,0.896251380443573,False
5.92.N,5.92,N,Qual o parente que não serve pra nada? Primo.,0,1,-0.404296875,0.353515625,0.7578125,0.3191213607788086,0.6808785796165466,False
5.1517.H,5.1517,H,"O que o pastor leva para comer na hora do almoço? Não sei, mas o judeu leva marmitzvah.",1,1,-0.95703125,0.875,1.83203125,0.13799647986888885,0.86200350522995,True
4.622.N,4.622,N,Que tamanho de roupa vestem as altas? Tamanho grande.,0,0,1.421875,-1.0703125,-2.4921875,0.9235922694206238,0.07640768587589264,True
4.591.N,4.591,N,Alguém quer comprar um aparelho avariado? Sem pressão ...,0,0,0.50390625,-0.3671875,-0.87109375,0.7049732804298401,0.2950267791748047,True
5.1831.H,5.1831,H,"O que disse o filho de um apresentador ao nascer, que revelou a homosexualidade do pai? Gugu dá dá",1,1,-1.03125,0.93359375,1.96484375,0.12294380366802216,0.8770562410354614,True
5.1814.N,5.1814,N,Qual banda dos amigos perdedores? The killers.,0,0,1.4921875,-1.40625,-2.8984375,0.9477691650390625,0.05223085731267929,True
5.2125.N,5.2125,N,O que o rapaz fez com as fotos que tirou no ano novo? Guardou,0,0,1.2109375,-1.078125,-2.2890625,0.907967209815979,0.09203285723924637,True
5.3981.N,5.3981,N,Qual o super herói dono de uma igreja? Hulk.,0,0,2.03125,-1.890625,-3.921875,0.9805806875228882,0.019419347867369652,True
5.218.H,5.218,H,Como se chama o demônio de camisola? Encosto de Renda.,1,0,0.703125,-0.60546875,-1.30859375,0.7872777581214905,0.2127222716808319,False
5.2895.N,5.2895,N,Qual cantor só vê notícias pela internet? Latino,0,0,2.0,-1.8984375,-3.8984375,0.9801293015480042,0.019870713353157043,True
4.388.N,4.388,N,Hoje passei por uma família de cães na rua . Foi ali em Famalicão.,0,1,-0.3984375,0.490234375,0.888671875,0.2913839817047119,0.7086160182952881,False
5.3656.N,5.3656,N,Qual vilão da Marvel data do período paleolítico? Thanos.,0,0,1.59375,-1.578125,-3.171875,0.9597620368003845,0.04023794084787369,True
5.670.H,5.670,H,Qual é a música em que o sobrinho do Michael Jackson nos convida a assistir a um moonwalk feito pelos Jackson Five? Tios em ré... vem!,1,1,-1.1875,1.109375,2.296875,0.09138209372758865,0.9086179733276367,True
4.89.H,4.89,H,"Como é que se diz ""ano"" na Índia? Indiano.",1,0,0.80078125,-0.67578125,-1.4765625,0.8140527606010437,0.1859472095966339,False
5.5.H,5.5,H,Por que o celular foi para o centro de reabilitação? Porque a bateria estava viciada.,1,0,0.671875,-0.4765625,-1.1484375,0.7592254281044006,0.24077458679676056,False
5.1491.H,5.1491,H,Sabe qual é a música heavy metal de Chitãozinho e Xororó? Heavydências.,1,1,-1.21875,1.15625,2.375,0.08509904891252518,0.9149009585380554,True
5.710.N,5.710,N,Como se faz para desenterrar um osso? É só escavá-lo.,0,0,1.109375,-0.9296875,-2.0390625,0.8848377466201782,0.11516222357749939,True
5.3166.N,5.3166,N,Por que o jardineiro estava passando necessidade? Andava meio sem dinheiro.,0,0,0.83203125,-0.91015625,-1.7421875,0.8509647250175476,0.14903530478477478,True
4.131.H,4.131,H,Qual é o jogo preferido das batatas fritas? É o Monop-óleo.,1,1,-1.1484375,1.109375,2.2578125,0.09467770159244537,0.9053223133087158,True
5.740.H,5.740,H,"Qual número que quando cai, vira uma fruta? Pitomba.",1,0,0.73828125,-0.5234375,-1.26171875,0.7793218493461609,0.2206781655550003,False
5.4029.H,5.4029,H,"Qual pássaro quer fazer fuxico sobre uma mulher, mas esquece o que ia falar? Sabe a.",1,1,-0.79296875,0.80859375,1.6015625,0.167763352394104,0.8322367072105408,True
4.567.N,4.567,N,"O que é que a mulher do senhor diz quando o viagra perde o efeito? Foi-se o martelo, camarada.",0,1,-0.84375,0.75390625,1.59765625,0.16830943524837494,0.8316905498504639,False
4.227.H,4.227,H,O que é que acontece quando o Aladino esfrega a lamparina mágica debaixo de água? Aparece o hidrogénio.,1,0,0.1708984375,-0.095703125,-0.2666015625,0.5662583708763123,0.43374159932136536,False
5.3005.H,5.3005,H,Qual é a carne que volta muito mais rápido do que vai? Carne mó ida.,1,1,-1.203125,1.2109375,2.4140625,0.08210661262273788,0.9178933501243591,True
5.3342.N,5.3342,N,Qual o nervo que tem uma loja? O nervo ciático.,0,0,0.49609375,-0.2734375,-0.76953125,0.6834195256233215,0.31658053398132324,True
5.1462.H,5.1462,H,Qual o jogo preferido da galera de Stranger Things? Winning Eleven.,1,0,0.203125,-0.1875,-0.390625,0.596433162689209,0.4035668969154358,False
5.3094.H,5.3094,H,Qual o nome do cinema pra veganos? Quinoaplex.,1,1,-0.91015625,0.91015625,1.8203125,0.13939638435840607,0.8606036305427551,True
5.1298.N,5.1298,N,Qual político é mal arejado? Lula.,0,0,1.6640625,-1.6953125,-3.359375,0.9664104580879211,0.03358950465917587,True
5.1449.N,5.1449,N,Po rque o carteiro foi à feira? Porque tinha uma carta para entregar.,0,0,0.55078125,-0.42578125,-0.9765625,0.7264255881309509,0.2735743820667267,True
4.206.N,4.206,N,O que diz um castor excitado? Bate os dentes,0,0,1.421875,-1.140625,-2.5625,0.9284088015556335,0.07159119844436646,True
5.1956.N,5.1956,N,Qual o sambista com menos pelos do Brasil? Dudu Nobre.,0,0,1.6953125,-1.7265625,-3.421875,0.9683812260627747,0.031618766486644745,True
5.1891.N,5.1891,N,Qual cantor escrevia na lousa? Gilberto Gil.,0,0,1.84375,-1.6640625,-3.5078125,0.9709092378616333,0.02909075655043125,True
5.2812.N,5.2812,N,Qual carro é a mistura de um prato árabe e um suco? Nenhum,0,0,1.6171875,-1.40625,-3.0234375,0.9536218643188477,0.046378206461668015,True
4.486.N,4.486,N,"Vira-se um computador grande para o pequeno: Olha só para ti, tão pequeno e já trabalhas.",0,1,-0.0400390625,0.1171875,0.1572265625,0.46077412366867065,0.5392258763313293,False
5.2612.N,5.2612,N,Qual música tem coreografia diurética? A dança do gorila.,0,0,1.7890625,-1.53125,-3.3203125,0.9651191234588623,0.03488088771700859,True
5.200.N,5.200,N,"O que o pão disse para o padeiro quando este abriu o forno? "" Pronto ""!",0,0,0.8984375,-0.7890625,-1.6875,0.8438951373100281,0.1561048924922943,True
5.75.N,5.75,N,Qual é o contrário de centopeia? Nenhum.,0,0,1.2421875,-1.1640625,-2.40625,0.917302668094635,0.08269733935594559,True
5.1162.N,5.1162,N,Qual o bairro de São Paulo que só tem Japoneses? Liberdade,0,0,1.8125,-1.328125,-3.140625,0.9585376977920532,0.04146226868033409,True
4.333.H,4.333,H,Em quantas partes se divide o cérebro do homem? Depende da força da pancada.,1,0,1.140625,-0.90234375,-2.04296875,0.8852352499961853,0.11476478725671768,False
5.1221.H,5.1221,H,Qual o jornalista esportivo mais pesado? 1000 ton. Neves.,1,1,-1.3671875,1.3984375,2.765625,0.05921025201678276,0.9407896995544434,True
5.1245.N,5.1245,N,Por que a ovelha gosta de salgadinhos? Porque ela come.,0,0,1.625,-1.1953125,-2.8203125,0.9437636137008667,0.05623634159564972,True
5.722.H,5.722,H,Qual a conta de e-mail que a mulher do filho nunca checa? Ig nora.,1,1,-1.203125,1.125,2.328125,0.08882028609514236,0.9111796617507935,True
5.587.N,5.587,N,Por que não fico bronzeado em casa? Porque uso protetor facial.,0,0,1.265625,-0.9921875,-2.2578125,0.9053223133087158,0.09467770159244537,True
4.167.H,4.167,H,Qual é o passatempo preferido de um mexicano de 12 anos? Bater à piñata.,1,1,-0.08447265625,0.134765625,0.21923828125,0.4454089105129242,0.5545910596847534,True
5.3635.N,5.3635,N,Qual é o nome do jogo de luta que só se pode jogar tomando tequila? Tekken.,0,0,1.3359375,-1.21875,-2.5546875,0.9278878569602966,0.07211221009492874,True
5.1360.H,5.1360,H,Por que o anão foi surfar na cozinha? Porque lá tem micro ondas.,1,0,0.05126953125,-0.00946044921875,-0.06072998046875,0.515177845954895,0.484822154045105,False
4.193.H,4.193,H,"Hoje, vinte mulheres convidaram-me para sair. Nunca mais entro no WC das mulheres.",1,1,0.055908203125,0.0859375,0.030029296875,0.49249324202537537,0.507506787776947,True
4.166.H,4.166,H,Um domador de ursos foi despedido. Qual é o filme? O ex-ursista.,1,1,-0.057861328125,0.0595703125,0.117431640625,0.4706757664680481,0.5293241739273071,True
4.511.N,4.511,N,"Porque é que não há professores de Geografia daltónicos? Porque se houvesse, não viam a cor.",0,0,0.1435546875,-0.07470703125,-0.21826171875,0.5543498396873474,0.4456501603126526,True
5.3287.H,5.3287,H,Qual o ingrediente presente na comida de quem apanhou? RepOlho Roxo.,1,1,-1.2578125,1.3203125,2.578125,0.07055959850549698,0.929440438747406,True
5.1337.H,5.1337,H,Qual autor o Harry Potter lê quando está doente? O Saramago.,1,0,1.46875,-1.375,-2.84375,0.9449946880340576,0.05500528961420059,False
5.3704.H,5.3704,H,Onde o Sílvio conseguiu comprar novelas tão ruins? Na porta da espelunca!,1,1,-0.66015625,0.58984375,1.25,0.22270013391971588,0.7772998809814453,True
4.638.H,4.638,H,"O amor é como um jogo de sueca. Ou se tem um bom parceiro, ou o melhor mesmo é ter uma boa mão.",1,1,0.004180908203125,0.04736328125,0.043182373046875,0.48920607566833496,0.510793924331665,True
5.1221.N,5.1221,N,Qual o jornalista esportivo mais pesado? Milton Neves.,0,0,1.7734375,-1.8203125,-3.59375,0.9732407331466675,0.026759283617138863,True
4.36.N,4.36,N,Uma loira viu um jogo de futebol que acabou 1-0 . Qual foi o seu jogador preferido? O Vidoso . Porque o golo foi dele.,0,0,0.2119140625,-0.0023040771484375,-0.2142181396484375,0.5533506870269775,0.44664937257766724,True
5.2329.N,5.2329,N,O que o videogame espera que a gente faça? Que o console.,0,0,0.51953125,-0.333984375,-0.853515625,0.7013041377067566,0.2986958920955658,True
5.1054.H,5.1054,H,Por que o carbono alfa ficou nervoso?  Porque uma carboxila tirou amina dele.,1,1,-0.7109375,0.59765625,1.30859375,0.2127222716808319,0.7872777581214905,True
4.338.N,4.338,N,Que nome se dá a um hipopótamo a dançar com uma tartaruga? Dançarino.,0,0,1.578125,-1.4375,-3.015625,0.9532750844955444,0.04672495648264885,True
4.377.N,4.377,N,"Qual é o carro preferido das raparigas? É o Fiat, tipo.",0,1,-0.546875,0.6484375,1.1953125,0.23231014609336853,0.7676898241043091,False
5.3381.H,5.3381,H,Qual cantora baiana gosta de heavy metal? Margadeath Menezes.,1,1,-1.4453125,1.328125,2.7734375,0.058776553720235825,0.9412234425544739,True
5.2467.H,5.2467,H,Qual Rapper só toca em aniversários? Rapper Birthday,1,1,-1.4453125,1.234375,2.6796875,0.06418263912200928,0.9358173608779907,True
5.2512.N,5.2512,N,Por que ninguém na Terra consegue entender a língua nativa do Super-Homem? Porque é diferente.,0,0,1.515625,-1.09375,-2.609375,0.9314625263214111,0.06853749603033066,True
5.1276.H,5.1276,H,Qual menina sempre bota pilha nos outros pra sair? A Vamnessa.,1,1,-1.203125,1.1171875,2.3203125,0.08945459872484207,0.9105454087257385,True
5.2047.H,5.2047,H,"Qual conto mostra a história de alguém que acha a esposa linda, mas quando ela o procura de noite, ele nega? ah, bela.... dorme, cida. ",1,1,-1.15625,1.09375,2.25,0.09534946084022522,0.9046505093574524,True
5.1789.H,5.1789,H,Qual é o cineasta que tem melhor pontaria? Quentin Tarantiro.,1,1,-1.140625,1.1875,2.328125,0.08882028609514236,0.9111796617507935,True
5.659.H,5.659,H,Qual planta trabalha muito? Workídea.,1,1,-1.2421875,1.2265625,2.46875,0.07807816565036774,0.9219217896461487,True
5.3169.N,5.3169,N,Que rainha rosna como cantora? Queen Lati Fa.,0,1,-1.3515625,1.2421875,2.59375,0.06954174488782883,0.9304582476615906,False
5.607.N,5.607,N,Qual é a cantora mais tocada na papelaria? Ana Carolina.,0,0,1.828125,-1.671875,-3.5,0.970687747001648,0.02931223064661026,True
5.4032.N,5.4032,N,"Por que quando eu gritava dentro da caverna, o som só se repetia uma vez? Porque era pouco eco.",0,0,0.625,-0.388671875,-1.013671875,0.733738124370575,0.26626187562942505,True
5.3855.N,5.3855,N,Qual o nome que se dá para o assassinato em massa na galáxia do universo da Marvel? Crimes simultâneos.,0,0,1.421875,-1.0390625,-2.4609375,0.9213575720787048,0.07864238321781158,True
4.206.H,4.206,H,O que diz um castor excitado? Suck my dique!,1,1,-1.0234375,1.0859375,2.109375,0.10818895697593689,0.8918110132217407,True
5.31.H,5.31,H,Qual é o poeta que sempre se atrasa?  Vinícius Demorais.,1,1,-1.3984375,1.40625,2.8046875,0.05707139894366264,0.9429286122322083,True
4.85.H,4.85,H,Porque é que nunca roubaram a mota do japonês? Porque ele compra Y-amaha.,1,1,-0.99609375,0.9609375,1.95703125,0.12378869950771332,0.8762113451957703,True
5.2955.N,5.2955,N,"Qual o nome do jogo que Jô Soares adora jogar quando cheira cocaína? Pedra, papel e tesoura.",0,0,1.4296875,-1.296875,-2.7265625,0.9385759830474854,0.06142403930425644,True
5.2609.H,5.2609,H,O que o anão estava fazendo com a bola de futebol? Embaixadinhas.,1,1,-0.640625,0.5390625,1.1796875,0.2351084053516388,0.7648915648460388,True
5.1884.N,5.1884,N,Como se referiam a Jesus quando ele ficava bravo? Zangado.,0,0,1.03125,-1.0390625,-2.0703125,0.8879840970039368,0.11201594769954681,True
4.337.H,4.337,H,Porque é que a mão não pode medir mais do que 31 cm? Porque aí já seria um pé.,1,0,0.2236328125,-0.1240234375,-0.34765625,0.5860491394996643,0.4139508903026581,False
5.2900.N,5.2900,N,Qual cineasta tem um haras? Tim Burton.,0,0,1.78125,-1.5703125,-3.3515625,0.966156005859375,0.03384403511881828,True
5.2282.H,5.2282,H,"Por que num determinado dia, o aluno do cursinho mentia pra todo mundo? Porque era dia dissimulado. ",1,0,0.71484375,-0.5546875,-1.26953125,0.780662477016449,0.21933749318122864,False
5.2811.N,5.2811,N,Profissional que conhecia tudo a respeito de suínos? Zootecnista,0,0,1.546875,-1.328125,-2.875,0.9465966820716858,0.053403329104185104,True
4.160.N,4.160,N,O que diz uma banana suicida? Macacos me comam!,0,0,0.255859375,-0.23046875,-0.486328125,0.6192409992218018,0.38075894117355347,True
5.1967.H,5.1967,H,Onde as bundas são conservadas? Na adega ,1,0,1.1328125,-1.0703125,-2.203125,0.9005298018455505,0.09947022050619125,False
5.3804.N,5.3804,N,Como falece quem peida muito? Trombose.,0,0,1.4375,-1.1171875,-2.5546875,0.9278878569602966,0.07211221009492874,True
5.3581.N,5.3581,N,Qual pintor gosta de pintar os personagens de Toy Story usando cores bem vivas? O Andy Warhol.,0,0,1.84375,-1.5703125,-3.4140625,0.9681411385536194,0.03185885772109032,True
5.3868.H,5.3868,H,Qual marca de eletrodoméstico virou presidente? BrasTrump.,1,1,-1.3515625,1.34375,2.6953125,0.06325051933526993,0.9367494583129883,True
5.417.H,5.417,H,Qual é o doce mais pagodeiro que existe? A bala 7 BELO.,1,1,-1.34375,1.21875,2.5625,0.07159119844436646,0.9284088015556335,True
5.2821.H,5.2821,H,Qual instituição vai entrar com uma ação contra os crimes cometidos na língua portuguesa? OAB Cedário ,1,1,-1.125,1.1796875,2.3046875,0.09073549509048462,0.9092645049095154,True
5.606.H,5.606,H,Qual a cantora que sempre aceita chá? Kesha.,1,0,0.416015625,-0.294921875,-0.7109375,0.6706082820892334,0.3293917179107666,False
5.2743.N,5.2743,N,Qual o animal que sempre tá de brinks? Suricato,0,1,-1.1875,1.15625,2.34375,0.08756384253501892,0.9124361872673035,False
5.1498.H,5.1498,H,O que o galo foi fazer na delegacia? Soltar a franga.,1,0,0.1494140625,-0.1376953125,-0.287109375,0.5712883472442627,0.4287116825580597,False
5.1670.N,5.1670,N,Qual é o app que os jardineiros fazem questão de cortar da vida social deles? Twitter.,0,0,1.5078125,-1.140625,-2.6484375,0.9339146018028259,0.06608538329601288,True
5.1006.N,5.1006,N,Qual a concorrente mais desbocada da Marvel??? A própria Marvel.,0,0,1.53125,-1.3125,-2.84375,0.9449946880340576,0.05500528961420059,True
5.2844.N,5.2844,N,Como o padre comprou o carro? Dando uma rezinha,0,0,0.953125,-0.796875,-1.75,0.8519527316093445,0.14804719388484955,True
5.2944.H,5.2944,H,"Qual foi o aviso que Hermione deu para avisar que um colega reprovou na prova? ""Lucius Mal Foi.""",1,1,-1.375,1.296875,2.671875,0.06465348601341248,0.9353464841842651,True
5.3522.H,5.3522,H,O que é que tem abas e é gostoso de lamber? Absorvete.,1,1,-0.58203125,0.73828125,1.3203125,0.21076631546020508,0.7892336845397949,True
4.339.N,4.339,N,Vendi o meu contrabaixo . Só estava em casa a apanhar pó.,0,0,0.25,-0.1162109375,-0.3662109375,0.5905430912971497,0.40945690870285034,True
5.3323.H,5.3323,H,Qual doce favorito do Bolsonaro? Prende moleque.,1,1,-0.396484375,0.453125,0.849609375,0.2995148301124573,0.7004852294921875,True
5.778.N,5.778,N,Por que o cara que não fazia exercícios prestou odonto? Pra ser dentista.,0,0,1.15625,-1.015625,-2.171875,0.8976953029632568,0.10230471193790436,True
4.583.N,4.583,N,""" Cada dia, temos de fazer com que as pequenas coisas contem "" - disse a professora alto aos seus alunos.",0,1,-0.140625,0.21484375,0.35546875,0.41205689311027527,0.5879431366920471,False
5.979.H,5.979,H,Qual inseto causa vômito em crianças latinas? Enjoa niña.,1,1,-0.8828125,0.859375,1.7421875,0.14903530478477478,0.8509647250175476,True
5.3848.H,5.3848,H,Qual dublador tbm é psicólogo? Freud Mascarenhas.,1,1,-1.3359375,1.3359375,2.671875,0.06465348601341248,0.9353464841842651,True
5.62.H,5.62,H,Qual é a atriz que só usa roupa da Zara? Taís Zarauso.,1,1,-1.5078125,1.4296875,2.9375,0.05033063143491745,0.949669361114502,True
5.621.H,5.621,H,O que é uma fofoca? A amimiga da babaleia.,1,1,-0.82421875,0.70703125,1.53125,0.17781086266040802,0.8221890926361084,True
5.1110.H,5.1110,H,"O que o psicanalista adora dizer no meio do sexo? Vai, me Freud.",1,1,-1.1640625,1.2734375,2.4375,0.08035746961832047,0.9196425676345825,True
5.54.N,5.54,N,Qual é o personagem histórico que fui eu que indiquei? Simone de Beauvoir.,0,0,1.375,-1.140625,-2.515625,0.9252299070358276,0.07477004081010818,True
5.3409.H,5.3409,H,Qual é a melhor coisa pra se desejar a um voyeur no Natal? Boas Frestas.,1,1,-0.96484375,1.0546875,2.01953125,0.11716748028993607,0.8828325867652893,True
5.2069.H,5.2069,H,Os imperador inca decretou que as lhamas seriam os únicos animais permitidos em Machu Picchu. Qual é o nome do filme? O Império Contra a Alpaca ,1,1,-0.859375,0.8671875,1.7265625,0.15102779865264893,0.8489722013473511,True
5.4.N,5.4,N,Qual é o sabor da bala preferida da galera do hospício? M&Ms.,0,1,-0.7421875,0.91015625,1.65234375,0.16079244017601013,0.8392075896263123,False
4.751.H,4.751,H,"Como correu a primeira final de sempre da Liga dos Campeões com patos? Foi bem dispatada, cheia de quacks da bola e acabou empatada.",1,1,-0.423828125,0.51171875,0.935546875,0.2818007171154022,0.7181993126869202,True
5.169.N,5.169,N,Em qual programa o Sílvio Santos exagera no laquê? Todos.,0,0,1.703125,-1.609375,-3.3125,0.9648551344871521,0.03514484688639641,True
5.1802.H,5.1802,H,Qual é o celular dos veganos? Aipo ne,1,1,-1.15625,1.21875,2.375,0.08509904891252518,0.9149009585380554,True
5.4048.H,5.4048,H,Qual a música preferida dos cachorros? Samba Cãosão.,1,1,-1.28125,1.2265625,2.5078125,0.0753123089671135,0.9246877431869507,True
5.3928.H,5.3928,H,Qual é o cantor que adora novas tecnologias? Beto Gadgets.,1,1,-1.3515625,1.2890625,2.640625,0.06656918674707413,0.9334307909011841,True
5.2020.H,5.2020,H,O que o nordestino disse pro celular que sempre aceitava desaforo calado? XIA ÔMI ,1,1,-0.86328125,0.67578125,1.5390625,0.1766716092824936,0.8233283758163452,True
4.720.N,4.720,N,Um cacto liga para outro: Estou?,0,0,0.546875,-0.38671875,-0.93359375,0.7178038358688354,0.28219619393348694,True
5.3685.H,5.3685,H,Qual chefe que não consulta livro de receitas? O Chefe Decorzinha.,1,1,-1.296875,1.2734375,2.5703125,0.07107367366552353,0.9289263486862183,True
5.3038.N,5.3038,N,Qual cidade norte-americana odeia tanto sujeiras entrando no olho que até as tortura? São Francisco!,0,0,1.3828125,-1.015625,-2.3984375,0.9167081117630005,0.0832919254899025,True
5.3359.H,5.3359,H,Qual o animal que trabalha bem como carpinteiro? Rinocerrote.,1,1,-1.3828125,1.390625,2.7734375,0.058776553720235825,0.9412234425544739,True
5.3872.N,5.3872,N,Qual atriz é a rainha do marketing brasileiro? Bruna Marquesine,0,0,0.5546875,-0.4375,-0.9921875,0.729519784450531,0.2704802453517914,True
5.3728.N,5.3728,N,"Como se chama o aquecedor honesto, humilde e honrado? Aquecedor Hs.",0,1,-1.0,1.140625,2.140625,0.10521053522825241,0.894789457321167,False
4.341.H,4.341,H,Qual a semelhança entre o Adão e uma alface? O Adão foi o primeiro homem couve.,1,1,-1.2578125,1.296875,2.5546875,0.07211221009492874,0.9278878569602966,True
4.595.N,4.595,N,Para que servem óculos verdes? Para ver ao perto.,0,0,0.9296875,-0.7421875,-1.671875,0.8418256044387817,0.1581743359565735,True
5.3461.H,5.3461,H,Onde os artistas americanos dão chilique de tanto dar autógrafos? Fan in Quito.,1,0,0.111328125,-0.337890625,-0.44921875,0.6104534864425659,0.38954654335975647,False
4.524.H,4.524,H,Partir o pescoço foi uma experiência aterrorizante. Mas agora consigo olhar para trás e sorrir.,1,0,0.6640625,-0.390625,-1.0546875,0.74167400598526,0.25832599401474,False
5.80.N,5.80,N,Qual é a cidade que só tem mulheres prostitutas? Porto de Galinhas.,0,0,1.8828125,-1.6328125,-3.515625,0.9711290597915649,0.028870904818177223,True
5.2689.N,5.2689,N,Renata voltou do médico com o braço furado . Qual é o acontecimento histórico? Guerra de canudos.,0,0,0.26953125,-0.2470703125,-0.5166015625,0.6263527870178223,0.3736472427845001,True
4.385.N,4.385,N,"Dois gémeos foram presos por homicídio, mas passado um tempo libertaram o que estava mais gordo . Porque o irmão confessou.",0,0,0.3046875,-0.1318359375,-0.4365234375,0.6074303388595581,0.3925696611404419,True
4.481.H,4.481,H,Porque é que o corcunda de Notre-Dame não seguiu a carreira de advogado? Porque nunca conseguiu estudar direito.,1,0,1.171875,-1.015625,-2.1875,0.8991213440895081,0.10087861120700836,False
4.703.H,4.703,H,Qual é o prazo de validade da maionese? 31 de maio.,1,0,1.328125,-1.28125,-2.609375,0.9314625263214111,0.06853749603033066,False
5.621.N,5.621,N,O que é uma fofoca? A disseminação de informação alheia.,0,0,0.77734375,-0.64453125,-1.421875,0.8056321740150452,0.19436781108379364,True
5.2549.H,5.2549,H,Qual mercado vende lagarto? Iguanabara.,1,1,-0.27734375,-0.00194549560546875,0.27539825439453125,0.4315823018550873,0.5684176683425903,True
5.3946.H,5.3946,H,O quê o seu Madruga usa pra tomar banho? A bucha do 71.,1,1,-0.1435546875,0.07763671875,0.22119140625,0.4449264705181122,0.5550734996795654,True
4.170.N,4.170,N,Qual é o jogo preferido das crianças? O futebol.,0,0,2.171875,-1.71875,-3.890625,0.9799765348434448,0.020023442804813385,True
5.1971.N,5.1971,N,Qual padre que toda vez eu vejo tenho ejaculação precoce? Marcelo Rossi.,0,0,1.609375,-1.4140625,-3.0234375,0.9536218643188477,0.046378206461668015,True
5.1434.N,5.1434,N,Por que o queijo estava estudando matemática? Para encontrar a variável da questão.,0,0,1.1484375,-0.80859375,-1.95703125,0.8762113451957703,0.12378869950771332,True
5.1984.N,5.1984,N,Por que o eletricista ficou louco quando viu seu carro? Porque viu o arranhão,0,0,1.4765625,-1.0390625,-2.515625,0.9252299070358276,0.07477004081010818,True
4.734.H,4.734,H,"Numa aula de filosofia do 1° período: ""Penso, logo higiénico.""",1,1,-0.9921875,1.0703125,2.0625,0.11279541254043579,0.8872045874595642,True
5.2548.N,5.2548,N,O que o velho vaidoso disse em frente ao espelho? Lindo!,0,0,1.25,-1.125,-2.375,0.9149009585380554,0.08509904891252518,True
5.424.N,5.424,N,Qual deus grego me deixa puto? Ares.,0,0,1.3671875,-1.1953125,-2.5625,0.9284088015556335,0.07159119844436646,True
4.463.H,4.463,H,Qual é o melhos carro para te dar uma boleia? É o Volkswagen Bora!,1,1,-0.5546875,0.486328125,1.041015625,0.2609540522098541,0.7390459179878235,True
5.1060.H,5.1060,H,"Havia um menino chamado TLER. O que o amigo dele diz quando ele fica em silêncio depois de ouvir uma piada? Ri, Tler.",1,1,-1.1953125,1.1640625,2.359375,0.08632348477840424,0.9136765599250793,True
4.239.H,4.239,H,Porque é que é sempre Natal para um homem casado com uma mulher gorda? Porque todas as noites são com suada.,1,1,-0.6484375,0.734375,1.3828125,0.200557678937912,0.7994423508644104,True
5.2182.N,5.2182,N,Qual é o ator que só interpreta médicos com roupa apertada? Caio Castro,0,0,1.890625,-1.8828125,-3.7734375,0.9775429368019104,0.022457053884863853,True
5.2250.H,5.2250,H,Qual fantasia que a vaca usou no Halloween? Muuuuuumia ,1,1,-0.90234375,0.84375,1.74609375,0.14854057133197784,0.8514594435691833,True
4.499.H,4.499,H,Como é que o Pai Natal entrega as prendas tão rápido? Ele trenó muito.,1,1,-1.1015625,0.98828125,2.08984375,0.11008788645267487,0.8899121284484863,True
4.125.H,4.125,H,O que é que os russos dizem quando mandam uma bola ao cão? Babushka!,1,1,-0.66796875,0.734375,1.40234375,0.19744445383548737,0.802555501461029,True
5.1219.N,5.1219,N,O que é legal comer com as pessoas? Comida.,0,0,1.6328125,-1.4296875,-3.0625,0.9553191661834717,0.044680871069431305,True
5.1445.N,5.1445,N,Qual seria a revista do cara que lê muito? Ela iria SER VEJA.,0,1,-0.024169921875,0.1455078125,0.169677734375,0.4576820433139801,0.5423179864883423,False
4.413.N,4.413,N,A minha mulher surda trocou-me por outro homem . Devia ter percebido os avisos ...,0,0,0.6171875,-0.46484375,-1.08203125,0.7468782067298889,0.25312182307243347,True
5.1577.H,5.1577,H,O que é um fuio? Um buiaco na paiede.,1,1,-0.9609375,0.8046875,1.765625,0.14608724415302277,0.8539127111434937,True
5.2929.H,5.2929,H,Qual é a cantora mais conhecida por assédio? é a Palpa Fernandes,1,1,-1.1953125,1.0,2.1953125,0.10017222166061401,0.8998278379440308,True
4.257.H,4.257,H,Um homem foi para a guerra e perdeu os dois pés. Qual é o filme? O pés-tinha.,1,1,-0.890625,0.99609375,1.88671875,0.13161905109882355,0.8683809638023376,True
5.2095.N,5.2095,N,O que o rapaz falou quando viu batatinhas em um saquinho? Posso comer?,0,0,1.1171875,-0.9765625,-2.09375,0.8902942538261414,0.10970576852560043,True
5.3391.N,5.3391,N,Qual cantora famosa nasceu em La Paz? Shakira.,0,0,1.78125,-1.4609375,-3.2421875,0.9623913168907166,0.03760863095521927,True
5.2455.H,5.2455,H,Onde o Mickey gosta de morar? No condominnie.,1,1,-0.56640625,0.671875,1.23828125,0.2247353047132492,0.7752646803855896,True
5.1558.H,5.1558,H,Qual é o cantor que é dificil de engolir? Zezé que amargo.,1,0,-0.04150390625,-0.1201171875,-0.07861328125,0.5196431875228882,0.4803568124771118,False
5.1015.N,5.1015,N,O que são vários números 2 caindo do céu? Chuva.,0,0,1.6015625,-1.2421875,-2.84375,0.9449946880340576,0.05500528961420059,True
5.80.H,5.80,H,Qual é a cidade que só tem galináceas prostitutas? Ponto de Galinhas.,1,1,-0.142578125,-0.0003414154052734375,0.14223670959472656,0.46450066566467285,0.5354993343353271,True
4.413.H,4.413,H,A minha mulher surda trocou-me por outro homem. Devia ter percebido os sinais...,1,0,0.69140625,-0.4765625,-1.16796875,0.7627776861190796,0.2372223287820816,False
5.3238.H,5.3238,H,Qual queijo fabrica carro? Rockerford.,1,1,-0.66015625,0.43359375,1.09375,0.25091278553009033,0.7490872144699097,True
5.2222.H,5.2222,H,Qual instrumento já vem com comando de voz? Acorde: on ,1,1,-1.125,1.2109375,2.3359375,0.08819004893302917,0.9118099808692932,True
5.890.H,5.890,H,Qual é a marca favorita dos afilhados? Adindas.,1,1,-0.6953125,0.7109375,1.40625,0.19682618975639343,0.8031737804412842,True
4.312.N,4.312,N,Porque é que a mulher do Einstein usa bikini? Porque tem um bom corpo.,0,0,1.1171875,-0.8984375,-2.015625,0.8824278712272644,0.117572121322155,True
4.708.N,4.708,N,Qual é a cantora preferida dos cirurgiões? É a Mariza.,0,0,1.390625,-1.140625,-2.53125,0.9263036847114563,0.07369626313447952,True
5.1577.N,5.1577,N,O que é um furo? Um buraco na parede.,0,0,1.359375,-0.96484375,-2.32421875,0.9108630418777466,0.08913693577051163,True
5.141.H,5.141,H,Qual o herói da ovelha? Lã pião.,1,1,-1.2890625,1.140625,2.4296875,0.0809367224574089,0.9190633296966553,True
5.2039.N,5.2039,N,Qual é o cachorro do Cazuza? O rex Beija Flor,0,1,-1.328125,1.1171875,2.4453125,0.07978201657533646,0.9202179908752441,False
5.2707.H,5.2707,H,Por que o tubo de pomada foi preso? Porque era um creminoso.,1,0,0.6328125,-0.44921875,-1.08203125,0.7468782067298889,0.25312182307243347,False
4.112.H,4.112,H,Quando é que os informáticos vão ao dermatologista? Quando têm problemas d'Apple.,1,1,-0.91015625,0.953125,1.86328125,0.13432106375694275,0.8656789064407349,True
4.381.H,4.381,H,O que acontece quando metes um tomate no micro-ondas? Entalas o outro.,1,1,-0.51953125,0.498046875,1.017578125,0.26549944281578064,0.7345005869865417,True
5.3703.H,5.3703,H,Que atriz trabalha como lixeira? Tony Colete.,1,1,-1.453125,1.4140625,2.8671875,0.05379964038729668,0.9462003111839294,True
5.978.H,5.978,H,Qual é a novela em que Eva zoa Adão? O Trolado do Paraíso.,1,1,-0.87109375,0.80078125,1.671875,0.1581743359565735,0.8418256044387817,True
4.720.H,4.720,H,Um cacto liga para outro: Aloe Vera?,1,0,0.208984375,-0.1865234375,-0.3955078125,0.5976079106330872,0.40239211916923523,False
4.337.N,4.337,N,Porque é que a mão não pode medir mais do que 31 cm? Porque aí já seria um remo.,0,0,0.2421875,-0.12451171875,-0.36669921875,0.5906611680984497,0.4093388617038727,True
5.1150.N,5.1150,N,O que a mãe do chinês falou para ele fazer quando brigarem com ele? Desculpar-se.,0,0,1.40625,-1.25,-2.65625,0.9343951344490051,0.06560483574867249,True
5.4065.H,5.4065,H,Por que acharam melhor não colocar o Silvio Santos pra apresentar toda a programação do SBT? Porque seria impor Silvio.,1,1,-0.72265625,0.73046875,1.453125,0.18952107429504395,0.8104788661003113,True
4.483.H,4.483,H,Porque é que há tantas mulheres feias no litoral? Porque a verdadeira beleza está no interior.,1,0,1.234375,-0.93359375,-2.16796875,0.897335946559906,0.10266400873661041,False
5.409.N,5.409,N,Qual a história sobre a princesa adolescente que não gostava de cobrir os pés? A Pequena descalça,0,1,-0.8203125,0.546875,1.3671875,0.2030746340751648,0.7969253659248352,False
4.450.H,4.450,H,O que é que o Robin diz quando fuma uma ganza? Esta batman...,1,1,-1.046875,1.015625,2.0625,0.11279541254043579,0.8872045874595642,True
4.328.N,4.328,N,Porque é que a mulher do Luís se divorciou dele? Queria um homem mais maduro.,0,0,1.2109375,-1.03125,-2.2421875,0.9039745330810547,0.0960254892706871,True
4.703.N,4.703,N,Qual é o prazo de validade de maio? 31 de maio.,0,0,1.390625,-1.2890625,-2.6796875,0.9358173608779907,0.06418263912200928,True
5.1789.N,5.1789,N,Um menino viajando de ônibus vomitou a viagem inteira . Qual é o nome do filme? Passando mal.,0,0,1.3671875,-1.1640625,-2.53125,0.9263036847114563,0.07369626313447952,True
5.3953.H,5.3953,H,"Que movimento político ficou de apurar os fatos históricos, mas mentiu de certa forma? Com omissão da verdade.",1,0,0.6796875,-0.57421875,-1.25390625,0.7779752612113953,0.22202469408512115,False
5.521.N,5.521,N,Qual ator que peida tão alto que ressoa? Francisco Xavier.,0,0,1.6171875,-1.7109375,-3.328125,0.9653811454772949,0.034618835896253586,True
5.3006.N,5.3006,N,Qual país só tem coisas sem utilidade? Irlanda.,0,0,1.625,-1.3515625,-2.9765625,0.9515040516853333,0.048496004194021225,True
5.1140.N,5.1140,N,Qual é a moeda preferida que quem fica em casa cuidando dos cachorros? Do Lar,0,0,0.59375,-0.4453125,-1.0390625,0.7386690378189087,0.26133090257644653,True
4.186.N,4.186,N,Qual é a série preferida dos prisioneiros? Prison Break.,0,0,0.875,-0.53125,-1.40625,0.8031737804412842,0.19682618975639343,True
5.3116.N,5.3116,N,Qual tipo de carne que só vai bem com cerveja? Vermelha.,0,0,1.6484375,-1.6796875,-3.328125,0.9653811454772949,0.034618835896253586,True
5.1279.H,5.1279,H,Qual ator mirim não escova os dentes? MaCarie Culkin.,1,1,-1.1328125,1.0625,2.1953125,0.10017222166061401,0.8998278379440308,True
5.1684.H,5.1684,H,Qual cantor odeia a pia cheia? Caetano vê louça,1,1,-1.203125,1.2890625,2.4921875,0.07640768587589264,0.9235922694206238,True
5.881.N,5.881,N,Como a manicure se refere a esposa do irmão dela? Cunhada.,0,1,-0.140625,0.0966796875,0.2373046875,0.4409506916999817,0.5590493679046631,False
5.162.H,5.162,H,O que são dois pontinhos marrons no palco? Browno e Marrone.,1,0,1.2734375,-1.21875,-2.4921875,0.9235922694206238,0.07640768587589264,False
5.2780.N,5.2780,N,Qual quadro que a minha mulher adora fazer resenha? A Persistência do Tempo.,0,0,0.45703125,-0.275390625,-0.732421875,0.675336480140686,0.32466351985931396,True
5.3490.N,5.3490,N,Qual hotel se compraram os Beatles? Let Ibis.,0,1,-1.375,1.3515625,2.7265625,0.06142403930425644,0.9385759830474854,False
5.696.N,5.696,N,Qual é o super-herói de quem todo mundo lembra? Superman.,0,0,1.9296875,-1.78125,-3.7109375,0.9761291742324829,0.023870833218097687,True
5.3400.H,5.3400,H,Em qual série não gostam de uma banda de rock? Todo mundo odeia o Kiss.,1,0,1.3984375,-1.1875,-2.5859375,0.929951012134552,0.07004895806312561,False
5.1219.H,5.1219,H,O que é legal comer com as pessoas? People ca.,1,1,-1.1796875,1.0859375,2.265625,0.09401018172502518,0.9059898257255554,True
5.1445.H,5.1445,H,Qual seria a revista do cara que bebe muito? Ela iria SER VEJA.,1,1,-0.26953125,0.365234375,0.634765625,0.3464307188987732,0.6535692811012268,True
4.562.N,4.562,N,Em que estado se encontra o rio Mississipi? No estado Minnessota.,0,1,-1.15625,1.203125,2.359375,0.08632348477840424,0.9136765599250793,False
5.3600.H,5.3600,H,Qual o tom que a Cinderela canta suas músicas? Fá da Madrinha.,1,1,-0.65234375,0.6015625,1.25390625,0.22202469408512115,0.7779752612113953,True
5.2812.H,5.2812,H,Qual carro é a mistura de um prato árabe e um suco? Homustang ,1,1,-1.0234375,1.1328125,2.15625,0.103748619556427,0.896251380443573,True
5.3223.N,5.3223,N,Qual o contrário de vadia? Trabalhadora.,0,0,1.6328125,-1.4765625,-3.109375,0.957277774810791,0.0427221953868866,True
5.358.H,5.358,H,Qual cidade incentiva o uso do tato? Toque-o.,1,1,-0.06298828125,0.2255859375,0.28857421875,0.4283529222011566,0.571647047996521,True
5.482.H,5.482,H,Qual doença se contrai quando come muito ovo? Poliomelete.,1,1,-1.2109375,1.1796875,2.390625,0.0838903859257698,0.9161096215248108,True
4.52.H,4.52,H,O que é um ponto preto no oceano? É um blackalhau.,1,1,-1.1015625,1.015625,2.1171875,0.10743748396635056,0.8925625681877136,True
5.2893.H,5.2893,H,Qual dupla canta a meia luz? Sandy & Abajunior ,1,1,-1.0078125,0.91796875,1.92578125,0.12721826136112213,0.8727816939353943,True
4.338.H,4.338,H,Que nome se dá a um hipopótamo a dançar com uma tartaruga? Hip hop tuga.,1,1,-0.11669921875,0.041259765625,0.157958984375,0.4605921506881714,0.5394078493118286,True
5.3547.H,5.3547,H,Qual a profissão de gente chata? Carpentelho.,1,1,-1.25,1.109375,2.359375,0.08632348477840424,0.9136765599250793,True
4.600.N,4.600,N,O que são quatro pontos pretos no chão? Formigas.,0,0,0.93359375,-0.73046875,-1.6640625,0.8407825827598572,0.15921741724014282,True
5.3498.N,5.3498,N,Qual o sanduiche do Tom Brady? X-egg Bündchen.,0,1,-1.2734375,1.15625,2.4296875,0.0809367224574089,0.9190633296966553,False
5.2347.H,5.2347,H,Qual nome se dá quando cai uma parte de um estádio? Arquibanqueda.,1,1,-0.96875,0.94140625,1.91015625,0.12896330654621124,0.87103670835495,True
4.229.N,4.229,N,A minha amiga asiática ficou doente . Mas eu salvei-a.,0,0,0.8828125,-0.6171875,-1.5,0.8175745010375977,0.18242552876472473,True
4.85.N,4.85,N,Porque é que nunca roubaram a mota do japonês? Porque ele compra usada.,0,0,0.6953125,-0.50390625,-1.19921875,0.7683857679367065,0.23161423206329346,True
4.523.H,4.523,H,Qual é o canal preferido dos dálmatas? É o Canal da Mancha.,1,0,0.494140625,-0.39453125,-0.888671875,0.7086160182952881,0.2913839817047119,False
4.276.N,4.276,N,Uma mulher tropeça e cai em cima de um cão . Qual é o filme? Senta em um cão.,0,0,1.109375,-0.82421875,-1.93359375,0.87364661693573,0.12635333836078644,True
5.2.H,5.2,H,Por que na China tem tanta gente? Porque lá eles comem com dois pauzinhos.,1,0,-0.0017547607421875,-0.041259765625,-0.0395050048828125,0.5098749995231628,0.49012503027915955,False
5.1869.N,5.1869,N,Qual a doença mais bonita que existe? Sarda.,0,0,0.37109375,-0.1875,-0.55859375,0.6361271142959595,0.3638729155063629,True
5.3992.H,5.3992,H,Qual carro tem TV a cabo? PasSat.,1,1,-1.1640625,1.0234375,2.1875,0.10087861120700836,0.8991213440895081,True
5.1743.H,5.1743,H,Por que o fã de Riders Republic nunca se machuca na neve? Porque ele esquiva dor,1,1,-1.0,1.0,2.0,0.11920291930437088,0.8807970285415649,True
4.339.H,4.339,H,Vendi o meu aspirador. Só estava em casa a apanhar pó.,1,0,0.41015625,-0.283203125,-0.693359375,0.6667138338088989,0.3332861661911011,False
5.3658.H,5.3658,H,Qual comediante se formou em uma escola agrotécnica? Nil Agro,1,1,-1.4140625,1.296875,2.7109375,0.06233103945851326,0.9376689791679382,True
5.72.H,5.72,H,Qual é a roupa mais inapropriada para usar num avião? Tomara que caia.,1,0,1.046875,-1.03125,-2.078125,0.8887588381767273,0.11124120652675629,False
5.392.H,5.392,H,Qual apresentador jogava basquete? Chacrinha O'Neal,1,1,-1.1640625,1.1171875,2.28125,0.09268777072429657,0.907312273979187,True
5.3202.N,5.3202,N,Qual peixe cai melhor no almoço da sexta-feira santa? Bacalhau.,0,0,0.08642578125,-0.1044921875,-0.19091796875,0.5475850701332092,0.45241495966911316,True
4.239.N,4.239,N,Porque é que é sempre Natal para um homem casado com uma mulher interessante? Porque todas as noites são mágicas.,0,0,0.8671875,-0.66015625,-1.52734375,0.8216173648834229,0.17838266491889954,True
5.1165.N,5.1165,N,Qual parte do corpo que ajuda os pedreiros? A mão.,0,0,1.78125,-1.3515625,-3.1328125,0.9582260847091675,0.04177388176321983,True
4.499.N,4.499,N,Como é que o Pai Natal entrega as prendas tão rápido? Ele praticou muito.,0,0,1.2265625,-1.09375,-2.3203125,0.9105454087257385,0.08945459872484207,True
3.6.H,3.6,H,Por que o policial não gosta de sabão? Porque ele prefere detergente.,1,0,1.4140625,-1.109375,-2.5234375,0.9257686138153076,0.07423137128353119,False
4.580.N,4.580,N,Que nome se dá ao karaté para amputados? Artes marciais.,0,0,1.5390625,-1.21875,-2.7578125,0.9403530955314636,0.05964694544672966,True
4.204.H,4.204,H,Como é que os drogados espirram? Ha... Haa... Haaaa... XIXE!,1,1,-1.2265625,1.3203125,2.546875,0.07263670116662979,0.9273633360862732,True
5.1073.H,5.1073,H,"Qual filme conta a história do casal mais perdido do mundo em ação? ""Procurando; né, mô?""",1,1,-0.349609375,0.40625,0.755859375,0.3195458948612213,0.6804540753364563,True
5.2222.N,5.2222,N,Qual instrumento já vem com comando de voz? Gaita,0,0,1.7421875,-1.5703125,-3.3125,0.9648551344871521,0.03514484688639641,True
4.122.H,4.122,H,O que é um byfe? São oito bifes.,1,0,0.5390625,-0.482421875,-1.021484375,0.7352616786956787,0.2647383511066437,False
5.2703.H,5.2703,H,"Qual jogo antigo fica tentando as pessoas contra sua religião? Peque, man.",1,1,-1.1953125,1.171875,2.3671875,0.08570926636457443,0.914290726184845,True
5.1171.N,5.1171,N,Qual cantora espera um dia ser rainha? Mariah Carey.,0,0,1.828125,-1.5234375,-3.3515625,0.966156005859375,0.03384403511881828,True
5.1441.N,5.1441,N,O que o escorregador falou para o menino? Aqui os ânus passam depressa.,0,1,-0.33203125,0.3671875,0.69921875,0.3319854438304901,0.6680145263671875,False
5.515.H,5.515,H,"Qual personagem da Disney ia mudar de história, mas não mudou? Quasimudou.",1,1,-0.9921875,0.7890625,1.78125,0.14414885640144348,0.8558511734008789,True
5.3033.N,5.3033,N,Qual o único apresentador que usa aliança? Nelson Rubens.,0,0,1.9921875,-1.90625,-3.8984375,0.9801293015480042,0.019870713353157043,True
5.1585.N,5.1585,N,Qual é o infalível chá para calvície? Chapéu.,0,0,1.515625,-1.328125,-2.84375,0.9449946880340576,0.05500528961420059,True
5.681.H,5.681,H,Qual matéria da escola pode machucar? Tabuada.,1,1,-0.337890625,0.412109375,0.75,0.32082128524780273,0.6791787147521973,True
5.4028.N,5.4028,N,Por que o piloto não gosta de passar no meio da nuvem com o avião? Porque ele tem medo.,0,0,1.4609375,-1.2265625,-2.6875,0.9362850189208984,0.06371499598026276,True
5.3848.N,5.3848,N,Qual dublador tbm é psicólogo? Charles Emmanuel.,0,1,-0.12060546875,0.16796875,0.28857421875,0.4283529222011566,0.571647047996521,False
5.3521.N,5.3521,N,"O que o cara gritava quando foi preso por 171? "" Mentira! """,0,0,0.921875,-0.80859375,-1.73046875,0.8494724035263062,0.15052764117717743,True
5.3173.N,5.3173,N,Qual médico gosta de funk? Dr. Drauzio Varela.,0,0,0.65234375,-0.478515625,-1.130859375,0.7559974193572998,0.24400252103805542,True
5.2032.N,5.2032,N,Qual é a denominação do cara que não come carne e não enxerga direito? Vegetariano,0,0,0.310546875,-0.216796875,-0.52734375,0.6288633942604065,0.3711366057395935,True
4.656.N,4.656,N,Por que é que o Pai Natal não vai entregar as prendas a tempo? Porque tem os trabalhadores doentes.,0,0,1.09375,-1.0,-2.09375,0.8902942538261414,0.10970576852560043,True
5.1491.N,5.1491,N,Sabe qual é a música heavy metal de Chitãozinho e Xororó? Evidências.,0,0,1.2421875,-1.1171875,-2.359375,0.9136765599250793,0.08632348477840424,True
4.415.N,4.415,N,O meu papagaio obeso morreu . Foi um amigo que me tiraram dos ombros.,0,0,0.10888671875,-0.09521484375,-0.2041015625,0.5508489608764648,0.4491509795188904,True
5.740.N,5.740,N,"Qual número que quando cai, vira uma fruta? maçã.",0,0,1.3359375,-1.2109375,-2.546875,0.9273633360862732,0.07263670116662979,True
5.695.H,5.695,H,Qual é o tipo de roupa que os magros não podem usar? As feitas de algordão.,1,1,-0.51171875,0.48828125,1.0,0.26894140243530273,0.7310585975646973,True
5.2904.N,5.2904,N,Qual vegetal se manifesta quando batem na porta? quiabo,0,0,1.71875,-1.53125,-3.25,0.9626730680465698,0.037326883524656296,True
5.1870.H,5.1870,H,Que médico só trabalha dentro de casa? Indoorcrinologista ,1,1,-1.2421875,1.2578125,2.5,0.07585818320512772,0.9241418242454529,True
5.3534.H,5.3534,H,Qual o eletrônico que já foi de outro planeta? Ex Marte Phone.,1,1,-1.09375,1.125,2.21875,0.09807932376861572,0.9019206762313843,True
5.993.H,5.993,H,Qual o super-herói fala sueco? VOLVOrine,1,1,-1.453125,1.375,2.828125,0.05582314357161522,0.9441768527030945,True
4.672.H,4.672,H,Qual é o melhor óleo para lubrificar o sexo? Óleo Need Is Love.,1,1,-1.109375,1.0546875,2.1640625,0.1030244380235672,0.896975576877594,True
5.714.H,5.714,H,Qual o cantor que cheira toda a cocaína que trouxeram? Seca pacotinho.,1,1,-1.34375,1.2890625,2.6328125,0.06705627590417862,0.9329437017440796,True
5.2070.N,5.2070,N,Qual é a banda favorita do império galáctico? Beatles,0,0,1.5625,-1.5078125,-3.0703125,0.9556514620780945,0.0443485826253891,True
4.17.H,4.17,H,Em que local do planeta se encontram mais leprosos? Nas ilhas Caimão.,1,1,-1.078125,0.94921875,2.02734375,0.11636176705360413,0.8836382627487183,True
4.377.H,4.377,H,"Qual é o carro preferido das pitas? É o Fiat, tipo.",1,1,-0.515625,0.625,1.140625,0.2422056347131729,0.7577943801879883,True
5.2032.H,5.2032,H,Qual é a denominação do cara que não come carne e não enxerga direito? Vesgano ,1,1,-1.03125,1.015625,2.046875,0.11436852067708969,0.8856314420700073,True
5.3037.H,5.3037,H,Qual cidade norte-americana que tem magia? Harry Portland.,1,1,-0.8359375,0.70703125,1.54296875,0.1761041283607483,0.8238958716392517,True
5.3328.N,5.3328,N,Como se chamam os jovens barbeiros? Iniciantes.,0,0,1.4921875,-1.1953125,-2.6875,0.9362850189208984,0.06371499598026276,True
4.212.H,4.212,H,Qual é a doença que os cegos nunca apanham? Conjunti vi-te!,1,1,-1.2734375,1.171875,2.4453125,0.07978201657533646,0.9202179908752441,True
5.2395.N,5.2395,N,Qual é o remédio que se compra quando vai à padaria? Dramin.,0,1,-0.33984375,0.376953125,0.716796875,0.32809871435165405,0.671901285648346,False
5.1021.N,5.1021,N,Qual galaxia treina com nutricionista? A Andrômeda,0,1,-1.5078125,1.3828125,2.890625,0.052618950605392456,0.9473810195922852,False
5.1298.H,5.1298,H,Qual político é mal arejado? Brisola.,1,1,-0.68359375,0.71875,1.40234375,0.19744445383548737,0.802555501461029,True
5.1303.N,5.1303,N,Qual o chá preferido dos britânicos para se acalmar? Erva-Cidreira.,0,1,-0.6875,0.62109375,1.30859375,0.2127222716808319,0.7872777581214905,False
5.2193.N,5.2193,N,Qual é a bala favorita dos pedreiros? Trident,0,0,0.048583984375,0.03125,-0.017333984375,0.5043333768844604,0.49566662311553955,True
4.278.H,4.278,H,Quando é que se celebra o Dia Mundial do Desmaio? 10/maio.,1,0,0.98046875,-0.80859375,-1.7890625,0.8568122982978821,0.14318770170211792,False
5.1684.N,5.1684,N,O juiz condenou um réu por um crime articulado dentro de uma loja . Por quê? Porque o réu matou o lojista.,0,0,1.21875,-0.9921875,-2.2109375,0.9012274742126465,0.09877258539199829,True
5.3079.N,5.3079,N,Qual o cineasta mais odiado em Goiânia? Martin Scorcese.,0,1,-0.5078125,0.69921875,1.20703125,0.23022675514221191,0.7697731852531433,False
5.1397.N,5.1397,N,Qual é o personagem da Marvel que é um pão? Deadpool.,0,0,1.5390625,-1.5625,-3.1015625,0.9569571614265442,0.04304284602403641,True
5.417.N,5.417,N,Qual é o doce mais gostoso que existe? A bala 7 BELO.,0,1,-1.3125,1.171875,2.484375,0.07696084678173065,0.9230391979217529,False
5.3600.N,5.3600,N,Qual o tom que a Cinderela canta suas músicas? Dó.,0,0,0.8984375,-0.89453125,-1.79296875,0.8572908639907837,0.1427091360092163,True
5.1746.N,5.1746,N,"Qual é a cirurgia mais demorada no ser humano? A cirurgia de hemorróida, porque é feita ao longo do dia.",0,0,1.15625,-0.765625,-1.921875,0.872347354888916,0.1276526302099228,True
4.481.N,4.481,N,Porque é que o corcunda de Notre-Dame não seguiu a carreira de advogado? Porque nunca conseguiu estudar.,0,0,1.21875,-1.0078125,-2.2265625,0.9026095867156982,0.09739039093255997,True
4.307.H,4.307,H,Quanto tempo demora um gelado a derreter? Cerca de um Carte D'Or.,1,1,-1.3828125,1.2578125,2.640625,0.06656918674707413,0.9334307909011841,True
5.2534.H,5.2534,H,Onde moram os dançarinos da Xuxa? Paquistão.,1,0,1.5390625,-1.3828125,-2.921875,0.9489172697067261,0.051082734018564224,False
5.3132.H,5.3132,H,Qual o exercício preferido das abelhas? Abee dominal.,1,1,-1.4296875,1.3828125,2.8125,0.05665242671966553,0.9433475732803345,True
4.681.N,4.681,N,"Decidi adotar um Chihuahua . Para quem não sabe, é um animal doméstico.",0,0,1.2578125,-0.9453125,-2.203125,0.9005298018455505,0.09947022050619125,True
5.2301.N,5.2301,N,"Por que o militar sempre ia no INSS, mas nunca aposentava? Porque era militar de reserva.",0,0,1.234375,-0.8828125,-2.1171875,0.8925625681877136,0.10743748396635056,True
5.3962.N,5.3962,N,Qual passarinho grita muito? Arara.,0,0,2.03125,-1.6484375,-3.6796875,0.9753900170326233,0.024609927088022232,True
5.388.N,5.388,N,Por que a serpente tem que fazer os deveres de casa? Porque a mãe dela pede.,0,0,1.1875,-0.8671875,-2.0546875,0.8864204287528992,0.11357959359884262,True
5.403.N,5.403,N,Qual figura religiosa não sabe a quem orar? Madre Teresa de Calcutá.,0,0,1.6015625,-1.4296875,-3.03125,0.9539660811424255,0.04603390395641327,True
4.328.H,4.328,H,Porque é que a mulher do Incrível Hulk se divorciou dele? Queria um homem mais maduro.,1,0,1.265625,-1.0546875,-2.3203125,0.9105454087257385,0.08945459872484207,False
4.415.H,4.415,H,O meu papagaio obeso morreu. Foi um peso que me tiraram dos ombros.,1,0,0.19921875,-0.1376953125,-0.3369140625,0.5834407210350037,0.41655924916267395,False
5.3038.H,5.3038,H,Qual cidade norte-americana odeia tanto sujeiras entrando no olho que até as tortura? Sofram Cisco!,1,1,-1.3515625,1.3203125,2.671875,0.06465348601341248,0.9353464841842651,True
5.3443.N,5.3443,N,Qual atriz é um cereal? Jennifer.,0,0,1.5078125,-1.4921875,-3.0,0.9525741338729858,0.04742587357759476,True
4.572.N,4.572,N,O que é que um ator faz quando vê outro? Cumprimenta-o.,0,0,1.1875,-1.0625,-2.25,0.9046505093574524,0.09534946084022522,True
5.1558.N,5.1558,N,Qual é o cantor que é dificil de engolir? Zezé Di Camargo.,0,0,1.7578125,-1.6640625,-3.421875,0.9683812260627747,0.031618766486644745,True
5.2985.H,5.2985,H,Qual animal é coach? O cão guru.,1,0,1.40625,-1.0859375,-2.4921875,0.9235922694206238,0.07640768587589264,False
4.511.H,4.511,H,"Porque é que não há professores de Geografia daltónicos? Porque se houvesse, não viam a coordenada.",1,1,-0.07861328125,0.109375,0.18798828125,0.45314082503318787,0.5468591451644897,True
4.479.H,4.479,H,Qual é o osso que segura a cabeça? É o pesc-osso.,1,1,-1.3125,1.15625,2.46875,0.07807816565036774,0.9219217896461487,True
5.1821.N,5.1821,N,Por que o Tiger Woods teve que limpar um tanque enorme? Porque ele ganhou um golfinho.,0,0,0.76953125,-0.640625,-1.41015625,0.8037906289100647,0.19620943069458008,True
4.545.N,4.545,N,"Qual é o lema dos perus? "" Um por todos e todos por um  "".",0,0,0.828125,-0.8046875,-1.6328125,0.8365545868873596,0.16344544291496277,True
5.4027.H,5.4027,H,Qual o nome do parente que mais gosta de você? A Tia Dora.,1,0,1.609375,-1.2734375,-2.8828125,0.9469902515411377,0.0530097670853138,False
5.3297.H,5.3297,H,Que apresentador guarda arquivos de voz dos convidados? Silvio Samples.,1,1,-1.40625,1.390625,2.796875,0.05749328061938286,0.9425067901611328,True
5.2136.H,5.2136,H,Qual é a massa servida nos EUA? Nova Nhoque ,1,1,-1.2890625,1.2578125,2.546875,0.07263670116662979,0.9273633360862732,True
4.283.H,4.283,H,Qual é o carro que consegue transportar mais porcos? É o Nissan na vara.,1,1,-0.625,0.7734375,1.3984375,0.1980641782283783,0.8019358515739441,True
4.706.N,4.706,N,Qual é o lema do Instagram? Carpe diem.,0,0,0.11376953125,-0.01220703125,-0.1259765625,0.5314525365829468,0.4685474634170532,True
5.1613.H,5.1613,H,"Como se faz para uma laranja virar uma cobra? Faz cosquinha nela, aí o suco ri.",1,1,-0.609375,0.455078125,1.064453125,0.25645938515663147,0.7435405850410461,True
5.2904.H,5.2904,H,Qual vegetal se manifesta quando batem na porta? Eu quiabo ,1,1,-1.2734375,1.28125,2.5546875,0.07211221009492874,0.9278878569602966,True
5.615.N,5.615,N,Qual e a marca preferida de carro dos jogadores de futebol? Toyota!,0,0,1.7265625,-1.421875,-3.1484375,0.9588471055030823,0.041152890771627426,True
5.1310.N,5.1310,N,Onde as empresas compram material de construção? Telha Norte.,0,1,-0.57421875,0.62109375,1.1953125,0.23231014609336853,0.7676898241043091,False
5.589.H,5.589,H,Qual é a fruta preferida do Neymar? A uva parça.,1,1,-1.0078125,0.8828125,1.890625,0.13117322325706482,0.8688268065452576,True
5.218.N,5.218,N,Como se chama o demônio de camisola? O Diabo Veste Prada.,0,1,-0.91015625,0.984375,1.89453125,0.13072867691516876,0.8692712783813477,False
5.31.N,5.31,N,Qual é o poeta que sempre se atrasa? Fernando Pessoa.,0,0,1.8515625,-1.78125,-3.6328125,0.9742394685745239,0.025760559365153313,True
5.2508.H,5.2508,H,Qual é o planeta que ama a todos? Amarte.,1,1,-1.0,1.0078125,2.0078125,0.11838508397340775,0.8816148638725281,True
5.2518.N,5.2518,N,Qual personagem da literatura chupava tudo o que via? Dom Quixote.,0,0,1.828125,-1.578125,-3.40625,0.9678993225097656,0.032100703567266464,True
5.3488.N,5.3488,N,Que órgão ajudou o governador de São Paulo? A Procurar Doria.,0,1,-0.65234375,0.55859375,1.2109375,0.22953520715236664,0.7704647779464722,False
4.731.H,4.731,H,"Como é que uma sopinha de massa elogia uma mulher alta? Eh lá, hoje estás toda girafa!",1,1,-0.66796875,0.65234375,1.3203125,0.21076631546020508,0.7892336845397949,True
5.1431.H,5.1431,H,Qual é o nome do X-Men que é ginecologista? Volver hímen.,1,1,-1.296875,1.265625,2.5625,0.07159119844436646,0.9284088015556335,True
4.412.N,4.412,N,Porque é que o computador não pára de avariar? Porque apanhou um vírus.,0,0,0.90625,-0.640625,-1.546875,0.8244618773460388,0.1755380630493164,True
5.306.N,5.306,N,Qual problema de saúde recorrente em matemáticos? Problema de tendinite,0,0,1.5625,-1.0546875,-2.6171875,0.9319595694541931,0.06804041564464569,True
5.515.N,5.515,N,"Qual personagem da Disney ia mudar de história, mas não mudou? Cinderela.",0,0,1.796875,-1.4453125,-3.2421875,0.9623913168907166,0.03760863095521927,True
5.480.H,5.480,H,Como morreu o rebanho dos judeus? Em Gás Gado,1,1,-1.5,1.4453125,2.9453125,0.049958523362874985,0.9500414729118347,True
5.2643.N,5.2643,N,Qual é o nome de um cabeleireiro? Salão de Beleza.,0,0,1.7578125,-1.53125,-3.2890625,0.9640516638755798,0.03594832122325897,True
4.389.N,4.389,N,Qual é a semelhança entre o da Vinci e o Museu do Louvre? Ambos têm a Mona Lisa.,0,0,1.4765625,-0.98828125,-2.46484375,0.9216402173042297,0.07835981249809265,True
5.650.N,5.650,N,Em que país só se anda de carro grande? Brasil.,0,0,1.8125,-1.59375,-3.40625,0.9678993225097656,0.032100703567266464,True
5.1967.N,5.1967,N,Que tipo de filme está sempre nas programações? Popular.,0,0,1.6640625,-1.3828125,-3.046875,0.954647421836853,0.04535257816314697,True
5.3229.N,5.3229,N,Qual apresentador me dá tesão? Marcos Mion.,0,0,1.9140625,-1.75,-3.6640625,0.9750121831893921,0.02498779445886612,True
5.3228.N,5.3228,N,Qual o nome do argentino que criou uma lei de incentivo? Juarez,0,1,-0.2216796875,0.2265625,0.4482421875,0.3897787928581238,0.6102211475372314,False
5.516.H,5.516,H,Para onde o José se mudou com a esperança de um mundo melhor? Nova Zé Landia.,1,1,-1.40625,1.3046875,2.7109375,0.06233103945851326,0.9376689791679382,True
5.1814.H,5.1814,H,Qual é o animal redundante? Pleo asno,1,1,-1.2890625,1.3671875,2.65625,0.06560483574867249,0.9343951344490051,True
4.212.N,4.212,N,Qual é a doença que os cegos nunca apanham? Cegueira!,0,0,1.34375,-0.94140625,-2.28515625,0.9076402187347412,0.09235979616641998,True
5.2069.N,5.2069,N,Os imperador inca decretou que as lhamas seriam os únicos animais permitidos em Machu Picchu . Qual é o nome do filme? O Império Contra Ataca,0,1,-0.259765625,0.4375,0.697265625,0.3324187695980072,0.6675812005996704,False
4.710.N,4.710,N,Comprei um pónei e chamei-lhe Mário . Pode-se dizer que tenho um cavalo pequeno.,0,0,0.61328125,-0.4765625,-1.08984375,0.7483522891998291,0.2516477108001709,True
4.437.N,4.437,N,"O que diz o senhor para a senhora? Quando roço em ti, perco a cabeça.",0,0,0.54296875,-0.5234375,-1.06640625,0.7439128756523132,0.25608712434768677,True
4.447.N,4.447,N,Para que é que se plantam plantas? Para depois colher.,0,0,0.703125,-0.609375,-1.3125,0.7879312038421631,0.2120688110589981,True
5.2488.H,5.2488,H,Qual é o bloco do índio que não bebe nem fuma? Mim careta.,1,1,-1.2265625,1.25,2.4765625,0.07751765847206116,0.9224823713302612,True
4.562.H,4.562,H,Em que estado se encontra o rio Mississipi? No estado líquido.,1,0,0.89453125,-0.66796875,-1.5625,0.8267117738723755,0.17328819632530212,False
5.345.H,5.345,H,Qual banda que torce pra polícia não acertar? ErrePM.,1,1,-1.265625,1.375,2.640625,0.06656918674707413,0.9334307909011841,True
5.2597.N,5.2597,N,Qual seria a profissão perfeita para o Tony Tornado? Promotor de festas.,0,0,1.6484375,-1.4921875,-3.140625,0.9585376977920532,0.04146226868033409,True
5.388.H,5.388,H,Por que a serpente tem que fazer os deveres de casa? Porque a mãe dela Cobra.,1,1,-0.8828125,1.046875,1.9296875,0.12678518891334534,0.873214840888977,True
5.2638.N,5.2638,N,Quem é a pessoa que só escreve histórias sobre felinos depressivos? Maria Esther Maciel.,0,0,0.451171875,-0.384765625,-0.8359375,0.6976089477539062,0.30239108204841614,True
5.3277.N,5.3277,N,Qual cantor registrava a entrada de ets? Orlando Moraes.,0,0,1.4453125,-1.265625,-2.7109375,0.9376689791679382,0.06233103945851326,True
5.2922.N,5.2922,N,No que trabalha o trator quebrado? Plantação,0,0,1.34375,-1.1484375,-2.4921875,0.9235922694206238,0.07640768587589264,True
5.3776.N,5.3776,N,Qual é a banda mais consumida no dia a dia? Pearl Jam.,0,0,1.625,-1.3984375,-3.0234375,0.9536218643188477,0.046378206461668015,True
4.431.N,4.431,N,""" Ontem "" não tem H. "" Hoje "" tem H. Como os dias mudam ...",0,0,0.6171875,-0.3125,-0.9296875,0.7170118689537048,0.28298813104629517,True
5.1472.H,5.1472,H,Qual o melhor pote da cozinha? O Topper ware.,1,1,-0.98046875,0.94140625,1.921875,0.1276526302099228,0.872347354888916,True
4.493.N,4.493,N,Que nome se dá a uma pessoa alérgica a glúten? Celíaca.,0,0,0.15625,-0.2060546875,-0.3623046875,0.5895982384681702,0.4104017913341522,True
4.655.H,4.655,H,Hoje a São acordou toda molhada. O que aconteceu? Inunda São.,1,1,-1.2734375,1.234375,2.5078125,0.0753123089671135,0.9246877431869507,True
5.2507.H,5.2507,H,Qual é o aparelho que nunca para de mexer? A balança.,1,0,1.59375,-1.2890625,-2.8828125,0.9469902515411377,0.0530097670853138,False
5.3253.N,5.3253,N,Como se chamam aqueles parentes que você não vê nunca? Os Distantes.,0,1,-0.18359375,0.330078125,0.513671875,0.37433314323425293,0.6256668567657471,False
5.234.H,5.234,H,Por que o pai de santo abaixou as calças? PORQUE É DANDO QUE SE RECEBE,1,1,-0.1279296875,0.1279296875,0.255859375,0.43638181686401367,0.5636181831359863,True
5.2203.N,5.2203,N,Qual é o documento que não deixa claro quando a pessoa nasceu? Carteira de motorista.,0,0,1.734375,-1.4140625,-3.1484375,0.9588471055030823,0.041152890771627426,True
2.19.H,2.19,H,Todos morrem uma só vez. A Alanis Morrissette.,1,1,-1.109375,1.1953125,2.3046875,0.09073549509048462,0.9092645049095154,True
5.3065.N,5.3065,N,Que personagem infantil só faz dançar? Tchutchucão.,0,1,-1.0,0.8671875,1.8671875,0.13386750221252441,0.8661325573921204,False
5.3492.N,5.3492,N,"Qual a banda que, quando nasceu, era alimentada por criminosas? Legião Urbana.",0,0,1.59375,-1.4375,-3.03125,0.9539660811424255,0.04603390395641327,True
4.595.H,4.595,H,Para que servem óculos verdes? Para verde perto.,1,1,-0.59765625,0.5390625,1.13671875,0.2429232895374298,0.7570766806602478,True
4.335.H,4.335,H,O que fazem os triângulos quando estão cansados? Eles sin-cos-tan.,1,1,-1.2578125,1.09375,2.3515625,0.08694165199995041,0.9130584001541138,True
4.615.H,4.615,H,"A eletricidade está tão cara, tão cara, que a EDP decidiu mudar o nome para Luz Vuitton.",1,1,-0.640625,0.6640625,1.3046875,0.21337716281414032,0.7866228222846985,True
4.502.H,4.502,H,"Segui as instruções na embalagem da lasanha que dizia para colocar o forno a 180 graus. Agora como é que eu abro a porta, se o forno está virado para a parede?",1,0,0.69921875,-0.48046875,-1.1796875,0.7648915648460388,0.2351084053516388,False
5.2512.H,5.2512,H,Por que ninguém na Terra consegue entender a língua nativa do Super-Homem? Porque é enkriptongrafada.,1,1,-0.59375,0.65234375,1.24609375,0.22337706387043,0.7766229510307312,True
5.3229.H,5.3229,H,Qual apresentador me dá tesão? Otávio MeExcita.,1,1,-1.34375,1.3359375,2.6796875,0.06418263912200928,0.9358173608779907,True
5.394.H,5.394,H,Qual apresentador está na pior? José Luís Da Pena.,1,1,-0.32421875,0.291015625,0.615234375,0.3508661091327667,0.6491339206695557,True
4.160.H,4.160,H,O que diz uma banana suicida? Macacos me mordam!,1,1,-0.392578125,0.46484375,0.857421875,0.29787829518318176,0.7021217346191406,True
4.215.H,4.215,H,O que diz a mãe bombista quando vai por o filho à escola? Lá vai o meu rebento...,1,0,0.28515625,-0.1513671875,-0.4365234375,0.6074303388595581,0.3925696611404419,False
5.2010.N,5.2010,N,Qual é a padroeira de quem vive dando voltas? Nossa Senhora Aparecida,0,0,1.8359375,-1.5703125,-3.40625,0.9678993225097656,0.032100703567266464,True
5.3509.N,5.3509,N,Qual é o cantor que teve problemas respiratórios? Erasma Carlos.,0,0,0.62890625,-0.71484375,-1.34375,0.793105959892273,0.20689404010772705,True
4.709.H,4.709,H,"Se a Terra é redonda, por que é que se chama ""planeta"" e não ""redondeta""?",1,1,-0.5234375,0.61328125,1.13671875,0.2429232895374298,0.7570766806602478,True
5.2900.H,5.2900,H,Qual cineasta tem um haras? O de Além? ,1,0,0.447265625,-0.42578125,-0.873046875,0.70537930727005,0.29462072253227234,False
5.1060.N,5.1060,N,"Havia um menino chamado João . O que o amigo dele diz quando ele fica em silêncio depois de ouvir uma piada? Ri, João.",0,1,-0.359375,0.11376953125,0.47314453125,0.38387227058410645,0.6161277890205383,False
4.551.N,4.551,N,Um iogurte fora de prazo mata uma família inteira . Qual é o filme? Iogurte Envenenado.,0,1,-0.578125,0.6484375,1.2265625,0.2267836481332779,0.7732163667678833,False
5.3202.H,5.3202,H,Qual peixe cai melhor no almoço da sexta-feira santa? A-tum.,1,1,-0.921875,0.8359375,1.7578125,0.14706452190876007,0.8529354929924011,True
4.374.H,4.374,H,Porque é que na Polónia ninguém se perde? Porque lá há muitas polacas.,1,0,0.431640625,-0.30078125,-0.732421875,0.675336480140686,0.32466351985931396,False
5.912.N,5.912,N,Qual é a parte do computador que não é do bem? O teclado.,0,0,1.484375,-1.3046875,-2.7890625,0.942081868648529,0.057918086647987366,True
5.3196.N,5.3196,N,Qual o eletrodoméstico perfeito para misturar currículos? O liquidificador.,0,0,1.7890625,-1.484375,-3.2734375,0.9635062217712402,0.03649376332759857,True
4.559.H,4.559,H,Porque é que os diabéticos não usam o Google Chrome? Porque não podem aceitar cookies.,1,0,1.0390625,-0.609375,-1.6484375,0.8386797904968262,0.16132023930549622,False
3.6.N,3.6,N,Por que o policial não gosta de sabão? Porque ele tem alergia.,0,0,1.5390625,-1.2265625,-2.765625,0.9407896995544434,0.05921025201678276,True
5.1732.N,5.1732,N,Onde os detentos escrevem as coisas no seu dia-a-dia? No caderno.,0,0,1.46875,-1.15625,-2.625,0.9324532747268677,0.06754669547080994,True
5.1802.N,5.1802,N,Por que ninguém na Terra consegue entender a língua nativa do Super-Homem? Porque é alienígena.,0,0,1.21875,-0.875,-2.09375,0.8902942538261414,0.10970576852560043,True
5.3785.N,5.3785,N,Qual o jogo esportivo dos estudantes que moram juntos? Riders República.,0,1,-1.3125,1.359375,2.671875,0.06465348601341248,0.9353464841842651,False
5.1276.N,5.1276,N,Qual menina sempre bota pilha nos outros pra sair? A Maria.,0,0,1.78125,-1.5,-3.28125,0.9637799859046936,0.03622005507349968,True
5.2243.N,5.2243,N,Por que a mulher com carteira assinada nunca tira o investimento? Porque ela tá de renda fixa,0,1,-0.73828125,0.703125,1.44140625,0.19132766127586365,0.808672308921814,False
5.1515.N,5.1515,N,Qual super herói que tem fetiche com a própria mãe? Deadpool.,0,0,1.75,-1.6015625,-3.3515625,0.966156005859375,0.03384403511881828,True
5.169.H,5.169,H,Em qual programa o Sílvio Santos exagera no laquê? Topetudo por Dinheiro.,1,1,-1.171875,1.2265625,2.3984375,0.0832919254899025,0.9167081117630005,True
4.20.H,4.20,H,Adoro mulheres com sardas. Têm centenas de pontos a seu favor.,1,0,0.46484375,-0.265625,-0.73046875,0.6749081611633301,0.3250918984413147,False
4.322.N,4.322,N,Qual é a semelhança entre um Game Boy e uma PlayStation? Ambos são consola.,0,1,-0.53515625,0.57421875,1.109375,0.24798743426799774,0.7520126104354858,False
4.662.H,4.662,H,"Decidi começar a usar um pano nas cuecas. Assim, sempre que me peido liberto gás propano.",1,1,-0.44140625,0.56640625,1.0078125,0.2674081325531006,0.7325918078422546,True
5.22.H,5.22,H,Quando é que o David Copperfield sabe quando tem gente chegando na casa dele? Olhando pelo olho mágico.,1,0,0.73046875,-0.703125,-1.43359375,0.8074606657028198,0.19253934919834137,False
5.2955.H,5.2955,H,Qual o nome do jogo que Jô Soares adora jogar quando cheira cocaína? Jô quer pó.,1,0,0.404296875,-0.466796875,-0.87109375,0.7049732804298401,0.2950267791748047,False
5.3668.H,5.3668,H,Por que o frango caipira não tem problemas jurídicos de identidade? Porque ele não tem hormônimos.,1,1,-0.09619140625,0.01092529296875,0.10711669921875,0.47324639558792114,0.5267536044120789,True
5.1821.H,5.1821,H,Qual é o militar que está sempre se elogiando? Sou gato,1,1,-0.6796875,0.51953125,1.19921875,0.23161423206329346,0.7683857679367065,True
5.1808.N,5.1808,N,Qual personagem da literatura chupava tudo o que via? Bentinho.,0,0,0.54296875,-0.578125,-1.12109375,0.754191517829895,0.2458084672689438,True
4.162.N,4.162,N,"Porque é que o papa formigas atravessou a estrada? Não conseguiu, ficou preso numa racha.",0,0,0.498046875,-0.46875,-0.966796875,0.7244806289672852,0.27551940083503723,True
5.443.H,5.443,H,"O que o Doutor exclamou ao examinar o Silvio Santos que reclamava de uma dor nas costas? É você, Lombar.",1,1,-1.0234375,1.03125,2.0546875,0.11357959359884262,0.8864204287528992,True
4.567.H,4.567,H,"O que é que a mulher do comunista diz quando o viagra perde o efeito? Foice o martelo, camarada.",1,1,-0.6015625,0.6015625,1.203125,0.23091977834701538,0.7690802216529846,True
5.226.N,5.226,N,Um homem TODO DIA molha e coloca para secar um OB . Por que? PORQUE ELE ESTÁ TRANSTORNADO,0,1,-0.263671875,0.515625,0.779296875,0.31447145342826843,0.685528576374054,False
5.890.N,5.890,N,Qual é a marca favorita dos afilhados? Nike.,0,0,1.625,-1.296875,-2.921875,0.9489172697067261,0.051082734018564224,True
5.1066.N,5.1066,N,Qual o sanduíche de queijo com mosquito? Queijo quente.,0,0,1.625,-1.6796875,-3.3046875,0.9645892381668091,0.03541072830557823,True
4.156.N,4.156,N,Qual é a língua mais falada nas prisões portuguesas? É o português.,0,0,1.7421875,-1.2890625,-3.03125,0.9539660811424255,0.04603390395641327,True
5.4027.N,5.4027,N,Qual o nome do parente que mais gosta de você? A Tia Maria.,0,0,1.7890625,-1.4296875,-3.21875,0.961533784866333,0.0384661927819252,True
5.3877.N,5.3877,N,Qual o cantor favorito da xícara? Roberto Carlos.,0,0,1.734375,-1.7109375,-3.4453125,0.9690910577774048,0.03090895712375641,True
5.561.H,5.561,H,Qual personagem do Star Wars de Umbanda? Exubacca.,1,1,-1.1171875,0.96875,2.0859375,0.11047115176916122,0.8895288109779358,True
5.670.N,5.670,N,Qual é a música em que o sobrinho do Michael Jackson nos convida a assistir a um moonwalk feito pelos Jackson Five? Tears In Heaven!,0,1,-0.027587890625,0.0400390625,0.067626953125,0.48309969902038574,0.5169003009796143,False
4.371.N,4.371,N,A tua mãe é como a luz da TV . Está todo o dia apagada.,0,0,0.9921875,-0.65234375,-1.64453125,0.8381505608558655,0.16184943914413452,True
5.392.N,5.392,N,Qual jogador jogava basquete? Shaquille O'Neal,0,1,-0.86328125,0.97265625,1.8359375,0.13753247261047363,0.8624675869941711,False
5.3547.N,5.3547,N,Qual a profissão de gente chata? Carpinteiro.,0,0,1.796875,-1.625,-3.421875,0.9683812260627747,0.031618766486644745,True
4.734.N,4.734,N,"Numa aula de filosofia do 1 ° período: "" Penso, logo existo . """,0,0,0.326171875,0.0517578125,-0.2744140625,0.56817626953125,0.4318237602710724,True
5.1078.N,5.1078,N,Qual o bolo mais barulhento que existe? Bolo de aniversário.,0,0,1.8828125,-1.6640625,-3.546875,0.9719924926757812,0.028007520362734795,True
5.3004.N,5.3004,N,Qual refeição que volta mais rápido do que vai? Almoço.,0,0,1.5,-1.390625,-2.890625,0.9473810195922852,0.052618950605392456,True
4.710.H,4.710,H,Comprei um pónei e chamei-lhe Mário. Pode-se dizer que tenho um cavalo Marinho.,1,0,0.48828125,-0.314453125,-0.802734375,0.6905590891838074,0.3094409108161926,False
5.1495.H,5.1495,H,Qual o herói favorito de Deus? Clark Crente.,1,1,-1.4609375,1.2734375,2.734375,0.06097518280148506,0.939024806022644,True
4.335.N,4.335,N,O que fazem os triângulos quando estão cansados? Dormem.,0,0,1.34375,-1.1484375,-2.4921875,0.9235922694206238,0.07640768587589264,True
5.1585.H,5.1585,H,Qual é o melhor chá para calvície? Chapéu.,1,0,1.4296875,-1.3125,-2.7421875,0.9394705891609192,0.06052938848733902,False
5.394.N,5.394,N,Qual apresentador está na pior? José Luís Datena.,0,0,1.59375,-1.71875,-3.3125,0.9648551344871521,0.03514484688639641,True
5.72.N,5.72,N,Qual é a roupa mais inapropriada para usar num avião? Biquíni.,0,0,1.7109375,-1.4609375,-3.171875,0.9597620368003845,0.04023794084787369,True
5.133.N,5.133,N,Qual cantor adora cozinhar? Hélice Cooper.,0,1,-0.53125,0.62109375,1.15234375,0.24006126821041107,0.7599387168884277,False
5.1061.H,5.1061,H,Qual doença temos que coletar esperma? Cataporra.,1,1,-0.98046875,0.90234375,1.8828125,0.13206616044044495,0.8679338097572327,True
5.482.N,5.482,N,Qual doença se contrai quando come muito ovo? Colesterol.,0,0,1.515625,-1.3359375,-2.8515625,0.9453993439674377,0.05460060387849808,True
5.3466.H,5.3466,H,Cantora que nunca tem data disponível pra show? ZizimPossible.,1,1,-1.40625,1.3984375,2.8046875,0.05707139894366264,0.9429286122322083,True
4.470.H,4.470,H,Porque é que o mar é azul? Porque os peixes fazem blue... blue... blue...,1,1,-0.65234375,0.70703125,1.359375,0.20434190332889557,0.7956580519676208,True
5.3911.H,5.3911,H,Qual a cidade paulista as pessoas rezam e fazem artesanato? Em Budas Artes.,1,1,-1.109375,1.1875,2.296875,0.09138209372758865,0.9086179733276367,True
5.1971.H,5.1971,H,Porque a fada madrinha estava com um isqueiro na mão indo em direção a uma vela no candelabro? Pra acenderela ,1,1,-0.474609375,0.51953125,0.994140625,0.27009499073028564,0.7299050092697144,True
5.3825.H,5.3825,H,Qual o mês do Popó? Junho de Aço.,1,1,-0.61328125,0.439453125,1.052734375,0.2587003707885742,0.7412996292114258,True
5.1643.N,5.1643,N,Qual é a série que se passa no norte do país? 3%.,0,0,1.0234375,-0.91796875,-1.94140625,0.8745065331459045,0.12549345195293427,True
5.479.H,5.479,H,Por que os mamíferos são os únicos animais que conseguem tossir?  Porque só o leite que tem lacTOSSE.,1,1,-1.078125,1.1015625,2.1796875,0.10158944129943848,0.8984104990959167,True
5.1387.N,5.1387,N,Qual cantora escreveu Sitio do Picapau Amarelo? A Katy Perry.,0,0,1.671875,-1.4609375,-3.1328125,0.9582260847091675,0.04177388176321983,True
5.122.H,5.122,H,Como chama a cerveja que você só toma de 2 em 2 anos? Beer nal.,1,1,-1.203125,1.078125,2.28125,0.09268777072429657,0.907312273979187,True
5.2488.N,5.2488,N,Qual é o bloco do índio que não bebe nem fuma? Bloquinho infantil.,0,0,1.7265625,-1.46875,-3.1953125,0.9606574773788452,0.039342500269412994,True
5.1731.N,5.1731,N,Qual é o pote que toca música? O Spotted Fest.,0,1,-0.9453125,0.83203125,1.77734375,0.14463143050670624,0.8553685545921326,False
4.653.N,4.653,N,O Artur detesta chuva e o Paulo vento.,0,0,0.1962890625,-0.11962890625,-0.31591796875,0.5783290863037109,0.42167091369628906,True
5.108.H,5.108,H,Qual é o lago que não sabe o alfabeto? Paranoá.,1,0,1.4921875,-1.25,-2.7421875,0.9394705891609192,0.06052938848733902,False
5.3231.N,5.3231,N,Por que o rapaz não mostrou os slides em sua apresentação na empresa? Porque ele esqueceu de levar.,0,0,1.28125,-0.98828125,-2.26953125,0.9063219428062439,0.09367800503969193,True
5.2302.N,5.2302,N,Por que uma parede ficou decepcionada com a outra? Porque ela era quebrada.,0,0,1.0234375,-0.625,-1.6484375,0.8386797904968262,0.16132023930549622,True
5.1264.N,5.1264,N,Em qual seleção joga o atleta mais baladeiro? Brasil.,0,0,1.953125,-1.734375,-3.6875,0.9755768775939941,0.024423090741038322,True
4.156.H,4.156,H,Qual é a língua mais falada nas prisões portuguesas? É o português corrente.,1,0,0.76171875,-0.310546875,-1.072265625,0.7450275421142578,0.2549724876880646,False
5.2095.H,5.2095,H,O que o rapaz falou quando viu batatinhas em um saquinho? É uma chips? ,1,1,-0.53515625,0.640625,1.17578125,0.23581159114837646,0.7641884088516235,True
5.3209.H,5.3209,H,Qual rainha que bebe cerveja? Squeencariol.,1,1,-1.375,1.296875,2.671875,0.06465348601341248,0.9353464841842651,True
5.2707.N,5.2707,N,Por que o tubo de pomada foi espremido? Porque era um creme.,0,0,1.1640625,-0.87890625,-2.04296875,0.8852352499961853,0.11476478725671768,True
5.1193.N,5.1193,N,Qual a sandália usada no exército? Sandália crocs.,0,1,-0.65625,0.546875,1.203125,0.23091977834701538,0.7690802216529846,False
4.445.H,4.445,H,De que material são compostas as pedras nos rins? De xixisto.,1,0,0.2470703125,-0.11572265625,-0.36279296875,0.589716374874115,0.4102836549282074,False
5.3957.H,5.3957,H,Qual rapper que te convidava pro sexo oral? Chupac.,1,1,-1.296875,1.1953125,2.4921875,0.07640768587589264,0.9235922694206238,True
5.1149.N,5.1149,N,Qual personagem de dragon ball nasceu na Alemanha e não come carne? Kurilin.,0,0,0.06787109375,-0.05615234375,-0.1240234375,0.5309662222862244,0.469033807516098,True
5.3277.H,5.3277,H,Qual cantor registrava a entrada de ets? Ovinicius de Moraes.,1,0,0.5625,-0.23046875,-0.79296875,0.6884683966636658,0.31153157353401184,False
5.3196.H,5.3196,H,Qual o eletrodoméstico perfeito para misturar currículos? O Linkedinficador.,1,1,-0.671875,0.75,1.421875,0.19436781108379364,0.8056321740150452,True
5.3591.H,5.3591,H,"O que o Fred Flintstone disse quando percebeu que instalou um programa indesejado? Ih, aba da Baidu.",1,1,-1.1171875,1.1484375,2.265625,0.09401018172502518,0.9059898257255554,True
4.170.H,4.170,H,Qual é o jogo preferido das vesículas? O biliar.,1,0,0.90625,-0.7890625,-1.6953125,0.8449215292930603,0.1550784558057785,False
5.203.H,5.203,H,Por que muitos jogadores do Corínthians não foram à festa de comemoração do título brasileiro? Porque a festa foi muito longe. Lá na casa do Carille!,1,1,-0.0546875,0.0673828125,0.1220703125,0.4695202708244324,0.5304797887802124,True
5.3443.H,5.3443,H,Qual atriz é um cereal? Jennifer é Neston.,1,1,-0.83203125,0.90625,1.73828125,0.14953136444091797,0.8504685759544373,True
5.281.N,5.281,N,Qual é o cantor que melhor improvisa com as ferramentas que tem à disposição? Zé Ramalho.,0,0,1.859375,-1.6484375,-3.5078125,0.9709092378616333,0.02909075655043125,True
5.695.N,5.695,N,Qual é o tipo de roupa que os magros não podem usar? As feitas de linho.,0,0,1.453125,-1.078125,-2.53125,0.9263036847114563,0.07369626313447952,True
5.1162.H,5.1162,H,Qual o bairro de São Paulo que só tem Japoneses? Japaquara,1,0,1.5390625,-1.203125,-2.7421875,0.9394705891609192,0.06052938848733902,False
5.2508.N,5.2508,N,Qual é o planeta que ama a todos? A terra.,0,0,1.734375,-1.4296875,-3.1640625,0.9594592452049255,0.04054073989391327,True
5.2703.N,5.2703,N,Qual jogo antigo fica tentando as pessoas contra sua religião? Pacman.,0,0,1.8046875,-1.6640625,-3.46875,0.9697853922843933,0.030214589089155197,True
4.672.N,4.672,N,Qual é o melhor óleo para lubrificar o sexo? Óleo corporal.,0,0,1.515625,-1.3125,-2.828125,0.9441768527030945,0.05582314357161522,True
5.3591.N,5.3591,N,"O que o Fred Flintstone disse quando percebeu que instalou um programa indesejado? Ah, não.",0,0,0.58984375,-0.57421875,-1.1640625,0.7620701193809509,0.23792991042137146,True
4.152.H,4.152,H,Já estreou o novo espetáculo com legos ao vivo. É uma peça de teatro.,1,0,0.765625,-0.671875,-1.4375,0.8080672025680542,0.1919327974319458,False
4.371.H,4.371,H,A tua mãe é como a luz da TV. Está todo o dia acesa.,1,0,1.0078125,-0.59765625,-1.60546875,0.8327813148498535,0.1672186702489853,False
4.96.N,4.96,N,Que nome se dá a um cacto engraçado? Cacti.,0,1,-0.349609375,0.390625,0.740234375,0.32295289635658264,0.677047073841095,False
5.1264.H,5.1264,H,Em qual seleção joga o atleta mais baladeiro? Agito.,1,0,0.05322265625,0.044677734375,-0.008544921875,0.5021361708641052,0.4978637993335724,False
5.2395.H,5.2395,H,Qual é o remédio que se compra quando vai à padaria? BuscoPão.,1,1,-1.34375,1.390625,2.734375,0.06097518280148506,0.939024806022644,True
4.617.N,4.617,N,Por que é que o Napoleão era sempre convidado para todas as festas? Porque era animado.,0,0,1.421875,-1.1953125,-2.6171875,0.9319595694541931,0.06804041564464569,True
4.343.H,4.343,H,Qual é a nacionalidade de um canalizador de bigode? É um mexe-cano.,1,1,-0.435546875,0.486328125,0.921875,0.2845759987831116,0.7154240012168884,True
5.1722.N,5.1722,N,"Qual é o bruxo-malvadão que ia, mas já voltou? Draco Malfoi.",0,1,-1.3515625,1.3515625,2.703125,0.06278920918703079,0.937210738658905,False
5.1984.H,5.1984,H,Por que o eletricista ficou louco quando viu seu carro? Porque viu o Fio Rino ,1,1,-1.3203125,1.3515625,2.671875,0.06465348601341248,0.9353464841842651,True
5.2125.H,5.2125,H,O que o rapaz fez com as fotos que tirou no ano novo? Reveillou ,1,1,-0.10400390625,-0.07568359375,0.0283203125,0.4929203987121582,0.5070796012878418,True
5.2189.H,5.2189,H,Quem é a cantora que trabalha com transporte público nos Estados Unidos? Van USA ,1,1,-1.109375,1.078125,2.1875,0.10087861120700836,0.8991213440895081,True
4.539.H,4.539,H,"Será que os meus amigos vão passar férias a países do médio oriente? Uns, Irão. Os outros, Paquistão.",1,0,0.55078125,-0.478515625,-1.029296875,0.7367795705795288,0.2632204294204712,False
5.3370.N,5.3370,N,"Qual ator é a junção de um tigre, um super-herói e um cantor? Lion.",0,0,1.328125,-1.09375,-2.421875,0.9184802770614624,0.08151975274085999,True
5.3659.N,5.3659,N,Qual integrante dos Castro Brothers gosta de te estudar na língua culta? Matheus Castro,0,0,1.546875,-1.359375,-2.90625,0.9481545686721802,0.05184546858072281,True
4.559.N,4.559,N,Porque é que os conspiracionistas não usam o Google Chrome? Porque não podem aceitar cookies.,0,0,0.89453125,-0.6015625,-1.49609375,0.8169911503791809,0.1830088347196579,True
5.694.H,5.694,H,Qual cantora espirra muito? Atchimna Turner.,1,1,-1.4140625,1.3828125,2.796875,0.05749328061938286,0.9425067901611328,True
4.307.N,4.307,N,Quanto tempo demora um gelado a derreter? Cerca de um quarto de hora.,0,0,0.98046875,-0.79296875,-1.7734375,0.854884684085846,0.14511536061763763,True
5.1193.H,5.1193,H,Qual a sandália usada no exército? Melíssia.,1,1,-0.181640625,0.1787109375,0.3603515625,0.41087445616722107,0.5891255140304565,True
4.491.H,4.491,H,Não há muitos elefantes em Moçambique. Mas no Zimbabué.,1,1,-0.59375,0.6328125,1.2265625,0.2267836481332779,0.7732163667678833,True
5.1929.N,5.1929,N,Qual joalheria não usa gasolina? Vivara.,0,1,-0.201171875,0.220703125,0.421875,0.39606815576553345,0.6039317846298218,False
4.751.N,4.751,N,"Como correu a primeira final de sempre da Liga dos Campeões com patos? Foi bem disputada, cheia de craques da bola e acabou com a vitória do  Real Madrid.",0,0,1.0078125,-0.68359375,-1.69140625,0.8444089889526367,0.1555909812450409,True
4.447.H,4.447,H,Para que é que se plantam garfos? Para depois colher.,1,1,-0.09130859375,0.1181640625,0.20947265625,0.4478224515914917,0.5521775484085083,True
5.1472.N,5.1472,N,Qual o melhor pote da cozinha? O de arroz.,0,0,1.734375,-1.6875,-3.421875,0.9683812260627747,0.031618766486644745,True
5.54.H,5.54,H,Qual é o personagem histórico que fui eu que indiquei? Pero Vaz de indica minha.,1,1,-1.1015625,1.03125,2.1328125,0.10594828426837921,0.8940516710281372,True
4.198.N,4.198,N,"Porque é que a febre tifóide é tão perigosa? Porque ou tu a curas, ou ela agrava-se mesmo.",0,0,0.81640625,-0.56640625,-1.3828125,0.7994423508644104,0.200557678937912,True
4.622.H,4.622,H,Que tamanho de roupa vestem as videntes? Tamanho médium.,1,1,-0.76953125,0.87109375,1.640625,0.16238002479076385,0.837619960308075,True
5.2312.H,5.2312,H,Qual é o nome da banda favorita das pessoas cansadas? Exausta samba,1,1,-1.203125,1.21875,2.421875,0.08151975274085999,0.9184802770614624,True
4.36.H,4.36,H,Uma loira viu um jogo de futebol que acabou 1-0. Qual foi o seu jogador preferido? O Vidoso. Porque o golo foi do Vidoso.,1,0,0.50390625,-0.2470703125,-0.7509765625,0.6793914437294006,0.32060855627059937,False
5.1869.H,5.1869,H,Que parte do corpo cuida das coisas? To no zelo,1,1,-0.7734375,0.69140625,1.46484375,0.18772758543491364,0.8122723698616028,True
5.41.N,5.41,N,Qual cantora brasileira só cria galinha? Ivete.,0,0,2.015625,-1.796875,-3.8125,0.9783847332000732,0.02161533571779728,True
5.635.H,5.635,H,Qual é o policial que não gosta de gente com boca suja? Guarda napo.,1,1,-1.1953125,1.1484375,2.34375,0.08756384253501892,0.9124361872673035,True
5.1678.N,5.1678,N,Quem foi a primeira pessoa que comprou um apartamento na planta? O Roberto.,0,0,1.6875,-1.4609375,-3.1484375,0.9588471055030823,0.041152890771627426,True
5.3685.N,5.3685,N,Qual chefe que não consulta livro de receitas? O Chefe de cozinha.,0,0,1.8359375,-1.59375,-3.4296875,0.9686195850372314,0.03138042986392975,True
4.215.N,4.215,N,O que diz a mãe quando vai por o filho à escola? Lá vai o meu rebento ...,0,0,0.390625,-0.2431640625,-0.6337890625,0.6533480882644653,0.3466518521308899,True
4.430.N,4.430,N,O que diz um empregado para o outro? Vamos mas é trabalhar que o patrão está teso.,0,1,-0.2392578125,0.123046875,0.3623046875,0.4104017913341522,0.5895982384681702,False
5.3946.N,5.3946,N,O quê o seu Madruga usa pra tomar banho? A bucha.,0,0,1.0703125,-0.98828125,-2.05859375,0.8868131041526794,0.11318691074848175,True
5.3490.H,5.3490,H,Qual hotel se hospedavam os Beatles? Let Ibis.,1,1,-1.359375,1.359375,2.71875,0.061875976622104645,0.9381240010261536,True
5.521.H,5.521,H,Qual ator que peida tão alto que ressoa? Francisco Cu Oco.,1,1,-1.3046875,1.1484375,2.453125,0.07921033352613449,0.9207897186279297,True
5.3342.H,5.3342,H,Qual o nervo que tem uma loja? O nervo C&A tico.,1,1,-1.375,1.3203125,2.6953125,0.06325051933526993,0.9367494583129883,True
5.681.N,5.681,N,Qual matéria da escola pode machucar? Matemática.,0,0,1.828125,-1.546875,-3.375,0.9669140577316284,0.033085983246564865,True
5.714.N,5.714,N,Qual o cantor que cheira toda a cocaína que trouxeram? Zeca pagodinho.,0,0,0.4765625,-0.56640625,-1.04296875,0.7394223809242249,0.26057755947113037,True
5.2893.N,5.2893,N,Qual dupla canta a meia luz? Zezé de Camargo e Luciano,0,0,2.015625,-1.8359375,-3.8515625,0.9791954755783081,0.02080448903143406,True
5.1245.H,5.1245,H,Por que a ovelha gosta de salgadinhos? Porque ela Éuma Sheeps.,1,1,-1.2109375,1.3046875,2.515625,0.07477004081010818,0.9252299070358276,True
5.1046.N,5.1046,N,Qual o canal para fumantes infantis? Discovery Kids.,0,0,1.7734375,-1.4296875,-3.203125,0.9609517455101013,0.039048295468091965,True
5.2397.N,5.2397,N,Qual o Podcast favorito desse canal? NLP - Data Hackers.,0,1,-1.109375,1.0390625,2.1484375,0.10447732359170914,0.8955226540565491,False
5.2592.N,5.2592,N,Qual a composição do peido do Papa? 100% metano.,0,0,0.8984375,-0.82421875,-1.72265625,0.8484706878662109,0.15152932703495026,True
5.92.H,5.92,H,Qual o parente que não serve pra nada? Inú tio.,1,1,-1.1953125,0.97265625,2.16796875,0.10266400873661041,0.897335946559906,True
5.2183.H,5.2183,H,Qual é a hortaliça que faz sucesso no norte e nordeste? Cebola Arroxa ,1,1,-1.203125,1.1328125,2.3359375,0.08819004893302917,0.9118099808692932,True
5.465.H,5.465,H,Qual estado brasileiro mais toma refrigerante? Fanta Catarina.,1,1,-1.2109375,1.125,2.3359375,0.08819004893302917,0.9118099808692932,True
4.486.H,4.486,H,"Vira-se um computador grande para o pequeno: Olha só para ti, tão pequeno e já computas.",1,1,-0.57421875,0.640625,1.21484375,0.22884513437747955,0.7711548805236816,True
4.404.H,4.404,H,O que são duas cenouras a discutir? Poluição cenora.,1,1,-1.1953125,1.1875,2.3828125,0.0844927579164505,0.9155072569847107,True
5.2452.N,5.2452,N,Qual é o salgado muito bom que não deixa ninguem transar? Croquete.,0,0,1.3984375,-1.3046875,-2.703125,0.937210738658905,0.06278920918703079,True
5.3733.H,5.3733,H,Qual é o esporte de praia que deixa a bola bêbada? Altinha.,1,1,-0.57421875,0.333984375,0.908203125,0.28736767172813416,0.7126322984695435,True
5.354.H,5.354,H,Por que Cuba foi na festa dos países? Pra socializar.,1,0,1.21875,-1.015625,-2.234375,0.9032942056655884,0.09670579433441162,False
4.109.H,4.109,H,Que nome se dá a um cão que vai à missa? Cachorro crente.,1,0,1.5,-1.203125,-2.703125,0.937210738658905,0.06278920918703079,False
5.810.H,5.810,H,Por que quando você reclamou eles nunca responderam? Porque eram lentos de contato.,1,0,0.2412109375,-0.150390625,-0.3916015625,0.5966681838035583,0.40333181619644165,False
5.1732.H,5.1732,H,Por que algumas pessoas não ficavam acordadas de madrugada pra ver as Olimpíadas? Por medo do espírito olímpico,1,0,1.21875,-0.8984375,-2.1171875,0.8925625681877136,0.10743748396635056,False
5.2200.H,5.2200,H,Qual é o filme favorito da cabra? A bruxa de béé,1,1,-0.9140625,0.80859375,1.72265625,0.15152932703495026,0.8484706878662109,True
5.728.H,5.728,H,"Qual é o nome da doença que acomete vítimas de sequestro que não têm espelho no cativeiro? Síndrome de ""ESTOU COMO?""",1,1,-0.031982421875,0.1884765625,0.220458984375,0.4451073706150055,0.5548925995826721,True
5.3762.H,5.3762,H,Qual é o jogador de futebol que sempre se protege do sol? Frank de Boné ,1,1,-0.953125,0.8515625,1.8046875,0.14128142595291138,0.8587185740470886,True
5.83.H,5.83,H,Qual é o animal que mais sofre com enfermidades? O condor.,1,0,2.078125,-1.6328125,-3.7109375,0.9761291742324829,0.023870833218097687,False
5.441.H,5.441,H,Por que todo fã de Nirvana também gosta do Jorge Ben Jor? Porque fã de Nirvana Curte com Ben.,1,1,-0.34765625,0.373046875,0.720703125,0.32723817229270935,0.6727617979049683,True
5.3395.N,5.3395,N,Qual o remédio que te convence a pedir um carro pra vc se deslocar? Dipirona.,0,0,1.5234375,-1.3046875,-2.828125,0.9441768527030945,0.05582314357161522,True
5.1598.H,5.1598,H,Qual é o animal que voa no deserto? Dronedário.,1,1,-1.3203125,1.3125,2.6328125,0.06705627590417862,0.9329437017440796,True
5.3132.N,5.3132,N,Qual o exercício preferido das abelhas? Voar.,0,0,1.796875,-1.4453125,-3.2421875,0.9623913168907166,0.03760863095521927,True
4.466.H,4.466,H,Como é que as pombas se reproduzem? Uma em cima da outra e POMBA POMBA POMBA!,1,1,-1.390625,1.3359375,2.7265625,0.06142403930425644,0.9385759830474854,True
5.3645.H,5.3645,H,Qual é o desenho onde o personagem principal só consegue dinheiro em outro planeta? Rico em Marte.,1,0,0.03759765625,-0.0712890625,-0.10888671875,0.5271947979927063,0.4728051722049713,False
5.3807.H,5.3807,H,Qual senador que proíbe piadas? Ri não Calheiros.,1,1,-1.5234375,1.3515625,2.875,0.053403329104185104,0.9465966820716858,True
4.607.H,4.607,H,Por que é que o motard foi despedido? Porque não estava capacetado para o trabalho.,1,1,-0.53515625,0.48046875,1.015625,0.26588043570518494,0.7341195344924927,True
5.3287.N,5.3287,N,Qual o ingrediente principal na comida de quem apanhou? RepOlho Roxo.,0,1,-1.2265625,1.296875,2.5234375,0.07423137128353119,0.9257686138153076,False
5.3522.N,5.3522,N,O que é que tem abas e é gostoso de lamber? Absorvente.,0,0,0.81640625,-0.578125,-1.39453125,0.801314651966095,0.19868534803390503,True
5.2643.H,5.2643,H,Qual é o nome de um cabeleireiro? Saulão de Beleza.,1,1,-1.046875,0.96484375,2.01171875,0.11797800660133362,0.8820220232009888,True
5.3238.N,5.3238,N,Qual queijo dirige carro? Rockerford.,0,1,-0.228515625,0.04833984375,0.27685546875,0.43122485280036926,0.5687751173973083,False
4.213.N,4.213,N,Como é que se chama uma empregada doméstica chinesa? Lee.,0,0,0.82421875,-0.84375,-1.66796875,0.8413047790527344,0.15869519114494324,True
4.245.H,4.245,H,Que nome se dá a um homem que via mas agora já não vê? Tobias.,1,0,0.181640625,-0.07861328125,-0.26025390625,0.5646986961364746,0.435301274061203,False
4.40.H,4.40,H,"Hoje no trânsito disse ""amo-te"" a um semáforo. O semáforo ficou vermelho.",1,0,0.91015625,-0.78125,-1.69140625,0.8444089889526367,0.1555909812450409,False
5.3223.H,5.3223,H,Qual o contrário de vadia? Voltenoite.,1,1,-1.109375,1.0625,2.171875,0.10230471193790436,0.8976953029632568,True
5.424.H,5.424,H,Qual deus grego me deixa puto? Mienerva.,1,1,-1.015625,1.0078125,2.0234375,0.11676400899887085,0.8832359910011292,True
5.2301.H,5.2301,H,"Por que o militar sempre ia no futebol, mas nunca jogava? Porque era militar de reserva.",1,0,1.375,-0.99609375,-2.37109375,0.9145963191986084,0.08540366590023041,False
4.324.N,4.324,N,Quais são as escadas que demoram mais a subir? São as escadas em pedra.,0,1,-0.2431640625,0.2490234375,0.4921875,0.37937837839126587,0.6206215620040894,False
5.1043.N,5.1043,N,Qual é o pokémon da umbanda? O Olorum,0,1,-0.96875,1.0546875,2.0234375,0.11676400899887085,0.8832359910011292,False
5.3942.N,5.3942,N,Qual a bebida preferida dos sindicalistas? Café.,0,0,1.84375,-1.65625,-3.5,0.970687747001648,0.02931223064661026,True
5.1015.H,5.1015,H,O que são vários números 2 caindo do céu? Twova.,1,1,-1.3046875,1.3046875,2.609375,0.06853749603033066,0.9314625263214111,True
5.778.H,5.778,H,Por que o cara que não fazia exercícios prestou odonto?  Pra ser dentário.,1,0,1.0703125,-0.96875,-2.0390625,0.8848377466201782,0.11516222357749939,False
5.3328.H,5.3328,H,Como se chamam os jovens barbeiros? Molecortes.,1,1,-1.25,1.234375,2.484375,0.07696084678173065,0.9230391979217529,True
5.1377.H,5.1377,H,"Por que o professor de natação largou o emprego? Porque ele ensinou, ensinou, e o aluno nada.",1,0,0.006195068359375,-0.07568359375,-0.081878662109375,0.5204582214355469,0.47954174876213074,False
5.4048.N,5.4048,N,Qual a música preferida dos cachorros? Cão amigo.,0,0,0.326171875,-0.349609375,-0.67578125,0.6627964973449707,0.3372035324573517,True
4.524.N,4.524,N,Partir o pescoço foi uma experiência aterrorizante . Mas agora já estou a melhorar.,0,0,0.2373046875,-0.08544921875,-0.32275390625,0.5799952149391174,0.4200047254562378,True
5.1054.N,5.1054,N,Por que o carbono alfa ficou nervoso? Porque uma carboxila tirou a mulher dele.,0,1,-0.376953125,0.1796875,0.556640625,0.3643251061439514,0.6356749534606934,False
5.1066.H,5.1066,H,Qual o sanduíche de queijo com mosquito? Cheese-kungunya.,1,1,-0.953125,0.984375,1.9375,0.1259227693080902,0.8740772008895874,True
