id,pair_id,suffix,text,true_label,predicted_label,logit_non_pun,logit_pun,pun_score,probability_non_pun,probability_pun,correct
4.103.H,4.103,H,Qual é a única coisa que se faz sempre em numeração romana? XI XI.,1,1,-1.65625,1.802734375,3.458984375,0.03050205111503601,0.9694979190826416,True
5.28.N,5.28,N,Qual é a modelo mais bela que existe? Gisele Bündchen.,0,0,4.48046875,-4.6328125,-9.11328125,0.9998898506164551,0.00011018041550414637,True
4.600.H,4.600,H,O que são quatro pontos pretos no chão? Fourmigas.,1,1,-3.384765625,3.78125,7.166015625,0.0007717979606240988,0.9992282390594482,True
5.1378.N,5.1378,N,Por que eu não faço esporte? Porque é a maior furada.,0,0,2.822265625,-3.166015625,-5.98828125,0.9974983334541321,0.0025016965810209513,True
5.1777.N,5.1777,N,Qual é o contrário de Otorrinolaringologista? atsigologniralonirroto.,0,1,-4.0859375,4.140625,8.2265625,0.00026738259475678205,0.9997325539588928,False
5.1772.H,5.1772,H,O que um diretor da Ubisoft foi fazer na África? Um SaFari Cry.,1,1,-3.140625,3.275390625,6.416015625,0.0016324889147654176,0.9983674883842468,True
5.1714.H,5.1714,H,Você gosta de Katy Perry? Katy perguntou?,1,0,2.90625,-3.140625,-6.046875,0.9976403713226318,0.0023596605751663446,False
4.264.N,4.264,N,Porque é que na escola as meninas desenham sempre florzinhas e coraçõezinhos no caderno? Porque assim decoram o caderno.,0,0,4.05078125,-4.3046875,-8.35546875,0.9997649788856506,0.00023505199351347983,True
5.1205.N,5.1205,N,Por que o pessoal do Nordeste se orgulha do GPS? Porque ele fala: Você chegou no destino.,0,0,3.33984375,-3.76171875,-7.1015625,0.9991768002510071,0.0008231385727412999,True
5.1050.N,5.1050,N,Qual a serie de anime que louva o tabaco? One Piece.,0,0,3.453125,-3.689453125,-7.142578125,0.9992098808288574,0.0007900861673988402,True
5.2882.N,5.2882,N,Personagem que adora Leite? Pernalonga,0,1,-4.2734375,4.265625,8.5390625,0.00019563533714972436,0.9998044371604919,False
5.3127.N,5.3127,N,Qual programa onde você fala com um carro? O assistente pessoal.,0,0,3.373046875,-4.2265625,-7.599609375,0.9994995594024658,0.0005003964179195464,True
5.16.H,5.16,H,Para onde as pulgas vão quando morrem? Para o pulgatório.,1,0,2.5078125,-2.880859375,-5.388671875,0.9954527616500854,0.00454726442694664,False
5.2393.H,5.2393,H,Qual é o canal infantil que só transmite batida de carro? Car Tum Network.,1,1,-3.935546875,3.951171875,7.88671875,0.00037555917515419424,0.9996243715286255,True
5.4014.N,5.4014,N,Por que no interiorzão não dá pra ouvir música? Porque lá o silêncio impera.,0,0,3.662109375,-4.08203125,-7.744140625,0.9995668530464172,0.00043308618478477,True
5.3741.N,5.3741,N,Qual comentarista esportivo se gaba da reforma em seu domicílio? Galvão Bueno.,0,0,3.623046875,-4.45703125,-8.080078125,0.9996904134750366,0.0003095509600825608,True
5.3523.N,5.3523,N,Em qual brincadeira eu só aceito gente inteligente? Tiro ao alvo.,0,0,3.6875,-4.578125,-8.265625,0.9997428059577942,0.00025714197545312345,True
4.633.N,4.633,N,Vira-se uma secretária para outra: Esta folha é tua ou é impressão minha?,0,0,2.515625,-2.85546875,-5.37109375,0.995372474193573,0.004627529997378588,True
4.644.H,4.644,H,"Para quem não viu o eclipse ontem à noite, no fim o Edward fica com a Bella.",1,0,2.451171875,-2.71484375,-5.166015625,0.9943251013755798,0.005674875341355801,False
5.26.N,5.26,N,Qual grupo de pagode odeia o final dos parabéns? Só pra Contrariar.,0,0,3.2734375,-3.951171875,-7.224609375,0.9992720484733582,0.0007279067649506032,True
5.56.H,5.56,H,Qual creme de barbear parece um esperma? Gozzano.,1,0,3.923828125,-4.703125,-8.626953125,0.99982088804245,0.00017917773220688105,False
5.3625.H,5.3625,H,Qual a banda que ajuda as pessoas a alcançar a seu destino?  Owazes.,1,0,2.76953125,-3.025390625,-5.794921875,0.9969663023948669,0.003033736953511834,False
5.850.N,5.850,N,Qual o X-Men que morre de vontade de conhecer o Inri Cristo? Charles Xavier.,0,0,3.353515625,-4.171875,-7.525390625,0.9994611144065857,0.0005389274447225034,True
5.26.H,5.26,H,Qual grupo de pagode odeia o final dos parabéns? Sopra Contrariado.,1,1,-3.466796875,3.564453125,7.03125,0.0008830458391457796,0.9991169571876526,True
5.2760.N,5.2760,N,Qual o grupo musical favorito dos leões? Queen.,0,0,3.40234375,-3.703125,-7.10546875,0.999180018901825,0.0008199319709092379,True
4.287.N,4.287,N,O que diz uma pessoa quando entra na casa de banho? Que cheiro!,0,0,3.505859375,-4.40625,-7.912109375,0.9996337890625,0.00036614699638448656,True
5.2679.H,5.2679,H,Qual padre é um cavalo? Marcelo Horse.,1,1,-3.59765625,3.91015625,7.5078125,0.0005484791472554207,0.9994514584541321,True
5.3508.H,5.3508,H,Qual rapper é também um ótimo detetive? Marcelo Deduz.,1,1,-4.12890625,4.32421875,8.453125,0.00021318755170796067,0.9997867941856384,True
5.3530.N,5.3530,N,Como se chama a tatuagem feita num velho? Tatuagem no vô.,0,1,-3.208984375,3.228515625,6.4375,0.0015978454612195492,0.9984021782875061,False
4.253.H,4.253,H,Porque é que os polícias não gostam de sabão? Porque preferem deter gente.,1,1,-3.435546875,3.62890625,7.064453125,0.0008542319992557168,0.9991457462310791,True
5.2675.N,5.2675,N,Qual cantor sempre manda uma jogada boa no baralho? Nando Reis.,0,0,4.2109375,-4.484375,-8.6953125,0.9998326301574707,0.00016734049131628126,True
5.1980.H,5.1980,H,Qual o dispositivo usado pra enxergar melhor uma determinada nota musical? Óculos de Sol ,1,0,3.3046875,-4.31640625,-7.62109375,0.9995102882385254,0.0004897656617686152,False
4.544.N,4.544,N,"A Érica e a Ester decidiram adotar uma jovem . Quando ela soube, ficou feliz.",0,0,4.09375,-4.30078125,-8.39453125,0.9997739195823669,0.00022604932019021362,True
5.420.N,5.420,N,Qual fruta nasce às margens do Rio Negro? Maçãs.,0,0,3.587890625,-4.4375,-8.025390625,0.9996730089187622,0.00032694527180865407,True
5.1837.H,5.1837,H,Qual é o apresentador que me dá tesão? Otávio me Excita,1,1,-2.986328125,3.26953125,6.255859375,0.0019154998008161783,0.998084545135498,True
5.1602.H,5.1602,H,Qual é a novela em que Antônio Fagundes faz uso de entorpecentes? O Rei Dro Gado.,1,0,3.23046875,-3.73046875,-6.9609375,0.9990527033805847,0.0009473090176470578,False
4.573.H,4.573,H,Porque é que os cemitérios têm paredes? Porque as pessoas estão mortinhas por entrar lá dentro.,1,1,-1.603515625,1.3681640625,2.9716796875,0.048721812665462494,0.9512782096862793,True
5.2189.N,5.2189,N,Quem é a cantora que trabalha com transporte público nos Estados Unidos?  Beyoncé,0,0,4.203125,-4.8828125,-9.0859375,0.9998867511749268,0.00011323438229737803,True
4.360.N,4.360,N,Porque é que o Pedro se divorciou? Porque a mulher não servia para nada.,0,0,3.052734375,-3.4765625,-6.529296875,0.998542070388794,0.0014579033013433218,True
5.1303.H,5.1303,H,Qual o chá preferido dos britânicos para se acalmar? C'mon Mila.,1,1,-3.568359375,4.00390625,7.572265625,0.0005142607842572033,0.9994857311248779,True
5.2415.H,5.2415,H,Qual é a cidade que quer ser um instrumento musical?  Itaquaquecetuba.,1,0,3.06640625,-4.0625,-7.12890625,0.9991990923881531,0.0008009536541067064,False
4.630.H,4.630,H,Por que é que os surfistas comem a comida fria? Porque detestam micro ondas.,1,1,-2.984375,2.8125,5.796875,0.003027834929525852,0.9969722032546997,True
5.85.N,5.85,N,Qual é a tartaruga ninja que vive na Disney? O Miquelângelo.,0,1,-3.96875,4.04296875,8.01171875,0.0003314445202704519,0.9996685981750488,False
5.976.N,5.976,N,Qual passarinho adora televisão? Pardal.,0,0,4.30859375,-4.69921875,-9.0078125,0.9998775720596313,0.0001224344305228442,True
5.3987.N,5.3987,N,"Qual artista pop era porco gordo, mas era irresistível? Baicon Jackson.",0,1,-3.501953125,3.609375,7.111328125,0.0008151457295753062,0.999184787273407,False
5.848.H,5.848,H,Qual personagem da Disney que ninguém gosta? Amarga Rida.,1,1,-3.98828125,4.1171875,8.10546875,0.00030179257737472653,0.999698281288147,True
5.1981.H,5.1981,H,Como se chama o ato de um ministro comer a primeira dama? Uma metida provisória ,1,1,-3.662109375,3.8671875,7.529296875,0.0005368274287320673,0.9994631409645081,True
5.933.H,5.933,H,Qual é o nome do especialista em temperar carnes que não se esquecia do passado?  O Sal Dosista.,1,1,-3.099609375,3.197265625,6.296875,0.001838665222749114,0.9981613755226135,True
5.3610.H,5.3610,H,Qual é a série em que todo mundo que é policial tem que sair? C.S.I.,1,0,3.404296875,-4.53125,-7.935546875,0.9996423721313477,0.00035766829387284815,False
5.167.H,5.167,H,"O que o padrinho da faca disse?  ""Oi, afiado"".",1,1,-2.08203125,2.287109375,4.369140625,0.012503791600465775,0.9874961376190186,True
5.489.N,5.489,N,Qual piloto tem pacto com o Diabo? Barrichello.,0,0,4.3359375,-4.68359375,-9.01953125,0.999879002571106,0.00012100820458726957,True
5.2012.H,5.2012,H,Que apresentador vive tomando Dramin? Rodri Gorfaro ,1,1,-3.3125,3.3125,6.625,0.001325022429227829,0.9986749291419983,True
5.1381.N,5.1381,N,Por que colocaram uma cama elástica no Polo Norte? Para o urso brincar.,0,0,3.359375,-3.908203125,-7.267578125,0.9993026256561279,0.0006973132840357721,True
4.95.N,4.95,N,Qual é a única profissão que necessita de verniz de unhas para trabalhar? É a manicure.,0,0,3.275390625,-4.16796875,-7.443359375,0.9994150400161743,0.000584973196964711,True
5.823.N,5.823,N,Qual a banda que não deve nada pra ninguém? Skank.,0,0,3.279296875,-3.55078125,-6.830078125,0.9989204406738281,0.0010796068236231804,True
5.1116.H,5.1116,H,Por que os jacarés só andavam em dois? Porque são reptildos.,1,1,-3.2421875,3.263671875,6.505859375,0.001492425100877881,0.998507559299469,True
5.3119.N,5.3119,N,Qual o nome da mãe do super-herói que nunca vai em praia com águas geladas? Martha Wayne.,0,0,3.599609375,-3.880859375,-7.48046875,0.9994363188743591,0.000563675130251795,True
5.415.H,5.415,H,Qual é o restaurante favorito dos maconheiros? O Outbeck.,1,1,-1.3759765625,1.177734375,2.5537109375,0.07217757403850555,0.927822470664978,True
4.11.H,4.11,H,Qual é o animal mais romântico? É a amêijoa. Porque dorme em conchinha.,1,1,-2.623046875,2.755859375,5.37890625,0.004591683857142925,0.9954082369804382,True
5.594.H,5.594,H,O que um irmão siamês falou pro outro? Tamo Junto!,1,0,1.5771484375,-1.86328125,-3.4404296875,0.9689443707466125,0.031055551022291183,False
4.678.N,4.678,N,Acabei de abrir a conta da água e a conta da luz ao mesmo tempo . Fiquei em pânico .,0,0,3.76171875,-4.0703125,-7.83203125,0.9996033310890198,0.0003966611984651536,True
4.645.N,4.645,N,"Se um dia te oferecerem uns óculos sem lentes, tem cuidado! Pode ser engano.",0,0,3.646484375,-3.8125,-7.458984375,0.9994240999221802,0.0005759091582149267,True
5.728.N,5.728,N,"Qual é o nome da doença que acomete vítimas de sequestro que não têm espelho no cativeiro? Síndrome de "" Estocolmo? """,0,1,-2.375,2.4375,4.8125,0.008061991073191166,0.9919379353523254,False
5.1049.H,5.1049,H,Qual bebiba te dá superpoder? Chá zam.,1,1,-4.05859375,4.10546875,8.1640625,0.000284622423350811,0.9997153878211975,True
5.3578.N,5.3578,N,O que o advogado deixou para os filhos? Seu carro.,0,0,3.685546875,-4.5390625,-8.224609375,0.9997320771217346,0.0002679052122402936,True
5.62.N,5.62,N,Qual é a atriz que só usa roupa da Zara? Taís Araújo.,0,0,4.43359375,-4.84375,-9.27734375,0.9999065399169922,9.35104617383331e-05,True
5.591.N,5.591,N,Qual cerveja é do Rio de Janeiro? Schincarioca.,0,1,-3.3359375,3.31640625,6.65234375,0.0012893282109871507,0.9987106323242188,False
5.2985.N,5.2985,N,Qual animal é coach? O homem.,0,0,3.728515625,-4.53515625,-8.263671875,0.999742329120636,0.0002576445695012808,True
5.3569.N,5.3569,N,Em que momento do dia seus segredos são revelados? No amanhecer do sol.,0,0,3.982421875,-4.3984375,-8.380859375,0.9997708201408386,0.0002291603450430557,True
5.2974.N,5.2974,N,Qual banda que sempre usa tenis? Oasics.,0,1,-2.05078125,2.17578125,4.2265625,0.014392335899174213,0.9856076240539551,False
5.2046.H,5.2046,H,Por que o vegano não compra nas Casas Bahia? Porque não gasta dinheiro em carnês ,1,0,1.31640625,-1.7685546875,-3.0849609375,0.9562681317329407,0.04373188316822052,False
5.2312.N,5.2312,N,Qual é o nome da banda favorita das pessoas cansadas? Capital Inicial,0,0,3.908203125,-4.3203125,-8.228515625,0.9997331500053406,0.0002668610541149974,True
4.381.N,4.381,N,O que acontece quando metes um tomate no micro-ondas? Estraga o molho.,0,0,0.7529296875,-1.0537109375,-1.806640625,0.8589553833007812,0.14104463160037994,True
5.4098.H,5.4098,H,Qual molho é sempre servido em proporções exageradas? De Too Much.,1,1,-2.671875,2.556640625,5.228515625,0.005332885775715113,0.9946671724319458,True
5.1486.N,5.1486,N,Qual gata que entrou e logo depois saiu do chat? Bola de Neve.,0,0,3.763671875,-4.2109375,-7.974609375,0.999656081199646,0.0003439709544181824,True
4.564.H,4.564,H,"Como é que se diz ""peido"" em árabe? Al-bufeira.",1,1,-4.4140625,4.33203125,8.74609375,0.0001590562314959243,0.9998409748077393,True
4.633.H,4.633,H,Vira-se uma impressora para outra: Esta folha é tua ou é impressão minha?,1,0,2.458984375,-2.708984375,-5.16796875,0.9943360686302185,0.005663864780217409,False
4.400.H,4.400,H,Que nome se dá a um professor com os dentes grandes? Ca-stor.,1,1,-3.947265625,4.21484375,8.162109375,0.00028517868486233056,0.9997147917747498,True
5.1317.N,5.1317,N,Qual cantora sempre se desculpa? Simone.,0,0,3.029296875,-3.53125,-6.560546875,0.998586893081665,0.0014131116913631558,True
5.3353.N,5.3353,N,Qual a música mais ouvida nas cordilheiras? O canto dos pássaros.,0,0,4.33984375,-4.7890625,-9.12890625,0.9998915195465088,0.00010847242083400488,True
4.367.N,4.367,N,Porque é que a Branca de Neve desmaiou ao comer a maçã? Apanhou uma indigestão.,0,0,3.55078125,-4.5390625,-8.08984375,0.9996935129165649,0.0003065436612814665,True
5.639.N,5.639,N,Qual é o caranguejo que só sai à noite? O real.,0,1,-1.654296875,1.89453125,3.548828125,0.027954399585723877,0.9720456600189209,False
5.2506.N,5.2506,N,Qual é o biscoito mais temido da mitologia? Maria e Maisena.,0,0,2.826171875,-3.427734375,-6.25390625,0.9980807304382324,0.001919237314723432,True
5.1872.H,5.1872,H,Que ator gringo deixa a cidade limpa? Denzel wash town ,1,1,-4.22265625,4.37890625,8.6015625,0.00018378454842604697,0.9998162388801575,True
5.3530.H,5.3530,H,Como se chama a tatuagem feita num velho? Art no vô.,1,1,-4.15625,4.1484375,8.3046875,0.00024729344295337796,0.9997527003288269,True
5.2083.N,5.2083,N,Qual figura do carnaval que dá em cima das mulheres? Boneco de Olinda!,0,0,3.00390625,-3.576171875,-6.580078125,0.9986141920089722,0.0013858177699148655,True
5.4014.H,5.4014,H,Por que no interiorzão não dá pra ouvir música? Porque lá o spotifaia.,1,1,-4.16015625,4.16796875,8.328125,0.00024156631843652576,0.9997584223747253,True
5.2014.N,5.2014,N,Em que parte do casa todos se encontram? Na área de lazer,0,0,4.00390625,-4.734375,-8.73828125,0.9998396635055542,0.0001603035198058933,True
5.823.H,5.823,H,Qual a banda que não deve nada pra ninguém? Jaquitou 5.,1,1,-3.76953125,3.72265625,7.4921875,0.0005571117508225143,0.9994428753852844,True
5.1.N,5.1,N,Qual X-Men nunca falta ao trabalho? Ciclops.,0,0,4.09375,-4.6015625,-8.6953125,0.9998326301574707,0.00016734049131628126,True
5.1297.N,5.1297,N,Qual candidato é doador de órgãos? Cabo Daciolo.,0,0,2.22265625,-2.533203125,-4.755859375,0.9914721846580505,0.008527800440788269,True
4.529.H,4.529,H,O que são oito Hobbits? Um Hobbyte.,1,1,-3.634765625,3.828125,7.462890625,0.0005736653110943735,0.9994263648986816,True
5.1736.H,5.1736,H,O que o ciclista disse logo após terminar o namoro em cima da linha de largada? Tô na pista! ,1,0,3.126953125,-3.572265625,-6.69921875,0.9987695813179016,0.0012303582625463605,False
5.1972.H,5.1972,H,Qual o item que se encontra em pior estado na sua casa? All Mofada,1,1,-4.0859375,4.15625,8.2421875,0.000263238325715065,0.9997367262840271,True
5.148.N,5.148,N,Qual é o cantor favorito dos brasileiros? Toquinho.,0,0,4.05859375,-4.359375,-8.41796875,0.9997791647911072,0.000220814035856165,True
4.32.N,4.32,N,"Era uma vez duas pizzas . Uma estava triste, então a outra vira-se: sorri.",0,1,-1.1474609375,0.89794921875,2.04541015625,0.1145169734954834,0.8854829668998718,False
5.217.N,5.217,N,O que usam para fazer as bonecas Barbie? Aparelho de moldar.,0,0,2.810546875,-3.408203125,-6.21875,0.9980121850967407,0.0019877743907272816,True
4.287.H,4.287,H,O que diz um ouriço quando entra na casa de banho? Cacheiro!,1,1,-1.5478515625,1.2373046875,2.78515625,0.05813159793615341,0.9418684244155884,True
4.67.H,4.67,H,Porque é que as galinhas não gostam de ralis? Porque não vêem nada capoeira.,1,1,-4.171875,4.1484375,8.3203125,0.0002434604539303109,0.9997565150260925,True
5.2047.N,5.2047,N,"Qual conto mostra a história de alguém que acha a esposa linda, mas quando ela o procura de noite, ele nega? A pequena sereia.",0,0,3.921875,-4.4609375,-8.3828125,0.9997712969779968,0.0002287133247591555,True
5.1782.N,5.1782,N,Por que o alfaiate foi expulso da balada? Porque ele faltou com respeito.,0,0,4.03125,-4.47265625,-8.50390625,0.9997974038124084,0.00020263406622689217,True
5.137.H,5.137,H,"Se o Kid Bengala fosse um personagem da Caverna do Dragão, quem o ajudaria a voltar para casa? Mestre dos Bagos.",1,1,-2.287109375,2.298828125,4.5859375,0.01009131595492363,0.9899086952209473,True
5.1545.N,5.1545,N,Qual comida que tá sempre faminta? Far ofa.,0,1,-4.125,4.25,8.375,0.0002305067318957299,0.9997695088386536,False
5.1998.N,5.1998,N,Qual é o animal que mais suja crianças? Gambá,0,0,3.564453125,-4.44921875,-8.013671875,0.9996691942214966,0.0003307979495730251,True
4.638.N,4.638,N,"O amor é como um jogo de sueca . Ou se tem um bom parceiro, ou o melhor mesmo é ter uma boa carta.",0,1,-1.9296875,2.107421875,4.037109375,0.017342345789074898,0.9826576113700867,False
5.3666.N,5.3666,N,Qual dublador que não toma banho? Mário Jorge.,0,0,4.30859375,-4.57421875,-8.8828125,0.9998612403869629,0.0001387341326335445,True
4.129.H,4.129,H,Que nome se dá a uma freira no casino? Católica apostólica.,1,1,-0.67333984375,0.53515625,1.20849609375,0.22996723651885986,0.7700327038764954,True
4.280.N,4.280,N,Qual é o animal mais estranho? É o Papa-formigas.,0,0,2.71875,-3.06640625,-5.78515625,0.996936559677124,0.0030634168069809675,True
5.1098.H,5.1098,H,Qual a sobremesa oficial da Marvel?  A THORta.,1,1,-3.70703125,3.626953125,7.333984375,0.0006525407079607248,0.9993475079536438,True
4.277.H,4.277,H,Como é que os alpinistas se cumprimentam? Cume é que é!,1,1,-2.794921875,2.828125,5.623046875,0.0036006032023578882,0.9963994026184082,True
5.2012.N,5.2012,N,Que apresentador vive tomando Dramin? Rodrigo Faro,0,0,4.41796875,-4.90625,-9.32421875,0.9999107122421265,8.922867709770799e-05,True
5.1982.N,5.1982,N,Quem cuida da documentação na floresta? O cartório,0,0,3.494140625,-4.4375,-7.931640625,0.999640941619873,0.0003590676642488688,True
5.2751.H,5.2751,H,Qual aviamento não para quieto? Os Zíper Ativos,1,1,-3.6171875,3.77734375,7.39453125,0.0006142271449789405,0.9993857145309448,True
5.1549.H,5.1549,H,Qual site de relacionamento só para menores de 18 anos? Teender.,1,1,-1.6123046875,1.6494140625,3.26171875,0.036908067762851715,0.9630919694900513,True
4.290.N,4.290,N,Como é que o menino ficou zarolho? A mãe estava a cozinhar e disse-lhe: Luís vou ali à loja . Deita-me aí um alho na comida.,0,0,0.61376953125,-0.89404296875,-1.5078125,0.8187368512153625,0.18126320838928223,True
5.2538.H,5.2538,H,Qual atriz da Globo tem o olho torto? Marieta Serveró.,1,1,-3.490234375,3.67578125,7.166015625,0.0007717979606240988,0.9992282390594482,True
4.436.H,4.436,H,Sementes. Deus castiga.,1,0,2.1796875,-2.4765625,-4.65625,0.9905874133110046,0.009412589482963085,False
5.1158.N,5.1158,N,Qual o presidente que foi beber água e não achou nada? Collor.,0,0,4.21484375,-4.50390625,-8.71875,0.9998365640640259,0.00016346470511052758,True
4.565.H,4.565,H,Qual é o chocolate que só tem duas semanas de validade? O Twix.,1,0,3.01171875,-3.29296875,-6.3046875,0.9981756210327148,0.0018243828089907765,False
4.32.H,4.32,H,"Era uma vez duas pizzas. Uma estava triste, então a outra vira-se: pizza-ria.",1,1,-4.1953125,4.5,8.6953125,0.00016734049131628126,0.9998326301574707,True
4.183.H,4.183,H,Como é que o António se chama quando anda de autocarro? Tony Carreira.,1,1,-0.84619140625,0.71630859375,1.5625,0.17328819632530212,0.8267117738723755,True
5.202.N,5.202,N,Por que o Sílvio Santos só entra em casa depois que o olho dele é escaneado? Porque a porta só abre com reconhecimento de Íris.,0,1,-2.931640625,3.037109375,5.96875,0.0025509123224765062,0.9974491000175476,False
5.1492.H,5.1492,H,Por que o cowboy largou tudo para trabalhar na KGB? Porque ele era um ex-pião.,1,1,-3.58203125,3.8046875,7.38671875,0.000619041733443737,0.9993809461593628,True
4.106.H,4.106,H,Qual é a flor que os homens mais gostam de oferecer às mulheres? Tulimpas.,1,1,-2.423828125,2.380859375,4.8046875,0.008124708198010921,0.9918753504753113,True
4.753.H,4.753,H,O meu pai tem uma loja de material elétrico. É por isso que tenho pilhas de graça.,1,1,-0.97998046875,0.83740234375,1.8173828125,0.139748215675354,0.8602518439292908,True
5.3610.N,5.3610,N,Qual é a série em que todo mundo que é policial tem que sair? Dr. House,0,0,3.54296875,-4.109375,-7.65234375,0.9995253086090088,0.00047470431309193373,True
4.58.H,4.58,H,O que são cinco pontos coloridos num jardim? São os Flower Rangers.,1,0,4.02734375,-4.203125,-8.23046875,0.9997336268424988,0.0002663404738996178,False
5.1088.H,5.1088,H,Qual cidade vive resfriada? Atchimbaia,1,1,-2.720703125,2.673828125,5.39453125,0.004520817659795284,0.9954791069030762,True
5.555.N,5.555,N,Qual o sanduíche preferido da turma do Chaves? Misto.,0,0,3.41796875,-4.3046875,-7.72265625,0.9995575547218323,0.0004424872749950737,True
4.521.H,4.521,H,Eu não sou supersticioso. Sou só um pouco sticioso.,1,0,0.91064453125,-1.150390625,-2.06103515625,0.8870579600334167,0.11294208467006683,False
4.158.N,4.158,N,Uma mulher estava indecisa entre comprar uma blusa azul e uma vermelha . Acabou por levar a vermelha . Qual é o filme? Lagoa azul.,0,0,3.86328125,-4.19921875,-8.0625,0.9996849298477173,0.00031503866193816066,True
5.1673.H,5.1673,H,Qual é o nome para se colocar na filha do salva-vidas? Socorro.,1,0,3.619140625,-4.59765625,-8.216796875,0.9997299313545227,0.0002700058394111693,False
5.1549.N,5.1549,N,Qual site de relacionamento só para maiores de 18 anos? Tinder.,0,0,4.19921875,-4.55859375,-8.7578125,0.9998427629470825,0.00015720343799330294,True
4.56.N,4.56,N,Porque é que os contabilistas são bons a fazer contas? Porque tabuada é com eles.,0,0,1.5302734375,-2.12109375,-3.6513671875,0.9747011065483093,0.025298966094851494,True
5.263.H,5.263,H,Qual é o nome do filme protagonizado por duas motos bem nervosas? Fúria de titãs.,1,0,3.67578125,-4.16796875,-7.84375,0.9996079802513123,0.0003920417802873999,False
5.872.N,5.872,N,Qual comediante vive com calor? Renato Aragão.,0,0,4.53125,-4.8828125,-9.4140625,0.9999184608459473,8.156224794220179e-05,True
4.505.H,4.505,H,"O casamento é muito bonito e tal, mas se casares com a pessoa errada, é como a COVID-19. Todo os dias novos casos.",1,1,-2.494140625,2.58203125,5.076171875,0.0062050228007137775,0.9937950372695923,True
5.3736.H,5.3736,H,Qual clube campeão da Libertadores consegue segurar bebês gêmeos? Colo-Colo.,1,0,4.10546875,-4.59375,-8.69921875,0.9998332262039185,0.00016668821626808494,False
5.1613.N,5.1613,N,"Como se faz para uma laranja virar uma cobra? Faz cosquinha nela, aí nada acontece.",0,0,2.474609375,-2.80859375,-5.283203125,0.994949460029602,0.005050507839769125,True
5.85.H,5.85,H,Qual é a tartaruga ninja que vive na Disney?  O Mickeylângelo.,1,1,-3.91796875,4.1171875,8.03515625,0.0003237690543755889,0.9996762275695801,True
4.637.N,4.637,N,O que faz uma pessoa surda? Finge que ouve.,0,0,3.5,-3.935546875,-7.435546875,0.9994105100631714,0.0005895585636608303,True
4.201.N,4.201,N,Era uma vez uma cidade onde quase todas as motos eram Yamaha . Qual é o filme? Pocahontas.,0,1,-3.552734375,3.55859375,7.111328125,0.0008151457295753062,0.999184787273407,False
5.2647.N,5.2647,N,Qual apresentador é o mais duas caras? Luciano Huck.,0,0,4.38671875,-4.4296875,-8.81640625,0.9998517036437988,0.0001482583029428497,True
5.3546.H,5.3546,H,"Qual o seriado de tv do cara que sempre quer um pouco da comida dos outros? Hum, maluco, dá um pedaço!",1,1,-1.697265625,1.9111328125,3.6083984375,0.026380423456430435,0.9736195802688599,True
5.1849.N,5.1849,N,Qual é o cantor que tá sempre na cena de um crime? Zeca baleiro.,0,1,-0.83642578125,0.382080078125,1.218505859375,0.22819949686527252,0.7718005180358887,False
5.1182.H,5.1182,H,Por que o Chico Buarque foi preso na saída do Santander? Por Assaltimbanco.,1,1,-3.95703125,3.998046875,7.955078125,0.0003507527580950409,0.9996492862701416,True
4.696.N,4.696,N,"Acabei de comprar um livro chamado "" Caminhadas para Totós "" . É um guia para passear a pé.",0,1,-0.409423828125,0.168701171875,0.578125,0.3593641519546509,0.6406359076499939,False
4.678.H,4.678,H,Acabei de abrir a conta da água e a conta da luz ao mesmo tempo. Fiquei em choque.,1,0,3.189453125,-3.626953125,-6.81640625,0.9989055395126343,0.001094452221877873,False
5.793.H,5.793,H,Qual a rede social mais usada pelas mulheres no Oriente Médio? Faceburca.,1,1,-3.82421875,3.87890625,7.703125,0.0004512105952017009,0.9995487332344055,True
4.63.H,4.63,H,O que é que se faz num velório de lésbicas? Um minete de silêncio.,1,1,-0.8642578125,0.541015625,1.4052734375,0.19698064029216766,0.8030194044113159,True
4.17.N,4.17,N,Em que local do planeta se encontram mais leprosos? Na Ilha Sorokdo.,0,1,-2.521484375,2.23828125,4.759765625,0.008494837209582329,0.9915052056312561,False
5.3651.H,5.3651,H,Qual anime foi baseado na versao brasileira de um futebolista mediamente famoso? Drogba o zé.,1,1,-3.84375,4.015625,7.859375,0.00038596606464125216,0.9996140599250793,True
4.281.N,4.281,N,Porque é que a galinha fez um striptease na capoeira? Para chocar os galos.,0,0,0.85205078125,-1.6025390625,-2.45458984375,0.9208964705467224,0.07910355180501938,True
5.148.H,5.148,H,Qual é o cantor favorito dos anões? Toquinho.,1,0,3.8515625,-4.109375,-7.9609375,0.999651312828064,0.0003487042849883437,False
5.569.H,5.569,H,"Qual personagem histórico sempre pede um sorvetão? Alesundae, o Grande.",1,1,-3.181640625,3.421875,6.603515625,0.001353758736513555,0.9986461997032166,True
5.3825.N,5.3825,N,Qual o mês do Popó? Agosto.,0,0,2.373046875,-3.15234375,-5.525390625,0.9960314631462097,0.003968500066548586,True
5.1093.H,5.1093,H,Qual doença que todos filósofos têm? Tendi Nietzsche.,1,1,-4.12890625,4.3046875,8.43359375,0.00021739141084253788,0.9997826218605042,True
5.850.H,5.850,H,Qual o X-Men que morre de vontade de conhecer o Inri Cristo? Vou ver Inri.,1,1,-2.50390625,2.716796875,5.220703125,0.005374487489461899,0.9946255087852478,True
4.264.H,4.264,H,Porque é que na escola as loiras desenham sempre florzinhas e coraçõezinhos no caderno? Porque assim decoram a matéria.,1,0,3.947265625,-4.2265625,-8.173828125,0.9997181296348572,0.0002818572102114558,False
4.28.H,4.28,H,Voltei a dizer à minha mãe que queria ser pianista. Ela diz que estou sempre a bater na mesma tecla.,1,0,2.244140625,-2.814453125,-5.05859375,0.9936856627464294,0.006314365193247795,False
5.3726.N,5.3726,N,Qual humorista não usa microfone de mão? Helio de La Peña,0,0,4.26171875,-4.6640625,-8.92578125,0.9998670816421509,0.00013289992057252675,True
5.1545.H,5.1545,H,Qual comida que tá sempre distante? Far ofa.,1,1,-4.15625,4.265625,8.421875,0.00021995336282998323,0.999779999256134,True
5.285.H,5.285,H,Qual personagem carnavalesco não é stereo? Rei Mono,1,1,-1.1826171875,0.888671875,2.0712890625,0.1119188517332077,0.8880811929702759,True
1.4.N,1.4,N,O que uma impressora falou para a outra? Essa folha é sua ou é alguma minha?,0,0,2.158203125,-2.5234375,-4.681640625,0.9908213019371033,0.009178773500025272,True
5.910.H,5.910,H,Qual é a reta que canta muito? A Reta Franklin.,1,1,-4.08203125,4.0703125,8.15234375,0.0002879764942917973,0.9997120499610901,True
5.1981.N,5.1981,N,Como se chama o ato de um ministro alterar a primeira emenda? Uma medida provisória,0,0,3.67578125,-4.46875,-8.14453125,0.9997097849845886,0.00029023445677012205,True
5.283.H,5.283,H,O que o coveiro disse quando pediram a ele para gerenciar o cemitério? Isso não é da minha ossada.,1,0,1.9287109375,-1.904296875,-3.8330078125,0.9788140654563904,0.02118586003780365,False
5.317.H,5.317,H,Qual banda é formada por um padre? É o Tchan! Com Padre Washington.,1,0,0.496337890625,-0.703125,-1.199462890625,0.7684292197227478,0.231570765376091,False
4.158.H,4.158,H,Uma mulher estava indecisa entre comprar uma blusa azul e uma vermelha. Acabou por levar a vermelha. Qual é o filme? Largou a azul.,1,1,-1.5126953125,1.521484375,3.0341796875,0.04590541869401932,0.954094648361206,True
5.1050.H,5.1050,H,Qual a serie de anime que louva o tabaco? Charuto.,1,0,3.46875,-4.46875,-7.9375,0.9996429681777954,0.0003569705877453089,False
5.1000.H,5.1000,H,Qual cantora tentou adotar Jesus Cristo? Dê-me o Louvado.,1,1,-1.9833984375,1.7255859375,3.708984375,0.02391638606786728,0.9760836362838745,True
5.1475.H,5.1475,H,Qual pico mais gelado que existe? O pico lé.,1,0,0.2366943359375,-0.45068359375,-0.6873779296875,0.6653833985328674,0.33461663126945496,False
4.51.N,4.51,N,Como se encontra um cego numa praia de nudistas? Está vestido.,0,0,3.533203125,-4.375,-7.908203125,0.9996323585510254,0.00036757951602339745,True
4.90.H,4.90,H,"Como é que se diz ""copia bem"" em inglês? Copyright.",1,0,3.310546875,-4.171875,-7.482421875,0.9994373917579651,0.0005625758203677833,False
5.782.N,5.782,N,Qual a tartaruga ninja que mais gosta de dormir? O Leonardo.,0,0,3.595703125,-4.05078125,-7.646484375,0.9995225667953491,0.00047749257646501064,True
5.3008.H,5.3008,H,O que o cara gripado faz quando está perto de um grupo de mulheres? Contamina.,1,1,-3.482421875,3.822265625,7.3046875,0.0006719278753735125,0.9993281364440918,True
5.1403.H,5.1403,H,Por que o próximo técnico da seleção ficará contra a parede? Porque ele é Pós-Tite.,1,1,-2.626953125,3.05859375,5.685546875,0.003383191302418709,0.996616780757904,True
5.1279.N,5.1279,N,Qual ator mirim não lava os dentes? MaCarie Culkin.,0,0,2.921875,-3.203125,-6.125,0.9978172779083252,0.002182716503739357,True
5.806.N,5.806,N,"Em qual época o Brasileiro foi mais magro? Na época do movimento "" Caras Pintadas "".",0,0,2.767578125,-3.474609375,-6.2421875,0.9980581402778625,0.0019418168812990189,True
5.2896.H,5.2896,H,Qual cantor só pode ser visto pela internet? Carlinhos Browser ,1,1,-4.51171875,4.4453125,8.95703125,0.00012881153088528663,0.9998711347579956,True
5.2507.N,5.2507,N,Qual é o aparelho que nunca para de mexer? A biruta.,0,0,2.62890625,-3.12109375,-5.75,0.9968273043632507,0.0031726828310638666,True
5.1974.H,5.1974,H,Por que o cara entrou com seu veículo no mar? Porque era car naval ,1,1,-3.916015625,3.951171875,7.8671875,0.0003829635970760137,0.9996169805526733,True
4.594.H,4.594,H,Porque é que o livro de matemática se suicidou? Tinha muitos problemas.,1,0,3.728515625,-4.46875,-8.197265625,0.9997246861457825,0.0002753298031166196,False
4.121.N,4.121,N,"Como é que se diz "" fim "" em japonês? Fimu.",0,0,2.908203125,-3.544921875,-6.453125,0.9984269142150879,0.0015731120947748423,True
5.2269.N,5.2269,N,Qual país em que todo mundo ta sempre na academia? Itália,0,0,3.986328125,-4.81640625,-8.802734375,0.9998496770858765,0.0001502988743595779,True
5.1001.N,5.1001,N,"O filho pediu para o pai levá-lo para ver boosa nova e o pai concordou . Qual é o nome da música? "" Eu sei que vou te amar...""",0,0,3.521484375,-4.0,-7.521484375,0.9994589686393738,0.0005410355515778065,True
4.159.H,4.159,H,Qual é o elemento químico mais comum nas discotecas? É o TUNGS! TUNGS! ténio.,1,1,-1.9697265625,2.083984375,4.0537109375,0.017061688005924225,0.9829383492469788,True
4.318.H,4.318,H,Vira-se um guitarrista para um baixista: Então o que fazes aqui por estas bandas?,1,0,3.46484375,-4.34375,-7.80859375,0.9995939135551453,0.0004060639475937933,False
5.1370.N,5.1370,N,Por que o marido e a esposa foram ao psicólogo? Porque estavam passando por uma fase difícil.,0,0,3.599609375,-4.5,-8.099609375,0.9996964931488037,0.0003035655536223203,True
5.358.N,5.358,N,Qual cidade incentiva o uso do tato? Curitiba.,0,0,3.666015625,-4.5390625,-8.205078125,0.9997268319129944,0.00027318773209117353,True
5.1620.H,5.1620,H,Qual é a comida que quase tirou nota dez? Strogonove.,1,0,4.08984375,-4.6640625,-8.75390625,0.9998421669006348,0.00015781863476149738,False
5.1001.H,5.1001,H,"O filho pediu para o pai levá-lo para ver tartarugas e o pai concordou. Qual é o nome da música? ""Eu sei que vou Tamar...""",1,1,-3.2109375,3.294921875,6.505859375,0.001492425100877881,0.998507559299469,True
4.480.H,4.480,H,"Como é que se diz ""surpresa"" em chinês? Chan-chan-chan-chan!",1,1,-1.9365234375,2.228515625,4.1650390625,0.015291642397642136,0.984708309173584,True
5.1570.H,5.1570,H,"Uma pessoa com o apelido Lu, foi para a padaria com suas duas irmãs Ana. Qual o nome da pessoa? Lu sem Anas",1,1,-3.69140625,3.87890625,7.5703125,0.0005152656813152134,0.999484658241272,True
4.565.N,4.565,N,Qual é o chocolate que só tem duas semanas de validade? O Kinder.,0,1,-2.359375,1.9013671875,4.2607421875,0.013915452174842358,0.986084520816803,False
5.2351.H,5.2351,H,Qual é o árbitro que expulsa as pessoas e elas nunca mais podem voltar? O BANdeirinha.,1,1,-2.814453125,3.076171875,5.890625,0.0027576221618801355,0.9972423315048218,True
4.324.H,4.324,H,Quais são as escadas que demoram mais a subir? São as escadas em caracol.,1,0,0.6533203125,-1.1982421875,-1.8515625,0.8643104434013367,0.13568954169750214,False
5.2938.H,5.2938,H,Qual é a comida do pássaro gigante que toca trompete? O alpistão.,1,0,2.072265625,-2.505859375,-4.578125,0.9898303151130676,0.01016965787857771,False
5.240.H,5.240,H,O Continente nao estava se sentindo bem. O que ele tinha? Ásia.,1,0,2.380859375,-2.677734375,-5.05859375,0.9936856627464294,0.006314365193247795,False
5.2912.H,5.2912,H,Qual é o prato de carne branca que nenhum cozinheiro acerta? Fracassei de Frango ,1,1,-3.177734375,3.02734375,6.205078125,0.002015082398429513,0.9979848861694336,True
5.1314.N,5.1314,N,Por que a manicure foi demitida? Porque ela estava chengando atrasada.,0,1,-1.0791015625,1.09765625,2.1767578125,0.10185714811086655,0.8981428742408752,False
5.2056.N,5.2056,N,Qual é o jogo da pessoa gripada? Overcooked,0,0,1.5869140625,-1.9775390625,-3.564453125,0.9724670648574829,0.027532940730452538,True
5.1849.H,5.1849,H,Qual a parte do corpo mais atrai senhoras? O umbingo.,1,1,-3.001953125,3.076171875,6.078125,0.0022872271947562695,0.9977127313613892,True
5.3651.N,5.3651,N,Qual anime foi baseado na versao brasileira de um futebolista mediamente famoso? Dragon Ball Z.,0,0,4.36328125,-4.81640625,-9.1796875,0.9998968839645386,0.00010310211655450985,True
4.695.N,4.695,N,"Qual é o contrário de "" extraordinário ""? Banal.",0,0,1.0517578125,-1.4619140625,-2.513671875,0.925094723701477,0.07490527629852295,True
5.2609.N,5.2609,N,O que o anão estava fazendo com a bola de futebol? Chutes.,0,0,3.40234375,-4.2421875,-7.64453125,0.9995216131210327,0.00047842561616562307,True
5.2895.H,5.2895,H,Qual cantor só vê notícias pela internet? Ig Pop ,1,1,-0.53857421875,0.329833984375,0.868408203125,0.29558566212654114,0.7044143676757812,True
5.1335.N,5.1335,N,Qual é o youtuber que mais economiza na luz? O Whindersson Nunes.,0,1,-3.5234375,3.56640625,7.08984375,0.0008328334661200643,0.9991672039031982,False
5.2751.N,5.2751,N,Qual aviamento não para quieto? Os botões,0,0,3.185546875,-4.171875,-7.357421875,0.9993625283241272,0.0006374341319315135,True
5.2009.N,5.2009,N,Nome do cara que não joga na linha? O goleiro,0,0,3.466796875,-4.359375,-7.826171875,0.9996010661125183,0.00039899128023535013,True
5.793.N,5.793,N,Qual a rede social mais usada pelas mulheres no Oriente Médio? Instagram.,0,0,3.955078125,-4.25,-8.205078125,0.9997268319129944,0.00027318773209117353,True
5.2210.H,5.2210,H,Qual é o filme dirigido por Jordan Peele e Sérgio Mallandro? CoRRÁ!,1,1,-3.623046875,3.76953125,7.392578125,0.0006154273287393153,0.9993845224380493,True
5.4025.H,5.4025,H,Nome de cervejaria em homenagem a um grande cantor brasileiro? CauBEER PeiCHOPPS.,1,1,-4.05859375,4.26953125,8.328125,0.00024156631843652576,0.9997584223747253,True
5.604.N,5.604,N,Qual é a loja que no ENEM só chutava a terceira e primeira alternativas? Renner.,0,0,4.15234375,-4.48046875,-8.6328125,0.9998218417167664,0.00017813108570408076,True
5.2259.N,5.2259,N,Qual a semelhança entre o trovão e a privada? Os dois vem sempre acompanhado de calor,0,1,-2.025390625,2.365234375,4.390625,0.012241274118423462,0.9877586960792542,False
5.1393.H,5.1393,H,Qual é a banda de pagode mais famosa no mundo dos animes? Sorriso Naruto.,1,1,-4.4609375,4.42578125,8.88671875,0.0001381933398079127,0.9998618364334106,True
4.477.N,4.477,N,"Perguntei a um francês se jogava videojogos . "" Oui "".",0,0,1.2978515625,-1.64453125,-2.9423828125,0.9499022960662842,0.050097767263650894,True
5.3119.H,5.3119,H,Qual o nome da mãe do super-herói que nunca vai em praia com águas geladas? Martha Kent.,1,0,3.203125,-3.453125,-6.65625,0.9987157583236694,0.0012843082658946514,False
5.806.H,5.806,H,"Em qual época o Brasileiro foi mais magro? Na época do movimento ""Dietas Já"".",1,0,2.765625,-3.53125,-6.296875,0.9981613755226135,0.001838665222749114,False
5.232.H,5.232,H,Qual é o perfume do zagueiro ruim? Mal beque.,1,1,-4.43359375,4.37890625,8.8125,0.00014883848780300468,0.9998511075973511,True
5.3511.N,5.3511,N,Qual ex-piloto era um índio pronto pro ataque? Nenhum.,0,0,3.498046875,-4.30859375,-7.806640625,0.999593198299408,0.0004068575508426875,True
4.283.N,4.283,N,Qual é o carro que consegue transportar mais porcos? É o Nissan Qashqai.,0,1,-1.935546875,1.923828125,3.859375,0.020645931363105774,0.9793540239334106,False
5.3537.N,5.3537,N,Qual rockeiro não come? É o Regime Hendrix.,0,1,-3.287109375,3.40234375,6.689453125,0.0012424173764884472,0.9987576007843018,False
5.3385.H,5.3385,H,Qual atriz tá com o demônio no corpo? Zezé Possessa.,1,0,4.3984375,-4.68359375,-9.08203125,0.9998862743377686,0.00011367750266799703,False
5.489.H,5.489,H,Qual piloto tem pacto com o Diabo? Exumacher.,1,1,-4.12890625,4.21875,8.34765625,0.00023689508088864386,0.9997630715370178,True
5.3231.H,5.3231,H,Por que o rapaz não mostrou os slides em sua apresentação na empresa? Porque ele Esxcel de levar.,1,1,-2.30859375,2.736328125,5.044921875,0.0064007299952209,0.9935992956161499,True
5.1837.N,5.1837,N,"O que o cachorro falou pro dono depois que tomou um esporro? Desculpa, você tem toda a razão.",0,0,3.376953125,-3.734375,-7.111328125,0.999184787273407,0.0008151457295753062,True
5.2362.H,5.2362,H,Qual é o tipo de gol que vale uma fortuna no mercado? Gold Letra.,1,1,-3.951171875,4.00390625,7.955078125,0.0003507527580950409,0.9996492862701416,True
5.150.N,5.150,N,"Qual a expressão que hora é de uma pessoa, hora é de todo mundo? Meu Deus.",0,0,3.767578125,-4.703125,-8.470703125,0.9997904896736145,0.0002094736264552921,True
5.3526.H,5.3526,H,O que fez o garçom militar? Serviu o exército.,1,0,4.09765625,-4.3515625,-8.44921875,0.9997859597206116,0.00021402176935225725,False
4.489.H,4.489,H,Hoje de manhã consegui empilhar catorze panquecas. Aquilo é que foi um pequeno-almoço equilibrado.,1,0,2.798828125,-3.275390625,-6.07421875,0.9977038502693176,0.002296159043908119,False
4.203.N,4.203,N,Comprei uns sapatos com lâmpadas LED na sola . Pode-se dizer que emitem luz led.,0,0,1.4443359375,-1.5849609375,-3.029296875,0.953880250453949,0.046119749546051025,True
4.277.N,4.277,N,Como é que os alpinistas se cumprimentam? Como é que é!,0,0,3.337890625,-3.58984375,-6.927734375,0.9990206956863403,0.0009792591445147991,True
5.3670.H,5.3670,H,Qual país que as pessoas não tem o dedo polegar? SenLegal.s,1,1,-3.947265625,3.974609375,7.921875,0.0003625900426413864,0.9996373653411865,True
4.51.H,4.51,H,Como se encontra um cego numa praia de nudistas? Não é duro.,1,0,0.55615234375,-0.9736328125,-1.52978515625,0.8219748735427856,0.17802514135837555,False
5.1387.H,5.1387,H,Qual cantora escreveu Sitio do Picapau Amarelo? A Demi Lobato.,1,1,-3.974609375,4.1328125,8.107421875,0.0003012038941960782,0.9996988773345947,True
4.58.N,4.58,N,O que são cinco heróis coloridos num jardim? São os Flower Rangers.,0,0,3.953125,-4.109375,-8.0625,0.9996849298477173,0.00031503866193816066,True
5.2977.N,5.2977,N,Qual escola só tem negão criança? Negro é tudo júnior.,0,1,-2.0078125,2.263671875,4.271484375,0.013768816366791725,0.9862311482429504,False
4.100.N,4.100,N,A Anabela estava com prisão de ventre mas mesmo assim foi à sanita . Qual é o filme? Tentação.,0,0,4.4375,-4.671875,-9.109375,0.9998893737792969,0.00011061159602832049,True
4.663.N,4.663,N,Por que é que a professora usa óculos escuros na aula? Porque os seus olhos são sensiveis.,0,0,2.884765625,-3.1796875,-6.064453125,0.9976813793182373,0.0023186402395367622,True
5.3509.H,5.3509,H,Qual é o cantor que tem problemas respiratórios? Erasma Carlos.,1,0,4.19921875,-4.375,-8.57421875,0.9998111128807068,0.00018887831538449973,False
5.3058.N,5.3058,N,Qual assassino possui um vasto conhecimento? John Wick.,0,0,3.576171875,-3.9765625,-7.552734375,0.9994756579399109,0.0005243983468972147,True
4.151.N,4.151,N,Qual é a sobremesa que nunca sai direita? É a pavlova.,0,0,3.130859375,-3.921875,-7.052734375,0.9991357922554016,0.0008642927277833223,True
3.14.N,3.14,N,Por que as plantas pequenas não falam? Porque elas são plantas.,0,0,4.19140625,-4.65234375,-8.84375,0.9998557567596436,0.00014425987319555134,True
5.3664.H,5.3664,H,Em qual faculdade o negão só entrava pelado? Nutição.,1,1,-3.712890625,3.810546875,7.5234375,0.000539980421308428,0.9994600415229797,True
5.2362.N,5.2362,N,Qual é o tipo de gol que vale uma fortuna no mercado? Gol de letra.,0,1,-2.345703125,2.46484375,4.810546875,0.00807762611657381,0.9919223785400391,False
5.724.H,5.724,H,Por que o 14 é melhor que o 15? Porque ele é fortinho.,1,1,-2.56640625,2.705078125,5.271484375,0.005109737627208233,0.9948902130126953,True
5.2014.H,5.2014,H,Em que parte do casa todos se encontram? Na área de ser visto ,1,0,3.087890625,-3.46875,-6.556640625,0.9985814094543457,0.0014186347834765911,False
5.1009.H,5.1009,H,O que o 7 perguntou pro amigo dele? Cê vem?,1,0,4.15625,-4.4296875,-8.5859375,0.9998133778572083,0.00018667822587303817,False
5.3010.N,5.3010,N,Qual cantor é fera em matemática? Carlos Drummond de Andrade.,0,0,4.39453125,-4.65234375,-9.046875,0.9998822212219238,0.00011774458835134283,True
5.912.H,5.912,H,Qual é a parte do computador que não é do bem? O mouse.,1,0,3.330078125,-4.26953125,-7.599609375,0.9994995594024658,0.0005003964179195464,False
5.1593.N,5.1593,N,Qual é o filme da Xuxa que se passa em um bosque? Xuxa e os Duendes.,0,0,3.931640625,-4.296875,-8.228515625,0.9997331500053406,0.0002668610541149974,True
5.3703.N,5.3703,N,Que atriz trabalha como lixeira? Mia Goth.,0,0,1.654296875,-1.802734375,-3.45703125,0.9694401025772095,0.03055986389517784,True
5.2951.N,5.2951,N,Qual é o personagem de Chaves que gosta de ficar rodando bolas? O Professor Gira Falos.,0,1,-4.25,4.25390625,8.50390625,0.00020263406622689217,0.9997974038124084,False
5.3169.H,5.3169,H,Que rainha rosna como música? Queen Lati Fa.,1,1,-3.673828125,3.87109375,7.544921875,0.0005285091465339065,0.9994714856147766,True
5.2468.N,5.2468,N,Qual é o Rapper que toca sempre as mesmas músicas? Soulja Boy.,0,1,-3.95703125,3.845703125,7.802734375,0.00040844923933036625,0.9995915293693542,False
5.184.H,5.184,H,Qual é o cantor que acha tudo um exagero? Agnaldo Too Much.,1,1,-3.9296875,4.0546875,7.984375,0.0003406293108128011,0.9996594190597534,True
4.318.N,4.318,N,Vira-se um guitarrista para um baixista: Então o que fazes aqui por estas paragens?,0,0,3.7734375,-4.3671875,-8.140625,0.9997085928916931,0.00029137005913071334,True
4.528.N,4.528,N,Como é que os professores de matemática se mantêm em forma? Com exercício.,0,0,3.66796875,-4.6171875,-8.28515625,0.9997478127479553,0.0002521696442272514,True
5.663.N,5.663,N,Por que tem eleição no mundo das aves? Porque a águia.,0,1,-3.19140625,3.265625,6.45703125,0.0015669887652620673,0.9984330534934998,False
5.3300.N,5.3300,N,Qual é o animal que regurgita muito? Mosca.,0,0,3.703125,-4.55078125,-8.25390625,0.9997398257255554,0.0002601723244879395,True
5.808.H,5.808,H,Por que o caminhão pipa só andava com as rodas de trás?  Porque ele gostava de empinar.,1,0,1.7998046875,-2.314453125,-4.1142578125,0.9839245080947876,0.016075419262051582,False
5.2595.H,5.2595,H,Qual animal que gosta muito de você? Lheama.,1,1,-4.08984375,4.3671875,8.45703125,0.00021235659369267523,0.9997876286506653,True
5.1595.H,5.1595,H,O que acontece quando uma turma de cegos se forma? Um braille de formatura,1,1,-3.7890625,4.14453125,7.93359375,0.0003583672805689275,0.9996416568756104,True
5.2366.N,5.2366,N,Qual é o esporte não recomendado a quem tem pressão alta? Futebol.,0,0,3.435546875,-4.35546875,-7.791015625,0.9995867609977722,0.0004132619360461831,True
5.3492.H,5.3492,H,"Qual a banda que, quando nasceu, era alimentada por criminosas? Mamou nas assassinas.",1,1,-1.478515625,1.294921875,2.7734375,0.058776553720235825,0.9412234425544739,True
5.2412.H,5.2412,H,"Qual é o doce que luta artes marciais? A ""iá!"" Benta",1,1,-0.6318359375,0.705078125,1.3369140625,0.2080179899930954,0.7919820547103882,True
4.245.N,4.245,N,Que se diz a um homem que via mas agora já não vê? Tu vias.,0,0,2.2890625,-2.94140625,-5.23046875,0.9946774244308472,0.005322535056620836,True
5.3597.N,5.3597,N,Qual atriz cômica tem mania de reparar do pescoço das pessoas? Tara ver neck.,0,1,-4.2109375,4.18359375,8.39453125,0.00022604932019021362,0.9997739195823669,False
5.3145.H,5.3145,H,Qual a comida preferida do paciente com Ebola? É bolacha.,1,0,3.357421875,-4.09765625,-7.455078125,0.9994218349456787,0.0005781620275229216,False
4.150.H,4.150,H,Qual é a temperatura de um leão morto? 360º. Porque ele é uma ex-fera.,1,1,-2.86328125,3.275390625,6.138671875,0.002153141191229224,0.9978468418121338,True
4.103.N,4.103,N,Qual é a única coisa que se faz sempre em numeração romana? MCLXIV.,0,1,-1.0859375,1.3583984375,2.4443359375,0.07985373586416245,0.9201462268829346,False
5.2952.N,5.2952,N,Qual é o nome do programa que o Sílvio Santos passou a fazer no parque? Roda a Roda Jetski.,0,1,-3.357421875,3.62890625,6.986328125,0.0009235807810910046,0.9990763664245605,False
5.3154.H,5.3154,H,Qual carro não pode faltar no feijão? Fiat Paio.,1,1,-3.126953125,3.07421875,6.201171875,0.002022953238338232,0.997977077960968,True
5.3494.H,5.3494,H,Qual o programa favorito do proctologista? Programa do Retinho.,1,1,-2.93359375,3.123046875,6.056640625,0.0023367826361209154,0.9976632595062256,True
5.71.N,5.71,N,Qual é o cachorro que mergulha muito? Setter Irlandês.,0,1,-4.07421875,4.12890625,8.203125,0.00027372167096473277,0.9997262358665466,False
4.611.H,4.611,H,"Como se diz ""tripa de boi"" em espanhol? Intestino del gado.",1,1,-3.779296875,3.9296875,7.708984375,0.00044857567991130054,0.9995513558387756,True
5.1158.H,5.1158,H,Qual o presidente que foi beber água e não achou nada? Marechal Deodoro da Fonte Seca.,1,1,-4.15625,4.2109375,8.3671875,0.0002323141961824149,0.9997677206993103,True
5.1220.N,5.1220,N,Por que só vou à restaurante Self Service? Porque tem tudo aquilo que eu gosto.,0,0,3.712890625,-4.12109375,-7.833984375,0.9996041655540466,0.0003958875604439527,True
5.2166.N,5.2166,N,Qual cantor era lobisomem? O Wando,0,0,3.26171875,-3.5859375,-6.84765625,0.9989392161369324,0.0010608151787891984,True
5.1783.H,5.1783,H,Por que os Vikings em Far Cry não andam de taxi? Porque viking vai por uber.,1,1,-4.16015625,4.27734375,8.4375,0.00021654405281879008,0.999783456325531,True
4.71.N,4.71,N,Porque é que uma mulher pediu a noz-moscada ao filho na cozinha? Porque não tinha canela para pôr no bolo.,0,1,-0.88134765625,0.404052734375,1.285400390625,0.21663236618041992,0.7833676338195801,False
5.555.H,5.555,H,Qual o sanduíche preferido da turma do Chaves? X-pirito.,1,1,-3.48046875,3.375,6.85546875,0.001052568550221622,0.9989474415779114,True
4.356.H,4.356,H,O Rodolfo adoeceu e o Pai Natal não vai conseguir entregar as prendas. Teve uma insuficiência renal.,1,0,1.8369140625,-2.306640625,-4.1435546875,0.9843814373016357,0.015618542209267616,False
4.733.H,4.733,H,Há anos que procurava um cavalo que bebesse vinho. Para encontrar um foi preciso ir a cascos de rolha.,1,1,-3.6796875,3.78515625,7.46484375,0.0005725466180592775,0.9994274377822876,True
5.1344.N,5.1344,N,Qual herói ajudou Frodo em sua jornada? O Aragorn.,0,0,2.841796875,-3.068359375,-5.91015625,0.9972955584526062,0.0027044296730309725,True
5.3586.N,5.3586,N,Por que quando chove pedra elas caem todas certinhas? Porque é bonito.,0,0,3.470703125,-4.3984375,-7.869140625,0.9996178150177002,0.00038221667637117207,True
4.276.H,4.276,H,Uma mulher tropeça e cai em cima de um cão. Qual é o filme? Senta em um dálmata.,1,1,-3.29296875,3.451171875,6.744140625,0.0011763748480007052,0.9988235831260681,True
5.3060.H,5.3060,H,Qual o nome do assassino voador? Alexandre Nadrone.,1,1,-1.2412109375,1.1669921875,2.408203125,0.08254930377006531,0.9174507260322571,True
5.1870.N,5.1870,N,O que você precisa fazer quando perde a senha? Recorrer a recuperação de senha.,0,0,3.068359375,-3.330078125,-6.3984375,0.9983385801315308,0.0016613906482234597,True
5.418.H,5.418,H,Quantos chocolates são necessários para voar? 14 bis,1,0,2.9296875,-4.03125,-6.9609375,0.9990527033805847,0.0009473090176470578,False
4.193.N,4.193,N,"Hoje, vinte mulheres convidaram-me a sair do WC . Nunca mais entro no WC das mulheres.",0,0,2.443359375,-3.00390625,-5.447265625,0.9957103729248047,0.004289588425308466,True
1.5.H,1.5,H,Por que a galinha bateu a cabeça contra a parede? Para ficar com um galo.,1,0,0.8740234375,-1.3916015625,-2.265625,0.9059898257255554,0.09401018172502518,False
5.239.N,5.239,N,O que o cantor sertanejo foi fazer no RH? Foi ser demitido por incompetência.,0,0,3.44921875,-4.3828125,-7.83203125,0.9996033310890198,0.0003966611984651536,True
5.2142.H,5.2142,H,Por que os jogadores de vôlei estão sempre no foco da notícia? Porque eles são bons na manchete ,1,0,3.5625,-4.5078125,-8.0703125,0.9996874332427979,0.0003125878283753991,False
4.531.H,4.531,H,Porque é que a Lassie ganiu? Porque estava cheia de collie-cas.,1,1,-3.509765625,3.779296875,7.2890625,0.0006825019372627139,0.9993175268173218,True
4.261.N,4.261,N,Porque é que os meninos não jogam voleibol? Porque têm medo da rede.,0,1,-0.77392578125,0.70458984375,1.478515625,0.1856517344713211,0.8143482804298401,False
4.96.H,4.96,H,Que nome se dá a um cacto engraçado? Ri-cardo.,1,1,-4.33203125,4.5234375,8.85546875,0.00014257943257689476,0.9998574256896973,True
5.2294.H,5.2294,H,Qual o astrônomo que tinha muita espinha? IsaAC NEwton,1,1,-2.087890625,2.16015625,4.248046875,0.014090734533965588,0.9859092831611633,True
4.125.N,4.125,N,O que é que os russos dizem quando mandam uma bola ao cão? Vai!,0,0,3.986328125,-4.44140625,-8.427734375,0.9997813105583191,0.0002186686178902164,True
5.704.H,5.704,H,Qual cerveja é comum nos navios? Skol Tilha.,1,1,-3.375,3.498046875,6.873046875,0.0010342469904571772,0.9989657402038574,True
5.2779.H,5.2779,H,Qual inseto toma muito chá? Marimboldo,1,1,-3.517578125,3.427734375,6.9453125,0.0009622126235626638,0.9990378618240356,True
5.2226.N,5.2226,N,Por que se ouvia uma nota quando neandertal batia em suas presas? Porque usava uma pedra,0,0,3.310546875,-4.23046875,-7.541015625,0.9994694590568542,0.0005305765080265701,True
4.198.H,4.198,H,"Porque é que a febre tifóide é tão perigosa? Porque ou tu a curas, ou ela tifóide mesmo.",1,1,-3.89453125,3.984375,7.87890625,0.00037850363878533244,0.9996215105056763,True
4.370.H,4.370,H,"É boa ideia comprar um relógio em forma de peixe? Não, é uma perca de tempo.",1,0,1.9072265625,-2.380859375,-4.2880859375,0.9864547252655029,0.01354518998414278,False
5.1049.N,5.1049,N,Qual bebiba te dá superpoder? Energético.,0,0,2.990234375,-3.640625,-6.630859375,0.9986826777458191,0.001317291520535946,True
4.696.H,4.696,H,"Acabei de comprar um livro chamado ""Caminhadas para Totós"". É um guia passo a passo.",1,1,-1.748046875,1.5185546875,3.2666015625,0.036734893918037415,0.9632651209831238,True
5.2597.H,5.2597,H,Qual seria a profissão perfeita para o Tony Tornado? Promotor de eVENTOS.,1,0,3.83203125,-4.3671875,-8.19921875,0.9997251629829407,0.0002747926628217101,False
5.3224.N,5.3224,N,Qual comediante comentou sobre a Páscoa em seu texto? Leandro Hassum.,0,0,4.33984375,-4.8515625,-9.19140625,0.9998980760574341,0.00010190107423113659,True
5.636.H,5.636,H,Qual a parte do corpo favorita do Muralha? Es toma gol.,1,1,-4.171875,4.36328125,8.53515625,0.0001964008843060583,0.9998036026954651,True
5.2225.H,5.2225,H,Por que a mulher chorou muito quando roubaram uma de suas joias? Porque foi uma Perda Preciosa,1,1,-2.46484375,2.93359375,5.3984375,0.004503272473812103,0.9954967498779297,True
5.1335.H,5.1335,H,Qual é o youtuber que mais economiza na luz? O Jovem Led.,1,1,-2.578125,2.7734375,5.3515625,0.004718369338661432,0.9952816367149353,True
4.457.H,4.457,H,Ontem fui ao zoo e vi a minha empregada doméstica numa jaula. O gajo do zoo disse-me que era criada em cativeiro.,1,0,1.908203125,-2.291015625,-4.19921875,0.9852146506309509,0.014785408973693848,False
5.2603.H,5.2603,H,Qual cantor enxergava tudo o que o professor escreve em sala de aula? Caetano Vê Lousa.,1,1,-4.25390625,4.53125,8.78515625,0.0001529638102510944,0.9998470544815063,True
5.3434.N,5.3434,N,Por que o Faustão quer que você coloque o Plinio no seu devido lugar? Pra que tu reclames do Plinio.,0,0,0.34814453125,-0.42041015625,-0.7685546875,0.683208167552948,0.3167918622493744,True
4.615.N,4.615,N,"A eletricidade está tão cara, tão cara, que a EDP decidiu mudar o nome para Luz de Ouro.",0,0,0.1585693359375,-0.1761474609375,-0.334716796875,0.5829066038131714,0.4170933663845062,True
5.53.H,5.53,H,Como são classificados os gatos e cachorros no México? Animais do México.,1,0,3.4609375,-4.0078125,-7.46875,0.9994296431541443,0.0005703156930394471,False
5.2155.H,5.2155,H,"Qual o filme preferido do Kiko? Harry Potter e o Cálice Cálice Cálice, você me deixa looouco! ",1,1,-3.146484375,3.154296875,6.30078125,0.0018315102206543088,0.9981684684753418,True
4.698.N,4.698,N,Qual é a semelhança entre o sol e um avô? Ambos fazem qualquer coisa bonita.,0,0,1.1484375,-1.4306640625,-2.5791015625,0.92950439453125,0.07049557566642761,True
5.1220.H,5.1220,H,Por que só vou à restaurante Self Service? Porque tem tudo a Kilo que eu gosto.,1,1,-3.759765625,3.5546875,7.314453125,0.0006654022727161646,0.9993345141410828,True
5.572.N,5.572,N,Qual escritor tem vitiligo? Jorge Amado.,0,0,4.5078125,-4.83984375,-9.34765625,0.9999128580093384,8.716188312973827e-05,True
5.3164.H,5.3164,H,Qual pintor estava sempre bêbado? Van Grogue.,1,0,3.814453125,-4.1171875,-7.931640625,0.999640941619873,0.0003590676642488688,False
5.2410.H,5.2410,H,"Como os cachorros chineses dizem ""oi""? ""NihAU"".",1,0,0.419189453125,-0.54833984375,-0.967529296875,0.7246267199516296,0.2753732204437256,False
4.327.H,4.327,H,Qual é a panela que se usa quando se está triste? Depressão.,1,0,3.279296875,-4.1171875,-7.396484375,0.9993869066238403,0.0006130294059403241,False
4.296.N,4.296,N,O que diz um actor para outro? Tens um andar tão lindo ...,0,0,1.7666015625,-2.025390625,-3.7919921875,0.9779467582702637,0.022053316235542297,True
5.1222.N,5.1222,N,Qual o jornalista esportivo mais inteligente? Galvão Bueno.,0,0,4.39453125,-4.8671875,-9.26171875,0.999904990196228,9.49828972807154e-05,True
4.425.N,4.425,N,"Qual é o cão mais fixe? O pastor alemão, porque tem muita pinta.",0,0,1.8251953125,-2.251953125,-4.0771484375,0.9833269715309143,0.016673045232892036,True
5.3586.H,5.3586,H,Por que quando chove pedra elas caem todas certinhas? Porque eu organizo.,1,0,3.380859375,-4.36328125,-7.744140625,0.9995668530464172,0.00043308618478477,False
5.1616.N,5.1616,N,Qual é a pacifista que é um gênio da matemática? Sophie Germain.,0,0,3.431640625,-3.736328125,-7.16796875,0.9992296695709229,0.0007702932343818247,True
5.3154.N,5.3154,N,Qual carro não pode faltar no feijão? Fusca.,0,0,3.982421875,-4.67578125,-8.658203125,0.9998263716697693,0.00017366596148349345,True
5.1361.H,5.1361,H,Qual é o melhor legume que existe? A Better raba.,1,1,-4.38671875,4.56640625,8.953125,0.00012931563833262771,0.9998706579208374,True
5.3911.N,5.3911,N,Qual a cidade as pessoas rezam e fazem artesanato? Em Budas Artes.,0,1,-3.1796875,3.318359375,6.498046875,0.0015041126171126962,0.9984959363937378,False
5.2760.H,5.2760,H,Qual o grupo musical favorito dos leões? Ruge.,1,1,-2.921875,3.076171875,5.998046875,0.0024774454068392515,0.9975225329399109,True
4.733.N,4.733,N,Há anos que procurava um Homem  que bebesse vinho . Para encontrar um foi preciso Ir perguntar .,0,1,-1.4814453125,1.5087890625,2.990234375,0.0478690080344677,0.9521309733390808,False
4.708.H,4.708,H,Qual é a cantora preferida dos cirurgiões? É a Anastasia.,1,0,2.119140625,-2.5,-4.619140625,0.9902350902557373,0.009764972142875195,False
4.253.N,4.253,N,Porque é que os polícias não gostam de sabão? Porque preferem sabonete.,0,0,3.265625,-4.11328125,-7.37890625,0.999376118183136,0.0006238938658498228,True
5.2789.H,5.2789,H,por que o beta não avança no relacionamento? porque se não ele gama. ,1,1,-2.966796875,3.048828125,6.015625,0.0024343819823116064,0.9975656270980835,True
5.2343.H,5.2343,H,Qual jornalista esportivo é ainda adolescente? TEENo Marcos.,1,1,-4.10546875,4.25,8.35546875,0.00023505199351347983,0.9997649788856506,True
5.3511.H,5.3511,H,Qual ex-piloto era um índio pronto pro ataque? Mim Ka Salo.,1,1,-4.2421875,4.17578125,8.41796875,0.000220814035856165,0.9997791647911072,True
5.3997.H,5.3997,H,Qual a primeira menstruação bíblica? A Menarca de Noé.,1,1,-3.01171875,3.130859375,6.142578125,0.00214476534165442,0.9978552460670471,True
5.3668.N,5.3668,N,Por que o frango caipira não tem problemas jurídicos de identidade? Porque ele não tem hormônios.,0,0,3.88671875,-4.7578125,-8.64453125,0.9998239874839783,0.00017605620087124407,True
5.429.H,5.429,H,Qual o chocolate que dá mais energia? Choquito.,1,1,-4.203125,4.19921875,8.40234375,0.00022429059026762843,0.9997757077217102,True
4.362.H,4.362,H,"Uma família estava perdida no deserto há mais de dois meses, até que encontraram um rio onde todos tomaram banho, exceto a avó. Qual é o filme? A avó tá imunda há 80 dias.",1,0,2.1953125,-2.537109375,-4.732421875,0.9912716746330261,0.008728266693651676,False
5.426.H,5.426,H,Qual criatura mitológica criou um calendário só com 11 signos? Menostouro.,1,1,-3.44140625,3.578125,7.01953125,0.0008934456272982061,0.9991065859794617,True
5.591.H,5.591,H,Qual cerveja é exclusiva do Rio de Janeiro? Schincarioca.,1,1,-3.2421875,3.26953125,6.51171875,0.0014837189810350537,0.9985162615776062,True
5.3529.N,5.3529,N,Que estilo de filme tem dois atores se esfregando? Pornô.,0,0,3.400390625,-4.37109375,-7.771484375,0.9995785355567932,0.00042140932055190206,True
5.3431.N,5.3431,N,Qual cidade espanhola preferida pelo Faustão? Barcelona nos Trinta.,0,1,-3.1015625,3.552734375,6.654296875,0.0012868157355114818,0.9987131357192993,False
4.151.H,4.151,H,Qual é a sobremesa que nunca sai direita? É a torta.,1,0,3.107421875,-3.908203125,-7.015625,0.9991030693054199,0.0008969393093138933,False
5.3958.N,5.3958,N,Qual o sorvete favorito dos escoceses? Whisky na neve.,0,1,-0.470458984375,0.3134765625,0.783935546875,0.31347230076789856,0.6865277290344238,False
4.543.H,4.543,H,Em que unidades se medem os cães? Em pulgadas.,1,1,-3.220703125,3.080078125,6.30078125,0.0018315102206543088,0.9981684684753418,True
5.848.N,5.848,N,Qual personagem da Disney que ninguém gosta? Jafar.,0,0,3.775390625,-4.1015625,-7.876953125,0.9996206760406494,0.0003792433417402208,True
4.724.H,4.724,H,"Como é que se diz ""abacate"" no Brasil? Abacaxi.",1,0,3.552734375,-4.24609375,-7.798828125,0.9995899796485901,0.0004100472142454237,False
5.3379.H,5.3379,H,"Qual atriz que mesmo sem companhia, nunca anda sozinha? Uma Thurman.",1,0,3.548828125,-3.806640625,-7.35546875,0.9993613362312317,0.000638679601252079,False
5.3834.N,5.3834,N,Qual o ex desgraçado que se empanturra na fazenda? Ex Como um Gado.,0,1,-1.9150390625,2.291015625,4.2060546875,0.01468615885823965,0.9853138327598572,False
5.30.H,5.30,H,Por que o elefante não pega fogo? Porque ele é cinza.,1,0,3.130859375,-3.6171875,-6.748046875,0.9988282322883606,0.001171794137917459,False
4.464.H,4.464,H,Onde se encontram os piores restaurantes italianos? Massamá.,1,1,-3.4140625,3.533203125,6.947265625,0.0009603368234820664,0.9990395903587341,True
5.2687.N,5.2687,N,Qual é a banda que não toca em bares nem em praças? Incubus,0,0,1.759765625,-2.05859375,-3.818359375,0.9785082340240479,0.02149176597595215,True
4.229.H,4.229,H,A minha amiga asiática ficou doente. Mas eu Coreia.,1,0,0.33544921875,-0.334716796875,-0.670166015625,0.6615403294563293,0.33845967054367065,False
5.2294.N,5.2294,N,Qual o astrônomo que tinha muita espinha? Newton,0,0,3.501953125,-4.4375,-7.939453125,0.9996436834335327,0.00035627433680929244,True
4.485.H,4.485,H,Há duas formas de os deputados saírem do parlamento: Há com boleia e Assembleia.,1,1,-4.0,4.109375,8.109375,0.00030061634606681764,0.9996993541717529,True
5.4006.N,5.4006,N,Por que Caim matou Abel? Porque Abel era obediente.,0,0,4.0703125,-4.3671875,-8.4375,0.999783456325531,0.00021654405281879008,True
4.290.H,4.290,H,Como é que o Camões ficou zarolho? A mãe estava a cozinhar e disse-lhe: Luís vou ali à loja. Deita-me aí um olho na comida.,1,1,-0.379150390625,0.0767822265625,0.4559326171875,0.38795116543769836,0.612048864364624,True
5.2824.N,5.2824,N,Como o Batman dorme? De lado,0,0,3.5390625,-3.962890625,-7.501953125,0.9994482398033142,0.0005517006502486765,True
5.1370.H,5.1370,H,Por que o Mario e o Luigi foram ao psicólogo? Porque estavam passando por uma fase difícil.,1,0,3.365234375,-4.40625,-7.771484375,0.9995785355567932,0.00042140932055190206,False
5.3997.N,5.3997,N,Qual a primeira menstruação bíblica? A de Eva.,0,0,3.392578125,-3.775390625,-7.16796875,0.9992296695709229,0.0007702932343818247,True
4.646.N,4.646,N,Qual é a rocha preferida nos relógios . O quartzo.,0,0,3.916015625,-4.35546875,-8.271484375,0.9997443556785583,0.0002556400722824037,True
4.741.H,4.741,H,Por que é que os pugilistas não conseguem pescar? Porque têm a cana partida.,1,1,-4.41015625,4.28125,8.69140625,0.00016799535660538822,0.999832034111023,True
5.1591.H,5.1591,H,Qual é o filme em que um salgado lidera um exército em busca da vitória? Croissant Valente.,1,1,-1.59375,1.5927734375,3.1865234375,0.039676032960414886,0.9603239297866821,True
5.4025.N,5.4025,N,Nome de cervejaria em homenagem a um grande cantor brasileiro? Capitão Bock.,0,1,-4.11328125,4.08984375,8.203125,0.00027372167096473277,0.9997262358665466,False
5.3103.H,5.3103,H,Doença comum nos detergentes? Sapólio mielite.,1,1,-3.8203125,3.9375,7.7578125,0.00042720790952444077,0.9995728135108948,True
5.3010.H,5.3010,H,Qual cantor é fera em matemática? Carlos Kumon de Andrade.,1,1,-0.2132568359375,0.0302734375,0.2435302734375,0.4394165575504303,0.5605834722518921,True
5.999.H,5.999,H,Qual desodorante ajuda a ir para o céu? Is pray.,1,1,-2.533203125,2.658203125,5.19140625,0.005533387418836355,0.9944666028022766,True
5.3355.H,5.3355,H,O que mais excita o fazendeiro ? EmpôlGado no Pasto.,1,1,-3.8359375,3.96484375,7.80078125,0.00040924749919213355,0.9995908141136169,True
5.3601.N,5.3601,N,Qual cantora que mais tem acnes? Britney.,0,0,3.7265625,-4.1796875,-7.90625,0.9996316432952881,0.000368297885870561,True
4.500.H,4.500,H,Porque é que o Voldemort tem Instagram mas não tem Facebook? Porque ele prefere ter seguidores em vez de amigos.,1,0,3.2890625,-3.892578125,-7.181640625,0.9992401599884033,0.0007598414085805416,False
5.537.N,5.537,N,Onde se guardam as pequenas coisas? No armário do banheiro.,0,0,3.55078125,-4.4453125,-7.99609375,0.9996633529663086,0.0003366621967870742,True
5.350.H,5.350,H,Qual o dinossauro que faz sequestros rápidos? O Velocirapto.,1,1,-3.75390625,3.69140625,7.4453125,0.0005838325014337897,0.9994162321090698,True
4.397.H,4.397,H,Porque é que os portugueses emigram para o Canadá? Porque cánadá.,1,1,-4.40234375,4.46875,8.87109375,0.00014036924403626472,0.9998595714569092,True
1.2.H,1.2,H,Nós chamamos de meio ambiente porque já destruímos metade?,1,1,-1.064453125,1.3671875,2.431640625,0.08079154044389725,0.9192084670066833,True
5.2366.H,5.2366,H,Qual é o esporte não recomendado a quem tem pressão alta? FutSAL.,1,1,-4.1875,4.0234375,8.2109375,0.00027159214369021356,0.9997283816337585,True
5.2059.N,5.2059,N,Qual é o vírus baixa renda? Corona vírus,0,1,-2.669921875,2.630859375,5.30078125,0.004962942097336054,0.9950370192527771,False
5.1107.N,5.1107,N,Qual filósofo sofreu de um exorcismo? O Demócrito.,0,0,3.060546875,-3.564453125,-6.625,0.9986749291419983,0.001325022429227829,True
5.2196.H,5.2196,H,Qual é o Personagem histórico favorito do bode? Pedro Álvares Cabral ,1,0,3.921875,-4.328125,-8.25,0.9997387528419495,0.0002611903182696551,False
4.531.N,4.531,N,Porque é que a Lassie ganiu? Porque estava cheia de dores.,0,0,2.796875,-3.615234375,-6.412109375,0.9983611702919006,0.0016388678923249245,True
4.457.N,4.457,N,Ontem fui ao zoo e vi a minha cobra doméstica numa jaula . O gajo do zoo disse-me que era criada em cativeiro.,0,0,2.34765625,-2.68359375,-5.03125,0.9935117363929749,0.006488270126283169,True
5.30.N,5.30,N,Por que o elefante não pega fogo? Porque ele é branco.,0,0,3.92578125,-4.67578125,-8.6015625,0.9998162388801575,0.00018378454842604697,True
5.56.N,5.56,N,Qual creme de barbear parece um esperma? Nivea.,0,0,4.3046875,-4.7890625,-9.09375,0.9998875856399536,0.00011235326383030042,True
1.2.N,1.2,N,Nós chamamos de meio ambiente porque já destruímos os lados?,0,1,-1.455078125,1.650390625,3.10546875,0.04288223758339882,0.9571177959442139,False
4.201.H,4.201,H,Era uma vez uma cidade onde quase todas as motos eram Yamaha. Qual é o filme? Poca Hondas.,1,1,-3.830078125,3.9765625,7.806640625,0.0004068575508426875,0.999593198299408,True
5.3211.H,5.3211,H,Qual o ator favorito do Thor? Odin Carrey.,1,1,-3.548828125,3.720703125,7.26953125,0.0006959536112844944,0.9993040561676025,True
4.288.H,4.288,H,Um homem foi apanhado a roubar um calendário. Apanhou 12 meses.,1,0,0.7060546875,-0.8779296875,-1.583984375,0.8297680616378784,0.17023193836212158,False
4.539.N,4.539,N,"Será que os meus amigos vão passar férias a países do médio oriente? Uns, sim . Os outros, não .",0,0,4.453125,-4.6640625,-9.1171875,0.9998902082443237,0.0001097509084502235,True
5.2689.H,5.2689,H,Renata voltou do médico com o braço furado. Qual é o acontecimento histórico? Rê volta da Vacina.,1,1,-3.384765625,3.751953125,7.13671875,0.0007947254925966263,0.9992052912712097,True
5.2789.N,5.2789,N,por que o beta não avança no relacionamento? porque se não ele se machuca.,0,0,2.96875,-3.642578125,-6.611328125,0.9986567497253418,0.0013432380510494113,True
5.1673.N,5.1673,N,Qual é o nome para se colocar na filha do salva-vidas? Maria.,0,0,3.921875,-4.5,-8.421875,0.999779999256134,0.00021995336282998323,True
5.2938.N,5.2938,N,Qual é a comida do pássaro gigante que toca trompete? O alpiste.,0,1,-3.7265625,4.05859375,7.78515625,0.00041568942833691835,0.9995842576026917,False
4.117.H,4.117,H,O que é que é de graça mas tem que se pagar? Os serviços de um palhaço.,1,0,3.736328125,-4.44140625,-8.177734375,0.9997192025184631,0.0002807586279232055,False
5.3922.H,5.3922,H,Qual o peido mais assustador? Poltergases.,1,1,-3.49609375,3.470703125,6.966796875,0.0009417797555215657,0.999058187007904,True
5.250.H,5.250,H,"Por que sempre depois que eu durmo à tarde, eu acordo com 1kg de arroz, de feijão, macarrão, açúcar e etc.? Porque foi uma siesta básica.",1,1,-3.27734375,3.1328125,6.41015625,0.0016420666361227632,0.9983579516410828,True
5.1046.H,5.1046,H,Qual o canal para fumantes infantis? Carlton Network.,1,1,-1.0751953125,0.82568359375,1.90087890625,0.13000904023647308,0.8699910044670105,True
5.2896.N,5.2896,N,Qual cantor só pode ser visto pela internet? Lucas Inutilismo,0,1,-4.01171875,4.125,8.13671875,0.000292510143481195,0.9997075200080872,False
4.428.N,4.428,N,Eu sempre quis comprar um cavalo . Por isso fui a uma quinta e pedi um orçamento.,0,0,3.60546875,-3.951171875,-7.556640625,0.9994776844978333,0.0005223550251685083,True
5.405.N,5.405,N,Onde ficam as maiores dúvidas dos dentistas? Na cabeça.,0,0,3.404296875,-4.01171875,-7.416015625,0.9993988275527954,0.0006011794903315604,True
4.398.N,4.398,N,"Era um vez um esquilo tão pequeno, tão pequeno, que em vez de chamar esquilo, chamava-se esquilinho.",0,0,2.76171875,-3.03515625,-5.796875,0.9969722032546997,0.003027834929525852,True
5.780.N,5.780,N,Qual a mulher que mais gostava de andar de avião? Simone de É Souza.,0,1,-0.193359375,0.1326904296875,0.3260498046875,0.41920205950737,0.5807979106903076,False
4.98.N,4.98,N,O que é um carro amarelo no trânsito? É um táxi.,0,0,3.314453125,-4.109375,-7.423828125,0.9994034767150879,0.0005965038435533643,True
4.433.N,4.433,N,Hoje descobri que a minha torradeira não é à prova de água . Fiquei surpreendido.,0,0,2.59765625,-3.265625,-5.86328125,0.997166097164154,0.002833849750459194,True
5.2458.N,5.2458,N,"Qual é a semelhança entre uma carta de amor de um ex-goleiro brasileiro e uma luta do Mike Tyson? Ambas podem acabar "" fim "".",0,1,-2.49609375,2.662109375,5.158203125,0.005719129927456379,0.9942809343338013,False
5.3379.N,5.3379,N,"Qual atriz que mesmo sem companhia, nunca anda sozinha? Fernanda Montenegro.",0,0,4.37109375,-4.734375,-9.10546875,0.9998888969421387,0.0001110444645746611,True
5.3460.H,5.3460,H,"Qual feriado religioso que não é nem pra preto, nem pra branco? Quarta freira de cinzas.",1,1,-3.388671875,3.6484375,7.037109375,0.0008778914343565702,0.9991220831871033,True
5.567.H,5.567,H,Que cantor caiu de cara na calçada? Milton No Cimento.,1,1,-3.75390625,4.13671875,7.890625,0.000374095601728186,0.9996259212493896,True
5.3008.N,5.3008,N,O que o cara gripado faz quando está perto de um grupo de doutoras? Contamina.,0,1,-3.5625,3.87109375,7.43359375,0.0005907104350626469,0.9994093179702759,False
5.2238.H,5.2238,H,Qual o programa musical favorito da turma do Chaves? Pops Star ,1,1,-3.068359375,3.216796875,6.28515625,0.0018602984491735697,0.9981397390365601,True
5.2679.N,5.2679,N,Qual padre é um cavalo? Marcelo Rossi.,0,0,3.87890625,-4.18359375,-8.0625,0.9996849298477173,0.00031503866193816066,True
5.3768.H,5.3768,H,Onde o Jabba come? No pizza hutt ,1,1,-2.455078125,2.650390625,5.10546875,0.006026952061802149,0.9939730763435364,True
5.2987.N,5.2987,N,Qual microorganismo é viciado em drogas? Bactérias.,0,0,3.572265625,-4.35546875,-7.927734375,0.9996395111083984,0.00036047250614501536,True
5.248.H,5.248,H,Qual foi o dinossauro mais zoeiro que existiu? Tirando Sarro Rex.,1,1,-4.0625,4.0625,8.125,0.00029595711384899914,0.9997040629386902,True
5.3789.N,5.3789,N,Qual o vinho caro do Lamartine Babo? Merlô.,0,0,0.360595703125,-0.54248046875,-0.903076171875,0.7115812301635742,0.2884187400341034,True
5.2974.H,5.2974,H,Qual banda que só usa tenis? Oasics.,1,1,-2.236328125,2.400390625,4.63671875,0.009596453979611397,0.9904035329818726,True
4.266.H,4.266,H,Porque é que os cangurus não pagam propinas? Porque têm bolsa.,1,1,-0.65380859375,0.419189453125,1.072998046875,0.2548333704471588,0.7451666593551636,True
5.573.H,5.573,H,Por que o Mickey não precisa ser bem dotado? Porque a Minnie-atura.,1,1,-4.01953125,4.23046875,8.25,0.0002611903182696551,0.9997387528419495,True
5.868.H,5.868,H,Por que o oftamologista anão foi pra Disney? Pra comprar minnie eye-pads.,1,1,-3.6484375,3.642578125,7.291015625,0.0006811710773035884,0.9993188381195068,True
5.3581.H,5.3581,H,Qual artista gosta de pintar os personagens de Toy Story usando cores bem vivas? O Andy Warhol.,1,0,3.880859375,-4.15625,-8.037109375,0.9996768236160278,0.00032313750125467777,False
5.3108.N,5.3108,N,Qual sanduíche do McDonalds te faz sair de qualquer enrascada? Quarteirão.,0,1,-3.005859375,3.361328125,6.3671875,0.0017140385461971164,0.9982859492301941,False
5.317.N,5.317,N,Qual banda é formada por um padre? É o Tchan! Com Alexandre Pires.,0,0,3.23828125,-3.48828125,-6.7265625,0.9988027811050415,0.0011972112115472555,True
5.2216.N,5.2216,N,Por que o astronauta desistiu de fazer mingau com farinha de trigo? Porque não havia gravidade,0,0,3.2421875,-3.9375,-7.1796875,0.9992387294769287,0.0007613258203491569,True
5.2083.H,5.2083,H,"Qual figura do carnaval que dá em cima das mulheres? Boneco de Oi, linda! ",1,1,-1.513671875,1.9599609375,3.4736328125,0.030071839690208435,0.9699281454086304,True
5.481.H,5.481,H,Por que a jogadora de baseball foi internada no hospício?  Porque ela não estava batendo bem.,1,1,-0.2357177734375,0.478271484375,0.7139892578125,0.328717976808548,0.6712820529937744,True
4.742.N,4.742,N,O que teria acontecido se Adão e Eva fossem canibais? A Eva teria comido Adão.,0,0,3.234375,-3.66796875,-6.90234375,0.9989956021308899,0.001004416262730956,True
5.2496.H,5.2496,H,"O que o médico disse para o homem que entrou gemendo de dor no hospital? ""Seja paciente"".",1,0,3.57421875,-4.0078125,-7.58203125,0.9994907379150391,0.0005092656938359141,False
5.1000.N,5.1000,N,Qual cantora tentou adotar Jesus Cristo? Vanusa.,0,0,4.16015625,-4.42578125,-8.5859375,0.9998133778572083,0.00018667822587303817,True
5.3145.N,5.3145,N,Qual a comida preferida do paciente com Ebola? É biscoito.,0,0,3.359375,-4.046875,-7.40625,0.9993928670883179,0.0006070755771361291,True
5.3353.H,5.3353,H,Qual a música mais ouvida nas cordilheiras? Snow or neve.,1,1,-3.064453125,3.115234375,6.1796875,0.0020667945500463247,0.9979332685470581,True
2.21.N,2.21,N,"Eu não esperei, mas o ônibus esperou.",0,0,3.548828125,-3.90625,-7.455078125,0.9994218349456787,0.0005781620275229216,True
5.100.H,5.100,H,Qual a data mais importante do calendário grego? Dia de Ação de Grécias.,1,1,-2.6640625,2.583984375,5.248046875,0.005230278242379427,0.9947697520256042,True
5.1286.N,5.1286,N,Qual o nome do piloto do dirigível? Feodor Nenov.,0,0,2.93359375,-3.3359375,-6.26953125,0.9981104135513306,0.0018895386019721627,True
5.1343.N,5.1343,N,O Batman vestiu seu Batblazer e seu Batsapato social . Para onde ele foi? Para o casamento.,0,1,-0.51416015625,-0.1094970703125,0.4046630859375,0.400192528963089,0.5998075008392334,False
5.263.N,5.263,N,Qual é o nome do filme protagonizado por duas motos bem nervosas? A parede.,0,0,3.16796875,-4.00390625,-7.171875,0.9992327690124512,0.0007672925130464137,True
4.141.N,4.141,N,Qual é a sobremesa mais popular na Rússia? O Pudim flan.,0,0,2.095703125,-2.568359375,-4.6640625,0.9906600117683411,0.009340024553239346,True
5.117.H,5.117,H,Qual peixe viveu uma aventura digna dos contos de fadas? Aliche no país das Maravilhas.,1,1,-3.23046875,3.41015625,6.640625,0.00130450667347759,0.9986955523490906,True
5.1009.N,5.1009,N,O que o 7 perguntou pro amigo dele? Tu vens?,0,0,4.1328125,-4.44921875,-8.58203125,0.999812662601471,0.00018740874656941742,True
5.4098.N,5.4098,N,Qual molho é sempre servido em proporções exageradas? De tomate.,0,0,3.408203125,-4.0703125,-7.478515625,0.9994352459907532,0.0005647764774039388,True
5.3625.N,5.3625,N,Qual a banda que ajuda as pessoas a alcançar a seu destino? U2.,0,0,3.634765625,-3.900390625,-7.53515625,0.9994663596153259,0.0005336928297765553,True
5.3548.H,5.3548,H,Qual a banda especializada na remoção de carpetes? Revela chão.,1,1,-3.263671875,3.4921875,6.755859375,0.0011626856867223978,0.9988372921943665,True
5.2060.H,5.2060,H,Qual o personagem de star wars que vive espirrando? An atchim skywalker ,1,1,-3.236328125,3.505859375,6.7421875,0.0011786719551309943,0.9988213181495667,True
5.2778.N,5.2778,N,Qual jogo do Windows só funciona se você fizer tudo o que ele quer? O Campo Minado,0,0,4.11328125,-4.828125,-8.94140625,0.9998691082000732,0.00013083976227790117,True
2.21.H,2.21,H,"Eu não esperei, mas o Jack Sparrow.",1,1,-3.078125,3.189453125,6.267578125,0.0018932255916297436,0.9981067180633545,True
5.3101.N,5.3101,N,Qual herói do cinema é o melhor em fuxicar as redes sociais de seus inimigos? Luke Skywalker.,0,0,4.31640625,-4.8359375,-9.15234375,0.9998940229415894,0.00010595991625450552,True
4.657.H,4.657,H,O Aníbal foi ao Campeonato do Mundo e apareceu na TV. Ficou conhecido Aníbal Mundial.,1,1,-4.05859375,4.22265625,8.28125,0.00025315640959888697,0.9997468590736389,True
5.3058.H,5.3058,H,Qual assassino possui um vasto conhecimento? John Wick Pédia.,1,1,-4.359375,4.5859375,8.9453125,0.00013032974675297737,0.999869704246521,True
5.1043.H,5.1043,H,Qual é o pokémon da umbanda? O pikaEXU,1,1,-3.703125,4.14453125,7.84765625,0.0003905139456037432,0.9996095299720764,True
4.505.N,4.505,N,"O casamento é muito bonito e tal, mas se casares com a pessoa errada, é como a COVID-19 . Todo os dias novos sintomas.",0,1,-2.42578125,2.494140625,4.919921875,0.007246802095323801,0.9927532076835632,False
5.872.H,5.872,H,Qual comediante vive com calor? Renato Abane.,1,0,1.86328125,-2.1875,-4.05078125,0.9828891754150391,0.01711089164018631,False
5.250.N,5.250,N,"Por que sempre depois que eu durmo à tarde, eu acordo com 1 kg de arroz, de feijão, macarrão, açúcar e etc.? Porque foi uma doação.",0,0,3.55859375,-3.95703125,-7.515625,0.9994557499885559,0.0005442132824100554,True
5.3045.H,5.3045,H,"""Por que a pessoa não paga pelo absorvente? Porque """"quer free"""".""",1,1,-3.439453125,3.369140625,6.80859375,0.0011030265595763922,0.9988969564437866,True
5.1449.H,5.1449,H,Po rque o carteiro foi à feira? Porque tinha uma carta na manga.,1,1,-2.919921875,3.125,6.044921875,0.002364262705668807,0.9976357221603394,True
5.3103.N,5.3103,N,Doença comum nos detergentes? Póliomielite.,0,0,2.490234375,-2.830078125,-5.3203125,0.9951325058937073,0.004867417272180319,True
5.1858.H,5.1858,H,Que cantora faz pequenas transmissões na internet? Avril Livinha.,1,1,-2.013671875,2.287109375,4.30078125,0.013376603834331036,0.9866234660148621,True
5.567.N,5.567,N,Que cantor caiu de cara na calçada? Milton Nascimento.,0,0,4.51171875,-4.7109375,-9.22265625,0.9999011754989624,9.876621334115043e-05,True
5.1237.N,5.1237,N,Qual o tio que faz pesquisa sobre o câncer? O Oncologista.,0,0,4.03125,-4.3984375,-8.4296875,0.9997817873954773,0.0002182420575991273,True
5.771.H,5.771,H,Por que a ideia ficou cansada depois da reforma? Porque perdeu o assento.,1,1,-0.70654296875,0.4296875,1.13623046875,0.24301312863826752,0.7569869160652161,True
5.3618.H,5.3618,H,Qual os piores inimigos dos MINIons??? MAXIoffs,1,1,-3.765625,3.78515625,7.55078125,0.0005254230345599353,0.9994745850563049,True
4.319.H,4.319,H,A camaleoa vira-se para o marido: Volta para a camaleão...,1,1,-3.533203125,3.39453125,6.927734375,0.0009792591445147991,0.9990206956863403,True
4.326.N,4.326,N,Porque é que os homens são mais burros ao pé das mulheres? Porque passam de homo sapiens para homo australopitecos.,0,1,-3.73046875,3.697265625,7.427734375,0.0005941797280684114,0.9994058609008789,False
5.633.H,5.633,H,Quais heróis se preocupam mais com as poses para foto do que com o destino do seu planeta? Os Tumblrcats.,1,1,-2.400390625,2.34375,4.744140625,0.008627457544207573,0.9913725852966309,True
5.3537.H,5.3537,H,Qual rockeiro não engorda? É o Regime Hendrix.,1,1,-3.703125,3.82421875,7.52734375,0.0005378764471970499,0.9994621872901917,True
5.1858.N,5.1858,N,Qual é o cigarro que todos os comediantes gostam? Malboro.,0,1,-3.109375,3.126953125,6.236328125,0.0019532055594027042,0.9980467557907104,False
5.2538.N,5.2538,N,Qual atriz da Globo tem o olho torto? Cristiana Oliveira.,0,0,4.5703125,-4.734375,-9.3046875,0.9999090433120728,9.098841110244393e-05,True
4.598.N,4.598,N,Estou a pensar começar uma relação com a minha amiga . Ao menos ela sabe dar-me o devido valor.,0,0,1.9267578125,-2.38671875,-4.3134765625,0.986789882183075,0.013210084289312363,True
5.569.N,5.569,N,"Qual personagem histórico sempre pede um império? Alexandre, o Grande.",0,0,4.04296875,-4.31640625,-8.359375,0.9997658133506775,0.00023413581948261708,True
5.2197.N,5.2197,N,Porque o frango usava smoking? Porque era elegante no último!,0,0,0.693359375,-0.923828125,-1.6171875,0.8344069123268127,0.16559310257434845,True
5.94.H,5.94,H,Qual o material bélico mais carente? Miss you.,1,1,-3.380859375,3.46484375,6.845703125,0.0010628867894411087,0.9989370703697205,True
4.741.N,4.741,N,Por que é que os pescadores não conseguem pescar? Porque têm a cana partida.,0,1,-4.17578125,4.078125,8.25390625,0.0002601723244879395,0.9997398257255554,False
5.1524.H,5.1524,H,Como se chamava o cara que roubava discos do Eric Clapton? Claptonmaníaco.,1,1,-3.30078125,3.30078125,6.6015625,0.001356401713564992,0.9986435770988464,True
3.14.H,3.14,H,Por que as plantas pequenas não falam? Porque elas são mudas.,1,0,2.30078125,-2.7734375,-5.07421875,0.9937829375267029,0.0062170778401196,False
5.2603.N,5.2603,N,Qual cantor enxergava tudo o que o professor escreve em sala de aula? Caetano Veloso.,0,0,4.5625,-4.85546875,-9.41796875,0.9999186992645264,8.124428859446198e-05,True
4.744.H,4.744,H,Onde nasceu o Harry Potter? Salvaterra de Magos.,1,1,-3.64453125,3.671875,7.31640625,0.0006641047657467425,0.9993358254432678,True
5.782.H,5.782,H,Qual a tartaruga ninja que mais gosta de dormir? O Fronhatelo.,1,1,-4.09375,3.99609375,8.08984375,0.0003065436612814665,0.9996935129165649,True
5.2300.H,5.2300,H,Por que as pessoas estavam testando comidas dentro do ônibus? Porque era um teste do Busfeed.,1,1,-3.671875,3.625,7.296875,0.0006771942134946585,0.999322772026062,True
5.336.N,5.336,N,Qual o meio de transporte mais barato na Bahia? Uber imbau,0,1,-4.171875,4.27734375,8.44921875,0.00021402176935225725,0.9997859597206116,False
4.744.N,4.744,N,Onde nasceu o Gregório Fernandes? Salvaterra de Magos.,0,1,-3.740234375,3.80078125,7.541015625,0.0005305765080265701,0.9994694590568542,False
5.3165.H,5.3165,H,Qual pintor ganhou mais dinheiro com sua arte? Ricasso.,1,1,-3.572265625,3.751953125,7.32421875,0.0006589401746168733,0.9993410706520081,True
5.1237.H,5.1237,H,Qual o tio que faz pesquisa sobre o câncer? O Uncle Logista.,1,1,-3.955078125,3.962890625,7.91796875,0.00036400865064933896,0.9996359348297119,True
5.1061.N,5.1061,N,Qual doença temos que coletar esperma? Prostatite.,0,0,1.5576171875,-2.12109375,-3.6787109375,0.9753665924072266,0.0246333796530962,True
4.433.H,4.433,H,Hoje descobri que a minha torradeira não é à prova de água. Fiquei chocado.,1,0,2.400390625,-3.099609375,-5.5,0.9959298968315125,0.004070138093084097,False
5.999.N,5.999,N,Qual desodorante ajuda a ir para o céu? Rexona.,0,1,-3.01171875,3.10546875,6.1171875,0.0021997978910803795,0.9978001713752747,False
5.1627.N,5.1627,N,Qual é a atriz menos dramática do mundo? A tristeza,0,0,3.9296875,-4.4453125,-8.375,0.9997695088386536,0.0002305067318957299,True
4.183.N,4.183,N,Como é que o António se chama quando anda de autocarro? António.,0,0,3.09765625,-3.46875,-6.56640625,0.9985951781272888,0.0014048677403479815,True
4.627.N,4.627,N,Um homem viu um filme nos Estados Unidos . Qual é o filme? American Pie.,0,0,3.6640625,-4.02734375,-7.69140625,0.9995434880256653,0.00045652693370357156,True
5.3765.N,5.3765,N,Qual é o jogo favorito da Ivete Sangalo? Imagem e Ação,0,0,1.8876953125,-2.197265625,-4.0849609375,0.9834545850753784,0.01654544100165367,True
5.122.N,5.122,N,Como chama a cerveja que você só toma de 2 em 2 anos? Skoll.,0,0,3.603515625,-4.39453125,-7.998046875,0.9996639490127563,0.0003360055270604789,True
4.169.H,4.169,H,O que diz um gato comunista? Mao.,1,0,3.5703125,-3.951171875,-7.521484375,0.9994589686393738,0.0005410355515778065,False
5.2743.H,5.2743,H,Qual o animal que sempre tá de brinks? Tira no Sarro,1,1,-3.27734375,3.205078125,6.482421875,0.001527763088233769,0.998472273349762,True
4.61.H,4.61,H,Uma mulher manda-se dum prédio e acerta num homem que ia a passar. Qual é o filme? A cusada de morte.,1,1,-3.26171875,3.302734375,6.564453125,0.0014076103689149022,0.9985923171043396,True
4.482.N,4.482,N,"O homem já vivei no período Paleolítico, no Mesolítico, no Neolítico...Ao período atual chamamos Idade Contemporânea que veio depois da Idade Moderna e da Idade Média.",0,0,2.802734375,-3.361328125,-6.1640625,0.9979007244110107,0.002099273493513465,True
5.636.N,5.636,N,Qual a parte do corpo favorita do Muralha? Cabelo.,0,0,3.373046875,-4.15625,-7.529296875,0.9994631409645081,0.0005368274287320673,True
5.2385.H,5.2385,H,Por que o atrito e a resistência do ar foram ao psicólogo? Porque eles são muito desprezados,1,0,2.89453125,-3.6015625,-6.49609375,0.998492956161499,0.0015070487279444933,False
5.2216.H,5.2216,H,Por que o astronauta desistiu de fazer mingau com farinha de trigo? Porque havia lactea ,1,1,-3.951171875,3.9921875,7.943359375,0.0003548858512658626,0.9996451139450073,True
5.956.N,5.956,N,Como o ciclista reage a uma notícia ruim? Ele fica triste.,0,0,3.748046875,-4.5859375,-8.333984375,0.9997598528862,0.00024015535018406808,True
5.1772.N,5.1772,N,Qual é o colunista de fofoca preferido do Mufasa? Zazu.,0,0,4.1640625,-4.4296875,-8.59375,0.9998148083686829,0.00018522572645451874,True
4.235.N,4.235,N,"Era uma vez um homem tão pequeno, tão pequeno, que em vez de praticar natação, praticava pesca desportiva.",0,0,2.68359375,-2.9296875,-5.61328125,0.996364176273346,0.003635808825492859,True
5.261.H,5.261,H,Qual é o cantor que se suicidou? Frank Simata.,1,1,-3.494140625,3.392578125,6.88671875,0.0010202174307778478,0.9989797472953796,True
5.2675.H,5.2675,H,Qual cantor sempre manda uma jogada boa no baralho? Mando Reis.,1,1,-3.359375,3.376953125,6.736328125,0.001185590517707169,0.9988144636154175,True
5.766.N,5.766,N,Qual o bairro de SP favorito do Schwarzenegger?   A Bela Vista.,0,0,4.16015625,-4.7109375,-8.87109375,0.9998595714569092,0.00014036924403626472,True
5.2009.H,5.2009,H,Nome do cara que não joga na linha? Hugo Leiro ,1,1,-3.115234375,3.193359375,6.30859375,0.001817283220589161,0.9981827735900879,True
5.2325.H,5.2325,H,"O que a mãe religiosa disse para o pai agnóstico sobre o filho deles? ""Cuida, que o filho é ateu"".",1,0,3.400390625,-3.884765625,-7.28515625,0.9993147850036621,0.0006851713405922055,False
4.266.N,4.266,N,Porque é que os cangurus não querem bolsas? Porque já  têm bolsa.,0,0,1.6474609375,-2.013671875,-3.6611328125,0.9749406576156616,0.02505926974117756,True
5.3300.H,5.3300,H,Qual é o animal que regurgita muito? Gorfinho.,1,1,-3.7890625,3.615234375,7.404296875,0.0006082616746425629,0.9993916749954224,True
5.3529.H,5.3529,H,Que estilo de filme tem dois microscópios se esfregando? Fricção Científica.,1,1,-3.83203125,3.990234375,7.822265625,0.00040055232238955796,0.9995995163917542,True
4.56.H,4.56,H,Porque é que os carpinteiros são bons a fazer contas? Porque tabuada é com eles.,1,0,2.12109375,-2.615234375,-4.736328125,0.991305410861969,0.008694533258676529,False
5.1182.N,5.1182,N,Por que o Chico Buarque foi preso na saída do Santander? Por quebrar o banco.,0,0,3.033203125,-3.47265625,-6.505859375,0.998507559299469,0.001492425100877881,True
5.933.N,5.933,N,Qual é o nome do especialista em temperar carnes que não se esquecia do passado? Olívio.,0,1,-2.052734375,1.900390625,3.953125,0.018833130598068237,0.9811668992042542,False
5.1073.N,5.1073,N,"Qual filme conta a história do casal mais perdido do mundo em beira-mar? "" Procurando; né, mô? """,0,1,-3.099609375,3.212890625,6.3125,0.0018102108733728528,0.9981897473335266,False
5.184.N,5.184,N,Qual é o cantor que acha tudo um exagero? Jão.,0,0,4.25,-4.56640625,-8.81640625,0.9998517036437988,0.0001482583029428497,True
5.3741.H,5.3741,H,Qual comentarista esportivo se gaba da reforma em seu domicílio? Vaiter Casagrande.,1,1,-3.873046875,3.958984375,7.83203125,0.0003966611984651536,0.9996033310890198,True
4.740.N,4.740,N,O que diz um mineiro antes de usar a picareta? Cá vai disto!,0,1,-2.28125,2.2890625,4.5703125,0.010248602367937565,0.9897513389587402,False
5.1286.H,5.1286,H,Qual o nome do piloto do dirigível? José Pelin.,1,0,3.94140625,-4.3046875,-8.24609375,0.9997377991676331,0.00026221232837997377,False
4.724.N,4.724,N,"Como é que se diz "" abacate "" no Brasil? Abacate.",0,0,3.5390625,-4.265625,-7.8046875,0.9995923638343811,0.00040765260928310454,True
4.667.H,4.667,H,Que tipo de música ouvem os mortos-vivos? Kizombie.,1,1,-3.322265625,3.32421875,6.646484375,0.0012968953233212233,0.998703122138977,True
4.436.N,4.436,N,Se mentes . Deus castiga.,0,1,-0.9482421875,0.80517578125,1.75341796875,0.14761659502983093,0.8523833751678467,False
4.232.H,4.232,H,Qual é a banda preferida dos desempregados? LinkedIn Park.,1,1,-3.900390625,3.82421875,7.724609375,0.0004416242882143706,0.9995583891868591,True
5.177.N,5.177,N,Qual cantor faz shows em Spa? Belo.,0,0,4.28515625,-4.53125,-8.81640625,0.9998517036437988,0.0001482583029428497,True
5.2977.H,5.2977,H,Qual grupo só tem negão criança? Negro é tudo júnior.,1,1,-1.0302734375,1.3076171875,2.337890625,0.08803310990333557,0.9119669198989868,True
5.587.H,5.587,H,Por que não fico bronzeado em casa? Porque uso protetor só lar.,1,1,-3.69140625,3.873046875,7.564453125,0.0005182921304367483,0.999481737613678,True
5.2578.H,5.2578,H,Qual o programa favorito dos gaúchos? The Noitchê.,1,1,-3.521484375,3.9765625,7.498046875,0.0005538587574847043,0.9994460940361023,True
5.1360.N,5.1360,N,Por que o anão foi surfar na cozinha? Porque lá tem fogão.,0,0,3.228515625,-4.28515625,-7.513671875,0.99945467710495,0.0005452766199596226,True
5.573.N,5.573,N,Por que o Mickey não precisa ser bem dotado? Porque a miniatura.,0,1,-3.37890625,3.53515625,6.9140625,0.000992726068943739,0.9990072846412659,False
4.529.N,4.529,N,O que são oito Hobbits? Um grupo de Hobbits.,0,0,4.2421875,-4.71484375,-8.95703125,0.9998711347579956,0.00012881153088528663,True
5.2446.N,5.2446,N,Qual é a cantora favorita do Tony Hawk? Shakira.,0,0,3.59375,-3.927734375,-7.521484375,0.9994589686393738,0.0005410355515778065,True
5.984.N,5.984,N,Levei meu carro na feira ao invés de levar para a oficina . Qual é o nome do filme? Em Ritmo de Fuga.,0,0,2.52734375,-2.91015625,-5.4375,0.9956685304641724,0.004331502132117748,True
5.1311.N,5.1311,N,Qual cantor sertanejo faliu? Leonardo.,0,0,4.3984375,-4.89453125,-9.29296875,0.9999079704284668,9.20608508749865e-05,True
4.71.H,4.71,H,Porque é que uma mulher partiu a perna ao filho na cozinha? Porque não tinha canela para pôr no bolo.,1,1,-3.283203125,3.07421875,6.357421875,0.0017308301758021116,0.9982692003250122,True
5.3569.H,5.3569,H,Em que momento do dia seus segredos são revelados? No expor do sol.,1,0,1.1650390625,-1.525390625,-2.6904296875,0.9364595413208008,0.06354044377803802,False
5.1766.N,5.1766,N,"O que o Mickey disse quando pôs a mão no fogo? "" Ai! quente "".",0,1,-2.447265625,2.5,4.947265625,0.007052709814161062,0.9929472208023071,False
5.152.N,5.152,N,Por que antigamente o Brasil era mais cheiroso? Porque era perfumado.,0,0,4.1484375,-4.9765625,-9.125,0.9998910427093506,0.00010889690747717395,True
5.2056.H,5.2056,H,Qual é o jogo da pessoa gripada? Over atchim ,1,1,-2.19140625,2.357421875,4.548828125,0.010468839667737484,0.9895311594009399,True
5.3355.N,5.3355,N,O que mais excita o fazendeiro? Lucros no Pasto.,0,0,0.07196044921875,-0.30517578125,-0.37713623046875,0.5931822061538696,0.406817764043808,True
5.1025.N,5.1025,N,Quem financiou o Ben 10? O Cartoon Network,0,0,4.24609375,-4.60546875,-8.8515625,0.9998568296432495,0.0001431373821105808,True
5.3595.H,5.3595,H,Qual o chinelo mais vendido em Salvador? Há baianas.,1,1,-1.91015625,2.10546875,4.015625,0.017712298780679703,0.9822876453399658,True
5.1358.N,5.1358,N,Qual é o trabalho que você se vê fazendo? Limpar banheiros.,0,0,3.494140625,-4.453125,-7.947265625,0.9996465444564819,0.00035350274993106723,True
5.1381.H,5.1381,H,Por que colocaram uma cama elástica no Polo Norte? Para o urso polar.,1,0,3.9296875,-4.2109375,-8.140625,0.9997085928916931,0.00029137005913071334,False
5.691.H,5.691,H,Qual é o nome da hiena que se aposentou? Hiena SS.,1,1,-3.4765625,3.49609375,6.97265625,0.0009362827986478806,0.9990637898445129,True
4.296.H,4.296,H,O que diz um prédio para outro? Tens um andar tão lindo...,1,0,3.126953125,-3.267578125,-6.39453125,0.9983320832252502,0.0016678821993991733,False
5.3834.H,5.3834,H,Qual o ex desgraçado que se empanturra na churrascaria? Ex Como um Gado.,1,1,-1.927734375,2.296875,4.224609375,0.014420067891478539,0.9855799674987793,True
5.3108.H,5.3108,H,Qual sanduíche do McDonalds te faz sair de qualquer enrascada? McGuyver.,1,1,-3.388671875,3.5703125,6.958984375,0.0009491592063568532,0.9990507960319519,True
4.753.N,4.753,N,O meu pai tem uma loja de material elétrico . É por isso que tenho material elétrico de graça.,0,0,2.58203125,-3.1015625,-5.68359375,0.9966102242469788,0.003389783203601837,True
4.169.N,4.169,N,O que diz um gato comunista? Miau.,0,0,2.548828125,-3.388671875,-5.9375,0.997368335723877,0.0026316740550100803,True
5.1980.N,5.1980,N,Qual o dispositivo usado pra enxergar melhor uma determinada nota musical? Lente,0,0,3.189453125,-3.703125,-6.892578125,0.9989857077598572,0.0010142631363123655,True
5.1314.H,5.1314,H,Por que a manicure foi demitida? Porque ela estava pouco se lixando.,1,0,2.203125,-2.572265625,-4.775390625,0.991635799407959,0.008364237844944,False
4.664.H,4.664,H,Nunca morei em Hollywood. Mas a Marilyn Monroe.,1,1,-2.908203125,3.1484375,6.056640625,0.0023367826361209154,0.9976632595062256,True
4.352.N,4.352,N,Qual é a diferença entre um boneco de neve e uma boneca de neve? As roupas de neve.,0,0,3.3828125,-4.41796875,-7.80078125,0.9995908141136169,0.00040924749919213355,True
4.536.H,4.536,H,Porque é que o espantalho recebeu um prémio Nobel? Porque foi o que mais se destacou no seu campo.,1,0,1.79296875,-2.2109375,-4.00390625,0.9820826053619385,0.017917344346642494,False
5.1361.N,5.1361,N,Qual é o melhor legume que existe? A beterraba.,0,0,4.01953125,-4.57421875,-8.59375,0.9998148083686829,0.00018522572645451874,True
5.2779.N,5.2779,N,Qual inseto toma muito chá? Marimbondo,0,0,3.86328125,-4.18359375,-8.046875,0.9996800422668457,0.0003199982747901231,True
5.572.H,5.572,H,Qual escritor tem vitiligo? Manchado de Assis.,1,1,-3.62109375,3.55859375,7.1796875,0.0007613258203491569,0.9992387294769287,True
5.420.H,5.420,H,Qual fruta nasce às margens do Rio Negro? Só-limões.,1,1,-2.85546875,3.3515625,6.20703125,0.0020111585035920143,0.9979888200759888,True
4.392.N,4.392,N,NOTÍCIA DE ÚLTIMA HORA: Um camião carregado de tijolos despistou-se no IC19 . A fila não pára de crescer.,0,0,1.974609375,-2.224609375,-4.19921875,0.9852146506309509,0.014785408973693848,True
5.405.H,5.405,H,Onde ficam as maiores dúvidas dos dentistas? In the ciso.,1,1,-3.466796875,3.53125,6.998046875,0.0009128306992352009,0.9990872144699097,True
5.350.N,5.350,N,Qual o dinossauro que faz sequestros rápidos? O estegossauro.,0,0,2.529296875,-2.88671875,-5.416015625,0.9955748319625854,0.004425152204930782,True
5.3944.H,5.3944,H,Por que o cara resolveu dormir no bueiro? Porque ele tava esgotado.,1,0,3.400390625,-4.34765625,-7.748046875,0.9995686411857605,0.0004313984827604145,False
4.622.N,4.622,N,Que tamanho de roupa vestem as altas? Tamanho grande.,0,0,4.2265625,-4.91015625,-9.13671875,0.9998923540115356,0.0001076283588190563,True
5.2238.N,5.2238,N,Qual o programa musical favorito da turma do Chaves? The Voice Kids,0,0,3.884765625,-4.48046875,-8.365234375,0.9997672438621521,0.00023276825959328562,True
5.594.N,5.594,N,O que um irmão apoiador falou pro outro? Tamo Junto!,0,0,2.01953125,-2.380859375,-4.400390625,0.9878761768341064,0.012123754248023033,True
4.117.N,4.117,N,O que é que é de graça mas tem que se registar? Os serviços de um produto digital.,0,0,2.439453125,-2.734375,-5.173828125,0.9943690896034241,0.005630961619317532,True
5.129.N,5.129,N,Qual cantora ganhou uma patente em 2018? Marjorie Estiano.,0,0,4.05859375,-4.40625,-8.46484375,0.999789297580719,0.000210704340133816,True
5.3922.N,5.3922,N,Qual o peido mais fedido? Poltergases.,0,1,-2.326171875,2.12890625,4.455078125,0.011485951021313667,0.9885140061378479,False
5.3115.N,5.3115,N,Por que o fazendeiro ficou pobre depois de ir ao banheiro? Porque o intestino delgado.,0,1,-2.75,2.76953125,5.51953125,0.0039917281828820705,0.9960082769393921,False
2.8.N,2.8,N,Sabe por que o argumento do Dumbo foi completamente ignorado? Porque era incongruente.,0,0,3.31640625,-3.767578125,-7.083984375,0.9991623163223267,0.0008377236081287265,True
5.2895.N,5.2895,N,Qual cantor só vê notícias pela internet? Latino,0,0,4.33203125,-4.74609375,-9.078125,0.9998859167098999,0.00011412238382035866,True
5.3763.N,5.3763,N,Qual é a profissão mais feia que existe? Deputado,0,0,3.330078125,-4.34765625,-7.677734375,0.9995372295379639,0.0004628084134310484,True
5.2074.N,5.2074,N,Qual o ator que nunca deixa a mulher sair sozinha? Milton Naciumento,0,1,-3.767578125,4.0546875,7.822265625,0.00040055232238955796,0.9995995163917542,False
5.4035.N,5.4035,N,"Por que o nariz, às vezes, sente cheiro de arrogância? Por causa da humildade do ar.",0,1,-3.021484375,3.1875,6.208984375,0.0020072422921657562,0.997992753982544,False
5.1288.N,5.1288,N,Qual atriz gosta de chocolate? Fernanda Lima.,0,0,4.62109375,-4.796875,-9.41796875,0.9999186992645264,8.124428859446198e-05,True
5.1056.N,5.1056,N,Por que a cachorra modernista não latiu? Porque ela morreu.,0,0,4.15234375,-4.76171875,-8.9140625,0.9998655319213867,0.00013446628872770816,True
5.2820.N,5.2820,N,Cantora que sempre fez dieta? Elis Regina,0,0,4.3828125,-4.79296875,-9.17578125,0.9998965263366699,0.000103505612059962,True
4.643.N,4.643,N,O que é que a Adele gosta de barrar no pão? Queijo.,0,0,3.541015625,-4.265625,-7.806640625,0.999593198299408,0.0004068575508426875,True
4.695.H,4.695,H,"Qual é o contrário de ""extraordinário""? Extra ordinário.",1,0,0.11962890625,-0.10455322265625,-0.22418212890625,0.5558120012283325,0.44418805837631226,False
4.643.H,4.643,H,O que é que a Adele gosta de barrar no pão? Queijo Phil-Adele-phia.,1,1,-4.5,4.46875,8.96875,0.00012731103925034404,0.9998726844787598,True
5.3597.H,5.3597,H,Qual atriz cômica que tem mania de reparar do pescoço das pessoas? Tara ver neck.,1,1,-4.08984375,4.0859375,8.17578125,0.0002813073806464672,0.9997187256813049,True
5.2368.N,5.2368,N,Qual rockeiro não usa drogas e nem sacaneia os outros? O Gene Simmons,0,0,4.16796875,-4.5390625,-8.70703125,0.9998345375061035,0.00016539123316761106,True
5.3460.N,5.3460,N,"Qual feriado religioso que não é nem pra preto, nem pra branco? Sexta feira Santa.",0,0,3.955078125,-4.7421875,-8.697265625,0.9998329877853394,0.0001670140482019633,True
4.567.N,4.567,N,"O que é que a mulher do senhor diz quando o viagra perde o efeito? Foi-se o martelo, camarada.",0,1,-2.5625,2.486328125,5.048828125,0.006375935859978199,0.9936240911483765,False
4.667.N,4.667,N,Que tipo de música ouvem os mortos-vivos? Kizomba.,0,0,3.71875,-4.06640625,-7.78515625,0.9995842576026917,0.00041568942833691835,True
5.3001.H,5.3001,H,Qual microorganismo sofre bullying? Protozoado.,1,0,2.529296875,-3.0390625,-5.568359375,0.9961977601051331,0.0038022249937057495,False
4.480.N,4.480,N,"Como é que se diz "" surpresa "" em onomatopeias? Chan-chan-chan-chan!",0,1,-2.16796875,2.283203125,4.451171875,0.01153038814663887,0.988469660282135,False
5.1449.N,5.1449,N,Po rque o carteiro foi à feira? Porque tinha uma carta para entregar.,0,0,0.53125,-0.9345703125,-1.4658203125,0.8124212622642517,0.1875787377357483,True
5.3364.N,5.3364,N,O que os homens em Rio Branco costumam beber? Pinga.,0,0,3.59765625,-4.37109375,-7.96875,0.9996540546417236,0.00034599160426296294,True
4.206.N,4.206,N,O que diz um castor excitado? Bate os dentes,0,0,4.23828125,-4.625,-8.86328125,0.9998584985733032,0.00014147002366371453,True
5.3736.N,5.3736,N,Qual clube campeão da Libertadores consegue segurar bebês gêmeos? Lanus.,0,1,-0.9677734375,0.947265625,1.9150390625,0.1284157931804657,0.8715841770172119,False
5.1807.N,5.1807,N,Qual herói da literatura atirava em patos? Jack.,0,0,4.41015625,-4.640625,-9.05078125,0.999882698059082,0.0001172855991171673,True
5.3789.H,5.3789,H,Qual o vinho predileto do Lamartine Babo? Merlô.,1,1,-3.67578125,3.767578125,7.443359375,0.000584973196964711,0.9994150400161743,True
5.1109.N,5.1109,N,Qual filósofo gostaria de ser um Cavaleiro do Zodíaco? Aristóteles,0,0,4.1953125,-4.73828125,-8.93359375,0.9998681545257568,0.00013186581782065332,True
5.2594.N,5.2594,N,Como se referiam a Jesus quando ele ficava bravo? Assertivo.,0,0,0.267822265625,-0.640625,-0.908447265625,0.71268230676651,0.2873176634311676,True
4.256.H,4.256,H,Que som faz um peixe a cair dum prédio de 20 andares? AAAAAAAAAAAAAAAAAAAATUM!,1,1,-2.423828125,2.876953125,5.30078125,0.004962942097336054,0.9950370192527771,True
5.604.H,5.604,H,Qual é a loja que no ENEM só chutava a terceira e primeira alternativas? C e A.,1,0,3.708984375,-4.73828125,-8.447265625,0.9997856020927429,0.00021444012236315757,False
5.1343.H,5.1343,H,O Batman vestiu seu Batblazer e seu Batsapato social. Para onde ele foi? Para o Batzado.,1,1,-3.681640625,3.5546875,7.236328125,0.0007194324862211943,0.9992806315422058,True
4.544.H,4.544,H,"A Érica e a Ester decidiram adotar uma jovem. Quando ela soube, ficou estérica.",1,1,-2.984375,3.01171875,5.99609375,0.0024822766426950693,0.9975177049636841,True
5.104.H,5.104,H,Qual lugar do mundo incentiva a caminhada? Cordilheira dos Andes.,1,0,4.2890625,-4.6796875,-8.96875,0.9998726844787598,0.00012731103925034404,False
5.1162.N,5.1162,N,Qual o bairro de São Paulo que só tem Japoneses? Liberdade,0,0,3.58203125,-4.3125,-7.89453125,0.9996273517608643,0.0003726376744452864,True
5.1599.N,5.1599,N,Qual é o nome da loja do músico veterinário? Musicolândia.,0,0,1.2841796875,-1.6904296875,-2.974609375,0.9514138102531433,0.04858620837330818,True
5.3111.H,5.3111,H,O que o Galvão falou para um pássaro? Caca tuuuuua... Taffarel!,1,1,-3.888671875,4.13671875,8.025390625,0.00032694527180865407,0.9996730089187622,True
5.1221.H,5.1221,H,Qual o jornalista esportivo mais pesado? 1000 ton. Neves.,1,1,-3.564453125,3.595703125,7.16015625,0.0007763300091028214,0.9992237091064453,True
5.1282.H,5.1282,H,Qual castanha sempre interpreta personagens maus? Avilã.,1,1,-0.69482421875,0.54638671875,1.2412109375,0.22422528266906738,0.7757747173309326,True
5.2987.H,5.2987,H,Qual microorganismo é viciado em drogas? Protousuário.,1,1,-4.3359375,4.30078125,8.63671875,0.0001774367701727897,0.9998225569725037,True
4.664.N,4.664,N,Nunca morei em Hollywood . Mas a Marilyn mora.,0,0,4.00390625,-4.30078125,-8.3046875,0.9997527003288269,0.00024729344295337796,True
5.2435.N,5.2435,N,Quais jogadores de basquete fundaram Brasília? Kobe Bryant e Michael Jordan .,0,0,3.8671875,-4.08203125,-7.94921875,0.9996471405029297,0.0003528132219798863,True
5.587.N,5.587,N,Por que não fico bronzeado em casa? Porque uso protetor facial.,0,0,3.5625,-4.59375,-8.15625,0.999713122844696,0.00028685410507023335,True
5.1360.H,5.1360,H,Por que o anão foi surfar na cozinha? Porque lá tem micro ondas.,1,0,3.69921875,-4.453125,-8.15234375,0.9997120499610901,0.0002879764942917973,False
4.193.H,4.193,H,"Hoje, vinte mulheres convidaram-me para sair. Nunca mais entro no WC das mulheres.",1,0,0.93994140625,-1.4375,-2.37744140625,0.9150909185409546,0.08490915596485138,False
5.1554.N,5.1554,N,Qual a Miss EUA que foi escolhida por engano? A Sheena Monnin.,0,0,2.462890625,-2.810546875,-5.2734375,0.9949001669883728,0.005099817644804716,True
5.3287.H,5.3287,H,Qual o ingrediente presente na comida de quem apanhou? RepOlho Roxo.,1,1,-2.3046875,2.0859375,4.390625,0.012241274118423462,0.9877586960792542,True
4.634.H,4.634,H,"Por que é que a apresentadora do Querido, Mudei a Casa foi para o hospital? Porque tinha um problema decoração.",1,1,-2.12109375,2.150390625,4.271484375,0.013768816366791725,0.9862311482429504,True
5.2693.N,5.2693,N,"Por que o artigo, o substantivo e o adjetivo nunca discutiam? Porque estavam sempre em paralelo.",0,0,2.34765625,-2.84765625,-5.1953125,0.9944880604743958,0.005511933472007513,True
5.840.N,5.840,N,Qual filme do Eddie Murphy ocupa muita locação? Um Tira da pesada.,0,1,-2.86328125,3.234375,6.09765625,0.002243087626993656,0.9977568984031677,False
4.638.H,4.638,H,"O amor é como um jogo de sueca. Ou se tem um bom parceiro, ou o melhor mesmo é ter uma boa mão.",1,1,-2.52734375,2.5,5.02734375,0.006513499189168215,0.9934865236282349,True
5.1221.N,5.1221,N,Qual o jornalista esportivo mais pesado? Milton Neves.,0,0,4.28515625,-4.8046875,-9.08984375,0.999887228012085,0.00011279297905275598,True
4.163.N,4.163,N,Como é que a mulher do Vasco da Gama o cumprimenta? Com um beijo no lábio.,0,0,4.06640625,-4.390625,-8.45703125,0.9997876286506653,0.00021235659369267523,True
5.3709.H,5.3709,H,Qual é o personagem do Chaves que representa a bondade encarnada? Goodinez.,1,0,0.068359375,-0.139404296875,-0.207763671875,0.551754891872406,0.4482451379299164,False
5.3763.H,5.3763,H,Qual é a profissão mais feia que existe? Ourrives ,1,1,-3.6875,3.998046875,7.685546875,0.0004592085024341941,0.9995408058166504,True
5.3494.N,5.3494,N,Qual o programa favorito do proctologista? Programa do Luciano Hulk.,0,1,-3.22265625,3.294921875,6.517578125,0.0014750633854418993,0.9985249638557434,False
4.599.N,4.599,N,Acabei de encomendar duas capas para smartphone na internet . São da Wish.,0,1,-1.19140625,0.88916015625,2.08056640625,0.11100006848573685,0.8889999389648438,False
4.319.N,4.319,N,A camaleoa vira-se para o marido: Volta para a sala ...,0,0,3.767578125,-4.15234375,-7.919921875,0.9996366500854492,0.00036329866270534694,True
4.281.H,4.281,H,Porque é que a galinha fez um striptease na capoeira? Para chocar os ovos.,1,0,3.728515625,-4.04296875,-7.771484375,0.9995785355567932,0.00042140932055190206,False
4.370.N,4.370,N,"É boa ideia comprar um relógio em forma de peixe? Não, é um gasto de tempo.",0,0,1.732421875,-2.05078125,-3.783203125,0.9777563810348511,0.022243669256567955,True
4.585.H,4.585,H,"Nunca quis acreditar que o meu pai roubava enquanto trabalhava nas Estradas de Portugal. Mas quando eu chegava a casa, os sinais estavam todos lá.",1,0,1.6953125,-2.3125,-4.0078125,0.9821512699127197,0.01784873753786087,False
5.2047.H,5.2047,H,"Qual conto mostra a história de alguém que acha a esposa linda, mas quando ela o procura de noite, ele nega? ah, bela.... dorme, cida. ",1,1,-3.470703125,3.6796875,7.150390625,0.0007839425234124064,0.9992160797119141,True
5.2458.H,5.2458,H,"Qual é a semelhança entre uma carta de amor de um ex-goleiro brasileiro e uma luta do Mike Tyson? Ambas podem acabar ""com amor, Dida"".",1,1,-2.244140625,2.59375,4.837890625,0.007861458696424961,0.9921385645866394,True
5.3101.H,5.3101,H,Qual herói do cinema é o melhor em fuxicar as redes sociais de seus inimigos? Luke Skystalker.,1,0,4.23828125,-4.55859375,-8.796875,0.9998488426208496,0.00015118200099095702,False
5.3670.N,5.3670,N,Qual país que as pessoas não tem o dedo polegar? Barbados,0,0,3.77734375,-4.5546875,-8.33203125,0.9997593760490417,0.00024062473676167428,True
5.2496.N,5.2496,N,"O que o médico disse para o homem que entrou gemendo de dor no hospital? "" Seja bem vindo "".",0,0,3.90625,-4.5859375,-8.4921875,0.9997950196266174,0.00020502213737927377,True
4.534.N,4.534,N,Qual é a rádio mais ouvida ao pequeno-almoço? É a Rádio Comercial.,0,0,3.58203125,-3.859375,-7.44140625,0.9994138479232788,0.0005861161625944078,True
4.392.H,4.392,H,NOTÍCIA DE ÚLTIMA HORA: Um camião carregado de Viagra despistou-se no IC19. A fila não pára de crescer.,1,0,1.9755859375,-2.279296875,-4.2548828125,0.9860039353370667,0.013996082358062267,False
5.2141.H,5.2141,H,Por que tiraram a jogadora de vôlei do time após fazer o ponto? Porque foi cortada,1,0,2.779296875,-3.8828125,-6.662109375,0.9987232089042664,0.0012768144952133298,False
4.543.N,4.543,N,Em que unidades se medem os monitores? Em pulgadas.,0,1,-3.310546875,3.310546875,6.62109375,0.0013302015140652657,0.9986698627471924,False
4.83.H,4.83,H,O que é uma roubalheira? É o ato de roubar uma alheira.,1,1,-2.955078125,3.130859375,6.0859375,0.0022694687359035015,0.997730553150177,True
5.3169.N,5.3169,N,Que rainha rosna como cantora? Queen Lati Fa.,0,1,-3.73046875,3.849609375,7.580078125,0.0005102608120068908,0.9994896650314331,False
4.206.H,4.206,H,O que diz um castor excitado? Suck my dique!,1,1,-2.98046875,2.9296875,5.91015625,0.0027044296730309725,0.9972955584526062,True
5.31.H,5.31,H,Qual é o poeta que sempre se atrasa?  Vinícius Demorais.,1,1,-3.927734375,4.328125,8.255859375,0.00025966475368477404,0.9997403025627136,True
5.1714.N,5.1714,N,Por que o maquinista deixou o maluco sentar do seu lado? Porque o maluco o motiva.,0,0,2.955078125,-3.54296875,-6.498046875,0.9984959363937378,0.0015041126171126962,True
5.177.H,5.177,H,Qual cantor faz shows em Spa? Zeca Pragordinho.,1,1,-3.705078125,3.59375,7.298828125,0.0006758737727068365,0.9993242025375366,True
5.663.H,5.663,H,Por que tem eleição no mundo das aves? Porque a gaivota.,1,1,-3.57421875,3.603515625,7.177734375,0.000762813026085496,0.9992371797561646,True
5.2559.N,5.2559,N,Qual é o cantor que tá sempre na cena de um crime? Benito de Paula.,0,0,3.66015625,-4.0,-7.66015625,0.9995290040969849,0.00047101182281039655,True
5.1601.N,5.1601,N,Qual filme conta a história do filho do Shrek? Shrek 3.,0,0,3.412109375,-3.70703125,-7.119140625,0.9991912245750427,0.0008088073809631169,True
5.2609.H,5.2609,H,O que o anão estava fazendo com a bola de futebol? Embaixadinhas.,1,1,-2.119140625,2.021484375,4.140625,0.015663649886846542,0.9843363761901855,True
4.442.N,4.442,N,O que é que os bebés já fazem aos 12 meses? Falar.,0,0,3.369140625,-3.9140625,-7.283203125,0.999313473701477,0.0006865099421702325,True
5.2468.H,5.2468,H,Qual é o Rapper que toca sempre as mesmas músicas? Rappertido.,1,1,-4.171875,4.23046875,8.40234375,0.00022429059026762843,0.9997757077217102,True
5.3709.N,5.3709,N,Qual é o personagem do Chaves que representa a bondade encarnada? Chaves.,0,0,4.421875,-4.91796875,-9.33984375,0.9999121427536011,8.784543751971796e-05,True
5.2323.H,5.2323,H,Qual tipo de piada geralmente é feito entre dois homens pelados? Troca-trocadilho.,1,1,-1.068359375,0.7021484375,1.7705078125,0.1454792022705078,0.854520857334137,True
4.160.N,4.160,N,O que diz uma banana suicida? Macacos me comam!,0,0,1.9326171875,-2.501953125,-4.4345703125,0.988278865814209,0.011721145361661911,True
5.1861.H,5.1861,H,Qual é o biscoito preferido da filha da fazendeira? A mãe tem gado.,1,1,-2.431640625,2.7421875,5.173828125,0.005630961619317532,0.9943690896034241,True
5.3987.H,5.3987,H,"Qual artista pop era porco, gordo, mas era irresistível? Baicon Jackson.",1,1,-3.365234375,3.455078125,6.8203125,0.0010901900241151452,0.9989098310470581,True
5.537.H,5.537,H,Onde se guardam as pequenas coisas? No armário da Coizinha.,1,1,-3.314453125,3.177734375,6.4921875,0.0015129382954910398,0.9984869956970215,True
5.442.N,5.442,N,Qual o salgadinho favorito dos torcedores do Flamengo? Ruffles.,0,0,3.5859375,-4.46875,-8.0546875,0.9996825456619263,0.000317508791340515,True
4.534.H,4.534,H,Qual é a rádio mais ouvida ao pequeno-almoço? É a Rádio Comer-cereal.,1,1,-3.4765625,3.642578125,7.119140625,0.0008088073809631169,0.9991912245750427,True
5.3581.N,5.3581,N,Qual pintor gosta de pintar os personagens de Toy Story usando cores bem vivas? O Andy Warhol.,0,0,3.8125,-4.10546875,-7.91796875,0.9996359348297119,0.00036400865064933896,True
5.1249.N,5.1249,N,Por que o veganismo é a política de Estado na Bolívia? Para ninguém comer carne.,0,0,3.37109375,-3.896484375,-7.267578125,0.9993026256561279,0.0006973132840357721,True
4.627.H,4.627,H,Um homem teve um filho nos Estados Unidos. Qual é o filme? American Pai.,1,1,-3.62890625,3.791015625,7.419921875,0.0005988371558487415,0.9994012117385864,True
4.489.N,4.489,N,Hoje de manhã consegui empilhar catorze panquecas . Aquilo é que foi um pequeno-almoço grande.,0,0,3.166015625,-3.412109375,-6.578125,0.9986114501953125,0.0013885232619941235,True
5.2743.N,5.2743,N,Qual o animal que sempre tá de brinks? Suricato,0,1,-4.1171875,4.23828125,8.35546875,0.00023505199351347983,0.9997649788856506,False
3.3.H,3.3,H,Por que um policial estava interrogando um saco de cimento? Porque ele queria informações concretas.,1,0,1.8916015625,-2.466796875,-4.3583984375,0.9873628616333008,0.012637127190828323,False
4.95.H,4.95,H,Qual é a única profissão que necessita de uma mãozinha para trabalhar? É a manicure.,1,0,3.04296875,-4.09765625,-7.140625,0.999208390712738,0.0007916296599432826,False
5.1059.N,5.1059,N,"Meu celular quebrou em várias partes . Do que eu preciso? De uma bactéria, porque ela conserta celular.",0,1,-1.1279296875,1.046875,2.1748046875,0.10203596949577332,0.8979640603065491,False
5.2099.H,5.2099,H,Qual é o local religioso preferido dos jogadores de basquete? O Vaquicano ,1,1,-2.916015625,3.033203125,5.94921875,0.0026010938454419374,0.9973989725112915,True
5.3664.N,5.3664,N,Em qual faculdade o negão só entrava pelado? Nutrição.,0,0,4.15234375,-4.69921875,-8.8515625,0.9998568296432495,0.0001431373821105808,True
5.1861.N,5.1861,N,Qual o super herói que gosta de ver pessoas transando? Wolverine.,0,0,3.7890625,-4.59375,-8.3828125,0.9997712969779968,0.0002287133247591555,True
5.778.N,5.778,N,Por que o cara que não fazia exercícios prestou odonto? Pra ser dentista.,0,0,3.80859375,-4.3046875,-8.11328125,0.9997005462646484,0.0002994447131641209,True
5.3848.H,5.3848,H,Qual dublador tbm é psicólogo? Freud Mascarenhas.,1,1,-3.02734375,3.27734375,6.3046875,0.0018243828089907765,0.9981756210327148,True
5.3431.H,5.3431,H,Qual cidade espanhola preferida pelo Faustão ? Sevilha nos Trinta.,1,1,-3.271484375,3.69140625,6.962890625,0.0009454622631892562,0.999054491519928,True
5.62.H,5.62,H,Qual é a atriz que só usa roupa da Zara? Taís Zarauso.,1,1,-4.23828125,4.51953125,8.7578125,0.00015720343799330294,0.9998427629470825,True
4.59.N,4.59,N,"Estão dois pontos a comerem-se, vira-se um: olha lá isto é sério ou é um caso?",0,0,2.671875,-2.6328125,-5.3046875,0.9950562715530396,0.004943688865751028,True
5.54.N,5.54,N,Qual é o personagem histórico que fui eu que indiquei? Simone de Beauvoir.,0,0,4.296875,-4.59765625,-8.89453125,0.9998629093170166,0.000137118055135943,True
5.2069.H,5.2069,H,Os imperador inca decretou que as lhamas seriam os únicos animais permitidos em Machu Picchu. Qual é o nome do filme? O Império Contra a Alpaca ,1,1,-3.453125,3.6015625,7.0546875,0.0008626078488305211,0.9991374015808105,True
4.751.H,4.751,H,"Como correu a primeira final de sempre da Liga dos Campeões com patos? Foi bem dispatada, cheia de quacks da bola e acabou empatada.",1,1,-3.189453125,3.029296875,6.21875,0.0019877743907272816,0.9980121850967407,True
5.169.N,5.169,N,Em qual programa o Sílvio Santos exagera no laquê? Todos.,0,0,3.689453125,-4.61328125,-8.302734375,0.9997522234916687,0.0002477767993696034,True
5.1802.H,5.1802,H,Qual é o celular dos veganos? Aipo ne,1,1,-4.14453125,4.08984375,8.234375,0.00026530236937105656,0.9997346997261047,True
5.2845.N,5.2845,N,Uma mulher sofre de diarreia crônica . Qual o nome da novela? Maria do Bairro,0,1,-1.455078125,1.3701171875,2.8251953125,0.055977750569581985,0.9440222382545471,False
5.785.H,5.785,H,Como se chama a mãe que cozinha bem? Mãesterchef.,1,1,-3.341796875,3.291015625,6.6328125,0.001314724562689662,0.9986853003501892,True
5.2016.N,5.2016,N,Que cantora queria comer formiga? A TamanDua Lipa,0,1,-4.03515625,4.26953125,8.3046875,0.00024729344295337796,0.9997527003288269,False
4.428.H,4.428,H,Eu sempre quis comprar um cavalo. Por isso fui a uma quinta e pedi um horsamento.,1,1,-1.712890625,1.5849609375,3.2978515625,0.03564496710896492,0.9643549919128418,True
5.2894.H,5.2894,H,Por que os musicos gostam de tocar a luz de velas? Parafinar os instrumentos ,1,1,-1.2939453125,1.125,2.4189453125,0.0817393809556961,0.9182605743408203,True
4.595.N,4.595,N,Para que servem óculos verdes? Para ver ao perto.,0,0,2.998046875,-3.716796875,-6.71484375,0.9987887740135193,0.001211306662298739,True
5.3526.N,5.3526,N,O que fez o garçom militar? Abandonou o exército.,0,0,3.841796875,-4.265625,-8.107421875,0.9996988773345947,0.0003012038941960782,True
5.2393.N,5.2393,N,Qual é o canal infantil que só transmite desenho de carro? Car Tum Network.,0,1,-4.015625,4.08203125,8.09765625,0.00030415886431001127,0.999695897102356,False
4.425.H,4.425,H,"Qual é o cão mais fixe? O Dálmata, porque tem muita pinta.",1,0,3.220703125,-3.681640625,-6.90234375,0.9989956021308899,0.001004416262730956,False
5.1832.N,5.1832,N,Qual antigo líder alemão é a inspiração do Pelé? Kai-kaiser.,0,1,-3.646484375,3.849609375,7.49609375,0.0005549409543164074,0.9994450211524963,False
5.1332.N,5.1332,N,Por que o nerd pediu a calculadora em exame? Porque ela dava valor.,0,0,1.861328125,-2.23046875,-4.091796875,0.9835653901100159,0.016434574499726295,True
5.153.N,5.153,N,Por que o óculos foi deixado na escada? Porque era um óculos perdido.,0,1,-1.7275390625,1.5849609375,3.3125,0.03514484688639641,0.9648551344871521,False
4.313.H,4.313,H,Já abriu a nova discoteca para gatos. Chama-se Barra-cão.,1,1,-3.580078125,3.90625,7.486328125,0.000560383836273104,0.9994396567344666,True
4.362.N,4.362,N,"Uma família estava perdida no deserto há mais de dois meses, até que encontraram um rio onde todos tomaram banho, exceto a avó . Qual é o problema? A avó precisa de ajuda.",0,0,4.0234375,-4.62890625,-8.65234375,0.9998252987861633,0.0001746863272273913,True
5.2689.N,5.2689,N,Renata voltou do médico com o braço furado . Qual é o acontecimento histórico? Guerra de canudos.,0,1,-2.185546875,2.21484375,4.400390625,0.012123754248023033,0.9878761768341064,False
4.382.H,4.382,H,Porque é que o motociclista chegou atrasado ao trabalho? Porque saiu de casa motard.,1,1,-3.830078125,3.87109375,7.701171875,0.00045209232484921813,0.9995478987693787,True
4.481.H,4.481,H,Porque é que o corcunda de Notre-Dame não seguiu a carreira de advogado? Porque nunca conseguiu estudar direito.,1,0,3.732421875,-4.76953125,-8.501953125,0.9997970461845398,0.0002030301548074931,False
5.3111.N,5.3111,N,O que o Galvão falou para um pássaro? Vai que é tua...Taffarel!,0,1,-3.09375,3.361328125,6.455078125,0.0015700474614277482,0.9984299540519714,False
4.348.H,4.348,H,O que é que os bonecos de neve costumam pôr no leite? Flocos.,1,0,3.466796875,-4.28515625,-7.751953125,0.9995703101158142,0.00042971738730557263,False
5.3946.H,5.3946,H,O quê o seu Madruga usa pra tomar banho? A bucha do 71.,1,1,-3.1171875,3.142578125,6.259765625,0.001908046193420887,0.998091995716095,True
4.170.N,4.170,N,Qual é o jogo preferido das crianças? O futebol.,0,0,3.798828125,-4.7421875,-8.541015625,0.9998047947883606,0.00019525369862094522,True
5.1971.N,5.1971,N,Qual padre que toda vez eu vejo tenho ejaculação precoce? Marcelo Rossi.,0,0,4.1171875,-4.42578125,-8.54296875,0.9998051524162292,0.00019487277313601226,True
5.1025.H,5.1025,H,Quem financiou o Ben 10? O BNDEZ,1,0,1.7900390625,-2.177734375,-3.9677734375,0.9814355969429016,0.018564347177743912,False
5.2422.N,5.2422,N,Por que em Campinas as pessoas não falam as coisas na lata? Porque lá é impossível fazer algo sem rodeios.,0,0,0.2783203125,-0.51220703125,-0.79052734375,0.6879445314407349,0.31205543875694275,True
5.3546.N,5.3546,N,Qual o seriado de tv do cara que sempre quer um pouco da comida dos outros? Kennan e Kel!,0,1,-1.9013671875,1.8232421875,3.724609375,0.023554332554340363,0.976445734500885,False
5.232.N,5.232,N,Qual é o perfume do zagueiro ruim? Armani.,0,0,3.845703125,-4.80859375,-8.654296875,0.999825656414032,0.0001743455504765734,True
4.59.H,4.59,H,"Estão dois pontos a comerem-se, vira-se um: olha lá isto é sério ou é um caso pontual?",1,0,1.9423828125,-1.9375,-3.8798828125,0.9797646999359131,0.020235320553183556,False
4.739.H,4.739,H,Para a semana vou organizar uma festa para pessoas com dificuldade em atingir o clímax. Avisem-me se não conseguirem vir.,1,0,1.4248046875,-1.8916015625,-3.31640625,0.9649873375892639,0.0350126251578331,False
5.2141.N,5.2141,N,Por que tiraram a jogadora de vôlei do time após fazer o ponto? Porque foi machucada,0,0,3.564453125,-4.5234375,-8.087890625,0.9996929168701172,0.00030714282183907926,True
5.1288.H,5.1288,H,Qual atriz gosta de chocolate? Fernanda DiaMontenegro.,1,1,-4.02734375,4.28515625,8.3125,0.00024536947603337467,0.9997546076774597,True
4.149.N,4.149,N,Que nome se dá a uma irritação cutânea no rabo? Prurido anal.,0,1,-4.328125,4.17578125,8.50390625,0.00020263406622689217,0.9997974038124084,False
5.1223.H,5.1223,H,Qual parte do corpo nunca está acordada? Abidorme.,1,1,-3.8984375,3.921875,7.8203125,0.00040133504080586135,0.9995986819267273,True
5.1591.N,5.1591,N,Qual é o filme em que um salgado lidera um exército em busca da vitória? Juno.,0,0,3.78125,-4.10546875,-7.88671875,0.9996243715286255,0.00037555917515419424,True
5.3364.H,5.3364,H,O que os homens em Rio Branco costumam beber? Conhacre.,1,1,-3.9921875,4.25,8.2421875,0.000263238325715065,0.9997367262840271,True
4.125.H,4.125,H,O que é que os russos dizem quando mandam uma bola ao cão? Babushka!,1,0,-0.1419677734375,-0.338134765625,-0.1961669921875,0.5488851070404053,0.4511149227619171,False
4.454.H,4.454,H,Que dor sente um homem sem um braço? Dor de coto vê-lo.,1,1,-3.892578125,3.830078125,7.72265625,0.0004424872749950737,0.9995575547218323,True
4.413.N,4.413,N,A minha mulher surda trocou-me por outro homem . Devia ter percebido os avisos ...,0,0,2.09765625,-2.697265625,-4.794921875,0.9917961359024048,0.008203786797821522,True
4.159.N,4.159,N,Qual é o elemento químico mais comum na tabela periódica ? O tungsténio .,0,1,-2.912109375,3.150390625,6.0625,0.002323162741959095,0.9976769089698792,False
5.871.N,5.871,N,Por que o construtor virou comunista depois que se deparou com um prego tão duro que destruiu seu equipamento de trabalho? Porque estragou o martelo.,0,0,3.607421875,-4.53125,-8.138671875,0.9997079968452454,0.00029193953378126025,True
4.454.N,4.454,N,Que dor sente um homem com um braço? Dor de cotovelo.,0,0,3.64453125,-4.6171875,-8.26171875,0.9997418522834778,0.00025814815307967365,True
5.2300.N,5.2300,N,Por que as pessoas estavam testando comidas dentro do ônibus? Porque era um teste do Fantástico.,0,1,-1.4189453125,1.607421875,3.0263671875,0.04624880850315094,0.9537512063980103,False
5.984.H,5.984,H,Levei meu carro na feira ao invés de levar para a oficina. Qual é o nome do filme? Laranja Mecânica.,1,0,3.12890625,-3.546875,-6.67578125,0.9987404942512512,0.001259498530998826,False
5.3601.H,5.3601,H,Qual cantora que mais tem acnes? Britney Espinhas.,1,1,-4.14453125,4.2890625,8.43359375,0.00021739141084253788,0.9997826218605042,True
4.413.H,4.413,H,A minha mulher surda trocou-me por outro homem. Devia ter percebido os sinais...,1,0,1.8994140625,-2.484375,-4.3837890625,0.9876757860183716,0.012324207462370396,False
5.1982.H,5.1982,H,Quem cuida da documentação na floresta? O Tabeleão ,1,0,3.578125,-4.4453125,-8.0234375,0.9996724128723145,0.0003275842755101621,False
4.708.N,4.708,N,Qual é a cantora preferida dos cirurgiões? É a Mariza.,0,0,1.8232421875,-2.28125,-4.1044921875,0.9837693572044373,0.016230614855885506,True
5.3595.N,5.3595,N,Qual o chinelo mais vendido em Salvador? Havaianas.,0,0,4.37890625,-4.8359375,-9.21484375,0.9999004602432251,9.95407608570531e-05,True
5.1690.H,5.1690,H,Por que o canoísta Isaquias Queiroz foi convidado para ir pro espaço? Porque ele é um astronáutico,1,0,3.373046875,-4.37109375,-7.744140625,0.9995668530464172,0.00043308618478477,False
4.594.N,4.594,N,Porque é que o professor de matemática se suicidou? Tinha muitos problemas.,0,0,3.681640625,-4.703125,-8.384765625,0.999771773815155,0.00022826716303825378,True
4.352.H,4.352,H,Qual é a diferença entre um boneco de neve e uma boneca de neve? As bolas de neve.,1,0,3.48046875,-4.2734375,-7.75390625,0.9995711445808411,0.0004288792551960796,False
5.4009.H,5.4009,H,Qual o nome da menina que você deveria investir ? Valeria Pena.,1,1,-3.4375,3.509765625,6.947265625,0.0009603368234820664,0.9990395903587341,True
4.55.N,4.55,N,O que é um omo? É um sabão em pó com o qual se lavam as partes íntimas.,0,0,0.34375,-0.4599609375,-0.8037109375,0.6907677054405212,0.30923226475715637,True
4.381.H,4.381,H,O que acontece quando metes um tomate no micro-ondas? Entalas o outro.,1,1,-0.59033203125,0.44140625,1.03173828125,0.26274722814559937,0.7372527718544006,True
5.3703.H,5.3703,H,Que atriz trabalha como lixeira? Tony Colete.,1,1,-4.14453125,4.2578125,8.40234375,0.00022429059026762843,0.9997757077217102,True
5.240.N,5.240,N,O moço nao estava se sentindo bem . O que ele tinha? Azia.,0,0,3.51953125,-4.48828125,-8.0078125,0.9996672868728638,0.00033274127054028213,True
5.1503.N,5.1503,N,O gaúcho não achava o seu carro no estacionamento . Qual o modelo do carro? Miura!,0,0,1.4443359375,-1.9267578125,-3.37109375,0.9667888283729553,0.03321117162704468,True
5.2142.N,5.2142,N,Por que os jogadores de vôlei estão sempre no foco da notícia? Porque eles são bons na ataque,0,1,-3.1015625,3.5859375,6.6875,0.0012448433553799987,0.9987550973892212,False
5.217.H,5.217,H,O que usam para fazer as bonecas Barbie? Aparelho de barbear.,1,0,3.564453125,-4.42578125,-7.990234375,0.9996613264083862,0.000338639976689592,False
5.2166.H,5.2166,H,Qual cantor era lobisomem? O uiWando ,1,1,-2.953125,2.890625,5.84375,0.0028895805589854717,0.9971103668212891,True
5.3045.N,5.3045,N,""" Por que a pessoa não paga pelo absorvente? Porque "" "" quer de graça "" "" . """,0,0,1.6005859375,-2.017578125,-3.6181640625,0.973869264125824,0.026130758225917816,True
5.1059.H,5.1059,H,"Meu celular quebrou em várias partes. Do que eu preciso?  De uma bactéria, porque ela unicelular.",1,1,-3.326171875,3.755859375,7.08203125,0.0008393599418923259,0.999160647392273,True
5.211.H,5.211,H,Qual é o urso que muda de opinião toda hora? Urso Bipolar.,1,1,-2.34765625,2.185546875,4.533203125,0.010631945915520191,0.9893680214881897,True
4.508.N,4.508,N,O que é a disfunção eréctil? É a incapacidade de sentir atração pelos candidatos.,0,0,1.0712890625,-1.318359375,-2.3896484375,0.9160345196723938,0.08396546542644501,True
5.2820.H,5.2820,H,Cantora que sempre fez dieta? Elis Regime ,1,1,-4.15234375,4.171875,8.32421875,0.00024251153809018433,0.9997574687004089,True
5.137.N,5.137,N,"Se o Kid Bengala fosse um personagem da Caverna do Dragão, quem o ajudaria a voltar para casa? Mestre dos Magos.",0,0,4.203125,-5.00390625,-9.20703125,0.9998996257781982,0.00010032138379756361,True
5.2074.H,5.2074,H,Qual o cantor que nunca deixa a mulher sair sozinha? Milton Naciumento ,1,1,-3.77734375,4.04296875,7.8203125,0.00040133504080586135,0.9995986819267273,True
4.342.H,4.342,H,Qual é o contrário de menu? Youvestido.,1,1,-3.89453125,3.916015625,7.810546875,0.0004052719159517437,0.9995947480201721,True
5.248.N,5.248,N,Qual foi o dinossauro mais zoeiro que existiu? Velociraptor.,0,1,-2.275390625,2.4609375,4.736328125,0.008694533258676529,0.991305410861969,False
5.3211.N,5.3211,N,Qual o ator favorito do Thor? Christopher Hemsworth.,0,0,4.29296875,-4.4765625,-8.76953125,0.9998445510864258,0.0001553722540847957,True
5.1599.H,5.1599,H,Qual é o nome da loja do músico veterinário? Trom Pet.,1,1,-2.134765625,2.4609375,4.595703125,0.009994227439165115,0.9900057911872864,True
5.2351.N,5.2351,N,Qual é o árbitro que expulsa as pessoas e elas nunca mais podem voltar? O bandeirinha.,0,0,1.4072265625,-1.5966796875,-3.00390625,0.9527502655982971,0.04724971204996109,True
5.521.N,5.521,N,Qual ator que peida tão alto que ressoa? Francisco Xavier.,0,0,4.1953125,-4.48046875,-8.67578125,0.9998292922973633,0.000170640429132618,True
5.3011.N,5.3011,N,Qual animal gosta de ensinar? Panda.,0,0,4.296875,-4.75390625,-9.05078125,0.999882698059082,0.0001172855991171673,True
5.1807.H,5.1807,H,Qual animal é cabeleireiro? Serpente,1,0,3.705078125,-4.64453125,-8.349609375,0.999763548374176,0.00023643295571673661,False
5.1279.H,5.1279,H,Qual ator mirim não escova os dentes? MaCarie Culkin.,1,0,3.009765625,-3.267578125,-6.27734375,0.9981251358985901,0.0018748616566881537,False
5.1684.H,5.1684,H,Qual cantor odeia a pia cheia? Caetano vê louça,1,1,-3.892578125,4.12890625,8.021484375,0.0003282245306763798,0.9996718168258667,True
4.90.N,4.90,N,"Como é que se diz "" copia bem "" em inglês? Copy & paste.",0,0,3.318359375,-4.06640625,-7.384765625,0.9993797540664673,0.0006202511722221971,True
5.2951.H,5.2951,H,Qual é o personagem de Chaves que gosta de ficar rodando dildos? O Professor Gira Falos. ,1,1,-3.69140625,3.689453125,7.380859375,0.0006226772093214095,0.9993773102760315,True
4.63.N,4.63,N,O que é que se faz num velório de lésbicas? Um minuto de silêncio.,0,0,4.11328125,-4.5234375,-8.63671875,0.9998225569725037,0.0001774367701727897,True
5.283.N,5.283,N,O que o coveiro disse quando pediram a ele para gerenciar o cemitério? Isso não é da minha alçada.,0,0,2.9296875,-3.3203125,-6.25,0.9980732202529907,0.0019267346942797303,True
5.3434.H,5.3434,H,Por que o Faustão quer que você coloque o Plinio no seu devido lugar? Pra que tu reclames do Plinplin.,1,1,-3.216796875,3.5390625,6.755859375,0.0011626856867223978,0.9988372921943665,True
4.562.N,4.562,N,Em que estado se encontra o rio Mississipi? No estado Minnessota.,0,1,-3.95703125,3.74609375,7.703125,0.0004512105952017009,0.9995487332344055,False
5.2616.H,5.2616,H,Qual ator sempre dá tudo de si? Doei-me Johnson.,1,1,-3.876953125,4.01953125,7.896484375,0.0003719108644872904,0.9996280670166016,True
4.482.H,4.482,H,"O homem já vivei no período Paleolítico, no Mesolítico, no Neolítico... A avaliar pelo stress com que eu ando, devemos estar agora no Ansiolítico.",1,1,-2.314453125,2.408203125,4.72265625,0.008813166059553623,0.991186797618866,True
4.698.H,4.698,H,Qual é a semelhança entre o sol e um avô? Ambos fazem qualquer coisa planeta.,1,1,-2.939453125,3.05078125,5.990234375,0.002496827859431505,0.9975032210350037,True
4.742.H,4.742,H,O que teria acontecido se Adão e Eva fossem canibais? A Eva teria comido a maçã-de-adão.,1,1,-2.162109375,2.123046875,4.28515625,0.013584393076598644,0.986415684223175,True
4.634.N,4.634,N,"Por que é que a apresentadora do Querido, Mudei a Casa foi para o hospital? Porque tinha um problema renal.",0,0,3.548828125,-4.45703125,-8.005859375,0.9996665716171265,0.00033339153742417693,True
5.2511.N,5.2511,N,Qual é a série que conta a história de um anfíbio no alto do Everest? A escalada do sapo.,0,0,3.552734375,-4.49609375,-8.048828125,0.9996806383132935,0.0003193740558344871,True
5.358.H,5.358,H,Qual cidade incentiva o uso do tato? Toque-o.,1,0,3.552734375,-4.125,-7.677734375,0.9995372295379639,0.0004628084134310484,False
5.704.N,5.704,N,Qual cerveja é comum nos navios? Brahma.,0,0,4.17578125,-4.83984375,-9.015625,0.9998785257339478,0.00012148175301263109,True
4.536.N,4.536,N,Porque é que o génio recebeu um prémio Nobel? Porque foi o que mais se destacou no seu campo.,0,0,2.908203125,-3.240234375,-6.1484375,0.9978677034378052,0.002132261637598276,True
4.611.N,4.611,N,"Como se diz "" tripa de boi "" em português? Intestino delgado.",0,0,3.89453125,-4.66796875,-8.5625,0.9998089671134949,0.000191104321856983,True
5.1311.H,5.1311,H,Qual cantor sertanejo faliu? Luan Sengrana.,1,1,-4.03125,4.17578125,8.20703125,0.00027265484095551074,0.9997273087501526,True
5.3011.H,5.3011,H,Qual animal gosta de ensinar? LargaTeacher.,1,1,-4.09375,4.1015625,8.1953125,0.0002758678747341037,0.9997240900993347,True
5.28.H,5.28,H,Qual é a modelo mais gorda que existe? XL Bündchen.,1,1,-0.1915283203125,0.159423828125,0.3509521484375,0.4131515622138977,0.5868484377861023,True
5.2912.N,5.2912,N,Qual é o prato de carne branca que nenhum cozinheiro acerta? Porco,0,0,3.580078125,-4.2890625,-7.869140625,0.9996178150177002,0.00038221667637117207,True
4.600.N,4.600,N,O que são quatro pontos pretos no chão? Formigas.,0,0,3.51953125,-4.46484375,-7.984375,0.9996594190597534,0.0003406293108128011,True
5.2972.H,5.2972,H,Qual a marca de roupa preferida dos esquilos? Alvin Klein.,1,0,3.2734375,-3.67578125,-6.94921875,0.9990414977073669,0.0009584647486917675,False
4.229.N,4.229,N,A minha amiga asiática ficou doente . Mas eu salvei-a.,0,0,2.58203125,-2.90234375,-5.484375,0.995866060256958,0.004133968148380518,True
4.276.N,4.276,N,Uma mulher tropeça e cai em cima de um cão . Qual é o filme? Senta em um cão.,0,0,3.435546875,-3.83984375,-7.275390625,0.9993081092834473,0.0006918904837220907,True
5.871.H,5.871,H,Por que o construtor virou comunista depois que se deparou com um prego tão duro que destruiu seu equipamento de trabalho? Porque foice o martelo.,1,0,1.1455078125,-1.6357421875,-2.78125,0.9416541457176208,0.05834583938121796,False
5.239.H,5.239,H,O que o cantor sertanejo foi fazer no RH? Foi ser demitido por justa calça.,1,1,-2.763671875,2.9296875,5.693359375,0.0033569515217095613,0.99664306640625,True
5.230.H,5.230,H,Qual é o ator que admira um dia ensolarado e sem nuvens? Céu Tão Belo.,1,1,-1.2509765625,1.443359375,2.6943359375,0.06330841034650803,0.9366915822029114,True
5.1869.N,5.1869,N,Qual a doença mais bonita que existe? Sarda.,0,0,1.2216796875,-1.6611328125,-2.8828125,0.9469902515411377,0.0530097670853138,True
5.58.N,5.58,N,O que o judeu passa no corpo quanto está com dor? Cataflan.,0,0,3.740234375,-4.69140625,-8.431640625,0.999782145023346,0.00021781629766337574,True
5.285.N,5.285,N,Qual personagem carnavalesco não é esquecido? Rei Momo,0,0,3.822265625,-4.7109375,-8.533203125,0.9998032450675964,0.0001967847638297826,True
5.266.N,5.266,N,Qual número gosta de rádio? 14.,0,0,4.23046875,-4.40625,-8.63671875,0.9998225569725037,0.0001774367701727897,True
4.477.H,4.477,H,"Perguntei a um francês se jogava videojogos. ""Wii"".",1,0,2.728515625,-3.17578125,-5.904296875,0.9972796440124512,0.002720278687775135,False
5.610.H,5.610,H,Qual o nome que se da a gestação de 10 bebês ao msm tempo? Gravidez!,1,0,3.44921875,-4.07421875,-7.5234375,0.9994600415229797,0.000539980421308428,False
5.840.H,5.840,H,Qual filme do Eddie Murphy ocupa muita memória? 1 tera da pesada.,1,1,-2.345703125,2.53515625,4.880859375,0.00753330672159791,0.9924666285514832,True
5.3115.H,5.3115,H,Por que o fazendeiro ficou pobre depois de ir ao banheiro? Porque o intestino deu o gado.,1,1,-3.33984375,3.55078125,6.890625,0.0010162440594285727,0.9989836812019348,True
5.1486.H,5.1486,H,Qual gata que entrou e logo depois saiu do chat? Hello Kitty.,1,0,3.841796875,-4.17578125,-8.017578125,0.9996705055236816,0.0003295087080914527,False
5.392.H,5.392,H,Qual apresentador jogava basquete? Chacrinha O'Neal,1,1,-2.798828125,2.908203125,5.70703125,0.0033115192782133818,0.9966885447502136,True
5.152.H,5.152,H,Por que antigamente o Brasil era mais cheiroso? Porque era colônia.,1,1,-3.287109375,3.30078125,6.587890625,0.001375047955662012,0.9986249208450317,True
4.400.N,4.400,N,Que nome se dá a um professor com os dentes grandes? Professor.,0,0,3.533203125,-4.14453125,-7.677734375,0.9995372295379639,0.0004628084134310484,True
5.2813.N,5.2813,N,Qual instrumento leva os dentistas à morte? Faca,0,0,3.53515625,-4.34765625,-7.8828125,0.9996229410171509,0.0003770285693462938,True
5.16.N,5.16,N,Para onde as pulgas vão quando morrem? Para o céu.,0,0,3.482421875,-4.4765625,-7.958984375,0.9996505975723267,0.00034938575117848814,True
5.2217.H,5.2217,H,Que terapeuta bebe todo dia? Psicólatra ,1,0,3.724609375,-4.58984375,-8.314453125,0.9997550845146179,0.0002448908344376832,False
4.149.H,4.149,H,Que nome se dá a uma irritação cutânea no rabo? Cumichão.,1,1,-3.80859375,3.70703125,7.515625,0.0005442132824100554,0.9994557499885559,True
5.3548.N,5.3548,N,Qual a empresa especializada na remoção de carpetes? Tira-carpetes.,0,0,3.7578125,-4.09765625,-7.85546875,0.9996125102043152,0.00038747614598833025,True
5.94.N,5.94,N,Qual o material bélico mais carente? Nenhum.,0,0,3.470703125,-4.4375,-7.908203125,0.9996323585510254,0.00036757951602339745,True
5.1297.H,5.1297,H,Qual candidato é doador de órgãos? Cabo dá seu olho.,1,1,-2.80078125,2.81640625,5.6171875,0.003621685318648815,0.9963783621788025,True
5.2687.H,5.2687,H,Qual é a banda que não toca em esferas nem em cones? Incubus,1,1,-1.728515625,1.7041015625,3.4326171875,0.031291503459215164,0.9687085151672363,True
5.1073.H,5.1073,H,"Qual filme conta a história do casal mais perdido do mundo em ação? ""Procurando; né, mô?""",1,1,-3.150390625,3.296875,6.447265625,0.001582341967150569,0.9984176158905029,True
5.266.H,5.266,H,Qual número gosta de rádio? O 20.,1,0,3.7421875,-3.958984375,-7.701171875,0.9995478987693787,0.00045209232484921813,False
5.153.H,5.153,H,Por que o óculos foi deixado na escada? Porque era um óculos degrau.,1,1,-3.97265625,4.25,8.22265625,0.0002684288483578712,0.9997316002845764,True
5.1524.N,5.1524,N,Como se chamava o cara que roubava discos do Exaltasamba? Claptonmaníaco.,0,1,-3.69140625,3.5859375,7.27734375,0.0006905413465574384,0.9993094205856323,False
5.261.N,5.261,N,Qual é o cantor que se suicidou? Frank Sinatra.,0,0,3.947265625,-4.3046875,-8.251953125,0.9997393488883972,0.00026068082661367953,True
5.1593.H,5.1593,H,Qual é o filme da Xuxa que se passa em um hospital? Xuxa e os Doentes.,1,0,2.705078125,-3.251953125,-5.95703125,0.9974191188812256,0.002580904169008136,False
5.681.H,5.681,H,Qual matéria da escola pode machucar? Tabuada.,1,0,3.640625,-4.41015625,-8.05078125,0.9996812343597412,0.0003187510883435607,False
5.3848.N,5.3848,N,Qual dublador tbm é psicólogo? Charles Emmanuel.,0,0,2.67578125,-3.021484375,-5.697265625,0.996656060218811,0.0033439076505601406,True
5.1791.H,5.1791,H,Qual é o nome do motorista de transporte escolar que está sempre atrasado? Van delay,1,1,-4.2578125,4.0390625,8.296875,0.00024923254386521876,0.9997507929801941,True
5.1872.N,5.1872,N,Qual o nome do programa de quem tem pele mole? Bro Show.,0,1,-1.3037109375,1.3603515625,2.6640625,0.06512755155563354,0.9348725080490112,False
5.1736.N,5.1736,N,Qual é a cantora favorita do Tony Hawk? Lady Gaga.,0,0,3.958984375,-4.19140625,-8.150390625,0.9997114539146423,0.0002885393041651696,True
5.1088.N,5.1088,N,Qual cidade vive resfriada? Alegrete,0,0,0.34033203125,-0.23193359375,-0.572265625,0.6392857432365417,0.3607141971588135,True
4.141.H,4.141,H,Qual é a sobremesa mais popular na Rússia? O Putin flan.,1,1,-3.197265625,3.560546875,6.7578125,0.0011604195460677147,0.9988395571708679,True
5.1398.N,5.1398,N,Qual é o carro em que todo mundo gosta de comemorar o aniversário? A limosine.,0,1,-2.46875,2.703125,5.171875,0.005641908850520849,0.9943581223487854,False
4.150.N,4.150,N,Qual é a temperatura de um leão morto? 37º. Porque ele é um mamífero.,0,0,3.818359375,-4.5546875,-8.373046875,0.9997690320014954,0.00023095727374311537,True
5.2567.H,5.2567,H,Por que a lata de cerveja foi se benzer? Porque ela tinha sido a malte suada.,1,1,-3.958984375,4.0546875,8.013671875,0.0003307979495730251,0.9996691942214966,True
5.2824.H,5.2824,H,Como o Batman dorme? De Bruce,1,1,-2.189453125,2.69140625,4.880859375,0.00753330672159791,0.9924666285514832,True
5.1870.H,5.1870,H,Que médico só trabalha dentro de casa? Indoorcrinologista ,1,1,-1.5390625,1.5771484375,3.1162109375,0.04244350269436836,0.9575565457344055,True
5.724.N,5.724,N,Por que o 14 é melhor que o 15? Porque ele é menor.,0,0,3.201171875,-3.810546875,-7.01171875,0.999099612236023,0.0009004466119222343,True
4.599.H,4.599,H,Acabei de encomendar duas fatias de pão na internet. São da Wish.,1,1,-1.884765625,1.6533203125,3.5380859375,0.028247779235243797,0.9717521667480469,True
5.1998.H,5.1998,H,Qual é o animal que mais suja crianças? Guache nim ,1,1,-4.2578125,4.62109375,8.87890625,0.0001392770209349692,0.9998606443405151,True
5.639.H,5.639,H,Qual é o caranguejo que só sai à noite? O guaia moon.,1,1,-3.908203125,4.09765625,8.005859375,0.00033339153742417693,0.9996665716171265,True
5.2894.N,5.2894,N,Por que os musicos gostam de tocar a luz de velas? Para criar um clima com os instrumentos,0,0,3.4296875,-3.822265625,-7.251953125,0.9992916584014893,0.000708286592271179,True
4.672.H,4.672,H,Qual é o melhor óleo para lubrificar o sexo? Óleo Need Is Love.,1,1,-3.564453125,3.5078125,7.072265625,0.000847589981276542,0.999152421951294,True
4.280.H,4.280,H,Qual é o animal mais religioso? É o Papa-formigas.,1,0,0.01131439208984375,-0.6123046875,-0.6236190795898438,0.6510412096977234,0.3489587903022766,False
5.1766.H,5.1766,H,O que acontece quando Dani Rojas fica atirando pelas costas? Uma Dani ficada no rabo do adversário. ,1,1,-3.3203125,3.423828125,6.744140625,0.0011763748480007052,0.9988235831260681,True
4.728.H,4.728,H,Que nome se dá a uma gorda atrativa? Bomba calórica.,1,0,3.537109375,-4.4765625,-8.013671875,0.9996691942214966,0.0003307979495730251,False
5.1444.H,5.1444,H,Como eu sabia que a gasolina era batizada? Por que quem me atendeu era um frei tista.,1,1,-3.419921875,3.615234375,7.03515625,0.0008796061738394201,0.9991204142570496,True
4.17.H,4.17,H,Em que local do planeta se encontram mais leprosos? Nas ilhas Caimão.,1,1,-4.3203125,4.48828125,8.80859375,0.00014942092821002007,0.9998505115509033,True
5.2435.H,5.2435,H,Quais jogadores de basquete fundaram Brasília? Kobe e Shaq.,1,1,-1.9814453125,2.05078125,4.0322265625,0.01742575503885746,0.9825742840766907,True
4.474.N,4.474,N,Que nome se dá ao caixão de um cavalheiro? Caixão para homem. .,0,1,-2.083984375,2.01171875,4.095703125,0.016371550038456917,0.983628511428833,False
5.1238.N,5.1238,N,Qual o time de basquete que sempre sabe o poder de luta do adversário? O mais preparado.,0,0,3.61328125,-4.59765625,-8.2109375,0.9997283816337585,0.00027159214369021356,True
4.564.N,4.564,N,"Como é que se diz "" Albufeira "" em árabe? Albufeira.",0,0,4.26171875,-4.578125,-8.83984375,0.9998551607131958,0.00014482441474683583,True
5.3578.H,5.3578,H,O que o advogado deixou para os filhos? Seu legaldo.,1,1,-2.7421875,3.1796875,5.921875,0.0026730059180408716,0.9973269701004028,True
5.2410.N,5.2410,N,"Como os cachorros chineses dizem "" oi ""? "" au au "".",0,0,-0.03192138671875,-0.08892822265625,-0.0570068359375,0.5142478346824646,0.485752135515213,True
5.1303.N,5.1303,N,Qual o chá preferido dos britânicos para se acalmar? Erva-Cidreira.,0,1,-0.48095703125,0.462890625,0.94384765625,0.28012382984161377,0.719876229763031,False
4.637.H,4.637,H,O que faz uma hortaliça surda? Finge couve.,1,1,-4.24609375,4.203125,8.44921875,0.00021402176935225725,0.9997859597206116,True
5.1684.N,5.1684,N,O juiz condenou um réu por um crime articulado dentro de uma loja . Por quê? Porque o réu matou o lojista.,0,1,-0.313720703125,0.1773681640625,0.4910888671875,0.37963709235191345,0.6203628778457642,False
4.644.N,4.644,N,"Para quem não viu o filme ontem à noite, no fim o Edward fica com a Bella.",0,0,3.029296875,-3.138671875,-6.16796875,0.9979089498519897,0.0020911062601953745,True
5.1317.H,5.1317,H,Qual cantora sempre se desculpa? Evita Perdão.,1,1,-3.9921875,4.2734375,8.265625,0.00025714197545312345,0.9997428059577942,True
5.1098.N,5.1098,N,Qual a sobremesa oficial da Marvel? A maçã.,0,0,3.53125,-4.33203125,-7.86328125,0.9996155500411987,0.0003844619495794177,True
4.481.N,4.481,N,Porque é que o corcunda de Notre-Dame não seguiu a carreira de advogado? Porque nunca conseguiu estudar.,0,0,3.57421875,-4.4921875,-8.06640625,0.9996862411499023,0.0003138108877465129,True
4.739.N,4.739,N,Para a semana vou organizar uma festa para pessoas . Avisem-me se não conseguirem vir.,0,0,2.259765625,-2.41015625,-4.669921875,0.9907140731811523,0.009285965003073215,True
5.2927.N,5.2927,N,Qual a fruta que bate em você? Jaca,0,0,3.6875,-4.59375,-8.28125,0.9997468590736389,0.00025315640959888697,True
4.646.H,4.646,H,Qual é a posição preferida dos relógios. De quartzo.,1,0,1.7021484375,-2.20703125,-3.9091796875,0.980337381362915,0.01966257393360138,False
4.382.N,4.382,N,Porque é que o motociclista chegou atrasado ao trabalho? Porque saiu de casa tarde.,0,0,3.83984375,-4.40625,-8.24609375,0.9997377991676331,0.00026221232837997377,True
4.100.H,4.100,H,A São estava com prisão de ventre mas mesmo assim foi à sanita. Qual é o filme? Tentação.,1,0,4.36328125,-4.609375,-8.97265625,0.999873161315918,0.00012681477528531104,False
5.907.N,5.907,N,"Qual Cavaleiro do Zodíaco calou a boca de um Street Fighter? O "" Shaka "".",0,0,3.4296875,-3.91015625,-7.33984375,0.9993513226509094,0.0006487309001386166,True
5.2845.H,5.2845,H,Uma mulher sofre de diarreia crônica. Qual o nome da novela? Maria do Barro,1,1,-1.53515625,0.634765625,2.169921875,0.10248422622680664,0.8975157737731934,True
5.3181.N,5.3181,N,Por que o Mickey possui pouquíssimos bens? Porque ele é pobre.,0,0,3.796875,-4.73828125,-8.53515625,0.9998036026954651,0.0001964008843060583,True
5.3350.H,5.3350,H,"Por que o time do inferno ganhou o jogo contra o céu? ""Porque a gente atentamos o tempo todo e demo o melhor de si"".",1,1,-0.70068359375,0.71875,1.41943359375,0.19475038349628448,0.8052495718002319,True
4.261.H,4.261,H,Porque é que os peixes não jogam voleibol? Porque têm medo da rede.,1,0,0.6884765625,-1.138671875,-1.8271484375,0.8614217042922974,0.13857834041118622,False
4.585.N,4.585,N,"Nunca quis acreditar que o meu pai roubava enquanto trabalhava nas Estradas de Portugal . Mas quando eu chegava a casa, os indícios  estavam todos lá.",0,0,2.138671875,-2.794921875,-4.93359375,0.9928508996963501,0.007149101700633764,True
5.1503.H,5.1503,H,"O gaúcho não achava o seu carro no estacionamento. Qual o modelo do carro? Cadê, tche!",1,1,-3.0546875,3.341796875,6.396484375,0.001664633397012949,0.9983354210853577,True
5.1972.N,5.1972,N,Qual o padre preferido do Faustão? Padre Marcelo Rossi!!,0,0,3.162109375,-3.681640625,-6.84375,0.9989350438117981,0.0010649625910446048,True
5.962.H,5.962,H,Qual elefante da Disney usa fertilizante pra cuidar do solo? Adumbo.,1,1,-4.0390625,3.970703125,8.009765625,0.00033209225512109697,0.9996678829193115,True
5.1393.N,5.1393,N,Qual é a banda de pagode mais famosa no mundo dos animes? ASIAN KUNG-FU GENERATION .,0,1,-2.671875,3.1640625,5.8359375,0.002912178635597229,0.9970878958702087,False
5.2665.H,5.2665,H,Quem é responsável pela locomoção dos pentelhos? Transporte púbico.,1,1,-2.248046875,2.064453125,4.3125,0.013222822919487953,0.9867772459983826,True
5.1475.N,5.1475,N,Qual pico mais gelado que existe? O everest.,0,1,-2.1640625,2.125,4.2890625,0.013532147742807865,0.9864678382873535,False
1.5.N,1.5,N,Por que a galinha bateu a cabeça contra a parede? Para ficar com um machucado.,0,0,3.4140625,-4.421875,-7.8359375,0.9996048808097839,0.00039511534851044416,True
5.976.H,5.976,H,Qual passarinho adora televisão? Bem TV.,1,1,-2.90234375,3.298828125,6.201171875,0.002022953238338232,0.997977077960968,True
5.2412.N,5.2412,N,Qual é o doce que luta artes marciais? O arroz doce,0,0,3.48046875,-4.3203125,-7.80078125,0.9995908141136169,0.00040924749919213355,True
5.415.N,5.415,N,Qual é o restaurante favorito dos maconheiros? O beco.,0,0,3.220703125,-4.22265625,-7.443359375,0.9994150400161743,0.000584973196964711,True
4.330.N,4.330,N,Porque é que os bêbados gostam de passar a Ponte 25 de Abril? Porque lá há muito ar puro.,0,0,4.03125,-4.3984375,-8.4296875,0.9997817873954773,0.0002182420575991273,True
4.348.N,4.348,N,O que é que os bonecos de peluche costumam pôr no leite? Flocos.,0,0,3.37890625,-4.140625,-7.51953125,0.9994578957557678,0.0005420927191153169,True
4.327.N,4.327,N,Qual é a panela que se usa quando se está triste? Panela.,0,0,3.46484375,-3.9375,-7.40234375,0.9993904829025269,0.000609450158663094,True
5.2373.N,5.2373,N,Por que a mãe tinha que largar o bebê quando colocava sua bolsa? Porque era bolsa frontal.,0,0,2.7578125,-3.138671875,-5.896484375,0.9972584247589111,0.002741555916145444,True
5.2985.H,5.2985,H,Qual animal é coach? O cão guru.,1,1,-0.39697265625,0.1380615234375,0.5350341796875,0.3693435490131378,0.6306564807891846,True
4.663.H,4.663,H,Por que é que a professora usa óculos escuros na aula? Porque os seus alunos são brilhantes.,1,0,3.548828125,-3.90234375,-7.451171875,0.9994195699691772,0.0005804235697723925,False
4.154.N,4.154,N,O que é que os carteiros fazem nos tempos livres? Nada.,0,0,4.28125,-4.87890625,-9.16015625,0.9998948574066162,0.00010513541201362386,True
5.4027.H,5.4027,H,Qual o nome do parente que mais gosta de você? A Tia Dora.,1,0,1.8759765625,-2.150390625,-4.0263671875,0.9824735522270203,0.01752636395394802,False
5.71.H,5.71,H,Qual é o cachorro que mergulha muito? Pitchibum.,1,1,-3.880859375,3.927734375,7.80859375,0.0004060639475937933,0.9995939135551453,True
4.283.H,4.283,H,Qual é o carro que consegue transportar mais porcos? É o Nissan na vara.,1,1,-3.8125,3.986328125,7.798828125,0.0004100472142454237,0.9995899796485901,True
5.167.N,5.167,N,"O que o padrinho da faca disse? "" Oi, afilhado "".",0,0,3.841796875,-4.078125,-7.919921875,0.9996366500854492,0.00036329866270534694,True
5.385.H,5.385,H,Qual gênero literário não pode ter filhos? Mistéril.,1,1,-3.908203125,4.015625,7.923828125,0.0003618827904574573,0.9996380805969238,True
5.785.N,5.785,N,Como se chama a mãe que cozinha bem? Mutitarefa.,0,1,-3.4609375,3.484375,6.9453125,0.0009622126235626638,0.9990378618240356,False
5.202.H,5.202,H,Por que o Sílvio Santos só entra em casa depois que a mulher dele o aplaude? Porque a porta só abre com reconhecimento de Íris.,1,1,-3.07421875,3.083984375,6.158203125,0.002111583948135376,0.9978883862495422,True
5.1613.H,5.1613,H,"Como se faz para uma laranja virar uma cobra? Faz cosquinha nela, aí o suco ri.",1,1,-3.951171875,4.25,8.201171875,0.0002742566866800189,0.9997257590293884,True
5.368.H,5.368,H,Um lider religioso no pantanal matogrossense. Qual o nome do filme?  Crocodilo Gandhi,1,0,1.4140625,-1.587890625,-3.001953125,0.9526622891426086,0.047337718307971954,False
4.28.N,4.28,N,Voltei a dizer à minha mãe que queria ser futebolista . Ela diz que estou sempre a bater na mesma tecla.,0,0,2.291015625,-2.83984375,-5.130859375,0.9941232800483704,0.005876737646758556,True
5.1627.H,5.1627,H,Qual é a atriz mais dramática do mundo? A tristeza,1,0,3.763671875,-4.23046875,-7.994140625,0.9996626377105713,0.0003373201470822096,False
5.2197.H,5.2197,H,Porque o frango usava smoking? Porque era chicken no último ! ,1,1,-3.6953125,3.90625,7.6015625,0.0004994204500690103,0.9995005130767822,True
4.346.H,4.346,H,Que nome se dá a alguém que não acredita nas alterações climáticas? Persona non greta.,1,1,-3.025390625,3.02734375,6.052734375,0.0023459072690457106,0.997654139995575,True
5.31.N,5.31,N,Qual é o poeta que sempre se atrasa? Fernando Pessoa.,0,0,4.22265625,-4.48046875,-8.703125,0.9998339414596558,0.00016603845870122313,True
5.1912.N,5.1912,N,Qual chá preferido dos pedreiros? Cidreira.,0,1,-3.57421875,3.568359375,7.142578125,0.0007900861673988402,0.9992098808288574,False
4.163.H,4.163,H,Como é que a mulher do Vasco da Gama o cumprimenta? Com um beijo no astro-lábio.,1,1,-1.396484375,1.2978515625,2.6943359375,0.06330841034650803,0.9366915822029114,True
5.1352.H,5.1352,H,Qual é a doença preferida dos pastores? Salmo nela.,1,1,-3.44140625,3.447265625,6.888671875,0.0010182287078350782,0.998981773853302,True
4.33.N,4.33,N,Qual é a parte da mulher que cheira a creme? O nariz.,0,0,3.396484375,-4.1640625,-7.560546875,0.9994797110557556,0.0005203195614740252,True
5.1116.N,5.1116,N,Por que os jacarés só andavam em dois? Porque são répteis.,0,0,4.03515625,-4.83984375,-8.875,0.9998601675033569,0.0001398220774717629,True
4.474.H,4.474,H,Que nome se dá ao caixão de um cavalheiro? Sir Cófago.,1,1,-3.658203125,3.767578125,7.42578125,0.0005953406798653305,0.9994046688079834,True
5.1974.N,5.1974,N,Por que o cara entrou com seu veículo no mar? Porque era barco,0,0,2.787109375,-3.962890625,-6.75,0.9988304972648621,0.0011695101857185364,True
5.2952.H,5.2952,H,Qual é o nome do programa que o Sílvio Santos passou a fazer no mar? Roda a Roda Jetski. ,1,1,-3.421875,3.66015625,7.08203125,0.0008393599418923259,0.999160647392273,True
5.2099.N,5.2099,N,Qual é o local religioso preferido dos jogadores de basquete? A quadra,0,0,3.423828125,-4.359375,-7.783203125,0.9995835423469543,0.0004165018326602876,True
5.2506.H,5.2506,H,Qual é o biscoito mais temido da mitologia? Cream Kraken.,1,1,-3.45703125,3.33203125,6.7890625,0.0011247574584558606,0.9988752007484436,True
5.4009.N,5.4009,N,Qual o nome da menina que você deveria investir? Jeniffer Lawrence.,0,0,3.400390625,-3.619140625,-7.01953125,0.9991065859794617,0.0008934456272982061,True
4.464.N,4.464,N,Onde se encontram os piores vinhos italianos? Massamá.,0,1,-3.759765625,3.869140625,7.62890625,0.00048595608677715063,0.999514102935791,False
4.326.H,4.326,H,Porque é que os homens são mais burros ao pé das mulheres? Porque passam de homo sapiens para homo erectus.,1,0,1.744140625,-2.4140625,-4.158203125,0.984605073928833,0.01539491955190897,False
5.3765.H,5.3765,H,Qual é o jogo favorito da Ivete Sangalo? Golden Axé,1,1,-3.953125,4.1640625,8.1171875,0.00029827762045897543,0.9997016787528992,True
4.442.H,4.442,H,O que é que os bebés já fazem aos 12 meses? 1 ano.,1,0,4.28515625,-4.66796875,-8.953125,0.9998706579208374,0.00012931563833262771,False
5.2373.H,5.2373,H,Por que a mãe tinha que largar o bebê quando colocava sua bolsa? Porque era bolsa tiracolo.,1,0,2.7109375,-3.1484375,-5.859375,0.9971550703048706,0.0028449094388633966,False
5.2643.N,5.2643,N,Qual é o nome de um cabeleireiro? Salão de Beleza.,0,0,3.814453125,-4.70703125,-8.521484375,0.9998008608818054,0.0001991039316635579,True
5.3768.N,5.3768,N,Onde o Jabba come? No restaurante,0,0,3.568359375,-4.484375,-8.052734375,0.999681830406189,0.00031812931410968304,True
5.610.N,5.610,N,Qual o nome que se da a viagem de 10 bebês ao msm tempo? Gravidez!,0,0,3.296875,-3.8984375,-7.1953125,0.9992504715919495,0.0007495313766412437,True
5.418.N,5.418,N,Quantos chocolates são necessários para voar? Muitos,0,0,3.62890625,-4.5859375,-8.21484375,0.9997294545173645,0.00027053357916884124,True
4.398.H,4.398,H,"Era um vez um esquilo tão pequeno, tão pequeno, que em vez de chamar esquilo, chamava-se esgrama.",1,1,-2.005859375,2.1171875,4.123046875,0.015936994925141335,0.9840630292892456,True
5.100.N,5.100,N,Qual a data mais importante do calendário grego? Dia de natal.,0,0,4.22265625,-4.86328125,-9.0859375,0.9998867511749268,0.00011323438229737803,True
5.147.H,5.147,H,"Com o que é feita, fundamentalmente, a porta do quartel? Com batentes.",1,0,3.267578125,-4.20703125,-7.474609375,0.9994329810142517,0.0005669856909662485,False
5.230.N,5.230,N,Qual é o ator que admira um dia ensolarado e sem nuvens? Tony Ramos.,0,0,4.234375,-4.82421875,-9.05859375,0.9998836517333984,0.00011637298302957788,True
5.2016.H,5.2016,H,Que cantora adora comer formiga? A TamanDua Lipa ,1,1,-4.1328125,4.43359375,8.56640625,0.00019035942386835814,0.9998096823692322,True
5.1832.H,5.1832,H,Qual é a aparesentadora mais descoordenada que existe? Abcissa Guimarães,1,1,-4.0234375,4.02734375,8.05078125,0.0003187510883435607,0.9996812343597412,True
5.2647.H,5.2647,H,Qual apresentador é o mais duas caras? Falso Silva.,1,1,-3.587890625,3.8671875,7.455078125,0.0005781620275229216,0.9994218349456787,True
5.426.N,5.426,N,Qual criatura mitológica criou um calendário só com 11 signos? Humano.,0,0,3.626953125,-4.4375,-8.064453125,0.9996856451034546,0.00031442419276572764,True
5.117.N,5.117,N,Qual menina viveu uma aventura digna dos contos de fadas? Alice no país das Maravilhas.,0,0,4.203125,-4.8828125,-9.0859375,0.9998867511749268,0.00011323438229737803,True
5.2069.N,5.2069,N,Os imperador inca decretou que as lhamas seriam os únicos animais permitidos em Machu Picchu . Qual é o nome do filme? O Império Contra Ataca,0,1,-0.8427734375,0.285400390625,1.128173828125,0.24449826776981354,0.7555017471313477,False
5.1782.H,5.1782,H,Em que período da história foi inventado o primeiro carro popular? No período Páliolítico.,1,1,-3.388671875,3.654296875,7.04296875,0.0008727670065127313,0.999127209186554,True
5.2813.H,5.2813,H,Qual instrumento leva os dentistas à morte? Óbitorador ,1,1,-0.630859375,0.66796875,1.298828125,0.21436230838298798,0.7856376767158508,True
5.1238.H,5.1238,H,Qual o time de basquete que sempre sabe o poder de luta do adversário? Orlando Mede Ki.,1,1,-3.837890625,4.109375,7.947265625,0.00035350274993106723,0.9996465444564819,True
5.2488.H,5.2488,H,Qual é o bloco do índio que não bebe nem fuma? Mim careta.,1,1,-4.1796875,4.17578125,8.35546875,0.00023505199351347983,0.9997649788856506,True
4.562.H,4.562,H,Em que estado se encontra o rio Mississipi? No estado líquido.,1,0,2.734375,-3.705078125,-6.439453125,0.9984052777290344,0.0015947326319292188,False
5.3504.N,5.3504,N,Qual executivo sempre cochila depois do almoço? O gerente.,0,0,3.7109375,-4.3984375,-8.109375,0.9996993541717529,0.00030061634606681764,True
5.3504.H,5.3504,H,Qual executivo sempre cochila depois do almoço? O de gestão.,1,0,3.361328125,-4.22265625,-7.583984375,0.9994916915893555,0.0005082725547254086,False
5.2567.N,5.2567,N,Por que a lata de cerveja foi se benzer? Porque ela tinha sido amaldiçoada.,0,0,3.4296875,-3.94140625,-7.37109375,0.9993712306022644,0.000628784007858485,True
5.2597.N,5.2597,N,Qual seria a profissão perfeita para o Tony Tornado? Promotor de festas.,0,0,3.439453125,-4.40625,-7.845703125,0.9996086955070496,0.0003912770771421492,True
5.2956.N,5.2956,N,Qual é o seriado mexicano sobre um chinês tomando chá? Chaves.,0,0,4.40625,-4.90234375,-9.30859375,0.9999094009399414,9.063370089279488e-05,True
5.2927.H,5.2927,H,Qual a fruta que bate em você? Fruta pão,1,1,-2.21484375,1.80078125,4.015625,0.017712298780679703,0.9822876453399658,True
5.3224.H,5.3224,H,Qual comediante comentou sobre a Páscoa em seu texto? Hassumcitou.,1,1,-3.736328125,3.9140625,7.650390625,0.0004756318812724203,0.9995243549346924,True
5.2368.H,5.2368,H,Qual rockeiro não usa drogas e nem sacaneia os outros? O Bom Jovem,1,1,-1.931640625,2.0390625,3.970703125,0.01851104572415352,0.9814888834953308,True
4.598.H,4.598,H,Estou a pensar começar uma relação com a minha calculadora. Ao menos ela sabe dar-me o devido valor.,1,0,1.13671875,-1.6953125,-2.83203125,0.9443824291229248,0.05561761558055878,False
4.154.H,4.154,H,O que é que os carteiros fazem nos tempos livres? Jogam às cartas.,1,0,1.232421875,-1.5322265625,-2.7646484375,0.9407352805137634,0.05926467105746269,False
5.2511.H,5.2511,H,Qual é a série que conta a história de um anfíbio no alto do Everest? Rã na Montanha.,1,1,-2.98046875,3.177734375,6.158203125,0.002111583948135376,0.9978883862495422,True
5.104.N,5.104,N,Qual lugar do mundo incentiva a caminhada? Himalaia.,0,0,4.3046875,-4.6875,-8.9921875,0.9998756647109985,0.000124362253700383,True
4.256.N,4.256,N,Que som faz um peixe a cair dum prédio de 20 andares? Nenhum!,0,0,4.109375,-4.80078125,-8.91015625,0.999864935874939,0.00013499251508619636,True
5.907.H,5.907,H,"Qual Cavaleiro do Zodíaco calou a boca de um Street Fighter? O ""Shhh, Ryu"".",1,1,-2.09765625,2.201171875,4.298828125,0.013402403332293034,0.9865975975990295,True
5.1791.N,5.1791,N,Sabe por que a Gisele Bündchen só anda com roupa amassada? Porque ela cansou de desfilar.,0,0,4.12109375,-4.7265625,-8.84765625,0.9998562335968018,0.0001436975144315511,True
5.1222.H,5.1222,H,Qual o jornalista esportivo mais inteligente? Clever Machado.,1,0,3.17578125,-3.248046875,-6.423828125,0.998380184173584,0.0016198053490370512,False
5.2559.H,5.2559,H,Qual é o cantor que tá sempre na cena de um crime? Perito de Paula.,1,1,-3.515625,3.830078125,7.345703125,0.0006449432112276554,0.9993550181388855,True
5.2507.H,5.2507,H,Qual é o aparelho que nunca para de mexer? A balança.,1,0,3.3203125,-4.2265625,-7.546875,0.9994725584983826,0.0005274784634821117,False
5.2325.N,5.2325,N,"O que a mãe religiosa disse para o pai agnóstico sobre o filho deles? "" Cuida, que o filho é descrente "".",0,0,2.55078125,-3.091796875,-5.642578125,0.9964687824249268,0.0035312066320329905,True
5.2972.N,5.2972,N,Qual a marca de roupa preferida dos esquilos? The north face.,0,1,-2.962890625,2.8515625,5.814453125,0.002975233132019639,0.9970247149467468,False
5.4006.H,5.4006,H,Por que Caim matou Abel? Porque Abel era Fera.,1,0,3.509765625,-3.931640625,-7.44140625,0.9994138479232788,0.0005861161625944078,False
5.53.N,5.53,N,Como são classificados os gatos e cachorros no México? Astecas.,0,0,3.994140625,-4.453125,-8.447265625,0.9997856020927429,0.00021444012236315757,True
5.3181.H,5.3181,H,Por que o Mickey possui pouquíssimos bens? Porque ele é Minniemalista.,1,1,-3.4453125,3.529296875,6.974609375,0.0009344576974399388,0.9990655779838562,True
5.368.N,5.368,N,Um lider religioso no pantanal matogrossense . Qual o nome do personagem? Crocodilo Gandhi,0,0,3.236328125,-3.490234375,-6.7265625,0.9988027811050415,0.0011972112115472555,True
5.3666.H,5.3666,H,Qual dublador que não toma banho? Fede Mascarenhas.,1,1,-2.421875,2.654296875,5.076171875,0.0062050228007137775,0.9937950372695923,True
4.508.H,4.508,H,O que é a disfunção eléctil? É a incapacidade de sentir atração pelos candidatos das eleições.,1,0,0.5126953125,-0.9609375,-1.4736328125,0.8136088848114014,0.18639105558395386,False
4.645.H,4.645,H,"Se um dia te oferecerem uns óculos sem lentes, tem cuidado! Pode ser armação.",1,0,1.9326171875,-2.099609375,-4.0322265625,0.9825742840766907,0.01742575503885746,False
5.1352.N,5.1352,N,Qual é a doença preferida dos pastores?.,0,0,2.873046875,-3.322265625,-6.1953125,0.9979652166366577,0.002034817123785615,True
4.106.N,4.106,N,Qual é a flor que os homens mais gostam de oferecer às mulheres? Tulipas.,0,0,3.46484375,-4.390625,-7.85546875,0.9996125102043152,0.00038747614598833025,True
5.3492.N,5.3492,N,"Qual a banda que, quando nasceu, era alimentada por criminosas? Legião Urbana.",0,0,4.0546875,-4.34765625,-8.40234375,0.9997757077217102,0.00022429059026762843,True
5.4035.H,5.4035,H,"Por que o nariz, às vezes, sente cheiro de arrogância? Por causa da humildade relativa do ar.",1,1,-3.09765625,3.068359375,6.166015625,0.0020951859187334776,0.9979047775268555,True
5.1.H,5.1,H,Qual X-Men nunca falta ao trabalho? No turno.,1,0,3.212890625,-4.2265625,-7.439453125,0.9994127750396729,0.0005872614565305412,False
4.630.N,4.630,N,Por que é que os surfistas comem a comida fria? Porque detestam comida quente.,0,0,4.05078125,-4.875,-8.92578125,0.9998670816421509,0.00013289992057252675,True
5.1332.H,5.1332,H,Por que o nerd pediu a calculadora em namoro? Porque ela dava valor.,1,0,1.203125,-1.4755859375,-2.6787109375,0.9357587099075317,0.06424132734537125,False
5.2882.H,5.2882,H,Personagem que adora Leite? Milk Mouse ,1,0,1.4892578125,-1.8017578125,-3.291015625,0.9641192555427551,0.035880692303180695,False
4.595.H,4.595,H,Para que servem óculos verdes? Para verde perto.,1,1,-3.83984375,3.830078125,7.669921875,0.00046643661335110664,0.9995335340499878,True
4.615.H,4.615,H,"A eletricidade está tão cara, tão cara, que a EDP decidiu mudar o nome para Luz Vuitton.",1,1,-0.4833984375,0.419921875,0.9033203125,0.28836867213249207,0.7116313576698303,True
4.728.N,4.728,N,Que nome se dá a uma Sobremesa atrativa? Bomba calórica .,0,0,3.529296875,-4.453125,-7.982421875,0.9996587038040161,0.00034129503183066845,True
5.129.H,5.129,H,Qual cantora ganhou uma patente em 2018? Major Este Ano.,1,1,-1.6552734375,1.69140625,3.3466796875,0.03400405868887901,0.9659959077835083,True
5.3237.H,5.3237,H,Qual queijo favorito da Iveje Sangalo? Axéddar.,1,1,-3.935546875,4.046875,7.982421875,0.00034129503183066845,0.9996587038040161,True
4.67.N,4.67,N,Porque é que as galinhas não gostam de ralis? Porque não vêem nada com o pó.,0,1,-1.814453125,1.91796875,3.732421875,0.023375313729047775,0.9766246676445007,False
4.160.H,4.160,H,O que diz uma banana suicida? Macacos me mordam!,1,0,-0.0513916015625,-0.4150390625,-0.3636474609375,0.589923083782196,0.41007691621780396,False
5.442.H,5.442,H,Qual o salgadinho favorito dos torcedores do Flamengo? Baconzico.,1,0,4.24609375,-4.6328125,-8.87890625,0.9998606443405151,0.0001392770209349692,False
5.1912.H,5.1912,H,Qual cantora tem um supermercado? Wallmart nália,1,1,-4.32421875,4.51171875,8.8359375,0.0001453911536373198,0.999854564666748,True
5.1249.H,5.1249,H,Por que o veganismo é a política de Estado na Bolívia? Para ninguém comer huevo.,1,1,-2.953125,2.765625,5.71875,0.0032730645034462214,0.9967268705368042,True
5.3509.N,5.3509,N,Qual é o cantor que teve problemas respiratórios? Erasma Carlos.,0,0,4.15625,-4.3046875,-8.4609375,0.9997884631156921,0.00021152885165065527,True
4.33.H,4.33,H,Qual é a parte da mulher que cheira a banana? O nariz.,1,0,3.400390625,-4.1953125,-7.595703125,0.999497652053833,0.0005023539415560663,False
5.962.N,5.962,N,Qual elefante da Disney usa fertilizante pra cuidar do solo? Coronel Hathi.,0,0,-0.041961669921875,-0.31201171875,-0.270050048828125,0.567105233669281,0.4328947961330414,True
5.2385.N,5.2385,N,Por que o atrito e a resistência do ar foram ao psicólogo? Porque eles são muito requisitados,0,0,2.81640625,-3.85546875,-6.671875,0.9987356066703796,0.0012644219677895308,True
5.2259.H,5.2259,H,Qual a semelhança entre o trovão e a privada? Os dois vem sempre acompanhado de uma descarga,1,1,-2.568359375,2.900390625,5.46875,0.004198794718831778,0.9958011507987976,True
5.2616.N,5.2616,N,Qual ator sempre dá tudo de si? Don Johnson.,0,0,4.32421875,-4.5546875,-8.87890625,0.9998606443405151,0.0001392770209349692,True
5.1344.H,5.1344,H,Qual Trapalhão ajudou Frodo em sua jornada? O Renato Aragorn.,1,1,-2.70703125,2.794921875,5.501953125,0.004062228836119175,0.9959378242492676,True
5.912.N,5.912,N,Qual é a parte do computador que não é do bem? O teclado.,0,0,3.099609375,-4.03125,-7.130859375,0.9992006421089172,0.0007993920589797199,True
4.559.H,4.559,H,Porque é que os diabéticos não usam o Google Chrome? Porque não podem aceitar cookies.,1,0,2.81640625,-3.94140625,-6.7578125,0.9988395571708679,0.0011604195460677147,False
5.1802.N,5.1802,N,Por que ninguém na Terra consegue entender a língua nativa do Super-Homem? Porque é alienígena.,0,0,3.15625,-3.5234375,-6.6796875,0.998745322227478,0.0012545945355668664,True
5.522.H,5.522,H,Qual país que sofre com as enchentes? Aquador.,1,1,-3.611328125,3.482421875,7.09375,0.0008295892039313912,0.9991704225540161,True
5.169.H,5.169,H,Em qual programa o Sílvio Santos exagera no laquê? Topetudo por Dinheiro.,1,1,-4.0078125,3.94921875,7.95703125,0.00035006855614483356,0.9996498823165894,True
4.235.H,4.235,H,"Era uma vez um homem tão pequeno, tão pequeno, que em vez de praticar natação, praticava na tacinha.",1,1,-2.625,2.822265625,5.447265625,0.004289588425308466,0.9957103729248047,True
5.147.N,5.147,N,"Com o que é feita, fundamentalmente, a porta do quartel? De ferro.",0,0,3.404296875,-4.09375,-7.498046875,0.9994460940361023,0.0005538587574847043,True
4.500.N,4.500,N,Porque é que o João Silva tem Instagram mas não tem Facebook? Porque ele prefere ter seguidores em vez de amigos.,0,0,3.501953125,-4.09765625,-7.599609375,0.9994995594024658,0.0005003964179195464,True
5.2422.H,5.2422,H,Por que em Barretos as pessoas não falam as coisas na lata?  Porque lá é impossível fazer algo sem rodeios.,1,1,-0.38330078125,0.1956787109375,0.5789794921875,0.3591674268245697,0.6408325433731079,True
5.3668.H,5.3668,H,Por que o frango caipira não tem problemas jurídicos de identidade? Porque ele não tem hormônimos.,1,1,-2.697265625,2.388671875,5.0859375,0.006145091727375984,0.993854820728302,True
4.55.H,4.55,H,O que é um omossexual? É um sabão em pó com o qual se lavam as partes íntimas.,1,0,1.4267578125,-1.7822265625,-3.208984375,0.9611709713935852,0.0388290211558342,False
5.1554.H,5.1554,H,Qual a Miss EUA que foi escolhida por engano? A Miss Take.,1,1,-3.001953125,2.890625,5.892578125,0.002752256579697132,0.9972477555274963,True
4.567.H,4.567,H,"O que é que a mulher do comunista diz quando o viagra perde o efeito? Foice o martelo, camarada.",1,1,-2.3125,2.3125,4.625,0.009708477184176445,0.9902915358543396,True
4.11.N,4.11,N,Qual é o animal mais romântico? É a amêijoa . Porque dorme em conjunto.,0,0,0.533203125,-0.748046875,-1.28125,0.7826625108718872,0.21733754873275757,True
5.522.N,5.522,N,Qual país que sofre com as enchentes? Equador.,0,0,3.80859375,-4.15625,-7.96484375,0.999652624130249,0.00034734528162516654,True
5.1109.H,5.1109,H,Qual filósofo gostaria de ser um Cavaleiro do Zodíaco? Áriestóteles,1,1,-4.54296875,4.47265625,9.015625,0.00012148175301263109,0.9998785257339478,True
5.1223.N,5.1223,N,Qual parte do corpo nunca está acordada? Pé.,0,0,2.828125,-3.916015625,-6.744140625,0.9988235831260681,0.0011763748480007052,True
4.129.N,4.129,N,Que nome se dá a uma freira no convento? Católica apostólica.,0,0,3.0703125,-3.490234375,-6.560546875,0.998586893081665,0.0014131116913631558,True
5.1398.H,5.1398,H,Qual é o carro em que todo mundo gosta de comemorar o aniversário? O Fiesta.,1,0,3.1640625,-3.34765625,-6.51171875,0.9985162615776062,0.0014837189810350537,False
5.4027.N,5.4027,N,Qual o nome do parente que mais gosta de você? A Tia Maria.,0,0,3.599609375,-4.44140625,-8.041015625,0.9996781349182129,0.000321878120303154,True
5.1690.N,5.1690,N,Qual o jogo favorito de um ator famoso de Hollywood? O Fortnite? LOL!,0,1,-2.14453125,2.529296875,4.673828125,0.009250096045434475,0.9907498955726624,False
5.2226.H,5.2226,H,Por que se ouvia uma nota quando neandertal batia em suas presas ? Porque usava uma Clava de Sol,1,1,-0.734375,0.7861328125,1.5205078125,0.17938674986362457,0.8206132054328918,True
5.392.N,5.392,N,Qual jogador jogava basquete? Shaquille O'Neal,0,0,1.130859375,-1.3701171875,-2.5009765625,0.924210250377655,0.07578974962234497,True
5.3523.H,5.3523,H,Em qual brincadeira eu só aceito gente inteligente? Tiro lesa.,1,1,-3.890625,4.0234375,7.9140625,0.00036543281748890877,0.9996345043182373,True
5.1403.N,5.1403,N,Por que o próximo técnico da seleção jogara contra a parede? Porque ele é Pós-Tite.,0,1,-2.4609375,2.904296875,5.365234375,0.004654597491025925,0.995345413684845,False
5.2778.H,5.2778,H,Qual jogo do Windows só funciona se você fizer tudo o que ele quer? O Campo Mimado,1,1,-1.6533203125,1.6396484375,3.29296875,0.035813190042972565,0.9641867876052856,True
5.1358.H,5.1358,H,Qual é o trabalho que você se vê fazendo? Limpar espelhos.,1,0,3.822265625,-4.3984375,-8.220703125,0.9997310042381287,0.0002689535031095147,False
5.58.H,5.58,H,O que o judeu passa no corpo quanto está com dor? Shalompas.,1,1,-3.53125,3.796875,7.328125,0.000656372751109302,0.9993435740470886,True
4.262.N,4.262,N,Que nome se dá a um pássaro aleijado? Infeliz.,0,0,3.828125,-4.6484375,-8.4765625,0.9997918009757996,0.00020825011597480625,True
5.3618.N,5.3618,N,Qual os piores inimigos dos MINIons??? Os heróis,0,0,3.564453125,-4.16015625,-7.724609375,0.9995583891868591,0.0004416242882143706,True
5.1282.N,5.1282,N,Qual castanha sempre interpreta personagens maus? Do pará.,0,1,-2.56640625,2.716796875,5.283203125,0.005050507839769125,0.994949460029602,False
5.3944.N,5.3944,N,Por que o cara resolveu dormir no bueiro? Porque ele tava bêbado.,0,0,3.63671875,-4.55078125,-8.1875,0.9997219443321228,0.0002780309587251395,True
5.1205.H,5.1205,H,Por que o pessoal do Nordeste se orgulha do GPS?  Porque ele fala: Você chegou Nor Destino.,1,0,0.7109375,-0.7958984375,-1.5068359375,0.818591833114624,0.18140818178653717,False
4.363.H,4.363,H,O que é que a tinta faz nos dias de chuva? Fica no choco.,1,1,-3.7109375,3.42578125,7.13671875,0.0007947254925966263,0.9992052912712097,True
5.1061.H,5.1061,H,Qual doença temos que coletar esperma? Cataporra.,1,0,-0.09466552734375,-0.357421875,-0.26275634765625,0.5653137564659119,0.43468624353408813,False
5.3721.N,5.3721,N,qual jornalista sempre levava bebidas pros colegas? Carlos Lacerda,0,0,4.33203125,-4.80078125,-9.1328125,0.999891996383667,0.00010804956400534138,True
5.3911.H,5.3911,H,Qual a cidade paulista as pessoas rezam e fazem artesanato? Em Budas Artes.,1,1,-3.1015625,3.224609375,6.326171875,0.0017856743652373552,0.9982143640518188,True
5.1971.H,5.1971,H,Porque a fada madrinha estava com um isqueiro na mão indo em direção a uma vela no candelabro? Pra acenderela ,1,1,-2.888671875,2.95703125,5.845703125,0.002883958863094449,0.9971160888671875,True
5.3825.H,5.3825,H,Qual o mês do Popó? Junho de Aço.,1,1,-3.271484375,3.275390625,6.546875,0.0014325366355478764,0.9985674619674683,True
1.4.H,1.4,H,O que uma impressora falou para a outra? Essa folha é sua ou é impressão minha?,1,0,2.24609375,-2.533203125,-4.779296875,0.9916681051254272,0.008331900462508202,False
5.910.N,5.910,N,Qual é a reta que canta muito? A Ella Fitzgerald.,0,0,3.232421875,-3.66015625,-6.892578125,0.9989857077598572,0.0010142631363123655,True
5.1387.N,5.1387,N,Qual cantora escreveu Sitio do Picapau Amarelo? A Katy Perry.,0,0,4.08984375,-4.34375,-8.43359375,0.9997826218605042,0.00021739141084253788,True
5.3164.N,5.3164,N,Qual pintor estava sempre bêbado? Salvador Dalí.,0,0,3.13671875,-3.5859375,-6.72265625,0.998798131942749,0.001201891340315342,True
5.122.H,5.122,H,Como chama a cerveja que você só toma de 2 em 2 anos? Beer nal.,1,1,-3.642578125,4.12890625,7.771484375,0.00042140932055190206,0.9995785355567932,True
5.2488.N,5.2488,N,Qual é o bloco do índio que não bebe nem fuma? Bloquinho infantil.,0,0,3.212890625,-4.2109375,-7.423828125,0.9994034767150879,0.0005965038435533643,True
4.342.N,4.342,N,Qual é o contrário de nu? Vestido.,0,0,3.5390625,-4.49609375,-8.03515625,0.9996762275695801,0.0003237690543755889,True
5.2113.N,5.2113,N,O que você chama de hamster com 3 pernas? Hamster,0,0,3.708984375,-4.57421875,-8.283203125,0.9997473359107971,0.0002526625175960362,True
5.1783.N,5.1783,N,"O que o narrador Silvio Luiz falou sobre o programa Masterchef? "" Olho no lance! """,0,1,-2.119140625,2.10546875,4.224609375,0.014420067891478539,0.9855799674987793,False
5.3001.N,5.3001,N,Qual microorganismo sofre bullying? A bactéria.,0,0,3.359375,-4.17578125,-7.53515625,0.9994663596153259,0.0005336928297765553,True
4.336.N,4.336,N,"Hoje davam chuva só para o continente, mas há bocado passei pelo Funchal e também estava a chover.",0,0,2.65625,-2.611328125,-5.267578125,0.9948704242706299,0.005129633937031031,True
5.3231.N,5.3231,N,Por que o rapaz não mostrou os slides em sua apresentação na empresa? Porque ele esqueceu de levar.,0,0,3.322265625,-4.3515625,-7.673828125,0.9995354413986206,0.00046461905003525317,True
5.2693.H,5.2693,H,"Por que o artigo, o substantivo e o adjetivo nunca discutiam? Porque estavam sempre em concordância.",1,0,3.095703125,-3.798828125,-6.89453125,0.9989877343177795,0.0010122861713171005,False
5.780.H,5.780,H,Qual a mulher que mais gostava de andar de avião? Simone de É Bom Voar.,1,1,-2.216796875,2.376953125,4.59375,0.010013570077717304,0.9899863600730896,True
5.2269.H,5.2269,H,Qual país em que todo mundo ta sempre na academia ? Só malia,1,1,-4.2109375,4.43359375,8.64453125,0.00017605620087124407,0.9998239874839783,True
5.336.H,5.336,H,Qual o meio de transporte mais usado na Bahia? Uber imbau,1,1,-4.23046875,4.34765625,8.578125,0.00018814204668160528,0.9998118281364441,True
5.691.N,5.691,N,Qual é o nome da hiena que se aposentou? Joana.,0,0,3.03125,-3.53515625,-6.56640625,0.9985951781272888,0.0014048677403479815,True
5.956.H,5.956,H,Como o ciclista reage a uma notícia ruim? Ele leva um bike.,1,1,-3.3359375,3.623046875,6.958984375,0.0009491592063568532,0.9990507960319519,True
5.3770.N,5.3770,N,Qual é o site de informações criado pelo Chewbacca? Star Wars,0,0,4.30078125,-4.9453125,-9.24609375,0.9999035596847534,9.647852130001411e-05,True
5.1616.H,5.1616,H,Qual é a pacifista que é um gênio da matemática? Madre Teresa de Calcular.,1,1,-3.63671875,3.85546875,7.4921875,0.0005571117508225143,0.9994428753852844,True
5.1107.H,5.1107,H,Qual filósofo precisa de um exorcismo? O Demócrito.,1,0,2.560546875,-3.13671875,-5.697265625,0.996656060218811,0.0033439076505601406,False
5.3591.H,5.3591,H,"O que o Fred Flintstone disse quando percebeu que instalou um programa indesejado? Ih, aba da Baidu.",1,1,-3.484375,3.767578125,7.251953125,0.000708286592271179,0.9992916584014893,True
4.363.N,4.363,N,O que é que a Ana faz nos dias de chuva? Fica em casa.,0,0,3.83984375,-4.52734375,-8.3671875,0.9997677206993103,0.0002323141961824149,True
5.2155.N,5.2155,N,"Qual o filme odiado do Kiko? Harry Potter e o Cálice Cálice Cálice, você me deixa looouco!",0,1,-3.697265625,3.75390625,7.451171875,0.0005804235697723925,0.9994195699691772,False
5.2665.N,5.2665,N,Quem é responsável pela locomoção dos cidadãos? Transporte público.,0,0,3.69140625,-4.5234375,-8.21484375,0.9997294545173645,0.00027053357916884124,True
4.170.H,4.170,H,Qual é o jogo preferido das vesículas? O biliar.,1,1,-3.333984375,3.28515625,6.619140625,0.0013327986234799027,0.9986672401428223,True
5.2060.N,5.2060,N,Qual o personagem de star wars que vive espirrando? Anakin skywalker,0,0,4.25390625,-4.65234375,-8.90625,0.9998644590377808,0.00013552079326473176,True
5.1162.H,5.1162,H,Qual o bairro de São Paulo que só tem Japoneses? Japaquara,1,0,4.33984375,-4.9140625,-9.25390625,0.9999042749404907,9.572778799338266e-05,False
4.330.H,4.330,H,Porque é que os bêbados gostam de passar a Ponte 25 de Abril? Porque lá há muito engarrafamento.,1,0,3.328125,-4.3203125,-7.6484375,0.999523401260376,0.00047656125389039516,False
5.3165.N,5.3165,N,Qual pintor ganhou mais dinheiro com sua arte? Picasso.,0,0,3.99609375,-4.2265625,-8.22265625,0.9997316002845764,0.0002684288483578712,True
4.345.N,4.345,N,O que diz um porco quando atende o telemóvel? Tou?,0,1,-2.216796875,2.294921875,4.51171875,0.010860332287847996,0.9891397356987,False
4.672.N,4.672,N,Qual é o melhor óleo para lubrificar o sexo? Óleo corporal.,0,0,0.89599609375,-1.5185546875,-2.41455078125,0.9179301857948303,0.08206983655691147,True
5.3591.N,5.3591,N,"O que o Fred Flintstone disse quando percebeu que instalou um programa indesejado? Ah, não.",0,0,3.763671875,-4.0390625,-7.802734375,0.9995915293693542,0.00040844923933036625,True
5.3237.N,5.3237,N,Qual queijo favorito da Iveje Sangalo? Pecorino.,0,1,-0.72607421875,0.062255859375,0.788330078125,0.3125273287296295,0.6874726414680481,False
5.2323.N,5.2323,N,Qual tipo de piada geralmente é feito entre dois homens pelados? Trocadilho.,0,1,-4.34375,4.328125,8.671875,0.00017130820197053254,0.9998286962509155,False
4.345.H,4.345,H,O que diz um porco quando atende o telemóvel? Tou-cinho?,1,1,-3.921875,4.1484375,8.0703125,0.0003125878283753991,0.9996874332427979,True
4.96.N,4.96,N,Que nome se dá a um cacto engraçado? Cacti.,0,0,3.79296875,-4.48828125,-8.28125,0.9997468590736389,0.00025315640959888697,True
5.432.H,5.432,H,Por que o passarinho perdeu os movimentos? Porque ele teve um ave-C.,1,1,-3.978515625,4.0859375,8.064453125,0.00031442419276572764,0.9996856451034546,True
5.2446.H,5.2446,H,Qual é a cantora favorita do Tony Hawk? Skate Perry.,1,1,-3.904296875,4.12890625,8.033203125,0.0003244018298573792,0.9996756315231323,True
2.8.H,2.8,H,Sabe por que o argumento do Dumbo foi completamente ignorado? Porque era irrelefante.,1,1,-2.732421875,2.796875,5.529296875,0.003953089937567711,0.9960468411445618,True
5.3577.N,5.3577,N,Qual doença comum entre os viciados em vídeos? Youtuberculose.,0,0,1.263671875,-1.8017578125,-3.0654296875,0.9554439783096313,0.04455598071217537,True
5.2343.N,5.2343,N,Qual jornalista esportivo é ainda adolescente? Dudu Camargo.,0,0,4.60546875,-4.8671875,-9.47265625,0.9999231100082397,7.692088547628373e-05,True
5.2189.H,5.2189,H,Quem é a cantora que trabalha com transporte público nos Estados Unidos? Van USA ,1,1,-3.951171875,4.10546875,8.056640625,0.0003168894618283957,0.999683141708374,True
4.539.H,4.539,H,"Será que os meus amigos vão passar férias a países do médio oriente? Uns, Irão. Os outros, Paquistão.",1,0,2.384765625,-2.837890625,-5.22265625,0.9946358799934387,0.0053640566766262054,False
5.808.N,5.808,N,Por que o caminhão só andava com as rodas de trás? Porque ele gostava de empinar.,0,0,2.28515625,-2.908203125,-5.193359375,0.9944773316383362,0.005522650200873613,True
4.559.N,4.559,N,Porque é que os conspiracionistas não usam o Google Chrome? Porque não podem aceitar cookies.,0,0,3.248046875,-4.1875,-7.435546875,0.9994105100631714,0.0005895585636608303,True
5.2415.N,5.2415,N,Qual é a cidade que quer converter um instrumento musical? Itaquaquecetuba.,0,0,2.751953125,-3.87890625,-6.630859375,0.9986826777458191,0.001317291520535946,True
5.771.N,5.771,N,Por que a ideia ficou cansada depois da reforma? Porque perdeu o acento.,0,1,-1.1875,0.798828125,1.986328125,0.12064587324857712,0.8793540596961975,False
5.2210.N,5.2210,N,Qual é o filme dirigido por Jordan Peele e Sérgio Mallandro? ET!,0,0,3.98828125,-4.40234375,-8.390625,0.9997730851173401,0.00022693384380545467,True
5.2217.N,5.2217,N,Que terapeuta bebe todo dia? Psicólogo,0,0,3.5,-4.36328125,-7.86328125,0.9996155500411987,0.0003844619495794177,True
4.61.N,4.61,N,Uma mulher manda-se dum prédio e acerta num homem que ia a passar . Qual é o filme? Vertigo.,0,0,4.1171875,-4.46875,-8.5859375,0.9998133778572083,0.00018667822587303817,True
5.3721.H,5.3721,H,qual jornalista sempre levava bebidas pros colegas? Carlos Trazvontila ,1,1,-3.861328125,3.974609375,7.8359375,0.00039511534851044416,0.9996048808097839,True
4.751.N,4.751,N,"Como correu a primeira final de sempre da Liga dos Campeões com patos? Foi bem disputada, cheia de craques da bola e acabou com a vitória do  Real Madrid.",0,0,1.306640625,-1.740234375,-3.046875,0.954647421836853,0.04535257816314697,True
5.2595.N,5.2595,N,Qual animal que gosta muito de você? Cachorro.,0,0,3.765625,-4.58984375,-8.35546875,0.9997649788856506,0.00023505199351347983,True
5.54.H,5.54,H,Qual é o personagem histórico que fui eu que indiquei? Pero Vaz de indica minha.,1,1,-3.427734375,3.546875,6.974609375,0.0009344576974399388,0.9990655779838562,True
5.1570.N,5.1570,N,"Uma pessoa com o apelido Lu, foi para a padaria com suas duas irmãs Ana . Qual o nome da pessoa? Luciana",0,0,4.15625,-4.66796875,-8.82421875,0.9998528957366943,0.00014710471441503614,True
4.573.N,4.573,N,Porque é que os cemitérios têm paredes? Porque as pessoas estão lá dentro.,0,0,3.359375,-3.80859375,-7.16796875,0.9992296695709229,0.0007702932343818247,True
5.150.H,5.150,H,"Qual a expressão que hora é de uma pessoa, hora é de todo mundo? Minha Nossa.",1,1,-3.072265625,3.30078125,6.373046875,0.001704041613265872,0.9982959628105164,True
4.198.N,4.198,N,"Porque é que a febre tifóide é tão perigosa? Porque ou tu a curas, ou ela agrava-se mesmo.",0,0,2.580078125,-3.216796875,-5.796875,0.9969722032546997,0.003027834929525852,True
5.868.N,5.868,N,Por que o oftamologista foi pra Disney? Pra comprar minnie eye-pads.,0,1,-3.8203125,3.83984375,7.66015625,0.00047101182281039655,0.9995290040969849,False
5.2046.N,5.2046,N,Por que o responsável não compra nas Casas Bahia? Porque não gasta dinheiro em carnês,0,0,3.0703125,-3.400390625,-6.470703125,0.998454213142395,0.0015457439003512263,True
5.1620.N,5.1620,N,Qual é a comida que quase tirou nota dez? Lasanha.,0,0,3.59375,-4.40625,-8.0,0.9996646642684937,0.00033535013790242374,True
5.3958.H,5.3958,H,Qual o esporte favorito dos escoceses? Whisky na neve.,1,0,2.875,-3.3984375,-6.2734375,0.9981178045272827,0.0018821858102455735,False
4.622.H,4.622,H,Que tamanho de roupa vestem as videntes? Tamanho médium.,1,1,-1.720703125,1.83984375,3.560546875,0.027637720108032227,0.972362220287323,True
5.2967.N,5.2967,N,Qual a carreira que causa dor e depressão? Ai triste!,0,1,-3.0546875,3.365234375,6.419921875,0.0016261349665001035,0.9983738660812378,False
5.2312.H,5.2312,H,Qual é o nome da banda favorita das pessoas cansadas? Exausta samba,1,1,-4.26953125,4.22265625,8.4921875,0.00020502213737927377,0.9997950196266174,True
5.1869.H,5.1869,H,Que parte do corpo cuida das coisas? To no zelo,1,0,1.36328125,-1.5927734375,-2.9560546875,0.9505488872528076,0.04945112764835358,False
4.288.N,4.288,N,Um homem foi apanhado a roubar um carro . Apanhou 12 meses.,0,0,1.5927734375,-1.85546875,-3.4482421875,0.9691786766052246,0.03082132525742054,True
4.356.N,4.356,N,O Rodolfo adoeceu e o Pai Natal não vai conseguir entregar as prendas . Teve uma insuficiência cardíaca .,0,0,2.462890625,-2.736328125,-5.19921875,0.9945095181465149,0.005490563344210386,True
4.262.H,4.262,H,Que nome se dá a um pássaro aleijado? Comdor.,1,1,-3.984375,3.8359375,7.8203125,0.00040133504080586135,0.9995986819267273,True
5.211.N,5.211,N,Qual é o urso que muda de opinião toda hora? Urso Pandas.,0,1,-3.62890625,3.447265625,7.076171875,0.0008442883845418692,0.9991557598114014,False
3.3.N,3.3,N,Por que um policial estava interrogando um saco de cimento? Porque ele queria informações verdadeiras.,0,0,3.86328125,-4.48046875,-8.34375,0.999762237071991,0.00023782208154443651,True
5.3946.N,5.3946,N,O quê o seu Madruga usa pra tomar banho? A bucha.,0,0,3.16796875,-3.958984375,-7.126953125,0.9991975426673889,0.0008025182178243995,True
4.528.H,4.528,H,Como é que os professores de matemática se mantêm em forma? Com Geometria.,1,0,3.666015625,-4.31640625,-7.982421875,0.9996587038040161,0.00034129503183066845,False
5.1601.H,5.1601,H,Qual filme conta a história do filho do Shrek? Ogrito.,1,1,-1.7734375,1.8115234375,3.5849609375,0.026989132165908813,0.9730108976364136,True
5.521.H,5.521,H,Qual ator que peida tão alto que ressoa? Francisco Cu Oco.,1,1,-3.166015625,3.34375,6.509765625,0.0014866151614114642,0.998513400554657,True
5.2967.H,5.2967,H,Qual a doença que causa dor e depressão? Ai triste!,1,1,-2.865234375,3.09375,5.958984375,0.002575881080701947,0.9974241256713867,True
5.633.N,5.633,N,Quais vilões se preocupam mais com as poses para foto do que com o destino do seu planeta? Os Tumblrcats.,0,1,-2.833984375,2.787109375,5.62109375,0.0036076167598366737,0.9963924288749695,False
5.681.N,5.681,N,Qual matéria da escola pode machucar? Matemática.,0,0,3.88671875,-4.65234375,-8.5390625,0.9998044371604919,0.00019563533714972436,True
4.83.N,4.83,N,O que é uma roubalheira? É o ato de roubar uma casa.,0,0,3.8515625,-4.34375,-8.1953125,0.9997240900993347,0.0002758678747341037,True
5.1046.N,5.1046,N,Qual o canal para fumantes infantis? Discovery Kids.,0,0,4.48828125,-4.70703125,-9.1953125,0.9998984336853027,0.0001015038214973174,True
5.2196.N,5.2196,N,Qual é o Personagem histórico favorito do português? Pedro Álvares Cabral,0,0,4.30859375,-4.57421875,-8.8828125,0.9998612403869629,0.0001387341326335445,True
5.429.N,5.429,N,Qual o chocolate que dá mais energia? Serenata de amor.,0,1,-3.205078125,3.267578125,6.47265625,0.0015427323523908854,0.9984573125839233,False
5.432.N,5.432,N,Por que o passarinho perdeu os movimentos? Porque ele teve um derrame.,0,0,3.66015625,-4.04296875,-7.703125,0.9995487332344055,0.0004512105952017009,True
5.1093.N,5.1093,N,Qual doença que todos filósofos têm? Gripe.,0,0,3.390625,-4.18359375,-7.57421875,0.9994866847991943,0.0005132578662596643,True
5.2956.H,5.2956,H,Qual é o seriado mexicano sobre um chinês tomando chá? Chá po Lin. ,1,1,-3.716796875,3.89453125,7.611328125,0.0004945695982314646,0.9995054006576538,True
5.766.H,5.766,H,Qual o bairro de SP favorito do Schwarzenegger?  A Bela Vista Baby.,1,1,-3.1953125,3.21875,6.4140625,0.0016356752021238208,0.998364269733429,True
4.521.N,4.521,N,Eu não sou supersticioso . Sou só um pouco inseguro.,0,0,3.974609375,-4.42578125,-8.400390625,0.999775230884552,0.0002247289812657982,True
5.3508.N,5.3508,N,Qual rapper é também um ótimo detetive? Djonga.,0,0,2.529296875,-3.048828125,-5.578125,0.9962345957756042,0.0037654140032827854,True
5.2594.H,5.2594,H,Como se referiam a Jesus quando ele ficava bravo? INRItado.,1,1,-4.28125,4.26171875,8.54296875,0.00019487277313601226,0.9998051524162292,True
5.1777.H,5.1777,H,Qual cantor romântico adora jogar Far Cry? Armado Batista.,1,1,-3.60546875,3.705078125,7.310546875,0.0006680048536509275,0.9993320107460022,True
5.1602.N,5.1602,N,Qual é a novela em que Antônio Fagundes faz uso de entorpecentes? O Rei Do Gado.,0,0,3.685546875,-4.3046875,-7.990234375,0.9996613264083862,0.000338639976689592,True
5.3127.H,5.3127,H,Qual programa onde você fala com um carro? Conversa Kombi al.,1,1,-3.939453125,3.91796875,7.857421875,0.0003867203777190298,0.999613344669342,True
5.2225.N,5.2225,N,Por que a mulher chorou muito quando roubaram uma de suas joias? Porque foi uma pedra preciosa,0,0,3.43359375,-4.29296875,-7.7265625,0.999559223651886,0.0004407629603520036,True
4.313.N,4.313,N,Já abriu a nova discoteca . Chama-se Barracão.,0,0,4.109375,-4.0703125,-8.1796875,0.9997197985649109,0.00028021098114550114,True
5.1056.H,5.1056,H,Por que a cachorra modernista não latiu? Porque ela Tarsilambendo.,1,1,-3.990234375,4.421875,8.412109375,0.00022211138275451958,0.9997778534889221,True
5.1492.N,5.1492,N,Por que o cowboy largou tudo para trabalhar na KGB? Porque ele era um espião.,0,0,3.490234375,-4.48828125,-7.978515625,0.999657392501831,0.0003426303737796843,True
4.98.H,4.98,H,O que é um ponto amarelo no trânsito? É uma limãosine.,1,1,-3.646484375,3.99609375,7.642578125,0.0004793605476152152,0.9995206594467163,True
5.3385.N,5.3385,N,Qual atriz tá com o demônio no corpo? Zezé Polessa.,0,0,4.36328125,-4.953125,-9.31640625,0.9999101161956787,8.992844959720969e-05,True
5.3726.H,5.3726,H,Qual humorista não usa microfone de mão? Helio de Lapela,1,1,-4.1328125,4.265625,8.3984375,0.00022516827448271215,0.9997748732566833,True
5.728.H,5.728,H,"Qual é o nome da doença que acomete vítimas de sequestro que não têm espelho no cativeiro? Síndrome de ""ESTOU COMO?""",1,0,0.435791015625,-0.62255859375,-1.058349609375,0.7423750758171082,0.2576249837875366,False
5.385.N,5.385,N,Qual gênero literário não pode ter filhos? Terror.,0,0,4.36328125,-4.93359375,-9.296875,0.9999083280563354,9.17019642656669e-05,True
5.1641.H,5.1641,H,Qual é a cidade que tem um monte de patos? Jeri Quá-Quara.,1,1,-3.607421875,3.892578125,7.5,0.000552778656128794,0.9994471669197083,True
5.2578.N,5.2578,N,Qual o programa favorito dos gaúchos? Faustão.,0,0,4.44140625,-4.82421875,-9.265625,0.9999053478240967,9.461262379772961e-05,True
4.485.N,4.485,N,Há duas formas de os deputados saírem do parlamento: Há com boleia e há sem boleia.,0,1,-1.1064453125,0.779296875,1.8857421875,0.13173069059848785,0.8682692646980286,False
4.740.H,4.740,H,O que diz um mineiro antes de usar a picareta? Cavai disto!,1,1,-3.71484375,3.93359375,7.6484375,0.00047656125389039516,0.999523401260376,True
5.1444.N,5.1444,N,Como eu sabia que a gasolina era batizada? Por que quem me atendeu era um frentista.,0,0,3.876953125,-4.30078125,-8.177734375,0.9997192025184631,0.0002807586279232055,True
4.232.N,4.232,N,Qual é a banda preferida dos desempregados? Linkin Park.,0,0,2.6171875,-3.099609375,-5.716796875,0.9967206120491028,0.0032794433645904064,True
5.1378.H,5.1378,H,Por que eu não faço acupuntura? Porque é a maior furada.,1,0,1.4931640625,-1.759765625,-3.2529296875,0.9627782702445984,0.037221759557724,False
4.121.H,4.121,H,"Como é que se diz ""fim"" em japonês? Sakabô.",1,0,3.525390625,-4.11328125,-7.638671875,0.9995187520980835,0.000481235736515373,False
5.2113.H,5.2113,H,O que você chama de hamster com 3 pernas? Hamputado,1,1,-3.30078125,3.30859375,6.609375,0.0013458604225888848,0.9986541271209717,True
5.2059.H,5.2059,H,Qual é o vírus baixa renda? Corote vírus ,1,1,-3.7265625,3.794921875,7.521484375,0.0005410355515778065,0.9994589686393738,True
5.3287.N,5.3287,N,Qual o ingrediente principal na comida de quem apanhou? RepOlho Roxo.,0,1,-2.25390625,2.015625,4.26953125,0.013795364648103714,0.9862046241760254,False
5.3770.H,5.3770,H,Qual é o site de informações criado pelo Chewbacca? Wookieleaks ,1,1,-3.44140625,3.33984375,6.78125,0.0011335689341649413,0.9988664388656616,True
4.203.H,4.203,H,Comprei uns sapatos com lâmpadas LED na sola. Pode-se dizer que emitem luz solar.,1,0,3.474609375,-3.701171875,-7.17578125,0.9992357492446899,0.0007643033750355244,False
5.2643.H,5.2643,H,Qual é o nome de um cabeleireiro? Saulão de Beleza.,1,1,-2.615234375,3.048828125,5.6640625,0.003456409787759185,0.9965435862541199,True
4.245.H,4.245,H,Que nome se dá a um homem que via mas agora já não vê? Tobias.,1,0,2.712890625,-3.21484375,-5.927734375,0.9973425269126892,0.0026574311777949333,False
5.481.N,5.481,N,Por que a jogadora de voleibol foi internada no hospício? Porque ela não estava batendo bem.,0,1,-0.200439453125,0.43994140625,0.640380859375,0.34516045451164246,0.6548395752906799,False
4.397.N,4.397,N,Porque é que os portugueses emigram para o Canadá? Porque querem.,0,0,4.1640625,-4.80078125,-8.96484375,0.9998722076416016,0.0001278092822758481,True
5.3577.H,5.3577,H,Qual doença comum entre os viciados em internet? Youtuberculose.,1,0,-0.21875,-0.33984375,-0.12109375,0.5302364826202393,0.46976351737976074,False
4.657.N,4.657,N,O Aníbal foi ao Campeonato do Mundo e apareceu na TV . Ficou conhecido naquele Mundial.,0,0,2.55859375,-3.044921875,-5.603515625,0.9963286519050598,0.0036713576409965754,True
4.324.N,4.324,N,Quais são as escadas que demoram mais a subir? São as escadas em pedra.,0,0,2.658203125,-3.6953125,-6.353515625,0.9982624650001526,0.0017375927418470383,True
5.1595.N,5.1595,N,O que acontece quando uma turma de cegos se forma? Um baile de formatura,0,0,3.69140625,-4.546875,-8.23828125,0.9997357726097107,0.00026426833937875926,True
5.1043.N,5.1043,N,Qual é o pokémon da umbanda? O Olorum,0,1,-2.890625,3.083984375,5.974609375,0.002536047250032425,0.9974639415740967,False
5.1641.N,5.1641,N,Qual é a cidade que tem um monte de patos? Pirassununga.,0,0,4.1171875,-4.640625,-8.7578125,0.9998427629470825,0.00015720343799330294,True
5.778.H,5.778,H,Por que o cara que não fazia exercícios prestou odonto?  Pra ser dentário.,1,0,2.8203125,-3.466796875,-6.287109375,0.9981433153152466,0.0018566754879429936,False
4.336.H,4.336,H,"Hoje davam chuva só para o continente, mas há bocado passei pelo Lidl e também estava a chover.",1,0,1.2978515625,-1.259765625,-2.5576171875,0.928083598613739,0.07191641628742218,False
5.3060.N,5.3060,N,Qual o nome do assassino voador? Drone.,0,0,4.2265625,-4.65625,-8.8828125,0.9998612403869629,0.0001387341326335445,True
4.346.N,4.346,N,Que nome se dá a alguém que não acredita nas alterações climáticas? Pessoa teimosa.,0,0,3.880859375,-4.703125,-8.583984375,0.9998130202293396,0.00018704311514738947,True
4.367.H,4.367,H,Porque é que a Branca de Neve desmaiou ao comer a maçã? Apanhou sidra.,1,0,0.46142578125,-0.90966796875,-1.37109375,0.7975567579269409,0.2024431824684143,False
5.3350.N,5.3350,N,"Por que o time do inferno ganhou o jogo contra o céu? "" Porque a gente batalhou o tempo todo e superamos o melhor de si "".",0,0,0.86083984375,-1.2861328125,-2.14697265625,0.8953855037689209,0.10461445152759552,True
4.360.H,4.360,H,Porque é que o panado se divorciou? Porque a mulher não servia panada.,1,1,-3.36328125,3.30078125,6.6640625,0.0012743263505399227,0.9987257122993469,True
