id,pair_id,suffix,text,true_label,predicted_label,logit_non_pun,logit_pun,pun_score,probability_non_pun,probability_pun,correct
4.19.H,4.19,H,O meu baralho de cartas fica doido quando ligo o aspirador. Hoje encontrei o meu ás pirado,1,1,-1.26171875,0.85693359375,2.11865234375,0.10729707777500153,0.8927029371261597,True
4.461.N,4.461,N,Porque é que não se serve chá na escola? Por causa do bule.,0,0,1.3271484375,-1.23046875,-2.5576171875,0.928083598613739,0.07191641628742218,True
5.3868.N,5.3868,N,Qual marca de hotéis virou presidente? Trump.,0,0,2.359375,-2.203125,-4.5625,0.9896718263626099,0.01032815221697092,True
5.1053.H,5.1053,H,Qual filósofo conseguiu virar todas as quatro cadeiras do The Voice? Kant.,1,0,2.76171875,-2.44921875,-5.2109375,0.9945730566978455,0.005426943767815828,False
5.2517.H,5.2517,H,Qual herói da literatura atirava em patos? Duck Shot de la Mancha.,1,1,-1.1982421875,0.88427734375,2.08251953125,0.11080747842788696,0.8891924619674683,True
4.456.H,4.456,H,"Era uma vez um homem tão pequeno, mas tão pequeno, que não andava de metro. Andava de centímetro.",1,1,-0.61962890625,0.043731689453125,0.663360595703125,0.33998510241508484,0.6600149273872375,True
5.1050.N,5.1050,N,Qual a serie de anime que louva o tabaco? One Piece.,0,0,2.408203125,-2.203125,-4.611328125,0.9901592135429382,0.009840806014835835,True
5.360.H,5.360,H,Por que o casal de patos sempre tomam banho quando discutem? Para deixar tudo em patos limpos.,1,0,-0.1558837890625,-0.26025390625,-0.1043701171875,0.5260688662528992,0.4739311635494232,False
4.153.H,4.153,H,O que é que as freiras comem ao pequeno almoço? Papa.,1,0,2.57421875,-2.30078125,-4.875,0.9924227595329285,0.0075772409327328205,False
5.307.H,5.307,H,Qual a inflamação que manja de futebol? O Tite.,1,0,2.158203125,-1.88671875,-4.044921875,0.9827902317047119,0.01720971055328846,False
5.2531.N,5.2531,N,Por que o Tiger Woods teve que comprar um tanque enorme? Porque ele ganhou um crustáceo.,0,0,2.314453125,-2.169921875,-4.484375,0.9888418912887573,0.011158030480146408,True
4.473.H,4.473,H,Quem estiver desempregado fale com alguns bebés. Ouvi dizer que dão muito trabalho.,1,0,0.568359375,-0.7783203125,-1.3466796875,0.793586254119873,0.20641371607780457,False
5.2393.H,5.2393,H,Qual é o canal infantil que só transmite batida de carro? Car Tum Network.,1,1,-0.6689453125,0.2340087890625,0.9029541015625,0.28844380378723145,0.7115561962127686,True
5.1441.H,5.1441,H,O que o escorregador falou para o outro? Aqui os ânus passam depressa.,1,1,-0.7548828125,0.269287109375,1.024169921875,0.26421594619750977,0.7357840538024902,True
4.38.N,4.38,N,Hoje vi uma empregada do Pingo Doce a marcar o preço nos produtos aos calhas . Ela devia estar só a pressupor os valores.,0,1,-0.451904296875,-0.2344970703125,0.2174072265625,0.445861279964447,0.5541387796401978,False
5.2110.H,5.2110,H,Em que região do país os casais vivem de libidinagem? Na roça,1,0,1.39453125,-1.330078125,-2.724609375,0.9384632706642151,0.06153674051165581,False
5.632.H,5.632,H,A Manuela anda com a foto de São Pedro no carro pra evitar que ele quebre. Por quê? PORQUE A MANU TEM SÃO,1,1,-1.6591796875,0.923828125,2.5830078125,0.07024005055427551,0.9297599792480469,True
5.3981.H,5.3981,H,Qual o super herói dono de uma igreja? Homem de Fé rro.,1,1,-1.982421875,1.3974609375,3.3798828125,0.032930128276348114,0.9670699238777161,True
5.158.H,5.158,H,Qual é o alimento que só pode ser servido em duas mesas de tamanho considerável? Parmesão.,1,0,2.41796875,-2.607421875,-5.025390625,0.9934738278388977,0.006526149343699217,False
4.535.N,4.535,N,O que é mil vezes melhor do que o Instagram? O Facebook.,0,0,2.8984375,-2.822265625,-5.720703125,0.9967333078384399,0.003266699379310012,True
5.2661.N,5.2661,N,Quais as três letras que te perguntam o motivo de tudo? Nenhuma?,0,0,3.0,-3.107421875,-6.107421875,0.9977787137031555,0.00222133775241673,True
4.540.H,4.540,H,Que carro conduz a professora de matemática? Um 4x4.,1,0,2.330078125,-2.33203125,-4.662109375,0.9906418919563293,0.009358113631606102,False
5.1292.H,5.1292,H,O que o Sam da série Supernatural disse pro irmão quando viu um cara andando com um macaco no ombro? Aladdin.,1,1,-0.3193359375,-0.213623046875,0.105712890625,0.47359636425971985,0.5264036059379578,True
5.794.N,5.794,N,Qual o cantor que sofre de incontinência urinária? Wesley Safadão.,0,0,3.01171875,-2.908203125,-5.919921875,0.9973217844963074,0.0026782178319990635,True
5.3625.H,5.3625,H,Qual a banda que ajuda as pessoas a alcançar a seu destino?  Owazes.,1,0,0.414794921875,-0.465087890625,-0.8798828125,0.7067979574203491,0.29320207238197327,False
5.491.N,5.491,N,Por que o coelho quebrou os dentes ao comer o protetor solar? Porque era duro.,0,0,0.81591796875,-1.228515625,-2.04443359375,0.8853839039802551,0.1146160438656807,True
5.1598.N,5.1598,N,Qual é o animal que voa no deserto? Abutre.,0,0,1.591796875,-1.49609375,-3.087890625,0.9563905000686646,0.04360952600836754,True
4.660.H,4.660,H,"Como se chama um cão sem patas? Não se chama, vai-se buscar.",1,0,0.148193359375,-0.490966796875,-0.63916015625,0.6545636057853699,0.3454364240169525,False
5.1980.H,5.1980,H,Qual o dispositivo usado pra enxergar melhor uma determinada nota musical? Óculos de Sol ,1,0,2.623046875,-2.416015625,-5.0390625,0.993561863899231,0.0064381021074950695,False
5.1530.N,5.1530,N,"Qual a banda que não pode andar de avião, pois nunca passa na segurança do aeroporto? Cannibal Corpse.",0,1,-1.169921875,0.7353515625,1.9052734375,0.12951278686523438,0.8704872727394104,False
5.3155.H,5.3155,H,Qual atriz deveria ter feito parte do elenco de Vingadores? Brooke S.H.I.E.L.D,1,1,-1.107421875,0.53173828125,1.63916015625,0.16257937252521515,0.8374205827713013,True
5.420.N,5.420,N,Qual fruta nasce às margens do Rio Negro? Maçãs.,0,0,2.80859375,-3.0,-5.80859375,0.9970073103904724,0.0029926649294793606,True
5.1055.N,5.1055,N,Por que não reconheceram o idoso no avião? Porque ele estava usando uma máscara de oxigênio.,0,0,2.56640625,-2.337890625,-4.904296875,0.9926398992538452,0.0073600816540420055,True
4.573.H,4.573,H,Porque é que os cemitérios têm paredes? Porque as pessoas estão mortinhas por entrar lá dentro.,1,1,-0.53369140625,-0.0126800537109375,0.5210113525390625,0.372615784406662,0.6273842453956604,True
4.302.H,4.302,H,O que é um tério? São dois cemitérios.,1,0,0.89208984375,-0.99462890625,-1.88671875,0.8683809638023376,0.13161905109882355,False
5.2280.H,5.2280,H,Qual é a comida muito apreciada pelos radicais chineses da Al-Qaeda? Bin Lámen ,1,1,-1.6533203125,1.2255859375,2.87890625,0.053206201642751694,0.946793794631958,True
4.243.H,4.243,H,"O que diz um reboque a afogar-se pela segunda vez? Pronto, socorro...",1,0,0.75146484375,-1.2177734375,-1.96923828125,0.8775293231010437,0.12247072160243988,False
5.848.H,5.848,H,Qual personagem da Disney que ninguém gosta? Amarga Rida.,1,1,-1.9482421875,1.4599609375,3.408203125,0.032040078192949295,0.9679599404335022,True
5.1908.H,5.1908,H,Qual é a nacionalidade da pessoa apaixonada por um alcoólatra? Amor e Cana ,1,1,-2.1015625,1.33203125,3.43359375,0.03126191347837448,0.9687380790710449,True
4.417.H,4.417,H,Porque é que os daltónicos têm péssima memória? Porque não sabem nada de cor.,1,0,1.126953125,-1.453125,-2.580078125,0.929568350315094,0.07043161243200302,False
5.575.N,5.575,N,Qual a cor do medo? A cor azul.,0,0,2.853515625,-2.7109375,-5.564453125,0.9961829781532288,0.0038170500192791224,True
5.489.N,5.489,N,Qual piloto tem pacto com o Diabo? Barrichello.,0,0,2.798828125,-2.91015625,-5.708984375,0.9966949224472046,0.0033050791826099157,True
5.2012.H,5.2012,H,Que apresentador vive tomando Dramin? Rodri Gorfaro ,1,1,-1.9443359375,1.3857421875,3.330078125,0.03455362468957901,0.9654463529586792,True
5.1100.N,5.1100,N,Qual é a regra de matemática preferida dos funkeiros? Regra de três.,0,0,2.205078125,-2.23828125,-4.443359375,0.9883801937103271,0.011619769968092442,True
5.3955.N,5.3955,N,Que diretor de cinema era radioativo? Jack Thorne.,0,0,2.66796875,-2.654296875,-5.322265625,0.9951419830322266,0.004857966210693121,True
5.2306.H,5.2306,H,Qual jornalista se especializou em falar de lanche de rua no Rio? Ana Paula Podrão.,1,1,-1.97265625,1.4990234375,3.4716796875,0.030128860846161842,0.9698712229728699,True
5.4057.H,5.4057,H,Qual rapper nasceu na Itália? Romano Brown.,1,1,-1.5205078125,0.9833984375,2.50390625,0.0755847916007042,0.9244152307510376,True
5.3163.H,5.3163,H,Por que a pessoa que não melhora de vida não quebra as coisas nunca? Porque tá estrague nada.,1,1,-1.76171875,1.1435546875,2.9052734375,0.05189348757266998,0.9481064677238464,True
5.3704.N,5.3704,N,Onde o Sílvio conseguiu comprar novelas tão ruins? Na porta da Globo!,0,0,2.396484375,-2.333984375,-4.73046875,0.9912548065185547,0.008745182305574417,True
4.350.N,4.350,N,Que nome se dá a uma sobremesa de bananas? Banana-split,0,1,-1.3154296875,0.7587890625,2.07421875,0.11162799596786499,0.888372004032135,False
5.1896.N,5.1896,N,Qual a figura mitológica mais velha? Adão.,0,0,2.783203125,-2.798828125,-5.58203125,0.996249258518219,0.0037507889792323112,True
5.143.H,5.143,H,Qual é o elemento químico mais nervoso que existe? Putássio.,1,1,-0.459228515625,-0.1214599609375,0.3377685546875,0.4163516163825989,0.5836483836174011,True
5.693.N,5.693,N,Qual é a bebida que conecta com seu cérebro? Red Bull.,0,0,2.53125,-2.80078125,-5.33203125,0.9951889514923096,0.004810982849448919,True
4.645.N,4.645,N,"Se um dia te oferecerem uns óculos sem lentes, tem cuidado! Pode ser engano.",0,0,1.6611328125,-1.7578125,-3.4189453125,0.9682914614677429,0.03170859441161156,True
5.1945.H,5.1945,H,Qual é a cerveja preferida dos fazendeiros? A BodeWeiser ,1,1,-1.3955078125,0.8955078125,2.291015625,0.0918697863817215,0.9081302285194397,True
5.3578.N,5.3578,N,O que o advogado deixou para os filhos? Seu carro.,0,0,3.103515625,-2.947265625,-6.05078125,0.9976494908332825,0.0023504828568547964,True
4.223.H,4.223,H,Qual é a sobremesa preferida dos canibais? Pudim fulano.,1,1,-0.884765625,0.54248046875,1.42724609375,0.19352811574935913,0.8064718246459961,True
5.1542.N,5.1542,N,Por que não é bom guardar o kibe no freezer? Porque lá dentro ele esfria.,0,0,1.6435546875,-1.7255859375,-3.369140625,0.9667260646820068,0.03327393904328346,True
4.614.H,4.614,H,"Eu morava na Madeira e mudei-me para Ibiza. Isto não foi um trocadilho, mas sim uma trocadilha.",1,0,0.321044921875,-0.78125,-1.102294921875,0.7506898641586304,0.24931015074253082,False
5.1184.H,5.1184,H,Qual ex-presidente dos Estados Unidos ama fazer obras? Barack Obra Ama.,1,1,-2.287109375,1.73046875,4.017578125,0.01767834834754467,0.9823216199874878,True
5.2634.N,5.2634,N,Qual a série que expulsa o campo? Seinfeld.,0,0,1.5302734375,-1.4599609375,-2.990234375,0.9521309733390808,0.0478690080344677,True
5.1705.N,5.1705,N,Qual é a cidade que quer ser um instrumento musical? Cuparaque.,0,0,1.37109375,-1.1474609375,-2.5185546875,0.9254323840141296,0.07456761598587036,True
5.3665.H,5.3665,H,"O cara reclamou do vaso trincado e a namorada ficou com a boca cheia d'água. Por que? Porque o cara exclamou: Pô, rachou!",1,0,0.2724609375,-0.54345703125,-0.81591796875,0.6933691501617432,0.30663084983825684,False
4.320.N,4.320,N,Porque é que a equipa de futebol não tem pena do jogador que foi expulso? Porque é o que fez mais faltas.,0,0,0.607421875,-0.8701171875,-1.4775390625,0.8142006397247314,0.18579941987991333,True
5.2312.N,5.2312,N,Qual é o nome da banda favorita das pessoas cansadas? Capital Inicial,0,0,2.81640625,-2.369140625,-5.185546875,0.9944342970848083,0.005565723869949579,True
5.1486.N,5.1486,N,Qual gata que entrou e logo depois saiu do chat? Bola de Neve.,0,0,2.408203125,-2.169921875,-4.578125,0.9898303151130676,0.01016965787857771,True
5.3571.N,5.3571,N,Qual personagem não fala muito? Alladin.,0,0,1.494140625,-1.2392578125,-2.7333984375,0.9389688968658447,0.061031121760606766,True
5.2029.H,5.2029,H,Como se chama o desenho de alguém que não tem cabelo? Carecatura ,1,1,-1.3740234375,0.98974609375,2.36376953125,0.08597749471664429,0.9140225052833557,True
5.560.N,5.560,N,Quais são os piratas que abraçam todo mundo o tempo todo? Os Piratas do Mediterrâneo.,0,0,1.716796875,-1.51171875,-3.228515625,0.9618934392929077,0.03810662031173706,True
5.1053.N,5.1053,N,Qual filósofo conseguiu virar todas as quatro cadeiras do The Voice? Sartre.,0,0,2.9453125,-2.634765625,-5.580078125,0.9962419271469116,0.0037580945063382387,True
4.407.H,4.407,H,Que nome se dá a um árabe fofinho? Al-catifa.,1,1,-1.791015625,1.345703125,3.13671875,0.041617799550294876,0.9583821892738342,True
4.681.H,4.681,H,"Decidi adotar um Chihuahua. Para quem não sabe, é um animal doméxico.",1,1,-0.66357421875,0.249755859375,0.913330078125,0.28631889820098877,0.7136811017990112,True
5.841.H,5.841,H,Qual escritor sempre usava roupas de frio? Edgar Alã Põe.,1,1,-2.158203125,1.6201171875,3.7783203125,0.022350111976265907,0.9776499271392822,True
5.3869.N,5.3869,N,Qual cantora internacional sempre fica em dúvida em questões múltipla escolha? Anastasia.,0,1,-0.423828125,0.002666473388671875,0.4264945983886719,0.39496371150016785,0.6050363183021545,False
5.1908.N,5.1908,N,Qual ator é uma bebida? Char Lichia.,0,1,-2.263671875,1.71484375,3.978515625,0.018369639292359352,0.9816303849220276,False
5.989.N,5.989,N,Qual figura histórica terminou mal seu último relacionamento? John Kennedy.,0,0,2.736328125,-2.62109375,-5.357421875,0.995309054851532,0.00469093257561326,True
5.2014.N,5.2014,N,Em que parte do casa todos se encontram? Na área de lazer,0,0,2.900390625,-2.6328125,-5.533203125,0.9960622191429138,0.003937738947570324,True
5.1816.N,5.1816,N,Qual o primata que vive boiando sozinho no meio do oceano? Gorila.,0,0,2.80859375,-2.931640625,-5.740234375,0.9967963099479675,0.003203717991709709,True
5.2017.N,5.2017,N,Que lei incentiva a espera em estabelecimentos? 8192/1998,0,0,0.60791015625,-1.0693359375,-1.67724609375,0.8425394892692566,0.15746048092842102,True
5.4059.N,5.4059,N,Qual cantor de Rap nunca chega antes? Mano Brown.,0,0,3.056640625,-2.95703125,-6.013671875,0.9975608587265015,0.0024391296319663525,True
5.1705.H,5.1705,H,Uma família russa sai para viajar no Natal e esquece o filho em casa. Qual é o nome do filme? Esqueceram Dmitri,1,1,-0.70947265625,0.376220703125,1.085693359375,0.25243011116981506,0.7475698590278625,True
4.697.H,4.697,H,"Como se diz ""terror"" em japonês? Aikimedu.",1,0,0.76513671875,-0.89892578125,-1.6640625,0.8407825827598572,0.15921741724014282,False
4.302.N,4.302,N,O que é um tério? É uma classe de mamíferos.,0,0,1.65234375,-1.4013671875,-3.0537109375,0.9549424648284912,0.04505753144621849,True
5.1898.H,5.1898,H,Como chamamos uma convenção de explosivos? Dinameeting ,1,0,-0.2200927734375,-0.423828125,-0.2037353515625,0.550758421421051,0.44924160838127136,False
3.2.H,3.2,H,O que o martelo foi fazer no culto? Pregar.,1,0,2.896484375,-2.56640625,-5.462890625,0.9957767128944397,0.004223365802317858,False
5.2988.N,5.2988,N,Qual microorganismo é sempre passado pra trás? Vírus.,0,0,2.87109375,-2.890625,-5.76171875,0.9968641400337219,0.00313583598472178,True
4.228.N,4.228,N,Como é que um brasileiro pede licença a um francês? Sai-me do caminho!,0,0,0.47216796875,-0.8037109375,-1.27587890625,0.7817474007606506,0.21825255453586578,True
5.3469.H,5.3469,H,Qual atriz brasileira na verdade é um travesti? Marina é Ruy Barbosa.,1,0,-0.08740234375,-0.3671875,-0.27978515625,0.5694935321807861,0.4305064082145691,False
5.743.N,5.743,N,Como se chamava o camponês que era forçado por um nobre a perseguir um ex-vocalista da Banda Eva? Jonas.,0,0,2.8671875,-2.76953125,-5.63671875,0.9964480400085449,0.0035518843214958906,True
5.3820.N,5.3820,N,"A menina dormiu muito, qual o nome do filme? Alice no país das maravilhas.",0,0,2.470703125,-2.15234375,-4.623046875,0.9902727007865906,0.00972727220505476,True
4.102.N,4.102,N,O que é um leitão? Um porco que é ainda novo.,0,0,1.5126953125,-1.4287109375,-2.94140625,0.9498556852340698,0.0501442514359951,True
5.393.N,5.393,N,Qual apresentador tinha um pequeno sítio? Faustão,0,0,3.134765625,-2.875,-6.009765625,0.9975513815879822,0.0024486531037837267,True
4.472.N,4.472,N,Qual é a fruta mais comum nos churrascos? É o abacaxi.,0,0,2.06640625,-2.353515625,-4.419921875,0.9881079792976379,0.011892050504684448,True
5.1375.N,5.1375,N,"O que o espermatozoide falou para o óvulo? "" Deixa eu morar com você? Minha casa é um testículo . """,0,1,-1.837890625,1.302734375,3.140625,0.04146226868033409,0.9585376977920532,False
5.1816.H,5.1816,H,Qual comediante é sempre o primeiro? Diego The First,1,1,-1.3564453125,0.71142578125,2.06787109375,0.11225901544094086,0.887740969657898,True
5.131.N,5.131,N,Qual cantora não é minha? Sia.,0,0,2.2578125,-2.017578125,-4.275390625,0.9862841367721558,0.013715874403715134,True
5.529.N,5.529,N,Qual zíper abre e fecha sem parar? O Ziper bom.,0,1,-1.9541015625,1.33984375,3.2939453125,0.03577948734164238,0.9642205834388733,False
5.1421.N,5.1421,N,Qual é o inseto que pode ser usado como forma de pagamento? Aranha.,0,0,2.783203125,-3.033203125,-5.81640625,0.99703049659729,0.00296944472938776,True
5.3740.N,5.3740,N,"O que o Galvão disse quando viu um juíz retirar um jogador do campo? "" Eeergue o braço...""",0,1,-1.533203125,1.2841796875,2.8173828125,0.05639204382896423,0.9436079859733582,False
4.638.N,4.638,N,"O amor é como um jogo de sueca . Ou se tem um bom parceiro, ou o melhor mesmo é ter uma boa carta.",0,1,-0.783203125,0.41015625,1.193359375,0.23265863955020905,0.7673413753509521,False
5.2549.N,5.2549,N,Qual mercado vende lagarto? Extra.,0,0,0.9375,-1.111328125,-2.048828125,0.8858291506767273,0.11417084187269211,True
5.2306.N,5.2306,N,Qual jornalista se especializou em falar de lanche de rua no Rio? Márcio Canuto.,0,0,1.8232421875,-1.6123046875,-3.435546875,0.9687971472740173,0.03120281547307968,True
5.3377.H,5.3377,H,Qual deputado curte garotos novos? Kim cata guri.,1,1,-1.8681640625,1.498046875,3.3662109375,0.0333683118224144,0.9666317105293274,True
4.506.H,4.506,H,Em 2018 não corri. Em 2019 não corri. Em 2020 não corri. Em 2021 ainda não corri. Esta piada não correu bem.,1,0,0.370849609375,-0.71923828125,-1.090087890625,0.7483983039855957,0.2516017258167267,False
5.101.N,5.101,N,Qual é o filme protagonizado por Jim Carrey e um cigarro? Debi e Lóide.,0,1,-1.5244140625,1.046875,2.5712890625,0.07100921869277954,0.9289907217025757,False
5.4090.N,5.4090,N,Qual a sobremesa mais rica que existe? Torta de Ameixa.,0,0,1.8486328125,-2.01953125,-3.8681640625,0.9795310497283936,0.02046896517276764,True
5.176.H,5.176,H,Como o pessoal do Street Fighter comemora o Réveillon? De roupa Blanka.,1,1,-1.08203125,0.7265625,1.80859375,0.14080817997455597,0.8591918349266052,True
5.3087.N,5.3087,N,Qual remédio é bom pra rir dormindo? Rivotril.,0,0,2.48828125,-2.275390625,-4.763671875,0.9915380477905273,0.008461997844278812,True
5.3820.H,5.3820,H,"A menina dormiu muito, qual o nome do filme? A sleep no país das maravilhas.",1,1,-0.9736328125,0.394775390625,1.368408203125,0.20287713408470154,0.7971228361129761,True
5.3949.H,5.3949,H,Qual a atriz mais perfumada que existe? Joana Avon.,1,1,-2.048828125,1.486328125,3.53515625,0.028328312560915947,0.9716717004776001,True
5.2012.N,5.2012,N,Que apresentador vive tomando Dramin? Rodrigo Faro,0,0,3.166015625,-3.048828125,-6.21484375,0.9980044960975647,0.001995538594201207,True
4.473.N,4.473,N,Quem estiver desempregado fale com alguns empresários da restauração . Ouvi dizer que têm falta de trabalhadores.,0,0,0.5673828125,-0.91943359375,-1.48681640625,0.8155999779701233,0.1844000518321991,True
5.2751.H,5.2751,H,Qual aviamento não para quieto? Os Zíper Ativos,1,1,-1.560546875,1.3017578125,2.8623046875,0.054048750549554825,0.9459512829780579,True
5.1405.N,5.1405,N,Qual é o personagem da Marvel que usa rastafari? Pantera Negra.,0,0,2.810546875,-2.84375,-5.654296875,0.9965097308158875,0.0034902107436209917,True
5.1708.N,5.1708,N,Qual é a capacidade do pendrive de um baiano? Um Tera.,0,1,-1.9384765625,1.3056640625,3.244140625,0.03753800690174103,0.9624620079994202,False
5.1158.N,5.1158,N,Qual o presidente que foi beber água e não achou nada? Collor.,0,0,2.716796875,-2.73046875,-5.447265625,0.9957103729248047,0.004289588425308466,True
5.595.N,5.595,N,O que a rainha come de manhã? Requeijão.,0,0,2.0859375,-2.185546875,-4.271484375,0.9862311482429504,0.013768816366791725,True
5.1767.H,5.1767,H,Por que é irônico ter um táxi em Far Cry? Porque é um jogo da Ubersoft. ,1,0,-0.2186279296875,-0.283203125,-0.0645751953125,0.5161381959915161,0.4838618040084839,False
5.2324.H,5.2324,H,Por que os países da Europa vivem bagunçados? Por causa da Zona do Euro.,1,0,1.4033203125,-1.140625,-2.5439453125,0.9271657466888428,0.07283429801464081,False
5.3477.H,5.3477,H,Qual o monumento mais sujo de Londres? Pig Ben.,1,1,-1.92578125,1.5224609375,3.4482421875,0.03082132525742054,0.9691786766052246,True
5.2347.N,5.2347,N,Qual nome se dá quando cai uma parte de um estádio? Tragédia.,0,0,2.380859375,-2.296875,-4.677734375,0.9907855987548828,0.009214365854859352,True
5.202.N,5.202,N,Por que o Sílvio Santos só entra em casa depois que o olho dele é escaneado? Porque a porta só abre com reconhecimento de Íris.,0,1,-1.0244140625,0.78271484375,1.80712890625,0.14098547399044037,0.8590145111083984,False
5.2960.N,5.2960,N,Por que nenhum avião conseguia aterrizar direito? Porque estavam aterrissando no meio da tempestade.,0,0,0.61328125,-0.82861328125,-1.44189453125,0.8087478876113892,0.19125212728977203,True
5.1921.H,5.1921,H,Por que o jardineiro tira a roupa quando põe sabão no jardim? Porque ele gosta desse cu regar! ,1,1,-1.748046875,1.2451171875,2.9931640625,0.04773565009236336,0.9522643685340881,True
5.1156.N,5.1156,N,"Qual o personagem que não faz questão de estar certo o tempo todo? Romeu, do Romeu e Julieta.",0,0,1.9912109375,-1.80859375,-3.7998046875,0.9781146049499512,0.021885450929403305,True
5.776.H,5.776,H,O que o Pelé sente na pele? Peleconceito.,1,1,-1.6396484375,1.19140625,2.8310546875,0.05566892400383949,0.9443310499191284,True
4.58.H,4.58,H,O que são cinco pontos coloridos num jardim? São os Flower Rangers.,1,0,1.1025390625,-0.90185546875,-2.00439453125,0.8812576532363892,0.11874229460954666,False
5.3535.H,5.3535,H,Por que a empresária tomou sal de frutas? Porque ela era má de gestão.,1,1,-0.2646484375,-0.10455322265625,0.16009521484375,0.4600614309310913,0.5399385094642639,True
5.4.H,5.4,H,Qual é o sabor da bala preferida da galera do hospício? Dementos.,1,1,-1.8330078125,1.3369140625,3.169921875,0.04031343758106232,0.9596865773200989,True
5.3762.N,5.3762,N,Qual é o jogador de futebol que sempre se protege do sol? Ronaldinho,0,0,3.009765625,-2.978515625,-5.98828125,0.9974983334541321,0.0025016965810209513,True
5.651.N,5.651,N,Qual ator de Hollywood tem a melhor mira do mundo? O Sylvester Stallone.,0,0,2.501953125,-2.138671875,-4.640625,0.9904406070709229,0.00955939944833517,True
5.3172.N,5.3172,N,Onde a vaca compra ovo de Páscoa? Na Cacau show.,0,0,1.5908203125,-1.359375,-2.9501953125,0.9502726793289185,0.04972727969288826,True
5.1708.H,5.1708,H,Qual cantora é muito aérea? Dua Pipa.,1,1,-1.0009765625,0.53759765625,1.53857421875,0.17674264311790466,0.823257327079773,True
5.2671.N,5.2671,N,Qual o romano mais malhado que houve? Pôncio Pilates.,0,1,-2.333984375,1.740234375,4.07421875,0.016721144318580627,0.9832789301872253,False
4.470.N,4.470,N,Porque é que o mar é grande? Porque os peixes fazem blue...blue...blue ...,0,1,-0.60205078125,0.1712646484375,0.7733154296875,0.31576234102249146,0.6842375993728638,False
4.56.N,4.56,N,Porque é que os contabilistas são bons a fazer contas? Porque tabuada é com eles.,0,0,0.357177734375,-0.8359375,-1.193115234375,0.7672978043556213,0.23270224034786224,True
5.2310.N,5.2310,N,Qual pessoa sempre cria caso por nada durante o casamento? Dama de honra,0,0,2.771484375,-2.57421875,-5.345703125,0.9952540397644043,0.0047459653578698635,True
5.3736.H,5.3736,H,Qual clube campeão da Libertadores consegue segurar bebês gêmeos? Colo-Colo.,1,0,2.16796875,-2.419921875,-4.587890625,0.9899281859397888,0.010071824304759502,False
5.3251.H,5.3251,H,"Por que Fernando foi preso por matar, e Gonçalves não? Porque matam coisas diferentes: Gonçalves Dias, e o Fernando Pessoas.",1,1,-1.87890625,1.3623046875,3.2412109375,0.037643998861312866,0.9623559713363647,True
5.1685.H,5.1685,H,"Toda vez que um rapaz entrava no banheiro, ouvia-se o som de um pintinho. Qual o nome do filme? O homem que o cu piava.",1,1,-1.78515625,1.3720703125,3.1572265625,0.04080747812986374,0.9591925740242004,True
1.6.N,1.6,N,"Você sabe qual é a montanha mais alta de todas? O vulcão . Porque primeiro solta cinzas . E depois, lava.",0,0,0.77099609375,-0.744140625,-1.51513671875,0.8198211789131165,0.18017877638339996,True
5.1428.N,5.1428,N,Qual parte do carro inibe os efeitos da maconha? O ventilador.,0,0,2.328125,-2.513671875,-4.841796875,0.9921689629554749,0.007831049151718616,True
4.420.N,4.420,N,Porque é que a Joana foi à farmácia? Foi comprar creme para os pontos negros.,0,1,-0.339111328125,-0.1180419921875,0.2210693359375,0.4449566602706909,0.5550433397293091,False
5.2030.H,5.2030,H,Qual o canal infantil favorito dos peixes trabalhadores? Atum Network ,1,0,-0.1549072265625,-0.1605224609375,-0.005615234375,0.50140380859375,0.4985962212085724,False
4.637.N,4.637,N,O que faz uma pessoa surda? Finge que ouve.,0,0,1.8212890625,-1.8896484375,-3.7109375,0.9761291742324829,0.023870833218097687,True
4.201.N,4.201,N,Era uma vez uma cidade onde quase todas as motos eram Yamaha . Qual é o filme? Pocahontas.,0,1,-1.677734375,1.2978515625,2.9755859375,0.04854108765721321,0.9514589309692383,False
5.979.N,5.979,N,Qual doce causa vômito em crianças latinas? Enjoa niña.,0,1,-1.5048828125,1.0888671875,2.59375,0.06954174488782883,0.9304582476615906,False
5.802.H,5.802,H,Qual cantora sempre pede livros infantis? Demi Lobato,1,0,1.30078125,-1.3759765625,-2.6767578125,0.9356411695480347,0.06435883790254593,False
5.655.N,5.655,N,Por que a manicure ficou milionária? Porque acertou na Mega Sena.,0,0,2.365234375,-2.072265625,-4.4375,0.9883127808570862,0.011687257327139378,True
5.101.H,5.101,H,Qual é o filme protagonizado por Jim Carrey e um cigarro? Derby & Lóide.,1,1,-2.328125,1.7158203125,4.0439453125,0.017226237803697586,0.9827737808227539,True
5.2647.N,5.2647,N,Qual apresentador é o mais duas caras? Luciano Huck.,0,0,2.96484375,-2.95703125,-5.921875,0.9973269701004028,0.0026730059180408716,True
5.3832.H,5.3832,H,Qual o animal que ninguém liga? Irrelefante.,1,1,-2.35546875,1.708984375,4.064453125,0.01688246615231037,0.9831175804138184,True
5.2808.N,5.2808,N,Porque Jesus não está no Tinder? Ele está com um crucifixo,0,0,0.90771484375,-1.0830078125,-1.99072265625,0.8798195719718933,0.12018042802810669,True
4.696.N,4.696,N,"Acabei de comprar um livro chamado "" Caminhadas para Totós "" . É um guia para passear a pé.",0,0,1.546875,-1.265625,-2.8125,0.9433475732803345,0.05665242671966553,True
5.682.N,5.682,N,Qual é o nome de menino mais escolhido pelos pais nos Estados Unidos? Tim.,0,0,0.9501953125,-0.79541015625,-1.74560546875,0.8513976335525513,0.14860235154628754,True
5.411.H,5.411,H,Qual é o ingrediente que chega sempre atrasado na geladeira? O leite.,1,0,2.396484375,-2.849609375,-5.24609375,0.9947595000267029,0.005240449216216803,False
5.1525.H,5.1525,H,Por que o cavalo sempre ejacula antes de ficar puto? Porque ele tem ejaculação pré-coice.,1,1,-2.078125,1.3935546875,3.4716796875,0.030128860846161842,0.9698712229728699,True
4.365.N,4.365,N,"Como é que se diz "" naufrágio "" em chinês? Help.",0,1,-0.564453125,-0.1507568359375,0.4136962890625,0.39802616834640503,0.601973831653595,False
5.3645.N,5.3645,N,Qual é o desenho onde o personagem principal só consegue dinheiro em outro planeta? Pato Donald.,0,0,2.955078125,-2.931640625,-5.88671875,0.997231662273407,0.0027683854568749666,True
4.63.H,4.63,H,O que é que se faz num velório de lésbicas? Um minete de silêncio.,1,1,-0.5107421875,-0.0296478271484375,0.4810943603515625,0.38199374079704285,0.6180062294006348,True
5.1325.H,5.1325,H,O que aconteceu quando o policial olhou no espelho? O polícia se viu.,1,0,2.419921875,-2.328125,-4.748046875,0.9914058446884155,0.008594110608100891,False
5.1373.N,5.1373,N,O que um álcool resmungou para o outro? Etanois.,0,0,2.3671875,-2.3125,-4.6796875,0.9908034801483154,0.009196552447974682,True
4.281.N,4.281,N,Porque é que a galinha fez um striptease na capoeira? Para chocar os galos.,0,1,-0.4619140625,-0.0535888671875,0.4083251953125,0.3993137776851654,0.6006861925125122,False
5.2600.N,5.2600,N,Qual é o arroz que vem mais juntinho? Gohan.,0,0,0.427001953125,-0.53173828125,-0.958740234375,0.7228695154190063,0.27713048458099365,True
5.888.N,5.888,N,O que é bom para miopia? Óculos.,0,0,3.068359375,-2.927734375,-5.99609375,0.9975177049636841,0.0024822766426950693,True
4.618.H,4.618,H,Ninguém espera por mim. Mas o Jack Sparrow.,1,1,-1.2333984375,0.7861328125,2.01953125,0.11716748028993607,0.8828325867652893,True
5.3297.N,5.3297,N,Que apresentador guarda arquivos de voz dos convidados? Sílvio Santos.,0,0,3.142578125,-3.09375,-6.236328125,0.9980467557907104,0.0019532055594027042,True
5.2358.H,5.2358,H,Por que um clube argentino de futebol não pôde mais fazer refresco? Porque acabou cajuniors.,1,1,-2.080078125,1.3798828125,3.4599609375,0.030473187565803528,0.9695268273353577,True
5.1063.H,5.1063,H,Qual a cidade que paga um valor fixo pra todo mundo? Cachês do Sul.,1,1,-1.5126953125,1.0498046875,2.5625,0.07159119844436646,0.9284088015556335,True
4.712.H,4.712,H,Porque é que nunca se deve separar o pau da vassoura? Porque depois para encontrá-lo é o cabo dos trabalhos.,1,0,-0.022369384765625,-0.40478515625,-0.382415771484375,0.5944555997848511,0.40554437041282654,False
4.205.N,4.205,N,Que barulho faz um relógio feito no México? Tic Tac.,0,0,0.47802734375,-0.8271484375,-1.30517578125,0.7867047786712646,0.21329523622989655,True
4.432.N,4.432,N,"Um homem tentou comer 1000 passas, mas chegou às 999 e desistiu . Qual é o filme? Mil passas.",0,0,1.4404296875,-1.486328125,-2.9267578125,0.949153482913971,0.05084657296538353,True
5.2080.H,5.2080,H,O que o nutricionista recomendou pra Sandy quando ela revelou seus desejos? Sandy Wishes ,1,1,-0.84033203125,0.3662109375,1.20654296875,0.23031330108642578,0.7696866989135742,True
5.110.H,5.110,H,Qual ferramenta irá proteger a todos? Chave defenda.,1,1,-2.17578125,1.52734375,3.703125,0.024053553119301796,0.9759464263916016,True
5.2434.H,5.2434,H,Qual o contrário de salmão? Açucar Pé.,1,1,-2.298828125,1.798828125,4.09765625,0.01634012721478939,0.9836598634719849,True
5.2213.H,5.2213,H,O que se deve dizer pro professor de geometria esquerdista? Vai pra cubo ,1,1,-1.5673828125,1.0087890625,2.576171875,0.07068779319524765,0.9293122291564941,True
4.295.H,4.295,H,Os termómetros foram festejar o início do verão. A festa foi na casa dos 30 graus.,1,1,-1.3232421875,0.826171875,2.1494140625,0.10438598692417145,0.895613968372345,True
5.283.H,5.283,H,O que o coveiro disse quando pediram a ele para gerenciar o cemitério? Isso não é da minha ossada.,1,0,0.11395263671875,-0.51904296875,-0.63299560546875,0.6531684398651123,0.34683161973953247,False
5.317.H,5.317,H,Qual banda é formada por um padre? É o Tchan! Com Padre Washington.,1,0,0.321044921875,-0.62451171875,-0.945556640625,0.720220685005188,0.2797792851924896,False
5.781.H,5.781,H,Qual cantor eu quero que repare em mim? Cesar Menote.,1,1,-2.052734375,1.599609375,3.65234375,0.02527489885687828,0.9747251272201538,True
5.1050.H,5.1050,H,Qual a serie de anime que louva o tabaco? Charuto.,1,1,-2.025390625,1.53515625,3.560546875,0.027637720108032227,0.972362220287323,True
5.1851.H,5.1851,H,Quem foi a primeira personalidade a mandar mensagem de texto? Torpedro I.,1,1,-1.46875,0.7939453125,2.2626953125,0.09426000714302063,0.9057400226593018,True
5.1475.H,5.1475,H,Qual pico mais gelado que existe? O pico lé.,1,1,-1.4853515625,0.95361328125,2.43896484375,0.08024927973747253,0.9197506904602051,True
4.90.H,4.90,H,"Como é que se diz ""copia bem"" em inglês? Copyright.",1,0,1.4443359375,-1.3212890625,-2.765625,0.9407896995544434,0.05921025201678276,False
5.2634.H,5.2634,H,Qual a série que expulsa o campo? Saifield.,1,0,0.55419921875,-0.68017578125,-1.234375,0.7745833992958069,0.2254166156053543,False
5.1373.H,5.1373,H,O que um álcool falou para o outro? Etanois.,1,0,2.009765625,-1.994140625,-4.00390625,0.9820826053619385,0.017917344346642494,False
5.267.N,5.267,N,Por que toda mulher quer se casar com um sabão em pó de 20 quilos? Porque é um sabão muito eficiente.,0,0,1.5634765625,-1.876953125,-3.4404296875,0.9689443707466125,0.031055551022291183,True
5.849.N,5.849,N,Por que a namorada do Mickey quando não está bem começa a tirar as coisas? Porque ela é Minnie Má Lista.,0,1,-2.072265625,1.6005859375,3.6728515625,0.024774551391601562,0.9752253890037537,False
5.2349.N,5.2349,N,Qual é o esporte preferido pelos gaúchos? Basquete.,0,0,2.451171875,-2.751953125,-5.203125,0.9945307374000549,0.005469274241477251,True
5.928.N,5.928,N,Qual o jogo favorito do mágico? Boliche,0,0,2.7734375,-2.74609375,-5.51953125,0.9960082769393921,0.0039917281828820705,True
4.501.H,4.501,H,Quais são os apelidos mais comuns dos estafetas da Uber Eats? Passos Dias Aguiar Mota.,1,1,-1.9990234375,1.4501953125,3.44921875,0.03079216368496418,0.9692078232765198,True
4.445.N,4.445,N,De que material são compostas as pedras nos rins? De xisto.,0,0,2.18359375,-2.2734375,-4.45703125,0.9885361194610596,0.011463796719908714,True
5.806.N,5.806,N,"Em qual época o Brasileiro foi mais magro? Na época do movimento "" Caras Pintadas "".",0,0,0.59765625,-0.681640625,-1.279296875,0.7823300957679749,0.21766994893550873,True
5.1256.H,5.1256,H,Como se chama a modalidade em que seis filósofos tem que nadar seis estilos diferentes? Só seis que nadam seis.,1,1,-1.1953125,0.4501953125,1.6455078125,0.1617169976234436,0.8382829427719116,True
4.566.N,4.566,N,Porque é que os lutadores praticam boxe? Porque há um assalto a cada 3 minutos.,0,0,-0.034149169921875,-0.31689453125,-0.282745361328125,0.5702191591262817,0.42978084087371826,True
5.3869.H,5.3869,H,"Qual cantora internacional sempre fica em dúvida em questões múltipla escolha? A, B ou C (A Beyoncé).",1,1,-0.970703125,0.274169921875,1.244873046875,0.22358891367912292,0.7764111161231995,True
4.222.H,4.222,H,Que nome se dá à diarreia de um vegan? Rebento de soja.,1,1,-1.294921875,0.634765625,1.9296875,0.12678518891334534,0.873214840888977,True
5.529.H,5.529,H,Qual zíper abre e fecha sem parar? O Ziperativo.,1,1,-2.275390625,1.6083984375,3.8837890625,0.02015801891684532,0.979841947555542,True
5.3658.N,5.3658,N,Qual comediante se formou em uma escola agrotécnica? Rony Rios,0,0,1.4326171875,-1.2548828125,-2.6875,0.9362850189208984,0.06371499598026276,True
5.2491.N,5.2491,N,Qual é a dupla sertaneja favorita dos velhos? Leandro e Leonardo.,0,0,2.7578125,-2.623046875,-5.380859375,0.9954172372817993,0.00458276504650712,True
5.435.N,5.435,N,Qual animal vive no esteticista? O homem.,0,0,2.951171875,-3.05078125,-6.001953125,0.9975321292877197,0.0024678101763129234,True
4.697.N,4.697,N,"Como se diz "" terror "" em japonês? Hora.",0,0,2.48828125,-2.39453125,-4.8828125,0.9924813508987427,0.007518718484789133,True
5.1001.N,5.1001,N,"O filho pediu para o pai levá-lo para ver boosa nova e o pai concordou . Qual é o nome da música? "" Eu sei que vou te amar...""",0,0,1.626953125,-1.52734375,-3.154296875,0.9590777158737183,0.04092230647802353,True
5.1733.N,5.1733,N,Qual o tipo de conexão que não funciona no elevador? Internet fibra ótica.,0,1,-0.386474609375,-0.336669921875,0.0498046875,0.48755139112472534,0.5124486088752747,False
5.3986.N,5.3986,N,Por que o bebê demorou muito pra nascer? Porque é demorado.,0,0,2.75390625,-2.6484375,-5.40234375,0.9955142140388489,0.004485794343054295,True
5.3086.H,5.3086,H,Qual o nome do filho do Mc Kevinho? MC Kessuco.,1,1,-0.7900390625,0.54443359375,1.33447265625,0.2084205001592636,0.79157954454422,True
5.2017.H,5.2017,H,Que lei incentiva a espera em estabelecimentos? Lei Maria da Senha ,1,1,-0.5029296875,-0.1072998046875,0.3956298828125,0.40236273407936096,0.5976372361183167,True
4.243.N,4.243,N,O que diz um reboque a afogar-se pela segunda vez? Socorro ...,0,1,-0.341552734375,-0.21337890625,0.128173828125,0.4680003225803375,0.5319996476173401,False
4.318.H,4.318,H,Vira-se um guitarrista para um baixista: Então o que fazes aqui por estas bandas?,1,0,1.5927734375,-1.203125,-2.7958984375,0.9424538016319275,0.0575462207198143,False
5.1110.N,5.1110,N,"O que o psicanalista adora dizer no meio do sexo? Vai, me fode.",0,1,-0.53857421875,-0.04205322265625,0.49652099609375,0.3783585727214813,0.6216413974761963,False
5.2272.H,5.2272,H,De qual país eu aceitei um chiclete? Mandamascar,1,1,-1.9541015625,1.4560546875,3.41015625,0.03197956085205078,0.968020498752594,True
4.418.H,4.418,H,"Qual é o masculino de ""tábua""? Eu até dizia, mas é tabu.",1,0,-0.11273193359375,-0.517578125,-0.40484619140625,0.5998514294624329,0.40014854073524475,False
5.758.H,5.758,H,Qual o chá que ninguém gosta? Chato.,1,0,2.89453125,-2.990234375,-5.884765625,0.9972261786460876,0.0027737824711948633,False
5.3990.N,5.3990,N,Qual o comediante que o pessoal sempre pedia pra falar mais alto na hora do show? Jerry  Seinfeld.,0,1,-0.36767578125,0.05035400390625,0.41802978515625,0.3969883322715759,0.6030117273330688,False
5.2058.H,5.2058,H,Como você chama um droid pirata? Arrrr2-D2 ,1,1,-1.28125,1.1044921875,2.3857421875,0.08426640182733536,0.9157336354255676,True
5.1001.H,5.1001,H,"O filho pediu para o pai levá-lo para ver tartarugas e o pai concordou. Qual é o nome da música? ""Eu sei que vou Tamar...""",1,1,-1.2578125,0.85107421875,2.10888671875,0.10823606699705124,0.8917638659477234,True
4.202.N,4.202,N,"Como é que se diz "" sexo "" em árabe? Aljins.",0,1,-1.3603515625,0.96044921875,2.32080078125,0.08941483497619629,0.9105851054191589,False
5.1570.H,5.1570,H,"Uma pessoa com o apelido Lu, foi para a padaria com suas duas irmãs Ana. Qual o nome da pessoa? Lu sem Anas",1,1,-2.14453125,1.5126953125,3.6572265625,0.02515488490462303,0.9748451709747314,True
4.105.N,4.105,N,Recementecemente foi descoberta uma nova doença na China . Parece que se espalha com muita facilidade.,0,0,0.953125,-1.046875,-2.0,0.8807970285415649,0.11920291930437088,True
5.2351.H,5.2351,H,Qual é o árbitro que expulsa as pessoas e elas nunca mais podem voltar? O BANdeirinha.,1,1,-1.4189453125,0.8291015625,2.248046875,0.0955180749297142,0.9044819474220276,True
5.1818.H,5.1818,H,Em que colocação ficou o diabo? Quintos dos infernos,1,1,-1.5009765625,0.72998046875,2.23095703125,0.09700477123260498,0.902995228767395,True
4.324.H,4.324,H,Quais são as escadas que demoram mais a subir? São as escadas em caracol.,1,1,-0.515625,-0.0694580078125,0.4461669921875,0.3902725279331207,0.6097275018692017,True
5.378.H,5.378,H,Qual remédio pode ser comprado na padaria? O Buscoupão,1,1,-1.95703125,1.419921875,3.376953125,0.03302355483174324,0.9669764637947083,True
5.240.H,5.240,H,O Continente nao estava se sentindo bem. O que ele tinha? Ásia.,1,0,2.046875,-1.888671875,-3.935546875,0.9808392524719238,0.019160708412528038,False
5.3484.N,5.3484,N,Qual orixá vive no gelo? Inupiat.,0,1,-1.7705078125,1.2880859375,3.05859375,0.04484790563583374,0.9551520943641663,False
5.3172.H,5.3172,H,Onde a vaca compra ovo de Páscoa? Na cowcow show.,1,1,-0.45556640625,0.10302734375,0.55859375,0.3638729155063629,0.6361271142959595,True
4.490.N,4.490,N,Há 10 tipos de pessoas no mundo . As que percebem de números decimais e as que não percebem.,0,0,0.76171875,-1.0966796875,-1.8583984375,0.8651101589202881,0.13488984107971191,True
4.23.N,4.23,N,Que nome se dá a um cão que adivinha o futuro? Vidente.,0,0,-0.310546875,-0.366943359375,-0.056396484375,0.5140953660011292,0.48590460419654846,True
5.2056.N,5.2056,N,Qual é o jogo da pessoa gripada? Overcooked,0,0,0.1392822265625,-0.60400390625,-0.7432861328125,0.6777140498161316,0.3222859799861908,True
5.421.N,5.421,N,Qual a banda que te pede para parar carinhosamente? NXZero.,0,1,-1.455078125,1.056640625,2.51171875,0.07504072040319443,0.9249592423439026,False
5.1292.N,5.1292,N,O que o Sam da série Supernatural disse pro irmão quando viu um cara andando com um macaco no ombro? Olha lá.,0,0,1.71484375,-1.8359375,-3.55078125,0.9720985889434814,0.02790137380361557,True
5.315.N,5.315,N,Sabem qual árvore está conectada à internet? Da montanha.,0,0,2.0078125,-1.978515625,-3.986328125,0.9817706942558289,0.0182292889803648,True
5.1335.N,5.1335,N,Qual é o youtuber que mais economiza na luz? O Whindersson Nunes.,0,1,-1.2607421875,1.2197265625,2.48046875,0.0772387906908989,0.9227612018585205,False
5.2751.N,5.2751,N,Qual aviamento não para quieto? Os botões,0,0,2.00390625,-1.8779296875,-3.8818359375,0.9798033833503723,0.020196635276079178,True
5.470.H,5.470,H,Qual personagem do programa do Bozo vivia cheio de fungo? A Vovó Mofada.,1,1,-0.17919921875,-0.10650634765625,0.07269287109375,0.4818347692489624,0.5181652307510376,True
5.1661.H,5.1661,H,Qual é o desenho favorito do Michael Jackson? Smurf Criminal.,1,1,-1.6181640625,1.12890625,2.7470703125,0.06025232374668121,0.93974769115448,True
5.941.H,5.941,H,Qual é a cantora que tem pau pequeno? Ana Caralinha.,1,1,-1.8935546875,1.4794921875,3.373046875,0.03314851596951485,0.9668514132499695,True
5.4015.N,5.4015,N,Qual o questionamento infantil quando só tem macarrão e alho? Onde está o óleo.,0,0,2.087890625,-1.984375,-4.072265625,0.9832467436790466,0.016753287985920906,True
5.3587.H,5.3587,H,Qual o jogo que o Mussum inventou? Tretis. Porque seria muita treta jogar.,1,0,-0.13818359375,-0.2288818359375,-0.0906982421875,0.5226590633392334,0.477340966463089,False
4.204.N,4.204,N,Como é que os drogados espirram? Achim!,0,1,-0.9609375,0.1844482421875,1.1453857421875,0.24133291840553284,0.7586671113967896,False
4.435.N,4.435,N,"Como é que se diz "" médico estagiário "" em japonês? Kenshui",0,0,1.23828125,-1.1201171875,-2.3583984375,0.91359943151474,0.08640052378177643,True
5.806.H,5.806,H,"Em qual época o Brasileiro foi mais magro? Na época do movimento ""Dietas Já"".",1,0,1.3154296875,-1.21484375,-2.5302734375,0.9262369871139526,0.07376295328140259,False
5.1657.N,5.1657,N,Qual é a lanchonete favorita dos góticos? KFC.,0,0,0.2156982421875,-0.5283203125,-0.7440185546875,0.677873969078064,0.32212603092193604,True
5.232.H,5.232,H,Qual é o perfume do zagueiro ruim? Mal beque.,1,1,-2.365234375,1.66796875,4.033203125,0.01740904338657856,0.9825909733772278,True
5.1825.H,5.1825,H,Qual é o jogador de futebol mais míope? Quasimiro,1,1,-1.751953125,1.322265625,3.07421875,0.04418332129716873,0.9558166265487671,True
5.2058.N,5.2058,N,Como você chama um droid pirata? R2-D2,0,1,-1.2373046875,0.73095703125,1.96826171875,0.12257571518421173,0.8774242997169495,False
5.489.H,5.489,H,Qual piloto tem pacto com o Diabo? Exumacher.,1,1,-1.0029296875,0.461181640625,1.464111328125,0.1878393143415451,0.8121606707572937,True
5.3377.N,5.3377,N,Qual deputado curte garotos novos? Nicolas Ferreira.,0,0,1.4697265625,-1.2333984375,-2.703125,0.937210738658905,0.06278920918703079,True
4.640.H,4.640,H,Acabou de ser encontrado no Egipto um sarcófago dourado com uma múmia coberta de chocolate e avelãs. Acredita-se que pertença ao Faraó Rocher.,1,1,-1.5986328125,1.1953125,2.7939453125,0.05765223503112793,0.9423477053642273,True
5.234.N,5.234,N,Por que o pai de santo doou as calças? PORQUE É DANDO QUE SE RECEBE,0,0,-0.02850341796875,-0.247314453125,-0.21881103515625,0.554485559463501,0.4455144703388214,True
5.3776.H,5.3776,H,Qual é a banda mais consumida no dia a dia ? Pearl Jam com Arroz ,1,1,-0.1365966796875,-0.0731201171875,0.0634765625,0.4841361939907074,0.515863835811615,True
4.97.H,4.97,H,Que nome se dá a uma pizza cheia de gordura? Pizza de quatro queixos.,1,1,-1.72265625,1.2041015625,2.9267578125,0.05084657296538353,0.949153482913971,True
5.1978.N,5.1978,N,"Que filme conta a história de um mundo bizarro? Carrie, a estranha.",0,0,1.2431640625,-1.5126953125,-2.755859375,0.9402433633804321,0.059756580740213394,True
5.1717.N,5.1717,N,O que é que tem na boca do sapo? Herpes.,0,0,2.52734375,-2.2265625,-4.75390625,0.991455614566803,0.00854433048516512,True
4.497.H,4.497,H,O que fazia o médico sem-abrigo? Orto-pedia.,1,1,-2.330078125,1.7109375,4.041015625,0.01727590523660183,0.982724130153656,True
4.203.N,4.203,N,Comprei uns sapatos com lâmpadas LED na sola . Pode-se dizer que emitem luz led.,0,1,-1.0146484375,0.285400390625,1.300048828125,0.21415679156780243,0.7858431935310364,False
5.201.N,5.201,N,"Qual é o cantor que, se multiplicar por dois, vira ator de filme de ação? Marcelo D2 . Se multiplicar por dois, vira Marcelo D4.",0,1,-1.13671875,0.529296875,1.666015625,0.1589561253786087,0.8410438895225525,False
5.3440.N,5.3440,N,Qual o documento atesta a morte do cearense? Atestado de óbito.,0,0,3.154296875,-2.8984375,-6.052734375,0.997654139995575,0.0023459072690457106,True
5.2911.N,5.2911,N,Qual é o artista ídolo da MPB mais acessível? Roberto Carlos,0,0,2.966796875,-3.046875,-6.013671875,0.9975608587265015,0.0024391296319663525,True
5.3070.N,5.3070,N,"O que me disse o garçom ao me ver no restaurante com uma coleira na mão? "" Tem perro? """,0,1,-1.8193359375,1.173828125,2.9931640625,0.04773565009236336,0.9522643685340881,False
5.131.H,5.131,H,Qual cantora não é minha? Adele.,1,0,2.953125,-2.810546875,-5.763671875,0.996870219707489,0.003129736054688692,False
5.559.H,5.559,H,Qual a novela que mãe e filha foram desvirginadas? Cabaços de Família.,1,0,0.54052734375,-0.6162109375,-1.15673828125,0.7607395648956299,0.2392604798078537,False
5.3558.N,5.3558,N,Qual a ex apresentadora infantil que se converteu? Mara Maravilha.,0,0,3.005859375,-2.9296875,-5.935546875,0.9973631501197815,0.0026368056423962116,True
5.2685.N,5.2685,N,Qual a atriz que dá pra ouvir de todos os cantos? Renata Domínguez,0,0,1.0859375,-0.8359375,-1.921875,0.872347354888916,0.1276526302099228,True
5.1387.H,5.1387,H,Qual cantora escreveu Sitio do Picapau Amarelo? A Demi Lobato.,1,0,1.51171875,-1.41015625,-2.921875,0.9489172697067261,0.051082734018564224,False
4.58.N,4.58,N,O que são cinco heróis coloridos num jardim? São os Flower Rangers.,0,0,1.4619140625,-1.189453125,-2.6513671875,0.9340951442718506,0.06590479612350464,True
5.315.H,5.315,H,Sabem qual árvore está conectada à internet? Ipê.,1,0,2.982421875,-3.072265625,-6.0546875,0.9976586103439331,0.0023413405288010836,False
4.139.N,4.139,N,O que são dois pontos pretos vistos ao microscópio? Uma bactéria e um protozoário.,0,0,2.306640625,-2.197265625,-4.50390625,0.9890553951263428,0.010944576933979988,True
5.3109.H,5.3109,H,Qual rap te provoca gases? Rap Olho.,1,1,-1.9423828125,1.3994140625,3.341796875,0.03416481614112854,0.9658352136611938,True
4.139.H,4.139,H,O que são dois pontos pretos vistos ao microscópio? Uma blacktéria e um pretozoário.,1,1,-0.724609375,0.10650634765625,0.83111572265625,0.303409218788147,0.696590781211853,True
5.1349.N,5.1349,N,Qual é o contrário de volátil? Concreto.,0,0,2.732421875,-2.919921875,-5.65234375,0.9965029954910278,0.0034970100969076157,True
5.3070.H,5.3070,H,"O que me disse o garçom argentino ao me ver no restaurante com uma coleira na mão? ""Tem perro?""",1,1,-1.3740234375,0.853515625,2.2275390625,0.09730459004640579,0.9026954770088196,True
5.2187.H,5.2187,H,Qual é o cantor que tem muita dor no pé? Roberto Calos ,1,1,-1.9970703125,1.49609375,3.4931640625,0.029507361352443695,0.9704926013946533,True
5.2014.H,5.2014,H,Em que parte do casa todos se encontram? Na área de ser visto ,1,1,-0.39697265625,-0.224853515625,0.172119140625,0.4570761024951935,0.5429238677024841,True
5.140.H,5.140,H,Qual cantor nunca fica preso? MC Livrinho.,1,1,-0.75537109375,0.431396484375,1.186767578125,0.2338375449180603,0.7661623954772949,True
4.523.N,4.523,N,Qual é o canal preferido dos dálmatas? É o Canal dos cães.,0,0,0.7626953125,-0.6728515625,-1.435546875,0.8077641129493713,0.19223588705062866,True
4.706.H,4.706,H,Qual é o lema do Instagram? Carpe DM.,1,1,-1.998046875,1.626953125,3.625,0.02595735900104046,0.9740425944328308,True
4.458.H,4.458,H,"Como se diz ""mini-saia"" em japonês? Vi To Ku.",1,1,-1.8271484375,1.3876953125,3.21484375,0.03861093148589134,0.9613890647888184,True
5.3465.N,5.3465,N,Qual o mamífero aquático gaúcho? Golfinho.,0,0,2.697265625,-3.0,-5.697265625,0.996656060218811,0.0033439076505601406,True
5.2140.N,5.2140,N,Por que a irmã ficou doente depois de pregar muito? Porque ficou com disenteria.,0,0,0.03997802734375,-0.26416015625,-0.30413818359375,0.5754538178443909,0.42454612255096436,True
5.3703.N,5.3703,N,Que atriz trabalha como lixeira? Mia Goth.,0,1,-1.498046875,1.041015625,2.5390625,0.07316471636295319,0.9268352389335632,False
5.758.N,5.758,N,Qual o chá que ninguém gosta? Boldo.,0,0,2.431640625,-2.7109375,-5.142578125,0.9941913485527039,0.005808669608086348,True
4.161.N,4.161,N,Qual é o filme mais triste de sempre? O Titanic . Morreram todos.,0,0,1.73046875,-1.52734375,-3.2578125,0.9629528522491455,0.03704717010259628,True
5.2286.N,5.2286,N,Como se chama a atriz que um dia se tornará escrota? Crota,0,0,0.5146484375,-0.6357421875,-1.150390625,0.7595822811126709,0.2404177337884903,True
5.1905.N,5.1905,N,Por que o cebolinha não prestou atenção nas instruções da comissária? Porque ele já sabe.,0,0,2.419921875,-2.373046875,-4.79296875,0.9917803406715393,0.00821969285607338,True
5.184.H,5.184,H,Qual é o cantor que acha tudo um exagero? Agnaldo Too Much.,1,1,-1.73828125,1.48828125,3.2265625,0.03817827254533768,0.9618217349052429,True
4.318.N,4.318,N,Vira-se um guitarrista para um baixista: Então o que fazes aqui por estas paragens?,0,0,1.5126953125,-1.1474609375,-2.66015625,0.934634268283844,0.06536578387022018,True
4.618.N,4.618,N,Ninguém espera por mim . Exceto o João Silva.,0,0,0.97314453125,-0.9560546875,-1.92919921875,0.873160719871521,0.12683923542499542,True
5.2464.N,5.2464,N,Você sabe por que as pessoas usam óculos vermelhos? Para enxergar melhor.,0,0,1.8974609375,-1.8701171875,-3.767578125,0.9774138927459717,0.022586040198802948,True
5.178.H,5.178,H,Qual é o posto de gasolina preferido nos anos 60? Posto Hippieranga.,1,0,2.44140625,-2.1484375,-4.58984375,0.9899476170539856,0.01005236804485321,False
5.938.H,5.938,H,"Qual é o carro que quando toca música, é perfeito para os matemáticos? Logan Ritmo.",1,1,-1.8466796875,1.3427734375,3.189453125,0.039564553648233414,0.9604353904724121,True
5.3897.H,5.3897,H,Qual o programa favorito dos trabalhadores autônomos? Não quero mais ter chefe.,1,0,1.84375,-1.6591796875,-3.5029296875,0.9707710146903992,0.02922898530960083,False
5.3484.H,5.3484,H,Qual orixá vive no gelo? Oxalásca.,1,1,-1.7607421875,1.2919921875,3.052734375,0.045099563896656036,0.9549003839492798,True
5.170.H,5.170,H,Qual é a carne que foi multada por excesso de velocidade? Acém.,1,1,-1.9013671875,1.32421875,3.2255859375,0.038214150816202164,0.9617859125137329,True
5.1434.H,5.1434,H,Por que o queijo estava estudando matemática? Para encontrar o cheese da questão.,1,1,-0.433349609375,-0.03839111328125,0.39495849609375,0.4025242328643799,0.5974758267402649,True
4.222.N,4.222,N,Que nome se dá a um dos ingredientes principais na dieta de um vegan? Rebento de soja.,0,1,-0.94384765625,0.292724609375,1.236572265625,0.22503319382667542,0.7749667763710022,False
4.490.H,4.490,H,Há 10 tipos de pessoas no mundo. As que percebem de números binários e as que não percebem.,1,0,0.7548828125,-1.099609375,-1.8544921875,0.8646537065505981,0.13534633815288544,False
4.512.H,4.512,H,"A minha vida sexual é como a Coca-Cola. Dantes era normal, depois ficou light e agora é zero.",1,1,-1.177734375,0.55419921875,1.73193359375,0.15034040808677673,0.8496595621109009,True
5.2027.N,5.2027,N,Qual comediante faz balé? Gregório Duvivier,0,0,2.978515625,-2.556640625,-5.53515625,0.9960699081420898,0.003930085804313421,True
5.632.N,5.632,N,A Manuela anda com a foto de São Pedro no carro pra evitar que ele quebre . Por quê? PORQUE A MANUELA É DEVOTA,0,1,-1.2802734375,0.67138671875,1.95166015625,0.1243724524974823,0.8756275177001953,False
5.1158.H,5.1158,H,Qual o presidente que foi beber água e não achou nada? Marechal Deodoro da Fonte Seca.,1,1,-1.7255859375,1.3212890625,3.046875,0.04535257816314697,0.954647421836853,True
5.438.H,5.438,H,Qual é a hóstia do espiritismo? Alma chips.,1,1,-1.9111328125,1.3037109375,3.21484375,0.03861093148589134,0.9613890647888184,True
5.1461.N,5.1461,N,Qual o carro favorito do fotógrafo? Uno.,0,0,2.763671875,-2.966796875,-5.73046875,0.9967648983001709,0.003235055599361658,True
5.1921.N,5.1921,N,O que o padeiro metido a engraçadinho faz no trabalho? Pão de forma.,0,1,-0.556640625,-0.062164306640625,0.494476318359375,0.3788396418094635,0.6211603879928589,False
5.1925.H,5.1925,H,Onde as crianças procuram emprego? no Brinked in ,1,1,-0.5859375,0.256103515625,0.842041015625,0.3011050820350647,0.6988949179649353,True
5.1055.H,5.1055,H,Por que não reconheceram o carbono no avião?  Porque ele estava usando uma máscara de oxigênio.,1,0,2.263671875,-2.0546875,-4.318359375,0.9868533611297607,0.01314658671617508,False
5.1839.H,5.1839,H,Qual é o feriado que celebra o parceiro que não liga para a vida sexual pregressa do outro? Independe se dei,1,1,-2.150390625,1.517578125,3.66796875,0.02489279955625534,0.9751071333885193,True
5.1898.N,5.1898,N,Por que fechou a loja de óculos? A situação estava difícil.,0,0,1.0498046875,-1.5615234375,-2.611328125,0.9315870404243469,0.0684129074215889,True
4.350.H,4.350,H,Que nome se dá a um divórcio de bananas? Banana-split,1,1,-1.3603515625,0.736328125,2.0966796875,0.10941995680332184,0.8905800580978394,True
5.178.N,5.178,N,Qual é o posto de gasolina preferido nos anos 60? Posto BR.,0,0,1.0673828125,-1.134765625,-2.2021484375,0.9004422426223755,0.09955772012472153,True
4.286.H,4.286,H,O que e que os putos hiperativos comem ao pequeno-almoço? Ovos mexidos.,1,0,2.404296875,-2.33984375,-4.744140625,0.9913725852966309,0.008627457544207573,False
5.3465.H,5.3465,H,Qual o mamífero aquático gaúcho? Bah leia Ju bah tchê.,1,1,-1.6396484375,1.2744140625,2.9140625,0.05146276578307152,0.9485372304916382,True
5.736.H,5.736,H,Qual membro do governo começou a fumar? Primeiro Minister,1,0,2.658203125,-2.404296875,-5.0625,0.9937100410461426,0.006289901677519083,False
4.193.N,4.193,N,"Hoje, vinte mulheres convidaram-me a sair do WC . Nunca mais entro no WC das mulheres.",0,0,0.47119140625,-0.7275390625,-1.19873046875,0.768298864364624,0.23170112073421478,True
5.460.N,5.460,N,Qual a personagem mais temperada das HQs? Dora,0,0,1.912109375,-1.837890625,-3.75,0.977022647857666,0.022977368906140327,True
5.239.N,5.239,N,O que o cantor sertanejo foi fazer no RH? Foi ser demitido por incompetência.,0,0,1.162109375,-1.64453125,-2.806640625,0.9430335760116577,0.056966383010149,True
5.2711.N,5.2711,N,Qual banda de pagode sempre tocava quando a gente tomava sol? Sorriso Marroto.,0,0,-0.12646484375,-0.232177734375,-0.105712890625,0.5264036059379578,0.47359636425971985,True
5.2294.H,5.2294,H,Qual o astrônomo que tinha muita espinha? IsaAC NEwton,1,1,-1.7021484375,1.193359375,2.8955078125,0.05237607657909393,0.9476239681243896,True
5.704.H,5.704,H,Qual cerveja é comum nos navios? Skol Tilha.,1,1,-1.8818359375,1.302734375,3.1845703125,0.039750516414642334,0.9602494835853577,True
5.863.N,5.863,N,Qual árvore ficou de saco cheio e mandou você embora? Bonsai.,0,1,-1.765625,1.2431640625,3.0087890625,0.047030385583639145,0.9529695510864258,False
4.370.H,4.370,H,"É boa ideia comprar um relógio em forma de peixe? Não, é uma perca de tempo.",1,0,0.81396484375,-1.3759765625,-2.18994140625,0.8993425965309143,0.1006573960185051,False
5.1256.N,5.1256,N,Como se pratica a modalidade em que seis filósofos tem que nadar seis estilos diferentes? Só seis que nadam seis.,0,1,-1.212890625,0.466064453125,1.678955078125,0.15723386406898499,0.8427661061286926,False
4.696.H,4.696,H,"Acabei de comprar um livro chamado ""Caminhadas para Totós"". É um guia passo a passo.",1,0,0.490478515625,-0.61865234375,-1.109130859375,0.7519670128822327,0.24803295731544495,False
5.2334.N,5.2334,N,Qual é o locutor esportivo que fica sempre chamando as pessoas? Silvio Luiz.,0,0,3.037109375,-3.015625,-6.052734375,0.997654139995575,0.0023459072690457106,True
5.928.H,5.928,H,Qual o jogo favorito do mágico? Cartola,1,0,3.0625,-2.76953125,-5.83203125,0.9970765113830566,0.002923542633652687,False
4.5.N,4.5,N,Hoje caí e entornei meu leite com chocolate . Molhei-me todo.,0,0,0.7978515625,-1.0048828125,-1.802734375,0.8584814667701721,0.14151854813098907,True
4.719.N,4.719,N,""" Que olhos que tu tens! "" - Pitágoras",0,0,0.58837890625,-0.61962890625,-1.2080078125,0.769946277141571,0.23005375266075134,True
5.1335.H,5.1335,H,Qual é o youtuber que mais economiza na luz? O Jovem Led.,1,1,-1.30859375,0.89208984375,2.20068359375,0.09968911111354828,0.9003108739852905,True
5.1506.H,5.1506,H,Qual é o funkeiro que embriaga as pessoas?  MC QUER VINHO,1,1,-1.19921875,0.60498046875,1.80419921875,0.14134065806865692,0.8586593270301819,True
4.411.H,4.411,H,Alpinistas? Há por aí aos montes.,1,0,1.5703125,-1.2392578125,-2.8095703125,0.9431908130645752,0.0568091943860054,False
5.924.H,5.924,H,Qual é o jogo de cartas favorito dos policiais depois das manifestações?  Truco lento.,1,1,-1.6494140625,1.005859375,2.6552734375,0.06566473096609116,0.9343352913856506,True
4.579.N,4.579,N,Hoje na escola levei com um pino na cabeça . Fui vítima de bullying .,0,0,0.93505859375,-1.044921875,-1.97998046875,0.878679096698761,0.1213209256529808,True
4.64.H,4.64,H,Porque é que as galinhas não conduzem? Porque chocam.,1,1,-0.642578125,0.138916015625,0.781494140625,0.31399792432785034,0.6860020756721497,True
5.3083.N,5.3083,N,"Como se chama o motorista que não acredita em nada? Xô, Fernando.",0,0,-0.059600830078125,-0.55078125,-0.491180419921875,0.6203844547271729,0.37961554527282715,True
5.53.H,5.53,H,Como são classificados os gatos e cachorros no México? Animais do México.,1,0,1.9921875,-1.845703125,-3.837890625,0.9789151549339294,0.021084841340780258,False
5.3535.N,5.3535,N,Por que a empresária tomou sal de frutas? Porque ela tinha muita azia.,0,0,1.9990234375,-1.7099609375,-3.708984375,0.9760836362838745,0.02391638606786728,True
5.2656.N,5.2656,N,Por que o cantor colocou cocaína no chão? Porque ele queria uma cheirada.,0,0,-0.034027099609375,-0.12237548828125,-0.088348388671875,0.5220727324485779,0.47792723774909973,True
5.1100.H,5.1100,H,Qual é a regra de matemática preferida dos funkeiros? Regra de Sarrus.,1,1,-1.5859375,1.015625,2.6015625,0.06903792172670364,0.930962085723877,True
4.411.N,4.411,N,Alpinistas? Há por aí nos montes.,0,0,1.333984375,-1.0224609375,-2.3564453125,0.9134451746940613,0.08655482530593872,True
5.590.N,5.590,N,Qual comida reclamamos que demora pra ficar pronta? Ossobuco.,0,1,-2.013671875,1.4833984375,3.4970703125,0.029395703226327896,0.9706043004989624,False
5.1206.H,5.1206,H,Qual cantor sempre abre as portas para tudo? Gabriel Opens a Door.,1,1,-1.623046875,1.1494140625,2.7724609375,0.05883060395717621,0.9411693811416626,True
5.2455.N,5.2455,N,Onde o Mickey gosta de morar? No prédio.,0,0,2.884765625,-3.080078125,-5.96484375,0.9974391460418701,0.0025608709547668695,True
4.698.N,4.698,N,Qual é a semelhança entre o sol e um avô? Ambos fazem qualquer coisa bonita.,0,0,1.3173828125,-1.265625,-2.5830078125,0.9297599792480469,0.07024005055427551,True
5.3863.H,5.3863,H,Qual o filme em que navegantes desembarcam num hotel? Piratas do Caribis.,1,1,-1.01953125,0.63134765625,1.65087890625,0.16099019348621368,0.8390098214149475,True
5.2285.N,5.2285,N,Qual personagem histórico mais gostava de lutas? Napoleão,0,0,2.623046875,-2.49609375,-5.119140625,0.99405437707901,0.00594559870660305,True
5.964.H,5.964,H,Qual é a cantora que tomou conta do Menino Jesus? Babá de Belém.,1,1,-0.716796875,0.1702880859375,0.8870849609375,0.2917117476463318,0.7082881927490234,True
5.2531.H,5.2531,H,Por que o Tiger Woods teve que comprar um tanque enorme? Porque ele ganhou um golfinho.,1,0,2.552734375,-2.3515625,-4.904296875,0.9926398992538452,0.0073600816540420055,False
5.1616.N,5.1616,N,Qual é a pacifista que é um gênio da matemática? Sophie Germain.,0,0,1.646484375,-1.4814453125,-3.1279296875,0.9580301642417908,0.041969768702983856,True
4.249.N,4.249,N,Fui ao Burger King e pedi o novo hamburguer de chimpanzé . Chama-se Macaquinho.,0,0,1.9306640625,-1.8056640625,-3.736328125,0.9767136573791504,0.023286303505301476,True
5.170.N,5.170,N,Qual é a carne que foi multada por excesso de velocidade? Contra-filé.,0,1,-1.4697265625,0.68701171875,2.15673828125,0.10370323061943054,0.8962967395782471,False
5.3558.H,5.3558,H,Qual a ex apresentadora infantil que se converteu? Evangélica.,1,0,3.19921875,-3.037109375,-6.236328125,0.9980467557907104,0.0019532055594027042,False
5.1793.N,5.1793,N,Qual é o sorvete que foi traído pela esposa? O de flocos.,0,0,0.96484375,-0.900390625,-1.865234375,0.8659058809280396,0.13409411907196045,True
5.3531.N,5.3531,N,Que estilo de filme faz a gente refletir sobre a saúde pública? Documentário!,0,0,3.05859375,-3.1796875,-6.23828125,0.9980505704879761,0.0019494020380079746,True
5.2343.H,5.2343,H,Qual jornalista esportivo é ainda adolescente? TEENo Marcos.,1,1,-2.080078125,1.5087890625,3.5888671875,0.026886744424700737,0.9731132388114929,True
5.3668.N,5.3668,N,Por que o frango caipira não tem problemas jurídicos de identidade? Porque ele não tem hormônios.,0,0,1.3134765625,-1.8056640625,-3.119140625,0.9576753973960876,0.04232458770275116,True
5.3083.H,5.3083,H,"Como se chama o motorista que não acredita em nada? Xô, fé.",1,1,-0.398193359375,-0.34814453125,0.050048828125,0.48749038577079773,0.5125095844268799,True
5.3897.N,5.3897,N,Qual o programa favorito dos trabalhadores autônomos? Não quero mais trabalhar.,0,0,2.662109375,-2.400390625,-5.0625,0.9937100410461426,0.006289901677519083,True
5.2666.N,5.2666,N,Qual o sambista com menos pelos do Brasil? Martinho da Vila.,0,0,2.962890625,-3.005859375,-5.96875,0.9974491000175476,0.0025509123224765062,True
4.298.H,4.298,H,Qual é o melhor perfume para se usar na praia? Chinel N°5.,1,0,0.47998046875,-0.708984375,-1.18896484375,0.766555905342102,0.23344413936138153,False
5.1793.H,5.1793,H,Como o presidiário faz progressão de pena? Fazendo um up grade,1,1,-1.529296875,0.99462890625,2.52392578125,0.07419782131910324,0.9258021116256714,True
5.3431.N,5.3431,N,Qual cidade espanhola preferida pelo Faustão? Barcelona nos Trinta.,0,1,-1.9921875,1.412109375,3.404296875,0.032161448150873184,0.9678385257720947,False
5.924.N,5.924,N,Qual é o jogo de cartas favorito dos policiais depois das manifestações? Poker.,0,0,2.564453125,-2.6484375,-5.212890625,0.9945835471153259,0.005416410975158215,True
4.568.N,4.568,N,"Porque é que a seleção chinesa não tem muito sucesso no futebol? Porque de cada vez que lhes dão um canto, eles falham a baliza.",0,0,0.296630859375,-0.52099609375,-0.817626953125,0.6937323808670044,0.3062676191329956,True
4.131.N,4.131,N,Qual é o jogo preferido das batatas fritas? É o Uno.,0,0,-0.06268310546875,-0.50927734375,-0.44659423828125,0.6098291873931885,0.3901708424091339,True
5.848.N,5.848,N,Qual personagem da Disney que ninguém gosta? Jafar.,0,0,2.294921875,-2.029296875,-4.32421875,0.986929178237915,0.013070784509181976,True
5.3863.N,5.3863,N,Qual o filme em que navegantes desembarcam num hotel? A viagem.,0,0,2.716796875,-2.677734375,-5.39453125,0.9954791069030762,0.004520817659795284,True
5.1740.N,5.1740,N,Por que os samurais viviam sempre com espadas? Porque eles seguiam o Bushidor.,0,1,-1.62109375,1.2001953125,2.8212890625,0.05618453398346901,0.9438154101371765,False
5.1515.H,5.1515,H,Qual super herói que tem fetiche com a própria mãe? Édipool.,1,1,-2.01953125,1.4697265625,3.4892578125,0.029619429260492325,0.9703805446624756,True
5.941.N,5.941,N,Qual é a cantora que tem pau pequeno? Glória Groove.,0,1,-1.939453125,1.4609375,3.400390625,0.03228325769305229,0.9677167534828186,False
4.135.N,4.135,N,O que é um ponto amarelo num Ferrari? É um milionário.,0,0,2.130859375,-1.876953125,-4.0078125,0.9821512699127197,0.01784873753786087,True
5.595.H,5.595,H,O que a rainha come de manhã?  Rei queijão.,1,1,-2.3203125,1.6181640625,3.9384765625,0.01910572685301304,0.9808942675590515,True
5.688.H,5.688,H,"O que o técnico da geladeira foi fazer no médico? Consul, tá.",1,1,-1.9951171875,1.4697265625,3.46484375,0.030329255387187004,0.9696707129478455,True
5.1808.H,5.1808,H,Qual é o animal preferido dos Beatles? Ornitorringo,1,1,-1.90625,1.4619140625,3.3681640625,0.033305369317531586,0.9666946530342102,True
5.3478.H,5.3478,H,Com qual marcha o porco anda? Carré.,1,0,2.6015625,-2.61328125,-5.21484375,0.994594156742096,0.005405900068581104,False
5.1888.N,5.1888,N,Qual cantor que era estéril? Justin.,0,0,2.7421875,-2.697265625,-5.439453125,0.9956769347190857,0.00432308716699481,True
5.2875.H,5.2875,H,Qual é a apresentadora mais cruel do Brasil? é a Má isa ,1,1,-2.0,1.4248046875,3.4248046875,0.03152918443083763,0.9684708714485168,True
4.731.N,4.731,N,"Como é que uma Pessoa elogia uma mulher alta? Eh lá, hoje estás Espantosa!",0,1,-1.1494140625,0.54541015625,1.69482421875,0.15514244139194489,0.8448575139045715,False
5.2294.N,5.2294,N,Qual o astrônomo que tinha muita espinha? Newton,0,0,2.580078125,-2.412109375,-4.9921875,0.9932550191879272,0.006744989659637213,True
5.2030.N,5.2030,N,Qual o canal infantil favorito dos peixes trabalhadores? Nenhum,0,0,1.85546875,-1.8564453125,-3.7119140625,0.9761518836021423,0.023848090320825577,True
5.3360.H,5.3360,H,Pra onde os religiosos vão quando estão com calor? Pro com vento.,1,1,-1.4462890625,1.080078125,2.5263671875,0.07403029501438141,0.9259697198867798,True
5.1839.N,5.1839,N,Qual mercado vende lagarto? Comper.,0,0,1.5869140625,-1.72265625,-3.3095703125,0.9647555947303772,0.035244327038526535,True
4.309.N,4.309,N,Qual é a doença que mata mais insectos? É a SIDA.,0,0,1.482421875,-1.1728515625,-2.6552734375,0.9343352913856506,0.06566473096609116,True
5.3855.H,5.3855,H,Qual o nome que se dá para o assassinato em massa na galáxia do universo da Marvel? Crimes simulThanos.,1,1,-1.7265625,1.13671875,2.86328125,0.05399883911013603,0.9460012316703796,True
5.1322.H,5.1322,H,Qual o meio de transporte que aceita qualquer estilo musical? YOUT UBER.,1,1,-1.0537109375,0.51416015625,1.56787109375,0.17252008616924286,0.827479898929596,True
4.374.N,4.374,N,Porque é que na Polónia ninguém se perde? Porque lá há muita sinalização.,0,0,2.00390625,-1.7626953125,-3.7666015625,0.9773923754692078,0.022607609629631042,True
4.111.N,4.111,N,O que é um descascador? É um instrumento para descascar nabos.,0,1,-1.318359375,0.6953125,2.013671875,0.11777492612600327,0.8822250962257385,False
5.1738.N,5.1738,N,Qual é o animal que faltou a festa na floresta? Gambá.,0,0,2.498046875,-2.80078125,-5.298828125,0.9950273633003235,0.004972596187144518,True
4.376.H,4.376,H,"Havia uma mulher tão bonita, tão bonita, que uma vez foi a um concurso de cus e ganhou de caras.",1,0,0.5908203125,-0.56787109375,-1.15869140625,0.761094868183136,0.238905131816864,False
5.1255.H,5.1255,H,Por que as freiras não costumam variar seus namorados? Por que elas tem um crushfixo.,1,1,-1.6201171875,1.185546875,2.8056640625,0.057018864899873734,0.9429811239242554,True
4.500.H,4.500,H,Porque é que o Voldemort tem Instagram mas não tem Facebook? Porque ele prefere ter seguidores em vez de amigos.,1,0,1.6240234375,-1.638671875,-3.2626953125,0.9631266593933105,0.03687336668372154,False
5.1739.H,5.1739,H,Qual parte da bicicleta quem se chama Guilherme nunca precisa comprar? Guidão.,1,0,2.681640625,-2.763671875,-5.4453125,0.9957020878791809,0.004297939129173756,False
5.2992.H,5.2992,H,E qual é a comida que nunca se perde? O maPÃO de queijo.,1,1,-1.59375,0.79931640625,2.39306640625,0.083702951669693,0.9162970781326294,True
5.2408.H,5.2408,H,O que são dois pontinhos cinzas no mar? Two barões.,1,1,-1.990234375,1.365234375,3.35546875,0.033716537058353424,0.9662834405899048,True
5.3662.N,5.3662,N,Qual é a novela preferida dos dubladores? O Rei do gado,0,0,2.009765625,-1.982421875,-3.9921875,0.9818752408027649,0.018124720081686974,True
5.463.N,5.463,N,"Por que o Fred Flinstone se separou da Wilma? Porque quando foi mexer no pc dela, tinha o tinder",0,1,-0.395751953125,-0.1180419921875,0.2777099609375,0.431015282869339,0.5689847469329834,False
4.102.H,4.102,H,O que é um javaqui? Um javali que está muito próximo.,1,0,0.42919921875,-0.9423828125,-1.37158203125,0.7976356148719788,0.20236438512802124,False
5.1013.H,5.1013,H,"Qual cantor internacional contratou duas bailarinas, uma loira e uma morena? Éotcham John",1,1,-1.59765625,1.1396484375,2.7373046875,0.06080764904618263,0.9391923546791077,True
5.678.H,5.678,H,Como se chama o cara que pensa primeiro nos outros e depois em si mesmo? Eles Eu.,1,1,-1.7431640625,1.38671875,3.1298828125,0.04189131036400795,0.9581087231636047,True
4.111.H,4.111,H,O que é uma nabalha? É um instrumento para descascar nabos.,1,1,-1.3740234375,0.93212890625,2.30615234375,0.0906146988272667,0.9093852639198303,True
5.3166.H,5.3166,H,Por que o jardineiro estava passando necessidade? Andava meio sem grama.,1,1,-0.552734375,0.1787109375,0.7314453125,0.32487764954566956,0.6751223802566528,True
4.201.H,4.201,H,Era uma vez uma cidade onde quase todas as motos eram Yamaha. Qual é o filme? Poca Hondas.,1,1,-1.7587890625,1.248046875,3.0068359375,0.04711800441145897,0.9528819918632507,True
5.1834.H,5.1834,H,Qual é o jogador de futebol brasileiro que gostava de todo mundo? Amar all,1,1,-1.8408203125,1.34375,3.1845703125,0.039750516414642334,0.9602494835853577,True
5.2477.N,5.2477,N,O que o burro disse para a mula? Nhó.,0,1,-1.5390625,0.93408203125,2.47314453125,0.0777624174952507,0.9222375154495239,False
5.2689.H,5.2689,H,Renata voltou do médico com o braço furado. Qual é o acontecimento histórico? Rê volta da Vacina.,1,1,-2.140625,1.4580078125,3.5986328125,0.026632409542798996,0.9733675122261047,True
5.2162.N,5.2162,N,Qual é o cantor que é inimigo dos Vingadores? Loki,0,0,1.876953125,-1.6572265625,-3.5341796875,0.9716448187828064,0.028355207294225693,True
5.3807.N,5.3807,N,Qual senador que proíbe piadas? Confúcio Moura.,0,0,2.16796875,-2.12109375,-4.2890625,0.9864678382873535,0.013532147742807865,True
4.117.H,4.117,H,O que é que é de graça mas tem que se pagar? Os serviços de um palhaço.,1,0,1.021484375,-1.275390625,-2.296875,0.9086179733276367,0.09138209372758865,False
4.388.H,4.388,H,Hoje passei por uma família de cães na rua. Foi ali em Family-cão.,1,1,-2.142578125,1.5166015625,3.6591796875,0.02510703355073929,0.9748929738998413,True
5.1046.H,5.1046,H,Qual o canal para fumantes infantis? Carlton Network.,1,0,1.017578125,-0.9072265625,-1.9248046875,0.8726732134819031,0.12732674181461334,False
5.687.H,5.687,H,"O que os moradores de rua falam em louvor a Deus? Amém, digo...",1,0,0.92431640625,-0.9130859375,-1.83740234375,0.8626412153244019,0.13735881447792053,False
4.398.N,4.398,N,"Era um vez um esquilo tão pequeno, tão pequeno, que em vez de chamar esquilo, chamava-se esquilinho.",0,0,0.98779296875,-0.9560546875,-1.94384765625,0.8747742176055908,0.1252257525920868,True
5.2701.H,5.2701,H,"O que a pessoa faz quando tem que dividir uma palavra, mas não sabe? Uma divisão seilábica.",1,1,-1.5361328125,1.0078125,2.5439453125,0.07283429801464081,0.9271657466888428,True
5.3155.N,5.3155,N,Qual atriz deveria ter feito parte do elenco de Vingadores? Angelina Jolie,0,0,2.962890625,-2.822265625,-5.78515625,0.996936559677124,0.0030634168069809675,True
5.780.N,5.780,N,Qual a mulher que mais gostava de andar de avião? Simone de É Souza.,0,0,0.068359375,-0.54248046875,-0.61083984375,0.6481323838233948,0.3518676459789276,True
5.3496.N,5.3496,N,Qual o sanduíche do Silvio Santos? Baú ru da felicidade.,0,1,-1.5068359375,1.0322265625,2.5390625,0.07316471636295319,0.9268352389335632,False
4.142.N,4.142,N,Qual é o melhor chá para a calvície? É o chá verde.,0,0,2.578125,-2.810546875,-5.388671875,0.9954527616500854,0.00454726442694664,True
4.660.N,4.660,N,"Como se chama um cão sem donos? Não se chama, vai-se buscar.",0,0,0.5849609375,-0.748046875,-1.3330078125,0.7913377285003662,0.2086622714996338,True
5.2987.N,5.2987,N,Qual microorganismo é viciado em drogas? Bactérias.,0,0,2.982421875,-2.904296875,-5.88671875,0.997231662273407,0.0027683854568749666,True
5.248.H,5.248,H,Qual foi o dinossauro mais zoeiro que existiu? Tirando Sarro Rex.,1,1,-1.96875,1.54296875,3.51171875,0.02898062765598297,0.9710193276405334,True
5.3789.N,5.3789,N,Qual o vinho caro do Lamartine Babo? Merlô.,0,0,-0.11639404296875,-0.1907958984375,-0.07440185546875,0.5185919404029846,0.48140811920166016,True
5.2041.H,5.2041,H,Qual é a padroeira da construção civil? Alvenaria cheia de graça ,1,0,-0.0301513671875,-0.82568359375,-0.7955322265625,0.6890180110931396,0.3109820485115051,False
5.3087.H,5.3087,H,Qual remédio é bom pra rir dormindo? Rino sono.,1,1,-2.2890625,1.6240234375,3.9130859375,0.019587421789765358,0.9804125428199768,True
5.1421.H,5.1421,H,Qual é o inseto que pode ser usado como forma de pagamento? Borboleto.,1,0,0.798828125,-0.828125,-1.626953125,0.8357518315315247,0.16424818336963654,False
5.2291.H,5.2291,H,Qual é a grife de roupa chique pra acampar? Dolce & Cabana,1,1,-1.4736328125,1.0751953125,2.548828125,0.07250525057315826,0.9274948239326477,True
5.750.H,5.750,H,Qual marca de automóvel é a mais atlética? O Cross Fiat.,1,1,-1.708984375,0.91796875,2.626953125,0.06742378324270248,0.9325762391090393,True
5.1226.N,5.1226,N,Por que o Ronaldo teve que dar satisfação na delegacia depois de perder um penalty? Porque pegou no goleiro.,0,0,2.666015625,-2.34765625,-5.013671875,0.9933974742889404,0.006602569483220577,True
4.435.H,4.435,H,"Como é que se diz ""médico estagiário"" em japonês? Otikuro Otimato",1,1,-1.8466796875,1.3359375,3.1826171875,0.039825133979320526,0.9601748585700989,True
5.1206.N,5.1206,N,Qual cantor sempre abre as portas para tudo? Gabriel O pensador.,0,0,1.455078125,-1.2724609375,-2.7275390625,0.9386322498321533,0.06136776879429817,True
4.209.N,4.209,N,Em que parte da cidade há mais restaurantes italianos? No centro.,0,0,2.8671875,-2.802734375,-5.669921875,0.996563732624054,0.0034362857695668936,True
5.2433.N,5.2433,N,"Depois de um acidente de caiaque, o jovem teve seus dois pés amputados . Qual é o nome do filme? O náufrago.",0,0,2.3125,-2.25390625,-4.56640625,0.9897116422653198,0.010288300924003124,True
5.317.N,5.317,N,Qual banda é formada por um padre? É o Tchan! Com Alexandre Pires.,0,0,2.41796875,-2.015625,-4.43359375,0.9882676005363464,0.011732463724911213,True
5.481.H,5.481,H,Por que a jogadora de baseball foi internada no hospício?  Porque ela não estava batendo bem.,1,0,0.55078125,-1.0244140625,-1.5751953125,0.8285229802131653,0.17147701978683472,False
5.3249.N,5.3249,N,Qual o produto de limpeza mais antigo? Ala.,0,0,0.89501953125,-0.86962890625,-1.7646484375,0.8537908792495728,0.14620910584926605,True
4.449.H,4.449,H,Porque é que o soutien foi preso para interrogatório? Porque era sous-peito.,1,1,-2.22265625,1.73828125,3.9609375,0.018689310178160667,0.9813107252120972,True
5.3906.H,5.3906,H,Qual o nome do Gato do japonês? Ary Gato.,1,1,-1.3125,0.9052734375,2.2177734375,0.09816574305295944,0.90183424949646,True
5.102.H,5.102,H,Qual o conto de fadas preferido dos bebês?  Conto de Fraldas.,1,1,-1.3779296875,0.8525390625,2.23046875,0.09704755991697311,0.9029524326324463,True
5.1362.H,5.1362,H,Uma moça usava um grampo que começou a enferrujar. Ela pediu pra uma costureira o forrar. Qual é o nome do filme? Forra este Grampo.,1,1,-1.865234375,1.47265625,3.337890625,0.034293949604034424,0.9657061100006104,True
5.1286.N,5.1286,N,Qual o nome do piloto do dirigível? Feodor Nenov.,0,0,0.4716796875,-0.58642578125,-1.05810546875,0.7423283457756042,0.25767168402671814,True
5.934.N,5.934,N,Qual é o seriado da Nickelodeon em que uma menina sempre caçoa de alguém e depois dá a bunda? iCarly.,0,1,-1.03125,0.44970703125,1.48095703125,0.18528291583061218,0.8147170543670654,False
5.1343.N,5.1343,N,O Batman vestiu seu Batblazer e seu Batsapato social . Para onde ele foi? Para o casamento.,0,0,2.208984375,-2.056640625,-4.265625,0.986151397228241,0.013848611153662205,True
5.3251.N,5.3251,N,"Por que Fernando foi preso por matar, e Gonçalves não? Porque cometeram crimes diferentes: Gonçalves furto, e o Fernando homicidio.",0,1,-0.771484375,0.348876953125,1.120361328125,0.24594427645206451,0.7540557384490967,False
5.3197.H,5.3197,H,O que faz o jardineiro perder a cabeça? Garden-all,1,1,-1.2880859375,0.72265625,2.0107421875,0.11807966977357864,0.8819203972816467,True
5.117.H,5.117,H,Qual peixe viveu uma aventura digna dos contos de fadas? Aliche no país das Maravilhas.,1,1,-1.7587890625,1.31640625,3.0751953125,0.04414209723472595,0.9558579325675964,True
4.504.N,4.504,N,"Qual é a diferença entre a maçã e um iogurte? Se deixares o iogurte sozinho durante 300 anos, eventualmente acaba por se formar uma cultura.",0,0,1.0791015625,-1.0712890625,-2.150390625,0.8957052826881409,0.10429472476243973,True
5.2399.H,5.2399,H,Qual é o jogo que no final sempre dá merda? K game.,1,1,-1.017578125,0.32861328125,1.34619140625,0.20649373531341553,0.7935062646865845,True
5.158.N,5.158,N,Qual é o alimento que só pode ser servido em duas mesas de tamanho considerável? Queijo.,0,0,2.8125,-3.107421875,-5.919921875,0.9973217844963074,0.0026782178319990635,True
5.3625.N,5.3625,N,Qual a banda que ajuda as pessoas a alcançar a seu destino? U2.,0,0,2.845703125,-2.494140625,-5.33984375,0.995226263999939,0.004773722030222416,True
5.2060.H,5.2060,H,Qual o personagem de star wars que vive espirrando? An atchim skywalker ,1,1,-1.744140625,1.33203125,3.076171875,0.04410091042518616,0.9558990597724915,True
5.435.H,5.435,H,Qual animal vive no esteticista? A TrataRuga.,1,1,-2.02734375,1.4716796875,3.4990234375,0.029340026900172234,0.9706599116325378,True
5.2877.H,5.2877,H,Qual a marca de roupa predileta do proctologista? Tome-lhe finger!!,1,1,-1.2470703125,0.845703125,2.0927734375,0.10980120301246643,0.890198826789856,True
4.472.H,4.472,H,Qual é a fruta mais comum nos churrascos? É o açaí.,1,0,2.021484375,-2.306640625,-4.328125,0.9869794845581055,0.013020490296185017,False
5.683.N,5.683,N,Qual é a jornalista mais genérica do mundo? Lucy Morgan.,0,0,2.07421875,-1.8916015625,-3.9658203125,0.9814000129699707,0.018599968403577805,True
5.4102.N,5.4102,N,Qual a quantia que te pagam e vc fica ofendido? 1 centavo.,0,0,2.2421875,-2.267578125,-4.509765625,0.9891186952590942,0.010881332680583,True
5.463.H,5.463,H,"Por que o Fred Flinstone se separou da Wilma? Porque quando foi mexer no pc dela, tinha aba da badoo",1,1,-1.9130859375,1.3232421875,3.236328125,0.03782128542661667,0.9621787071228027,True
4.504.H,4.504,H,"Qual é a diferença entre a América e um iogurte? Se deixares o iogurte sozinho durante 300 anos, eventualmente acaba por se formar uma cultura.",1,0,1.05859375,-1.11328125,-2.171875,0.8976953029632568,0.10230471193790436,False
4.115.H,4.115,H,Qual é a bebida alcoólica preferida do Pai Natal? É o gin Gobel.,1,1,-1.587890625,1.244140625,2.83203125,0.05561761558055878,0.9443824291229248,True
4.417.N,4.417,N,Porque é que os daltónicos têm péssima memória? Porque não sabem nada decor.,0,1,-1.83984375,1.3935546875,3.2333984375,0.03792804479598999,0.9620718955993652,False
5.1063.N,5.1063,N,Qual a cidade que paga um valor fixo pra todo mundo? Capivari do Sul.,0,0,2.46484375,-2.474609375,-4.939453125,0.9928923845291138,0.0071076322346925735,True
5.1506.N,5.1506,N,Qual é o funkeiro que embriaga as pessoas? MC Ryan,0,0,1.095703125,-0.9375,-2.033203125,0.8842393159866333,0.11576063930988312,True
4.144.N,4.144,N,Porque é que as moedas não podem ter relações? Porque são inanimadas.,0,0,-0.173583984375,-0.307861328125,-0.13427734375,0.5335190296173096,0.4664810299873352,True
5.3401.H,5.3401,H,Por que os indios receberam os portugueses com uma fogueira? Porque era cara a vela.,1,1,-1.462890625,0.66162109375,2.12451171875,0.10673713684082031,0.8932628035545349,True
5.2322.N,5.2322,N,Um homem perguntou quanto comia o vira-lata . Qual o nome do jogo? Rex tá um.,0,1,-2.041015625,1.6328125,3.673828125,0.0247509703040123,0.9752489924430847,False
5.3192.N,5.3192,N,Qual personagem de desenho que não tem pinto? Patolino.,0,1,-0.286376953125,0.0287628173828125,0.3151397705078125,0.4218606650829315,0.5781393051147461,False
5.485.N,5.485,N,Onde o Diabo almoça? No inferno.,0,0,1.705078125,-1.6162109375,-3.3212890625,0.9651520252227783,0.03484802693128586,True
4.721.H,4.721,H,Como se sabe que Salazar tomava viagra? Foi o homem que mais tempo manteve a dita-dura.,1,1,-0.99169921875,0.381591796875,1.373291015625,0.20208865404129028,0.7979113459587097,True
5.1237.N,5.1237,N,Qual o tio que faz pesquisa sobre o câncer? O Oncologista.,0,0,2.0703125,-1.7021484375,-3.7724609375,0.977521538734436,0.0224785003811121,True
5.307.N,5.307,N,Qual a inflamação que manja de futebol? Lombalgia.,0,0,2.31640625,-2.49609375,-4.8125,0.9919379353523254,0.008061991073191166,True
5.176.N,5.176,N,Como o pessoal do Street Fighter comemora o Réveillon? De roupa azul.,0,0,2.560546875,-2.375,-4.935546875,0.992864727973938,0.007135252468287945,True
4.497.N,4.497,N,O que fazia o médico sem-abrigo? Ortopedia.,0,1,-0.9921875,0.419189453125,1.411376953125,0.19601696729660034,0.8039830327033997,False
5.841.N,5.841,N,Qual escritor usava roupas de frio? Edgar Alã Põe.,0,1,-2.1328125,1.578125,3.7109375,0.023870833218097687,0.9761291742324829,False
4.550.N,4.550,N,O que faz um drogado no bingo? Dinheiro.,0,0,3.0703125,-3.0,-6.0703125,0.9976949095726013,0.0023051253519952297,True
5.1657.H,5.1657,H,Qual é a lanchonete favorita dos góticos? Black Donald's.,1,0,2.515625,-2.376953125,-4.892578125,0.9925537705421448,0.007446194067597389,False
4.512.N,4.512,N,"A minha vida sexual é como a tua . Dantes era normal, depois ficou pobre e agora é zero.",0,1,-1.71484375,0.96630859375,2.68115234375,0.06409472227096558,0.9359052777290344,False
5.3345.N,5.3345,N,"Um cara comprou uma dúzia de bananas, mas comeu dez . O que ele faz agora? Come as outras duas.",0,0,0.37353515625,-0.80712890625,-1.1806640625,0.7650671601295471,0.2349328100681305,True
5.2670.N,5.2670,N,Qual a dança que a Princesa Isabel mais gostava? Valsa.,0,0,2.6875,-2.923828125,-5.611328125,0.9963570237159729,0.0036428910680115223,True
5.3605.H,5.3605,H,Qual a banda que mais faz sucesso entre os jovens na internet? U2be.,1,1,-1.4619140625,1.23828125,2.7001953125,0.06296183168888092,0.9370381236076355,True
4.598.N,4.598,N,Estou a pensar começar uma relação com a minha amiga . Ao menos ela sabe dar-me o devido valor.,0,0,0.61669921875,-0.8564453125,-1.47314453125,0.8135349154472351,0.18646512925624847,True
5.2988.H,5.2988,H,Qual microorganismo é sempre passado pra trás? Protozotário.,1,0,0.43017578125,-0.5615234375,-0.99169921875,0.7294234037399292,0.2705765962600708,False
5.3315.N,5.3315,N,Em qual cidade o santo é guia turístico? Ouro Preto.,0,0,2.84765625,-3.021484375,-5.869140625,0.9971827268600464,0.0028173401951789856,True
5.964.N,5.964,N,Qual é a cantora que tomou conta do Menino Jesus? Gal Costa.,0,0,3.0078125,-3.060546875,-6.068359375,0.9976904392242432,0.0023096215445548296,True
5.3367.H,5.3367,H,Como se chamam quatro pessoas azaradas? In four túnio.,1,1,-1.896484375,1.349609375,3.24609375,0.037467509508132935,0.9625324606895447,True
5.4059.H,5.4059,H,Qual cantor de Rap nunca chega antes? Marcelo Depois.,1,1,-2.0546875,1.6259765625,3.6806640625,0.024586498737335205,0.9754135012626648,True
5.3327.H,5.3327,H,Quais são os ídolos do Silvio Santos no esporte? Pelé-Senna.,1,0,0.17529296875,-0.368896484375,-0.544189453125,0.6327864527702332,0.36721357703208923,False
5.561.N,5.561,N,Qual personagem do Star Wars? xubaca.,0,1,-1.5166015625,1.0615234375,2.578125,0.07055959850549698,0.929440438747406,False
5.4057.N,5.4057,N,Qual rapper nasceu na Itália? MC Romano.,0,1,-0.50927734375,0.1246337890625,0.6339111328125,0.3466242253780365,0.6533758044242859,False
5.1349.H,5.1349,H,"Qual é o contrário de volátil? Vem cá, sobrinho.",1,1,-0.671875,-0.11566162109375,0.55621337890625,0.36442404985427856,0.6355758905410767,True
4.737.H,4.737,H,Que nome se dá a uma manifestação de bêbados? Alcoólicos Anonymous.,1,1,-1.4970703125,1.1552734375,2.65234375,0.06584469974040985,0.934155285358429,True
5.3257.H,5.3257,H,Qual o veículo favorito do gay misterioso? Bisecreta.,1,0,1.9677734375,-1.8876953125,-3.85546875,0.9792749285697937,0.020725062116980553,False
5.4088.N,5.4088,N,Qual é a dupla viciada em drogas? Zezé de Camargo e Luciano.,0,0,2.896484375,-2.8046875,-5.701171875,0.9966691136360168,0.0033309145364910364,True
5.2846.N,5.2846,N,Qual escritor era o mais nojento? Fernando Pessoa,0,0,2.828125,-2.75390625,-5.58203125,0.996249258518219,0.0037507889792323112,True
4.744.H,4.744,H,Onde nasceu o Harry Potter? Salvaterra de Magos.,1,1,-2.1796875,1.7080078125,3.8876953125,0.020081011578440666,0.9799189567565918,True
4.465.H,4.465,H,O que recebe um filho quando tem boas notas? Uma mesada. E quando tem más notas? Uma cadeirada.,1,1,-1.248046875,0.94287109375,2.19091796875,0.10056902468204498,0.8994309902191162,True
4.23.H,4.23,H,Que nome se dá a um cão que adivinha o futuro? Cãoguru.,1,1,-1.869140625,1.24609375,3.115234375,0.04248320683836937,0.9575167298316956,True
4.744.N,4.744,N,Onde nasceu o Gregório Fernandes? Salvaterra de Magos.,0,1,-2.142578125,1.673828125,3.81640625,0.021532876417040825,0.9784671068191528,False
5.1237.H,5.1237,H,Qual o tio que faz pesquisa sobre o câncer? O Uncle Logista.,1,1,-1.8291015625,1.34375,3.1728515625,0.04020024836063385,0.9597998261451721,True
5.1061.N,5.1061,N,Qual doença temos que coletar esperma? Prostatite.,0,1,-0.66357421875,0.260986328125,0.924560546875,0.2840295732021332,0.7159703969955444,False
4.127.N,4.127,N,Porque é que as pessoas honestas têm dificuldade em tirar a carteira a alguém? Porque não gostam de tirar o que quer que seja a ninguém.,0,0,1.373046875,-1.5927734375,-2.9658203125,0.9510058760643005,0.04899410158395767,True
5.1386.H,5.1386,H,Qual é o aplicativo de encontros onde as pessoas só falam numa língua morta? Latinder.,1,1,-0.92919921875,0.264892578125,1.194091796875,0.2325279414653778,0.7674720883369446,True
5.2877.N,5.2877,N,Qual a marca de roupa predileta do proctologista? Abercrombie & Fitch!,0,1,-1.6484375,1.08984375,2.73828125,0.06075190007686615,0.9392480850219727,False
4.655.N,4.655,N,Hoje a São acordou toda molhada . O que aconteceu? Choveu.,0,0,3.013671875,-3.0078125,-6.021484375,0.9975798726081848,0.002420194214209914,True
5.3621.N,5.3621,N,Qual é a cantora que faz mais sucesso no Natal? Simone.,0,0,2.796875,-2.845703125,-5.642578125,0.9964687824249268,0.0035312066320329905,True
5.192.N,5.192,N,"Qual é o nome do grupo que toca música de macumba, mas só tem um integrante? Legião Urbana.",0,0,3.177734375,-2.802734375,-5.98046875,0.9974787831306458,0.0025212683249264956,True
5.1759.N,5.1759,N,Qual é o lutador do Mortal Kombat preferido pelo mosquito aedes aegypti? Sangue Azul.,0,1,-1.05859375,0.6884765625,1.7470703125,0.14841711521148682,0.851582944393158,False
5.3264.N,5.3264,N,Qual o produto de limpeza mais animado? Multiuso.,0,0,2.84375,-2.783203125,-5.626953125,0.9964134097099304,0.003586615901440382,True
5.3662.H,5.3662,H,Qual é a novela preferida dos dubladores? O Rei Dublado,1,1,-1.0419921875,0.4306640625,1.47265625,0.18653921782970428,0.8134608268737793,True
4.127.H,4.127,H,Porque é que as pessoas honestas têm dificuldade em tirar a carta? Porque não gostam de tirar o que quer que seja a ninguém.,1,0,0.8779296875,-1.2236328125,-2.1015625,0.8910549879074097,0.10894504189491272,False
5.849.H,5.849,H,Por que a namorada do Mickey quando não está bem começa a organizar as coisas? Porque ela é Minnie Má Lista.,1,1,-2.037109375,1.576171875,3.61328125,0.026255298405885696,0.9737446904182434,True
5.1035.H,5.1035,H,Qual animal usa calça de cintura baixa? A SAINT-TROPEIA,1,1,-1.8779296875,1.1494140625,3.02734375,0.04620574787259102,0.9537942409515381,True
5.1947.N,5.1947,N,O que pediram pro velho no dentista? A Carteira de Motorista.,0,0,2.962890625,-2.755859375,-5.71875,0.9967268705368042,0.0032730645034462214,True
4.263.H,4.263,H,"Um boi e uma vaca passaram uma noite num motel. Quem pagou? Os dois, fizeram uma vaquinha.",1,0,-0.048248291015625,-0.58837890625,-0.540130615234375,0.6318427920341492,0.36815717816352844,False
5.2491.H,5.2491,H,Qual é a dupla sertaneja favorita dos leões? Leãodro e Leãonardo.,1,1,-1.8134765625,1.4599609375,3.2734375,0.03649376332759857,0.9635062217712402,True
5.3323.N,5.3323,N,Qual doce favorito do Bolsonaro? Cocada.,0,0,2.6640625,-2.970703125,-5.634765625,0.9964411854743958,0.00355880381539464,True
4.420.H,4.420,H,Porque é que a joaninha foi à farmácia? Foi comprar creme para os pontos negros.,1,1,-0.9453125,0.64013671875,1.58544921875,0.17002512514591217,0.8299748301506042,True
5.1970.H,5.1970,H,O que o indiano faz ao cortar unha? Pedecurry ,1,1,-1.7763671875,1.2841796875,3.060546875,0.04476431384682655,0.9552357196807861,True
5.2324.N,5.2324,N,Por que os países da Europa vivem bagunçados? Por causa da União Européia.,0,0,2.490234375,-2.14453125,-4.634765625,0.9903849363327026,0.009615035727620125,True
5.766.N,5.766,N,Qual o bairro de SP favorito do Schwarzenegger?   A Bela Vista.,0,0,2.546875,-2.681640625,-5.228515625,0.9946671724319458,0.005332885775715113,True
4.563.N,4.563,N,O que come um drogado ao pequeno-almoço? Ovos.,0,0,2.810546875,-2.96875,-5.779296875,0.9969186782836914,0.0030813636258244514,True
5.3094.N,5.3094,N,Qual o nome do cinema pra veganos? Cinemark.,0,0,2.634765625,-2.443359375,-5.078125,0.9938070178031921,0.006192990578711033,True
5.2535.H,5.2535,H,Por que o cavaquinho andava tão arrogante? Porque ele disse: sou um ex banjo!,1,1,-1.7373046875,1.2177734375,2.955078125,0.049497056752443314,0.9505029916763306,True
4.56.H,4.56,H,Porque é que os carpinteiros são bons a fazer contas? Porque tabuada é com eles.,1,0,0.55126953125,-0.95947265625,-1.5107421875,0.8191711902618408,0.18082883954048157,False
5.2661.H,5.2661,H,Quais as três letras que te perguntam o motivo de tudo? K d q?,1,1,-1.662109375,1.1552734375,2.8173828125,0.05639204382896423,0.9436079859733582,True
5.1073.N,5.1073,N,"Qual filme conta a história do casal mais perdido do mundo em beira-mar? "" Procurando; né, mô? """,0,0,-0.09088134765625,-0.381591796875,-0.29071044921875,0.572170078754425,0.42782992124557495,True
5.184.N,5.184,N,Qual é o cantor que acha tudo um exagero? Jão.,0,0,2.412109375,-2.431640625,-4.84375,0.9921841025352478,0.007815888151526451,True
5.2140.H,5.2140,H,Por que a irmã ficou doente depois de pregar muito? Porque ficou com salmo nela.,1,1,-0.8349609375,0.490234375,1.3251953125,0.20995521545410156,0.7900447845458984,True
5.1739.N,5.1739,N,Qual é o pintor que vai para Aparecida a pé? O Edu de Barros.,0,0,0.77880859375,-0.76611328125,-1.544921875,0.8241791129112244,0.17582091689109802,True
5.683.H,5.683,H,Qual é a jornalista mais genérica do mundo? Ana Paula Padrão.,1,1,-1.517578125,0.99951171875,2.51708984375,0.0746687650680542,0.9253312349319458,True
5.1286.H,5.1286,H,Qual o nome do piloto do dirigível? José Pelin.,1,0,2.73046875,-2.3671875,-5.09765625,0.9939261078834534,0.006073934491723776,False
4.540.N,4.540,N,Que carro conduz a professora de matemática? Um Jeep.,0,0,2.54296875,-2.75390625,-5.296875,0.9950177073478699,0.004982269834727049,True
5.163.N,5.163,N,"O que o amigo falou no último domingo do ano? Essas férias, bicho.",0,1,-1.0732421875,0.4306640625,1.50390625,0.18184363842010498,0.818156361579895,False
5.830.H,5.830,H,Qual a escola de inglês dos nordestinos? CCArá.,1,1,-1.9794921875,1.451171875,3.4306640625,0.0313507616519928,0.9686492681503296,True
5.3315.H,5.3315,H,Em qual cidade o santo é guia turístico? São Tomé dá a Letra.,1,1,-1.2578125,0.7890625,2.046875,0.11436852067708969,0.8856314420700073,True
4.709.N,4.709,N,"Se a Terra é redonda, por que é que se chama "" planeta "" e não "" bola ""?",0,0,0.56982421875,-0.5185546875,-1.08837890625,0.748076319694519,0.25192368030548096,True
5.3284.N,5.3284,N,Qual banda dá um toque dizendo que não tá bem? Banda Uó,0,0,0.16259765625,-0.395263671875,-0.557861328125,0.6359575390815735,0.3640424311161041,True
5.1181.H,5.1181,H,Qual tipo de carne usada por churrasqueiros sovinas? Mão de Vaca.,1,1,-0.21240234375,-0.1690673828125,0.0433349609375,0.4891679286956787,0.5108320713043213,True
5.95.H,5.95,H,Qual é a cantora que aposta na carreira? Investe Sangalo.,1,1,-2.044921875,1.4375,3.482421875,0.02981654182076454,0.9701834917068481,True
5.1226.H,5.1226,H,Por que o Ronaldo teve que dar satisfação na delegacia depois de perder um penalty? Porque pegou no Travecão.,1,1,-1.7900390625,1.2373046875,3.02734375,0.04620574787259102,0.9537942409515381,True
1.6.H,1.6,H,"Você sabe qual é a montanha mais limpa de todas? O vulcão. Porque primeiro solta cinzas. E depois, lava.",1,0,0.58935546875,-0.61474609375,-1.2041015625,0.769253671169281,0.23074637353420258,False
5.3622.N,5.3622,N,Qual o resultado do cruzamento do Pikachu com Peter Quill? Uma briga.,0,0,2.66015625,-2.509765625,-5.169921875,0.9943471550941467,0.005652876570820808,True
4.153.N,4.153,N,O que é que as crianças comem ao pequeno almoço? Papa.,0,0,2.7109375,-2.568359375,-5.279296875,0.994929850101471,0.005070175044238567,True
5.3091.N,5.3091,N,Qual ator não para de fumar? Steven Seagal.,0,0,2.7890625,-2.595703125,-5.384765625,0.9954350590705872,0.00456498097628355,True
5.2088.H,5.2088,H,O que perguntaram pro Silvio Santos quando ele voltou da Itália ? O que A Show do Milão ? ,1,1,-1.8779296875,1.146484375,3.0244140625,0.04633503779768944,0.953665018081665,True
5.2578.H,5.2578,H,Qual o programa favorito dos gaúchos? The Noitchê.,1,1,-1.3984375,0.9443359375,2.3427734375,0.08764190226793289,0.9123581051826477,True
5.687.N,5.687,N,O que os moradores de rua falam em louvor a Deus? Amém ...,0,0,1.5810546875,-1.216796875,-2.7978515625,0.9425595998764038,0.057440385222435,True
5.1888.H,5.1888,H,Em qual órgão mundial mais tiram fotos? Uniself ,1,1,-0.55517578125,-0.06658935546875,0.48858642578125,0.38022661209106445,0.6197733879089355,True
5.1285.N,5.1285,N,Qual a cidade favorita do comediante Mussão? Teresina.,0,0,2.958984375,-2.92578125,-5.884765625,0.9972261786460876,0.0027737824711948633,True
5.2783.H,5.2783,H,Qual o nome da irmã do Pinóquio? Narisis Valverde.,1,1,-0.6298828125,-0.048858642578125,0.581024169921875,0.35869696736335754,0.6413030624389648,True
4.105.H,4.105,H,Recementecemente foi descoberta uma nova doença na manteiga. Parece que se espalha com muita facilidade.,1,0,0.6923828125,-0.75,-1.4423828125,0.8088233470916748,0.1911766231060028,False
5.984.N,5.984,N,Levei meu carro na feira ao invés de levar para a oficina . Qual é o nome do filme? Em Ritmo de Fuga.,0,0,0.401611328125,-0.6533203125,-1.054931640625,0.7417207360267639,0.2582792043685913,True
5.802.N,5.802,N,Qual cantora sempre pede livros infantis? Marisa Monte,0,0,3.20703125,-2.9765625,-6.18359375,0.9979411959648132,0.002058753278106451,True
5.1530.H,5.1530,H,"Qual a banda que não pode andar de avião, pois nunca passa na segurança do aeroporto? Metallica.",1,0,2.7265625,-2.5,-5.2265625,0.9946568012237549,0.005343256518244743,False
5.3804.H,5.3804,H,Como falece quem peida muito? Infart.,1,1,-1.3408203125,0.8583984375,2.19921875,0.09982066601514816,0.9001793265342712,True
5.3197.N,5.3197,N,O que faz o jardineiro perder a cabeça? Infestação de insetos,0,0,2.494140625,-2.267578125,-4.76171875,0.9915215969085693,0.00847840216010809,True
5.2056.H,5.2056,H,Qual é o jogo da pessoa gripada? Over atchim ,1,1,-2.1796875,1.650390625,3.830078125,0.02124669961631298,0.9787533283233643,True
5.3478.N,5.3478,N,Com qual marcha o porco anda? Devagar.,0,0,3.09765625,-2.93359375,-6.03125,0.9976032376289368,0.0023967307060956955,True
4.535.H,4.535,H,O que é mil vezes melhor do que o Instagram? O Instaquilogram.,1,1,-1.537109375,1.1591796875,2.6962890625,0.0631926879286766,0.9368072748184204,True
5.2434.N,5.2434,N,Qual o contrário de salmão? oamlas.,0,1,-1.1044921875,0.5537109375,1.658203125,0.16000333428382874,0.8399966359138489,False
5.409.H,5.409,H,Qual a história sobre a princesa adolescente que não gostava de cobrir os pés? A Pequena Sem Meia,1,1,-0.72509765625,0.065185546875,0.790283203125,0.3121078610420227,0.6878921389579773,True
5.378.N,5.378,N,Qual remédio pode ser comprado na padaria? O paracetamol,0,0,2.48828125,-2.251953125,-4.740234375,0.9913390278816223,0.008660931140184402,True
5.3005.N,5.3005,N,Qual é a carne que volta muito mais rápido do que vai? Carne mal cozida.,0,0,2.138671875,-2.009765625,-4.1484375,0.9844563603401184,0.015543648041784763,True
5.1685.N,5.1685,N,Qual é o remédio que se compra quando vai à padaria? Tylenol.,0,0,2.5859375,-2.583984375,-5.169921875,0.9943471550941467,0.005652876570820808,True
5.3947.H,5.3947,H,Qual título da nobreza ficou vermelho quando foi promovido ? Condecorado.,1,1,-1.13671875,0.487060546875,1.623779296875,0.16468432545661926,0.8353157043457031,True
5.470.N,5.470,N,Qual personagem do programa do Bozo vivia cheio de fungo? Nenhum.,0,0,2.89453125,-3.01171875,-5.90625,0.997285008430481,0.002714985515922308,True
4.54.N,4.54,N,Como se manda calar uma rapariga numa sessão de cinema do Star Wars? Silêncio!,0,0,3.0703125,-2.90234375,-5.97265625,0.9974589943885803,0.002540992572903633,True
4.748.N,4.748,N,"Até vos contava uma piada sobre mim, mas vocês não iam apanhar.",0,0,0.96484375,-0.9599609375,-1.9248046875,0.8726732134819031,0.12732674181461334,True
5.575.H,5.575,H,Qual a cor do medo? A cor varde.,1,1,-1.828125,1.0791015625,2.9072265625,0.05179747939109802,0.9482024908065796,True
5.3622.H,5.3622,H,Qual o resultado do cruzamento do Pikachu com Peter Quill? Pika das Galáxias.,1,1,-1.7119140625,1.5166015625,3.228515625,0.03810662031173706,0.9618934392929077,True
4.418.N,4.418,N,"Qual é o masculino de "" tábua ""? Eu digo, é tabu.",0,1,-1.638671875,0.95068359375,2.58935546875,0.0698266327381134,0.930173397064209,False
5.3327.N,5.3327,N,Quais são os ídolos do Silvio Santos no esporte? Pelé e Garrincha.,0,0,2.736328125,-2.5859375,-5.322265625,0.9951419830322266,0.004857966210693121,True
4.82.N,4.82,N,O que é um ponto rosa no chão? Uma grainha.,0,1,-0.9482421875,0.235595703125,1.183837890625,0.23436285555362701,0.7656371593475342,False
5.2821.N,5.2821,N,Qual organização vai entrar com uma ação contra os crimes cometidos na língua portuguesa? OAB Cedário,0,1,-1.96875,1.4267578125,3.3955078125,0.032436154782772064,0.967563807964325,False
5.3289.H,5.3289,H,Qual programa de TV mais pobre do mundo? Somáliação.,1,1,-1.6298828125,1.099609375,2.7294921875,0.06125536188483238,0.9387446641921997,True
5.3354.H,5.3354,H,Qual bebida consumida na cordilheira? Refrigerandes.,1,1,-1.4375,0.97509765625,2.41259765625,0.08221708238124847,0.9177829027175903,True
5.3071.N,5.3071,N,Como se chama o ato da pessoa crescer na vida por ser bonita? Desfilar.,0,0,2.48046875,-2.267578125,-4.748046875,0.9914058446884155,0.008594110608100891,True
5.1386.N,5.1386,N,Qual é o aplicativo de encontros onde as pessoas só falam numa língua morta? Tinder.,0,0,2.064453125,-1.921875,-3.986328125,0.9817706942558289,0.0182292889803648,True
5.1980.N,5.1980,N,Qual o dispositivo usado pra enxergar melhor uma determinada nota musical? Lente,0,0,2.59765625,-2.94140625,-5.5390625,0.9960851669311523,0.003914824221283197,True
4.662.N,4.662,N,"Decidi começar a usar um pano nas cuecas . Assim, sempre que me peido liberto gás cheiroso.",0,1,-1.1767578125,0.89501953125,2.07177734375,0.11187033355236053,0.888129711151123,False
5.2334.H,5.2334,H,Qual é o locutor esportivo que fica sempre chamando as pessoas? Psiuvio Luiz.,1,1,-2.119140625,1.4775390625,3.5966796875,0.02668309211730957,0.9733169674873352,True
5.3318.N,5.3318,N,Qual é o sambista menos peludo? Zeca Pagodinho.,0,0,2.9296875,-2.80859375,-5.73828125,0.9967899918556213,0.0032099613454192877,True
3.7.H,3.7,H,"O que é um pontinho amarelo na limusine? É um ""milhonário"".",1,1,-2.033203125,1.41015625,3.443359375,0.03096751682460308,0.9690324664115906,True
5.3091.H,5.3091,H,Qual ator não para de fumar? Steven Seagarro.,1,1,-1.2451171875,0.734375,1.9794921875,0.12137298285961151,0.8786270022392273,True
4.352.N,4.352,N,Qual é a diferença entre um boneco de neve e uma boneca de neve? As roupas de neve.,0,0,2.423828125,-2.23046875,-4.654296875,0.9905691146850586,0.00943081732839346,True
5.2843.H,5.2843,H,Qual padre falava tudo que pensava? Padre Síncero ,1,1,-1.978515625,1.40625,3.384765625,0.03277498483657837,0.9672250151634216,True
4.604.H,4.604,H,Qual é a semelhança entre os cães e os anéis de ouro? Há alguns quilate.,1,1,-1.9609375,1.3330078125,3.2939453125,0.03577948734164238,0.9642205834388733,True
5.3163.N,5.3163,N,Por que a pessoa que não melhora de vida não quebra as coisas nunca? Porque tá prestando atenção.,0,0,1.96875,-2.408203125,-4.376953125,0.9875922799110413,0.0124076958745718,True
5.309.N,5.309,N,Por que a música portuguesa me encanta? Porque é um misto de emoções.,0,0,1.6171875,-1.6259765625,-3.2431640625,0.9624266624450684,0.037573304027318954,True
5.693.H,5.693,H,Qual é a bebida que conecta com seu celular? Red Bluetooth.,1,1,-1.4921875,0.93212890625,2.42431640625,0.08133713901042938,0.9186628460884094,True
5.2285.H,5.2285,H,Qual personagem histórico mais gostava de lutas? Martinho Luteiro ,1,1,-2.05078125,1.607421875,3.658203125,0.025130948051810265,0.9748690724372864,True
4.182.N,4.182,N,Por que é que a ASAE fechou a cantina? Porque comiam todos do mesmo tacho.,0,0,0.3671875,-0.564453125,-0.931640625,0.7174080014228821,0.28259196877479553,True
5.420.H,5.420,H,Qual fruta nasce às margens do Rio Negro? Só-limões.,1,1,-1.6865234375,0.98486328125,2.67138671875,0.06468302011489868,0.9353169798851013,True
5.1825.N,5.1825,N,Por que o cavaquinho andava tão arrogante? Porque ele disse: sou um sucesso!,0,0,1.1220703125,-1.4248046875,-2.546875,0.9273633360862732,0.07263670116662979,True
4.680.N,4.680,N,Uma vez apaixonei-me por uma pessoa que só sabia três vogais . Ela não sabia que consoante existia.,0,0,1.4091796875,-1.4677734375,-2.876953125,0.9466953873634338,0.05330468341708183,True
5.439.N,5.439,N,Onde o Drácula precisa levar seu carro todo ano? No mecânico,0,1,-1.8173828125,1.146484375,2.9638671875,0.049085184931755066,0.9509148001670837,False
5.2656.H,5.2656,H,Por que o cantor colocou cocaína no chão? Porque ele queria uma carreira solo.,1,0,1.92578125,-1.6845703125,-3.6103515625,0.9736696481704712,0.02633030340075493,False
2.16.N,2.16,N,Qual é o doce preferido dos átomos? Pé-de-moleque.,0,0,1.927734375,-1.8974609375,-3.8251953125,0.9786514639854431,0.02134847454726696,True
4.440.N,4.440,N,Como se chama um homem com unhas compridas? É o João.,0,0,2.513671875,-2.298828125,-4.8125,0.9919379353523254,0.008061991073191166,True
4.117.N,4.117,N,O que é que é de graça mas tem que se registar? Os serviços de um produto digital.,0,0,0.83203125,-1.3828125,-2.21484375,0.9015746116638184,0.09842541068792343,True
5.3981.N,5.3981,N,Qual o super herói dono de uma igreja? Hulk.,0,0,2.923828125,-3.064453125,-5.98828125,0.9974983334541321,0.0025016965810209513,True
5.3665.N,5.3665,N,O cara reclamou do vaso trincado e a namorada ficou com a boca cheia d'água . Por que? Porque o cara exclamou: temos que arrumar isso!,0,0,1.568359375,-1.5947265625,-3.1630859375,0.9594212770462036,0.04057874158024788,True
4.388.N,4.388,N,Hoje passei por uma família de cães na rua . Foi ali em Famalicão.,0,0,0.8134765625,-0.72900390625,-1.54248046875,0.8238250017166138,0.17617498338222504,True
5.4035.N,5.4035,N,"Por que o nariz, às vezes, sente cheiro de arrogância? Por causa da humildade do ar.",0,1,-1.0576171875,0.6298828125,1.6875,0.1561048924922943,0.8438951373100281,False
4.325.N,4.325,N,"É tão difícil ser professor de natação...Uma pessoa ensina, ensina, ensina...e o aluno não aprende!",0,0,1.0732421875,-1.5234375,-2.5966796875,0.930647611618042,0.0693524107336998,True
5.670.H,5.670,H,Qual é a música em que o sobrinho do Michael Jackson nos convida a assistir a um moonwalk feito pelos Jackson Five? Tios em ré... vem!,1,1,-1.8740234375,1.287109375,3.1611328125,0.040654849261045456,0.9593451619148254,True
5.2820.N,5.2820,N,Cantora que sempre fez dieta? Elis Regina,0,0,3.291015625,-3.015625,-6.306640625,0.9981791973114014,0.0018208295805379748,True
5.3166.N,5.3166,N,Por que o jardineiro estava passando necessidade? Andava meio sem dinheiro.,0,0,1.1767578125,-1.3984375,-2.5751953125,0.929248034954071,0.07075196504592896,True
5.4088.H,5.4088,H,Qual é a dupla viciada em drogas? Pitaunzinho & Cheirumpó.,1,1,-1.4130859375,1.201171875,2.6142578125,0.0682264193892479,0.9317735433578491,True
5.2368.N,5.2368,N,Qual rockeiro não usa drogas e nem sacaneia os outros? O Gene Simmons,0,0,2.3046875,-1.9541015625,-4.2587890625,0.986057698726654,0.013942277990281582,True
4.131.H,4.131,H,Qual é o jogo preferido das batatas fritas? É o Monop-óleo.,1,1,-1.900390625,1.533203125,3.43359375,0.03126191347837448,0.9687380790710449,True
5.2041.N,5.2041,N,Qual é a padroeira da construção civil? Frei de Sant´Ana Galvão,0,1,-0.9267578125,0.60302734375,1.52978515625,0.17802514135837555,0.8219748735427856,False
5.3005.H,5.3005,H,Qual é a carne que volta muito mais rápido do que vai? Carne mó ida.,1,1,-2.244140625,1.4853515625,3.7294921875,0.023442290723323822,0.9765576720237732,True
5.3094.H,5.3094,H,Qual o nome do cinema pra veganos? Quinoaplex.,1,1,-1.2392578125,0.80126953125,2.04052734375,0.11501304805278778,0.884986937046051,True
5.3364.N,5.3364,N,O que os homens em Rio Branco costumam beber? Pinga.,0,0,2.693359375,-2.978515625,-5.671875,0.996570348739624,0.003429603762924671,True
5.3736.N,5.3736,N,Qual clube campeão da Libertadores consegue segurar bebês gêmeos? Lanus.,0,1,-0.87890625,0.1507568359375,1.0296630859375,0.2631494402885437,0.7368506193161011,False
5.3789.H,5.3789,H,Qual o vinho predileto do Lamartine Babo? Merlô.,1,1,-0.46484375,0.0645751953125,0.5294189453125,0.370652437210083,0.629347562789917,True
5.1738.H,5.1738,H,Qual o nome da manobra mais arriscada que apenas Suellen e Aparecida foram capazes de fazer? Manobra Su e Cida.,1,1,-2.048828125,1.4453125,3.494140625,0.029479408636689186,0.970520555973053,True
5.95.N,5.95,N,Qual é a cantora que aposta na carreira? Ivete Sangalo.,0,0,3.216796875,-3.087890625,-6.3046875,0.9981756210327148,0.0018243828089907765,True
4.317.H,4.317,H,Como é que se trava um carro desportivo? Coupé.,1,0,2.79296875,-2.59765625,-5.390625,0.9954615235328674,0.0045384312979876995,False
4.586.N,4.586,N,Porque é que as aulas da professora vesga são sempre uma balbúrdia? Porque ela tem dificuldade em controlar os seus alunos.,0,0,0.6728515625,-1.0888671875,-1.76171875,0.8534248471260071,0.1465752124786377,True
5.1329.H,5.1329,H,O que é uma maconha enrolada num jornal? Um baseado em fatos reais.,1,0,0.379638671875,-0.80224609375,-1.181884765625,0.7652865648269653,0.23471349477767944,False
5.1184.N,5.1184,N,Qual ex-presidente dos Estados Unidos ama fazer obras? Bill Clinton.,0,0,2.744140625,-2.70703125,-5.451171875,0.9957270622253418,0.004272936377674341,True
5.1343.H,5.1343,H,O Batman vestiu seu Batblazer e seu Batsapato social. Para onde ele foi? Para o Batzado.,1,1,-1.947265625,1.419921875,3.3671875,0.0333368219435215,0.966663122177124,True
5.678.N,5.678,N,Como se chama o cara que pensa primeiro nos outros e depois em si mesmo? Pedro.,0,0,2.734375,-2.724609375,-5.458984375,0.9957601428031921,0.004239825531840324,True
5.2926.H,5.2926,H,Qual fruta prevê o futuro ? Li mão,1,1,-2.181640625,1.6025390625,3.7841796875,0.02222243696451187,0.9777776002883911,True
4.376.N,4.376,N,"Havia uma mulher tão bonita, tão bonita, que uma vez foi a um concurso de beleza e ganhou de caras.",0,0,0.8046875,-0.7236328125,-1.5283203125,0.8217604756355286,0.1782395839691162,True
5.3111.H,5.3111,H,O que o Galvão falou para um pássaro? Caca tuuuuua... Taffarel!,1,1,-1.654296875,1.3427734375,2.9970703125,0.04755839705467224,0.9524415731430054,True
4.563.H,4.563,H,O que come um drogado ao pequeno-almoço? Papas da veia.,1,1,-0.912109375,0.3671875,1.279296875,0.21766994893550873,0.7823300957679749,True
5.1221.H,5.1221,H,Qual o jornalista esportivo mais pesado? 1000 ton. Neves.,1,1,-2.111328125,1.6689453125,3.7802734375,0.02230747416615486,0.9776925444602966,True
5.2987.H,5.2987,H,Qual microorganismo é viciado em drogas? Protousuário.,1,1,-1.921875,1.470703125,3.392578125,0.03252822533249855,0.9674717783927917,True
5.2435.N,5.2435,N,Quais jogadores de basquete fundaram Brasília? Kobe Bryant e Michael Jordan .,0,0,2.55859375,-2.271484375,-4.830078125,0.9920772910118103,0.007922627963125706,True
4.432.H,4.432,H,"Um homem tentou comer 1000 passas, mas chegou às 999 e desistiu. Qual é o filme? Mil São Impossível.",1,1,-1.244140625,0.83642578125,2.08056640625,0.11100006848573685,0.8889999389648438,True
4.193.H,4.193,H,"Hoje, vinte mulheres convidaram-me para sair. Nunca mais entro no WC das mulheres.",1,1,-0.401611328125,-0.0260162353515625,0.3755950927734375,0.4071897268295288,0.5928102731704712,True
4.199.N,4.199,N,O que é um rodapé? É um homem que costumava ter carro mas que agora anda a pé.,0,0,1.37890625,-1.04296875,-2.421875,0.9184802770614624,0.08151975274085999,True
5.3704.H,5.3704,H,Onde o Sílvio conseguiu comprar novelas tão ruins? Na porta da espelunca!,1,1,-1.4638671875,1.0498046875,2.513671875,0.07490527629852295,0.925094723701477,True
4.638.H,4.638,H,"O amor é como um jogo de sueca. Ou se tem um bom parceiro, ou o melhor mesmo é ter uma boa mão.",1,1,-0.607421875,0.3251953125,0.9326171875,0.28239402174949646,0.7176059484481812,True
5.140.N,5.140,N,Qual cantor nunca fica preso? MC Livinho.,0,0,1.46484375,-1.03125,-2.49609375,0.9238675236701965,0.07613248378038406,True
5.1221.N,5.1221,N,Qual o jornalista esportivo mais pesado? Milton Neves.,0,0,2.96875,-2.748046875,-5.716796875,0.9967206120491028,0.0032794433645904064,True
4.36.N,4.36,N,Uma loira viu um jogo de futebol que acabou 1-0 . Qual foi o seu jogador preferido? O Vidoso . Porque o golo foi dele.,0,0,0.499755859375,-0.640625,-1.140380859375,0.7577495574951172,0.24225042760372162,True
5.143.N,5.143,N,Qual é o elemento químico mais nervoso que existe? Flúor.,0,0,2.392578125,-2.66796875,-5.060546875,0.9936979413032532,0.006302121561020613,True
4.702.H,4.702,H,O meu carro foi roubado. E o da Nelly Furtado.,1,0,0.003253936767578125,-0.33740234375,-0.3406562805175781,0.5843499898910522,0.41565006971359253,False
4.679.N,4.679,N,O que acontece quando pões especiarias no salmão? Apanhas salmonella.,0,1,-2.154296875,1.5380859375,3.6923828125,0.024307016283273697,0.9756929278373718,False
4.5.H,4.5,H,Hoje caí e entornei meu leite com chocolate. Molhei-me Toddynho.,1,1,-1.49609375,1.078125,2.57421875,0.07081620395183563,0.9291837811470032,True
5.1325.N,5.1325,N,O que aconteceu quando o policial olhou no espelho? O polícia se achou.,0,0,0.38330078125,-1.08203125,-1.46533203125,0.812346875667572,0.18765315413475037,True
4.603.N,4.603,N,O que acontece quando chove em Inglaterra? Fica tudo molhado.,0,0,2.47265625,-2.283203125,-4.755859375,0.9914721846580505,0.008527800440788269,True
5.1084.H,5.1084,H,Qual carro não sai da cabeça das pessoas?  Lêndia Rover,1,1,-1.88671875,1.0322265625,2.9189453125,0.051224928349256516,0.948775053024292,True
4.281.H,4.281,H,Porque é que a galinha fez um striptease na capoeira? Para chocar os ovos.,1,1,-0.397216796875,-0.150390625,0.246826171875,0.43860483169555664,0.5613951683044434,True
4.209.H,4.209,H,Em que parte da cidade há mais restaurantes italianos? No espar-gueto.,1,1,-2.1015625,1.568359375,3.669921875,0.024845434352755547,0.9751545190811157,True
5.781.N,5.781,N,Qual cantor eu quero que repare em mim? Harry Styles.,0,0,2.96484375,-2.755859375,-5.720703125,0.9967333078384399,0.003266699379310012,True
4.721.N,4.721,N,Como se sabe que Paulo tomava viagra? Foi o homem que mais tempo manteve a erecção.,0,1,-0.1590576171875,-0.122314453125,0.0367431640625,0.4908152222633362,0.5091847777366638,False
4.370.N,4.370,N,"É boa ideia comprar um relógio em forma de peixe? Não, é um gasto de tempo.",0,0,1.3857421875,-1.6884765625,-3.07421875,0.9558166265487671,0.04418332129716873,True
5.2399.N,5.2399,N,Qual é o jogo que no final sempre dá merda? Futebol.,0,0,3.041015625,-3.109375,-6.150390625,0.9978718757629395,0.002128110034391284,True
5.682.H,5.682,H,Qual é o nome de menino mais escolhido pelos pais nos Estados Unidos? The new son.,1,1,-0.6337890625,0.0065765380859375,0.6403656005859375,0.34516391158103943,0.6548360586166382,True
5.736.N,5.736,N,Qual membro do governo começou a fumar? Presidente,0,0,2.880859375,-2.970703125,-5.8515625,0.9971327781677246,0.0028671585023403168,True
5.3071.H,5.3071,H,Como se chama o ato da pessoa crescer na vida por ser bonita? Meritogracinha.,1,1,-2.00390625,1.4501953125,3.4541015625,0.03064677305519581,0.969353199005127,True
5.1375.H,5.1375,H,"O que o espermatozoide falou para o óvulo? ""Deixa eu morar com você? Minha casa é um saco.""",1,0,0.75732421875,-1.001953125,-1.75927734375,0.8531191349029541,0.1468808799982071,False
4.534.N,4.534,N,Qual é a rádio mais ouvida ao pequeno-almoço? É a Rádio Comercial.,0,0,2.095703125,-1.9189453125,-4.0146484375,0.9822707772254944,0.017729297280311584,True
4.532.H,4.532,H,Dizem que não percebo nada de comida mexicana... Nacho que seja assim tão burrito.,1,1,-1.6455078125,1.146484375,2.7919921875,0.05775843933224678,0.9422415494918823,True
5.2843.N,5.2843,N,Qual padre falava tudo que pensava? Padre Zeca,0,0,3.15625,-2.859375,-6.015625,0.9975656270980835,0.0024343819823116064,True
2.16.H,2.16,H,Qual é o doce preferido dos átomos? Pé-de-moléculas.,1,1,-1.7265625,1.2314453125,2.9580078125,0.04935940355062485,0.9506406188011169,True
5.2960.H,5.2960,H,Por que nenhum avião conseguia aterrizar direito? Porque estavam aterrissando no Aero Torto.,1,1,-1.9287109375,1.453125,3.3818359375,0.03286798298358917,0.9671319723129272,True
4.202.H,4.202,H,"Como é que se diz ""sexo"" em árabe? Al-coitão.",1,1,-1.8662109375,1.42578125,3.2919921875,0.035846926271915436,0.9641530513763428,True
5.3906.N,5.3906,N,Qual o nome do Gato do japonês? Ary.,0,0,2.423828125,-2.427734375,-4.8515625,0.9922444224357605,0.007755536586046219,True
5.262.N,5.262,N,Qual sambista não come? Martinho da Vila.,0,0,3.16015625,-3.125,-6.28515625,0.9981397390365601,0.0018602984491735697,True
5.1542.H,5.1542,H,Por que não é bom guardar o kibe no freezer? Porque lá dentro ele esfiha.,1,1,-1.0087890625,0.61083984375,1.61962890625,0.165256068110466,0.8347439169883728,True
5.3855.N,5.3855,N,Qual o nome que se dá para o assassinato em massa na galáxia do universo da Marvel? Crimes simultâneos.,0,0,1.599609375,-1.673828125,-3.2734375,0.9635062217712402,0.03649376332759857,True
4.506.N,4.506,N,Em 2018 não corri . Em 2019 não corri . Em 2020 não corri . Em 2021 ainda não corri . Esta piada não foi boa.,0,0,0.52490234375,-0.90087890625,-1.42578125,0.8062431216239929,0.1937568485736847,True
4.85.H,4.85,H,Porque é que nunca roubaram a mota do japonês? Porque ele compra Y-amaha.,1,1,-2.09765625,1.521484375,3.619140625,0.026105914264917374,0.9738940596580505,True
5.2559.N,5.2559,N,Qual é o cantor que tá sempre na cena de um crime? Benito de Paula.,0,0,2.244140625,-1.75,-3.994140625,0.9819099307060242,0.01808999478816986,True
5.2955.N,5.2955,N,"Qual o nome do jogo que Jô Soares adora jogar quando cheira cocaína? Pedra, papel e tesoura.",0,0,2.18359375,-2.119140625,-4.302734375,0.9866490960121155,0.013350849971175194,True
5.1181.N,5.1181,N,Qual tipo de carne usada por churrasqueiros sovinas? Picanha.,0,0,2.357421875,-2.681640625,-5.0390625,0.993561863899231,0.0064381021074950695,True
5.776.N,5.776,N,O que o Pelé sente na pele? frio.,0,0,2.287109375,-2.21875,-4.505859375,0.9890764951705933,0.010923455469310284,True
5.1834.N,5.1834,N,Qual farinha comprada pelos índios? Farinha de Tribo.,0,1,-1.947265625,1.40234375,3.349609375,0.03390796110033989,0.966092050075531,False
5.159.H,5.159,H,O que disse o casal do Peru que teve um filho no Réveillon? Obrigado peruano maravilhoso que tivemos.,1,1,-0.890625,0.51318359375,1.40380859375,0.19721242785453796,0.8027875423431396,True
5.1967.H,5.1967,H,Onde as bundas são conservadas? Na adega ,1,0,2.140625,-1.912109375,-4.052734375,0.9829219579696655,0.01707807369530201,False
5.1255.N,5.1255,N,Por que as freiras não costumam variar seus namorados? Por que elas tem um rosário.,0,0,1.2587890625,-1.009765625,-2.2685546875,0.9062390327453613,0.09376094490289688,True
5.3677.N,5.3677,N,Qual é o ator que mais está odiando esse ano? Babu Santana.,0,0,0.67041015625,-0.62255859375,-1.29296875,0.7846492528915405,0.21535073220729828,True
5.3804.N,5.3804,N,Como falece quem peida muito? Trombose.,0,0,2.458984375,-2.130859375,-4.58984375,0.9899476170539856,0.01005236804485321,True
5.2711.H,5.2711,H,Qual banda de pagode sempre tocava quando a gente tomava refrigerante? Sorriso Marroto.,1,0,-0.177490234375,-0.199462890625,-0.02197265625,0.5054929256439209,0.4945070743560791,False
4.534.H,4.534,H,Qual é a rádio mais ouvida ao pequeno-almoço? É a Rádio Comer-cereal.,1,1,-1.462890625,0.77099609375,2.23388671875,0.09674844890832901,0.9032515287399292,True
5.3868.H,5.3868,H,Qual marca de eletrodoméstico virou presidente? BrasTrump.,1,1,-1.7451171875,1.14453125,2.8896484375,0.052667658776044846,0.9473323225975037,True
5.417.H,5.417,H,Qual é o doce mais pagodeiro que existe? A bala 7 BELO.,1,1,-2.16015625,1.5205078125,3.6806640625,0.024586498737335205,0.9754135012626648,True
5.3585.H,5.3585,H,"Qual roqueiro que se fosse espanhol, teria nascido na quarta-feira? Fred Miércoles.",1,1,-0.4990234375,0.106201171875,0.605224609375,0.35314929485321045,0.6468507051467896,True
5.2821.H,5.2821,H,Qual instituição vai entrar com uma ação contra os crimes cometidos na língua portuguesa? OAB Cedário ,1,1,-1.9814453125,1.3896484375,3.37109375,0.03321117162704468,0.9667888283729553,True
5.934.H,5.934,H,Qual é o seriado da Nickelodeon em que uma menina sempre caçoa de alguém e depois dá a bunda? Zoey 101.,1,1,-1.6171875,1.126953125,2.744140625,0.060418423265218735,0.939581573009491,True
4.419.H,4.419,H,Um homem vai a cair dum prédio e a meio repara numa janela. Qual é o filme? Duro na queda.,1,0,-0.0158538818359375,-0.525390625,-0.5095367431640625,0.6246978640556335,0.37530213594436646,False
4.309.H,4.309,H,Qual é a doença que maata mais insectos? É a insectiSIDA.,1,1,-1.8076171875,1.1123046875,2.919921875,0.0511774942278862,0.9488224983215332,True
5.2099.H,5.2099,H,Qual é o local religioso preferido dos jogadores de basquete? O Vaquicano ,1,1,-2.021484375,1.4365234375,3.4580078125,0.030530942603945732,0.9694690108299255,True
5.3289.N,5.3289,N,Qual programa de rádio mais pobre do mundo? Somáliação.,0,1,-1.6103515625,1.0751953125,2.685546875,0.06383161246776581,0.936168372631073,False
5.3323.H,5.3323,H,Qual doce favorito do Bolsonaro? Prende moleque.,1,1,-0.73974609375,0.258544921875,0.998291015625,0.26927754282951355,0.7307224273681641,True
5.778.N,5.778,N,Por que o cara que não fazia exercícios prestou odonto? Pra ser dentista.,0,0,1.73046875,-1.6826171875,-3.4130859375,0.968110978603363,0.031888991594314575,True
5.979.H,5.979,H,Qual inseto causa vômito em crianças latinas? Enjoa niña.,1,1,-1.5146484375,1.0859375,2.6005859375,0.06910072267055511,0.9308992624282837,True
5.3431.H,5.3431,H,Qual cidade espanhola preferida pelo Faustão ? Sevilha nos Trinta.,1,1,-1.9990234375,1.4697265625,3.46875,0.030214589089155197,0.9697853922843933,True
5.2691.H,5.2691,H,Por que o sintagma da oração não gostava de fazer rodeios para falar algo? Porque era um objeto direto.,1,1,-0.7099609375,0.075927734375,0.785888671875,0.31305214762687683,0.6869478821754456,True
5.1978.H,5.1978,H,"Que filme conta a história de um molho bizarro? Curry, a estranha. ",1,1,-1.3408203125,0.5966796875,1.9375,0.1259227693080902,0.8740772008895874,True
5.1110.H,5.1110,H,"O que o psicanalista adora dizer no meio do sexo? Vai, me Freud.",1,1,-2.380859375,1.6591796875,4.0400390625,0.01729249209165573,0.9827074408531189,True
5.931.H,5.931,H,Qual é a comida favorita do Munhoz e Mariano? Camarão amarelo.,1,0,1.6630859375,-1.486328125,-3.1494140625,0.958885669708252,0.04111437126994133,False
5.3477.N,5.3477,N,Qual o monumento mais sujo de Londres? O Tâmisa.,0,0,1.9072265625,-1.927734375,-3.8349609375,0.9788546562194824,0.021145395934581757,True
5.4.N,5.4,N,Qual é o sabor da bala preferida da galera do hospício? M&Ms.,0,1,-0.5205078125,-0.1102294921875,0.4102783203125,0.3988454043865204,0.601154625415802,False
5.1733.H,5.1733,H,"Como se diz ""você, seja macio"" em inglês? You, be soft.",1,1,-1.4091796875,0.82373046875,2.23291015625,0.09683381766080856,0.9031661152839661,True
5.3483.N,5.3483,N,Qual a atriz que vc dá satisfação sempre que bebe alguma coisa? Cleo Pires.,0,0,2.884765625,-2.908203125,-5.79296875,0.9969603419303894,0.003039649687707424,True
4.19.N,4.19,N,O meu baralho de cartas fica doido quando ligo o aspirador . Hoje encontrei o meu aspirador,0,0,1.8818359375,-1.6767578125,-3.55859375,0.9723097085952759,0.027690257877111435,True
5.2063.N,5.2063,N,Qual ator americano que sempre deixa todo mundo impressionado? Joaquin Phoenix,0,0,2.806640625,-2.59375,-5.400390625,0.9955054521560669,0.00449452456086874,True
5.2187.N,5.2187,N,Qual é o cantor que tem muita dor no pé? Chitãozinho,0,0,2.865234375,-2.935546875,-5.80078125,0.9969839453697205,0.0030160662718117237,True
5.989.H,5.989,H,Qual figura histórica terminou mal seu último relacionamento? Malcom Ex.,1,1,-2.169921875,1.5732421875,3.7431640625,0.02313133329153061,0.9768686890602112,True
4.533.H,4.533,H,Porque é que os políticos são tão ricos? É furto do seu trabalho.,1,0,0.056396484375,-0.5234375,-0.579833984375,0.6410291790962219,0.3589708209037781,False
5.1740.H,5.1740,H,Qual atriz ama esportes na neve? A Kássia Ex-Kiss,1,1,-2.06640625,1.4365234375,3.5029296875,0.02922898530960083,0.9707710146903992,True
5.1947.H,5.1947,H,Qual a doença q desafiava o filósofo? Tentenitche ,1,1,-1.9560546875,1.46484375,3.4208984375,0.03164868429303169,0.9683513641357422,True
5.505.H,5.505,H,Qual o nome do cara que a humildade passou longe? Eugênio.,1,0,2.322265625,-2.16796875,-4.490234375,0.9889063835144043,0.011093566194176674,False
4.719.H,4.719,H,"""Catetos que tu tens!"" - Pitágoras",1,1,-0.34814453125,0.07550048828125,0.42364501953125,0.395644873380661,0.6043551564216614,True
5.2393.N,5.2393,N,Qual é o canal infantil que só transmite desenho de carro? Car Tum Network.,0,1,-0.6318359375,0.21240234375,0.84423828125,0.3006429076194763,0.6993570923805237,False
5.1332.N,5.1332,N,Por que o nerd pediu a calculadora em exame? Porque ela dava valor.,0,0,-0.31640625,-0.54931640625,-0.23291015625,0.5579657554626465,0.4420342743396759,True
4.115.N,4.115,N,Qual é a bebida alcoólica preferida do Pai Natal? É o vinho.,0,0,2.46875,-2.880859375,-5.349609375,0.9952724575996399,0.004727549850940704,True
5.2992.N,5.2992,N,E qual é a comida que nunca se aquece? O maPÃO de queijo.,0,1,-1.5087890625,0.744140625,2.2529296875,0.09509705752134323,0.904902994632721,False
5.2689.N,5.2689,N,Renata voltou do médico com o braço furado . Qual é o acontecimento histórico? Guerra de canudos.,0,1,-1.2890625,0.8564453125,2.1455078125,0.10475175082683563,0.895248293876648,False
5.3677.H,5.3677,H,Qual é o ator que mais está odiando esse ano? Keanu Reeves.,1,0,2.689453125,-2.6171875,-5.306640625,0.9950659275054932,0.004934090655297041,False
4.382.H,4.382,H,Porque é que o motociclista chegou atrasado ao trabalho? Porque saiu de casa motard.,1,1,-2.01953125,1.5205078125,3.5400390625,0.028194217011332512,0.9718057513237,True
5.3531.H,5.3531,H,"Que estilo de filme faz a gente refletir sobre a saúde pública? SUS, pense!",1,0,-0.077880859375,-0.83154296875,-0.753662109375,0.6799761056900024,0.32002386450767517,False
5.3111.N,5.3111,N,O que o Galvão falou para um pássaro? Vai que é tua...Taffarel!,0,1,-1.3955078125,0.9384765625,2.333984375,0.08834722638130188,0.9116528034210205,False
4.348.H,4.348,H,O que é que os bonecos de neve costumam pôr no leite? Flocos.,1,0,2.7265625,-2.869140625,-5.595703125,0.9962999224662781,0.0037000456359237432,False
5.2549.H,5.2549,H,Qual mercado vende lagarto? Iguanabara.,1,1,-2.017578125,1.3701171875,3.3876953125,0.03268223628401756,0.9673178195953369,True
5.560.H,5.560,H,Quais são os piratas que abraçam todo mundo o tempo todo? Os Piratas do Carinho.,1,0,0.58642578125,-1.0390625,-1.62548828125,0.8355506658554077,0.16444936394691467,False
4.170.N,4.170,N,Qual é o jogo preferido das crianças? O futebol.,0,0,2.6796875,-2.92578125,-5.60546875,0.9963357448577881,0.003664220217615366,True
5.1971.N,5.1971,N,Qual padre que toda vez eu vejo tenho ejaculação precoce? Marcelo Rossi.,0,0,2.96484375,-2.765625,-5.73046875,0.9967648983001709,0.003235055599361658,True
5.1434.N,5.1434,N,Por que o queijo estava estudando matemática? Para encontrar a variável da questão.,0,0,0.065673828125,-0.81201171875,-0.877685546875,0.706342339515686,0.2936576008796692,True
4.734.H,4.734,H,"Numa aula de filosofia do 1° período: ""Penso, logo higiénico.""",1,1,-1.56640625,0.8798828125,2.4462890625,0.07971034944057465,0.9202896952629089,True
5.232.N,5.232,N,Qual é o perfume do zagueiro ruim? Armani.,0,0,2.943359375,-2.771484375,-5.71484375,0.9967142343521118,0.003285833168774843,True
4.569.N,4.569,N,Porque é que o Artur aceitou o trabalho de limpar espelhos? Porque era algo que gostava.,0,0,2.44921875,-2.265625,-4.71484375,0.9911182522773743,0.008881674148142338,True
5.2783.N,5.2783,N,Qual o nome da irmã do Pinóquio? Patrícia.,0,0,2.763671875,-2.736328125,-5.5,0.9959298968315125,0.004070138093084097,True
4.668.H,4.668,H,Qual é o automóvel que leva mais porcas? É o Nissan Na vara.,1,1,-1.8193359375,1.357421875,3.1767578125,0.04004979506134987,0.9599501490592957,True
5.1160.N,5.1160,N,Qual o pão que te ajuda a respirar? O pão Sírio.,0,0,1.5341796875,-1.1728515625,-2.70703125,0.9374402165412903,0.06255973130464554,True
5.1925.N,5.1925,N,"Qual jogador sempre dava aquela respirada, antes de arremessar? Lebron James.",0,0,2.435546875,-2.38671875,-4.822265625,0.9920157194137573,0.007984270341694355,True
5.590.H,5.590,H,"Qual comida reclamamos que demora pra ficar pronta? Pô, lenta.",1,1,-1.2109375,0.71630859375,1.92724609375,0.12705571949481964,0.8729442954063416,True
5.2354.N,5.2354,N,Para qual time os átomos torcem? Corinthians.,0,0,2.947265625,-3.05859375,-6.005859375,0.9975417852401733,0.002458212897181511,True
5.3364.H,5.3364,H,O que os homens em Rio Branco costumam beber? Conhacre.,1,1,-2.18359375,1.603515625,3.787109375,0.022158870473504066,0.9778411984443665,True
5.2320.N,5.2320,N,Onde se vendia livros infantis mas derreteu? Na Banca,0,0,1.5400390625,-1.4970703125,-3.037109375,0.9542226791381836,0.04577726870775223,True
5.163.H,5.163,H,"O que o Faustão falou no último domingo do ano? Essas férias, bicho.",1,1,-1.0576171875,0.434814453125,1.492431640625,0.18355703353881836,0.8164429664611816,True
4.454.H,4.454,H,Que dor sente um homem sem um braço? Dor de coto vê-lo.,1,1,-1.7265625,1.25390625,2.98046875,0.048316068947315216,0.9516838788986206,True
5.888.H,5.888,H,O que é bom para miopia? Miotorneira.,1,1,-1.9287109375,1.423828125,3.3525390625,0.03381211683154106,0.9661878347396851,True
4.603.H,4.603,H,O que acontece quando chove em Inglaterra? Fica tudo cheio de Inglalama.,1,1,-2.123046875,1.642578125,3.765625,0.02262919954955578,0.9773707389831543,True
5.3621.H,5.3621,H,Qual é a cantora que faz mais sucesso no Natal? Angela Ho Ho Ho.,1,1,-1.2607421875,0.78125,2.0419921875,0.1148640364408493,0.8851359486579895,True
4.454.N,4.454,N,Que dor sente um homem com um braço? Dor de cotovelo.,0,0,2.86328125,-2.763671875,-5.626953125,0.9964134097099304,0.003586615901440382,True
5.2666.H,5.2666,H,Qual o sambista com menos pelos do Brasil? Xande Depilares.,1,1,-2.142578125,1.7333984375,3.8759765625,0.02031290903687477,0.9796870946884155,True
5.3955.H,5.3955,H,Que diretor de cinema era radioativo? Scorcésio.,1,0,1.7763671875,-1.5859375,-3.3623046875,0.9665054082870483,0.03349453583359718,False
5.984.H,5.984,H,Levei meu carro na feira ao invés de levar para a oficina. Qual é o nome do filme? Laranja Mecânica.,1,0,1.771484375,-1.6533203125,-3.4248046875,0.9684708714485168,0.03152918443083763,False
5.2455.H,5.2455,H,Onde o Mickey gosta de morar? No condominnie.,1,1,-1.169921875,0.8369140625,2.0068359375,0.11848706752061844,0.8815129995346069,True
4.494.N,4.494,N,A pessoa que inventou o autocorrect devia arder no inferno.,0,0,0.136474609375,-0.251953125,-0.388427734375,0.5959041118621826,0.4040958285331726,True
4.449.N,4.449,N,Porque é que o criminoso foi preso para interrogatório? Porque era suspeito.,0,0,2.43359375,-2.318359375,-4.751953125,0.9914391040802002,0.008560892194509506,True
5.2383.N,5.2383,N,Qual a cidade mineira favorita dos matemáticos? Uberaba,0,0,2.705078125,-2.822265625,-5.52734375,0.9960391521453857,0.003960787318646908,True
5.2088.N,5.2088,N,O que perguntaram pro Silvio Santos quando ele voltou da Itália? O que você fez lá?,0,0,1.8125,-1.77734375,-3.58984375,0.9731387495994568,0.026861201971769333,True
5.2858.H,5.2858,H,Pq o rapaz demorou muito para receber alta do hospital mas não reclamava ? Porque era paciente ,1,0,0.6865234375,-1.33203125,-2.0185546875,0.8827314972877502,0.11726853251457214,False
4.494.H,4.494,H,A pessoa que inventou o autocorrect devia arder no inverno.,1,0,0.12469482421875,-0.208740234375,-0.33343505859375,0.5825949311256409,0.41740506887435913,False
5.2707.H,5.2707,H,Por que o tubo de pomada foi preso? Porque era um creminoso.,1,1,-0.376708984375,-0.07794189453125,0.29876708984375,0.42585888504981995,0.5741410851478577,True
4.352.H,4.352,H,Qual é a diferença entre um boneco de neve e uma boneca de neve? As bolas de neve.,1,0,2.216796875,-2.138671875,-4.35546875,0.9873262047767639,0.012673734687268734,False
4.461.H,4.461,H,Porque é que não se serve chá na escola? Por causa do bule-ing.,1,1,-2.244140625,1.388671875,3.6328125,0.025760559365153313,0.9742394685745239,True
5.1156.H,5.1156,H,"Qual o personagem que não faz questão de estar certo o tempo todo? Erromeu, do Erromeu e Julieta.",1,1,-1.2802734375,0.84326171875,2.12353515625,0.10683028399944305,0.8931697010993958,True
4.205.H,4.205,H,Que barulho faz um relógio feito no México? Tic Taco.,1,1,-1.8603515625,1.45703125,3.3173828125,0.034979645162820816,0.9650202989578247,True
5.2311.N,5.2311,N,Qual é a luta mais longa que existe? Kung Fool,0,1,-1.2587890625,0.64453125,1.9033203125,0.129733145236969,0.8702667951583862,False
5.3703.H,5.3703,H,Que atriz trabalha como lixeira? Tony Colete.,1,1,-2.203125,1.6416015625,3.8447265625,0.02094420976936817,0.9790558218955994,True
5.240.N,5.240,N,O moço nao estava se sentindo bem . O que ele tinha? Azia.,0,0,2.55859375,-2.271484375,-4.830078125,0.9920772910118103,0.007922627963125706,True
5.2820.H,5.2820,H,Cantora que sempre fez dieta? Elis Regime ,1,1,-1.982421875,1.484375,3.466796875,0.030271869152784348,0.9697281122207642,True
5.2311.H,5.2311,H,Qual é a luta mais idiota que existe? Kung Fool,1,1,-1.1142578125,0.48828125,1.6025390625,0.16762705147266388,0.8323729634284973,True
4.142.H,4.142,H,Qual é o melhor chá para a calvície? É o chá-peu.,1,1,-1.7568359375,1.2734375,3.0302734375,0.046076808124780655,0.953923225402832,True
4.569.H,4.569,H,Porque é que o Artur aceitou o trabalho de limpar espelhos? Porque era algo que se via a fazer.,1,0,0.79296875,-1.1767578125,-1.9697265625,0.8775817155838013,0.12241826206445694,False
4.342.H,4.342,H,Qual é o contrário de menu? Youvestido.,1,1,-1.625,1.1796875,2.8046875,0.05707139894366264,0.9429286122322083,True
5.248.N,5.248,N,Qual foi o dinossauro mais zoeiro que existiu? Velociraptor.,0,1,-1.193359375,0.64111328125,1.83447265625,0.13770632445812225,0.8622936010360718,False
5.409.N,5.409,N,Qual a história sobre a princesa adolescente que não gostava de cobrir os pés? A Pequena descalça,0,1,-0.483154296875,-0.156494140625,0.32666015625,0.41905346512794495,0.5809465646743774,False
4.165.N,4.165,N,Porque é que há tantas putas vegetarianas? Porque elas gostam das verduras.,0,0,2.37890625,-2.2421875,-4.62109375,0.9902538657188416,0.009746103547513485,True
4.614.N,4.614,N,"Eu morava na Madeira e mudei-me para Ibiza . Isto não foi sensato, mas sim ponderado.",0,0,-0.057586669921875,-0.30712890625,-0.249542236328125,0.5620638132095337,0.4379361569881439,True
5.1759.H,5.1759,H,Por que a atleta abandonou esportes na neve? Porque seu ex quis,1,0,0.1767578125,-0.85888671875,-1.03564453125,0.7380087375640869,0.2619912326335907,False
4.249.H,4.249,H,Fui ao McDonalds e pedi o novo hamburguer de chimpanzé. Chama-se McCaquinho.,1,1,-1.3564453125,0.92822265625,2.28466796875,0.09240074455738068,0.9075992703437805,True
5.2351.N,5.2351,N,Qual é o árbitro que expulsa as pessoas e elas nunca mais podem voltar? O bandeirinha.,0,0,1.9638671875,-1.87109375,-3.8349609375,0.9788546562194824,0.021145395934581757,True
5.3011.N,5.3011,N,Qual animal gosta de ensinar? Panda.,0,0,2.697265625,-2.826171875,-5.5234375,0.9960237741470337,0.003976228181272745,True
4.90.N,4.90,N,"Como é que se diz "" copia bem "" em inglês? Copy & paste.",0,1,-1.767578125,1.0859375,2.853515625,0.054499875754117966,0.9455001950263977,False
5.102.N,5.102,N,Qual o conto de fadas preferido dos meninos? Conto de Fraldas.,0,1,-1.19140625,0.65283203125,1.84423828125,0.13655079901218414,0.8634491562843323,False
4.63.N,4.63,N,O que é que se faz num velório de lésbicas? Um minuto de silêncio.,0,0,2.509765625,-2.203125,-4.712890625,0.991101086139679,0.008898884057998657,True
5.283.N,5.283,N,O que o coveiro disse quando pediram a ele para gerenciar o cemitério? Isso não é da minha alçada.,0,0,1.236328125,-1.8046875,-3.041015625,0.9543930292129517,0.04560694098472595,True
4.501.N,4.501,N,Quais são os apelidos mais comuns da população  de Portugal? Passos Dias Aguiar Mota.,0,1,-1.4375,0.7802734375,2.2177734375,0.09816574305295944,0.90183424949646,False
5.3600.H,5.3600,H,Qual o tom que a Cinderela canta suas músicas? Fá da Madrinha.,1,1,-1.7392578125,1.1982421875,2.9375,0.05033063143491745,0.949669361114502,True
4.698.H,4.698,H,Qual é a semelhança entre o sol e um avô? Ambos fazem qualquer coisa planeta.,1,1,-1.7177734375,1.154296875,2.8720703125,0.053551625460386276,0.9464484453201294,True
5.2272.N,5.2272,N,De qual país eu aceitei um chiclete? Colombia,0,0,1.724609375,-1.2978515625,-3.0224609375,0.9535785913467407,0.046421416103839874,True
5.2911.H,5.2911,H,Qual é o artista ídolo da MPB mais acessível? Aberto Carlos ,1,0,0.39453125,-0.66357421875,-1.05810546875,0.7423283457756042,0.25767168402671814,False
5.4030.N,5.4030,N,Qual o pássaro mais atrapalhado que existe? Arara.,0,0,2.619140625,-2.8828125,-5.501953125,0.9959378242492676,0.004062228836119175,True
5.704.N,5.704,N,Qual cerveja é comum nos navios? Brahma.,0,0,2.9140625,-3.06640625,-5.98046875,0.9974787831306458,0.0025212683249264956,True
5.3496.H,5.3496,H,Qual o sanduíche favorito do Silvio Santos? Baú ru da felicidade.,1,1,-1.3994140625,0.9150390625,2.314453125,0.08993300050497055,0.9100669622421265,True
5.3011.H,5.3011,H,Qual animal gosta de ensinar? LargaTeacher.,1,1,-2.0234375,1.603515625,3.626953125,0.02590801753103733,0.9740919470787048,True
4.286.N,4.286,N,O que e que os putos comem ao pequeno-almoço? Ovos mexidos.,0,0,2.15625,-2.107421875,-4.263671875,0.9861246943473816,0.013875309377908707,True
3.7.N,3.7,N,"O que é um pontinho amarelo na limusine? É um "" acidente "".",0,0,1.8603515625,-1.7734375,-3.6337890625,0.9742639064788818,0.025736059993505478,True
4.712.N,4.712,N,Porque é que nunca se deve separar o pau da vassoura? Porque depois para encontrá-lo é difícil.,0,0,1.013671875,-1.1728515625,-2.1865234375,0.8990327715873718,0.10096723586320877,True
5.2473.N,5.2473,N,Qual é a semelhança entre o trovão e a lâmpada? Os dois vêm sempre acompanhados de uma descarga.,0,0,0.0083770751953125,-0.51513671875,-0.5235137939453125,0.6279690861701965,0.37203097343444824,True
5.2347.H,5.2347,H,Qual nome se dá quando cai uma parte de um estádio? Arquibanqueda.,1,1,-0.91259765625,0.299560546875,1.212158203125,0.22931940853595734,0.7706806063652039,True
4.541.N,4.541,N,"Como é que se diz "" não há Wi-Fi "" em inglês? No Wi-Fi.",0,0,1.859375,-1.921875,-3.78125,0.9777138829231262,0.0222861859947443,True
4.429.N,4.429,N,Por causa do coronavírus já não é permitido fazer festas com 20 ou mais pessoas . Por isso agora convido poucos.,0,0,0.1781005859375,-0.681640625,-0.8597412109375,0.7026065587997437,0.29739341139793396,True
4.54.H,4.54,H,"Como se manda calar uma rapariga numa sessão de cinema do Star Wars? Chew, bacca!",1,1,-1.7978515625,1.203125,3.0009765625,0.047381769865751266,0.9526181817054749,True
4.85.N,4.85,N,Porque é que nunca roubaram a mota do japonês? Porque ele compra usada.,0,0,-0.11846923828125,-0.372802734375,-0.25433349609375,0.5632428526878357,0.4367571771144867,True
4.523.H,4.523,H,Qual é o canal preferido dos dálmatas? É o Canal da Mancha.,1,0,1.1181640625,-0.7763671875,-1.89453125,0.8692712783813477,0.13072867691516876,False
5.1661.N,5.1661,N,Qual é o desenho favorito do Michael Jackson? Os Smurfs.,0,0,2.310546875,-2.0,-4.310546875,0.9867516756057739,0.013248330913484097,True
5.239.H,5.239,H,O que o cantor sertanejo foi fazer no RH? Foi ser demitido por justa calça.,1,1,-1.21484375,0.68212890625,1.89697265625,0.130451500415802,0.869548499584198,True
5.2358.N,5.2358,N,Por que um clube de futebol não pôde mais fazer refresco? Porque acabou cajuniors.,0,1,-2.087890625,1.3798828125,3.4677734375,0.030243217945098877,0.9697568416595459,False
4.456.N,4.456,N,"Era uma vez um homem tão pequeno, mas tão pequeno, que não andava de metro . Andava de triciclo.",0,0,0.9189453125,-0.8603515625,-1.779296875,0.8556100726127625,0.14438998699188232,True
5.3605.N,5.3605,N,Qual a banda que mais faz sucesso entre os jovens na internet? BTS.,0,1,-0.58056640625,0.1160888671875,0.6966552734375,0.3325542211532593,0.6674457788467407,False
5.58.N,5.58,N,O que o judeu passa no corpo quanto está com dor? Cataflan.,0,0,0.84521484375,-0.9921875,-1.83740234375,0.8626412153244019,0.13735881447792053,True
5.2846.H,5.2846,H,Qual escritor era o mais nojento? eca de queiros ,1,1,-1.69921875,1.24609375,2.9453125,0.049958523362874985,0.9500414729118347,True
5.1945.N,5.1945,N,Qual a cidade mais veloz? Berlin.,0,0,1.970703125,-1.763671875,-3.734375,0.976669192314148,0.023330768570303917,True
5.3842.H,5.3842,H,Qual carro também é um brinquedo? Toyota.,1,0,2.900390625,-2.935546875,-5.8359375,0.9970878958702087,0.002912178635597229,False
4.737.N,4.737,N,Que nome se dá a uma manifestação de bêbados? Manifestação.,0,0,3.125,-2.966796875,-6.091796875,0.9977437257766724,0.002256239764392376,True
5.2808.H,5.2808,H,Porque Jesus não está no Tinder? Ele está com um Crushfixo ,1,1,-1.8046875,1.3076171875,3.1123046875,0.0426025390625,0.9573974013328552,True
4.407.N,4.407,N,Que nome se dá a um tapete fofinho? Alcatifa.,0,1,-2.005859375,1.3564453125,3.3623046875,0.03349453583359718,0.9665054082870483,False
5.563.H,5.563,H,Porque o Karl Marx ficou irritado quando atendeu o telefone? Era um trotsky.,1,1,-0.317138671875,-0.0291290283203125,0.2880096435546875,0.4284912049770355,0.5715088248252869,True
4.303.H,4.303,H,Vira-se o escorrega para o baloiço: Como os ânus passam depressa...,1,1,-0.57763671875,0.140380859375,0.718017578125,0.32782965898513794,0.6721703410148621,True
5.1486.H,5.1486,H,Qual gata que entrou e logo depois saiu do chat? Hello Kitty.,1,0,2.1015625,-1.921875,-4.0234375,0.9824230670928955,0.017576880753040314,False
5.3658.H,5.3658,H,Qual comediante se formou em uma escola agrotécnica? Nil Agro,1,1,-1.576171875,0.99169921875,2.56787109375,0.07123502343893051,0.9287649989128113,True
4.165.H,4.165,H,Porque é que há tantas putas vegetarianas? Porque elas gostam das ver-duras.,1,1,-1.7138671875,1.1953125,2.9091796875,0.05170163884758949,0.9482983350753784,True
5.966.H,5.966,H,Qual diretor famoso roubava as bolsas dos atores? Steven Stealberg.,1,0,2.779296875,-2.55078125,-5.330078125,0.9951796531677246,0.0048203435726463795,False
5.4083.N,5.4083,N,Qual a atriz que rouba por que é pé de chinelo? Charlize Theron.,0,0,2.78515625,-2.716796875,-5.501953125,0.9959378242492676,0.004062228836119175,True
3.6.H,3.6,H,Por que o policial não gosta de sabão? Porque ele prefere detergente.,1,0,2.349609375,-2.0390625,-4.388671875,0.9877350926399231,0.012264913879334927,False
5.3748.H,5.3748,H,Qual o nome do ator que não faz nada além da obrigação? Willem Default ,1,1,-0.751953125,0.218994140625,0.970947265625,0.27469173073768616,0.7253082990646362,True
4.204.H,4.204,H,Como é que os drogados espirram? Ha... Haa... Haaaa... XIXE!,1,1,-1.7021484375,0.9287109375,2.630859375,0.06717856973409653,0.9328213930130005,True
5.2354.H,5.2354,H,Para qual time os átomos torcem? Valência.,1,0,1.7880859375,-1.5068359375,-3.294921875,0.9642541408538818,0.035745806992053986,False
5.931.N,5.931,N,Qual é a comida favorita do Munhoz e Mariano? Vatapá amarelo.,0,0,0.83935546875,-0.73974609375,-1.5791015625,0.8290771842002869,0.17092275619506836,True
5.1073.H,5.1073,H,"Qual filme conta a história do casal mais perdido do mundo em ação? ""Procurando; né, mô?""",1,0,-0.230712890625,-0.335205078125,-0.1044921875,0.5260992646217346,0.4739006757736206,False
5.360.N,5.360,N,Por que o casal de patos sempre tomam banho quando discutem? Para deixar tudo em pratos limpos.,0,0,1.0595703125,-1.4384765625,-2.498046875,0.9240047931671143,0.07599521428346634,True
5.1441.N,5.1441,N,O que o escorregador falou para o menino? Aqui os ânus passam depressa.,0,1,-0.71923828125,0.2208251953125,0.9400634765625,0.28088751435279846,0.7191124558448792,False
5.1585.N,5.1585,N,Qual é o infalível chá para calvície? Chapéu.,0,0,2.583984375,-2.740234375,-5.32421875,0.9951514005661011,0.004848532844334841,True
5.1455.N,5.1455,N,Qual o nome dos irmãos que são péssimos de marketing? Irmãos Berti.,0,0,0.9765625,-0.89013671875,-1.86669921875,0.866075873374939,0.13392409682273865,True
5.3264.H,5.3264,H,Qual o produto de limpeza mais animado? Desinfestante.,1,0,1.7880859375,-1.7607421875,-3.548828125,0.9720456600189209,0.027954399585723877,False
5.3284.H,5.3284,H,Qual banda dá um toque dizendo que não tá bem? Opa tô fú!,1,1,-1.2001953125,0.5537109375,1.75390625,0.1475551873445511,0.8524448275566101,True
4.579.H,4.579,H,Hoje na escola levei com um pino na cabeça. Fui vítima de bowling.,1,1,-1.71875,1.224609375,2.943359375,0.05005130544304848,0.9499486684799194,True
5.1767.N,5.1767,N,O que o burro disse para a mula? Oi.,0,0,2.703125,-2.60546875,-5.30859375,0.995075523853302,0.004924510605633259,True
4.419.N,4.419,N,Um homem vai a cair dum prédio e a meio repara numa janela . Qual é o filme? Janela Indiscreta.,0,0,1.7978515625,-1.5849609375,-3.3828125,0.9671630263328552,0.03283695876598358,True
5.863.H,5.863,H,Qual árvore ficou de saco cheio e mandou você embora? Bom... sai.,1,1,-1.498046875,1.0380859375,2.5361328125,0.07336363941431046,0.9266363382339478,True
5.3469.N,5.3469,N,Qual atriz brasileira na verdade é um travesti? Marina Ruy Barbosa.,0,0,2.94140625,-3.05078125,-5.9921875,0.9975080490112305,0.002491967985406518,True
5.411.N,5.411,N,Qual é o ingrediente que chega sempre atrasado na geladeira? O doce.,0,0,2.25,-2.767578125,-5.017578125,0.9934230446815491,0.006576998624950647,True
5.3148.H,5.3148,H,Qual o peixe que não é tenor? Lambarítono.,1,1,-1.4794921875,0.71142578125,2.19091796875,0.10056902468204498,0.8994309902191162,True
5.1366.H,5.1366,H,O que o Thor faz quando quer falar com alguém? Manda um thorpedo.,1,1,-1.5712890625,1.1357421875,2.70703125,0.06255973130464554,0.9374402165412903,True
4.317.N,4.317,N,Como é que se trava um carro qualquer? Com o travão.,0,0,1.7099609375,-1.4951171875,-3.205078125,0.9610249400138855,0.0389750711619854,True
5.2320.H,5.2320,H,Onde se vendia livros infantis mas derreteu? Na Banca de Neve,1,1,-0.857421875,0.352294921875,1.209716796875,0.22975116968154907,0.7702488303184509,True
5.2473.H,5.2473,H,Qual é a semelhança entre o trovão e a privada? Os dois vêm sempre acompanhados de uma descarga.,1,0,-0.205078125,-0.410888671875,-0.205810546875,0.5512717962265015,0.44872820377349854,False
5.1444.H,5.1444,H,Como eu sabia que a gasolina era batizada? Por que quem me atendeu era um frei tista.,1,1,-1.75,1.255859375,3.005859375,0.04716186970472336,0.9528381824493408,True
5.3112.H,5.3112,H,"O que o Galvão falava quando era motorista de ônibus? ""VAR pra onde?""",1,1,-1.623046875,0.7431640625,2.3662109375,0.08578583598136902,0.9142141938209534,True
5.1040.N,5.1040,N,Qual o país que proibiu o vegetarianismo? US.,0,0,0.60986328125,-0.7109375,-1.32080078125,0.789314866065979,0.21068507432937622,True
5.262.H,5.262,H,Qual sambista não come? Carlinhos de Jejum.,1,1,-1.2138671875,0.783203125,1.9970703125,0.11951086670160294,0.8804891109466553,True
5.460.H,5.460,H,Qual a personagem mais temperada das HQs? Arley Crim,1,1,-1.107421875,0.5986328125,1.7060546875,0.1536761373281479,0.8463238477706909,True
4.429.H,4.429,H,Por causa do coronavírus já não é permitido fazer festas com 20 ou mais pessoas. Por isso agora só COVID 19.,1,1,-1.9140625,1.4951171875,3.4091796875,0.032009802758693695,0.9679902195930481,True
5.2435.H,5.2435,H,Quais jogadores de basquete fundaram Brasília? Kobe e Shaq.,1,1,-1.3681640625,0.92333984375,2.29150390625,0.09182905405759811,0.9081709384918213,True
5.2080.N,5.2080,N,O que o nutricionista recomendou pra Sandy quando ela revelou seus desejos? Déficit Calórico,0,0,0.3818359375,-0.986328125,-1.3681640625,0.7970833778381348,0.20291662216186523,True
5.3578.H,5.3578,H,O que o advogado deixou para os filhos? Seu legaldo.,1,1,-1.978515625,1.390625,3.369140625,0.03327393904328346,0.9667260646820068,True
5.4090.H,5.4090,H,Qual a sobremesa mais rica que existe? Torta de Lehmão.,1,0,1.13671875,-1.083984375,-2.220703125,0.9020932912826538,0.0979066863656044,False
4.637.H,4.637,H,O que faz uma hortaliça surda? Finge couve.,1,1,-1.8037109375,1.2705078125,3.07421875,0.04418332129716873,0.9558166265487671,True
5.485.H,5.485,H,Onde o Diabo almoça? Exurrascaria.,1,0,2.591796875,-2.427734375,-5.01953125,0.9934357404708862,0.0065642488189041615,False
5.1040.H,5.1040,H,Qual o país que proibiu o vegetarianismo? Cabô Verde. ,1,1,-1.4150390625,0.92236328125,2.33740234375,0.08807232230901718,0.9119276404380798,True
5.325.N,5.325,N,Qual o remedio que ja avisa que vc ta precisando dele? Dipirona.,0,0,2.822265625,-2.701171875,-5.5234375,0.9960237741470337,0.003976228181272745,True
5.417.N,5.417,N,Qual é o doce mais gostoso que existe? A bala 7 BELO.,0,1,-2.1484375,1.5068359375,3.6552734375,0.02520282194018364,0.9747971296310425,False
5.3600.N,5.3600,N,Qual o tom que a Cinderela canta suas músicas? Dó.,0,0,2.177734375,-2.181640625,-4.359375,0.987375020980835,0.012624949216842651,True
4.307.H,4.307,H,Quanto tempo demora um gelado a derreter? Cerca de um Carte D'Or.,1,1,-1.8369140625,1.361328125,3.1982421875,0.03923192620277405,0.9607680439949036,True
5.3832.N,5.3832,N,Qual o animal que ninguém liga? Bactérias.,0,0,2.56640625,-2.609375,-5.17578125,0.9943799376487732,0.00562003580853343,True
4.382.N,4.382,N,Porque é que o motociclista chegou atrasado ao trabalho? Porque saiu de casa tarde.,0,0,0.9697265625,-1.28515625,-2.2548828125,0.9050709009170532,0.09492910653352737,True
4.681.N,4.681,N,"Decidi adotar um Chihuahua . Para quem não sabe, é um animal doméstico.",0,0,2.416015625,-2.19140625,-4.607421875,0.9901211261749268,0.009878942742943764,True
4.135.H,4.135,H,O que é um ponto amarelo num Ferrari? É um milhonário.,1,1,-2.212890625,1.4306640625,3.6435546875,0.025492331013083458,0.9745076894760132,True
5.794.H,5.794,H,Qual o cantor que sofre de incontinência urinária? Wesley Só Fraldão.,1,1,-2.1953125,1.6240234375,3.8193359375,0.021471237763762474,0.9785287380218506,True
5.2027.H,5.2027,H,Qual comediante faz balé? Gregório Duviplier ,1,0,1.1640625,-1.009765625,-2.173828125,0.8978744745254517,0.10212547332048416,False
5.2670.H,5.2670,H,Qual a dança que a Princesa Isabel mais gostava? Dança do ventre livre.,1,1,-0.5859375,0.130615234375,0.716552734375,0.32815253734588623,0.6718474626541138,True
5.3112.N,5.3112,N,"O que o Galvão falava quando era motorista de ônibus? "" Vai parar onde? """,0,0,1.447265625,-1.3291015625,-2.7763671875,0.9413852691650391,0.058614686131477356,True
5.3318.H,5.3318,H,Qual é o sambista menos peludo? Pauliso da Viola.,1,1,-1.46875,1.1982421875,2.6669921875,0.0649494007229805,0.9350505471229553,True
4.509.H,4.509,H,Como é que o Batman e o Hulk nadam? De Bruces.,1,1,-1.9091796875,1.5244140625,3.43359375,0.03126191347837448,0.9687380790710449,True
5.3949.N,5.3949,N,Qual a atriz mais perfumada que existe? Juliana Paes.,0,0,2.923828125,-2.8984375,-5.822265625,0.9970478415489197,0.002952147740870714,True
4.110.H,4.110,H,Como se chama o homem que monta presépios? Armando Nascimento de Jesus.,1,0,-0.1630859375,-0.36376953125,-0.20068359375,0.550003170967102,0.4499967694282532,False
5.2665.H,5.2665,H,Quem é responsável pela locomoção dos pentelhos? Transporte púbico.,1,1,-1.1845703125,0.525390625,1.7099609375,0.15316876769065857,0.846831202507019,True
5.1475.N,5.1475,N,Qual pico mais gelado que existe? O everest.,0,0,0.84765625,-0.76611328125,-1.61376953125,0.8339340686798096,0.16606593132019043,True
5.2383.H,5.2383,H,Qual a cidade mineira favorita dos matemáticos? Contagem,1,0,2.396484375,-2.578125,-4.974609375,0.9931362867355347,0.006863781251013279,False
4.330.N,4.330,N,Porque é que os bêbados gostam de passar a Ponte 25 de Abril? Porque lá há muito ar puro.,0,0,1.703125,-1.4013671875,-3.1044921875,0.95707768201828,0.04292233660817146,True
5.2775.H,5.2775,H,Qual o ativista boxeador? Martin Luta em Ring,1,1,-1.87109375,1.4208984375,3.2919921875,0.035846926271915436,0.9641530513763428,True
4.348.N,4.348,N,O que é que os bonecos de peluche costumam pôr no leite? Flocos.,0,0,2.658203125,-2.822265625,-5.48046875,0.9958499670028687,0.00415008096024394,True
5.2373.N,5.2373,N,Por que a mãe tinha que largar o bebê quando colocava sua bolsa? Porque era bolsa frontal.,0,1,-1.240234375,0.49609375,1.736328125,0.14977994561195374,0.8502200841903687,False
5.2339.N,5.2339,N,Qual atacante brasileiro sempre fica em pé em campo? Roberto.,0,0,3.052734375,-3.0546875,-6.107421875,0.9977787137031555,0.00222133775241673,True
5.2291.N,5.2291,N,Qual é a grife de roupa chique pra acampar? Chanel,0,0,2.89453125,-2.544921875,-5.439453125,0.9956769347190857,0.00432308716699481,True
5.2685.H,5.2685,H,Qual a atriz que dá pra ouvir de todos os cantos? Renata Surround,1,1,-1.64453125,1.0830078125,2.7275390625,0.06136776879429817,0.9386322498321533,True
5.2691.N,5.2691,N,Por que o sintagma da oração não gostava de fazer rodeios para falar algo? Porque era objetivo.,0,0,1.130859375,-1.541015625,-2.671875,0.9353464841842651,0.06465348601341248,True
4.476.N,4.476,N,"Uma freira tinha de pôr supositórios em três bebés . Meteu no primeiro, mas depois foi atender o telefone e esqueceu-se em qual tinha posto . Qual o nome da freira? Madre Teresa de Calcutá.",0,0,2.81640625,-2.560546875,-5.376953125,0.9953994154930115,0.0046006194315850735,True
4.310.N,4.310,N,O que é que o Quim Barreiros faz antes de andar de avião? O check-in.,0,0,2.283203125,-2.083984375,-4.3671875,0.9874721169471741,0.012527931481599808,True
5.3297.H,5.3297,H,Que apresentador guarda arquivos de voz dos convidados? Silvio Samples.,1,1,-2.08203125,1.455078125,3.537109375,0.028274599462747574,0.9717254042625427,True
4.199.H,4.199,H,O que é um rodapé? É um homem que costumava ter carro mas que agora roda a pé.,1,0,0.65185546875,-0.658203125,-1.31005859375,0.7875229716300964,0.21247702836990356,False
5.2433.H,5.2433,H,"Depois de um acidente de caiaque, o jovem teve seus dois pés amputados. Qual é o nome do filme? Os Pés Tinha.",1,1,-1.6474609375,1.2578125,2.9052734375,0.05189348757266998,0.9481064677238464,True
5.2487.N,5.2487,N,Qual é o contrário de Otorrinolaringologista? Nenhum.,0,0,2.888671875,-3.03515625,-5.923828125,0.9973322153091431,0.0026678042486310005,True
5.4091.H,5.4091,H,Qual fruta favorita do bode? Jabuticabra.,1,1,-1.32421875,0.70703125,2.03125,0.11596072465181351,0.8840392827987671,True
5.1525.N,5.1525,N,Por que o cavalo sempre ejacula antes de ficar puto? Porque ele tem ejaculação precoce.,0,0,0.15283203125,-1.005859375,-1.15869140625,0.761094868183136,0.238905131816864,True
5.655.H,5.655,H,Por que a manicure ficou milionária? Porque acetona Mega Sena.,1,1,-2.3671875,1.7451171875,4.1123046875,0.016106342896819115,0.983893632888794,True
5.3249.H,5.3249,H,Qual o produto de limpeza mais antigo ? OMO Sapiens.,1,1,-1.453125,1.0263671875,2.4794921875,0.07730842381715775,0.9226915836334229,True
4.706.N,4.706,N,Qual é o lema do Instagram? Carpe diem.,0,0,-0.01010894775390625,-0.434814453125,-0.42470550537109375,0.6046086549758911,0.3953913152217865,True
5.2984.N,5.2984,N,Que cantor vive trabalhando? Paulo Ricárduo.,0,0,2.787109375,-2.326171875,-5.11328125,0.9940197467803955,0.005980329588055611,True
4.680.H,4.680,H,Uma vez apaixonei-me por uma pessoa que só sabia três vogais. Ela não sabia que eu existia.,1,0,1.4365234375,-1.54296875,-2.9794921875,0.95163893699646,0.04836098849773407,False
4.668.N,4.668,N,Qual é o automóvel que leva mais porcas? É o Nissan Micra.,0,0,0.347900390625,-0.568359375,-0.916259765625,0.7142794132232666,0.2857206165790558,True
3.2.N,3.2,N,O que o pastor foi fazer no culto? Pregar.,0,0,3.103515625,-2.84765625,-5.951171875,0.9974039196968079,0.0025960314087569714,True
5.202.H,5.202,H,Por que o Sílvio Santos só entra em casa depois que a mulher dele o aplaude? Porque a porta só abre com reconhecimento de Íris.,1,1,-1.0322265625,0.70556640625,1.73779296875,0.14959348738193512,0.8504065275192261,True
4.365.H,4.365,H,"Como é que se diz ""naufrágio"" em chinês? Chin chau lan cha.",1,1,-1.595703125,0.93896484375,2.53466796875,0.07346327602863312,0.9265367388725281,True
4.679.H,4.679,H,O que acontece quando pões Nutella no salmão? Apanhas salmonella.,1,1,-2.169921875,1.515625,3.685546875,0.02446967177093029,0.9755303859710693,True
5.2443.N,5.2443,N,Qual o tipo de conexão que não funciona no elevador? Internet Móvel.,0,0,2.98046875,-2.673828125,-5.654296875,0.9965097308158875,0.0034902107436209917,True
5.787.N,5.787,N,Qual deus grego é falso? Falsidades.,0,0,1.9951171875,-2.396484375,-4.3916015625,0.9877705574035645,0.012229474261403084,True
5.2082.H,5.2082,H,Qual é o compositor mais jovem? Babythoven ,1,1,-1.62890625,1.103515625,2.732421875,0.06108710169792175,0.9389128684997559,True
5.2396.H,5.2396,H,Qual é a carne que tem vários filhos? Alcatra.,1,0,2.53515625,-2.87109375,-5.40625,0.9955315589904785,0.004468384198844433,False
5.3401.N,5.3401,N,Por que os indios receberam os portugueses com uma fogueira? Porque eram caravelas.,0,0,1.1494140625,-1.0498046875,-2.19921875,0.9001793265342712,0.09982066601514816,True
5.3354.N,5.3354,N,Qual bebida consumida na cordilheira? Inka Kola.,0,1,-1.6484375,1.193359375,2.841796875,0.05510690063238144,0.9448931217193604,False
5.3729.N,5.3729,N,Por que o ônibus fez uma reforma na retaguarda? Porque tinha pouco assento.,0,0,0.018798828125,-0.7119140625,-0.730712890625,0.6749616861343384,0.3250383138656616,True
5.1818.N,5.1818,N,Qual o animal mais silencioso que existe? Sagui.,0,0,2.025390625,-1.9169921875,-3.9423828125,0.9809673428535461,0.019032659009099007,True
5.3990.H,5.3990,H,Qual o comediante que o pessoal sempre pedia pra falar mais alto na hora do show? Berre Seinfeld.,1,1,-2.06640625,1.5224609375,3.5888671875,0.026886744424700737,0.9731132388114929,True
4.731.H,4.731,H,"Como é que uma sopinha de massa elogia uma mulher alta? Eh lá, hoje estás toda girafa!",1,1,-0.91259765625,0.2449951171875,1.1575927734375,0.2391049712896347,0.7608950734138489,True
5.2029.N,5.2029,N,Como se chama o desenho de alguém que não tem cabelo? Caricatura,0,0,2.98828125,-2.72265625,-5.7109375,0.9967013001441956,0.0032986511941999197,True
5.2099.N,5.2099,N,Qual é o local religioso preferido dos jogadores de basquete? A quadra,0,0,2.240234375,-2.583984375,-4.82421875,0.9920312166213989,0.007968815043568611,True
5.159.N,5.159,N,O que disse o casal do Peru que teve um filho no Réveillon? Obrigado pelo filho maravilhoso que tivemos.,0,0,2.2578125,-1.974609375,-4.232421875,0.9856905341148376,0.014309455640614033,True
4.38.H,4.38,H,Hoje vi uma empregada do Pingo Doce a marcar o preço nos produtos aos calhas. Ela devia estar só a preço-por os valores.,1,1,-1.3603515625,0.52734375,1.8876953125,0.1315074861049652,0.8684925436973572,True
5.1405.H,5.1405,H,Qual é o personagem da Marvel que usa rastafari? Dreadpool.,1,1,-1.5615234375,1.3740234375,2.935546875,0.05042406544089317,0.9495759606361389,True
5.2373.H,5.2373,H,Por que a mãe tinha que largar o bebê quando colocava sua bolsa? Porque era bolsa tiracolo.,1,0,2.013671875,-1.734375,-3.748046875,0.9769787192344666,0.023021256551146507,False
5.1322.N,5.1322,N,Qual o meio de transporte que aceita qualquer estilo musical? Ônibus.,0,0,2.189453125,-2.14453125,-4.333984375,0.9870545864105225,0.012945406138896942,True
4.398.H,4.398,H,"Era um vez um esquilo tão pequeno, tão pequeno, que em vez de chamar esquilo, chamava-se esgrama.",1,1,-1.1240234375,0.4931640625,1.6171875,0.16559310257434845,0.8344069123268127,True
5.1967.N,5.1967,N,Que tipo de filme está sempre nas programações? Popular.,0,0,2.990234375,-2.90234375,-5.892578125,0.9972477555274963,0.002752256579697132,True
4.748.H,4.748,H,"Até vos contava uma piada sobre frangos, mas vocês não iam apanhar.",1,0,1.1484375,-1.02734375,-2.17578125,0.8980534672737122,0.10194651782512665,False
5.267.H,5.267,H,Por que toda mulher quer se casar com um sabão em pó de 20 quilos? Porque é um omão da porra.,1,1,-1.8994140625,1.4287109375,3.328125,0.034618835896253586,0.9653811454772949,True
4.453.H,4.453,H,O que é que o Brad Pitt faz na grande área? Está à espera que o Tom Cruise.,1,1,-0.82666015625,0.2261962890625,1.0528564453125,0.2586769461631775,0.7413229942321777,True
5.2647.H,5.2647,H,Qual apresentador é o mais duas caras? Falso Silva.,1,1,-1.9326171875,1.3935546875,3.326171875,0.03468417003750801,0.9653158187866211,True
5.2639.H,5.2639,H,Qual joalheria não usa gasolina? A Gás Stern.,1,1,-0.137939453125,-0.126708984375,0.01123046875,0.4971924126148224,0.5028076171875,True
5.117.N,5.117,N,Qual menina viveu uma aventura digna dos contos de fadas? Alice no país das Maravilhas.,0,0,2.810546875,-2.708984375,-5.51953125,0.9960082769393921,0.0039917281828820705,True
5.3585.N,5.3585,N,"Qual roqueiro que se fosse espanhol, teria nascido na quarta-feira? Paulo Miklos.",0,0,3.025390625,-2.703125,-5.728515625,0.9967586398124695,0.003241359954699874,True
5.439.H,5.439,H,Onde o Drácula precisa levar seu carro todo ano? No Detransilvania,1,1,-1.5498046875,1.119140625,2.6689453125,0.06483088433742523,0.9351691007614136,True
5.2178.H,5.2178,H,Qual o presidente que adora assistir animes? Jair Bolsonaruto ,1,0,1.041015625,-1.111328125,-2.15234375,0.8958876132965088,0.1041124165058136,False
5.1329.N,5.1329,N,O que é uma maconha enrolada num jornal? Um baseado.,0,0,2.056640625,-1.8017578125,-3.8583984375,0.9793343544006348,0.020665686577558517,True
5.399.H,5.399,H,"Que queijo Sherlock Holmes ofereceu a seu parceiro? Emental, meu caro Watson",1,1,-1.2919921875,0.5380859375,1.830078125,0.13822896778583527,0.8617710471153259,True
5.1118.N,5.1118,N,"Qual o quadro composto por um homem gay, afeminado e sem dinheiro? A Gioconda.",0,0,2.72265625,-2.51171875,-5.234375,0.9946980476379395,0.005301895085722208,True
4.702.N,4.702,N,O meu carro foi roubado . E o da Nelly também.,0,0,1.583984375,-1.5400390625,-3.1240234375,0.9578728675842285,0.04212711378931999,True
5.3109.N,5.3109,N,Qual rap te provoca gases? RM do BTS.,0,1,-1.3544921875,0.78125,2.1357421875,0.10567110031843185,0.8943288922309875,False
5.2535.N,5.2535,N,Por que o cavaquinho andava tão arrogante? Porque ele disse: sou um lindo!,0,0,1.1962890625,-1.3056640625,-2.501953125,0.9242786765098572,0.075721375644207,True
5.2213.N,5.2213,N,O que se deve dizer pro professor de geometria terraplanista? Vai pra cubo,0,1,-1.556640625,1.041015625,2.59765625,0.06928941607475281,0.9307105541229248,False
5.3740.H,5.3740,H,"O que o Galvão disse quando viu um cirurgião retirar um órgão do paciente? ""Eeergue o baço...""",1,1,-1.5283203125,1.1787109375,2.70703125,0.06255973130464554,0.9374402165412903,True
4.107.N,4.107,N,O que é que o João Silva lê quando está doente? Saramago.,0,0,2.904296875,-2.392578125,-5.296875,0.9950177073478699,0.004982269834727049,True
5.3504.N,5.3504,N,Qual executivo sempre cochila depois do almoço? O gerente.,0,0,2.875,-3.013671875,-5.888671875,0.997236967086792,0.002762998454272747,True
5.3440.H,5.3440,H,Qual o documento atesta a morte do cearense? Abestado de óbito.,1,1,-0.8984375,0.44091796875,1.33935546875,0.20761606097221375,0.7923839092254639,True
5.419.N,5.419,N,Qual o país com a maior produção de cana-de-açúcar? O Brasil.,0,0,3.134765625,-3.07421875,-6.208984375,0.997992753982544,0.0020072422921657562,True
5.1285.H,5.1285,H,Qual a cidade favorita do comediante Mussão? Dê troite.,1,1,-2.134765625,1.671875,3.806640625,0.021739592775702477,0.978260338306427,True
5.3504.H,5.3504,H,Qual executivo sempre cochila depois do almoço? O de gestão.,1,0,1.65625,-1.5634765625,-3.2197265625,0.9615699052810669,0.03843008726835251,False
5.309.H,5.309,H,Por que a música portuguesa me encanta? Porque é um conto de fados.,1,0,2.302734375,-2.048828125,-4.3515625,0.9872773289680481,0.012722708284854889,False
4.161.H,4.161,H,Qual é o filme mais pornográfico de sempre? O Titanic. Foderam-se todos.,1,0,0.381103515625,-0.611328125,-0.992431640625,0.7295679450035095,0.2704320549964905,False
5.2956.N,5.2956,N,Qual é o seriado mexicano sobre um chinês tomando chá? Chaves.,0,0,3.08203125,-2.98828125,-6.0703125,0.9976949095726013,0.0023051253519952297,True
4.550.H,4.550,H,O que faz um drogado no bingo? Linha.,1,0,0.74267578125,-1.087890625,-1.83056640625,0.8618291616439819,0.13817080855369568,False
5.2368.H,5.2368,H,Qual rockeiro não usa drogas e nem sacaneia os outros? O Bom Jovem,1,0,-0.07879638671875,-0.38916015625,-0.31036376953125,0.5769740343093872,0.4230259358882904,False
4.598.H,4.598,H,Estou a pensar começar uma relação com a minha calculadora. Ao menos ela sabe dar-me o devido valor.,1,0,0.162841796875,-0.62060546875,-0.783447265625,0.68642258644104,0.3135773837566376,False
5.3776.N,5.3776,N,Qual é a banda mais consumida no dia a dia? Pearl Jam.,0,0,2.576171875,-2.220703125,-4.796875,0.9918121099472046,0.008187910541892052,True
5.2322.H,5.2322,H,Um homem perguntou quanto custava o vira-lata. Qual o nome do jogo? Rex tá um.,1,1,-2.05859375,1.658203125,3.716796875,0.023734688758850098,0.9762653708457947,True
5.2701.N,5.2701,N,"O que a pessoa faz quando tem que dividir uma palavra, mas não sabe? Uma divisão silábica.",0,0,-0.01204681396484375,-0.794921875,-0.7828750610351562,0.6862994432449341,0.3137005865573883,True
5.2559.H,5.2559,H,Qual é o cantor que tá sempre na cena de um crime? Perito de Paula.,1,1,-1.7119140625,1.2900390625,3.001953125,0.047337718307971954,0.9526622891426086,True
5.2120.H,5.2120,H,Onde no Brasil os policiais dispensam seus lixos? No Detrito Federal ,1,1,-1.322265625,1.0458984375,2.3681640625,0.08563278615474701,0.9143672585487366,True
4.655.H,4.655,H,Hoje a São acordou toda molhada. O que aconteceu? Inunda São.,1,1,-2.279296875,1.6328125,3.912109375,0.019606182351708412,0.9803937673568726,True
5.1895.N,5.1895,N,Qual cantora teve o destino dos gatos? Pitty.,0,0,3.0390625,-3.029296875,-6.068359375,0.9976904392242432,0.0023096215445548296,True
5.787.H,5.787,H,Qual deus grego é falso? Pseudon.,1,0,1.8369140625,-1.59765625,-3.4345703125,0.9687675833702087,0.031232351437211037,False
5.110.N,5.110,N,Qual ferramenta irá proteger a todos? Chave de fenda.,0,0,2.388671875,-2.556640625,-4.9453125,0.9929336309432983,0.007066401652991772,True
5.234.H,5.234,H,Por que o pai de santo abaixou as calças? PORQUE É DANDO QUE SE RECEBE,1,0,-0.052459716796875,-0.251708984375,-0.199249267578125,0.5496481657028198,0.4503518342971802,False
4.97.N,4.97,N,Que nome se dá a uma pizza cheia de gordura? Pizza de quatro queijos.,0,0,1.33984375,-1.2626953125,-2.6025390625,0.9310247898101807,0.06897519528865814,True
5.3729.H,5.3729,H,Por que o ônibus fez plástica na bunda? Porque tinha pouco assento.,1,1,-0.2498779296875,-0.2003173828125,0.049560546875,0.48761239647865295,0.5123876333236694,True
5.421.H,5.421,H,Qual a banda que te pede para parar carinhosamente? Paramore.,1,0,2.453125,-2.125,-4.578125,0.9898303151130676,0.01016965787857771,False
4.640.N,4.640,N,Acabou de ser encontrado no Egipto um sarcófago dourado com uma múmia coberta de chocolate e avelãs . Acredita-se que pertença ao Faraó Tutankhamun.,0,0,0.061553955078125,-0.3212890625,-0.382843017578125,0.594558596611023,0.40544137358665466,True
5.53.N,5.53,N,Como são classificados os gatos e cachorros no México? Astecas.,0,0,0.71484375,-0.91259765625,-1.62744140625,0.8358188271522522,0.1641811728477478,True
5.3860.N,5.3860,N,"Qual o animal mais chato pro Tim Maia? O lêmure . Porque do lêmure ao pontal, não há nada igual.",0,1,-0.88134765625,0.439208984375,1.320556640625,0.21072569489479065,0.7892743349075317,False
5.1013.N,5.1013,N,"Qual cantor contratou duas bailarinas, uma loira e uma morena? Éotcham John",0,1,-1.732421875,1.2314453125,2.9638671875,0.049085184931755066,0.9509148001670837,False
5.491.H,5.491,H,Por que o coelho quebrou os dentes ao comer o protetor solar? Porque tinha cenoura e bronze.,1,1,-1.8193359375,1.158203125,2.9775390625,0.04845096170902252,0.9515490531921387,True
4.645.H,4.645,H,"Se um dia te oferecerem uns óculos sem lentes, tem cuidado! Pode ser armação.",1,0,0.404541015625,-0.76318359375,-1.167724609375,0.7627334594726562,0.23726651072502136,False
5.3842.N,5.3842,N,Qual carro também é um brinquedo? Gol.,0,0,2.896484375,-3.08203125,-5.978515625,0.9974737763404846,0.0025261850096285343,True
4.325.H,4.325,H,"É tão difícil ser professor de natação... Uma pessoa ensina, ensina, ensina... e o aluno nada!",1,1,-0.98876953125,0.11090087890625,1.09967041015625,0.2498016655445099,0.7501983046531677,True
5.3360.N,5.3360,N,Pra onde os religiosos vão quando estão com calor? Pro seminário.,0,1,-0.8125,-0.002544403076171875,0.8099555969238281,0.30789995193481445,0.6921000480651855,False
5.2339.H,5.2339,H,Qual atacante brasileiro sempre fica em pé em campo? Roberto Firminho.,1,1,-1.990234375,1.3681640625,3.3583984375,0.03362121805548668,0.9663787484169006,True
5.4035.H,5.4035,H,"Por que o nariz, às vezes, sente cheiro de arrogância? Por causa da humildade relativa do ar.",1,1,-1.751953125,1.111328125,2.86328125,0.05399883911013603,0.9460012316703796,True
4.107.H,4.107,H,O que é que o Harry Potter lê quando está doente? Saramago.,1,0,2.681640625,-2.109375,-4.791015625,0.9917643666267395,0.008235630579292774,False
5.1332.H,5.1332,H,Por que o nerd pediu a calculadora em namoro? Porque ela dava valor.,1,0,0.00363922119140625,-0.8759765625,-0.8796157836914062,0.7067426443099976,0.2932574152946472,False
4.568.H,4.568,H,"Porque é que a seleção chinesa não tem muito sucesso no futebol? Porque de cada vez que lhes dão um canto, eles montam uma loja.",1,0,1.287109375,-1.271484375,-2.55859375,0.9281486868858337,0.07185126841068268,False
4.263.N,4.263,N,"Um boi e uma vaca passaram uma noite num motel . Quem é o progenitor? Os dois, fizeram uma vaquinha.",0,0,-0.181884765625,-0.3115234375,-0.129638671875,0.5323643684387207,0.4676356613636017,True
5.3986.H,5.3986,H,Por que o bebê demorou muito pra nascer? Porque é Uma ternidade.,1,1,-0.51708984375,-0.0955810546875,0.4215087890625,0.39615577459335327,0.6038442254066467,True
5.3237.H,5.3237,H,Qual queijo favorito da Iveje Sangalo? Axéddar.,1,1,-1.8125,1.4296875,3.2421875,0.03760863095521927,0.9623913168907166,True
5.4043.N,5.4043,N,Qual cidade baiana as religiosas tem contato com o diabo? Freira de Satanás.,0,1,-1.8388671875,1.291015625,3.1298828125,0.04189131036400795,0.9581087231636047,False
5.2396.N,5.2396,N,Qual é a carne que tem vários filhos? Picanha.,0,0,2.529296875,-2.865234375,-5.39453125,0.9954791069030762,0.004520817659795284,True
5.1428.H,5.1428,H,Qual parte do carro inibe os efeitos da maconha? O Para Brisa.,1,1,-2.158203125,1.6318359375,3.7900390625,0.02209547720849514,0.9779045581817627,True
5.2162.H,5.2162,H,Qual é o cantor que é inimigo dos Vingadores? Cai Thanos Veloso ,1,1,-2.12109375,1.51953125,3.640625,0.025565214455127716,0.9744347929954529,True
4.298.N,4.298,N,Qual é o melhor perfume para se usar na praia? Chanel N ° 5.,0,0,-0.07666015625,-0.501953125,-0.42529296875,0.6047491431236267,0.3952508866786957,True
5.1717.H,5.1717,H,Qual o nome que a Shakira usa pra “fazer amor”? Waka Waka na Butchaca. ,1,1,-1.7421875,1.400390625,3.142578125,0.04138471558690071,0.958615243434906,True
5.1455.H,5.1455,H,Qual o nome dos irmãos que são péssimos de marketing? Pior logo.,1,1,-1.146484375,0.476318359375,1.622802734375,0.16481871902942657,0.8351812958717346,True
4.39.N,4.39,N,Como é que o rapaz cura as feridas? Com tintura de Yoda.,0,0,0.5546875,-0.78515625,-1.33984375,0.7924642562866211,0.2075357586145401,True
4.566.H,4.566,H,Porque é que os ladrões praticam boxe? Porque há um assalto a cada 3 minutos.,1,0,0.5908203125,-0.85400390625,-1.44482421875,0.8092005848884583,0.19079941511154175,False
5.3148.N,5.3148,N,Qual o peixe que não é tenor? Tilápia.,0,0,2.697265625,-3.0078125,-5.705078125,0.9966819882392883,0.0033179717138409615,True
4.458.N,4.458,N,"Como se diz "" mini-saia "" em japonês? Minisukāto.",0,1,-1.458984375,1.0166015625,2.4755859375,0.07758752256631851,0.9224124550819397,False
4.709.H,4.709,H,"Se a Terra é redonda, por que é que se chama ""planeta"" e não ""redondeta""?",1,0,0.32080078125,-0.318603515625,-0.639404296875,0.6546187996864319,0.3453812003135681,False
5.688.N,5.688,N,O que o técnico da geladeira foi fazer no médico? Exame.,0,0,2.63671875,-2.525390625,-5.162109375,0.9943031072616577,0.005696960259228945,True
4.223.N,4.223,N,Qual é a sobremesa preferida dos canibais? Pudim flan.,0,1,-1.9990234375,1.3896484375,3.388671875,0.0326513797044754,0.967348575592041,False
4.374.H,4.374,H,Porque é que na Polónia ninguém se perde? Porque lá há muitas polacas.,1,0,0.79638671875,-0.97119140625,-1.767578125,0.8541562557220459,0.1458437740802765,False
4.541.H,4.541,H,"Como é que se diz ""não há Wi-Fi"" em russo? Internyet.",1,1,-0.7314453125,-0.01442718505859375,0.7170181274414062,0.3280499279499054,0.6719500422477722,True
3.6.N,3.6,N,Por que o policial não gosta de sabão? Porque ele tem alergia.,0,0,2.79296875,-2.4296875,-5.22265625,0.9946358799934387,0.0053640566766262054,True
5.4083.H,5.4083,H,Qual a atriz que rouba por que é pé de chinelo? Winona Rider.,1,0,1.091796875,-1.072265625,-2.1640625,0.896975576877594,0.1030244380235672,False
5.522.H,5.522,H,Qual país que sofre com as enchentes? Aquador.,1,0,2.58984375,-2.716796875,-5.306640625,0.9950659275054932,0.004934090655297041,False
4.144.H,4.144,H,Porque é que as moedas não podem ter relações? Porque são cunhadas.,1,1,-1.572265625,1.06640625,2.638671875,0.06669065356254578,0.9333093762397766,True
5.1515.N,5.1515,N,Qual super herói que tem fetiche com a própria mãe? Deadpool.,0,0,2.767578125,-2.68359375,-5.451171875,0.9957270622253418,0.004272936377674341,True
4.303.N,4.303,N,Vira-se o escorrega para o baloiço: Como os anos passam depressa ...,0,0,0.1929931640625,-0.5224609375,-0.7154541015625,0.6716051697731018,0.3283948004245758,True
5.2286.H,5.2286,H,Como se chama a pessoa que um dia se tornará escrota? Crota,1,0,0.230224609375,-0.474853515625,-0.705078125,0.6693126559257507,0.3306873142719269,False
4.500.N,4.500,N,Porque é que o João Silva tem Instagram mas não tem Facebook? Porque ele prefere ter seguidores em vez de amigos.,0,0,1.7109375,-1.6669921875,-3.3779296875,0.967007577419281,0.03299237787723541,True
5.2280.N,5.2280,N,Qual é a comida muito apreciada pelos radicais chineses da Al-Qaeda? Macarrão,0,0,2.408203125,-2.775390625,-5.18359375,0.9944234490394592,0.005576544441282749,True
5.3571.H,5.3571,H,Qual personagem não fala muito? CAlladin.,1,1,-1.623046875,1.2373046875,2.8603515625,0.05414869263768196,0.9458513259887695,True
4.662.H,4.662,H,"Decidi começar a usar um pano nas cuecas. Assim, sempre que me peido liberto gás propano.",1,1,-1.578125,1.330078125,2.908203125,0.051749542355537415,0.9482505321502686,True
4.228.H,4.228,H,Como é que um brasileiro pede licença a um francês? Sai-me da french!,1,1,-1.4423828125,0.73388671875,2.17626953125,0.1019018292427063,0.8980981707572937,True
5.2955.H,5.2955,H,Qual o nome do jogo que Jô Soares adora jogar quando cheira cocaína? Jô quer pó.,1,1,-1.724609375,1.1201171875,2.8447265625,0.05495454743504524,0.9450454711914062,True
5.3668.H,5.3668,H,Por que o frango caipira não tem problemas jurídicos de identidade? Porque ele não tem hormônimos.,1,1,-0.6923828125,0.323974609375,1.016357421875,0.26573753356933594,0.7342624664306641,True
5.1808.N,5.1808,N,Qual personagem da literatura chupava tudo o que via? Bentinho.,0,0,2.75390625,-2.560546875,-5.314453125,0.9951040744781494,0.004895880818367004,True
4.453.N,4.453,N,O que é que o Brad Pitt faz na grande cidade? Está à espera do Tom Cruise.,0,0,1.1591796875,-1.0205078125,-2.1796875,0.8984104990959167,0.10158944129943848,True
5.2477.H,5.2477,H,O que o burro disse para a mula? Vamulá.,1,1,-2.158203125,1.431640625,3.58984375,0.026861201971769333,0.9731387495994568,True
5.1066.N,5.1066,N,Qual o sanduíche de queijo com mosquito? Queijo quente.,0,0,2.888671875,-3.044921875,-5.93359375,0.9973580241203308,0.0026419467758387327,True
5.830.N,5.830,N,Qual a escola de inglês dos nordestinos? CCAA.,0,0,1.4189453125,-1.2734375,-2.6923828125,0.936575710773468,0.06342434138059616,True
5.3345.H,5.3345,H,"Um cara comprou uma dúzia de bananas, mas comeu dez. O que ele faz agora? Dez casca.",1,1,-2.5078125,1.77734375,4.28515625,0.013584393076598644,0.986415684223175,True
5.522.N,5.522,N,Qual país que sofre com as enchentes? Equador.,0,0,2.16015625,-2.216796875,-4.376953125,0.9875922799110413,0.0124076958745718,True
5.504.N,5.504,N,Vi na internet um par de óculos e quando fui na loja comprar ele estava mais caro . Sabe o que foi? Foi uma promoção esgotada.,0,0,-0.0810546875,-0.615234375,-0.5341796875,0.6304574012756348,0.36954253911972046,True
5.561.H,5.561,H,Qual personagem do Star Wars de Umbanda? Exubacca.,1,1,-2.021484375,1.5009765625,3.5224609375,0.02867986261844635,0.9713200926780701,True
5.505.N,5.505,N,Qual o nome do cara que a humildade passou longe? Felipe.,0,0,2.572265625,-2.576171875,-5.1484375,0.9942250847816467,0.005774930119514465,True
5.670.N,5.670,N,Qual é a música em que o sobrinho do Michael Jackson nos convida a assistir a um moonwalk feito pelos Jackson Five? Tears In Heaven!,0,0,-0.140380859375,-0.306640625,-0.166259765625,0.5414694547653198,0.4585305452346802,True
4.734.N,4.734,N,"Numa aula de filosofia do 1 ° período: "" Penso, logo existo . """,0,0,0.327392578125,-0.376953125,-0.704345703125,0.6691505908966064,0.33084943890571594,True
5.2600.H,5.2600,H,Qual é o arroz que vem mais juntinho? Arroz Agrega.,1,1,-1.2041015625,0.81591796875,2.02001953125,0.11711697280406952,0.8828830122947693,True
5.2983.H,5.2983,H,Qual a série mais peluda? Game of Tony.,1,1,-0.413818359375,-0.239501953125,0.17431640625,0.456530898809433,0.5434690713882446,True
5.58.H,5.58,H,O que o judeu passa no corpo quanto está com dor? Shalompas.,1,1,-1.99609375,1.40625,3.40234375,0.03222229704260826,0.967777669429779,True
5.938.N,5.938,N,"Qual é o carro que quando toca música, é perfeito para os matemáticos? Logan.",0,0,1.8515625,-1.8798828125,-3.7314453125,0.9766023755073547,0.023397617042064667,True
5.1585.H,5.1585,H,Qual é o melhor chá para calvície? Chapéu.,1,0,2.5,-2.681640625,-5.181640625,0.9944126009941101,0.005587385967373848,False
5.1061.H,5.1061,H,Qual doença temos que coletar esperma? Cataporra.,1,1,-1.6708984375,1.0869140625,2.7578125,0.05964694544672966,0.9403530955314636,True
5.1084.N,5.1084,N,Qual carro não sai da cabeça das pessoas? Corsa,0,0,2.833984375,-2.818359375,-5.65234375,0.9965029954910278,0.0034970100969076157,True
4.532.N,4.532,N,Dizem que não percebo nada de comida mexicana...Não acho que seja assim tão inculto.,0,0,0.245361328125,-0.54833984375,-0.793701171875,0.6886255145072937,0.3113745152950287,True
5.399.N,5.399,N,"Que queijo Sherlock Holmes ofereceu a seu parceiro? Coalho, meu caro Watson",0,0,1.638671875,-1.5380859375,-3.1767578125,0.9599501490592957,0.04004979506134987,True
4.470.H,4.470,H,Porque é que o mar é azul? Porque os peixes fazem blue... blue... blue...,1,1,-0.77392578125,0.32421875,1.09814453125,0.250087708234787,0.7499122619628906,True
5.1971.H,5.1971,H,Porque a fada madrinha estava com um isqueiro na mão indo em direção a uma vela no candelabro? Pra acenderela ,1,1,-2.109375,1.3984375,3.5078125,0.02909075655043125,0.9709092378616333,True
5.2517.N,5.2517,N,Qual herói da literatura atirava em patos? Sancho Panza.,0,0,2.7578125,-2.6796875,-5.4375,0.9956685304641724,0.004331502132117748,True
5.1387.N,5.1387,N,Qual cantora escreveu Sitio do Picapau Amarelo? A Katy Perry.,0,0,2.751953125,-2.552734375,-5.3046875,0.9950562715530396,0.004943688865751028,True
5.1366.N,5.1366,N,O que o Thor faz quando quer falar com alguém? Manda um zap.,0,0,1.1279296875,-1.146484375,-2.2744140625,0.9067357778549194,0.09326425939798355,True
4.604.N,4.604,N,Qual é a semelhança entre os colares e os anéis de ouro? Há alguns quilate.,0,1,-1.904296875,1.244140625,3.1484375,0.041152890771627426,0.9588471055030823,False
4.342.N,4.342,N,Qual é o contrário de nu? Vestido.,0,0,3.021484375,-3.03515625,-6.056640625,0.9976632595062256,0.0023367826361209154,True
5.2113.N,5.2113,N,O que você chama de hamster com 3 pernas? Hamster,0,0,2.537109375,-2.474609375,-5.01171875,0.9933846592903137,0.006615393329411745,True
5.3947.N,5.3947,N,Qual título da nobreza ficou vermelho quando foi promovido? Duque.,0,0,2.552734375,-2.783203125,-5.3359375,0.9952077269554138,0.004792316816747189,True
5.2639.N,5.2639,N,Qual joalheria não usa gasolina? Nenhuma usa gasolina.,0,0,2.578125,-2.43359375,-5.01171875,0.9933846592903137,0.006615393329411745,True
4.295.N,4.295,N,Os amigos foram festejar o início do verão . A festa foi na casa dos 30 degraus.,0,1,-0.69384765625,0.1387939453125,0.8326416015625,0.3030868172645569,0.6969131827354431,False
5.780.H,5.780,H,Qual a mulher que mais gostava de andar de avião? Simone de É Bom Voar.,1,1,-0.468994140625,0.09844970703125,0.56744384765625,0.3618268370628357,0.6381731629371643,True
5.2858.N,5.2858,N,Pq o rapaz demorou muito para receber alta do hospital mas não reclamava? Porque era resignado,0,1,-0.84814453125,0.427978515625,1.276123046875,0.21821090579032898,0.7817891240119934,False
5.2671.H,5.2671,H,Qual o romano mais malhado que existe? Pôncio Pilates.,1,1,-2.2421875,1.7021484375,3.9443359375,0.0189962275326252,0.9810037016868591,True
5.2707.N,5.2707,N,Por que o tubo de pomada foi espremido? Porque era um creme.,0,0,2.65625,-2.603515625,-5.259765625,0.994830310344696,0.005169657990336418,True
5.1193.N,5.1193,N,Qual a sandália usada no exército? Sandália crocs.,0,1,-1.0126953125,0.56005859375,1.57275390625,0.1718241423368454,0.8281758427619934,False
5.2487.H,5.2487,H,Qual é o contrário de Otorrinolaringologista? Otochorandolaringologista.,1,1,-0.4775390625,-0.0155792236328125,0.4619598388671875,0.38652101159095764,0.61347895860672,True
4.445.H,4.445,H,De que material são compostas as pedras nos rins? De xixisto.,1,1,-0.70556640625,0.2335205078125,0.9390869140625,0.2810848355293274,0.7189151644706726,True
5.2983.N,5.2983,N,Qual a série mais peluda? Game of Thrones.,0,0,2.3828125,-2.53125,-4.9140625,0.9927109479904175,0.0072890776209533215,True
5.2408.N,5.2408,N,O que são dois pontinhos cinzas no mar? Sujeira.,0,0,2.07421875,-1.99609375,-4.0703125,0.9832144975662231,0.01678548939526081,True
4.39.H,4.39,H,Como é que o Darth Vader cura as feridas? Com tintura de Yoda.,1,0,-0.01160430908203125,-0.4990234375,-0.48741912841796875,0.6194981932640076,0.38050174713134766,False
5.4030.H,5.4030,H,Qual o pássaro mais atrapalhado que existe? João de Esbarro.,1,1,-1.755859375,1.30078125,3.056640625,0.04493164271116257,0.9550683498382568,True
5.1616.H,5.1616,H,Qual é a pacifista que é um gênio da matemática? Madre Teresa de Calcular.,1,1,-0.4287109375,-0.060272216796875,0.368438720703125,0.4089183211326599,0.5910816788673401,True
5.1896.H,5.1896,H,O que o galo espera da galinha quando eles transam? Que ela gema ,1,1,-1.5966796875,0.98291015625,2.57958984375,0.07046359032392502,0.9295364022254944,True
4.64.N,4.64,N,Porque é que as galinhas não conduzem? Porque não têm habilitação.,0,0,2.30078125,-2.01953125,-4.3203125,0.9868786931037903,0.013121270574629307,True
5.419.H,5.419,H,Qual o país com a maior produção de cana-de-açúcar? O Cana-dá.,1,1,-2.384765625,1.68359375,4.068359375,0.01681775227189064,0.9831821918487549,True
5.3591.H,5.3591,H,"O que o Fred Flintstone disse quando percebeu que instalou um programa indesejado? Ih, aba da Baidu.",1,1,-1.8271484375,1.3388671875,3.166015625,0.04046483710408211,0.9595351815223694,True
5.504.H,5.504,H,Vi na internet um par de óculos e quando fui na loja comprar ele estava mais caro. Sabe o que foi? Foi uma ilusão de ótica.,1,0,0.0943603515625,-0.83056640625,-0.9249267578125,0.7160449028015137,0.28395509719848633,False
4.509.N,4.509,N,Como é que o Batman e o Hulk nadam? De costas.,0,0,2.79296875,-2.650390625,-5.443359375,0.9956936836242676,0.0043063051998615265,True
5.2665.N,5.2665,N,Quem é responsável pela locomoção dos cidadãos? Transporte público.,0,0,3.068359375,-2.990234375,-6.05859375,0.9976677298545837,0.0023322340566664934,True
4.110.N,4.110,N,Como se chama o homem que monta presépios? Armando Silva.,0,0,2.86328125,-2.751953125,-5.615234375,0.9963712692260742,0.003628740319982171,True
4.170.H,4.170,H,Qual é o jogo preferido das vesículas? O biliar.,1,0,1.517578125,-1.46875,-2.986328125,0.9519526958465576,0.04804736375808716,False
5.2120.N,5.2120,N,Onde no Brasil os policiais dispensam seus lixos? No Rio de Janeiro,0,0,3.001953125,-2.796875,-5.798828125,0.9969780445098877,0.003021944547072053,True
5.2060.N,5.2060,N,Qual o personagem de star wars que vive espirrando? Anakin skywalker,0,0,0.3798828125,-0.62158203125,-1.00146484375,0.7313464879989624,0.2686535120010376,True
4.330.H,4.330,H,Porque é que os bêbados gostam de passar a Ponte 25 de Abril? Porque lá há muito engarrafamento.,1,0,1.59765625,-1.35546875,-2.953125,0.9504110217094421,0.04958902299404144,False
5.3591.N,5.3591,N,"O que o Fred Flintstone disse quando percebeu que instalou um programa indesejado? Ah, não.",0,0,1.7998046875,-2.158203125,-3.9580078125,0.9812568426132202,0.018743114545941353,True
5.3483.H,5.3483,H,"Qual a atriz que vc dá satisfação sempre que bebe alguma coisa? Marisa, Tomei.",1,1,-1.8291015625,1.3896484375,3.21875,0.0384661927819252,0.961533784866333,True
5.3237.N,5.3237,N,Qual queijo favorito da Iveje Sangalo? Pecorino.,0,0,2.205078125,-2.25,-4.455078125,0.9885140061378479,0.011485951021313667,True
5.432.H,5.432,H,Por que o passarinho perdeu os movimentos? Porque ele teve um ave-C.,1,1,-2.177734375,1.6015625,3.779296875,0.022328782826662064,0.9776712656021118,True
5.2775.N,5.2775,N,Qual o ativista boxeador? Nelson Mandela,0,0,2.71484375,-2.337890625,-5.052734375,0.9936487078666687,0.006351235322654247,True
5.1160.H,5.1160,H,Qual o pão que te ajuda a respirar? O pão Pulman.,1,0,0.424560546875,-0.36962890625,-0.794189453125,0.6887301802635193,0.3112697899341583,False
5.2343.N,5.2343,N,Qual jornalista esportivo é ainda adolescente? Dudu Camargo.,0,0,2.970703125,-2.8515625,-5.822265625,0.9970478415489197,0.002952147740870714,True
5.966.N,5.966,N,Qual diretor famoso roubava as bolsas dos atores? Ryan Coogler.,0,1,-0.6455078125,0.405517578125,1.051025390625,0.25902825593948364,0.7409717440605164,False
4.320.H,4.320,H,Porque é que a equipa de futebol tem saudades do jogador que foi expulso? Porque é o que faz mais falta.,1,0,0.9619140625,-1.3544921875,-2.31640625,0.9102267622947693,0.08977328985929489,False
5.2349.H,5.2349,H,Qual é o esporte preferido pelos gaúchos? Bahsquete.,1,0,1.2763671875,-0.9638671875,-2.240234375,0.9038048982620239,0.09619517624378204,False
5.2984.H,5.2984,H,Que cantor vive sofrendo? Paulo Ricárduo.,1,0,2.775390625,-2.310546875,-5.0859375,0.993854820728302,0.006145091727375984,False
5.2443.H,5.2443,H,Qual o tipo de conexão que não funciona no elevador? Internet de escada.,1,1,-0.79833984375,0.1851806640625,0.9835205078125,0.2721937894821167,0.7278061509132385,True
5.1461.H,5.1461,H,Qual o carro favorito do fotógrafo? Focus.,1,0,2.1640625,-2.0625,-4.2265625,0.9856076240539551,0.014392335899174213,False
4.533.N,4.533,N,Porque é que os políticos são tão ricos? É fruto do seu trabalho.,0,0,1.736328125,-1.7705078125,-3.5068359375,0.9708817005157471,0.029118353500962257,True
5.2464.H,5.2464,H,Você sabe por que as pessoas usam óculos vermelhos? Para ver melhor.,1,0,1.640625,-1.8447265625,-3.4853515625,0.9702680706977844,0.029731910675764084,False
4.307.N,4.307,N,Quanto tempo demora um gelado a derreter? Cerca de um quarto de hora.,0,0,1.640625,-1.6455078125,-3.2861328125,0.963949978351593,0.036049988120794296,True
5.743.H,5.743,H,"Como se chamava o camponês que era forçado por um nobre a perseguir um ex-vocalista da Banda Eva? Vá, Saulo.",1,1,-1.1435546875,0.24365234375,1.38720703125,0.19985400140285492,0.8001459836959839,True
5.1193.H,5.1193,H,Qual a sandália usada no exército? Melíssia.,1,0,1.93359375,-1.7236328125,-3.6572265625,0.9748451709747314,0.02515488490462303,False
4.476.H,4.476,H,"Uma freira tinha de pôr supositórios em três bebés. Meteu no primeiro, mas depois foi atender o telefone e esqueceu-se em qual tinha posto. Qual o nome da freira? Madre Teresa de Cal-cu-tá.",1,1,-1.416015625,0.8017578125,2.2177734375,0.09816574305295944,0.90183424949646,True
5.563.N,5.563,N,Porque o Karl Marx ficou irritado quando atendeu o telefone? Era um golpe.,0,0,0.58447265625,-0.84228515625,-1.4267578125,0.8063956499099731,0.19360435009002686,True
5.1851.N,5.1851,N,O que a pessoa cheia de fé passa quando tem um machucado? Spray.,0,0,2.029296875,-1.958984375,-3.98828125,0.9818056225776672,0.01819436624646187,True
5.2082.N,5.2082,N,Qual é o compositor mais jovem? Mozart,0,0,2.69921875,-2.53125,-5.23046875,0.9946774244308472,0.005322535056620836,True
5.3257.N,5.3257,N,Qual o veículo do gay misterioso? Bisecreta.,0,0,2.251953125,-2.26953125,-4.521484375,0.9892441034317017,0.010755925439298153,True
5.3748.N,5.3748,N,Qual o nome do ator que não faz nada além da obrigação? Rodrigo Santoro,0,0,3.119140625,-2.982421875,-6.1015625,0.9977656602859497,0.002234362531453371,True
5.393.H,5.393,H,Qual apresentador tinha um pequeno sítio? Chacarinha,1,0,1.2744140625,-1.2080078125,-2.482421875,0.9229002594947815,0.07709970325231552,False
5.3086.N,5.3086,N,Qual o nome do filho do Mc Kevinho? Marcelo.,0,0,2.56640625,-2.71484375,-5.28125,0.9949396848678589,0.005060331895947456,True
5.679.N,5.679,N,Qual é a atriz mais fria da Globo? Nenhuma.,0,0,3.033203125,-3.029296875,-6.0625,0.9976769089698792,0.002323162741959095,True
5.1570.N,5.1570,N,"Uma pessoa com o apelido Lu, foi para a padaria com suas duas irmãs Ana . Qual o nome da pessoa? Luciana",0,0,2.93359375,-2.73046875,-5.6640625,0.9965435862541199,0.003456409787759185,True
4.573.N,4.573,N,Porque é que os cemitérios têm paredes? Porque as pessoas estão lá dentro.,0,0,1.296875,-1.6708984375,-2.9677734375,0.951096773147583,0.048903174698352814,True
5.4102.H,5.4102,H,Qual a quantia que te pagam e vc fica ofendido? Humilhão.,1,0,1.0439453125,-1.357421875,-2.4013671875,0.9169314503669739,0.08306849747896194,False
5.2967.N,5.2967,N,Qual a carreira que causa dor e depressão? Ai triste!,0,1,-1.2119140625,0.607421875,1.8193359375,0.13951358199119568,0.8604864478111267,False
5.2312.H,5.2312,H,Qual é o nome da banda favorita das pessoas cansadas? Exausta samba,1,1,-2.142578125,1.6396484375,3.7822265625,0.022264916449785233,0.9777350425720215,True
4.36.H,4.36,H,Uma loira viu um jogo de futebol que acabou 1-0. Qual foi o seu jogador preferido? O Vidoso. Porque o golo foi do Vidoso.,1,0,0.80224609375,-0.8017578125,-1.60400390625,0.8325772285461426,0.16742277145385742,False
5.3192.H,5.3192,H,Qual personagem de desenho que não tem pinto? Pica pado.,1,1,-1.974609375,1.515625,3.490234375,0.02959137223660946,0.9704086184501648,True
5.4091.N,5.4091,N,Qual fruta favorita do bode? Jabuticaba.,0,0,2.396484375,-2.56640625,-4.962890625,0.9930558800697327,0.006944126915186644,True
5.651.H,5.651,H,Qual ator de Hollywood tem a melhor mira do mundo? O Wesley Sniper.,1,1,-1.666015625,1.3251953125,2.9912109375,0.047824520617723465,0.952175498008728,True
5.1118.H,5.1118,H,"Qual o quadro composto por um homem gay, afeminado e sem dinheiro? A Mona Lisa.",1,0,2.80078125,-2.54296875,-5.34375,0.9952448010444641,0.004755199886858463,False
5.1970.N,5.1970,N,Qual espécie extinta caiu numa cilada? Dinossauros.,0,0,3.029296875,-2.931640625,-5.9609375,0.9974290728569031,0.002570867771282792,True
5.1895.H,5.1895,H,O que o ginecologista diz quando tem uma grande ideia? Pereureka! ,1,1,-1.837890625,1.3798828125,3.2177734375,0.03850232809782028,0.9614977240562439,True
4.310.H,4.310,H,O que é que o Quim Barreiros faz antes de andar de avião? O check-Quim.,1,1,-2.009765625,1.38671875,3.396484375,0.03240551799535751,0.9675945043563843,True
5.2967.H,5.2967,H,Qual a doença que causa dor e depressão? Ai triste!,1,1,-1.13671875,0.515625,1.65234375,0.16079244017601013,0.8392075896263123,True
4.82.H,4.82,H,O que é um ponto rosa no chão? Uma gaynha.,1,1,-1.708984375,1.177734375,2.88671875,0.05281401798129082,0.9471859931945801,True
4.465.N,4.465,N,O que recebe um filho quando tem boas notas? Uma mesada . E quando tem más notas? Uma explicação.,0,0,1.5908203125,-1.6416015625,-3.232421875,0.9620362520217896,0.03796369582414627,True
5.1046.N,5.1046,N,Qual o canal para fumantes infantis? Discovery Kids.,0,0,2.962890625,-2.767578125,-5.73046875,0.9967648983001709,0.003235055599361658,True
4.586.H,4.586,H,Porque é que as aulas da professora vesga são sempre uma balbúrdia? Porque ela tem dificuldade em controlar as suas pupilas.,1,0,0.5673828125,-0.93115234375,-1.49853515625,0.8173559308052063,0.1826440989971161,False
5.1035.N,5.1035,N,Qual animal usa calça de cintura baixa? A capivara,0,0,2.279296875,-2.380859375,-4.66015625,0.9906237721443176,0.00937623716890812,True
5.432.N,5.432,N,Por que o passarinho perdeu os movimentos? Porque ele teve um derrame.,0,0,1.6171875,-1.4462890625,-3.0634765625,0.9553608298301697,0.04463920369744301,True
5.2956.H,5.2956,H,Qual é o seriado mexicano sobre um chinês tomando chá? Chá po Lin. ,1,1,-2.20703125,1.5908203125,3.7978515625,0.021927298977971077,0.9780727028846741,True
5.766.H,5.766,H,Qual o bairro de SP favorito do Schwarzenegger?  A Bela Vista Baby.,1,1,-0.8056640625,0.1531982421875,0.9588623046875,0.27710604667663574,0.722894012928009,True
5.1905.H,5.1905,H,Quem era o principal cavaleiro da távola redonda? Sir Cunferência ,1,1,-2.140625,1.53125,3.671875,0.024798158556222916,0.9752018451690674,True
5.192.H,5.192,H,"Qual é o nome do grupo que toca música de macumba, mas só tem um integrante? Legião Umbanda.",1,0,0.20654296875,-0.5654296875,-0.77197265625,0.6839475035667419,0.31605252623558044,False
5.750.N,5.750,N,Qual marca de automóvel é a mais atlética? O Fiat.,0,0,2.404296875,-2.40234375,-4.806640625,0.9918910264968872,0.008108983747661114,True
5.3762.H,5.3762,H,Qual é o jogador de futebol que sempre se protege do sol? Frank de Boné ,1,1,-1.31640625,0.82861328125,2.14501953125,0.10479754209518433,0.8952023983001709,True
5.3587.N,5.3587,N,Qual o jogo que o Mussum inventou? Forca . Porque seria muita treta jogar.,0,1,-0.350830078125,-0.00789642333984375,0.34293365478515625,0.4150969982147217,0.5849030017852783,False
5.4015.H,5.4015,H,Qual o livro infantil que só tem macarrão e alho? Onde está o óleo.,1,0,1.904296875,-1.740234375,-3.64453125,0.974531888961792,0.02546808123588562,False
5.201.H,5.201,H,"Qual é o cantor que, se multiplicar por dois, vira ator de filme pornô? Marcelo D2. Se multiplicar por dois, vira Marcelo D4.",1,1,-1.1513671875,0.53759765625,1.68896484375,0.15591201186180115,0.8440879583358765,True
5.1362.N,5.1362,N,Uma moça usava um grampo que começou a enferrujar . Ela pediu pra uma costureira o forrar . Qual é o nome do pedido? Forra este Grampo.,0,1,-1.7431640625,1.3017578125,3.044921875,0.04543721675872803,0.954562783241272,False
5.2178.N,5.2178,N,Qual o presidente que adora assistir animes? Fernando Henrique,0,0,2.90234375,-2.9296875,-5.83203125,0.9970765113830566,0.002923542633652687,True
5.2578.N,5.2578,N,Qual o programa favorito dos gaúchos? Faustão.,0,0,2.759765625,-2.69140625,-5.451171875,0.9957270622253418,0.004272936377674341,True
5.4043.H,5.4043,H,Qual cidade baiana as religiosas tem pacto com o diabo? Freira de Satanás.,1,1,-1.8857421875,1.359375,3.2451171875,0.03750273957848549,0.9624972343444824,True
5.3860.H,5.3860,H,"Qual o animal mais importante pro Tim Maia? O lêmure. Porque do lêmure ao pontal, não há nada igual.",1,1,-1.021484375,0.56494140625,1.58642578125,0.16988736391067505,0.830112636089325,True
5.1598.H,5.1598,H,Qual é o animal que voa no deserto? Dronedário.,1,1,-1.7626953125,1.2939453125,3.056640625,0.04493164271116257,0.9550683498382568,True
5.1444.N,5.1444,N,Como eu sabia que a gasolina era batizada? Por que quem me atendeu era um frentista.,0,0,2.845703125,-2.650390625,-5.49609375,0.9959140419960022,0.004086002707481384,True
5.2310.H,5.2310,H,Qual pessoa sempre cria caso por nada durante o casamento? Draminha de Honra,1,1,-1.0283203125,0.72119140625,1.74951171875,0.14810879528522491,0.8518912196159363,True
5.2110.N,5.2110,N,Em que região do país os casais vivem de agricultura? Na roça,0,0,2.298828125,-2.0859375,-4.384765625,0.9876876473426819,0.012312324717640877,True
5.2113.H,5.2113,H,O que você chama de hamster com 3 pernas? Hamputado,1,1,-1.9443359375,1.505859375,3.4501953125,0.030763037502765656,0.9692369103431702,True
5.325.H,5.325,H,Qual o remedio que ja avisa que vc ta precisando dele? Pare ce tá mal.,1,1,-1.6376953125,1.1162109375,2.75390625,0.059866417199373245,0.9401335716247559,True
5.3645.H,5.3645,H,Qual é o desenho onde o personagem principal só consegue dinheiro em outro planeta? Rico em Marte.,1,1,-1.8583984375,1.095703125,2.9541015625,0.04954301938414574,0.950456976890564,True
5.2875.N,5.2875,N,Qual é a apresentadora mais mavada do Brasil? é a Má isa,0,1,-2.08984375,1.4775390625,3.5673828125,0.02745460718870163,0.9725454449653625,False
5.3807.H,5.3807,H,Qual senador que proíbe piadas? Ri não Calheiros.,1,1,-2.283203125,1.70703125,3.990234375,0.01815951243042946,0.9818405508995056,True
5.559.N,5.559,N,Qual a novela que mãe e filha foram desvirginadas? Nenhuma.,0,0,3.052734375,-2.978515625,-6.03125,0.9976032376289368,0.0023967307060956955,True
5.2926.N,5.2926,N,Qual fruta prevê o futuro? Banana,0,0,2.82421875,-2.962890625,-5.787109375,0.9969425797462463,0.003057457972317934,True
5.3367.N,5.3367,N,Como se chamam quatro pessoas azaradas? Azarentos.,0,0,1.73046875,-1.8388671875,-3.5693359375,0.9725975394248962,0.02740250527858734,True
4.203.H,4.203,H,Comprei uns sapatos com lâmpadas LED na sola. Pode-se dizer que emitem luz solar.,1,0,1.8134765625,-1.607421875,-3.4208984375,0.9683513641357422,0.03164868429303169,False
5.481.N,5.481,N,Por que a jogadora de voleibol foi internada no hospício? Porque ela não estava batendo bem.,0,0,0.55126953125,-1.0224609375,-1.57373046875,0.8283147811889648,0.17168524861335754,True
4.182.H,4.182,H,Por que é que a ASAE fechou a Assembleia da República? Porque comiam todos do mesmo tacho.,1,0,0.238037109375,-0.472900390625,-0.7109375,0.6706082820892334,0.3293917179107666,False
4.324.N,4.324,N,Quais são as escadas que demoram mais a subir? São as escadas em pedra.,0,0,-0.0404052734375,-0.391845703125,-0.3514404296875,0.586966872215271,0.4130331575870514,True
4.440.H,4.440,H,Como se chama um homem com unhas compridas? É o Homem-Arranha.,1,1,-1.5595703125,1.2607421875,2.8203125,0.05623634159564972,0.9437636137008667,True
5.438.N,5.438,N,Qual é a hóstia do catolicismo? Alma chips.,0,1,-1.94921875,1.3779296875,3.3271484375,0.0346514917910099,0.965348482131958,False
5.2063.H,5.2063,H,Qual ator americano que sempre deixa todo mundo impressionado ? Uau ! Pacino ,1,0,2.232421875,-2.126953125,-4.359375,0.987375020980835,0.012624949216842651,False
5.778.H,5.778,H,Por que o cara que não fazia exercícios prestou odonto?  Pra ser dentário.,1,0,0.1444091796875,-0.759765625,-0.9041748046875,0.7118066549301147,0.28819331526756287,False
5.679.H,5.679,H,Qual é a atriz mais fria da Globo? Regina Duártico.,1,1,-2.330078125,1.7451171875,4.0751953125,0.016705095767974854,0.9832949042320251,True
5.1066.H,5.1066,H,Qual o sanduíche de queijo com mosquito? Cheese-kungunya.,1,1,-1.8447265625,1.3984375,3.2431640625,0.037573304027318954,0.9624266624450684,True
