id,pair_id,suffix,text,true_label,predicted_label,logit_non_pun,logit_pun,pun_score,probability_non_pun,probability_pun,correct
4.103.H,4.103,H,Qual é a única coisa que se faz sempre em numeração romana? XI XI.,1,1,-2.888671875,2.84375,5.732421875,0.003228764282539487,0.9967711567878723,True
5.28.N,5.28,N,Qual é a modelo mais bela que existe? Gisele Bündchen.,0,0,3.619140625,-3.13671875,-6.755859375,0.9988372921943665,0.0011626856867223978,True
4.600.H,4.600,H,O que são quatro pontos pretos no chão? Fourmigas.,1,1,-2.943359375,2.90625,5.849609375,0.002872747601941228,0.9971272349357605,True
5.1378.N,5.1378,N,Por que eu não faço esporte? Porque é a maior furada.,0,0,1.95703125,-1.966796875,-3.923828125,0.9806178212165833,0.019382191821932793,True
5.1777.N,5.1777,N,Qual é o contrário de Otorrinolaringologista? atsigologniralonirroto.,0,1,-3.1484375,3.220703125,6.369140625,0.0017106997547671199,0.9982892870903015,False
5.1772.H,5.1772,H,O que um diretor da Ubisoft foi fazer na África? Um SaFari Cry.,1,1,-3.310546875,3.060546875,6.37109375,0.0017073675990104675,0.9982926249504089,True
5.1714.H,5.1714,H,Você gosta de Katy Perry? Katy perguntou?,1,0,3.033203125,-2.4609375,-5.494140625,0.9959059953689575,0.00409395806491375,False
4.264.N,4.264,N,Porque é que na escola as meninas desenham sempre florzinhas e coraçõezinhos no caderno? Porque assim decoram o caderno.,0,0,3.22265625,-2.74609375,-5.96875,0.9974491000175476,0.0025509123224765062,True
5.1205.N,5.1205,N,Por que o pessoal do Nordeste se orgulha do GPS? Porque ele fala: Você chegou no destino.,0,0,2.62109375,-2.162109375,-4.783203125,0.9917002320289612,0.008299686945974827,True
5.1050.N,5.1050,N,Qual a serie de anime que louva o tabaco? One Piece.,0,0,2.70703125,-2.33203125,-5.0390625,0.993561863899231,0.0064381021074950695,True
5.2882.N,5.2882,N,Personagem que adora Leite? Pernalonga,0,1,-2.958984375,3.044921875,6.00390625,0.0024630071129649878,0.9975370168685913,False
5.3127.N,5.3127,N,Qual programa onde você fala com um carro? O assistente pessoal.,0,0,3.44921875,-3.078125,-6.52734375,0.9985392093658447,0.0014607493067160249,True
5.16.H,5.16,H,Para onde as pulgas vão quando morrem? Para o pulgatório.,1,0,0.88818359375,-0.89794921875,-1.7861328125,0.8564525246620178,0.14354750514030457,False
5.2393.H,5.2393,H,Qual é o canal infantil que só transmite batida de carro? Car Tum Network.,1,1,-2.744140625,2.59375,5.337890625,0.004783010110259056,0.995216965675354,True
5.4014.N,5.4014,N,Por que no interiorzão não dá pra ouvir música? Porque lá o silêncio impera.,0,0,2.59765625,-2.302734375,-4.900390625,0.9926113486289978,0.007388675585389137,True
5.3741.N,5.3741,N,Qual comentarista esportivo se gaba da reforma em seu domicílio? Galvão Bueno.,0,0,3.564453125,-3.052734375,-6.6171875,0.9986646175384521,0.0013354007387533784,True
5.3523.N,5.3523,N,Em qual brincadeira eu só aceito gente inteligente? Tiro ao alvo.,0,0,2.68359375,-2.484375,-5.16796875,0.9943360686302185,0.005663864780217409,True
4.633.N,4.633,N,Vira-se uma secretária para outra: Esta folha é tua ou é impressão minha?,0,0,1.7255859375,-1.8115234375,-3.537109375,0.9717254042625427,0.028274599462747574,True
4.644.H,4.644,H,"Para quem não viu o eclipse ontem à noite, no fim o Edward fica com a Bella.",1,0,1.8935546875,-1.82421875,-3.7177734375,0.9762879610061646,0.023712070658802986,False
5.26.N,5.26,N,Qual grupo de pagode odeia o final dos parabéns? Só pra Contrariar.,0,0,1.455078125,-1.1220703125,-2.5771484375,0.9293763041496277,0.07062366604804993,True
5.56.H,5.56,H,Qual creme de barbear parece um esperma? Gozzano.,1,0,3.19140625,-2.7734375,-5.96484375,0.9974391460418701,0.0025608709547668695,False
5.3625.H,5.3625,H,Qual a banda que ajuda as pessoas a alcançar a seu destino?  Owazes.,1,0,1.5234375,-1.1845703125,-2.7080078125,0.9374975562095642,0.06250248849391937,False
5.850.N,5.850,N,Qual o X-Men que morre de vontade de conhecer o Inri Cristo? Charles Xavier.,0,0,0.3681640625,-0.11248779296875,-0.48065185546875,0.6179018020629883,0.3820982277393341,True
5.26.H,5.26,H,Qual grupo de pagode odeia o final dos parabéns? Sopra Contrariado.,1,1,-2.41796875,2.353515625,4.771484375,0.008396700024604797,0.9916033148765564,True
5.2760.N,5.2760,N,Qual o grupo musical favorito dos leões? Queen.,0,0,3.33984375,-2.7734375,-6.11328125,0.9977916479110718,0.0022083891090005636,True
4.287.N,4.287,N,O que diz uma pessoa quando entra na casa de banho? Que cheiro!,0,0,3.63671875,-3.1015625,-6.73828125,0.998816728591919,0.0011832797899842262,True
5.2679.H,5.2679,H,Qual padre é um cavalo? Marcelo Horse.,1,1,-2.474609375,2.529296875,5.00390625,0.006666931323707104,0.9933330416679382,True
5.3508.H,5.3508,H,Qual rapper é também um ótimo detetive? Marcelo Deduz.,1,1,-1.5537109375,1.3759765625,2.9296875,0.05070536211133003,0.9492946267127991,True
5.3530.N,5.3530,N,Como se chama a tatuagem feita num velho? Tatuagem no vô.,0,1,-1.1982421875,1.275390625,2.4736328125,0.07772741466760635,0.9222726225852966,False
4.253.H,4.253,H,Porque é que os polícias não gostam de sabão? Porque preferem deter gente.,1,1,-1.6826171875,1.4375,3.1201171875,0.042285025119781494,0.9577149748802185,True
5.2675.N,5.2675,N,Qual cantor sempre manda uma jogada boa no baralho? Nando Reis.,0,0,3.619140625,-3.056640625,-6.67578125,0.9987404942512512,0.001259498530998826,True
5.1980.H,5.1980,H,Qual o dispositivo usado pra enxergar melhor uma determinada nota musical? Óculos de Sol ,1,0,2.74609375,-2.4921875,-5.23828125,0.9947186708450317,0.005281333811581135,False
4.544.N,4.544,N,"A Érica e a Ester decidiram adotar uma jovem . Quando ela soube, ficou feliz.",0,0,2.923828125,-2.853515625,-5.77734375,0.9969125986099243,0.003087369492277503,True
5.420.N,5.420,N,Qual fruta nasce às margens do Rio Negro? Maçãs.,0,0,3.591796875,-2.955078125,-6.546875,0.9985674619674683,0.0014325366355478764,True
5.1837.H,5.1837,H,Qual é o apresentador que me dá tesão? Otávio me Excita,1,1,-2.91015625,2.76953125,5.6796875,0.003403005190193653,0.9965969920158386,True
5.1602.H,5.1602,H,Qual é a novela em que Antônio Fagundes faz uso de entorpecentes? O Rei Dro Gado.,1,0,3.048828125,-2.46484375,-5.513671875,0.9959849119186401,0.004015091806650162,False
4.573.H,4.573,H,Porque é que os cemitérios têm paredes? Porque as pessoas estão mortinhas por entrar lá dentro.,1,1,-2.021484375,1.4775390625,3.4990234375,0.029340026900172234,0.9706599116325378,True
5.2189.N,5.2189,N,Quem é a cantora que trabalha com transporte público nos Estados Unidos?  Beyoncé,0,0,3.359375,-2.673828125,-6.033203125,0.997607946395874,0.0023920657113194466,True
4.360.N,4.360,N,Porque é que o Pedro se divorciou? Porque a mulher não servia para nada.,0,0,2.921875,-2.48046875,-5.40234375,0.9955142140388489,0.004485794343054295,True
5.1303.H,5.1303,H,Qual o chá preferido dos britânicos para se acalmar? C'mon Mila.,1,1,-2.0625,1.74609375,3.80859375,0.02169809490442276,0.9783018827438354,True
5.2415.H,5.2415,H,Qual é a cidade que quer ser um instrumento musical?  Itaquaquecetuba.,1,0,2.921875,-2.509765625,-5.431640625,0.995643138885498,0.004356845282018185,False
4.630.H,4.630,H,Por que é que os surfistas comem a comida fria? Porque detestam micro ondas.,1,0,0.373046875,-0.55517578125,-0.92822265625,0.7167145609855652,0.2832854390144348,False
5.85.N,5.85,N,Qual é a tartaruga ninja que vive na Disney? O Miquelângelo.,0,1,-2.828125,2.79296875,5.62109375,0.0036076167598366737,0.9963924288749695,False
5.976.N,5.976,N,Qual passarinho adora televisão? Pardal.,0,0,3.4453125,-2.830078125,-6.275390625,0.998121440410614,0.001878520124591887,True
5.3987.N,5.3987,N,"Qual artista pop era porco gordo, mas era irresistível? Baicon Jackson.",0,0,2.220703125,-2.14453125,-4.365234375,0.9874479174613953,0.012552116997539997,True
5.848.H,5.848,H,Qual personagem da Disney que ninguém gosta? Amarga Rida.,1,1,-3.150390625,3.244140625,6.39453125,0.0016678821993991733,0.9983320832252502,True
5.1981.H,5.1981,H,Como se chama o ato de um ministro comer a primeira dama? Uma metida provisória ,1,1,-2.8203125,2.59375,5.4140625,0.004433765076100826,0.995566189289093,True
5.933.H,5.933,H,Qual é o nome do especialista em temperar carnes que não se esquecia do passado?  O Sal Dosista.,1,1,-2.671875,2.8515625,5.5234375,0.003976228181272745,0.9960237741470337,True
5.3610.H,5.3610,H,Qual é a série em que todo mundo que é policial tem que sair? C.S.I.,1,0,2.58984375,-2.017578125,-4.607421875,0.9901211261749268,0.009878942742943764,False
5.167.H,5.167,H,"O que o padrinho da faca disse?  ""Oi, afiado"".",1,1,-1.1904296875,1.2763671875,2.466796875,0.07821886986494064,0.9217811226844788,True
5.489.N,5.489,N,Qual piloto tem pacto com o Diabo? Barrichello.,0,0,3.4765625,-3.041015625,-6.517578125,0.9985249638557434,0.0014750633854418993,True
5.2012.H,5.2012,H,Que apresentador vive tomando Dramin? Rodri Gorfaro ,1,1,-2.830078125,2.61328125,5.443359375,0.0043063051998615265,0.9956936836242676,True
5.1381.N,5.1381,N,Por que colocaram uma cama elástica no Polo Norte? Para o urso brincar.,0,0,2.69140625,-2.212890625,-4.904296875,0.9926398992538452,0.0073600816540420055,True
4.95.N,4.95,N,Qual é a única profissão que necessita de verniz de unhas para trabalhar? É a manicure.,0,0,3.357421875,-3.052734375,-6.41015625,0.9983579516410828,0.0016420666361227632,True
5.823.N,5.823,N,Qual a banda que não deve nada pra ninguém? Skank.,0,0,3.412109375,-2.9453125,-6.357421875,0.9982692003250122,0.0017308301758021116,True
5.1116.H,5.1116,H,Por que os jacarés só andavam em dois? Porque são reptildos.,1,1,-2.271484375,2.060546875,4.33203125,0.012970385141670704,0.9870296716690063,True
5.3119.N,5.3119,N,Qual o nome da mãe do super-herói que nunca vai em praia com águas geladas? Martha Wayne.,0,0,3.046875,-2.431640625,-5.478515625,0.9958418011665344,0.004158160649240017,True
5.415.H,5.415,H,Qual é o restaurante favorito dos maconheiros? O Outbeck.,1,1,-1.662109375,1.7802734375,3.4423828125,0.030996836721897125,0.9690031409263611,True
4.11.H,4.11,H,Qual é o animal mais romântico? É a amêijoa. Porque dorme em conchinha.,1,1,-2.70703125,2.4453125,5.15234375,0.005752545315772295,0.9942474365234375,True
5.594.H,5.594,H,O que um irmão siamês falou pro outro? Tamo Junto!,1,1,-1.2021484375,1.2568359375,2.458984375,0.0787840187549591,0.9212159514427185,True
4.678.N,4.678,N,Acabei de abrir a conta da água e a conta da luz ao mesmo tempo . Fiquei em pânico .,0,0,2.767578125,-2.80078125,-5.568359375,0.9961977601051331,0.0038022249937057495,True
4.645.N,4.645,N,"Se um dia te oferecerem uns óculos sem lentes, tem cuidado! Pode ser engano.",0,0,2.58203125,-2.474609375,-5.056640625,0.9936733245849609,0.006326631177216768,True
5.728.N,5.728,N,"Qual é o nome da doença que acomete vítimas de sequestro que não têm espelho no cativeiro? Síndrome de "" Estocolmo? """,0,1,-1.783203125,1.7685546875,3.5517578125,0.0278748981654644,0.9721250534057617,False
5.1049.H,5.1049,H,Qual bebiba te dá superpoder? Chá zam.,1,1,-2.400390625,2.533203125,4.93359375,0.007149101700633764,0.9928508996963501,True
5.3578.N,5.3578,N,O que o advogado deixou para os filhos? Seu carro.,0,0,3.455078125,-3.005859375,-6.4609375,0.9984391331672668,0.001560889300890267,True
5.62.N,5.62,N,Qual é a atriz que só usa roupa da Zara? Taís Araújo.,0,0,3.689453125,-3.17578125,-6.865234375,0.998957633972168,0.0010423501953482628,True
5.591.N,5.591,N,Qual cerveja é do Rio de Janeiro? Schincarioca.,0,1,-0.9267578125,1.236328125,2.1630859375,0.10311470925807953,0.896885335445404,False
5.2985.N,5.2985,N,Qual animal é coach? O homem.,0,0,3.513671875,-3.013671875,-6.52734375,0.9985392093658447,0.0014607493067160249,True
5.3569.N,5.3569,N,Em que momento do dia seus segredos são revelados? No amanhecer do sol.,0,0,2.279296875,-2.322265625,-4.6015625,0.9900636076927185,0.009936419315636158,True
5.2974.N,5.2974,N,Qual banda que sempre usa tenis? Oasics.,0,1,-0.90380859375,0.79248046875,1.6962890625,0.15495054423809052,0.8450494408607483,False
5.2046.H,5.2046,H,Por que o vegano não compra nas Casas Bahia? Porque não gasta dinheiro em carnês ,1,0,0.9140625,-1.3427734375,-2.2568359375,0.9052385687828064,0.0947614535689354,False
5.2312.N,5.2312,N,Qual é o nome da banda favorita das pessoas cansadas? Capital Inicial,0,0,3.373046875,-2.796875,-6.169921875,0.9979129433631897,0.0020870345178991556,True
4.381.N,4.381,N,O que acontece quando metes um tomate no micro-ondas? Estraga o molho.,0,0,2.189453125,-2.08984375,-4.279296875,0.986336886882782,0.01366313174366951,True
5.4098.H,5.4098,H,Qual molho é sempre servido em proporções exageradas? De Too Much.,1,1,-2.34765625,2.4140625,4.76171875,0.00847840216010809,0.9915215969085693,True
5.1486.N,5.1486,N,Qual gata que entrou e logo depois saiu do chat? Bola de Neve.,0,0,3.310546875,-2.943359375,-6.25390625,0.9980807304382324,0.001919237314723432,True
4.564.H,4.564,H,"Como é que se diz ""peido"" em árabe? Al-bufeira.",1,1,-3.333984375,3.162109375,6.49609375,0.0015070487279444933,0.998492956161499,True
4.633.H,4.633,H,Vira-se uma impressora para outra: Esta folha é tua ou é impressão minha?,1,0,1.3525390625,-1.4765625,-2.8291015625,0.9442282915115356,0.05577168986201286,False
4.400.H,4.400,H,Que nome se dá a um professor com os dentes grandes? Ca-stor.,1,1,-3.126953125,3.130859375,6.2578125,0.001911769388243556,0.9980881810188293,True
5.1317.N,5.1317,N,Qual cantora sempre se desculpa? Simone.,0,0,3.447265625,-3.0,-6.447265625,0.9984176158905029,0.001582341967150569,True
5.3353.N,5.3353,N,Qual a música mais ouvida nas cordilheiras? O canto dos pássaros.,0,0,3.587890625,-2.990234375,-6.578125,0.9986114501953125,0.0013885232619941235,True
4.367.N,4.367,N,Porque é que a Branca de Neve desmaiou ao comer a maçã? Apanhou uma indigestão.,0,0,3.4140625,-2.830078125,-6.244140625,0.9980619549751282,0.0019380354788154364,True
5.639.N,5.639,N,Qual é o caranguejo que só sai à noite? O real.,0,0,0.99609375,-0.65771484375,-1.65380859375,0.8394051790237427,0.1605948656797409,True
5.2506.N,5.2506,N,Qual é o biscoito mais temido da mitologia? Maria e Maisena.,0,0,0.86474609375,-1.12109375,-1.98583984375,0.8793022632598877,0.12069767713546753,True
5.1872.H,5.1872,H,Que ator gringo deixa a cidade limpa? Denzel wash town ,1,1,-2.677734375,2.80078125,5.478515625,0.004158160649240017,0.9958418011665344,True
5.3530.H,5.3530,H,Como se chama a tatuagem feita num velho? Art no vô.,1,1,-2.87890625,2.908203125,5.787109375,0.003057457972317934,0.9969425797462463,True
5.2083.N,5.2083,N,Qual figura do carnaval que dá em cima das mulheres? Boneco de Olinda!,0,0,2.4609375,-2.099609375,-4.560546875,0.9896518588066101,0.010348135605454445,True
5.4014.H,5.4014,H,Por que no interiorzão não dá pra ouvir música? Porque lá o spotifaia.,1,1,-2.990234375,3.064453125,6.0546875,0.0023413405288010836,0.9976586103439331,True
5.2014.N,5.2014,N,Em que parte do casa todos se encontram? Na área de lazer,0,0,3.43359375,-2.98828125,-6.421875,0.9983769655227661,0.001622966956347227,True
5.823.H,5.823,H,Qual a banda que não deve nada pra ninguém? Jaquitou 5.,1,1,-2.9140625,2.943359375,5.857421875,0.002850455464795232,0.9971495270729065,True
5.1.N,5.1,N,Qual X-Men nunca falta ao trabalho? Ciclops.,0,0,1.544921875,-1.19921875,-2.744140625,0.939581573009491,0.060418423265218735,True
5.1297.N,5.1297,N,Qual candidato é doador de órgãos? Cabo Daciolo.,0,0,2.509765625,-2.18359375,-4.693359375,0.9909272193908691,0.009072806686162949,True
4.529.H,4.529,H,O que são oito Hobbits? Um Hobbyte.,1,1,-2.62109375,2.447265625,5.068359375,0.006253384985029697,0.9937466382980347,True
5.1736.H,5.1736,H,O que o ciclista disse logo após terminar o namoro em cima da linha de largada? Tô na pista! ,1,0,0.830078125,-1.0830078125,-1.9130859375,0.8713654279708862,0.12863455712795258,False
5.1972.H,5.1972,H,Qual o item que se encontra em pior estado na sua casa? All Mofada,1,1,-2.849609375,2.5859375,5.435546875,0.004339933395385742,0.9956600069999695,True
5.148.N,5.148,N,Qual é o cantor favorito dos brasileiros? Toquinho.,0,0,3.650390625,-3.044921875,-6.6953125,0.9987648725509644,0.0012351678451523185,True
4.32.N,4.32,N,"Era uma vez duas pizzas . Uma estava triste, então a outra vira-se: sorri.",0,0,0.888671875,-1.1220703125,-2.0107421875,0.8819203972816467,0.11807966977357864,True
5.217.N,5.217,N,O que usam para fazer as bonecas Barbie? Aparelho de moldar.,0,0,3.521484375,-2.876953125,-6.3984375,0.9983385801315308,0.0016613906482234597,True
4.287.H,4.287,H,O que diz um ouriço quando entra na casa de banho? Cacheiro!,1,0,1.1630859375,-1.08203125,-2.2451171875,0.9042285680770874,0.09577147662639618,False
4.67.H,4.67,H,Porque é que as galinhas não gostam de ralis? Porque não vêem nada capoeira.,1,1,-2.951171875,2.833984375,5.78515625,0.0030634168069809675,0.996936559677124,True
5.2047.N,5.2047,N,"Qual conto mostra a história de alguém que acha a esposa linda, mas quando ela o procura de noite, ele nega? A pequena sereia.",0,0,2.912109375,-2.630859375,-5.54296875,0.9961004257202148,0.0038996206130832434,True
5.1782.N,5.1782,N,Por que o alfaiate foi expulso da balada? Porque ele faltou com respeito.,0,0,3.3125,-2.86328125,-6.17578125,0.9979251623153687,0.002074867021292448,True
5.137.H,5.137,H,"Se o Kid Bengala fosse um personagem da Caverna do Dragão, quem o ajudaria a voltar para casa? Mestre dos Bagos.",1,0,0.4111328125,-0.430908203125,-0.842041015625,0.6988949179649353,0.3011050820350647,False
5.1545.N,5.1545,N,Qual comida que tá sempre faminta? Far ofa.,0,1,-3.439453125,3.27734375,6.716796875,0.0012089457595720887,0.9987910389900208,False
5.1998.N,5.1998,N,Qual é o animal que mais suja crianças? Gambá,0,0,2.35546875,-2.095703125,-4.451171875,0.988469660282135,0.01153038814663887,True
4.638.N,4.638,N,"O amor é como um jogo de sueca . Ou se tem um bom parceiro, ou o melhor mesmo é ter uma boa carta.",0,1,-1.91015625,1.8125,3.72265625,0.02359929494559765,0.9764007329940796,False
5.3666.N,5.3666,N,Qual dublador que não toma banho? Mário Jorge.,0,0,3.521484375,-2.9765625,-6.498046875,0.9984959363937378,0.0015041126171126962,True
4.129.H,4.129,H,Que nome se dá a uma freira no casino? Católica apostólica.,1,0,0.30859375,-0.55419921875,-0.86279296875,0.7032438516616821,0.29675614833831787,False
4.280.N,4.280,N,Qual é o animal mais estranho? É o Papa-formigas.,0,0,1.3271484375,-1.388671875,-2.7158203125,0.9379537105560303,0.06204626336693764,True
5.1098.H,5.1098,H,Qual a sobremesa oficial da Marvel?  A THORta.,1,1,-2.95703125,2.654296875,5.611328125,0.0036428910680115223,0.9963570237159729,True
4.277.H,4.277,H,Como é que os alpinistas se cumprimentam? Cume é que é!,1,1,-1.4130859375,1.3896484375,2.802734375,0.05717658996582031,0.9428234100341797,True
5.2012.N,5.2012,N,Que apresentador vive tomando Dramin? Rodrigo Faro,0,0,3.486328125,-3.015625,-6.501953125,0.9985017776489258,0.0014982575085014105,True
5.1982.N,5.1982,N,Quem cuida da documentação na floresta? O cartório,0,0,3.244140625,-2.822265625,-6.06640625,0.9976859092712402,0.0023141265846788883,True
5.2751.H,5.2751,H,Qual aviamento não para quieto? Os Zíper Ativos,1,1,-2.84765625,2.599609375,5.447265625,0.004289588425308466,0.9957103729248047,True
5.1549.H,5.1549,H,Qual site de relacionamento só para menores de 18 anos? Teender.,1,1,-2.115234375,1.994140625,4.109375,0.01615283451974392,0.9838472008705139,True
4.290.N,4.290,N,Como é que o menino ficou zarolho? A mãe estava a cozinhar e disse-lhe: Luís vou ali à loja . Deita-me aí um alho na comida.,0,1,-0.92236328125,0.6904296875,1.61279296875,0.16620121896266937,0.8337988257408142,False
5.2538.H,5.2538,H,Qual atriz da Globo tem o olho torto? Marieta Serveró.,1,1,-0.385986328125,0.29541015625,0.681396484375,0.33594968914985657,0.6640503406524658,True
4.436.H,4.436,H,Sementes. Deus castiga.,1,0,1.3896484375,-1.2392578125,-2.62890625,0.9326989054679871,0.06730107218027115,False
5.1158.N,5.1158,N,Qual o presidente que foi beber água e não achou nada? Collor.,0,0,3.466796875,-2.818359375,-6.28515625,0.9981397390365601,0.0018602984491735697,True
4.565.H,4.565,H,Qual é o chocolate que só tem duas semanas de validade? O Twix.,1,1,-0.4296875,0.548828125,0.978515625,0.27318641543388367,0.7268136143684387,True
4.32.H,4.32,H,"Era uma vez duas pizzas. Uma estava triste, então a outra vira-se: pizza-ria.",1,1,-3.251953125,3.28125,6.533203125,0.001452227937988937,0.9985477328300476,True
4.183.H,4.183,H,Como é que o António se chama quando anda de autocarro? Tony Carreira.,1,1,-1.5263671875,1.67578125,3.2021484375,0.03908495604991913,0.9609150886535645,True
5.202.N,5.202,N,Por que o Sílvio Santos só entra em casa depois que o olho dele é escaneado? Porque a porta só abre com reconhecimento de Íris.,0,1,-1.912109375,1.80859375,3.720703125,0.02364434115588665,0.9763556718826294,False
5.1492.H,5.1492,H,Por que o cowboy largou tudo para trabalhar na KGB? Porque ele era um ex-pião.,1,1,-1.5576171875,1.896484375,3.4541015625,0.03064677305519581,0.969353199005127,True
4.106.H,4.106,H,Qual é a flor que os homens mais gostam de oferecer às mulheres? Tulimpas.,1,0,1.181640625,-1.65234375,-2.833984375,0.9444848895072937,0.0555151142179966,False
4.753.H,4.753,H,O meu pai tem uma loja de material elétrico. É por isso que tenho pilhas de graça.,1,0,0.5087890625,-0.62353515625,-1.13232421875,0.7562675476074219,0.24373243749141693,False
5.3610.N,5.3610,N,Qual é a série em que todo mundo que é policial tem que sair? Dr. House,0,0,3.09765625,-2.74609375,-5.84375,0.9971103668212891,0.0028895805589854717,True
4.58.H,4.58,H,O que são cinco pontos coloridos num jardim? São os Flower Rangers.,1,0,1.896484375,-1.564453125,-3.4609375,0.9695556163787842,0.030444350093603134,False
5.1088.H,5.1088,H,Qual cidade vive resfriada? Atchimbaia,1,1,-2.57421875,2.703125,5.27734375,0.005080036818981171,0.9949199557304382,True
5.555.N,5.555,N,Qual o sanduíche preferido da turma do Chaves? Misto.,0,0,3.62109375,-3.029296875,-6.650390625,0.9987081289291382,0.0012918456923216581,True
4.521.H,4.521,H,Eu não sou supersticioso. Sou só um pouco sticioso.,1,0,1.525390625,-1.478515625,-3.00390625,0.9527502655982971,0.04724971204996109,False
4.158.N,4.158,N,Uma mulher estava indecisa entre comprar uma blusa azul e uma vermelha . Acabou por levar a vermelha . Qual é o filme? Lagoa azul.,0,0,2.234375,-1.9921875,-4.2265625,0.9856076240539551,0.014392335899174213,True
5.1673.H,5.1673,H,Qual é o nome para se colocar na filha do salva-vidas? Socorro.,1,0,3.408203125,-2.892578125,-6.30078125,0.9981684684753418,0.0018315102206543088,False
5.1549.N,5.1549,N,Qual site de relacionamento só para maiores de 18 anos? Tinder.,0,0,3.5,-3.142578125,-6.642578125,0.9986979961395264,0.0013019645120948553,True
4.56.N,4.56,N,Porque é que os contabilistas são bons a fazer contas? Porque tabuada é com eles.,0,0,2.59375,-2.283203125,-4.876953125,0.9924374222755432,0.007562567945569754,True
5.263.H,5.263,H,Qual é o nome do filme protagonizado por duas motos bem nervosas? Fúria de titãs.,1,0,1.951171875,-1.84765625,-3.798828125,0.9780936241149902,0.02190636470913887,False
5.872.N,5.872,N,Qual comediante vive com calor? Renato Aragão.,0,0,3.6015625,-3.078125,-6.6796875,0.998745322227478,0.0012545945355668664,True
4.505.H,4.505,H,"O casamento é muito bonito e tal, mas se casares com a pessoa errada, é como a COVID-19. Todo os dias novos casos.",1,1,-2.765625,2.2734375,5.0390625,0.0064381021074950695,0.993561863899231,True
5.3736.H,5.3736,H,Qual clube campeão da Libertadores consegue segurar bebês gêmeos? Colo-Colo.,1,0,1.84375,-1.6171875,-3.4609375,0.9695556163787842,0.030444350093603134,False
5.1613.N,5.1613,N,"Como se faz para uma laranja virar uma cobra? Faz cosquinha nela, aí nada acontece.",0,0,1.1435546875,-1.35546875,-2.4990234375,0.9240732789039612,0.07592666894197464,True
5.85.H,5.85,H,Qual é a tartaruga ninja que vive na Disney?  O Mickeylângelo.,1,1,-2.4140625,2.560546875,4.974609375,0.006863781251013279,0.9931362867355347,True
4.637.N,4.637,N,O que faz uma pessoa surda? Finge que ouve.,0,0,2.96875,-2.474609375,-5.443359375,0.9956936836242676,0.0043063051998615265,True
4.201.N,4.201,N,Era uma vez uma cidade onde quase todas as motos eram Yamaha . Qual é o filme? Pocahontas.,0,1,-3.263671875,3.107421875,6.37109375,0.0017073675990104675,0.9982926249504089,False
5.2647.N,5.2647,N,Qual apresentador é o mais duas caras? Luciano Huck.,0,0,3.59765625,-3.08984375,-6.6875,0.9987550973892212,0.0012448433553799987,True
5.3546.H,5.3546,H,"Qual o seriado de tv do cara que sempre quer um pouco da comida dos outros? Hum, maluco, dá um pedaço!",1,1,-2.513671875,2.525390625,5.0390625,0.0064381021074950695,0.993561863899231,True
5.1849.N,5.1849,N,Qual é o cantor que tá sempre na cena de um crime? Zeca baleiro.,0,0,0.3486328125,0.103515625,-0.2451171875,0.5609742999076843,0.4390256702899933,True
5.1182.H,5.1182,H,Por que o Chico Buarque foi preso na saída do Santander? Por Assaltimbanco.,1,1,-3.109375,3.119140625,6.228515625,0.001968494849279523,0.9980314373970032,True
4.696.N,4.696,N,"Acabei de comprar um livro chamado "" Caminhadas para Totós "" . É um guia para passear a pé.",0,0,0.9951171875,-0.80078125,-1.7958984375,0.8576489090919495,0.14235107600688934,True
4.678.H,4.678,H,Acabei de abrir a conta da água e a conta da luz ao mesmo tempo. Fiquei em choque.,1,0,2.51171875,-2.634765625,-5.146484375,0.994213879108429,0.005786154884845018,False
5.793.H,5.793,H,Qual a rede social mais usada pelas mulheres no Oriente Médio? Faceburca.,1,1,-1.8251953125,1.580078125,3.4052734375,0.03213106095790863,0.9678689241409302,True
4.63.H,4.63,H,O que é que se faz num velório de lésbicas? Um minete de silêncio.,1,1,-1.462890625,0.6728515625,2.1357421875,0.10567110031843185,0.8943288922309875,True
4.17.N,4.17,N,Em que local do planeta se encontram mais leprosos? Na Ilha Sorokdo.,0,1,-0.70751953125,1.0087890625,1.71630859375,0.15234725177288055,0.8476527333259583,False
5.3651.H,5.3651,H,Qual anime foi baseado na versao brasileira de um futebolista mediamente famoso? Drogba o zé.,1,1,-2.5703125,2.5703125,5.140625,0.005819959565997124,0.9941800832748413,True
4.281.N,4.281,N,Porque é que a galinha fez um striptease na capoeira? Para chocar os galos.,0,1,-1.1669921875,0.9091796875,2.076171875,0.1114344447851181,0.8885655403137207,False
5.148.H,5.148,H,Qual é o cantor favorito dos anões? Toquinho.,1,0,3.56640625,-2.966796875,-6.533203125,0.9985477328300476,0.001452227937988937,False
5.569.H,5.569,H,"Qual personagem histórico sempre pede um sorvetão? Alesundae, o Grande.",1,1,-2.89453125,2.88671875,5.78125,0.00307536986656487,0.9969245791435242,True
5.3825.N,5.3825,N,Qual o mês do Popó? Agosto.,0,0,1.048828125,-0.716796875,-1.765625,0.8539127111434937,0.14608724415302277,True
5.1093.H,5.1093,H,Qual doença que todos filósofos têm? Tendi Nietzsche.,1,1,-2.978515625,3.0703125,6.048828125,0.0023550675250589848,0.9976449608802795,True
5.850.H,5.850,H,Qual o X-Men que morre de vontade de conhecer o Inri Cristo? Vou ver Inri.,1,1,-3.22265625,3.14453125,6.3671875,0.0017140385461971164,0.9982859492301941,True
4.264.H,4.264,H,Porque é que na escola as loiras desenham sempre florzinhas e coraçõezinhos no caderno? Porque assim decoram a matéria.,1,0,2.9609375,-2.583984375,-5.544921875,0.9961079955101013,0.003892041277140379,False
4.28.H,4.28,H,Voltei a dizer à minha mãe que queria ser pianista. Ela diz que estou sempre a bater na mesma tecla.,1,0,1.59765625,-1.9609375,-3.55859375,0.9723097085952759,0.027690257877111435,False
5.3726.N,5.3726,N,Qual humorista não usa microfone de mão? Helio de La Peña,0,0,3.3515625,-2.85546875,-6.20703125,0.9979888200759888,0.0020111585035920143,True
5.1545.H,5.1545,H,Qual comida que tá sempre distante? Far ofa.,1,1,-3.39453125,3.181640625,6.576171875,0.0013912338763475418,0.9986087679862976,True
5.285.H,5.285,H,Qual personagem carnavalesco não é stereo? Rei Mono,1,0,1.4208984375,-1.181640625,-2.6025390625,0.9310247898101807,0.06897519528865814,False
1.4.N,1.4,N,O que uma impressora falou para a outra? Essa folha é sua ou é alguma minha?,0,0,1.947265625,-2.01953125,-3.966796875,0.9814178347587585,0.01858215034008026,True
5.910.H,5.910,H,Qual é a reta que canta muito? A Reta Franklin.,1,1,-2.0625,2.310546875,4.373046875,0.01245565339922905,0.9875444173812866,True
5.1981.N,5.1981,N,Como se chama o ato de um ministro alterar a primeira emenda? Uma medida provisória,0,0,3.431640625,-2.9765625,-6.408203125,0.9983547329902649,0.0016452716663479805,True
5.283.H,5.283,H,O que o coveiro disse quando pediram a ele para gerenciar o cemitério? Isso não é da minha ossada.,1,1,-1.73828125,1.525390625,3.263671875,0.03683870658278465,0.963161289691925,True
5.317.H,5.317,H,Qual banda é formada por um padre? É o Tchan! Com Padre Washington.,1,0,1.44921875,-1.0732421875,-2.5224609375,0.9257014989852905,0.07429851591587067,False
4.158.H,4.158,H,Uma mulher estava indecisa entre comprar uma blusa azul e uma vermelha. Acabou por levar a vermelha. Qual é o filme? Largou a azul.,1,0,1.361328125,-1.6923828125,-3.0537109375,0.9549424648284912,0.04505753144621849,False
5.1050.H,5.1050,H,Qual a serie de anime que louva o tabaco? Charuto.,1,0,3.26953125,-2.658203125,-5.927734375,0.9973425269126892,0.0026574311777949333,False
5.1000.H,5.1000,H,Qual cantora tentou adotar Jesus Cristo? Dê-me o Louvado.,1,1,-1.30859375,1.33984375,2.6484375,0.06608538329601288,0.9339146018028259,True
5.1475.H,5.1475,H,Qual pico mais gelado que existe? O pico lé.,1,1,-0.33740234375,0.70703125,1.04443359375,0.26029545068740845,0.7397046089172363,True
4.51.N,4.51,N,Como se encontra um cego numa praia de nudistas? Está vestido.,0,0,3.208984375,-2.8203125,-6.029296875,0.9975985884666443,0.0024014052469283342,True
4.90.H,4.90,H,"Como é que se diz ""copia bem"" em inglês? Copyright.",1,0,2.87109375,-2.322265625,-5.193359375,0.9944773316383362,0.005522650200873613,False
5.782.N,5.782,N,Qual a tartaruga ninja que mais gosta de dormir? O Leonardo.,0,0,2.666015625,-2.318359375,-4.984375,0.9932025074958801,0.00679753115400672,True
5.3008.H,5.3008,H,O que o cara gripado faz quando está perto de um grupo de mulheres? Contamina.,1,1,-2.98828125,2.580078125,5.568359375,0.0038022249937057495,0.9961977601051331,True
5.1403.H,5.1403,H,Por que o próximo técnico da seleção ficará contra a parede? Porque ele é Pós-Tite.,1,1,-2.70703125,2.646484375,5.353515625,0.004709205590188503,0.9952907562255859,True
5.1279.N,5.1279,N,Qual ator mirim não lava os dentes? MaCarie Culkin.,0,0,3.22265625,-2.890625,-6.11328125,0.9977916479110718,0.0022083891090005636,True
5.806.N,5.806,N,"Em qual época o Brasileiro foi mais magro? Na época do movimento "" Caras Pintadas "".",0,0,2.65625,-2.3515625,-5.0078125,0.9933589100837708,0.006641112733632326,True
5.2896.H,5.2896,H,Qual cantor só pode ser visto pela internet? Carlinhos Browser ,1,1,-1.7646484375,1.9404296875,3.705078125,0.024007748812437057,0.9759923219680786,True
5.2507.N,5.2507,N,Qual é o aparelho que nunca para de mexer? A biruta.,0,0,0.623046875,-0.7548828125,-1.3779296875,0.7986582517623901,0.2013416886329651,True
5.1974.H,5.1974,H,Por que o cara entrou com seu veículo no mar? Porque era car naval ,1,1,-2.833984375,2.88671875,5.720703125,0.003266699379310012,0.9967333078384399,True
4.594.H,4.594,H,Porque é que o livro de matemática se suicidou? Tinha muitos problemas.,1,0,2.986328125,-2.66796875,-5.654296875,0.9965097308158875,0.0034902107436209917,False
4.121.N,4.121,N,"Como é que se diz "" fim "" em japonês? Fimu.",0,1,-2.25390625,2.0390625,4.29296875,0.013480103574693203,0.9865199327468872,False
5.2269.N,5.2269,N,Qual país em que todo mundo ta sempre na academia? Itália,0,0,3.43359375,-2.904296875,-6.337890625,0.9982351064682007,0.0017649073852226138,True
5.1001.N,5.1001,N,"O filho pediu para o pai levá-lo para ver boosa nova e o pai concordou . Qual é o nome da música? "" Eu sei que vou te amar...""",0,0,1.947265625,-1.9638671875,-3.9111328125,0.9803749918937683,0.01962496154010296,True
4.159.H,4.159,H,Qual é o elemento químico mais comum nas discotecas? É o TUNGS! TUNGS! ténio.,1,1,-2.833984375,2.783203125,5.6171875,0.003621685318648815,0.9963783621788025,True
4.318.H,4.318,H,Vira-se um guitarrista para um baixista: Então o que fazes aqui por estas bandas?,1,0,2.771484375,-2.39453125,-5.166015625,0.9943251013755798,0.005674875341355801,False
5.1370.N,5.1370,N,Por que o marido e a esposa foram ao psicólogo? Porque estavam passando por uma fase difícil.,0,0,3.431640625,-3.03125,-6.462890625,0.9984421133995056,0.0015578481834381819,True
5.358.N,5.358,N,Qual cidade incentiva o uso do tato? Curitiba.,0,0,3.37890625,-2.90234375,-6.28125,0.9981324076652527,0.001867565792053938,True
5.1620.H,5.1620,H,Qual é a comida que quase tirou nota dez? Strogonove.,1,0,3.3671875,-3.01953125,-6.38671875,0.9983189702033997,0.001680941553786397,False
5.1001.H,5.1001,H,"O filho pediu para o pai levá-lo para ver tartarugas e o pai concordou. Qual é o nome da música? ""Eu sei que vou Tamar...""",1,1,-1.8232421875,1.455078125,3.2783203125,0.0363224633038044,0.9636775851249695,True
4.480.H,4.480,H,"Como é que se diz ""surpresa"" em chinês? Chan-chan-chan-chan!",1,1,-2.638671875,2.421875,5.060546875,0.006302121561020613,0.9936979413032532,True
5.1570.H,5.1570,H,"Uma pessoa com o apelido Lu, foi para a padaria com suas duas irmãs Ana. Qual o nome da pessoa? Lu sem Anas",1,1,-2.609375,2.486328125,5.095703125,0.006085737142711878,0.9939143061637878,True
4.565.N,4.565,N,Qual é o chocolate que só tem duas semanas de validade? O Kinder.,0,1,-1.328125,1.7666015625,3.0947265625,0.04332530498504639,0.9566746950149536,False
5.2351.H,5.2351,H,Qual é o árbitro que expulsa as pessoas e elas nunca mais podem voltar? O BANdeirinha.,1,1,-2.720703125,2.623046875,5.34375,0.004755199886858463,0.9952448010444641,True
4.324.H,4.324,H,Quais são as escadas que demoram mais a subir? São as escadas em caracol.,1,0,0.52490234375,-0.99169921875,-1.5166015625,0.8200374841690063,0.17996248602867126,False
5.2938.H,5.2938,H,Qual é a comida do pássaro gigante que toca trompete? O alpistão.,1,1,-1.8232421875,2.05078125,3.8740234375,0.020351815968751907,0.9796481728553772,True
5.240.H,5.240,H,O Continente nao estava se sentindo bem. O que ele tinha? Ásia.,1,0,1.94921875,-1.779296875,-3.728515625,0.9765353798866272,0.023464657366275787,False
5.2912.H,5.2912,H,Qual é o prato de carne branca que nenhum cozinheiro acerta? Fracassei de Frango ,1,1,-2.841796875,2.873046875,5.71484375,0.003285833168774843,0.9967142343521118,True
5.1314.N,5.1314,N,Por que a manicure foi demitida? Porque ela estava chengando atrasada.,0,1,-0.7646484375,0.921875,1.6865234375,0.15623359382152557,0.843766450881958,False
5.2056.N,5.2056,N,Qual é o jogo da pessoa gripada? Overcooked,0,1,-2.109375,2.09375,4.203125,0.014728614129126072,0.9852713346481323,False
5.1849.H,5.1849,H,Qual a parte do corpo mais atrai senhoras? O umbingo.,1,0,1.7685546875,-1.591796875,-3.3603515625,0.9664421677589417,0.033557821065187454,False
5.3651.N,5.3651,N,Qual anime foi baseado na versao brasileira de um futebolista mediamente famoso? Dragon Ball Z.,0,0,3.2734375,-2.8359375,-6.109375,0.9977830052375793,0.0022170129232108593,True
4.695.N,4.695,N,"Qual é o contrário de "" extraordinário ""? Banal.",0,0,2.150390625,-2.115234375,-4.265625,0.986151397228241,0.013848611153662205,True
5.2609.N,5.2609,N,O que o anão estava fazendo com a bola de futebol? Chutes.,0,0,3.556640625,-2.974609375,-6.53125,0.9985449314117432,0.0014550628839060664,True
5.2895.H,5.2895,H,Qual cantor só vê notícias pela internet? Ig Pop ,1,1,-1.9150390625,2.0234375,3.9384765625,0.01910572685301304,0.9808942675590515,True
5.1335.N,5.1335,N,Qual é o youtuber que mais economiza na luz? O Whindersson Nunes.,0,1,-0.242431640625,0.67529296875,0.917724609375,0.285421758890152,0.7145782709121704,False
5.2751.N,5.2751,N,Qual aviamento não para quieto? Os botões,0,0,2.728515625,-2.44140625,-5.169921875,0.9943471550941467,0.005652876570820808,True
5.2009.N,5.2009,N,Nome do cara que não joga na linha? O goleiro,0,0,3.37890625,-2.802734375,-6.181640625,0.9979372024536133,0.0020627700723707676,True
5.793.N,5.793,N,Qual a rede social mais usada pelas mulheres no Oriente Médio? Instagram.,0,0,3.36328125,-3.083984375,-6.447265625,0.9984176158905029,0.001582341967150569,True
5.2210.H,5.2210,H,Qual é o filme dirigido por Jordan Peele e Sérgio Mallandro? CoRRÁ!,1,1,-2.591796875,2.736328125,5.328125,0.004829721990972757,0.9951702952384949,True
5.4025.H,5.4025,H,Nome de cervejaria em homenagem a um grande cantor brasileiro? CauBEER PeiCHOPPS.,1,1,-2.888671875,2.978515625,5.8671875,0.0028228326700627804,0.9971771240234375,True
5.604.N,5.604,N,Qual é a loja que no ENEM só chutava a terceira e primeira alternativas? Renner.,0,0,3.515625,-2.884765625,-6.400390625,0.9983417987823486,0.001658154185861349,True
5.2259.N,5.2259,N,Qual a semelhança entre o trovão e a privada? Os dois vem sempre acompanhado de calor,0,1,-1.15625,1.4873046875,2.6435546875,0.0663873702287674,0.933612585067749,False
5.1393.H,5.1393,H,Qual é a banda de pagode mais famosa no mundo dos animes? Sorriso Naruto.,1,1,-2.77734375,2.705078125,5.482421875,0.004142016638070345,0.9958580136299133,True
4.477.N,4.477,N,"Perguntei a um francês se jogava videojogos . "" Oui "".",0,1,-0.489501953125,0.2342529296875,0.7237548828125,0.3265666663646698,0.6734333038330078,False
5.3119.H,5.3119,H,Qual o nome da mãe do super-herói que nunca vai em praia com águas geladas? Martha Kent.,1,0,2.646484375,-2.14453125,-4.791015625,0.9917643666267395,0.008235630579292774,False
5.806.H,5.806,H,"Em qual época o Brasileiro foi mais magro? Na época do movimento ""Dietas Já"".",1,0,2.337890625,-2.291015625,-4.62890625,0.9903290271759033,0.009670993313193321,False
5.232.H,5.232,H,Qual é o perfume do zagueiro ruim? Mal beque.,1,1,-2.84375,3.009765625,5.853515625,0.00286157988011837,0.9971383810043335,True
5.3511.N,5.3511,N,Qual ex-piloto era um índio pronto pro ataque? Nenhum.,0,0,2.96484375,-2.544921875,-5.509765625,0.995969295501709,0.004030743148177862,True
4.283.N,4.283,N,Qual é o carro que consegue transportar mais porcos? É o Nissan Qashqai.,0,1,-1.1123046875,1.1181640625,2.23046875,0.09704755991697311,0.9029524326324463,False
5.3537.N,5.3537,N,Qual rockeiro não come? É o Regime Hendrix.,0,1,-1.541015625,1.59375,3.134765625,0.041695769876241684,0.958304226398468,False
5.3385.H,5.3385,H,Qual atriz tá com o demônio no corpo? Zezé Possessa.,1,0,3.462890625,-3.0625,-6.525390625,0.9985363483428955,0.0014636011328548193,False
5.489.H,5.489,H,Qual piloto tem pacto com o Diabo? Exumacher.,1,1,-3.1640625,3.26171875,6.42578125,0.001616650028154254,0.9983834028244019,True
5.3231.H,5.3231,H,Por que o rapaz não mostrou os slides em sua apresentação na empresa? Porque ele Esxcel de levar.,1,1,-2.08984375,2.03515625,4.125,0.01590639166533947,0.9840936064720154,True
5.1837.N,5.1837,N,"O que o cachorro falou pro dono depois que tomou um esporro? Desculpa, você tem toda a razão.",0,0,3.1953125,-2.73828125,-5.93359375,0.9973580241203308,0.0026419467758387327,True
5.2362.H,5.2362,H,Qual é o tipo de gol que vale uma fortuna no mercado? Gold Letra.,1,1,-2.78125,2.900390625,5.681640625,0.003396387677639723,0.9966036081314087,True
5.150.N,5.150,N,"Qual a expressão que hora é de uma pessoa, hora é de todo mundo? Meu Deus.",0,0,3.220703125,-2.75390625,-5.974609375,0.9974639415740967,0.002536047250032425,True
5.3526.H,5.3526,H,O que fez o garçom militar? Serviu o exército.,1,0,3.03125,-2.458984375,-5.490234375,0.9958900809288025,0.004109915345907211,False
4.489.H,4.489,H,Hoje de manhã consegui empilhar catorze panquecas. Aquilo é que foi um pequeno-almoço equilibrado.,1,0,2.162109375,-2.34375,-4.505859375,0.9890764951705933,0.010923455469310284,False
4.203.N,4.203,N,Comprei uns sapatos com lâmpadas LED na sola . Pode-se dizer que emitem luz led.,0,0,2.015625,-1.818359375,-3.833984375,0.9788343906402588,0.021165618672966957,True
4.277.N,4.277,N,Como é que os alpinistas se cumprimentam? Como é que é!,0,0,2.88671875,-2.5,-5.38671875,0.9954439401626587,0.004556114319711924,True
5.3670.H,5.3670,H,Qual país que as pessoas não tem o dedo polegar? SenLegal.s,1,1,-3.328125,3.3125,6.640625,0.00130450667347759,0.9986955523490906,True
4.51.H,4.51,H,Como se encontra um cego numa praia de nudistas? Não é duro.,1,0,1.623046875,-1.3564453125,-2.9794921875,0.95163893699646,0.04836098849773407,False
5.1387.H,5.1387,H,Qual cantora escreveu Sitio do Picapau Amarelo? A Demi Lobato.,1,1,-0.82666015625,1.16796875,1.99462890625,0.11976799368858337,0.8802319765090942,True
4.58.N,4.58,N,O que são cinco heróis coloridos num jardim? São os Flower Rangers.,0,0,1.7119140625,-1.4404296875,-3.15234375,0.9590010046958923,0.04099903255701065,True
5.2977.N,5.2977,N,Qual escola só tem negão criança? Negro é tudo júnior.,0,1,-1.826171875,2.2890625,4.115234375,0.016059979796409607,0.9839400053024292,False
4.100.N,4.100,N,A Anabela estava com prisão de ventre mas mesmo assim foi à sanita . Qual é o filme? Tentação.,0,0,2.9296875,-2.513671875,-5.443359375,0.9956936836242676,0.0043063051998615265,True
4.663.N,4.663,N,Por que é que a professora usa óculos escuros na aula? Porque os seus olhos são sensiveis.,0,0,0.72900390625,-1.2880859375,-2.01708984375,0.8825797438621521,0.1174202486872673,True
5.3509.H,5.3509,H,Qual é o cantor que tem problemas respiratórios? Erasma Carlos.,1,0,3.34375,-2.87109375,-6.21484375,0.9980044960975647,0.001995538594201207,False
5.3058.N,5.3058,N,Qual assassino possui um vasto conhecimento? John Wick.,0,0,3.302734375,-2.689453125,-5.9921875,0.9975080490112305,0.002491967985406518,True
4.151.N,4.151,N,Qual é a sobremesa que nunca sai direita? É a pavlova.,0,0,2.056640625,-1.9619140625,-4.0185546875,0.9823386073112488,0.01766139827668667,True
3.14.N,3.14,N,Por que as plantas pequenas não falam? Porque elas são plantas.,0,0,2.85546875,-2.537109375,-5.392578125,0.995470404624939,0.004529616329818964,True
5.3664.H,5.3664,H,Em qual faculdade o negão só entrava pelado? Nutição.,1,1,-2.783203125,2.802734375,5.5859375,0.0037362207658588886,0.9962638020515442,True
5.2362.N,5.2362,N,Qual é o tipo de gol que vale uma fortuna no mercado? Gol de letra.,0,1,-0.763671875,1.046875,1.810546875,0.14057204127311707,0.8594279289245605,False
5.724.H,5.724,H,Por que o 14 é melhor que o 15? Porque ele é fortinho.,1,0,-0.01108551025390625,-0.219970703125,-0.20888519287109375,0.5520322322845459,0.4479677379131317,False
5.2014.H,5.2014,H,Em que parte do casa todos se encontram? Na área de ser visto ,1,0,1.84765625,-1.9453125,-3.79296875,0.9779677391052246,0.02203226275742054,False
5.1009.H,5.1009,H,O que o 7 perguntou pro amigo dele? Cê vem?,1,0,3.5234375,-2.8515625,-6.375,0.9982993006706238,0.0017007224960252643,False
5.3010.N,5.3010,N,Qual cantor é fera em matemática? Carlos Drummond de Andrade.,0,0,3.5859375,-3.044921875,-6.630859375,0.9986826777458191,0.001317291520535946,True
5.912.H,5.912,H,Qual é a parte do computador que não é do bem? O mouse.,1,0,3.3984375,-2.830078125,-6.228515625,0.9980314373970032,0.001968494849279523,False
5.1593.N,5.1593,N,Qual é o filme da Xuxa que se passa em um bosque? Xuxa e os Duendes.,0,0,3.111328125,-2.701171875,-5.8125,0.9970190525054932,0.002981032943353057,True
5.3703.N,5.3703,N,Que atriz trabalha como lixeira? Mia Goth.,0,1,-2.439453125,2.39453125,4.833984375,0.007891984656453133,0.9921080470085144,False
5.2951.N,5.2951,N,Qual é o personagem de Chaves que gosta de ficar rodando bolas? O Professor Gira Falos.,0,1,-2.302734375,2.3828125,4.685546875,0.009143315255641937,0.9908567667007446,False
5.3169.H,5.3169,H,Que rainha rosna como música? Queen Lati Fa.,1,1,-2.650390625,2.46484375,5.115234375,0.0059687308967113495,0.9940312504768372,True
5.2468.N,5.2468,N,Qual é o Rapper que toca sempre as mesmas músicas? Soulja Boy.,0,1,-2.640625,2.552734375,5.193359375,0.005522650200873613,0.9944773316383362,False
5.184.H,5.184,H,Qual é o cantor que acha tudo um exagero? Agnaldo Too Much.,1,1,-3.060546875,2.958984375,6.01953125,0.0024249141570180655,0.9975751042366028,True
4.318.N,4.318,N,Vira-se um guitarrista para um baixista: Então o que fazes aqui por estas paragens?,0,0,2.66015625,-2.318359375,-4.978515625,0.9931628704071045,0.006837205030024052,True
4.528.N,4.528,N,Como é que os professores de matemática se mantêm em forma? Com exercício.,0,0,3.37109375,-2.873046875,-6.244140625,0.9980619549751282,0.0019380354788154364,True
5.663.N,5.663,N,Por que tem eleição no mundo das aves? Porque a águia.,0,0,0.95849609375,-0.9345703125,-1.89306640625,0.86910480260849,0.1308952420949936,True
5.3300.N,5.3300,N,Qual é o animal que regurgita muito? Mosca.,0,0,3.47265625,-2.810546875,-6.283203125,0.998136043548584,0.0018639287445694208,True
5.808.H,5.808,H,Por que o caminhão pipa só andava com as rodas de trás?  Porque ele gostava de empinar.,1,0,3.015625,-2.53125,-5.546875,0.9961155652999878,0.0038844766095280647,False
5.2595.H,5.2595,H,Qual animal que gosta muito de você? Lheama.,1,1,-3.373046875,3.345703125,6.71875,0.0012065896298736334,0.998793363571167,True
5.1595.H,5.1595,H,O que acontece quando uma turma de cegos se forma? Um braille de formatura,1,1,-2.5703125,2.869140625,5.439453125,0.00432308716699481,0.9956769347190857,True
5.2366.N,5.2366,N,Qual é o esporte não recomendado a quem tem pressão alta? Futebol.,0,0,3.37109375,-3.021484375,-6.392578125,0.9983288645744324,0.0016711376374587417,True
5.3492.H,5.3492,H,"Qual a banda que, quando nasceu, era alimentada por criminosas? Mamou nas assassinas.",1,1,-2.4609375,1.984375,4.4453125,0.011597362346947193,0.9884026646614075,True
5.2412.H,5.2412,H,"Qual é o doce que luta artes marciais? A ""iá!"" Benta",1,1,-2.2890625,1.9658203125,4.2548828125,0.013996082358062267,0.9860039353370667,True
4.245.N,4.245,N,Que se diz a um homem que via mas agora já não vê? Tu vias.,0,0,0.301025390625,-0.67333984375,-0.974365234375,0.7259887456893921,0.2740112543106079,True
5.3597.N,5.3597,N,Qual atriz cômica tem mania de reparar do pescoço das pessoas? Tara ver neck.,0,1,-3.26953125,3.20703125,6.4765625,0.001536726951599121,0.9984632730484009,False
5.3145.H,5.3145,H,Qual a comida preferida do paciente com Ebola? É bolacha.,1,0,3.2890625,-2.880859375,-6.169921875,0.9979129433631897,0.0020870345178991556,False
4.150.H,4.150,H,Qual é a temperatura de um leão morto? 360º. Porque ele é uma ex-fera.,1,1,-1.888671875,1.6416015625,3.5302734375,0.028463026508688927,0.9715369939804077,True
4.103.N,4.103,N,Qual é a única coisa que se faz sempre em numeração romana? MCLXIV.,0,1,-2.171875,2.080078125,4.251953125,0.0140365706756711,0.9859634041786194,False
5.2952.N,5.2952,N,Qual é o nome do programa que o Sílvio Santos passou a fazer no parque? Roda a Roda Jetski.,0,1,-1.6357421875,1.96484375,3.6005859375,0.02658182755112648,0.973418116569519,False
5.3154.H,5.3154,H,Qual carro não pode faltar no feijão? Fiat Paio.,1,1,-0.65576171875,0.775390625,1.43115234375,0.19291919469833374,0.8070808053016663,True
5.3494.H,5.3494,H,Qual o programa favorito do proctologista? Programa do Retinho.,1,1,-3.009765625,3.0,6.009765625,0.0024486531037837267,0.9975513815879822,True
5.71.N,5.71,N,Qual é o cachorro que mergulha muito? Setter Irlandês.,0,1,-2.9921875,2.85546875,5.84765625,0.0028783478774130344,0.9971216320991516,False
4.611.H,4.611,H,"Como se diz ""tripa de boi"" em espanhol? Intestino del gado.",1,1,-1.060546875,0.8291015625,1.8896484375,0.13128456473350525,0.8687154054641724,True
5.1158.H,5.1158,H,Qual o presidente que foi beber água e não achou nada? Marechal Deodoro da Fonte Seca.,1,1,-2.560546875,2.984375,5.544921875,0.003892041277140379,0.9961079955101013,True
5.1220.N,5.1220,N,Por que só vou à restaurante Self Service? Porque tem tudo aquilo que eu gosto.,0,0,2.546875,-2.46484375,-5.01171875,0.9933846592903137,0.006615393329411745,True
5.2166.N,5.2166,N,Qual cantor era lobisomem? O Wando,0,0,3.177734375,-2.62109375,-5.798828125,0.9969780445098877,0.003021944547072053,True
5.1783.H,5.1783,H,Por que os Vikings em Far Cry não andam de taxi? Porque viking vai por uber.,1,1,-3.302734375,3.142578125,6.4453125,0.0015854306984692812,0.9984145164489746,True
4.71.N,4.71,N,Porque é que uma mulher pediu a noz-moscada ao filho na cozinha? Porque não tinha canela para pôr no bolo.,0,1,-1.1484375,0.7119140625,1.8603515625,0.13466209173202515,0.8653379082679749,False
5.555.H,5.555,H,Qual o sanduíche preferido da turma do Chaves? X-pirito.,1,1,-0.7587890625,1.0341796875,1.79296875,0.1427091360092163,0.8572908639907837,True
4.356.H,4.356,H,O Rodolfo adoeceu e o Pai Natal não vai conseguir entregar as prendas. Teve uma insuficiência renal.,1,0,2.451171875,-2.435546875,-4.88671875,0.9925103187561035,0.0074896239675581455,False
4.733.H,4.733,H,Há anos que procurava um cavalo que bebesse vinho. Para encontrar um foi preciso ir a cascos de rolha.,1,1,-2.2265625,1.95703125,4.18359375,0.01501474715769291,0.9849852323532104,True
5.1344.N,5.1344,N,Qual herói ajudou Frodo em sua jornada? O Aragorn.,0,0,0.40234375,-0.489501953125,-0.891845703125,0.7092708945274353,0.2907290756702423,True
5.3586.N,5.3586,N,Por que quando chove pedra elas caem todas certinhas? Porque é bonito.,0,0,2.19140625,-1.84375,-4.03515625,0.982624351978302,0.017375662922859192,True
4.276.H,4.276,H,Uma mulher tropeça e cai em cima de um cão. Qual é o filme? Senta em um dálmata.,1,1,-2.609375,2.8359375,5.4453125,0.004297939129173756,0.9957020878791809,True
5.3060.H,5.3060,H,Qual o nome do assassino voador? Alexandre Nadrone.,1,0,0.370849609375,-0.307373046875,-0.67822265625,0.6633418798446655,0.3366580903530121,False
5.1870.N,5.1870,N,O que você precisa fazer quando perde a senha? Recorrer a recuperação de senha.,0,0,2.2421875,-2.283203125,-4.525390625,0.9892855286598206,0.010714440606534481,True
5.418.H,5.418,H,Quantos chocolates são necessários para voar? 14 bis,1,1,-0.315185546875,0.62939453125,0.944580078125,0.27997612953186035,0.7200238704681396,True
4.193.N,4.193,N,"Hoje, vinte mulheres convidaram-me a sair do WC . Nunca mais entro no WC das mulheres.",0,0,0.908203125,-1.19140625,-2.099609375,0.8908652067184448,0.10913479328155518,True
1.5.H,1.5,H,Por que a galinha bateu a cabeça contra a parede? Para ficar com um galo.,1,0,0.97119140625,-1.212890625,-2.18408203125,0.8988109230995178,0.10118905454874039,False
5.239.N,5.239,N,O que o cantor sertanejo foi fazer no RH? Foi ser demitido por incompetência.,0,0,3.236328125,-2.818359375,-6.0546875,0.9976586103439331,0.0023413405288010836,True
5.2142.H,5.2142,H,Por que os jogadores de vôlei estão sempre no foco da notícia? Porque eles são bons na manchete ,1,0,2.0390625,-1.794921875,-3.833984375,0.9788343906402588,0.021165618672966957,False
4.531.H,4.531,H,Porque é que a Lassie ganiu? Porque estava cheia de collie-cas.,1,1,-3.2578125,3.134765625,6.392578125,0.0016711376374587417,0.9983288645744324,True
4.261.N,4.261,N,Porque é que os meninos não jogam voleibol? Porque têm medo da rede.,0,0,1.4580078125,-1.7802734375,-3.23828125,0.9622496962547302,0.03775027021765709,True
4.96.H,4.96,H,Que nome se dá a um cacto engraçado? Ri-cardo.,1,1,-3.40625,3.326171875,6.732421875,0.0011902251280844212,0.998809814453125,True
5.2294.H,5.2294,H,Qual o astrônomo que tinha muita espinha? IsaAC NEwton,1,1,-2.373046875,2.380859375,4.75390625,0.00854433048516512,0.991455614566803,True
4.125.N,4.125,N,O que é que os russos dizem quando mandam uma bola ao cão? Vai!,0,0,1.5009765625,-1.1767578125,-2.677734375,0.9356999397277832,0.0643000602722168,True
5.704.H,5.704,H,Qual cerveja é comum nos navios? Skol Tilha.,1,1,-1.294921875,1.85546875,3.150390625,0.04107589274644852,0.9589241147041321,True
5.2779.H,5.2779,H,Qual inseto toma muito chá? Marimboldo,1,1,-2.787109375,2.875,5.662109375,0.0034631434828042984,0.9965368509292603,True
5.2226.N,5.2226,N,Por que se ouvia uma nota quando neandertal batia em suas presas? Porque usava uma pedra,0,0,2.423828125,-2.31640625,-4.740234375,0.9913390278816223,0.008660931140184402,True
4.198.H,4.198,H,"Porque é que a febre tifóide é tão perigosa? Porque ou tu a curas, ou ela tifóide mesmo.",1,1,-2.943359375,3.07421875,6.017578125,0.002429643413051963,0.9975703358650208,True
4.370.H,4.370,H,"É boa ideia comprar um relógio em forma de peixe? Não, é uma perca de tempo.",1,0,1.5078125,-1.7919921875,-3.2998046875,0.9644221067428589,0.035577889531850815,False
5.1049.N,5.1049,N,Qual bebiba te dá superpoder? Energético.,0,0,1.9912109375,-1.5830078125,-3.57421875,0.972727358341217,0.027272667735815048,True
4.696.H,4.696,H,"Acabei de comprar um livro chamado ""Caminhadas para Totós"". É um guia passo a passo.",1,1,-0.1912841796875,0.307373046875,0.4986572265625,0.3778562843799591,0.6221437454223633,True
5.2597.H,5.2597,H,Qual seria a profissão perfeita para o Tony Tornado? Promotor de eVENTOS.,1,0,1.7119140625,-1.5712890625,-3.283203125,0.9638481140136719,0.0361519381403923,False
5.3224.N,5.3224,N,Qual comediante comentou sobre a Páscoa em seu texto? Leandro Hassum.,0,0,3.60546875,-3.162109375,-6.767578125,0.9988508224487305,0.0011491554323583841,True
5.636.H,5.636,H,Qual a parte do corpo favorita do Muralha? Es toma gol.,1,1,-3.177734375,3.2734375,6.451171875,0.0015761827817186713,0.9984238147735596,True
5.2225.H,5.2225,H,Por que a mulher chorou muito quando roubaram uma de suas joias? Porque foi uma Perda Preciosa,1,1,-0.947265625,0.38330078125,1.33056640625,0.20906567573547363,0.7909343242645264,True
5.1335.H,5.1335,H,Qual é o youtuber que mais economiza na luz? O Jovem Led.,1,1,-2.11328125,2.150390625,4.263671875,0.013875309377908707,0.9861246943473816,True
4.457.H,4.457,H,Ontem fui ao zoo e vi a minha empregada doméstica numa jaula. O gajo do zoo disse-me que era criada em cativeiro.,1,0,1.5439453125,-2.0234375,-3.5673828125,0.9725454449653625,0.02745460718870163,False
5.2603.H,5.2603,H,Qual cantor enxergava tudo o que o professor escreve em sala de aula? Caetano Vê Lousa.,1,1,-2.60546875,2.87109375,5.4765625,0.004166256636381149,0.9958337545394897,True
5.3434.N,5.3434,N,Por que o Faustão quer que você coloque o Plinio no seu devido lugar? Pra que tu reclames do Plinio.,0,1,-0.7861328125,0.497314453125,1.283447265625,0.2169639766216278,0.7830359935760498,False
4.615.N,4.615,N,"A eletricidade está tão cara, tão cara, que a EDP decidiu mudar o nome para Luz de Ouro.",0,0,1.0458984375,-1.353515625,-2.3994140625,0.9167826771736145,0.08321738243103027,True
5.53.H,5.53,H,Como são classificados os gatos e cachorros no México? Animais do México.,1,0,2.923828125,-2.53515625,-5.458984375,0.9957601428031921,0.004239825531840324,False
5.2155.H,5.2155,H,"Qual o filme preferido do Kiko? Harry Potter e o Cálice Cálice Cálice, você me deixa looouco! ",1,1,-1.2138671875,1.51953125,2.7333984375,0.061031121760606766,0.9389688968658447,True
4.698.N,4.698,N,Qual é a semelhança entre o sol e um avô? Ambos fazem qualquer coisa bonita.,0,0,1.6279296875,-1.78125,-3.4091796875,0.9679902195930481,0.032009802758693695,True
5.1220.H,5.1220,H,Por que só vou à restaurante Self Service? Porque tem tudo a Kilo que eu gosto.,1,1,-2.931640625,2.65625,5.587890625,0.0037289573810994625,0.996271014213562,True
5.572.N,5.572,N,Qual escritor tem vitiligo? Jorge Amado.,0,0,3.62890625,-3.095703125,-6.724609375,0.9988003969192505,0.0011995488312095404,True
5.3164.H,5.3164,H,Qual pintor estava sempre bêbado? Van Grogue.,1,0,2.3203125,-1.9033203125,-4.2236328125,0.9855660796165466,0.014433953911066055,False
5.2410.H,5.2410,H,"Como os cachorros chineses dizem ""oi""? ""NihAU"".",1,1,-1.5078125,1.5810546875,3.0888671875,0.04356881231069565,0.9564311504364014,True
4.327.H,4.327,H,Qual é a panela que se usa quando se está triste? Depressão.,1,0,3.369140625,-2.849609375,-6.21875,0.9980121850967407,0.0019877743907272816,False
4.296.N,4.296,N,O que diz um actor para outro? Tens um andar tão lindo ...,0,0,2.09375,-2.30078125,-4.39453125,0.9878058433532715,0.012194132432341576,True
5.1222.N,5.1222,N,Qual o jornalista esportivo mais inteligente? Galvão Bueno.,0,0,3.6640625,-3.087890625,-6.751953125,0.9988327622413635,0.0011672310065478086,True
4.425.N,4.425,N,"Qual é o cão mais fixe? O pastor alemão, porque tem muita pinta.",0,0,1.9677734375,-1.74609375,-3.7138671875,0.9761973023414612,0.023802664130926132,True
5.3586.H,5.3586,H,Por que quando chove pedra elas caem todas certinhas? Porque eu organizo.,1,0,1.078125,-1.02734375,-2.10546875,0.8914335370063782,0.10856641829013824,False
5.1616.N,5.1616,N,Qual é a pacifista que é um gênio da matemática? Sophie Germain.,0,0,3.208984375,-2.900390625,-6.109375,0.9977830052375793,0.0022170129232108593,True
5.3154.N,5.3154,N,Qual carro não pode faltar no feijão? Fusca.,0,0,3.5859375,-2.904296875,-6.490234375,0.9984840750694275,0.0015158916357904673,True
5.1361.H,5.1361,H,Qual é o melhor legume que existe? A Better raba.,1,1,-3.4296875,3.21484375,6.64453125,0.001299427356570959,0.9987004995346069,True
5.3911.N,5.3911,N,Qual a cidade as pessoas rezam e fazem artesanato? Em Budas Artes.,0,1,-2.787109375,2.783203125,5.5703125,0.003794834017753601,0.9962051510810852,False
5.2760.H,5.2760,H,Qual o grupo musical favorito dos leões? Ruge.,1,0,0.3447265625,-0.09619140625,-0.44091796875,0.6084777116775513,0.39152225852012634,False
4.733.N,4.733,N,Há anos que procurava um Homem  que bebesse vinho . Para encontrar um foi preciso Ir perguntar .,0,1,-0.62109375,0.5078125,1.12890625,0.2443629950284958,0.755636990070343,False
4.708.H,4.708,H,Qual é a cantora preferida dos cirurgiões? É a Anastasia.,1,0,2.83203125,-2.48046875,-5.3125,0.9950946569442749,0.0049054063856601715,False
4.253.N,4.253,N,Porque é que os polícias não gostam de sabão? Porque preferem sabonete.,0,0,0.9833984375,-1.2412109375,-2.224609375,0.9024378061294556,0.09756222367286682,True
5.2789.H,5.2789,H,por que o beta não avança no relacionamento? porque se não ele gama. ,1,1,-2.76953125,2.4609375,5.23046875,0.005322535056620836,0.9946774244308472,True
5.2343.H,5.2343,H,Qual jornalista esportivo é ainda adolescente? TEENo Marcos.,1,1,-3.08984375,3.02734375,6.1171875,0.0021997978910803795,0.9978001713752747,True
5.3511.H,5.3511,H,Qual ex-piloto era um índio pronto pro ataque? Mim Ka Salo.,1,1,-3.009765625,2.982421875,5.9921875,0.002491967985406518,0.9975080490112305,True
5.3997.H,5.3997,H,Qual a primeira menstruação bíblica? A Menarca de Noé.,1,1,-1.939453125,1.916015625,3.85546875,0.020725062116980553,0.9792749285697937,True
5.3668.N,5.3668,N,Por que o frango caipira não tem problemas jurídicos de identidade? Porque ele não tem hormônios.,0,0,3.17578125,-2.734375,-5.91015625,0.9972955584526062,0.0027044296730309725,True
5.429.H,5.429,H,Qual o chocolate que dá mais energia? Choquito.,1,1,-2.70703125,3.01953125,5.7265625,0.0032476766500622034,0.9967523813247681,True
4.362.H,4.362,H,"Uma família estava perdida no deserto há mais de dois meses, até que encontraram um rio onde todos tomaram banho, exceto a avó. Qual é o filme? A avó tá imunda há 80 dias.",1,0,1.8349609375,-1.974609375,-3.8095703125,0.9783226251602173,0.021677374839782715,False
5.426.H,5.426,H,Qual criatura mitológica criou um calendário só com 11 signos? Menostouro.,1,0,0.99072265625,-0.984375,-1.97509765625,0.8781575560569763,0.1218423992395401,False
5.591.H,5.591,H,Qual cerveja é exclusiva do Rio de Janeiro? Schincarioca.,1,1,-0.92724609375,1.2900390625,2.21728515625,0.09820897877216339,0.9017910361289978,True
5.3529.N,5.3529,N,Que estilo de filme tem dois atores se esfregando? Pornô.,0,0,3.28515625,-3.021484375,-6.306640625,0.9981791973114014,0.0018208295805379748,True
5.3431.N,5.3431,N,Qual cidade espanhola preferida pelo Faustão? Barcelona nos Trinta.,0,1,-2.66015625,2.625,5.28515625,0.005040702410042286,0.9949592351913452,False
4.151.H,4.151,H,Qual é a sobremesa que nunca sai direita? É a torta.,1,0,3.142578125,-2.646484375,-5.7890625,0.9969485402107239,0.0030515105463564396,False
5.3958.N,5.3958,N,Qual o sorvete favorito dos escoceses? Whisky na neve.,0,0,1.56640625,-1.171875,-2.73828125,0.9392480850219727,0.06075190007686615,True
4.543.H,4.543,H,Em que unidades se medem os cães? Em pulgadas.,1,1,-0.230712890625,0.30078125,0.531494140625,0.3701684772968292,0.6298315525054932,True
5.848.N,5.848,N,Qual personagem da Disney que ninguém gosta? Jafar.,0,0,3.478515625,-2.90625,-6.384765625,0.9983158111572266,0.0016842226032167673,True
4.724.H,4.724,H,"Como é que se diz ""abacate"" no Brasil? Abacaxi.",1,0,3.611328125,-2.9453125,-6.556640625,0.9985814094543457,0.0014186347834765911,False
5.3379.H,5.3379,H,"Qual atriz que mesmo sem companhia, nunca anda sozinha? Uma Thurman.",1,0,2.9296875,-2.576171875,-5.505859375,0.9959535598754883,0.004046455025672913,False
5.3834.N,5.3834,N,Qual o ex desgraçado que se empanturra na fazenda? Ex Como um Gado.,0,1,-3.15625,2.921875,6.078125,0.0022872271947562695,0.9977127313613892,False
5.30.H,5.30,H,Por que o elefante não pega fogo? Porque ele é cinza.,1,0,1.5205078125,-1.3271484375,-2.84765625,0.9451974034309387,0.05480259656906128,False
4.464.H,4.464,H,Onde se encontram os piores restaurantes italianos? Massamá.,1,1,-1.66796875,1.5966796875,3.2646484375,0.036804068833589554,0.9631959199905396,True
5.2687.N,5.2687,N,Qual é a banda que não toca em bares nem em praças? Incubus,0,0,0.332275390625,-0.1373291015625,-0.4696044921875,0.6152901649475098,0.3847098648548126,True
4.229.H,4.229,H,A minha amiga asiática ficou doente. Mas eu Coreia.,1,1,-1.810546875,1.6748046875,3.4853515625,0.029731910675764084,0.9702680706977844,True
5.2294.N,5.2294,N,Qual o astrônomo que tinha muita espinha? Newton,0,0,3.25,-2.6328125,-5.8828125,0.9972207546234131,0.0027791904285550117,True
4.485.H,4.485,H,Há duas formas de os deputados saírem do parlamento: Há com boleia e Assembleia.,1,1,-2.61328125,2.80859375,5.421875,0.004399412777274847,0.9956005811691284,True
5.4006.N,5.4006,N,Por que Caim matou Abel? Porque Abel era obediente.,0,0,3.166015625,-2.873046875,-6.0390625,0.9976218342781067,0.002378123579546809,True
4.290.H,4.290,H,Como é que o Camões ficou zarolho? A mãe estava a cozinhar e disse-lhe: Luís vou ali à loja. Deita-me aí um olho na comida.,1,1,-0.58349609375,0.309814453125,0.893310546875,0.2904271185398102,0.7095728516578674,True
5.2824.N,5.2824,N,Como o Batman dorme? De lado,0,0,2.990234375,-2.435546875,-5.42578125,0.9956176280975342,0.004382336512207985,True
5.1370.H,5.1370,H,Por que o Mario e o Luigi foram ao psicólogo? Porque estavam passando por uma fase difícil.,1,0,3.328125,-2.939453125,-6.267578125,0.9981067180633545,0.0018932255916297436,False
5.3997.N,5.3997,N,Qual a primeira menstruação bíblica? A de Eva.,0,0,2.525390625,-2.40234375,-4.927734375,0.9928091764450073,0.007190811913460493,True
4.646.N,4.646,N,Qual é a rocha preferida nos relógios . O quartzo.,0,0,2.93359375,-2.533203125,-5.466796875,0.9957929849624634,0.004206969402730465,True
4.741.H,4.741,H,Por que é que os pugilistas não conseguem pescar? Porque têm a cana partida.,1,1,-2.001953125,2.189453125,4.19140625,0.014899643138051033,0.9851003289222717,True
5.1591.H,5.1591,H,Qual é o filme em que um salgado lidera um exército em busca da vitória? Croissant Valente.,1,1,-1.52734375,1.6435546875,3.1708984375,0.04027567803859711,0.9597243666648865,True
5.4025.N,5.4025,N,Nome de cervejaria em homenagem a um grande cantor brasileiro? Capitão Bock.,0,1,-1.0693359375,1.8115234375,2.880859375,0.05310790613293648,0.9468920826911926,False
5.3103.H,5.3103,H,Doença comum nos detergentes? Sapólio mielite.,1,1,-2.966796875,3.212890625,6.1796875,0.0020667945500463247,0.9979332685470581,True
5.3010.H,5.3010,H,Qual cantor é fera em matemática? Carlos Kumon de Andrade.,1,0,3.431640625,-3.013671875,-6.4453125,0.9984145164489746,0.0015854306984692812,False
5.999.H,5.999,H,Qual desodorante ajuda a ir para o céu? Is pray.,1,1,-3.0390625,3.068359375,6.107421875,0.00222133775241673,0.9977787137031555,True
5.3355.H,5.3355,H,O que mais excita o fazendeiro ? EmpôlGado no Pasto.,1,1,-3.23046875,3.115234375,6.345703125,0.0017511968035250902,0.998248815536499,True
5.3601.N,5.3601,N,Qual cantora que mais tem acnes? Britney.,0,0,3.3828125,-2.951171875,-6.333984375,0.9982282519340515,0.001771802781149745,True
4.500.H,4.500,H,Porque é que o Voldemort tem Instagram mas não tem Facebook? Porque ele prefere ter seguidores em vez de amigos.,1,0,2.994140625,-2.53515625,-5.529296875,0.9960468411445618,0.003953089937567711,False
5.537.N,5.537,N,Onde se guardam as pequenas coisas? No armário do banheiro.,0,0,3.494140625,-2.923828125,-6.41796875,0.9983707070350647,0.0016293087974190712,True
5.350.H,5.350,H,Qual o dinossauro que faz sequestros rápidos? O Velocirapto.,1,1,-3.046875,3.00390625,6.05078125,0.0023504828568547964,0.9976494908332825,True
4.397.H,4.397,H,Porque é que os portugueses emigram para o Canadá? Porque cánadá.,1,1,-3.353515625,3.083984375,6.4375,0.0015978454612195492,0.9984021782875061,True
1.2.H,1.2,H,Nós chamamos de meio ambiente porque já destruímos metade?,1,0,1.6474609375,-1.3994140625,-3.046875,0.954647421836853,0.04535257816314697,False
5.2366.H,5.2366,H,Qual é o esporte não recomendado a quem tem pressão alta? FutSAL.,1,1,-3.24609375,3.2890625,6.53515625,0.0014493984635919333,0.9985505938529968,True
5.2059.N,5.2059,N,Qual é o vírus baixa renda? Corona vírus,0,1,-3.162109375,3.19921875,6.361328125,0.0017240936867892742,0.998275876045227,False
5.1107.N,5.1107,N,Qual filósofo sofreu de um exorcismo? O Demócrito.,0,0,0.92822265625,-1.076171875,-2.00439453125,0.8812576532363892,0.11874229460954666,True
5.2196.H,5.2196,H,Qual é o Personagem histórico favorito do bode? Pedro Álvares Cabral ,1,0,3.49609375,-2.86328125,-6.359375,0.9982725381851196,0.0017274586716666818,False
4.531.N,4.531,N,Porque é que a Lassie ganiu? Porque estava cheia de dores.,0,0,1.671875,-1.4873046875,-3.1591796875,0.9592689275741577,0.04073109105229378,True
4.457.N,4.457,N,Ontem fui ao zoo e vi a minha cobra doméstica numa jaula . O gajo do zoo disse-me que era criada em cativeiro.,0,0,1.560546875,-2.060546875,-3.62109375,0.9739436507225037,0.026056304574012756,True
5.30.N,5.30,N,Por que o elefante não pega fogo? Porque ele é branco.,0,0,3.052734375,-2.416015625,-5.46875,0.9958011507987976,0.004198794718831778,True
5.56.N,5.56,N,Qual creme de barbear parece um esperma? Nivea.,0,0,2.193359375,-2.056640625,-4.25,0.9859364032745361,0.014063626527786255,True
1.2.N,1.2,N,Nós chamamos de meio ambiente porque já destruímos os lados?,0,1,-0.4267578125,0.1973876953125,0.6241455078125,0.3488392233848572,0.6511607766151428,False
4.201.H,4.201,H,Era uma vez uma cidade onde quase todas as motos eram Yamaha. Qual é o filme? Poca Hondas.,1,1,-3.087890625,3.0390625,6.126953125,0.0021784668788313866,0.997821569442749,True
5.3211.H,5.3211,H,Qual o ator favorito do Thor? Odin Carrey.,1,1,-0.6689453125,1.0908203125,1.759765625,0.14681969583034515,0.8531803488731384,True
4.288.H,4.288,H,Um homem foi apanhado a roubar um calendário. Apanhou 12 meses.,1,0,1.15625,-1.4111328125,-2.5673828125,0.928732693195343,0.07126733660697937,False
4.539.N,4.539,N,"Será que os meus amigos vão passar férias a países do médio oriente? Uns, sim . Os outros, não .",0,0,3.330078125,-2.916015625,-6.24609375,0.9980657696723938,0.0019342612940818071,True
5.2689.H,5.2689,H,Renata voltou do médico com o braço furado. Qual é o acontecimento histórico? Rê volta da Vacina.,1,1,-1.98828125,2.203125,4.19140625,0.014899643138051033,0.9851003289222717,True
5.2789.N,5.2789,N,por que o beta não avança no relacionamento? porque se não ele se machuca.,0,0,2.41796875,-2.36328125,-4.78125,0.9916841983795166,0.008315778337419033,True
5.1673.N,5.1673,N,Qual é o nome para se colocar na filha do salva-vidas? Maria.,0,0,3.580078125,-3.033203125,-6.61328125,0.9986593723297119,0.0013406204525381327,True
5.2938.N,5.2938,N,Qual é a comida do pássaro gigante que toca trompete? O alpiste.,0,1,-2.96484375,2.953125,5.91796875,0.0026834397576749325,0.9973165392875671,False
4.117.H,4.117,H,O que é que é de graça mas tem que se pagar? Os serviços de um palhaço.,1,0,3.427734375,-2.80859375,-6.236328125,0.9980467557907104,0.0019532055594027042,False
5.3922.H,5.3922,H,Qual o peido mais assustador? Poltergases.,1,1,-2.9140625,2.9921875,5.90625,0.002714985515922308,0.997285008430481,True
5.250.H,5.250,H,"Por que sempre depois que eu durmo à tarde, eu acordo com 1kg de arroz, de feijão, macarrão, açúcar e etc.? Porque foi uma siesta básica.",1,1,-1.4873046875,1.1328125,2.6201171875,0.0678548812866211,0.9321451187133789,True
5.1046.H,5.1046,H,Qual o canal para fumantes infantis? Carlton Network.,1,0,2.029296875,-1.7353515625,-3.7646484375,0.9773492217063904,0.022650809958577156,False
5.2896.N,5.2896,N,Qual cantor só pode ser visto pela internet? Lucas Inutilismo,0,0,0.82421875,-0.572265625,-1.396484375,0.8016253709793091,0.19837458431720734,True
4.428.N,4.428,N,Eu sempre quis comprar um cavalo . Por isso fui a uma quinta e pedi um orçamento.,0,0,2.45703125,-2.310546875,-4.767578125,0.9915707111358643,0.008429287001490593,True
5.405.N,5.405,N,Onde ficam as maiores dúvidas dos dentistas? Na cabeça.,0,0,2.736328125,-2.666015625,-5.40234375,0.9955142140388489,0.004485794343054295,True
4.398.N,4.398,N,"Era um vez um esquilo tão pequeno, tão pequeno, que em vez de chamar esquilo, chamava-se esquilinho.",0,0,1.97265625,-2.0546875,-4.02734375,0.9824904799461365,0.01750955916941166,True
5.780.N,5.780,N,Qual a mulher que mais gostava de andar de avião? Simone de É Souza.,0,0,2.037109375,-2.001953125,-4.0390625,0.9826908707618713,0.017309093847870827,True
4.98.N,4.98,N,O que é um carro amarelo no trânsito? É um táxi.,0,0,3.265625,-2.83984375,-6.10546875,0.9977743029594421,0.002225670963525772,True
4.433.N,4.433,N,Hoje descobri que a minha torradeira não é à prova de água . Fiquei surpreendido.,0,0,1.2646484375,-1.6240234375,-2.888671875,0.9472835659980774,0.05271640047430992,True
5.2458.N,5.2458,N,"Qual é a semelhança entre uma carta de amor de um ex-goleiro brasileiro e uma luta do Mike Tyson? Ambas podem acabar "" fim "".",0,1,-1.35546875,1.4150390625,2.7705078125,0.05893884226679802,0.9410611987113953,False
5.3379.N,5.3379,N,"Qual atriz que mesmo sem companhia, nunca anda sozinha? Fernanda Montenegro.",0,0,3.5234375,-3.099609375,-6.623046875,0.998672366142273,0.0013276092940941453,True
5.3460.H,5.3460,H,"Qual feriado religioso que não é nem pra preto, nem pra branco? Quarta freira de cinzas.",1,1,-1.7998046875,1.8837890625,3.68359375,0.024516336619853973,0.9754835963249207,True
5.567.H,5.567,H,Que cantor caiu de cara na calçada? Milton No Cimento.,1,1,-3.080078125,3.0625,6.142578125,0.00214476534165442,0.9978552460670471,True
5.3008.N,5.3008,N,O que o cara gripado faz quando está perto de um grupo de doutoras? Contamina.,0,1,-2.787109375,2.748046875,5.53515625,0.003930085804313421,0.9960699081420898,False
5.2238.H,5.2238,H,Qual o programa musical favorito da turma do Chaves? Pops Star ,1,1,-2.40625,2.337890625,4.744140625,0.008627457544207573,0.9913725852966309,True
5.2679.N,5.2679,N,Qual padre é um cavalo? Marcelo Rossi.,0,0,3.439453125,-3.125,-6.564453125,0.9985923171043396,0.0014076103689149022,True
5.3768.H,5.3768,H,Onde o Jabba come? No pizza hutt ,1,1,-2.7890625,2.6875,5.4765625,0.004166256636381149,0.9958337545394897,True
5.2987.N,5.2987,N,Qual microorganismo é viciado em drogas? Bactérias.,0,0,3.203125,-2.77734375,-5.98046875,0.9974787831306458,0.0025212683249264956,True
5.248.H,5.248,H,Qual foi o dinossauro mais zoeiro que existiu? Tirando Sarro Rex.,1,1,-3.125,3.162109375,6.287109375,0.0018566754879429936,0.9981433153152466,True
5.3789.N,5.3789,N,Qual o vinho caro do Lamartine Babo? Merlô.,0,1,-2.208984375,2.47265625,4.681640625,0.009178773500025272,0.9908213019371033,False
5.2974.H,5.2974,H,Qual banda que só usa tenis? Oasics.,1,1,-0.734375,0.71044921875,1.44482421875,0.19079941511154175,0.8092005848884583,True
4.266.H,4.266,H,Porque é que os cangurus não pagam propinas? Porque têm bolsa.,1,1,-1.5791015625,1.5556640625,3.134765625,0.041695769876241684,0.958304226398468,True
5.573.H,5.573,H,Por que o Mickey não precisa ser bem dotado? Porque a Minnie-atura.,1,1,-3.2421875,3.041015625,6.283203125,0.0018639287445694208,0.998136043548584,True
5.868.H,5.868,H,Por que o oftamologista anão foi pra Disney? Pra comprar minnie eye-pads.,1,1,-2.603515625,2.837890625,5.44140625,0.00431468803435564,0.995685338973999,True
5.3581.H,5.3581,H,Qual artista gosta de pintar os personagens de Toy Story usando cores bem vivas? O Andy Warhol.,1,0,3.48828125,-3.01171875,-6.5,0.998498797416687,0.0015011822106316686,False
5.3108.N,5.3108,N,Qual sanduíche do McDonalds te faz sair de qualquer enrascada? Quarteirão.,0,0,2.580078125,-2.365234375,-4.9453125,0.9929336309432983,0.007066401652991772,True
5.317.N,5.317,N,Qual banda é formada por um padre? É o Tchan! Com Alexandre Pires.,0,0,3.41796875,-2.955078125,-6.373046875,0.9982959628105164,0.001704041613265872,True
5.2216.N,5.2216,N,Por que o astronauta desistiu de fazer mingau com farinha de trigo? Porque não havia gravidade,0,0,2.904296875,-2.31640625,-5.220703125,0.9946255087852478,0.005374487489461899,True
5.2083.H,5.2083,H,"Qual figura do carnaval que dá em cima das mulheres? Boneco de Oi, linda! ",1,1,-1.9833984375,1.8720703125,3.85546875,0.020725062116980553,0.9792749285697937,True
5.481.H,5.481,H,Por que a jogadora de baseball foi internada no hospício?  Porque ela não estava batendo bem.,1,0,3.177734375,-2.81640625,-5.994140625,0.997512936592102,0.0024871176574379206,False
4.742.N,4.742,N,O que teria acontecido se Adão e Eva fossem canibais? A Eva teria comido Adão.,0,0,2.12890625,-2.1640625,-4.29296875,0.9865199327468872,0.013480103574693203,True
5.2496.H,5.2496,H,"O que o médico disse para o homem que entrou gemendo de dor no hospital? ""Seja paciente"".",1,0,1.0888671875,-1.4365234375,-2.525390625,0.9259026646614075,0.07409726083278656,False
5.1000.N,5.1000,N,Qual cantora tentou adotar Jesus Cristo? Vanusa.,0,0,3.11328125,-2.724609375,-5.837890625,0.9970934391021729,0.0029065122362226248,True
5.3145.N,5.3145,N,Qual a comida preferida do paciente com Ebola? É biscoito.,0,0,3.443359375,-3.013671875,-6.45703125,0.9984330534934998,0.0015669887652620673,True
5.3353.H,5.3353,H,Qual a música mais ouvida nas cordilheiras? Snow or neve.,1,1,-2.689453125,2.6484375,5.337890625,0.004783010110259056,0.995216965675354,True
2.21.N,2.21,N,"Eu não esperei, mas o ônibus esperou.",0,0,2.630859375,-2.619140625,-5.25,0.9947799444198608,0.005220125894993544,True
5.100.H,5.100,H,Qual a data mais importante do calendário grego? Dia de Ação de Grécias.,1,1,-1.927734375,2.30078125,4.228515625,0.014364656060934067,0.9856352806091309,True
5.1286.N,5.1286,N,Qual o nome do piloto do dirigível? Feodor Nenov.,0,0,2.861328125,-2.248046875,-5.109375,0.9939963817596436,0.006003595422953367,True
5.1343.N,5.1343,N,O Batman vestiu seu Batblazer e seu Batsapato social . Para onde ele foi? Para o casamento.,0,1,-1.751953125,1.6953125,3.447265625,0.03085050918161869,0.9691494703292847,False
5.263.N,5.263,N,Qual é o nome do filme protagonizado por duas motos bem nervosas? A parede.,0,0,2.80859375,-2.498046875,-5.306640625,0.9950659275054932,0.004934090655297041,True
4.141.N,4.141,N,Qual é a sobremesa mais popular na Rússia? O Pudim flan.,0,0,1.3544921875,-1.46875,-2.8232421875,0.9439190030097961,0.05608106032013893,True
5.117.H,5.117,H,Qual peixe viveu uma aventura digna dos contos de fadas? Aliche no país das Maravilhas.,1,1,-2.330078125,2.48828125,4.818359375,0.008015269413590431,0.9919847846031189,True
5.1009.N,5.1009,N,O que o 7 perguntou pro amigo dele? Tu vens?,0,0,3.380859375,-2.81640625,-6.197265625,0.9979690909385681,0.0020308548118919134,True
5.4098.N,5.4098,N,Qual molho é sempre servido em proporções exageradas? De tomate.,0,0,3.486328125,-3.095703125,-6.58203125,0.9986169338226318,0.001383117400109768,True
5.3625.N,5.3625,N,Qual a banda que ajuda as pessoas a alcançar a seu destino? U2.,0,0,3.232421875,-2.625,-5.857421875,0.9971495270729065,0.002850455464795232,True
5.3548.H,5.3548,H,Qual a banda especializada na remoção de carpetes? Revela chão.,1,1,-2.80078125,2.666015625,5.466796875,0.004206969402730465,0.9957929849624634,True
5.2060.H,5.2060,H,Qual o personagem de star wars que vive espirrando? An atchim skywalker ,1,1,-2.955078125,2.876953125,5.83203125,0.002923542633652687,0.9970765113830566,True
5.2778.N,5.2778,N,Qual jogo do Windows só funciona se você fizer tudo o que ele quer? O Campo Minado,0,0,3.44921875,-2.7109375,-6.16015625,0.9978925585746765,0.0021074723917990923,True
2.21.H,2.21,H,"Eu não esperei, mas o Jack Sparrow.",1,1,-3.013671875,2.873046875,5.88671875,0.0027683854568749666,0.997231662273407,True
5.3101.N,5.3101,N,Qual herói do cinema é o melhor em fuxicar as redes sociais de seus inimigos? Luke Skywalker.,0,0,2.787109375,-2.392578125,-5.1796875,0.994401752948761,0.005598248448222876,True
4.657.H,4.657,H,O Aníbal foi ao Campeonato do Mundo e apareceu na TV. Ficou conhecido Aníbal Mundial.,1,1,-2.01953125,2.4296875,4.44921875,0.01155267097055912,0.988447368144989,True
5.3058.H,5.3058,H,Qual assassino possui um vasto conhecimento? John Wick Pédia.,1,1,-2.427734375,2.67578125,5.103515625,0.0060386634431779385,0.9939613342285156,True
5.1043.H,5.1043,H,Qual é o pokémon da umbanda? O pikaEXU,1,1,-3.017578125,2.849609375,5.8671875,0.0028228326700627804,0.9971771240234375,True
4.505.N,4.505,N,"O casamento é muito bonito e tal, mas se casares com a pessoa errada, é como a COVID-19 . Todo os dias novos sintomas.",0,1,-2.248046875,1.751953125,4.0,0.01798621006309986,0.9820137619972229,False
5.872.H,5.872,H,Qual comediante vive com calor? Renato Abane.,1,0,1.779296875,-1.369140625,-3.1484375,0.9588471055030823,0.041152890771627426,False
5.250.N,5.250,N,"Por que sempre depois que eu durmo à tarde, eu acordo com 1 kg de arroz, de feijão, macarrão, açúcar e etc.? Porque foi uma doação.",0,0,3.052734375,-2.82421875,-5.876953125,0.9972044825553894,0.0027954766992479563,True
5.3045.H,5.3045,H,"""Por que a pessoa não paga pelo absorvente? Porque """"quer free"""".""",1,1,-2.8203125,2.966796875,5.787109375,0.003057457972317934,0.9969425797462463,True
5.1449.H,5.1449,H,Po rque o carteiro foi à feira? Porque tinha uma carta na manga.,1,1,-1.5908203125,2.181640625,3.7724609375,0.0224785003811121,0.977521538734436,True
5.3103.N,5.3103,N,Doença comum nos detergentes? Póliomielite.,0,1,-1.783203125,2.123046875,3.90625,0.01971912756562233,0.9802808165550232,False
5.1858.H,5.1858,H,Que cantora faz pequenas transmissões na internet? Avril Livinha.,1,0,1.623046875,-1.380859375,-3.00390625,0.9527502655982971,0.04724971204996109,False
5.567.N,5.567,N,Que cantor caiu de cara na calçada? Milton Nascimento.,0,0,3.60546875,-3.1328125,-6.73828125,0.998816728591919,0.0011832797899842262,True
5.1237.N,5.1237,N,Qual o tio que faz pesquisa sobre o câncer? O Oncologista.,0,0,3.001953125,-2.634765625,-5.63671875,0.9964480400085449,0.0035518843214958906,True
5.771.H,5.771,H,Por que a ideia ficou cansada depois da reforma? Porque perdeu o assento.,1,0,0.92529296875,-1.126953125,-2.05224609375,0.8861743807792664,0.11382562667131424,False
5.3618.H,5.3618,H,Qual os piores inimigos dos MINIons??? MAXIoffs,1,1,-3.203125,3.0703125,6.2734375,0.0018821858102455735,0.9981178045272827,True
4.319.H,4.319,H,A camaleoa vira-se para o marido: Volta para a camaleão...,1,1,-0.6484375,0.65576171875,1.30419921875,0.21345916390419006,0.7865408658981323,True
4.326.N,4.326,N,Porque é que os homens são mais burros ao pé das mulheres? Porque passam de homo sapiens para homo australopitecos.,0,1,-2.017578125,1.8876953125,3.9052734375,0.01973801665008068,0.980262041091919,False
5.633.H,5.633,H,Quais heróis se preocupam mais com as poses para foto do que com o destino do seu planeta? Os Tumblrcats.,1,1,-3.19921875,3.052734375,6.251953125,0.0019229825120419264,0.9980770349502563,True
5.3537.H,5.3537,H,Qual rockeiro não engorda? É o Regime Hendrix.,1,1,-1.998046875,2.1015625,4.099609375,0.01630876585841179,0.9836912155151367,True
5.1858.N,5.1858,N,Qual é o cigarro que todos os comediantes gostam? Malboro.,0,1,-1.240234375,1.537109375,2.77734375,0.058560825884342194,0.941439151763916,False
5.2538.N,5.2538,N,Qual atriz da Globo tem o olho torto? Cristiana Oliveira.,0,0,3.5859375,-3.107421875,-6.693359375,0.9987624883651733,0.001237579737789929,True
4.598.N,4.598,N,Estou a pensar começar uma relação com a minha amiga . Ao menos ela sabe dar-me o devido valor.,0,0,1.1171875,-1.576171875,-2.693359375,0.9366336464881897,0.06336633861064911,True
5.569.N,5.569,N,"Qual personagem histórico sempre pede um império? Alexandre, o Grande.",0,0,3.224609375,-2.775390625,-6.0,0.9975274205207825,0.0024726230185478926,True
5.2197.N,5.2197,N,Porque o frango usava smoking? Porque era elegante no último!,0,0,0.61083984375,-0.81591796875,-1.4267578125,0.8063956499099731,0.19360435009002686,True
5.94.H,5.94,H,Qual o material bélico mais carente? Miss you.,1,1,-2.921875,3.001953125,5.923828125,0.0026678042486310005,0.9973322153091431,True
4.741.N,4.741,N,Por que é que os pescadores não conseguem pescar? Porque têm a cana partida.,0,1,-1.412109375,1.6669921875,3.0791015625,0.04397757351398468,0.9560223817825317,False
5.1524.H,5.1524,H,Como se chamava o cara que roubava discos do Eric Clapton? Claptonmaníaco.,1,1,-2.337890625,2.2734375,4.611328125,0.009840806014835835,0.9901592135429382,True
3.14.H,3.14,H,Por que as plantas pequenas não falam? Porque elas são mudas.,1,0,1.998046875,-2.021484375,-4.01953125,0.982355535030365,0.01764446310698986,False
5.2603.N,5.2603,N,Qual cantor enxergava tudo o que o professor escreve em sala de aula? Caetano Veloso.,0,0,3.681640625,-3.201171875,-6.8828125,0.9989758729934692,0.0010242064017802477,True
4.744.H,4.744,H,Onde nasceu o Harry Potter? Salvaterra de Magos.,1,1,-2.94921875,2.705078125,5.654296875,0.0034902107436209917,0.9965097308158875,True
5.782.H,5.782,H,Qual a tartaruga ninja que mais gosta de dormir? O Fronhatelo.,1,1,-3.2734375,3.15625,6.4296875,0.0016103575471788645,0.998389720916748,True
5.2300.H,5.2300,H,Por que as pessoas estavam testando comidas dentro do ônibus? Porque era um teste do Busfeed.,1,1,-2.84375,2.5859375,5.4296875,0.004365325439721346,0.9956346154212952,True
5.336.N,5.336,N,Qual o meio de transporte mais barato na Bahia? Uber imbau,0,1,-2.912109375,2.76953125,5.681640625,0.003396387677639723,0.9966036081314087,False
4.744.N,4.744,N,Onde nasceu o Gregório Fernandes? Salvaterra de Magos.,0,1,-2.40234375,2.3203125,4.72265625,0.008813166059553623,0.991186797618866,False
5.3165.H,5.3165,H,Qual pintor ganhou mais dinheiro com sua arte? Ricasso.,1,1,-2.345703125,2.40625,4.751953125,0.008560892194509506,0.9914391040802002,True
5.1237.H,5.1237,H,Qual o tio que faz pesquisa sobre o câncer? O Uncle Logista.,1,1,-2.908203125,3.06640625,5.974609375,0.002536047250032425,0.9974639415740967,True
5.1061.N,5.1061,N,Qual doença temos que coletar esperma? Prostatite.,0,0,0.0830078125,-0.4306640625,-0.513671875,0.6256668567657471,0.37433314323425293,True
4.433.H,4.433,H,Hoje descobri que a minha torradeira não é à prova de água. Fiquei chocado.,1,0,1.2001953125,-1.587890625,-2.7880859375,0.9420285820960999,0.05797139182686806,False
5.999.N,5.999,N,Qual desodorante ajuda a ir para o céu? Rexona.,0,1,-2.103515625,2.283203125,4.38671875,0.012288597412407398,0.9877113699913025,False
5.1627.N,5.1627,N,Qual é a atriz menos dramática do mundo? A tristeza,0,0,2.939453125,-2.599609375,-5.5390625,0.9960851669311523,0.003914824221283197,True
4.183.N,4.183,N,Como é que o António se chama quando anda de autocarro? António.,0,0,3.328125,-2.919921875,-6.248046875,0.9980695843696594,0.0019304942106828094,True
4.627.N,4.627,N,Um homem viu um filme nos Estados Unidos . Qual é o filme? American Pie.,0,0,3.552734375,-2.857421875,-6.41015625,0.9983579516410828,0.0016420666361227632,True
5.3765.N,5.3765,N,Qual é o jogo favorito da Ivete Sangalo? Imagem e Ação,0,0,0.85205078125,-0.85009765625,-1.7021484375,0.8458150625228882,0.15418487787246704,True
5.122.N,5.122,N,Como chama a cerveja que você só toma de 2 em 2 anos? Skoll.,0,0,3.12890625,-2.591796875,-5.720703125,0.9967333078384399,0.003266699379310012,True
4.169.H,4.169,H,O que diz um gato comunista? Mao.,1,0,1.2216796875,-0.83349609375,-2.05517578125,0.8864695429801941,0.11353044211864471,False
5.2743.H,5.2743,H,Qual o animal que sempre tá de brinks? Tira no Sarro,1,1,-3.01171875,3.20703125,6.21875,0.0019877743907272816,0.9980121850967407,True
4.61.H,4.61,H,Uma mulher manda-se dum prédio e acerta num homem que ia a passar. Qual é o filme? A cusada de morte.,1,1,-2.2109375,2.109375,4.3203125,0.013121270574629307,0.9868786931037903,True
4.482.N,4.482,N,"O homem já vivei no período Paleolítico, no Mesolítico, no Neolítico...Ao período atual chamamos Idade Contemporânea que veio depois da Idade Moderna e da Idade Média.",0,0,2.134765625,-2.396484375,-4.53125,0.9893474578857422,0.01065251138061285,True
5.636.N,5.636,N,Qual a parte do corpo favorita do Muralha? Cabelo.,0,0,3.10546875,-2.583984375,-5.689453125,0.9966298937797546,0.0033700461499392986,True
5.2385.H,5.2385,H,Por que o atrito e a resistência do ar foram ao psicólogo? Porque eles são muito desprezados,1,0,0.290283203125,-0.6171875,-0.907470703125,0.7124823331832886,0.2875176966190338,False
5.2216.H,5.2216,H,Por que o astronauta desistiu de fazer mingau com farinha de trigo? Porque havia lactea ,1,1,-3.1015625,3.1640625,6.265625,0.0018969200318679214,0.9981030225753784,True
5.956.N,5.956,N,Como o ciclista reage a uma notícia ruim? Ele fica triste.,0,0,3.46875,-3.041015625,-6.509765625,0.998513400554657,0.0014866151614114642,True
5.1772.N,5.1772,N,Qual é o colunista de fofoca preferido do Mufasa? Zazu.,0,0,3.16796875,-2.630859375,-5.798828125,0.9969780445098877,0.003021944547072053,True
4.235.N,4.235,N,"Era uma vez um homem tão pequeno, tão pequeno, que em vez de praticar natação, praticava pesca desportiva.",0,0,1.67578125,-1.7607421875,-3.4365234375,0.9688266515731812,0.031173309311270714,True
5.261.H,5.261,H,Qual é o cantor que se suicidou? Frank Simata.,1,0,0.372314453125,-0.203125,-0.575439453125,0.6400173902511597,0.3599826693534851,False
5.2675.H,5.2675,H,Qual cantor sempre manda uma jogada boa no baralho? Mando Reis.,1,1,-2.375,2.4921875,4.8671875,0.007636216469109058,0.9923638105392456,True
5.766.N,5.766,N,Qual o bairro de SP favorito do Schwarzenegger?   A Bela Vista.,0,0,2.90234375,-2.482421875,-5.384765625,0.9954350590705872,0.00456498097628355,True
5.2009.H,5.2009,H,Nome do cara que não joga na linha? Hugo Leiro ,1,1,-0.90234375,0.70751953125,1.60986328125,0.16660760343074799,0.8333924412727356,True
5.2325.H,5.2325,H,"O que a mãe religiosa disse para o pai agnóstico sobre o filho deles? ""Cuida, que o filho é ateu"".",1,0,2.599609375,-2.751953125,-5.3515625,0.9952816367149353,0.004718369338661432,False
4.266.N,4.266,N,Porque é que os cangurus não querem bolsas? Porque já  têm bolsa.,0,0,1.205078125,-1.236328125,-2.44140625,0.9199306964874268,0.08006926625967026,True
5.3300.H,5.3300,H,Qual é o animal que regurgita muito? Gorfinho.,1,1,-3.005859375,3.29296875,6.298828125,0.0018350841710343957,0.9981649518013,True
5.3529.H,5.3529,H,Que estilo de filme tem dois microscópios se esfregando? Fricção Científica.,1,1,-3.01953125,3.05078125,6.0703125,0.0023051253519952297,0.9976949095726013,True
4.56.H,4.56,H,Porque é que os carpinteiros são bons a fazer contas? Porque tabuada é com eles.,1,0,2.826171875,-2.314453125,-5.140625,0.9941800832748413,0.005819959565997124,False
5.1182.N,5.1182,N,Por que o Chico Buarque foi preso na saída do Santander? Por quebrar o banco.,0,0,2.513671875,-2.212890625,-4.7265625,0.9912208914756775,0.008779109455645084,True
5.933.N,5.933,N,Qual é o nome do especialista em temperar carnes que não se esquecia do passado? Olívio.,0,0,0.98974609375,-0.65966796875,-1.6494140625,0.8388118147850037,0.16118815541267395,True
5.1073.N,5.1073,N,"Qual filme conta a história do casal mais perdido do mundo em beira-mar? "" Procurando; né, mô? """,0,1,-2.66015625,2.646484375,5.306640625,0.004934090655297041,0.9950659275054932,False
5.184.N,5.184,N,Qual é o cantor que acha tudo um exagero? Jão.,0,0,3.396484375,-2.80078125,-6.197265625,0.9979690909385681,0.0020308548118919134,True
5.3741.H,5.3741,H,Qual comentarista esportivo se gaba da reforma em seu domicílio? Vaiter Casagrande.,1,1,-2.876953125,2.8046875,5.681640625,0.003396387677639723,0.9966036081314087,True
4.740.N,4.740,N,O que diz um mineiro antes de usar a picareta? Cá vai disto!,0,1,-1.3408203125,1.97265625,3.3134765625,0.035111747682094574,0.9648882150650024,False
5.1286.H,5.1286,H,Qual o nome do piloto do dirigível? José Pelin.,1,0,3.318359375,-2.4765625,-5.794921875,0.9969663023948669,0.003033736953511834,False
4.724.N,4.724,N,"Como é que se diz "" abacate "" no Brasil? Abacate.",0,0,3.6015625,-2.90234375,-6.50390625,0.998504638671875,0.0014953382778912783,True
4.667.H,4.667,H,Que tipo de música ouvem os mortos-vivos? Kizombie.,1,1,-2.736328125,2.3359375,5.072265625,0.00622915755957365,0.9937708973884583,True
4.436.N,4.436,N,Se mentes . Deus castiga.,0,1,-1.8115234375,1.9404296875,3.751953125,0.022933563217520714,0.9770664572715759,False
4.232.H,4.232,H,Qual é a banda preferida dos desempregados? LinkedIn Park.,1,1,-3.048828125,2.861328125,5.91015625,0.0027044296730309725,0.9972955584526062,True
5.177.N,5.177,N,Qual cantor faz shows em Spa? Belo.,0,0,3.484375,-3.00390625,-6.48828125,0.9984812140464783,0.0015188507968559861,True
5.2977.H,5.2977,H,Qual grupo só tem negão criança? Negro é tudo júnior.,1,1,-1.599609375,2.041015625,3.640625,0.025565214455127716,0.9744347929954529,True
5.587.H,5.587,H,Por que não fico bronzeado em casa? Porque uso protetor só lar.,1,1,-2.296875,2.76171875,5.05859375,0.006314365193247795,0.9936856627464294,True
5.2578.H,5.2578,H,Qual o programa favorito dos gaúchos? The Noitchê.,1,1,-2.568359375,2.5,5.068359375,0.006253384985029697,0.9937466382980347,True
5.1360.N,5.1360,N,Por que o anão foi surfar na cozinha? Porque lá tem fogão.,0,0,2.48046875,-1.8388671875,-4.3193359375,0.9868660569190979,0.013133921660482883,True
5.573.N,5.573,N,Por que o Mickey não precisa ser bem dotado? Porque a miniatura.,0,1,-2.419921875,2.314453125,4.734375,0.008711383678019047,0.9912885427474976,False
4.529.N,4.529,N,O que são oito Hobbits? Um grupo de Hobbits.,0,0,3.296875,-2.71484375,-6.01171875,0.9975560903549194,0.0024438865948468447,True
5.2446.N,5.2446,N,Qual é a cantora favorita do Tony Hawk? Shakira.,0,0,3.30078125,-2.8046875,-6.10546875,0.9977743029594421,0.002225670963525772,True
5.984.N,5.984,N,Levei meu carro na feira ao invés de levar para a oficina . Qual é o nome do filme? Em Ritmo de Fuga.,0,0,1.3642578125,-1.48828125,-2.8525390625,0.9454497694969177,0.05455021560192108,True
5.1311.N,5.1311,N,Qual cantor sertanejo faliu? Leonardo.,0,0,3.529296875,-3.0859375,-6.615234375,0.998661994934082,0.0013380080927163363,True
4.71.H,4.71,H,Porque é que uma mulher partiu a perna ao filho na cozinha? Porque não tinha canela para pôr no bolo.,1,1,-1.59765625,1.5048828125,3.1025390625,0.04300263896584511,0.9569973349571228,True
5.3569.H,5.3569,H,Em que momento do dia seus segredos são revelados? No expor do sol.,1,0,1.2607421875,-1.353515625,-2.6142578125,0.9317735433578491,0.0682264193892479,False
5.1766.N,5.1766,N,"O que o Mickey disse quando pôs a mão no fogo? "" Ai! quente "".",0,1,-0.1348876953125,0.2022705078125,0.337158203125,0.41649994254112244,0.5835000276565552,False
5.152.N,5.152,N,Por que antigamente o Brasil era mais cheiroso? Porque era perfumado.,0,0,3.4296875,-2.921875,-6.3515625,0.9982590079307556,0.0017409835709258914,True
5.2056.H,5.2056,H,Qual é o jogo da pessoa gripada? Over atchim ,1,1,-3.06640625,3.109375,6.17578125,0.002074867021292448,0.9979251623153687,True
5.3355.N,5.3355,N,O que mais excita o fazendeiro? Lucros no Pasto.,0,0,0.280517578125,-0.32763671875,-0.608154296875,0.6475196480751038,0.35248032212257385,True
5.1025.N,5.1025,N,Quem financiou o Ben 10? O Cartoon Network,0,0,3.3046875,-2.72265625,-6.02734375,0.9975939393043518,0.0024060888681560755,True
5.3595.H,5.3595,H,Qual o chinelo mais vendido em Salvador? Há baianas.,1,0,3.220703125,-2.607421875,-5.828125,0.997065007686615,0.0029349515680223703,False
5.1358.N,5.1358,N,Qual é o trabalho que você se vê fazendo? Limpar banheiros.,0,0,3.513671875,-2.966796875,-6.48046875,0.9984691739082336,0.0015307450667023659,True
5.1381.H,5.1381,H,Por que colocaram uma cama elástica no Polo Norte? Para o urso polar.,1,0,0.2666015625,-0.1409912109375,-0.4075927734375,0.6005104780197144,0.39948946237564087,False
5.691.H,5.691,H,Qual é o nome da hiena que se aposentou? Hiena SS.,1,1,-2.408203125,2.404296875,4.8125,0.008061991073191166,0.9919379353523254,True
4.296.H,4.296,H,O que diz um prédio para outro? Tens um andar tão lindo...,1,0,1.1328125,-1.2978515625,-2.4306640625,0.9191359281539917,0.08086410164833069,False
5.3834.H,5.3834,H,Qual o ex desgraçado que se empanturra na churrascaria? Ex Como um Gado.,1,1,-3.0703125,2.91015625,5.98046875,0.0025212683249264956,0.9974787831306458,True
5.3108.H,5.3108,H,Qual sanduíche do McDonalds te faz sair de qualquer enrascada? McGuyver.,1,1,-1.341796875,1.599609375,2.94140625,0.0501442514359951,0.9498556852340698,True
4.753.N,4.753,N,O meu pai tem uma loja de material elétrico . É por isso que tenho material elétrico de graça.,0,0,1.3779296875,-1.427734375,-2.8056640625,0.9429811239242554,0.057018864899873734,True
4.169.N,4.169,N,O que diz um gato comunista? Miau.,0,1,-0.212890625,0.0158538818359375,0.2287445068359375,0.4430619478225708,0.5569380521774292,False
5.1980.N,5.1980,N,Qual o dispositivo usado pra enxergar melhor uma determinada nota musical? Lente,0,0,3.390625,-2.890625,-6.28125,0.9981324076652527,0.001867565792053938,True
5.1314.H,5.1314,H,Por que a manicure foi demitida? Porque ela estava pouco se lixando.,1,0,2.634765625,-2.55859375,-5.193359375,0.9944773316383362,0.005522650200873613,False
4.664.H,4.664,H,Nunca morei em Hollywood. Mas a Marilyn Monroe.,1,1,-2.078125,1.8935546875,3.9716796875,0.01849331147968769,0.9815067052841187,True
4.352.N,4.352,N,Qual é a diferença entre um boneco de neve e uma boneca de neve? As roupas de neve.,0,0,3.19140625,-2.71875,-5.91015625,0.9972955584526062,0.0027044296730309725,True
4.536.H,4.536,H,Porque é que o espantalho recebeu um prémio Nobel? Porque foi o que mais se destacou no seu campo.,1,0,1.349609375,-1.640625,-2.990234375,0.9521309733390808,0.0478690080344677,False
5.1361.N,5.1361,N,Qual é o melhor legume que existe? A beterraba.,0,0,3.52734375,-2.953125,-6.48046875,0.9984691739082336,0.0015307450667023659,True
5.2779.N,5.2779,N,Qual inseto toma muito chá? Marimbondo,0,1,-1.986328125,2.126953125,4.11328125,0.0160908754914999,0.9839090704917908,False
5.572.H,5.572,H,Qual escritor tem vitiligo? Manchado de Assis.,1,1,-2.732421875,2.798828125,5.53125,0.003945406526327133,0.9960545301437378,True
5.420.H,5.420,H,Qual fruta nasce às margens do Rio Negro? Só-limões.,1,1,-1.7548828125,2.16015625,3.9150390625,0.01954994723200798,0.9804500341415405,True
4.392.N,4.392,N,NOTÍCIA DE ÚLTIMA HORA: Um camião carregado de tijolos despistou-se no IC19 . A fila não pára de crescer.,0,0,0.4599609375,-0.9755859375,-1.435546875,0.8077641129493713,0.19223588705062866,True
5.405.H,5.405,H,Onde ficam as maiores dúvidas dos dentistas? In the ciso.,1,1,-3.275390625,2.986328125,6.26171875,0.0019043302163481712,0.998095691204071,True
5.350.N,5.350,N,Qual o dinossauro que faz sequestros rápidos? O estegossauro.,0,0,0.03277587890625,-0.270751953125,-0.30352783203125,0.5753046870231628,0.42469531297683716,True
5.3944.H,5.3944,H,Por que o cara resolveu dormir no bueiro? Porque ele tava esgotado.,1,0,3.130859375,-2.658203125,-5.7890625,0.9969485402107239,0.0030515105463564396,False
4.622.N,4.622,N,Que tamanho de roupa vestem as altas? Tamanho grande.,0,0,3.6875,-3.08203125,-6.76953125,0.9988530874252319,0.0011469158343970776,True
5.2238.N,5.2238,N,Qual o programa musical favorito da turma do Chaves? The Voice Kids,0,0,3.28515625,-2.806640625,-6.091796875,0.9977437257766724,0.002256239764392376,True
5.594.N,5.594,N,O que um irmão apoiador falou pro outro? Tamo Junto!,0,0,1.8330078125,-1.6806640625,-3.513671875,0.9710743427276611,0.02892572060227394,True
4.117.N,4.117,N,O que é que é de graça mas tem que se registar? Os serviços de um produto digital.,0,0,1.0966796875,-1.615234375,-2.7119140625,0.9377260208129883,0.06227398291230202,True
5.129.N,5.129,N,Qual cantora ganhou uma patente em 2018? Marjorie Estiano.,0,0,3.37890625,-2.9453125,-6.32421875,0.9982109069824219,0.0017891590250656009,True
5.3922.N,5.3922,N,Qual o peido mais fedido? Poltergases.,0,1,-2.685546875,2.734375,5.419921875,0.004407976288348436,0.9955920577049255,False
5.3115.N,5.3115,N,Por que o fazendeiro ficou pobre depois de ir ao banheiro? Porque o intestino delgado.,0,1,-1.6884765625,1.4658203125,3.154296875,0.04092230647802353,0.9590777158737183,False
2.8.N,2.8,N,Sabe por que o argumento do Dumbo foi completamente ignorado? Porque era incongruente.,0,0,2.400390625,-2.158203125,-4.55859375,0.9896317720413208,0.010368156246840954,True
5.2895.N,5.2895,N,Qual cantor só vê notícias pela internet? Latino,0,0,3.5390625,-3.013671875,-6.552734375,0.9985758066177368,0.0014241791795939207,True
5.3763.N,5.3763,N,Qual é a profissão mais feia que existe? Deputado,0,0,2.44921875,-1.998046875,-4.447265625,0.9884250164031982,0.011574993841350079,True
5.2074.N,5.2074,N,Qual o ator que nunca deixa a mulher sair sozinha? Milton Naciumento,0,1,-2.3046875,2.138671875,4.443359375,0.011619769968092442,0.9883801937103271,False
5.4035.N,5.4035,N,"Por que o nariz, às vezes, sente cheiro de arrogância? Por causa da humildade do ar.",0,1,-2.44140625,2.404296875,4.845703125,0.007800756953656673,0.9921992421150208,False
5.1288.N,5.1288,N,Qual atriz gosta de chocolate? Fernanda Lima.,0,0,3.63671875,-3.2109375,-6.84765625,0.9989392161369324,0.0010608151787891984,True
5.1056.N,5.1056,N,Por que a cachorra modernista não latiu? Porque ela morreu.,0,0,2.865234375,-2.494140625,-5.359375,0.9953181147575378,0.004681822378188372,True
5.2820.N,5.2820,N,Cantora que sempre fez dieta? Elis Regina,0,0,3.681640625,-3.12890625,-6.810546875,0.9988991022109985,0.0011008767178282142,True
4.643.N,4.643,N,O que é que a Adele gosta de barrar no pão? Queijo.,0,0,3.45703125,-2.80859375,-6.265625,0.9981030225753784,0.0018969200318679214,True
4.695.H,4.695,H,"Qual é o contrário de ""extraordinário""? Extra ordinário.",1,0,1.0810546875,-0.919921875,-2.0009765625,0.8808996081352234,0.1191004291176796,False
4.643.H,4.643,H,O que é que a Adele gosta de barrar no pão? Queijo Phil-Adele-phia.,1,1,-3.171875,3.181640625,6.353515625,0.0017375927418470383,0.9982624650001526,True
5.3597.H,5.3597,H,Qual atriz cômica que tem mania de reparar do pescoço das pessoas? Tara ver neck.,1,1,-3.177734375,3.150390625,6.328125,0.001782196224667132,0.998217761516571,True
5.2368.N,5.2368,N,Qual rockeiro não usa drogas e nem sacaneia os outros? O Gene Simmons,0,0,3.154296875,-2.623046875,-5.77734375,0.9969125986099243,0.003087369492277503,True
5.3460.N,5.3460,N,"Qual feriado religioso que não é nem pra preto, nem pra branco? Sexta feira Santa.",0,0,3.376953125,-2.88671875,-6.263671875,0.9980993866920471,0.0019006216898560524,True
4.567.N,4.567,N,"O que é que a mulher do senhor diz quando o viagra perde o efeito? Foi-se o martelo, camarada.",0,0,0.205078125,-0.7392578125,-0.9443359375,0.7199746966362,0.28002533316612244,True
4.667.N,4.667,N,Que tipo de música ouvem os mortos-vivos? Kizomba.,0,1,-2.091796875,1.849609375,3.94140625,0.019050899893045425,0.9809491038322449,False
5.3001.H,5.3001,H,Qual microorganismo sofre bullying? Protozoado.,1,1,-2.64453125,2.830078125,5.474609375,0.004174367059022188,0.9958256483078003,True
4.480.N,4.480,N,"Como é que se diz "" surpresa "" em onomatopeias? Chan-chan-chan-chan!",0,1,-2.5390625,2.337890625,4.876953125,0.007562567945569754,0.9924374222755432,False
5.1449.N,5.1449,N,Po rque o carteiro foi à feira? Porque tinha uma carta para entregar.,0,0,1.0458984375,-0.84375,-1.8896484375,0.8687154054641724,0.13128456473350525,True
5.3364.N,5.3364,N,O que os homens em Rio Branco costumam beber? Pinga.,0,0,3.6015625,-3.033203125,-6.634765625,0.9986878037452698,0.0013121626107022166,True
4.206.N,4.206,N,O que diz um castor excitado? Bate os dentes,0,0,3.271484375,-2.8046875,-6.076171875,0.9977083206176758,0.0022916889283806086,True
5.3736.N,5.3736,N,Qual clube campeão da Libertadores consegue segurar bebês gêmeos? Lanus.,0,1,-0.87548828125,1.0810546875,1.95654296875,0.12384166568517685,0.8761583566665649,False
5.1807.N,5.1807,N,Qual herói da literatura atirava em patos? Jack.,0,0,3.39453125,-2.8984375,-6.29296875,0.9981541037559509,0.0018458482809364796,True
5.3789.H,5.3789,H,Qual o vinho predileto do Lamartine Babo? Merlô.,1,1,-2.234375,2.48828125,4.72265625,0.008813166059553623,0.991186797618866,True
5.1109.N,5.1109,N,Qual filósofo gostaria de ser um Cavaleiro do Zodíaco? Aristóteles,0,0,2.8828125,-2.41796875,-5.30078125,0.9950370192527771,0.004962942097336054,True
5.2594.N,5.2594,N,Como se referiam a Jesus quando ele ficava bravo? Assertivo.,0,0,0.45556640625,-1.21484375,-1.67041015625,0.8416305184364319,0.1583694964647293,True
4.256.H,4.256,H,Que som faz um peixe a cair dum prédio de 20 andares? AAAAAAAAAAAAAAAAAAAATUM!,1,1,-1.6728515625,1.765625,3.4384765625,0.031114377081394196,0.9688856601715088,True
5.604.H,5.604,H,Qual é a loja que no ENEM só chutava a terceira e primeira alternativas? C e A.,1,0,2.279296875,-1.94140625,-4.220703125,0.9855242371559143,0.014475689269602299,False
5.1343.H,5.1343,H,O Batman vestiu seu Batblazer e seu Batsapato social. Para onde ele foi? Para o Batzado.,1,1,-2.9921875,2.951171875,5.943359375,0.002616339363157749,0.9973836541175842,True
4.544.H,4.544,H,"A Érica e a Ester decidiram adotar uma jovem. Quando ela soube, ficou estérica.",1,0,-0.10772705078125,-0.5009765625,-0.39324951171875,0.5970646739006042,0.40293529629707336,False
5.104.H,5.104,H,Qual lugar do mundo incentiva a caminhada? Cordilheira dos Andes.,1,0,3.5234375,-2.9140625,-6.4375,0.9984021782875061,0.0015978454612195492,False
5.1162.N,5.1162,N,Qual o bairro de São Paulo que só tem Japoneses? Liberdade,0,0,2.22265625,-1.8955078125,-4.1181640625,0.9839862585067749,0.016013750806450844,True
5.1599.N,5.1599,N,Qual é o nome da loja do músico veterinário? Musicolândia.,0,1,-0.1656494140625,0.77734375,0.9429931640625,0.2802961468696594,0.7197039127349854,False
5.3111.H,5.3111,H,O que o Galvão falou para um pássaro? Caca tuuuuua... Taffarel!,1,1,-3.193359375,3.2578125,6.451171875,0.0015761827817186713,0.9984238147735596,True
5.1221.H,5.1221,H,Qual o jornalista esportivo mais pesado? 1000 ton. Neves.,1,1,-2.69921875,2.767578125,5.466796875,0.004206969402730465,0.9957929849624634,True
5.1282.H,5.1282,H,Qual castanha sempre interpreta personagens maus? Avilã.,1,0,2.423828125,-2.1328125,-4.556640625,0.9896118640899658,0.010388216935098171,False
5.2987.H,5.2987,H,Qual microorganismo é viciado em drogas? Protousuário.,1,1,-3.48046875,3.388671875,6.869140625,0.0010382906766608357,0.9989616870880127,True
4.664.N,4.664,N,Nunca morei em Hollywood . Mas a Marilyn mora.,0,0,1.63671875,-1.548828125,-3.185546875,0.9602867364883423,0.039713259786367416,True
5.2435.N,5.2435,N,Quais jogadores de basquete fundaram Brasília? Kobe Bryant e Michael Jordan .,0,0,2.744140625,-2.318359375,-5.0625,0.9937100410461426,0.006289901677519083,True
5.587.N,5.587,N,Por que não fico bronzeado em casa? Porque uso protetor facial.,0,0,3.27734375,-2.75,-6.02734375,0.9975939393043518,0.0024060888681560755,True
5.1360.H,5.1360,H,Por que o anão foi surfar na cozinha? Porque lá tem micro ondas.,1,0,2.923828125,-2.330078125,-5.25390625,0.9948000907897949,0.005199880339205265,False
4.193.H,4.193,H,"Hoje, vinte mulheres convidaram-me para sair. Nunca mais entro no WC das mulheres.",1,0,0.68310546875,-0.97216796875,-1.6552734375,0.839602530002594,0.1603974997997284,False
5.1554.N,5.1554,N,Qual a Miss EUA que foi escolhida por engano? A Sheena Monnin.,0,0,2.900390625,-2.564453125,-5.46484375,0.9957848191261292,0.0042151594534516335,True
5.3287.H,5.3287,H,Qual o ingrediente presente na comida de quem apanhou? RepOlho Roxo.,1,1,-2.1796875,2.66796875,4.84765625,0.007785654626786709,0.9922143816947937,True
4.634.H,4.634,H,"Por que é que a apresentadora do Querido, Mudei a Casa foi para o hospital? Porque tinha um problema decoração.",1,0,1.3076171875,-1.53125,-2.8388671875,0.9447402954101562,0.05525964871048927,False
5.2693.N,5.2693,N,"Por que o artigo, o substantivo e o adjetivo nunca discutiam? Porque estavam sempre em paralelo.",0,0,1.7099609375,-1.66015625,-3.3701171875,0.9667574763298035,0.033242542296648026,True
5.840.N,5.840,N,Qual filme do Eddie Murphy ocupa muita locação? Um Tira da pesada.,0,1,-1.021484375,1.1552734375,2.1767578125,0.10185714811086655,0.8981428742408752,False
4.638.H,4.638,H,"O amor é como um jogo de sueca. Ou se tem um bom parceiro, ou o melhor mesmo é ter uma boa mão.",1,1,-1.296875,1.2724609375,2.5693359375,0.0711381733417511,0.9288618564605713,True
5.1221.N,5.1221,N,Qual o jornalista esportivo mais pesado? Milton Neves.,0,0,3.4765625,-2.923828125,-6.400390625,0.9983417987823486,0.001658154185861349,True
4.163.N,4.163,N,Como é que a mulher do Vasco da Gama o cumprimenta? Com um beijo no lábio.,0,0,3.5390625,-2.96875,-6.5078125,0.9985104203224182,0.0014895172789692879,True
5.3709.H,5.3709,H,Qual é o personagem do Chaves que representa a bondade encarnada? Goodinez.,1,1,-0.4541015625,0.67236328125,1.12646484375,0.24481409788131714,0.7551859021186829,True
5.3763.H,5.3763,H,Qual é a profissão mais feia que existe? Ourrives ,1,1,-3.494140625,3.392578125,6.88671875,0.0010202174307778478,0.9989797472953796,True
5.3494.N,5.3494,N,Qual o programa favorito do proctologista? Programa do Luciano Hulk.,0,1,-2.07421875,2.232421875,4.306640625,0.013299493119120598,0.9867004752159119,False
4.599.N,4.599,N,Acabei de encomendar duas capas para smartphone na internet . São da Wish.,0,1,-0.133544921875,0.2161865234375,0.3497314453125,0.4134475588798523,0.5865524411201477,False
4.319.N,4.319,N,A camaleoa vira-se para o marido: Volta para a sala ...,0,0,3.44921875,-2.765625,-6.21484375,0.9980044960975647,0.001995538594201207,True
4.281.H,4.281,H,Porque é que a galinha fez um striptease na capoeira? Para chocar os ovos.,1,1,-0.3125,0.27978515625,0.59228515625,0.35611072182655334,0.643889307975769,True
4.370.N,4.370,N,"É boa ideia comprar um relógio em forma de peixe? Não, é um gasto de tempo.",0,0,1.169921875,-1.361328125,-2.53125,0.9263036847114563,0.07369626313447952,True
4.585.H,4.585,H,"Nunca quis acreditar que o meu pai roubava enquanto trabalhava nas Estradas de Portugal. Mas quando eu chegava a casa, os sinais estavam todos lá.",1,0,1.00390625,-1.775390625,-2.779296875,0.9415467381477356,0.058453239500522614,False
5.2047.H,5.2047,H,"Qual conto mostra a história de alguém que acha a esposa linda, mas quando ela o procura de noite, ele nega? ah, bela.... dorme, cida. ",1,1,-3.287109375,3.0859375,6.373046875,0.001704041613265872,0.9982959628105164,True
5.2458.H,5.2458,H,"Qual é a semelhança entre uma carta de amor de um ex-goleiro brasileiro e uma luta do Mike Tyson? Ambas podem acabar ""com amor, Dida"".",1,1,-2.73046875,2.548828125,5.279296875,0.005070175044238567,0.994929850101471,True
5.3101.H,5.3101,H,Qual herói do cinema é o melhor em fuxicar as redes sociais de seus inimigos? Luke Skystalker.,1,1,-0.3642578125,0.302490234375,0.666748046875,0.3392254114151001,0.6607746481895447,True
5.3670.N,5.3670,N,Qual país que as pessoas não tem o dedo polegar? Barbados,0,0,3.23828125,-2.634765625,-5.873046875,0.9971936345100403,0.0028063871432095766,True
5.2496.N,5.2496,N,"O que o médico disse para o homem que entrou gemendo de dor no hospital? "" Seja bem vindo "".",0,0,3.28125,-2.919921875,-6.201171875,0.997977077960968,0.002022953238338232,True
4.534.N,4.534,N,Qual é a rádio mais ouvida ao pequeno-almoço? É a Rádio Comercial.,0,0,3.533203125,-2.953125,-6.486328125,0.9984782338142395,0.0015218156622722745,True
4.392.H,4.392,H,NOTÍCIA DE ÚLTIMA HORA: Um camião carregado de Viagra despistou-se no IC19. A fila não pára de crescer.,1,0,0.358642578125,-0.95703125,-1.315673828125,0.7884610295295715,0.21153894066810608,False
5.2141.H,5.2141,H,Por que tiraram a jogadora de vôlei do time após fazer o ponto? Porque foi cortada,1,0,0.923828125,-1.021484375,-1.9453125,0.8749346137046814,0.1250653862953186,False
4.543.N,4.543,N,Em que unidades se medem os monitores? Em pulgadas.,0,1,-0.87255859375,1.08203125,1.95458984375,0.12405375391244888,0.8759462833404541,False
4.83.H,4.83,H,O que é uma roubalheira? É o ato de roubar uma alheira.,1,1,-1.26953125,1.3330078125,2.6025390625,0.06897519528865814,0.9310247898101807,True
5.3169.N,5.3169,N,Que rainha rosna como cantora? Queen Lati Fa.,0,1,-2.62890625,2.525390625,5.154296875,0.00574138481169939,0.9942586421966553,False
4.206.H,4.206,H,O que diz um castor excitado? Suck my dique!,1,1,-3.0859375,3.1171875,6.203125,0.0020190137438476086,0.9979810118675232,True
5.31.H,5.31,H,Qual é o poeta que sempre se atrasa?  Vinícius Demorais.,1,1,-3.00390625,3.158203125,6.162109375,0.0021033689845353365,0.9978965520858765,True
5.1714.N,5.1714,N,Por que o maquinista deixou o maluco sentar do seu lado? Porque o maluco o motiva.,0,0,2.3984375,-2.076171875,-4.474609375,0.9887337684631348,0.011266295798122883,True
5.177.H,5.177,H,Qual cantor faz shows em Spa? Zeca Pragordinho.,1,0,0.34716796875,0.0259552001953125,-0.3212127685546875,0.579619824886322,0.42038023471832275,False
5.663.H,5.663,H,Por que tem eleição no mundo das aves? Porque a gaivota.,1,1,-0.64208984375,0.7021484375,1.34423828125,0.20681394636631012,0.7931860685348511,True
5.2559.N,5.2559,N,Qual é o cantor que tá sempre na cena de um crime? Benito de Paula.,0,0,3.396484375,-2.880859375,-6.27734375,0.9981251358985901,0.0018748616566881537,True
5.1601.N,5.1601,N,Qual filme conta a história do filho do Shrek? Shrek 3.,0,0,1.3232421875,-1.1259765625,-2.44921875,0.9205042719841003,0.07949569821357727,True
5.2609.H,5.2609,H,O que o anão estava fazendo com a bola de futebol? Embaixadinhas.,1,1,-1.5380859375,1.6416015625,3.1796875,0.03993731737136841,0.9600626826286316,True
4.442.N,4.442,N,O que é que os bebés já fazem aos 12 meses? Falar.,0,0,3.205078125,-2.935546875,-6.140625,0.9978510141372681,0.00214894930832088,True
5.2468.H,5.2468,H,Qual é o Rapper que toca sempre as mesmas músicas? Rappertido.,1,1,-2.650390625,2.521484375,5.171875,0.005641908850520849,0.9943581223487854,True
5.3709.N,5.3709,N,Qual é o personagem do Chaves que representa a bondade encarnada? Chaves.,0,0,3.634765625,-3.03125,-6.666015625,0.9987280964851379,0.0012718428624793887,True
5.2323.H,5.2323,H,Qual tipo de piada geralmente é feito entre dois homens pelados? Troca-trocadilho.,1,0,0.90966796875,-0.826171875,-1.73583984375,0.8501578569412231,0.14984211325645447,False
4.160.N,4.160,N,O que diz uma banana suicida? Macacos me comam!,0,1,-0.2486572265625,0.166015625,0.4146728515625,0.3977922201156616,0.6022078394889832,False
5.1861.H,5.1861,H,Qual é o biscoito preferido da filha da fazendeira? A mãe tem gado.,1,0,2.224609375,-1.8935546875,-4.1181640625,0.9839862585067749,0.016013750806450844,False
5.3987.H,5.3987,H,"Qual artista pop era porco, gordo, mas era irresistível? Baicon Jackson.",1,0,2.568359375,-2.333984375,-4.90234375,0.9926256537437439,0.007374365348368883,False
5.537.H,5.537,H,Onde se guardam as pequenas coisas? No armário da Coizinha.,1,0,0.71630859375,-1.068359375,-1.78466796875,0.8562723398208618,0.14372770488262177,False
5.442.N,5.442,N,Qual o salgadinho favorito dos torcedores do Flamengo? Ruffles.,0,0,3.54296875,-3.009765625,-6.552734375,0.9985758066177368,0.0014241791795939207,True
4.534.H,4.534,H,Qual é a rádio mais ouvida ao pequeno-almoço? É a Rádio Comer-cereal.,1,1,-2.748046875,2.861328125,5.609375,0.003649987280368805,0.9963500499725342,True
5.3581.N,5.3581,N,Qual pintor gosta de pintar os personagens de Toy Story usando cores bem vivas? O Andy Warhol.,0,0,3.552734375,-3.0390625,-6.591796875,0.9986302852630615,0.0013696944806724787,True
5.1249.N,5.1249,N,Por que o veganismo é a política de Estado na Bolívia? Para ninguém comer carne.,0,0,1.7626953125,-1.779296875,-3.5419921875,0.9718592762947083,0.028140753507614136,True
4.627.H,4.627,H,Um homem teve um filho nos Estados Unidos. Qual é o filme? American Pai.,1,1,-2.705078125,2.841796875,5.546875,0.0038844766095280647,0.9961155652999878,True
4.489.N,4.489,N,Hoje de manhã consegui empilhar catorze panquecas . Aquilo é que foi um pequeno-almoço grande.,0,0,2.193359375,-2.375,-4.568359375,0.98973149061203,0.010268432088196278,True
5.2743.N,5.2743,N,Qual o animal que sempre tá de brinks? Suricato,0,1,-3.13671875,3.095703125,6.232421875,0.0019608354195952415,0.998039186000824,False
3.3.H,3.3,H,Por que um policial estava interrogando um saco de cimento? Porque ele queria informações concretas.,1,0,2.376953125,-2.361328125,-4.73828125,0.9913222789764404,0.008677717298269272,False
4.95.H,4.95,H,Qual é a única profissão que necessita de uma mãozinha para trabalhar? É a manicure.,1,0,3.318359375,-3.056640625,-6.375,0.9982993006706238,0.0017007224960252643,False
5.1059.N,5.1059,N,"Meu celular quebrou em várias partes . Do que eu preciso? De uma bactéria, porque ela conserta celular.",0,1,-1.1650390625,0.654296875,1.8193359375,0.13951358199119568,0.8604864478111267,False
5.2099.H,5.2099,H,Qual é o local religioso preferido dos jogadores de basquete? O Vaquicano ,1,1,-3.21484375,3.099609375,6.314453125,0.001806685235351324,0.9981933236122131,True
5.3664.N,5.3664,N,Em qual faculdade o negão só entrava pelado? Nutrição.,0,0,3.228515625,-2.939453125,-6.16796875,0.9979089498519897,0.0020911062601953745,True
5.1861.N,5.1861,N,Qual o super herói que gosta de ver pessoas transando? Wolverine.,0,0,3.453125,-2.900390625,-6.353515625,0.9982624650001526,0.0017375927418470383,True
5.778.N,5.778,N,Por que o cara que não fazia exercícios prestou odonto? Pra ser dentista.,0,0,2.21875,-2.11328125,-4.33203125,0.9870296716690063,0.012970385141670704,True
5.3848.H,5.3848,H,Qual dublador tbm é psicólogo? Freud Mascarenhas.,1,0,1.546875,-1.2978515625,-2.8447265625,0.9450454711914062,0.05495454743504524,False
5.3431.H,5.3431,H,Qual cidade espanhola preferida pelo Faustão ? Sevilha nos Trinta.,1,1,-2.53515625,2.513671875,5.048828125,0.006375935859978199,0.9936240911483765,True
5.62.H,5.62,H,Qual é a atriz que só usa roupa da Zara? Taís Zarauso.,1,1,-2.4453125,2.529296875,4.974609375,0.006863781251013279,0.9931362867355347,True
4.59.N,4.59,N,"Estão dois pontos a comerem-se, vira-se um: olha lá isto é sério ou é um caso?",0,0,1.0849609375,-1.2724609375,-2.357421875,0.9135223627090454,0.08647764474153519,True
5.54.N,5.54,N,Qual é o personagem histórico que fui eu que indiquei? Simone de Beauvoir.,0,0,3.505859375,-3.11328125,-6.619140625,0.9986672401428223,0.0013327986234799027,True
5.2069.H,5.2069,H,Os imperador inca decretou que as lhamas seriam os únicos animais permitidos em Machu Picchu. Qual é o nome do filme? O Império Contra a Alpaca ,1,1,-2.14453125,1.904296875,4.048828125,0.017143765464425087,0.9828562140464783,True
4.751.H,4.751,H,"Como correu a primeira final de sempre da Liga dos Campeões com patos? Foi bem dispatada, cheia de quacks da bola e acabou empatada.",1,1,-2.822265625,2.513671875,5.3359375,0.004792316816747189,0.9952077269554138,True
5.169.N,5.169,N,Em qual programa o Sílvio Santos exagera no laquê? Todos.,0,0,3.416015625,-3.017578125,-6.43359375,0.9983958601951599,0.0016040890477597713,True
5.1802.H,5.1802,H,Qual é o celular dos veganos? Aipo ne,1,1,-1.26953125,0.763671875,2.033203125,0.11576063930988312,0.8842393159866333,True
5.2845.N,5.2845,N,Uma mulher sofre de diarreia crônica . Qual o nome da novela? Maria do Bairro,0,1,-0.11700439453125,0.44775390625,0.56475830078125,0.36244720220565796,0.637552797794342,False
5.785.H,5.785,H,Como se chama a mãe que cozinha bem? Mãesterchef.,1,1,-2.912109375,2.787109375,5.69921875,0.003337404690682888,0.9966625571250916,True
5.2016.N,5.2016,N,Que cantora queria comer formiga? A TamanDua Lipa,0,1,-3.0859375,3.02734375,6.11328125,0.0022083891090005636,0.9977916479110718,False
4.428.H,4.428,H,Eu sempre quis comprar um cavalo. Por isso fui a uma quinta e pedi um horsamento.,1,1,-1.3193359375,1.26953125,2.5888671875,0.0698583573102951,0.9301416277885437,True
5.2894.H,5.2894,H,Por que os musicos gostam de tocar a luz de velas? Parafinar os instrumentos ,1,0,0.3349609375,-0.576171875,-0.9111328125,0.7132319211959839,0.2867681086063385,False
4.595.N,4.595,N,Para que servem óculos verdes? Para ver ao perto.,0,1,-0.57666015625,0.326416015625,0.903076171875,0.2884187400341034,0.7115812301635742,False
5.3526.N,5.3526,N,O que fez o garçom militar? Abandonou o exército.,0,0,3.111328125,-2.642578125,-5.75390625,0.9968396425247192,0.0031603528186678886,True
5.2393.N,5.2393,N,Qual é o canal infantil que só transmite desenho de carro? Car Tum Network.,0,1,-2.51171875,2.50390625,5.015625,0.006589770782738924,0.9934101700782776,False
4.425.H,4.425,H,"Qual é o cão mais fixe? O Dálmata, porque tem muita pinta.",1,0,2.33984375,-2.0078125,-4.34765625,0.9872281551361084,0.012771868146955967,False
5.1832.N,5.1832,N,Qual antigo líder alemão é a inspiração do Pelé? Kai-kaiser.,0,1,-2.47265625,2.4765625,4.94921875,0.0070390463806688786,0.9929609894752502,False
5.1332.N,5.1332,N,Por que o nerd pediu a calculadora em exame? Porque ela dava valor.,0,0,0.8251953125,-0.95947265625,-1.78466796875,0.8562723398208618,0.14372770488262177,True
5.153.N,5.153,N,Por que o óculos foi deixado na escada? Porque era um óculos perdido.,0,0,0.70947265625,-0.93310546875,-1.642578125,0.8378854393959045,0.16211456060409546,True
4.313.H,4.313,H,Já abriu a nova discoteca para gatos. Chama-se Barra-cão.,1,1,-2.93359375,2.82421875,5.7578125,0.0031480705365538597,0.9968519806861877,True
4.362.N,4.362,N,"Uma família estava perdida no deserto há mais de dois meses, até que encontraram um rio onde todos tomaram banho, exceto a avó . Qual é o problema? A avó precisa de ajuda.",0,0,3.330078125,-2.89453125,-6.224609375,0.9980238676071167,0.001976184081286192,True
5.2689.N,5.2689,N,Renata voltou do médico com o braço furado . Qual é o acontecimento histórico? Guerra de canudos.,0,0,1.2802734375,-1.0654296875,-2.345703125,0.9125921130180359,0.0874079167842865,True
4.382.H,4.382,H,Porque é que o motociclista chegou atrasado ao trabalho? Porque saiu de casa motard.,1,1,-3.05859375,3.041015625,6.099609375,0.002238720888271928,0.9977612495422363,True
4.481.H,4.481,H,Porque é que o corcunda de Notre-Dame não seguiu a carreira de advogado? Porque nunca conseguiu estudar direito.,1,0,3.462890625,-2.966796875,-6.4296875,0.998389720916748,0.0016103575471788645,False
5.3111.N,5.3111,N,O que o Galvão falou para um pássaro? Vai que é tua...Taffarel!,0,1,-2.86328125,2.951171875,5.814453125,0.002975233132019639,0.9970247149467468,False
4.348.H,4.348,H,O que é que os bonecos de neve costumam pôr no leite? Flocos.,1,0,3.3828125,-2.82421875,-6.20703125,0.9979888200759888,0.0020111585035920143,False
5.3946.H,5.3946,H,O quê o seu Madruga usa pra tomar banho? A bucha do 71.,1,1,-1.4677734375,1.8076171875,3.275390625,0.0364251509308815,0.9635748267173767,True
4.170.N,4.170,N,Qual é o jogo preferido das crianças? O futebol.,0,0,3.740234375,-3.08203125,-6.822265625,0.99891197681427,0.0010880650952458382,True
5.1971.N,5.1971,N,Qual padre que toda vez eu vejo tenho ejaculação precoce? Marcelo Rossi.,0,0,3.2578125,-3.0234375,-6.28125,0.9981324076652527,0.001867565792053938,True
5.1025.H,5.1025,H,Quem financiou o Ben 10? O BNDEZ,1,0,1.330078125,-1.3974609375,-2.7275390625,0.9386322498321533,0.06136776879429817,False
5.2422.N,5.2422,N,Por que em Campinas as pessoas não falam as coisas na lata? Porque lá é impossível fazer algo sem rodeios.,0,0,0.0521240234375,-0.07818603515625,-0.13031005859375,0.5325314998626709,0.4674685001373291,True
5.3546.N,5.3546,N,Qual o seriado de tv do cara que sempre quer um pouco da comida dos outros? Kennan e Kel!,0,1,-2.435546875,2.4296875,4.865234375,0.007651031482964754,0.9923490285873413,False
5.232.N,5.232,N,Qual é o perfume do zagueiro ruim? Armani.,0,0,3.20703125,-2.8828125,-6.08984375,0.997739315032959,0.0022606404963880777,True
4.59.H,4.59,H,"Estão dois pontos a comerem-se, vira-se um: olha lá isto é sério ou é um caso pontual?",1,0,0.436767578125,-0.81103515625,-1.247802734375,0.7769193053245544,0.22308073937892914,False
4.739.H,4.739,H,Para a semana vou organizar uma festa para pessoas com dificuldade em atingir o clímax. Avisem-me se não conseguirem vir.,1,0,-0.04656982421875,-0.441650390625,-0.39508056640625,0.5975050926208496,0.402494877576828,False
5.2141.N,5.2141,N,Por que tiraram a jogadora de vôlei do time após fazer o ponto? Porque foi machucada,0,0,3.494140625,-2.908203125,-6.40234375,0.9983450174331665,0.0016549242427572608,True
5.1288.H,5.1288,H,Qual atriz gosta de chocolate? Fernanda DiaMontenegro.,1,1,-2.859375,3.001953125,5.861328125,0.002839374355971813,0.9971606731414795,True
4.149.N,4.149,N,Que nome se dá a uma irritação cutânea no rabo? Prurido anal.,0,1,-3.046875,3.123046875,6.169921875,0.0020870345178991556,0.9979129433631897,False
5.1223.H,5.1223,H,Qual parte do corpo nunca está acordada? Abidorme.,1,1,-3.25390625,3.2890625,6.54296875,0.0014381353976204991,0.9985619187355042,True
5.1591.N,5.1591,N,Qual é o filme em que um salgado lidera um exército em busca da vitória? Juno.,0,0,2.8046875,-2.384765625,-5.189453125,0.994455873966217,0.005544146057218313,True
5.3364.H,5.3364,H,O que os homens em Rio Branco costumam beber? Conhacre.,1,1,-3.267578125,3.251953125,6.51953125,0.0014721894403919578,0.9985277652740479,True
4.125.H,4.125,H,O que é que os russos dizem quando mandam uma bola ao cão? Babushka!,1,1,-2.4296875,2.474609375,4.904296875,0.0073600816540420055,0.9926398992538452,True
4.454.H,4.454,H,Que dor sente um homem sem um braço? Dor de coto vê-lo.,1,1,-2.146484375,1.9228515625,4.0693359375,0.016801614314317703,0.983198344707489,True
4.413.N,4.413,N,A minha mulher surda trocou-me por outro homem . Devia ter percebido os avisos ...,0,0,1.2880859375,-1.8369140625,-3.125,0.957912266254425,0.042087722569704056,True
4.159.N,4.159,N,Qual é o elemento químico mais comum na tabela periódica ? O tungsténio .,0,1,-2.369140625,2.509765625,4.87890625,0.0075479238294065,0.992452085018158,False
5.871.N,5.871,N,Por que o construtor virou comunista depois que se deparou com um prego tão duro que destruiu seu equipamento de trabalho? Porque estragou o martelo.,0,0,2.49609375,-2.3515625,-4.84765625,0.9922143816947937,0.007785654626786709,True
4.454.N,4.454,N,Que dor sente um homem com um braço? Dor de cotovelo.,0,0,3.314453125,-2.896484375,-6.2109375,0.9979966282844543,0.0020033332984894514,True
5.2300.N,5.2300,N,Por que as pessoas estavam testando comidas dentro do ônibus? Porque era um teste do Fantástico.,0,0,3.0234375,-2.599609375,-5.623046875,0.9963994026184082,0.0036006032023578882,True
5.984.H,5.984,H,Levei meu carro na feira ao invés de levar para a oficina. Qual é o nome do filme? Laranja Mecânica.,1,0,2.216796875,-1.9697265625,-4.1865234375,0.9850285053253174,0.014971480704843998,False
5.3601.H,5.3601,H,Qual cantora que mais tem acnes? Britney Espinhas.,1,1,-2.86328125,3.021484375,5.884765625,0.0027737824711948633,0.9972261786460876,True
4.413.H,4.413,H,A minha mulher surda trocou-me por outro homem. Devia ter percebido os sinais...,1,0,1.2978515625,-1.919921875,-3.2177734375,0.9614977240562439,0.03850232809782028,False
5.1982.H,5.1982,H,Quem cuida da documentação na floresta? O Tabeleão ,1,0,0.173095703125,-0.322509765625,-0.49560546875,0.6214260458946228,0.3785739541053772,False
4.708.N,4.708,N,Qual é a cantora preferida dos cirurgiões? É a Mariza.,0,0,2.6328125,-2.443359375,-5.076171875,0.9937950372695923,0.0062050228007137775,True
5.3595.N,5.3595,N,Qual o chinelo mais vendido em Salvador? Havaianas.,0,0,3.669921875,-3.11328125,-6.783203125,0.9988686442375183,0.0011313597206026316,True
5.1690.H,5.1690,H,Por que o canoísta Isaquias Queiroz foi convidado para ir pro espaço? Porque ele é um astronáutico,1,0,2.603515625,-1.9873046875,-4.5908203125,0.9899572730064392,0.010042654350399971,False
4.594.N,4.594,N,Porque é que o professor de matemática se suicidou? Tinha muitos problemas.,0,0,3.3984375,-2.943359375,-6.341796875,0.9982420206069946,0.0017580387648195028,True
4.352.H,4.352,H,Qual é a diferença entre um boneco de neve e uma boneca de neve? As bolas de neve.,1,0,3.146484375,-2.609375,-5.755859375,0.9968457818031311,0.003154205856844783,False
5.4009.H,5.4009,H,Qual o nome da menina que você deveria investir ? Valeria Pena.,1,1,-1.0341796875,1.0615234375,2.095703125,0.10951515287160873,0.8904848694801331,True
4.55.N,4.55,N,O que é um omo? É um sabão em pó com o qual se lavam as partes íntimas.,0,0,1.8232421875,-1.8857421875,-3.708984375,0.9760836362838745,0.02391638606786728,True
4.381.H,4.381,H,O que acontece quando metes um tomate no micro-ondas? Entalas o outro.,1,0,0.2188720703125,-0.380126953125,-0.5989990234375,0.6454272866249084,0.35457277297973633,False
5.3703.H,5.3703,H,Que atriz trabalha como lixeira? Tony Colete.,1,1,-2.703125,2.81640625,5.51953125,0.0039917281828820705,0.9960082769393921,True
5.240.N,5.240,N,O moço nao estava se sentindo bem . O que ele tinha? Azia.,0,0,3.517578125,-3.11328125,-6.630859375,0.9986826777458191,0.001317291520535946,True
5.1503.N,5.1503,N,O gaúcho não achava o seu carro no estacionamento . Qual o modelo do carro? Miura!,0,0,2.408203125,-1.92578125,-4.333984375,0.9870545864105225,0.012945406138896942,True
5.2142.N,5.2142,N,Por que os jogadores de vôlei estão sempre no foco da notícia? Porque eles são bons na ataque,0,1,-1.48046875,1.4326171875,2.9130859375,0.05151045322418213,0.9484894871711731,False
5.217.H,5.217,H,O que usam para fazer as bonecas Barbie? Aparelho de barbear.,1,0,3.6328125,-3.115234375,-6.748046875,0.9988282322883606,0.001171794137917459,False
5.2166.H,5.2166,H,Qual cantor era lobisomem? O uiWando ,1,1,-3.083984375,3.109375,6.193359375,0.0020387868862599134,0.997961163520813,True
5.3045.N,5.3045,N,""" Por que a pessoa não paga pelo absorvente? Porque "" "" quer de graça "" "" . """,0,0,0.24365234375,-0.4677734375,-0.71142578125,0.6707161664962769,0.3292838931083679,True
5.1059.H,5.1059,H,"Meu celular quebrou em várias partes. Do que eu preciso?  De uma bactéria, porque ela unicelular.",1,1,-2.1640625,1.9033203125,4.0673828125,0.01683390885591507,0.9831660985946655,True
5.211.H,5.211,H,Qual é o urso que muda de opinião toda hora? Urso Bipolar.,1,0,2.044921875,-1.890625,-3.935546875,0.9808392524719238,0.019160708412528038,False
4.508.N,4.508,N,O que é a disfunção eréctil? É a incapacidade de sentir atração pelos candidatos.,0,0,0.81494140625,-1.216796875,-2.03173828125,0.8840892910957336,0.11591066420078278,True
5.2820.H,5.2820,H,Cantora que sempre fez dieta? Elis Regime ,1,1,-2.439453125,2.529296875,4.96875,0.006903838366270065,0.9930961728096008,True
5.137.N,5.137,N,"Se o Kid Bengala fosse um personagem da Caverna do Dragão, quem o ajudaria a voltar para casa? Mestre dos Magos.",0,0,3.33203125,-2.7265625,-6.05859375,0.9976677298545837,0.0023322340566664934,True
5.2074.H,5.2074,H,Qual o cantor que nunca deixa a mulher sair sozinha? Milton Naciumento ,1,1,-2.53125,2.36328125,4.89453125,0.007431773468852043,0.9925682544708252,True
4.342.H,4.342,H,Qual é o contrário de menu? Youvestido.,1,1,-3.0234375,2.9296875,5.953125,0.002590979216620326,0.9974090456962585,True
5.248.N,5.248,N,Qual foi o dinossauro mais zoeiro que existiu? Velociraptor.,0,1,-2.3828125,2.298828125,4.681640625,0.009178773500025272,0.9908213019371033,False
5.3211.N,5.3211,N,Qual o ator favorito do Thor? Christopher Hemsworth.,0,0,3.31640625,-2.7578125,-6.07421875,0.9977038502693176,0.002296159043908119,True
5.1599.H,5.1599,H,Qual é o nome da loja do músico veterinário? Trom Pet.,1,1,-1.7880859375,2.12890625,3.9169921875,0.019512547180056572,0.9804874062538147,True
5.2351.N,5.2351,N,Qual é o árbitro que expulsa as pessoas e elas nunca mais podem voltar? O bandeirinha.,0,0,2.2109375,-2.134765625,-4.345703125,0.9872035384178162,0.01279651839286089,True
5.521.N,5.521,N,Qual ator que peida tão alto que ressoa? Francisco Xavier.,0,0,3.353515625,-2.95703125,-6.310546875,0.9981862902641296,0.001813743612729013,True
5.3011.N,5.3011,N,Qual animal gosta de ensinar? Panda.,0,0,3.642578125,-3.001953125,-6.64453125,0.9987004995346069,0.001299427356570959,True
5.1807.H,5.1807,H,Qual animal é cabeleireiro? Serpente,1,0,3.34375,-2.68359375,-6.02734375,0.9975939393043518,0.0024060888681560755,False
5.1279.H,5.1279,H,Qual ator mirim não escova os dentes? MaCarie Culkin.,1,0,3.2265625,-2.87890625,-6.10546875,0.9977743029594421,0.002225670963525772,False
5.1684.H,5.1684,H,Qual cantor odeia a pia cheia? Caetano vê louça,1,1,-2.908203125,3.01953125,5.927734375,0.0026574311777949333,0.9973425269126892,True
4.90.N,4.90,N,"Como é que se diz "" copia bem "" em inglês? Copy & paste.",0,1,-2.046875,2.158203125,4.205078125,0.014700298197567463,0.9852997064590454,False
5.2951.H,5.2951,H,Qual é o personagem de Chaves que gosta de ficar rodando dildos? O Professor Gira Falos. ,1,1,-1.6435546875,1.9306640625,3.57421875,0.027272667735815048,0.972727358341217,True
4.63.N,4.63,N,O que é que se faz num velório de lésbicas? Um minuto de silêncio.,0,0,3.1015625,-2.896484375,-5.998046875,0.9975225329399109,0.0024774454068392515,True
5.283.N,5.283,N,O que o coveiro disse quando pediram a ele para gerenciar o cemitério? Isso não é da minha alçada.,0,0,2.96484375,-2.853515625,-5.818359375,0.997036337852478,0.0029636684339493513,True
5.3434.H,5.3434,H,Por que o Faustão quer que você coloque o Plinio no seu devido lugar? Pra que tu reclames do Plinplin.,1,1,-2.951171875,2.94921875,5.900390625,0.0027308969292789698,0.9972690939903259,True
4.562.N,4.562,N,Em que estado se encontra o rio Mississipi? No estado Minnessota.,0,1,-2.771484375,2.947265625,5.71875,0.0032730645034462214,0.9967268705368042,False
5.2616.H,5.2616,H,Qual ator sempre dá tudo de si? Doei-me Johnson.,1,1,-2.9609375,3.05859375,6.01953125,0.0024249141570180655,0.9975751042366028,True
4.482.H,4.482,H,"O homem já vivei no período Paleolítico, no Mesolítico, no Neolítico... A avaliar pelo stress com que eu ando, devemos estar agora no Ansiolítico.",1,1,-1.771484375,1.7783203125,3.5498046875,0.027927875518798828,0.9720721244812012,True
4.698.H,4.698,H,Qual é a semelhança entre o sol e um avô? Ambos fazem qualquer coisa planeta.,1,1,-2.373046875,2.591796875,4.96484375,0.006930672097951174,0.9930693507194519,True
4.742.H,4.742,H,O que teria acontecido se Adão e Eva fossem canibais? A Eva teria comido a maçã-de-adão.,1,1,-0.353515625,-0.10198974609375,0.25152587890625,0.4374479651451111,0.5625520348548889,True
4.634.N,4.634,N,"Por que é que a apresentadora do Querido, Mudei a Casa foi para o hospital? Porque tinha um problema renal.",0,0,3.068359375,-2.751953125,-5.8203125,0.9970421195030212,0.002957902615889907,True
5.2511.N,5.2511,N,Qual é a série que conta a história de um anfíbio no alto do Everest? A escalada do sapo.,0,0,1.484375,-1.6533203125,-3.1376953125,0.9584211707115173,0.04157886654138565,True
5.358.H,5.358,H,Qual cidade incentiva o uso do tato? Toque-o.,1,0,1.8720703125,-1.7822265625,-3.654296875,0.974773108959198,0.02522682398557663,False
5.704.N,5.704,N,Qual cerveja é comum nos navios? Brahma.,0,0,3.728515625,-3.005859375,-6.734375,0.9988120794296265,0.0011879054363816977,True
4.536.N,4.536,N,Porque é que o génio recebeu um prémio Nobel? Porque foi o que mais se destacou no seu campo.,0,0,1.865234375,-1.974609375,-3.83984375,0.9789553880691528,0.021044565364718437,True
4.611.N,4.611,N,"Como se diz "" tripa de boi "" em português? Intestino delgado.",0,0,2.4921875,-2.369140625,-4.861328125,0.9923192858695984,0.007680746726691723,True
5.1311.H,5.1311,H,Qual cantor sertanejo faliu? Luan Sengrana.,1,0,0.378173828125,-0.1346435546875,-0.5128173828125,0.6254667043685913,0.3745332658290863,False
5.3011.H,5.3011,H,Qual animal gosta de ensinar? LargaTeacher.,1,1,-2.984375,3.095703125,6.080078125,0.00228277500718832,0.9977172613143921,True
5.28.H,5.28,H,Qual é a modelo mais gorda que existe? XL Bündchen.,1,0,0.270751953125,0.052215576171875,-0.218536376953125,0.5544176697731018,0.4455822706222534,False
5.2912.N,5.2912,N,Qual é o prato de carne branca que nenhum cozinheiro acerta? Porco,0,0,3.611328125,-2.9765625,-6.587890625,0.9986249208450317,0.001375047955662012,True
4.600.N,4.600,N,O que são quatro pontos pretos no chão? Formigas.,0,0,3.35546875,-2.787109375,-6.142578125,0.9978552460670471,0.00214476534165442,True
5.2972.H,5.2972,H,Qual a marca de roupa preferida dos esquilos? Alvin Klein.,1,0,3.21875,-2.87890625,-6.09765625,0.9977568984031677,0.002243087626993656,False
4.229.N,4.229,N,A minha amiga asiática ficou doente . Mas eu salvei-a.,0,0,2.31640625,-2.517578125,-4.833984375,0.9921080470085144,0.007891984656453133,True
4.276.N,4.276,N,Uma mulher tropeça e cai em cima de um cão . Qual é o filme? Senta em um cão.,0,0,1.0615234375,-1.0517578125,-2.11328125,0.8921873569488525,0.10781263560056686,True
5.871.H,5.871,H,Por que o construtor virou comunista depois que se deparou com um prego tão duro que destruiu seu equipamento de trabalho? Porque foice o martelo.,1,1,-2.21484375,2.19140625,4.40625,0.0120537793263793,0.9879462122917175,True
5.239.H,5.239,H,O que o cantor sertanejo foi fazer no RH? Foi ser demitido por justa calça.,1,1,-1.0576171875,1.56640625,2.6240234375,0.06760823726654053,0.9323918223381042,True
5.230.H,5.230,H,Qual é o ator que admira um dia ensolarado e sem nuvens? Céu Tão Belo.,1,1,-0.9189453125,1.2412109375,2.16015625,0.10338596999645233,0.8966140151023865,True
5.1869.N,5.1869,N,Qual a doença mais bonita que existe? Sarda.,0,0,1.8095703125,-1.44921875,-3.2587890625,0.9629877209663391,0.03701234981417656,True
5.58.N,5.58,N,O que o judeu passa no corpo quanto está com dor? Cataflan.,0,0,2.736328125,-2.59765625,-5.333984375,0.9951984286308289,0.004801640752702951,True
5.285.N,5.285,N,Qual personagem carnavalesco não é esquecido? Rei Momo,0,0,3.7109375,-2.99609375,-6.70703125,0.9987792372703552,0.001220795209519565,True
5.266.N,5.266,N,Qual número gosta de rádio? 14.,0,0,3.083984375,-2.375,-5.458984375,0.9957601428031921,0.004239825531840324,True
4.477.H,4.477,H,"Perguntei a um francês se jogava videojogos. ""Wii"".",1,0,2.638671875,-2.38671875,-5.025390625,0.9934738278388977,0.006526149343699217,False
5.610.H,5.610,H,Qual o nome que se da a gestação de 10 bebês ao msm tempo? Gravidez!,1,0,3.484375,-2.91015625,-6.39453125,0.9983320832252502,0.0016678821993991733,False
5.840.H,5.840,H,Qual filme do Eddie Murphy ocupa muita memória? 1 tera da pesada.,1,1,-2.46484375,2.470703125,4.935546875,0.007135252468287945,0.992864727973938,True
5.3115.H,5.3115,H,Por que o fazendeiro ficou pobre depois de ir ao banheiro? Porque o intestino deu o gado.,1,1,-2.763671875,2.93359375,5.697265625,0.0033439076505601406,0.996656060218811,True
5.1486.H,5.1486,H,Qual gata que entrou e logo depois saiu do chat? Hello Kitty.,1,0,3.365234375,-2.98046875,-6.345703125,0.998248815536499,0.0017511968035250902,False
5.392.H,5.392,H,Qual apresentador jogava basquete? Chacrinha O'Neal,1,1,-1.306640625,1.5517578125,2.8583984375,0.054248809814453125,0.9457511901855469,True
5.152.H,5.152,H,Por que antigamente o Brasil era mais cheiroso? Porque era colônia.,1,0,0.7578125,-0.796875,-1.5546875,0.8255897164344788,0.17441026866436005,False
4.400.N,4.400,N,Que nome se dá a um professor com os dentes grandes? Professor.,0,0,3.583984375,-2.9375,-6.521484375,0.9985306262969971,0.001469321083277464,True
5.2813.N,5.2813,N,Qual instrumento leva os dentistas à morte? Faca,0,0,3.3984375,-2.865234375,-6.263671875,0.9980993866920471,0.0019006216898560524,True
5.16.N,5.16,N,Para onde as pulgas vão quando morrem? Para o céu.,0,0,3.19140625,-2.568359375,-5.759765625,0.9968580007553101,0.0031419473234564066,True
5.2217.H,5.2217,H,Que terapeuta bebe todo dia? Psicólatra ,1,0,2.66015625,-2.583984375,-5.244140625,0.9947493672370911,0.005250641144812107,False
4.149.H,4.149,H,Que nome se dá a uma irritação cutânea no rabo? Cumichão.,1,1,-2.88671875,3.138671875,6.025390625,0.0024107815697789192,0.9975892305374146,True
5.3548.N,5.3548,N,Qual a empresa especializada na remoção de carpetes? Tira-carpetes.,0,0,0.5234375,-0.646484375,-1.169921875,0.7631309032440186,0.23686911165714264,True
5.94.N,5.94,N,Qual o material bélico mais carente? Nenhum.,0,0,3.08984375,-2.65625,-5.74609375,0.9968149065971375,0.0031850605737417936,True
5.1297.H,5.1297,H,Qual candidato é doador de órgãos? Cabo dá seu olho.,1,1,-2.599609375,2.640625,5.240234375,0.0052710832096636295,0.9947289824485779,True
5.2687.H,5.2687,H,Qual é a banda que não toca em esferas nem em cones? Incubus,1,1,-1.5908203125,1.498046875,3.0888671875,0.04356881231069565,0.9564311504364014,True
5.1073.H,5.1073,H,"Qual filme conta a história do casal mais perdido do mundo em ação? ""Procurando; né, mô?""",1,1,-2.9609375,2.86328125,5.82421875,0.0029464049730449915,0.9970536231994629,True
5.266.H,5.266,H,Qual número gosta de rádio? O 20.,1,0,3.1640625,-2.53515625,-5.69921875,0.9966625571250916,0.003337404690682888,False
5.153.H,5.153,H,Por que o óculos foi deixado na escada? Porque era um óculos degrau.,1,1,-2.740234375,2.658203125,5.3984375,0.004503272473812103,0.9954967498779297,True
5.1524.N,5.1524,N,Como se chamava o cara que roubava discos do Exaltasamba? Claptonmaníaco.,0,1,-2.345703125,2.396484375,4.7421875,0.008644177578389645,0.991355836391449,False
5.261.N,5.261,N,Qual é o cantor que se suicidou? Frank Sinatra.,0,0,3.5234375,-3.025390625,-6.548828125,0.9985702037811279,0.001429745345376432,True
5.1593.H,5.1593,H,Qual é o filme da Xuxa que se passa em um hospital? Xuxa e os Doentes.,1,0,2.103515625,-1.9052734375,-4.0087890625,0.9821683764457703,0.017831627279520035,False
5.681.H,5.681,H,Qual matéria da escola pode machucar? Tabuada.,1,0,3.638671875,-3.025390625,-6.6640625,0.9987257122993469,0.0012743263505399227,False
5.3848.N,5.3848,N,Qual dublador tbm é psicólogo? Charles Emmanuel.,0,0,3.12109375,-2.818359375,-5.939453125,0.9973734617233276,0.002626552479341626,True
5.1791.H,5.1791,H,Qual é o nome do motorista de transporte escolar que está sempre atrasado? Van delay,1,1,-3.16796875,3.171875,6.33984375,0.001761469873599708,0.9982385635375977,True
5.1872.N,5.1872,N,Qual o nome do programa de quem tem pele mole? Bro Show.,0,1,-0.2890625,0.52001953125,0.80908203125,0.3080861270427704,0.6919138431549072,False
5.1736.N,5.1736,N,Qual é a cantora favorita do Tony Hawk? Lady Gaga.,0,0,3.38671875,-2.830078125,-6.216796875,0.9980083107948303,0.001991652650758624,True
5.1088.N,5.1088,N,Qual cidade vive resfriada? Alegrete,0,0,2.97265625,-2.255859375,-5.228515625,0.9946671724319458,0.005332885775715113,True
4.141.H,4.141,H,Qual é a sobremesa mais popular na Rússia? O Putin flan.,1,1,-2.90234375,2.634765625,5.537109375,0.003922447562217712,0.9960775971412659,True
5.1398.N,5.1398,N,Qual é o carro em que todo mundo gosta de comemorar o aniversário? A limosine.,0,1,-1.923828125,1.763671875,3.6875,0.024423090741038322,0.9755768775939941,False
4.150.N,4.150,N,Qual é a temperatura de um leão morto? 37º. Porque ele é um mamífero.,0,0,3.3671875,-2.751953125,-6.119140625,0.9978044629096985,0.00219551520422101,True
5.2567.H,5.2567,H,Por que a lata de cerveja foi se benzer? Porque ela tinha sido a malte suada.,1,1,-2.966796875,3.1875,6.154296875,0.0021198310423642397,0.997880220413208,True
5.2824.H,5.2824,H,Como o Batman dorme? De Bruce,1,1,-2.548828125,2.58203125,5.130859375,0.005876737646758556,0.9941232800483704,True
5.1870.H,5.1870,H,Que médico só trabalha dentro de casa? Indoorcrinologista ,1,1,-1.4853515625,1.7333984375,3.21875,0.0384661927819252,0.961533784866333,True
5.724.N,5.724,N,Por que o 14 é melhor que o 15? Porque ele é menor.,0,0,3.14453125,-2.68359375,-5.828125,0.997065007686615,0.0029349515680223703,True
4.599.H,4.599,H,Acabei de encomendar duas fatias de pão na internet. São da Wish.,1,1,-0.426513671875,0.60693359375,1.033447265625,0.2624163329601288,0.7375836968421936,True
5.1998.H,5.1998,H,Qual é o animal que mais suja crianças? Guache nim ,1,1,-3.310546875,3.373046875,6.68359375,0.0012497095158323646,0.9987503290176392,True
5.639.H,5.639,H,Qual é o caranguejo que só sai à noite? O guaia moon.,1,1,-2.865234375,2.509765625,5.375,0.004609572235494852,0.9953904151916504,True
5.2894.N,5.2894,N,Por que os musicos gostam de tocar a luz de velas? Para criar um clima com os instrumentos,0,0,2.744140625,-2.560546875,-5.3046875,0.9950562715530396,0.004943688865751028,True
4.672.H,4.672,H,Qual é o melhor óleo para lubrificar o sexo? Óleo Need Is Love.,1,1,-3.291015625,2.796875,6.087890625,0.0022650505416095257,0.9977349042892456,True
4.280.H,4.280,H,Qual é o animal mais religioso? É o Papa-formigas.,1,1,-1.9375,1.55859375,3.49609375,0.029423581436276436,0.9705764651298523,True
5.1766.H,5.1766,H,O que acontece quando Dani Rojas fica atirando pelas costas? Uma Dani ficada no rabo do adversário. ,1,1,-2.6953125,2.58203125,5.27734375,0.005080036818981171,0.9949199557304382,True
4.728.H,4.728,H,Que nome se dá a uma gorda atrativa? Bomba calórica.,1,0,3.33203125,-2.8984375,-6.23046875,0.9980353713035583,0.001964661292731762,False
5.1444.H,5.1444,H,Como eu sabia que a gasolina era batizada? Por que quem me atendeu era um frei tista.,1,1,-1.240234375,1.0078125,2.248046875,0.0955180749297142,0.9044819474220276,True
4.17.H,4.17,H,Em que local do planeta se encontram mais leprosos? Nas ilhas Caimão.,1,1,-3.04296875,3.09765625,6.140625,0.00214894930832088,0.9978510141372681,True
5.2435.H,5.2435,H,Quais jogadores de basquete fundaram Brasília? Kobe e Shaq.,1,1,-2.64453125,2.404296875,5.048828125,0.006375935859978199,0.9936240911483765,True
4.474.N,4.474,N,Que nome se dá ao caixão de um cavalheiro? Caixão para homem. .,0,1,-0.1072998046875,0.2144775390625,0.32177734375,0.42024266719818115,0.5797573328018188,False
5.1238.N,5.1238,N,Qual o time de basquete que sempre sabe o poder de luta do adversário? O mais preparado.,0,0,3.09375,-2.599609375,-5.693359375,0.99664306640625,0.0033569515217095613,True
4.564.N,4.564,N,"Como é que se diz "" Albufeira "" em árabe? Albufeira.",0,0,3.14453125,-2.82421875,-5.96875,0.9974491000175476,0.0025509123224765062,True
5.3578.H,5.3578,H,O que o advogado deixou para os filhos? Seu legaldo.,1,1,-2.775390625,2.833984375,5.609375,0.003649987280368805,0.9963500499725342,True
5.2410.N,5.2410,N,"Como os cachorros chineses dizem "" oi ""? "" au au "".",0,0,1.15234375,-1.111328125,-2.263671875,0.9058233499526978,0.09417666494846344,True
5.1303.N,5.1303,N,Qual o chá preferido dos britânicos para se acalmar? Erva-Cidreira.,0,0,0.16357421875,0.0189361572265625,-0.1446380615234375,0.5360965728759766,0.46390336751937866,True
4.637.H,4.637,H,O que faz uma hortaliça surda? Finge couve.,1,1,-1.89453125,1.958984375,3.853515625,0.02076473832130432,0.9792352318763733,True
5.1684.N,5.1684,N,O juiz condenou um réu por um crime articulado dentro de uma loja . Por quê? Porque o réu matou o lojista.,0,1,-1.3857421875,1.5322265625,2.91796875,0.051272422075271606,0.9487276077270508,False
4.644.N,4.644,N,"Para quem não viu o filme ontem à noite, no fim o Edward fica com a Bella.",0,0,2.630859375,-2.564453125,-5.1953125,0.9944880604743958,0.005511933472007513,True
5.1317.H,5.1317,H,Qual cantora sempre se desculpa? Evita Perdão.,1,1,-2.26171875,2.1484375,4.41015625,0.012007350102066994,0.9879926443099976,True
5.1098.N,5.1098,N,Qual a sobremesa oficial da Marvel? A maçã.,0,0,3.48828125,-2.921875,-6.41015625,0.9983579516410828,0.0016420666361227632,True
4.481.N,4.481,N,Porque é que o corcunda de Notre-Dame não seguiu a carreira de advogado? Porque nunca conseguiu estudar.,0,0,3.515625,-2.958984375,-6.474609375,0.9984602928161621,0.0015397267416119576,True
4.739.N,4.739,N,Para a semana vou organizar uma festa para pessoas . Avisem-me se não conseguirem vir.,0,0,2.24609375,-2.14453125,-4.390625,0.9877586960792542,0.012241274118423462,True
5.2927.N,5.2927,N,Qual a fruta que bate em você? Jaca,0,0,3.353515625,-2.748046875,-6.1015625,0.9977656602859497,0.002234362531453371,True
4.646.H,4.646,H,Qual é a posição preferida dos relógios. De quartzo.,1,0,0.0301971435546875,-0.396728515625,-0.4269256591796875,0.6051393151283264,0.3948606550693512,False
4.382.N,4.382,N,Porque é que o motociclista chegou atrasado ao trabalho? Porque saiu de casa tarde.,0,0,3.23828125,-2.662109375,-5.900390625,0.9972690939903259,0.0027308969292789698,True
4.100.H,4.100,H,A São estava com prisão de ventre mas mesmo assim foi à sanita. Qual é o filme? Tentação.,1,0,3.103515625,-2.67578125,-5.779296875,0.9969186782836914,0.0030813636258244514,False
5.907.N,5.907,N,"Qual Cavaleiro do Zodíaco calou a boca de um Street Fighter? O "" Shaka "".",0,0,0.263427734375,-0.51513671875,-0.778564453125,0.685370683670044,0.31462937593460083,True
5.2845.H,5.2845,H,Uma mulher sofre de diarreia crônica. Qual o nome da novela? Maria do Barro,1,0,2.580078125,-1.9873046875,-4.5673828125,0.9897215962409973,0.010278361849486828,False
5.3181.N,5.3181,N,Por que o Mickey possui pouquíssimos bens? Porque ele é pobre.,0,0,3.5859375,-2.89453125,-6.48046875,0.9984691739082336,0.0015307450667023659,True
5.3350.H,5.3350,H,"Por que o time do inferno ganhou o jogo contra o céu? ""Porque a gente atentamos o tempo todo e demo o melhor de si"".",1,1,-1.5009765625,1.5380859375,3.0390625,0.04569203034043312,0.954308032989502,True
4.261.H,4.261,H,Porque é que os peixes não jogam voleibol? Porque têm medo da rede.,1,0,1.6103515625,-1.79296875,-3.4033203125,0.967808187007904,0.03219185769557953,False
4.585.N,4.585,N,"Nunca quis acreditar que o meu pai roubava enquanto trabalhava nas Estradas de Portugal . Mas quando eu chegava a casa, os indícios  estavam todos lá.",0,0,1.5009765625,-2.216796875,-3.7177734375,0.9762879610061646,0.023712070658802986,True
5.1503.H,5.1503,H,"O gaúcho não achava o seu carro no estacionamento. Qual o modelo do carro? Cadê, tche!",1,1,-2.740234375,2.94921875,5.689453125,0.0033700461499392986,0.9966298937797546,True
5.1972.N,5.1972,N,Qual o padre preferido do Faustão? Padre Marcelo Rossi!!,0,0,3.111328125,-2.7890625,-5.900390625,0.9972690939903259,0.0027308969292789698,True
5.962.H,5.962,H,Qual elefante da Disney usa fertilizante pra cuidar do solo? Adumbo.,1,1,-1.4931640625,1.80078125,3.2939453125,0.03577948734164238,0.9642205834388733,True
5.1393.N,5.1393,N,Qual é a banda de pagode mais famosa no mundo dos animes? ASIAN KUNG-FU GENERATION .,0,1,-2.451171875,2.060546875,4.51171875,0.010860332287847996,0.9891397356987,False
5.2665.H,5.2665,H,Quem é responsável pela locomoção dos pentelhos? Transporte púbico.,1,1,-2.31640625,2.587890625,4.904296875,0.0073600816540420055,0.9926398992538452,True
5.1475.N,5.1475,N,Qual pico mais gelado que existe? O everest.,0,1,-2.7578125,2.85546875,5.61328125,0.003635808825492859,0.996364176273346,False
1.5.N,1.5,N,Por que a galinha bateu a cabeça contra a parede? Para ficar com um machucado.,0,0,3.4375,-2.861328125,-6.298828125,0.9981649518013,0.0018350841710343957,True
5.976.H,5.976,H,Qual passarinho adora televisão? Bem TV.,1,1,-2.064453125,2.24609375,4.310546875,0.013248330913484097,0.9867516756057739,True
5.2412.N,5.2412,N,Qual é o doce que luta artes marciais? O arroz doce,0,0,3.396484375,-2.80078125,-6.197265625,0.9979690909385681,0.0020308548118919134,True
5.415.N,5.415,N,Qual é o restaurante favorito dos maconheiros? O beco.,0,0,1.2509765625,-1.0673828125,-2.318359375,0.9103862047195435,0.08961381763219833,True
4.330.N,4.330,N,Porque é que os bêbados gostam de passar a Ponte 25 de Abril? Porque lá há muito ar puro.,0,0,2.814453125,-2.568359375,-5.3828125,0.9954261183738708,0.004573863931000233,True
4.348.N,4.348,N,O que é que os bonecos de peluche costumam pôr no leite? Flocos.,0,0,3.359375,-2.806640625,-6.166015625,0.9979047775268555,0.0020951859187334776,True
4.327.N,4.327,N,Qual é a panela que se usa quando se está triste? Panela.,0,0,3.53515625,-2.9140625,-6.44921875,0.9984207153320312,0.0015792594058439136,True
5.2373.N,5.2373,N,Por que a mãe tinha que largar o bebê quando colocava sua bolsa? Porque era bolsa frontal.,0,0,2.267578125,-2.431640625,-4.69921875,0.9909797310829163,0.009020280092954636,True
5.2985.H,5.2985,H,Qual animal é coach? O cão guru.,1,0,1.3515625,-1.34375,-2.6953125,0.9367494583129883,0.06325051933526993,False
4.663.H,4.663,H,Por que é que a professora usa óculos escuros na aula? Porque os seus alunos são brilhantes.,1,0,2.97265625,-2.462890625,-5.435546875,0.9956600069999695,0.004339933395385742,False
4.154.N,4.154,N,O que é que os carteiros fazem nos tempos livres? Nada.,0,0,3.4375,-2.92578125,-6.36328125,0.998279333114624,0.0017207356868311763,True
5.4027.H,5.4027,H,Qual o nome do parente que mais gosta de você? A Tia Dora.,1,0,3.203125,-2.78515625,-5.98828125,0.9974983334541321,0.0025016965810209513,False
5.71.H,5.71,H,Qual é o cachorro que mergulha muito? Pitchibum.,1,1,-3.259765625,3.134765625,6.39453125,0.0016678821993991733,0.9983320832252502,True
4.283.H,4.283,H,Qual é o carro que consegue transportar mais porcos? É o Nissan na vara.,1,1,-2.89453125,2.55859375,5.453125,0.004264634568244219,0.9957352876663208,True
5.167.N,5.167,N,"O que o padrinho da faca disse? "" Oi, afilhado "".",0,0,2.732421875,-2.4921875,-5.224609375,0.9946463704109192,0.005353646818548441,True
5.385.H,5.385,H,Qual gênero literário não pode ter filhos? Mistéril.,1,0,1.17578125,-0.794921875,-1.970703125,0.8776865601539612,0.12231338024139404,False
5.785.N,5.785,N,Como se chama a mãe que cozinha bem? Mutitarefa.,0,1,-3.068359375,2.9140625,5.982421875,0.002516360953450203,0.9974836707115173,False
5.202.H,5.202,H,Por que o Sílvio Santos só entra em casa depois que a mulher dele o aplaude? Porque a porta só abre com reconhecimento de Íris.,1,1,-2.630859375,2.552734375,5.18359375,0.005576544441282749,0.9944234490394592,True
5.1613.H,5.1613,H,"Como se faz para uma laranja virar uma cobra? Faz cosquinha nela, aí o suco ri.",1,1,-3.03515625,3.150390625,6.185546875,0.0020547444000840187,0.997945249080658,True
5.368.H,5.368,H,Um lider religioso no pantanal matogrossense. Qual o nome do filme?  Crocodilo Gandhi,1,1,-0.82080078125,1.033203125,1.85400390625,0.13540348410606384,0.8645965456962585,True
4.28.N,4.28,N,Voltei a dizer à minha mãe que queria ser futebolista . Ela diz que estou sempre a bater na mesma tecla.,0,0,1.67578125,-2.041015625,-3.716796875,0.9762653708457947,0.023734688758850098,True
5.1627.H,5.1627,H,Qual é a atriz mais dramática do mundo? A tristeza,1,0,2.958984375,-2.623046875,-5.58203125,0.996249258518219,0.0037507889792323112,False
5.2197.H,5.2197,H,Porque o frango usava smoking? Porque era chicken no último ! ,1,1,-2.841796875,2.787109375,5.62890625,0.003579642390832305,0.9964203834533691,True
4.346.H,4.346,H,Que nome se dá a alguém que não acredita nas alterações climáticas? Persona non greta.,1,1,-1.7412109375,1.5927734375,3.333984375,0.034423548728227615,0.9655764698982239,True
5.31.N,5.31,N,Qual é o poeta que sempre se atrasa? Fernando Pessoa.,0,0,3.408203125,-2.830078125,-6.23828125,0.9980505704879761,0.0019494020380079746,True
5.1912.N,5.1912,N,Qual chá preferido dos pedreiros? Cidreira.,0,0,1.5068359375,-1.21875,-2.7255859375,0.9385196566581726,0.06148036569356918,True
4.163.H,4.163,H,Como é que a mulher do Vasco da Gama o cumprimenta? Com um beijo no astro-lábio.,1,0,1.203125,-1.060546875,-2.263671875,0.9058233499526978,0.09417666494846344,False
5.1352.H,5.1352,H,Qual é a doença preferida dos pastores? Salmo nela.,1,1,-2.326171875,2.310546875,4.63671875,0.009596453979611397,0.9904035329818726,True
4.33.N,4.33,N,Qual é a parte da mulher que cheira a creme? O nariz.,0,0,3.44140625,-2.943359375,-6.384765625,0.9983158111572266,0.0016842226032167673,True
5.1116.N,5.1116,N,Por que os jacarés só andavam em dois? Porque são répteis.,0,0,3.404296875,-2.814453125,-6.21875,0.9980121850967407,0.0019877743907272816,True
4.474.H,4.474,H,Que nome se dá ao caixão de um cavalheiro? Sir Cófago.,1,1,-0.8837890625,0.91650390625,1.80029296875,0.1418154090642929,0.8581845164299011,True
5.1974.N,5.1974,N,Por que o cara entrou com seu veículo no mar? Porque era barco,0,0,0.2734375,0.0509033203125,-0.2225341796875,0.5554050803184509,0.4445949196815491,True
5.2952.H,5.2952,H,Qual é o nome do programa que o Sílvio Santos passou a fazer no mar? Roda a Roda Jetski. ,1,1,-1.6201171875,1.908203125,3.5283203125,0.028517084196209908,0.9714828729629517,True
5.2099.N,5.2099,N,Qual é o local religioso preferido dos jogadores de basquete? A quadra,0,0,2.46484375,-2.4765625,-4.94140625,0.9929060935974121,0.007093861699104309,True
5.2506.H,5.2506,H,Qual é o biscoito mais temido da mitologia? Cream Kraken.,1,1,-2.236328125,2.25390625,4.490234375,0.011093566194176674,0.9889063835144043,True
5.4009.N,5.4009,N,Qual o nome da menina que você deveria investir? Jeniffer Lawrence.,0,0,3.087890625,-2.8203125,-5.908203125,0.9972903728485107,0.002709702355787158,True
4.464.N,4.464,N,Onde se encontram os piores vinhos italianos? Massamá.,0,1,-2.236328125,2.166015625,4.40234375,0.012100384570658207,0.9878996014595032,False
4.326.H,4.326,H,Porque é que os homens são mais burros ao pé das mulheres? Porque passam de homo sapiens para homo erectus.,1,1,-1.4501953125,1.1201171875,2.5703125,0.07107367366552353,0.9289263486862183,True
5.3765.H,5.3765,H,Qual é o jogo favorito da Ivete Sangalo? Golden Axé,1,1,-2.51171875,2.662109375,5.173828125,0.005630961619317532,0.9943690896034241,True
4.442.H,4.442,H,O que é que os bebés já fazem aos 12 meses? 1 ano.,1,0,3.212890625,-2.8359375,-6.048828125,0.9976449608802795,0.0023550675250589848,False
5.2373.H,5.2373,H,Por que a mãe tinha que largar o bebê quando colocava sua bolsa? Porque era bolsa tiracolo.,1,0,2.859375,-2.755859375,-5.615234375,0.9963712692260742,0.003628740319982171,False
5.2643.N,5.2643,N,Qual é o nome de um cabeleireiro? Salão de Beleza.,0,0,3.62890625,-3.162109375,-6.791015625,0.9988774657249451,0.0011225653579458594,True
5.3768.N,5.3768,N,Onde o Jabba come? No restaurante,0,0,3.552734375,-3.03125,-6.583984375,0.998619556427002,0.0013804222689941525,True
5.610.N,5.610,N,Qual o nome que se da a viagem de 10 bebês ao msm tempo? Gravidez!,0,0,3.484375,-2.91015625,-6.39453125,0.9983320832252502,0.0016678821993991733,True
5.418.N,5.418,N,Quantos chocolates são necessários para voar? Muitos,0,0,2.892578125,-2.38671875,-5.279296875,0.994929850101471,0.005070175044238567,True
4.398.H,4.398,H,"Era um vez um esquilo tão pequeno, tão pequeno, que em vez de chamar esquilo, chamava-se esgrama.",1,1,-0.09490966796875,0.0848388671875,0.17974853515625,0.4551834762096405,0.5448164939880371,True
5.100.N,5.100,N,Qual a data mais importante do calendário grego? Dia de natal.,0,0,3.58984375,-3.087890625,-6.677734375,0.9987429976463318,0.0012570441467687488,True
5.147.H,5.147,H,"Com o que é feita, fundamentalmente, a porta do quartel? Com batentes.",1,0,2.990234375,-2.578125,-5.568359375,0.9961977601051331,0.0038022249937057495,False
5.230.N,5.230,N,Qual é o ator que admira um dia ensolarado e sem nuvens? Tony Ramos.,0,0,3.603515625,-3.021484375,-6.625,0.9986749291419983,0.001325022429227829,True
5.2016.H,5.2016,H,Que cantora adora comer formiga? A TamanDua Lipa ,1,1,-3.099609375,3.021484375,6.12109375,0.002191240666434169,0.9978087544441223,True
5.1832.H,5.1832,H,Qual é a aparesentadora mais descoordenada que existe? Abcissa Guimarães,1,1,-2.720703125,2.828125,5.548828125,0.0038769259117543697,0.9961230158805847,True
5.2647.H,5.2647,H,Qual apresentador é o mais duas caras? Falso Silva.,1,0,0.56201171875,-0.59228515625,-1.154296875,0.7602949142456055,0.23970511555671692,False
5.426.N,5.426,N,Qual criatura mitológica criou um calendário só com 11 signos? Humano.,0,0,3.478515625,-2.9375,-6.416015625,0.9983674883842468,0.0016324889147654176,True
5.117.N,5.117,N,Qual menina viveu uma aventura digna dos contos de fadas? Alice no país das Maravilhas.,0,0,3.671875,-3.0703125,-6.7421875,0.9988213181495667,0.0011786719551309943,True
5.2069.N,5.2069,N,Os imperador inca decretou que as lhamas seriam os únicos animais permitidos em Machu Picchu . Qual é o nome do filme? O Império Contra Ataca,0,0,0.466552734375,-0.69873046875,-1.165283203125,0.7622913718223572,0.23770862817764282,True
5.1782.H,5.1782,H,Em que período da história foi inventado o primeiro carro popular? No período Páliolítico.,1,1,-1.9716796875,2.267578125,4.2392578125,0.01421335805207491,0.9857866764068604,True
5.2813.H,5.2813,H,Qual instrumento leva os dentistas à morte? Óbitorador ,1,0,0.59814453125,-0.262451171875,-0.860595703125,0.702785074710846,0.29721489548683167,False
5.1238.H,5.1238,H,Qual o time de basquete que sempre sabe o poder de luta do adversário? Orlando Mede Ki.,1,1,-2.650390625,2.65625,5.306640625,0.004934090655297041,0.9950659275054932,True
5.2488.H,5.2488,H,Qual é o bloco do índio que não bebe nem fuma? Mim careta.,1,1,-3.115234375,3.162109375,6.27734375,0.0018748616566881537,0.9981251358985901,True
4.562.H,4.562,H,Em que estado se encontra o rio Mississipi? No estado líquido.,1,0,2.978515625,-2.298828125,-5.27734375,0.9949199557304382,0.005080036818981171,False
5.3504.N,5.3504,N,Qual executivo sempre cochila depois do almoço? O gerente.,0,0,3.5703125,-3.08984375,-6.66015625,0.9987207055091858,0.0012793075293302536,True
5.3504.H,5.3504,H,Qual executivo sempre cochila depois do almoço? O de gestão.,1,0,3.146484375,-2.861328125,-6.0078125,0.9975466132164001,0.0024534284602850676,False
5.2567.N,5.2567,N,Por que a lata de cerveja foi se benzer? Porque ela tinha sido amaldiçoada.,0,0,2.626953125,-2.259765625,-4.88671875,0.9925103187561035,0.0074896239675581455,True
5.2597.N,5.2597,N,Qual seria a profissão perfeita para o Tony Tornado? Promotor de festas.,0,0,3.23046875,-2.841796875,-6.072265625,0.9976993203163147,0.002300637774169445,True
5.2956.N,5.2956,N,Qual é o seriado mexicano sobre um chinês tomando chá? Chaves.,0,0,3.66015625,-3.00390625,-6.6640625,0.9987257122993469,0.0012743263505399227,True
5.2927.H,5.2927,H,Qual a fruta que bate em você? Fruta pão,1,1,-0.74462890625,0.80224609375,1.546875,0.1755380630493164,0.8244618773460388,True
5.3224.H,5.3224,H,Qual comediante comentou sobre a Páscoa em seu texto? Hassumcitou.,1,1,-2.298828125,2.22265625,4.521484375,0.010755925439298153,0.9892441034317017,True
5.2368.H,5.2368,H,Qual rockeiro não usa drogas e nem sacaneia os outros? O Bom Jovem,1,0,1.302734375,-1.36328125,-2.666015625,0.9349913001060486,0.0650087371468544,False
4.598.H,4.598,H,Estou a pensar começar uma relação com a minha calculadora. Ao menos ela sabe dar-me o devido valor.,1,1,-0.71826171875,0.258544921875,0.976806640625,0.2735258638858795,0.7264741063117981,True
4.154.H,4.154,H,O que é que os carteiros fazem nos tempos livres? Jogam às cartas.,1,0,0.287109375,-0.353271484375,-0.640380859375,0.6548395752906799,0.34516045451164246,False
5.2511.H,5.2511,H,Qual é a série que conta a história de um anfíbio no alto do Everest? Rã na Montanha.,1,1,-3.072265625,2.81640625,5.888671875,0.002762998454272747,0.997236967086792,True
5.104.N,5.104,N,Qual lugar do mundo incentiva a caminhada? Himalaia.,0,0,3.412109375,-2.880859375,-6.29296875,0.9981541037559509,0.0018458482809364796,True
4.256.N,4.256,N,Que som faz um peixe a cair dum prédio de 20 andares? Nenhum!,0,0,3.19140625,-2.783203125,-5.974609375,0.9974639415740967,0.002536047250032425,True
5.907.H,5.907,H,"Qual Cavaleiro do Zodíaco calou a boca de um Street Fighter? O ""Shhh, Ryu"".",1,1,-2.373046875,2.47265625,4.845703125,0.007800756953656673,0.9921992421150208,True
5.1791.N,5.1791,N,Sabe por que a Gisele Bündchen só anda com roupa amassada? Porque ela cansou de desfilar.,0,0,3.166015625,-2.80078125,-5.966796875,0.9974441528320312,0.002555886749178171,True
5.1222.H,5.1222,H,Qual o jornalista esportivo mais inteligente? Clever Machado.,1,0,3.37890625,-2.888671875,-6.267578125,0.9981067180633545,0.0018932255916297436,False
5.2559.H,5.2559,H,Qual é o cantor que tá sempre na cena de um crime? Perito de Paula.,1,1,-2.154296875,2.212890625,4.3671875,0.012527931481599808,0.9874721169471741,True
5.2507.H,5.2507,H,Qual é o aparelho que nunca para de mexer? A balança.,1,0,3.412109375,-2.828125,-6.240234375,0.9980543851852417,0.0019456057343631983,False
5.2325.N,5.2325,N,"O que a mãe religiosa disse para o pai agnóstico sobre o filho deles? "" Cuida, que o filho é descrente "".",0,0,1.59765625,-2.091796875,-3.689453125,0.975623369216919,0.02437659539282322,True
5.2972.N,5.2972,N,Qual a marca de roupa preferida dos esquilos? The north face.,0,1,-2.111328125,2.029296875,4.140625,0.015663649886846542,0.9843363761901855,False
5.4006.H,5.4006,H,Por que Caim matou Abel? Porque Abel era Fera.,1,0,3.072265625,-2.63671875,-5.708984375,0.9966949224472046,0.0033050791826099157,False
5.53.N,5.53,N,Como são classificados os gatos e cachorros no México? Astecas.,0,0,2.201171875,-2.01171875,-4.212890625,0.9854124188423157,0.014587567187845707,True
5.3181.H,5.3181,H,Por que o Mickey possui pouquíssimos bens? Porque ele é Minniemalista.,1,1,-1.4892578125,1.9091796875,3.3984375,0.032344333827495575,0.9676556587219238,True
5.368.N,5.368,N,Um lider religioso no pantanal matogrossense . Qual o nome do personagem? Crocodilo Gandhi,0,0,1.103515625,-0.9609375,-2.064453125,0.8873999118804932,0.11260009557008743,True
5.3666.H,5.3666,H,Qual dublador que não toma banho? Fede Mascarenhas.,1,1,-0.172607421875,0.41259765625,0.585205078125,0.357735812664032,0.6422642469406128,True
4.508.H,4.508,H,O que é a disfunção eléctil? É a incapacidade de sentir atração pelos candidatos das eleições.,1,0,1.0380859375,-1.0458984375,-2.083984375,0.8893368244171143,0.11066323518753052,False
4.645.H,4.645,H,"Se um dia te oferecerem uns óculos sem lentes, tem cuidado! Pode ser armação.",1,0,1.0146484375,-1.4755859375,-2.490234375,0.9234544038772583,0.07654563337564468,False
5.1352.N,5.1352,N,Qual é a doença preferida dos pastores?.,0,0,1.76171875,-1.59765625,-3.359375,0.9664104580879211,0.03358950465917587,True
4.106.N,4.106,N,Qual é a flor que os homens mais gostam de oferecer às mulheres? Tulipas.,0,0,3.548828125,-3.05078125,-6.599609375,0.9986409544944763,0.0013590500457212329,True
5.3492.N,5.3492,N,"Qual a banda que, quando nasceu, era alimentada por criminosas? Legião Urbana.",0,0,3.416015625,-3.072265625,-6.48828125,0.9984812140464783,0.0015188507968559861,True
5.4035.H,5.4035,H,"Por que o nariz, às vezes, sente cheiro de arrogância? Por causa da humildade relativa do ar.",1,1,-2.607421875,2.63671875,5.244140625,0.005250641144812107,0.9947493672370911,True
5.1.H,5.1,H,Qual X-Men nunca falta ao trabalho? No turno.,1,0,2.28125,-1.689453125,-3.970703125,0.9814888834953308,0.01851104572415352,False
4.630.N,4.630,N,Por que é que os surfistas comem a comida fria? Porque detestam comida quente.,0,0,2.83984375,-2.330078125,-5.169921875,0.9943471550941467,0.005652876570820808,True
5.1332.H,5.1332,H,Por que o nerd pediu a calculadora em namoro? Porque ela dava valor.,1,1,-0.444091796875,0.264404296875,0.70849609375,0.32993122935295105,0.6700687408447266,True
5.2882.H,5.2882,H,Personagem que adora Leite? Milk Mouse ,1,1,-2.3828125,2.611328125,4.994140625,0.006731917150318623,0.9932680726051331,True
4.595.H,4.595,H,Para que servem óculos verdes? Para verde perto.,1,1,-2.802734375,3.009765625,5.8125,0.002981032943353057,0.9970190525054932,True
4.615.H,4.615,H,"A eletricidade está tão cara, tão cara, que a EDP decidiu mudar o nome para Luz Vuitton.",1,0,-0.0277862548828125,-0.25732421875,-0.2295379638671875,0.5571338534355164,0.44286614656448364,False
4.728.N,4.728,N,Que nome se dá a uma Sobremesa atrativa? Bomba calórica .,0,0,3.4140625,-2.91015625,-6.32421875,0.9982109069824219,0.0017891590250656009,True
5.129.H,5.129,H,Qual cantora ganhou uma patente em 2018? Major Este Ano.,1,1,-2.482421875,2.515625,4.998046875,0.006705848500132561,0.9932942390441895,True
5.3237.H,5.3237,H,Qual queijo favorito da Iveje Sangalo? Axéddar.,1,1,-2.50390625,2.6953125,5.19921875,0.005490563344210386,0.9945095181465149,True
4.67.N,4.67,N,Porque é que as galinhas não gostam de ralis? Porque não vêem nada com o pó.,0,1,-2.8828125,2.8203125,5.703125,0.003324436955153942,0.9966756105422974,False
4.160.H,4.160,H,O que diz uma banana suicida? Macacos me mordam!,1,1,-1.4921875,1.59765625,3.08984375,0.043528132140636444,0.9564718008041382,True
5.442.H,5.442,H,Qual o salgadinho favorito dos torcedores do Flamengo? Baconzico.,1,0,1.931640625,-1.68359375,-3.615234375,0.9737945199012756,0.026205411180853844,False
5.1912.H,5.1912,H,Qual cantora tem um supermercado? Wallmart nália,1,1,-2.70703125,2.826171875,5.533203125,0.003937738947570324,0.9960622191429138,True
5.1249.H,5.1249,H,Por que o veganismo é a política de Estado na Bolívia? Para ninguém comer huevo.,1,1,-2.783203125,2.845703125,5.62890625,0.003579642390832305,0.9964203834533691,True
5.3509.N,5.3509,N,Qual é o cantor que teve problemas respiratórios? Erasma Carlos.,0,0,3.37109375,-2.8671875,-6.23828125,0.9980505704879761,0.0019494020380079746,True
4.33.H,4.33,H,Qual é a parte da mulher que cheira a banana? O nariz.,1,0,3.478515625,-2.919921875,-6.3984375,0.9983385801315308,0.0016613906482234597,False
5.962.N,5.962,N,Qual elefante da Disney usa fertilizante pra cuidar do solo? Coronel Hathi.,0,0,0.287841796875,-0.1204833984375,-0.4083251953125,0.6006861925125122,0.3993137776851654,True
5.2385.N,5.2385,N,Por que o atrito e a resistência do ar foram ao psicólogo? Porque eles são muito requisitados,0,0,1.7177734375,-1.6484375,-3.3662109375,0.9666317105293274,0.0333683118224144,True
5.2259.H,5.2259,H,Qual a semelhança entre o trovão e a privada? Os dois vem sempre acompanhado de uma descarga,1,1,-0.95068359375,1.021484375,1.97216796875,0.12215621769428253,0.8778437376022339,True
5.2616.N,5.2616,N,Qual ator sempre dá tudo de si? Don Johnson.,0,0,3.525390625,-2.990234375,-6.515625,0.9985221028327942,0.0014779429184272885,True
5.1344.H,5.1344,H,Qual Trapalhão ajudou Frodo em sua jornada? O Renato Aragorn.,1,1,-0.3359375,0.947265625,1.283203125,0.21700546145439148,0.7829945087432861,True
5.912.N,5.912,N,Qual é a parte do computador que não é do bem? O teclado.,0,0,3.35546875,-2.833984375,-6.189453125,0.9979531764984131,0.0020467499271035194,True
4.559.H,4.559,H,Porque é que os diabéticos não usam o Google Chrome? Porque não podem aceitar cookies.,1,0,2.650390625,-2.45703125,-5.107421875,0.9939847588539124,0.006015262566506863,False
5.1802.N,5.1802,N,Por que ninguém na Terra consegue entender a língua nativa do Super-Homem? Porque é alienígena.,0,0,3.015625,-2.35546875,-5.37109375,0.995372474193573,0.004627529997378588,True
5.522.H,5.522,H,Qual país que sofre com as enchentes? Aquador.,1,1,-0.323974609375,0.57666015625,0.900634765625,0.2889200747013092,0.7110799551010132,True
5.169.H,5.169,H,Em qual programa o Sílvio Santos exagera no laquê? Topetudo por Dinheiro.,1,1,-2.9296875,2.923828125,5.853515625,0.00286157988011837,0.9971383810043335,True
4.235.H,4.235,H,"Era uma vez um homem tão pequeno, tão pequeno, que em vez de praticar natação, praticava na tacinha.",1,1,-1.12109375,1.189453125,2.310546875,0.09025323390960693,0.9097468256950378,True
5.147.N,5.147,N,"Com o que é feita, fundamentalmente, a porta do quartel? De ferro.",0,0,3.37109375,-2.736328125,-6.107421875,0.9977787137031555,0.00222133775241673,True
4.500.N,4.500,N,Porque é que o João Silva tem Instagram mas não tem Facebook? Porque ele prefere ter seguidores em vez de amigos.,0,0,3.31640625,-2.78125,-6.09765625,0.9977568984031677,0.002243087626993656,True
5.2422.H,5.2422,H,Por que em Barretos as pessoas não falam as coisas na lata?  Porque lá é impossível fazer algo sem rodeios.,1,0,0.2724609375,-0.28173828125,-0.55419921875,0.6351093053817749,0.3648906946182251,False
5.3668.H,5.3668,H,Por que o frango caipira não tem problemas jurídicos de identidade? Porque ele não tem hormônimos.,1,1,-1.65625,1.736328125,3.392578125,0.03252822533249855,0.9674717783927917,True
4.55.H,4.55,H,O que é um omossexual? É um sabão em pó com o qual se lavam as partes íntimas.,1,0,1.208984375,-1.52734375,-2.736328125,0.9391365647315979,0.060863446444272995,False
5.1554.H,5.1554,H,Qual a Miss EUA que foi escolhida por engano? A Miss Take.,1,1,-1.232421875,1.400390625,2.6328125,0.06705627590417862,0.9329437017440796,True
4.567.H,4.567,H,"O que é que a mulher do comunista diz quando o viagra perde o efeito? Foice o martelo, camarada.",1,1,-1.8779296875,1.896484375,3.7744140625,0.022435622289776802,0.9775643944740295,True
4.11.N,4.11,N,Qual é o animal mais romântico? É a amêijoa . Porque dorme em conjunto.,0,1,-1.5947265625,1.1904296875,2.78515625,0.05813159793615341,0.9418684244155884,False
5.522.N,5.522,N,Qual país que sofre com as enchentes? Equador.,0,0,3.298828125,-2.74609375,-6.044921875,0.9976357221603394,0.002364262705668807,True
5.1109.H,5.1109,H,Qual filósofo gostaria de ser um Cavaleiro do Zodíaco? Áriestóteles,1,1,-3.197265625,3.216796875,6.4140625,0.0016356752021238208,0.998364269733429,True
5.1223.N,5.1223,N,Qual parte do corpo nunca está acordada? Pé.,0,0,2.84765625,-2.54296875,-5.390625,0.9954615235328674,0.0045384312979876995,True
4.129.N,4.129,N,Que nome se dá a uma freira no convento? Católica apostólica.,0,0,2.439453125,-2.509765625,-4.94921875,0.9929609894752502,0.0070390463806688786,True
5.1398.H,5.1398,H,Qual é o carro em que todo mundo gosta de comemorar o aniversário? O Fiesta.,1,0,3.130859375,-2.689453125,-5.8203125,0.9970421195030212,0.002957902615889907,False
5.4027.N,5.4027,N,Qual o nome do parente que mais gosta de você? A Tia Maria.,0,0,3.595703125,-3.052734375,-6.6484375,0.9987056255340576,0.0012943680630996823,True
5.1690.N,5.1690,N,Qual o jogo favorito de um ator famoso de Hollywood? O Fortnite? LOL!,0,1,-2.759765625,2.681640625,5.44140625,0.00431468803435564,0.995685338973999,False
5.2226.H,5.2226,H,Por que se ouvia uma nota quando neandertal batia em suas presas ? Porque usava uma Clava de Sol,1,1,-1.9541015625,1.599609375,3.5537109375,0.02782202512025833,0.9721779823303223,True
5.392.N,5.392,N,Qual jogador jogava basquete? Shaquille O'Neal,0,0,3.005859375,-2.455078125,-5.4609375,0.9957684278488159,0.004231587518006563,True
5.3523.H,5.3523,H,Em qual brincadeira eu só aceito gente inteligente? Tiro lesa.,1,1,-3.08984375,3.17578125,6.265625,0.0018969200318679214,0.9981030225753784,True
5.1403.N,5.1403,N,Por que o próximo técnico da seleção jogara contra a parede? Porque ele é Pós-Tite.,0,1,-2.599609375,2.56640625,5.166015625,0.005674875341355801,0.9943251013755798,False
5.2778.H,5.2778,H,Qual jogo do Windows só funciona se você fizer tudo o que ele quer? O Campo Mimado,1,1,-0.453125,0.34619140625,0.79931640625,0.3101717531681061,0.6898282170295715,True
5.1358.H,5.1358,H,Qual é o trabalho que você se vê fazendo? Limpar espelhos.,1,0,2.98046875,-2.7109375,-5.69140625,0.9966365098953247,0.0033634924329817295,False
5.58.H,5.58,H,O que o judeu passa no corpo quanto está com dor? Shalompas.,1,1,-3.029296875,3.048828125,6.078125,0.0022872271947562695,0.9977127313613892,True
4.262.N,4.262,N,Que nome se dá a um pássaro aleijado? Infeliz.,0,0,3.271484375,-2.75390625,-6.025390625,0.9975892305374146,0.0024107815697789192,True
5.3618.N,5.3618,N,Qual os piores inimigos dos MINIons??? Os heróis,0,0,2.70703125,-2.32421875,-5.03125,0.9935117363929749,0.006488270126283169,True
5.1282.N,5.1282,N,Qual castanha sempre interpreta personagens maus? Do pará.,0,1,-2.205078125,2.240234375,4.4453125,0.011597362346947193,0.9884026646614075,False
5.3944.N,5.3944,N,Por que o cara resolveu dormir no bueiro? Porque ele tava bêbado.,0,0,3.19140625,-2.73046875,-5.921875,0.9973269701004028,0.0026730059180408716,True
5.1205.H,5.1205,H,Por que o pessoal do Nordeste se orgulha do GPS?  Porque ele fala: Você chegou Nor Destino.,1,0,0.501953125,-0.60888671875,-1.11083984375,0.7522856593132019,0.2477143555879593,False
4.363.H,4.363,H,O que é que a tinta faz nos dias de chuva? Fica no choco.,1,1,-2.73046875,3.091796875,5.822265625,0.002952147740870714,0.9970478415489197,True
5.1061.H,5.1061,H,Qual doença temos que coletar esperma? Cataporra.,1,1,-2.7890625,2.73046875,5.51953125,0.0039917281828820705,0.9960082769393921,True
5.3721.N,5.3721,N,qual jornalista sempre levava bebidas pros colegas? Carlos Lacerda,0,0,3.7421875,-3.12109375,-6.86328125,0.9989556074142456,0.0010443860664963722,True
5.3911.H,5.3911,H,Qual a cidade paulista as pessoas rezam e fazem artesanato? Em Budas Artes.,1,1,-2.86328125,2.888671875,5.751953125,0.0031665118876844645,0.9968335032463074,True
5.1971.H,5.1971,H,Porque a fada madrinha estava com um isqueiro na mão indo em direção a uma vela no candelabro? Pra acenderela ,1,1,-1.4208984375,1.115234375,2.5361328125,0.07336363941431046,0.9266363382339478,True
5.3825.H,5.3825,H,Qual o mês do Popó? Junho de Aço.,1,1,-2.640625,2.853515625,5.494140625,0.00409395806491375,0.9959059953689575,True
1.4.H,1.4,H,O que uma impressora falou para a outra? Essa folha é sua ou é impressão minha?,1,0,2.517578125,-2.4453125,-4.962890625,0.9930558800697327,0.006944126915186644,False
5.910.N,5.910,N,Qual é a reta que canta muito? A Ella Fitzgerald.,0,0,3.30859375,-2.765625,-6.07421875,0.9977038502693176,0.002296159043908119,True
5.1387.N,5.1387,N,Qual cantora escreveu Sitio do Picapau Amarelo? A Katy Perry.,0,0,3.59765625,-3.04296875,-6.640625,0.9986955523490906,0.00130450667347759,True
5.3164.N,5.3164,N,Qual pintor estava sempre bêbado? Salvador Dalí.,0,0,3.037109375,-2.62890625,-5.666015625,0.9965503215789795,0.0034496886655688286,True
5.122.H,5.122,H,Como chama a cerveja que você só toma de 2 em 2 anos? Beer nal.,1,1,-2.95703125,2.978515625,5.935546875,0.0026368056423962116,0.9973631501197815,True
5.2488.N,5.2488,N,Qual é o bloco do índio que não bebe nem fuma? Bloquinho infantil.,0,0,3.638671875,-3.048828125,-6.6875,0.9987550973892212,0.0012448433553799987,True
4.342.N,4.342,N,Qual é o contrário de nu? Vestido.,0,0,3.384765625,-3.060546875,-6.4453125,0.9984145164489746,0.0015854306984692812,True
5.2113.N,5.2113,N,O que você chama de hamster com 3 pernas? Hamster,0,0,3.35546875,-2.66015625,-6.015625,0.9975656270980835,0.0024343819823116064,True
5.1783.N,5.1783,N,"O que o narrador Silvio Luiz falou sobre o programa Masterchef? "" Olho no lance! """,0,0,1.546875,-1.56640625,-3.11328125,0.95743727684021,0.04256272688508034,True
5.3001.N,5.3001,N,Qual microorganismo sofre bullying? A bactéria.,0,0,3.24609375,-2.771484375,-6.017578125,0.9975703358650208,0.002429643413051963,True
4.336.N,4.336,N,"Hoje davam chuva só para o continente, mas há bocado passei pelo Funchal e também estava a chover.",0,0,1.8974609375,-2.076171875,-3.9736328125,0.9815420508384705,0.018457891419529915,True
5.3231.N,5.3231,N,Por que o rapaz não mostrou os slides em sua apresentação na empresa? Porque ele esqueceu de levar.,0,0,3.40234375,-2.896484375,-6.298828125,0.9981649518013,0.0018350841710343957,True
5.2693.H,5.2693,H,"Por que o artigo, o substantivo e o adjetivo nunca discutiam? Porque estavam sempre em concordância.",1,0,2.67578125,-2.43359375,-5.109375,0.9939963817596436,0.006003595422953367,False
5.780.H,5.780,H,Qual a mulher que mais gostava de andar de avião? Simone de É Bom Voar.,1,1,-2.537109375,2.345703125,4.8828125,0.007518718484789133,0.9924813508987427,True
5.2269.H,5.2269,H,Qual país em que todo mundo ta sempre na academia ? Só malia,1,1,-3.177734375,3.01953125,6.197265625,0.0020308548118919134,0.9979690909385681,True
5.336.H,5.336,H,Qual o meio de transporte mais usado na Bahia? Uber imbau,1,1,-2.83984375,2.712890625,5.552734375,0.003861870151013136,0.9961381554603577,True
5.691.N,5.691,N,Qual é o nome da hiena que se aposentou? Joana.,0,0,3.013671875,-2.60546875,-5.619140625,0.9963853359222412,0.003614644054323435,True
5.956.H,5.956,H,Como o ciclista reage a uma notícia ruim? Ele leva um bike.,1,1,-2.349609375,2.501953125,4.8515625,0.007755536586046219,0.9922444224357605,True
5.3770.N,5.3770,N,Qual é o site de informações criado pelo Chewbacca? Star Wars,0,0,3.3828125,-2.671875,-6.0546875,0.9976586103439331,0.0023413405288010836,True
5.1616.H,5.1616,H,Qual é a pacifista que é um gênio da matemática? Madre Teresa de Calcular.,1,1,-2.29296875,1.99609375,4.2890625,0.013532147742807865,0.9864678382873535,True
5.1107.H,5.1107,H,Qual filósofo precisa de um exorcismo? O Demócrito.,1,0,0.361572265625,-0.564453125,-0.926025390625,0.7162681818008423,0.28373175859451294,False
5.3591.H,5.3591,H,"O que o Fred Flintstone disse quando percebeu que instalou um programa indesejado? Ih, aba da Baidu.",1,1,-3.1796875,3.048828125,6.228515625,0.001968494849279523,0.9980314373970032,True
4.363.N,4.363,N,O que é que a Ana faz nos dias de chuva? Fica em casa.,0,0,3.6015625,-2.986328125,-6.587890625,0.9986249208450317,0.001375047955662012,True
5.2155.N,5.2155,N,"Qual o filme odiado do Kiko? Harry Potter e o Cálice Cálice Cálice, você me deixa looouco!",0,1,-1.19921875,1.361328125,2.560546875,0.07172112166881561,0.9282788634300232,False
5.2665.N,5.2665,N,Quem é responsável pela locomoção dos cidadãos? Transporte público.,0,0,3.599609375,-2.97265625,-6.572265625,0.9986032843589783,0.001396671636030078,True
4.170.H,4.170,H,Qual é o jogo preferido das vesículas? O biliar.,1,0,1.0068359375,-1.119140625,-2.1259765625,0.8934024572372437,0.10659756511449814,False
5.2060.N,5.2060,N,Qual o personagem de star wars que vive espirrando? Anakin skywalker,0,1,-2.17578125,2.099609375,4.275390625,0.013715874403715134,0.9862841367721558,False
5.1162.H,5.1162,H,Qual o bairro de São Paulo que só tem Japoneses? Japaquara,1,0,3.021484375,-2.591796875,-5.61328125,0.996364176273346,0.003635808825492859,False
4.330.H,4.330,H,Porque é que os bêbados gostam de passar a Ponte 25 de Abril? Porque lá há muito engarrafamento.,1,0,3.275390625,-2.806640625,-6.08203125,0.9977216124534607,0.002278330735862255,False
5.3165.N,5.3165,N,Qual pintor ganhou mais dinheiro com sua arte? Picasso.,0,0,3.5546875,-3.12890625,-6.68359375,0.9987503290176392,0.0012497095158323646,True
4.345.N,4.345,N,O que diz um porco quando atende o telemóvel? Tou?,0,1,-2.169921875,2.251953125,4.421875,0.011869121342897415,0.9881309270858765,False
4.672.N,4.672,N,Qual é o melhor óleo para lubrificar o sexo? Óleo corporal.,0,0,2.25390625,-2.400390625,-4.654296875,0.9905691146850586,0.00943081732839346,True
5.3591.N,5.3591,N,"O que o Fred Flintstone disse quando percebeu que instalou um programa indesejado? Ah, não.",0,0,3.2734375,-2.884765625,-6.158203125,0.9978883862495422,0.002111583948135376,True
5.3237.N,5.3237,N,Qual queijo favorito da Iveje Sangalo? Pecorino.,0,0,0.4951171875,0.10064697265625,-0.39447021484375,0.5973583459854126,0.4026416540145874,True
5.2323.N,5.2323,N,Qual tipo de piada geralmente é feito entre dois homens pelados? Trocadilho.,0,1,-3.234375,3.150390625,6.384765625,0.0016842226032167673,0.9983158111572266,False
4.345.H,4.345,H,O que diz um porco quando atende o telemóvel? Tou-cinho?,1,1,-3.23046875,3.22265625,6.453125,0.0015731120947748423,0.9984269142150879,True
4.96.N,4.96,N,Que nome se dá a um cacto engraçado? Cacti.,0,0,3.0,-2.451171875,-5.451171875,0.9957270622253418,0.004272936377674341,True
5.432.H,5.432,H,Por que o passarinho perdeu os movimentos? Porque ele teve um ave-C.,1,1,-2.421875,2.72265625,5.14453125,0.0057974006049335,0.9942025542259216,True
5.2446.H,5.2446,H,Qual é a cantora favorita do Tony Hawk? Skate Perry.,1,1,-2.89453125,2.841796875,5.736328125,0.003216216806322336,0.9967837333679199,True
2.8.H,2.8,H,Sabe por que o argumento do Dumbo foi completamente ignorado? Porque era irrelefante.,1,1,-0.373779296875,0.1724853515625,0.5462646484375,0.36673152446746826,0.6332685351371765,True
5.3577.N,5.3577,N,Qual doença comum entre os viciados em vídeos? Youtuberculose.,0,1,-1.01953125,1.240234375,2.259765625,0.09451042115688324,0.9054896235466003,False
5.2343.N,5.2343,N,Qual jornalista esportivo é ainda adolescente? Dudu Camargo.,0,0,3.61328125,-3.119140625,-6.732421875,0.998809814453125,0.0011902251280844212,True
5.2189.H,5.2189,H,Quem é a cantora que trabalha com transporte público nos Estados Unidos? Van USA ,1,1,-3.220703125,3.201171875,6.421875,0.001622966956347227,0.9983769655227661,True
4.539.H,4.539,H,"Será que os meus amigos vão passar férias a países do médio oriente? Uns, Irão. Os outros, Paquistão.",1,0,0.236328125,-0.73388671875,-0.97021484375,0.7251623272895813,0.2748377025127411,False
5.808.N,5.808,N,Por que o caminhão só andava com as rodas de trás? Porque ele gostava de empinar.,0,0,2.943359375,-2.53125,-5.474609375,0.9958256483078003,0.004174367059022188,True
4.559.N,4.559,N,Porque é que os conspiracionistas não usam o Google Chrome? Porque não podem aceitar cookies.,0,0,2.658203125,-2.412109375,-5.0703125,0.9937587976455688,0.006241259165108204,True
5.2415.N,5.2415,N,Qual é a cidade que quer converter um instrumento musical? Itaquaquecetuba.,0,0,2.7109375,-2.224609375,-4.935546875,0.992864727973938,0.007135252468287945,True
5.771.N,5.771,N,Por que a ideia ficou cansada depois da reforma? Porque perdeu o acento.,0,0,0.37744140625,-0.71337890625,-1.0908203125,0.7485361695289612,0.2514638304710388,True
5.2210.N,5.2210,N,Qual é o filme dirigido por Jordan Peele e Sérgio Mallandro? ET!,0,0,3.60546875,-2.833984375,-6.439453125,0.9984052777290344,0.0015947326319292188,True
5.2217.N,5.2217,N,Que terapeuta bebe todo dia? Psicólogo,0,0,3.24609375,-3.07421875,-6.3203125,0.9982038736343384,0.0017961491830646992,True
4.61.N,4.61,N,Uma mulher manda-se dum prédio e acerta num homem que ia a passar . Qual é o filme? Vertigo.,0,0,1.9638671875,-1.8984375,-3.8623046875,0.9794132709503174,0.020586777478456497,True
5.3721.H,5.3721,H,qual jornalista sempre levava bebidas pros colegas? Carlos Trazvontila ,1,1,-2.982421875,3.119140625,6.1015625,0.002234362531453371,0.9977656602859497,True
4.751.N,4.751,N,"Como correu a primeira final de sempre da Liga dos Campeões com patos? Foi bem disputada, cheia de craques da bola e acabou com a vitória do  Real Madrid.",0,0,-0.1263427734375,-0.37939453125,-0.2530517578125,0.5629274845123291,0.4370724856853485,True
5.2595.N,5.2595,N,Qual animal que gosta muito de você? Cachorro.,0,0,3.71484375,-3.041015625,-6.755859375,0.9988372921943665,0.0011626856867223978,True
5.54.H,5.54,H,Qual é o personagem histórico que fui eu que indiquei? Pero Vaz de indica minha.,1,1,-2.267578125,2.23046875,4.498046875,0.01100818533450365,0.9889918565750122,True
5.1570.N,5.1570,N,"Uma pessoa com o apelido Lu, foi para a padaria com suas duas irmãs Ana . Qual o nome da pessoa? Luciana",0,0,3.10546875,-2.767578125,-5.873046875,0.9971936345100403,0.0028063871432095766,True
4.573.N,4.573,N,Porque é que os cemitérios têm paredes? Porque as pessoas estão lá dentro.,0,0,0.70166015625,-1.0810546875,-1.78271484375,0.8560317754745483,0.14396823942661285,True
5.150.H,5.150,H,"Qual a expressão que hora é de uma pessoa, hora é de todo mundo? Minha Nossa.",1,1,-2.134765625,2.458984375,4.59375,0.010013570077717304,0.9899863600730896,True
4.198.N,4.198,N,"Porque é que a febre tifóide é tão perigosa? Porque ou tu a curas, ou ela agrava-se mesmo.",0,0,1.5283203125,-1.783203125,-3.3115234375,0.964821994304657,0.03517797589302063,True
5.868.N,5.868,N,Por que o oftamologista foi pra Disney? Pra comprar minnie eye-pads.,0,1,-2.537109375,2.740234375,5.27734375,0.005080036818981171,0.9949199557304382,False
5.2046.N,5.2046,N,Por que o responsável não compra nas Casas Bahia? Porque não gasta dinheiro em carnês,0,0,2.73828125,-2.470703125,-5.208984375,0.994562566280365,0.005437495652586222,True
5.1620.N,5.1620,N,Qual é a comida que quase tirou nota dez? Lasanha.,0,0,3.5,-3.068359375,-6.568359375,0.9985979199409485,0.001402130350470543,True
5.3958.H,5.3958,H,Qual o esporte favorito dos escoceses? Whisky na neve.,1,0,0.82763671875,-0.363525390625,-1.191162109375,0.7669488191604614,0.23305116593837738,False
4.622.H,4.622,H,Que tamanho de roupa vestem as videntes? Tamanho médium.,1,0,1.02734375,-1.326171875,-2.353515625,0.9132132530212402,0.08678673207759857,False
5.2967.N,5.2967,N,Qual a carreira que causa dor e depressão? Ai triste!,0,1,-2.873046875,2.931640625,5.8046875,0.003004342783242464,0.9969956874847412,False
5.2312.H,5.2312,H,Qual é o nome da banda favorita das pessoas cansadas? Exausta samba,1,1,-2.8984375,2.70703125,5.60546875,0.003664220217615366,0.9963357448577881,True
5.1869.H,5.1869,H,Que parte do corpo cuida das coisas? To no zelo,1,1,-1.7099609375,1.7001953125,3.41015625,0.03197956085205078,0.968020498752594,True
4.288.N,4.288,N,Um homem foi apanhado a roubar um carro . Apanhou 12 meses.,0,0,1.8603515625,-1.8212890625,-3.681640625,0.9754368662834167,0.024563085287809372,True
4.356.N,4.356,N,O Rodolfo adoeceu e o Pai Natal não vai conseguir entregar as prendas . Teve uma insuficiência cardíaca .,0,0,2.7734375,-2.66796875,-5.44140625,0.995685338973999,0.00431468803435564,True
4.262.H,4.262,H,Que nome se dá a um pássaro aleijado? Comdor.,1,1,-2.18359375,2.169921875,4.353515625,0.012698199599981308,0.9873018264770508,True
5.211.N,5.211,N,Qual é o urso que muda de opinião toda hora? Urso Pandas.,0,1,-0.38037109375,0.70703125,1.08740234375,0.25210773944854736,0.7478922605514526,False
3.3.N,3.3,N,Por que um policial estava interrogando um saco de cimento? Porque ele queria informações verdadeiras.,0,0,2.802734375,-2.53515625,-5.337890625,0.995216965675354,0.004783010110259056,True
5.3946.N,5.3946,N,O quê o seu Madruga usa pra tomar banho? A bucha.,0,0,2.642578125,-2.251953125,-4.89453125,0.9925682544708252,0.007431773468852043,True
4.528.H,4.528,H,Como é que os professores de matemática se mantêm em forma? Com Geometria.,1,0,2.609375,-2.41015625,-5.01953125,0.9934357404708862,0.0065642488189041615,False
5.1601.H,5.1601,H,Qual filme conta a história do filho do Shrek? Ogrito.,1,1,-0.623046875,0.82470703125,1.44775390625,0.19034747779369354,0.8096525073051453,True
5.521.H,5.521,H,Qual ator que peida tão alto que ressoa? Francisco Cu Oco.,1,1,-2.19140625,2.13671875,4.328125,0.013020490296185017,0.9869794845581055,True
5.2967.H,5.2967,H,Qual a doença que causa dor e depressão? Ai triste!,1,1,-2.349609375,2.595703125,4.9453125,0.007066401652991772,0.9929336309432983,True
5.633.N,5.633,N,Quais vilões se preocupam mais com as poses para foto do que com o destino do seu planeta? Os Tumblrcats.,0,1,-3.228515625,3.07421875,6.302734375,0.0018279430223628879,0.9981720447540283,False
5.681.N,5.681,N,Qual matéria da escola pode machucar? Matemática.,0,0,3.6328125,-3.0859375,-6.71875,0.998793363571167,0.0012065896298736334,True
4.83.N,4.83,N,O que é uma roubalheira? É o ato de roubar uma casa.,0,0,3.154296875,-2.689453125,-5.84375,0.9971103668212891,0.0028895805589854717,True
5.1046.N,5.1046,N,Qual o canal para fumantes infantis? Discovery Kids.,0,0,3.365234375,-2.93359375,-6.298828125,0.9981649518013,0.0018350841710343957,True
5.2196.N,5.2196,N,Qual é o Personagem histórico favorito do português? Pedro Álvares Cabral,0,0,3.640625,-2.982421875,-6.623046875,0.998672366142273,0.0013276092940941453,True
5.429.N,5.429,N,Qual o chocolate que dá mais energia? Serenata de amor.,0,0,2.177734375,-1.642578125,-3.8203125,0.9785493016242981,0.02145073004066944,True
5.432.N,5.432,N,Por que o passarinho perdeu os movimentos? Porque ele teve um derrame.,0,0,3.138671875,-2.6640625,-5.802734375,0.9969897270202637,0.003010198473930359,True
5.1093.N,5.1093,N,Qual doença que todos filósofos têm? Gripe.,0,0,3.333984375,-2.91015625,-6.244140625,0.9980619549751282,0.0019380354788154364,True
5.2956.H,5.2956,H,Qual é o seriado mexicano sobre um chinês tomando chá? Chá po Lin. ,1,1,-2.755859375,2.6875,5.443359375,0.0043063051998615265,0.9956936836242676,True
5.766.H,5.766,H,Qual o bairro de SP favorito do Schwarzenegger?  A Bela Vista Baby.,1,1,-1.98828125,2.16796875,4.15625,0.01542455144226551,0.9845753908157349,True
4.521.N,4.521,N,Eu não sou supersticioso . Sou só um pouco inseguro.,0,0,2.669921875,-2.4140625,-5.083984375,0.9938429594039917,0.006157031282782555,True
5.3508.N,5.3508,N,Qual rapper é também um ótimo detetive? Djonga.,0,0,2.783203125,-2.49609375,-5.279296875,0.994929850101471,0.005070175044238567,True
5.2594.H,5.2594,H,Como se referiam a Jesus quando ele ficava bravo? INRItado.,1,1,-3.28515625,3.1015625,6.38671875,0.001680941553786397,0.9983189702033997,True
5.1777.H,5.1777,H,Qual cantor romântico adora jogar Far Cry? Armado Batista.,1,1,-1.8583984375,1.8896484375,3.748046875,0.023021256551146507,0.9769787192344666,True
5.1602.N,5.1602,N,Qual é a novela em que Antônio Fagundes faz uso de entorpecentes? O Rei Do Gado.,0,0,3.490234375,-2.798828125,-6.2890625,0.9981470108032227,0.0018530595116317272,True
5.3127.H,5.3127,H,Qual programa onde você fala com um carro? Conversa Kombi al.,1,1,-2.654296875,2.767578125,5.421875,0.004399412777274847,0.9956005811691284,True
5.2225.N,5.2225,N,Por que a mulher chorou muito quando roubaram uma de suas joias? Porque foi uma pedra preciosa,0,0,3.388671875,-2.927734375,-6.31640625,0.9981968998908997,0.001803166582249105,True
4.313.N,4.313,N,Já abriu a nova discoteca . Chama-se Barracão.,0,0,2.681640625,-2.224609375,-4.90625,0.9926542043685913,0.007345826365053654,True
5.1056.H,5.1056,H,Por que a cachorra modernista não latiu? Porque ela Tarsilambendo.,1,1,-3.259765625,3.271484375,6.53125,0.0014550628839060664,0.9985449314117432,True
5.1492.N,5.1492,N,Por que o cowboy largou tudo para trabalhar na KGB? Porque ele era um espião.,0,0,3.373046875,-2.736328125,-6.109375,0.9977830052375793,0.0022170129232108593,True
4.98.H,4.98,H,O que é um ponto amarelo no trânsito? É uma limãosine.,1,1,-2.7734375,2.9765625,5.75,0.0031726828310638666,0.9968273043632507,True
5.3385.N,5.3385,N,Qual atriz tá com o demônio no corpo? Zezé Polessa.,0,0,3.599609375,-3.13671875,-6.736328125,0.9988144636154175,0.001185590517707169,True
5.3726.H,5.3726,H,Qual humorista não usa microfone de mão? Helio de Lapela,1,1,-2.51953125,2.71484375,5.234375,0.005301895085722208,0.9946980476379395,True
5.728.H,5.728,H,"Qual é o nome da doença que acomete vítimas de sequestro que não têm espelho no cativeiro? Síndrome de ""ESTOU COMO?""",1,1,-1.810546875,1.4599609375,3.2705078125,0.03659692034125328,0.9634031057357788,True
5.385.N,5.385,N,Qual gênero literário não pode ter filhos? Terror.,0,0,3.421875,-2.927734375,-6.349609375,0.9982555508613586,0.0017443812685087323,True
5.1641.H,5.1641,H,Qual é a cidade que tem um monte de patos? Jeri Quá-Quara.,1,1,-2.638671875,2.306640625,4.9453125,0.007066401652991772,0.9929336309432983,True
5.2578.N,5.2578,N,Qual o programa favorito dos gaúchos? Faustão.,0,0,3.609375,-3.033203125,-6.642578125,0.9986979961395264,0.0013019645120948553,True
4.485.N,4.485,N,Há duas formas de os deputados saírem do parlamento: Há com boleia e há sem boleia.,0,0,-0.196533203125,-0.346435546875,-0.14990234375,0.5374055504798889,0.4625944197177887,True
4.740.H,4.740,H,O que diz um mineiro antes de usar a picareta? Cavai disto!,1,1,-2.84375,3.220703125,6.064453125,0.0023186402395367622,0.9976813793182373,True
5.1444.N,5.1444,N,Como eu sabia que a gasolina era batizada? Por que quem me atendeu era um frentista.,0,0,3.26953125,-2.8828125,-6.15234375,0.9978760480880737,0.002123966347426176,True
4.232.N,4.232,N,Qual é a banda preferida dos desempregados? Linkin Park.,0,0,3.017578125,-2.59765625,-5.615234375,0.9963712692260742,0.003628740319982171,True
5.1378.H,5.1378,H,Por que eu não faço acupuntura? Porque é a maior furada.,1,0,0.372314453125,-0.85107421875,-1.223388671875,0.7726593613624573,0.22734065353870392,False
4.121.H,4.121,H,"Como é que se diz ""fim"" em japonês? Sakabô.",1,0,0.436279296875,-0.6083984375,-1.044677734375,0.7397515773773193,0.26024842262268066,False
5.2113.H,5.2113,H,O que você chama de hamster com 3 pernas? Hamputado,1,1,-2.93359375,2.994140625,5.927734375,0.0026574311777949333,0.9973425269126892,True
5.2059.H,5.2059,H,Qual é o vírus baixa renda? Corote vírus ,1,1,-3.111328125,3.17578125,6.287109375,0.0018566754879429936,0.9981433153152466,True
5.3287.N,5.3287,N,Qual o ingrediente principal na comida de quem apanhou? RepOlho Roxo.,0,1,-2.45703125,2.822265625,5.279296875,0.005070175044238567,0.994929850101471,False
5.3770.H,5.3770,H,Qual é o site de informações criado pelo Chewbacca? Wookieleaks ,1,1,-2.787109375,2.767578125,5.5546875,0.0038543634582310915,0.9961456060409546,True
4.203.H,4.203,H,Comprei uns sapatos com lâmpadas LED na sola. Pode-se dizer que emitem luz solar.,1,0,2.58984375,-2.259765625,-4.849609375,0.9922294020652771,0.00777058070525527,False
5.2643.H,5.2643,H,Qual é o nome de um cabeleireiro? Saulão de Beleza.,1,1,-1.0517578125,0.958984375,2.0107421875,0.11807966977357864,0.8819203972816467,True
4.245.H,4.245,H,Que nome se dá a um homem que via mas agora já não vê? Tobias.,1,0,2.625,-2.326171875,-4.951171875,0.9929746389389038,0.007025407627224922,False
5.481.N,5.481,N,Por que a jogadora de voleibol foi internada no hospício? Porque ela não estava batendo bem.,0,0,3.078125,-2.771484375,-5.849609375,0.9971272349357605,0.002872747601941228,True
4.397.N,4.397,N,Porque é que os portugueses emigram para o Canadá? Porque querem.,0,0,2.96484375,-2.451171875,-5.416015625,0.9955748319625854,0.004425152204930782,True
5.3577.H,5.3577,H,Qual doença comum entre os viciados em internet? Youtuberculose.,1,1,-1.2646484375,1.6552734375,2.919921875,0.0511774942278862,0.9488224983215332,True
4.657.N,4.657,N,O Aníbal foi ao Campeonato do Mundo e apareceu na TV . Ficou conhecido naquele Mundial.,0,0,2.9296875,-2.470703125,-5.400390625,0.9955054521560669,0.00449452456086874,True
4.324.N,4.324,N,Quais são as escadas que demoram mais a subir? São as escadas em pedra.,0,0,1.2509765625,-1.3505859375,-2.6015625,0.930962085723877,0.06903792172670364,True
5.1595.N,5.1595,N,O que acontece quando uma turma de cegos se forma? Um baile de formatura,0,0,3.365234375,-2.853515625,-6.21875,0.9980121850967407,0.0019877743907272816,True
5.1043.N,5.1043,N,Qual é o pokémon da umbanda? O Olorum,0,1,-1.2412109375,1.0458984375,2.287109375,0.09219620376825333,0.9078037738800049,False
5.1641.N,5.1641,N,Qual é a cidade que tem um monte de patos? Pirassununga.,0,0,2.9453125,-2.453125,-5.3984375,0.9954967498779297,0.004503272473812103,True
5.778.H,5.778,H,Por que o cara que não fazia exercícios prestou odonto?  Pra ser dentário.,1,0,1.4853515625,-1.4833984375,-2.96875,0.9511421918869019,0.04885777831077576,False
4.336.H,4.336,H,"Hoje davam chuva só para o continente, mas há bocado passei pelo Lidl e também estava a chover.",1,0,0.049072265625,-0.429443359375,-0.478515625,0.6173973083496094,0.3826026916503906,False
5.3060.N,5.3060,N,Qual o nome do assassino voador? Drone.,0,0,2.03515625,-1.7802734375,-3.8154296875,0.9784466028213501,0.021553464233875275,True
4.346.N,4.346,N,Que nome se dá a alguém que não acredita nas alterações climáticas? Pessoa teimosa.,0,0,3.13671875,-2.66796875,-5.8046875,0.9969956874847412,0.003004342783242464,True
4.367.H,4.367,H,Porque é que a Branca de Neve desmaiou ao comer a maçã? Apanhou sidra.,1,1,-0.040191650390625,0.0123443603515625,0.0525360107421875,0.4868690073490143,0.5131310224533081,True
5.3350.N,5.3350,N,"Por que o time do inferno ganhou o jogo contra o céu? "" Porque a gente batalhou o tempo todo e superamos o melhor de si "".",0,0,0.1480712890625,-0.54833984375,-0.6964111328125,0.6673915982246399,0.3326084315776825,True
4.360.H,4.360,H,Porque é que o panado se divorciou? Porque a mulher não servia panada.,1,1,-2.583984375,2.546875,5.130859375,0.005876737646758556,0.9941232800483704,True
