method,split_seed,model_seed,pair_loss_weight,evaluation_scope,phases,experiment_id,config_hash,dataset_hash,source_hash,run_dir,checkpoint_available,config_experiment_version,config_evaluation_scope,config_evaluation_protocol_version,config_evaluation_protocol_threshold_fit_split,config_evaluation_protocol_threshold_objective,config_evaluation_protocol_threshold_comparison,config_evaluation_protocol_threshold_tie_break,config_evaluation_protocol_ece_bins,config_evaluation_protocol_ece_definition,config_method,config_model_name,config_model_revision,config_training_precision,config_max_length,config_num_epochs,config_learning_rate,config_eval_batch_size,config_weight_decay,config_warmup_ratio,config_lr_scheduler_type,config_max_grad_norm,config_early_stopping_patience,config_metric_for_best_model,config_amp_init_scale,config_amp_growth_interval,config_id2label_0,config_id2label_1,config_label2id_0,config_label2id_1,config_pair_batch_size,config_pair_loss_weight,code_git_available,code_git_branch,code_git_commit,code_git_dirty,runtime_duration_seconds,runtime_peak_allocated_gb,runtime_peak_reserved_gb,training_best_epoch,training_best_validation_f1_macro,training_epochs_trained,training_optimizer_steps,training_pair_loss_weight,training_planned_training_steps,training_skipped_optimizer_steps,training_warmup_steps,validation_calibration_brier_score,validation_calibration_ece_bins,validation_calibration_ece_definition,validation_calibration_ece_pun,validation_calibration_log_loss,validation_calibration_mean_probability_pun,validation_calibration_observed_pun_rate,validation_calibration_predicted_pun_rate,validation_classification_report_accuracy,validation_classification_report_macro avg_f1-score,validation_classification_report_macro avg_precision,validation_classification_report_macro avg_recall,validation_classification_report_macro avg_support,validation_classification_report_non_pun_f1-score,validation_classification_report_non_pun_precision,validation_classification_report_non_pun_recall,validation_classification_report_non_pun_support,validation_classification_report_pun_f1-score,validation_classification_report_pun_precision,validation_classification_report_pun_recall,validation_classification_report_pun_support,validation_classification_report_weighted avg_f1-score,validation_classification_report_weighted avg_precision,validation_classification_report_weighted avg_recall,validation_classification_report_weighted avg_support,validation_classification_report_calibrated_accuracy,validation_classification_report_calibrated_macro avg_f1-score,validation_classification_report_calibrated_macro avg_precision,validation_classification_report_calibrated_macro avg_recall,validation_classification_report_calibrated_macro avg_support,validation_classification_report_calibrated_non_pun_f1-score,validation_classification_report_calibrated_non_pun_precision,validation_classification_report_calibrated_non_pun_recall,validation_classification_report_calibrated_non_pun_support,validation_classification_report_calibrated_pun_f1-score,validation_classification_report_calibrated_pun_precision,validation_classification_report_calibrated_pun_recall,validation_classification_report_calibrated_pun_support,validation_classification_report_calibrated_weighted avg_f1-score,validation_classification_report_calibrated_weighted avg_precision,validation_classification_report_calibrated_weighted avg_recall,validation_classification_report_calibrated_weighted avg_support,validation_instance_accuracy,validation_instance_f1_macro,validation_instance_f1_non_pun,validation_instance_f1_pun,validation_instance_f1_weighted,validation_instance_fn,validation_instance_fp,validation_instance_precision_macro,validation_instance_precision_non_pun,validation_instance_precision_pun,validation_instance_precision_weighted,validation_instance_recall_macro,validation_instance_recall_non_pun,validation_instance_recall_pun,validation_instance_recall_weighted,validation_instance_tn,validation_instance_tp,validation_instance_calibrated_accuracy,validation_instance_calibrated_f1_macro,validation_instance_calibrated_f1_non_pun,validation_instance_calibrated_f1_pun,validation_instance_calibrated_f1_weighted,validation_instance_calibrated_fn,validation_instance_calibrated_fp,validation_instance_calibrated_precision_macro,validation_instance_calibrated_precision_non_pun,validation_instance_calibrated_precision_pun,validation_instance_calibrated_precision_weighted,validation_instance_calibrated_predicted_pun_rate,validation_instance_calibrated_recall_macro,validation_instance_calibrated_recall_non_pun,validation_instance_calibrated_recall_pun,validation_instance_calibrated_recall_weighted,validation_instance_calibrated_tn,validation_instance_calibrated_tp,validation_pair_max_pair_margin,validation_pair_mean_pair_margin,validation_pair_median_pair_margin,validation_pair_min_pair_margin,validation_pair_pair_count,validation_pair_pair_exact_match,validation_pair_pair_ranking_accuracy,validation_pair_pair_ties,validation_pair_std_pair_margin,validation_pair_calibrated_max_pair_margin,validation_pair_calibrated_mean_pair_margin,validation_pair_calibrated_median_pair_margin,validation_pair_calibrated_min_pair_margin,validation_pair_calibrated_pair_count,validation_pair_calibrated_pair_exact_match,validation_pair_calibrated_pair_ranking_accuracy,validation_pair_calibrated_pair_ties,validation_pair_calibrated_std_pair_margin,validation_threshold_candidate_count,validation_threshold_comparison,validation_threshold_default_validation_f1_macro,validation_threshold_fit_split,validation_threshold_objective,validation_threshold_probability_threshold,validation_threshold_score_threshold,validation_threshold_tie_break,validation_threshold_validation_f1_macro,test_calibration_brier_score,test_calibration_ece_bins,test_calibration_ece_definition,test_calibration_ece_pun,test_calibration_log_loss,test_calibration_mean_probability_pun,test_calibration_observed_pun_rate,test_calibration_predicted_pun_rate,test_classification_report_accuracy,test_classification_report_macro avg_f1-score,test_classification_report_macro avg_precision,test_classification_report_macro avg_recall,test_classification_report_macro avg_support,test_classification_report_non_pun_f1-score,test_classification_report_non_pun_precision,test_classification_report_non_pun_recall,test_classification_report_non_pun_support,test_classification_report_pun_f1-score,test_classification_report_pun_precision,test_classification_report_pun_recall,test_classification_report_pun_support,test_classification_report_weighted avg_f1-score,test_classification_report_weighted avg_precision,test_classification_report_weighted avg_recall,test_classification_report_weighted avg_support,test_classification_report_calibrated_accuracy,test_classification_report_calibrated_macro avg_f1-score,test_classification_report_calibrated_macro avg_precision,test_classification_report_calibrated_macro avg_recall,test_classification_report_calibrated_macro avg_support,test_classification_report_calibrated_non_pun_f1-score,test_classification_report_calibrated_non_pun_precision,test_classification_report_calibrated_non_pun_recall,test_classification_report_calibrated_non_pun_support,test_classification_report_calibrated_pun_f1-score,test_classification_report_calibrated_pun_precision,test_classification_report_calibrated_pun_recall,test_classification_report_calibrated_pun_support,test_classification_report_calibrated_weighted avg_f1-score,test_classification_report_calibrated_weighted avg_precision,test_classification_report_calibrated_weighted avg_recall,test_classification_report_calibrated_weighted avg_support,test_instance_accuracy,test_instance_f1_macro,test_instance_f1_non_pun,test_instance_f1_pun,test_instance_f1_weighted,test_instance_fn,test_instance_fp,test_instance_precision_macro,test_instance_precision_non_pun,test_instance_precision_pun,test_instance_precision_weighted,test_instance_recall_macro,test_instance_recall_non_pun,test_instance_recall_pun,test_instance_recall_weighted,test_instance_tn,test_instance_tp,test_instance_calibrated_accuracy,test_instance_calibrated_f1_macro,test_instance_calibrated_f1_non_pun,test_instance_calibrated_f1_pun,test_instance_calibrated_f1_weighted,test_instance_calibrated_fn,test_instance_calibrated_fp,test_instance_calibrated_precision_macro,test_instance_calibrated_precision_non_pun,test_instance_calibrated_precision_pun,test_instance_calibrated_precision_weighted,test_instance_calibrated_predicted_pun_rate,test_instance_calibrated_recall_macro,test_instance_calibrated_recall_non_pun,test_instance_calibrated_recall_pun,test_instance_calibrated_recall_weighted,test_instance_calibrated_tn,test_instance_calibrated_tp,test_pair_max_pair_margin,test_pair_mean_pair_margin,test_pair_median_pair_margin,test_pair_min_pair_margin,test_pair_pair_count,test_pair_pair_exact_match,test_pair_pair_ranking_accuracy,test_pair_pair_ties,test_pair_std_pair_margin,test_pair_calibrated_max_pair_margin,test_pair_calibrated_mean_pair_margin,test_pair_calibrated_median_pair_margin,test_pair_calibrated_min_pair_margin,test_pair_calibrated_pair_count,test_pair_calibrated_pair_exact_match,test_pair_calibrated_pair_ranking_accuracy,test_pair_calibrated_pair_ties,test_pair_calibrated_std_pair_margin,config_train_batch_size
true_pair,13,13,0.0,validation,screening,9e149380be8baf170886628e916b2a9dc5ed4f69529939be31b95f236fc7b0ec,f4fe532cb59b3bcaf20ffdbb31c1fe880765b316d207798d4af5df48c832521b,0408158bfbf5a1ca3328d04ddad80f5c3e933f8182d3f4e6e18871b17bfb46e2,bb43d0ad549b7e57213aab7dca185a96972dab5a6e0ad093afcd5ecde5eef177,/workspace/pair-aware/results_v3/bf16/validation_only/true_pair/lambda_0p0/split_13/model_seed_13,True,v3,validation,1,validation,f1_macro,>,closest_to_zero_then_lower,15,positive_class_equal_width,true_pair,neuralmind/bert-large-portuguese-cased,aa302f6ea73b759f7df9cad58bd272127b67ec28,bf16,256,6,2e-05,8,0.01,0.1,linear,1.0,2,f1_macro,32.0,10000,0,1,0,1,4.0,0.0,False,,,,127.07807176897768,6.43624210357666,6.74609375,2,0.7980659928345004,4,1996,0.0,2994,0,299,0.15880475460141488,15,positive_class_equal_width,0.10451966010864522,0.5121552795783005,0.4802490485717114,0.5,0.47017543859649125,0.7982456140350878,0.7980659928345004,0.7993105663734308,0.7982456140350878,570.0,0.8040885860306644,0.7814569536423841,0.8280701754385965,285.0,0.7920433996383364,0.8171641791044776,0.7684210526315789,285.0,0.7980659928345003,0.7993105663734309,0.7982456140350878,570.0,0.8052631578947368,0.8047577755902474,0.8084569068471338,0.8052631578947369,570.0,0.8146911519198664,0.7770700636942676,0.856140350877193,285.0,0.7948243992606284,0.83984375,0.7543859649122807,285.0,0.8047577755902474,0.8084569068471338,0.8052631578947368,570.0,0.7982456140350878,0.7980659928345004,0.8040885860306644,0.7920433996383364,0.7980659928345003,66,49,0.7993105663734308,0.7814569536423841,0.8171641791044776,0.7993105663734309,0.7982456140350878,0.8280701754385965,0.7684210526315789,0.7982456140350878,236,219,0.8052631578947368,0.8047577755902474,0.8146911519198664,0.7948243992606284,0.8047577755902474,70,41,0.8084569068471338,0.7770700636942676,0.83984375,0.8084569068471338,0.44912280701754387,0.8052631578947369,0.856140350877193,0.7543859649122807,0.8052631578947368,244,215,7.7890625,3.278024733693976,3.888671875,-4.224609375,285,0.6140350877192983,0.8912280701754386,0,2.5941591784274722,7.7890625,3.278024733693976,3.888671875,-4.224609375,285,0.6280701754385964,0.8912280701754386,0,2.5941591784274722,449,>,0.7980659928345004,validation,f1_macro,0.5810653864312328,0.3271484375,closest_to_zero_then_lower,0.8047577755902474,,,,,,,,,,,,,,,,,,,,,,,,,,,,,,,,,,,,,,,,,,,,,,,,,,,,,,,,,,,,,,,,,,,,,,,,,,,,,,,,,,,,,,,,,,,,,,,,
true_pair,13,40,0.0,validation,screening,a5e7249f551a52be78f6ca0a3be0a8f2bb498e35c90c97363bd073d4afe251d1,f4fe532cb59b3bcaf20ffdbb31c1fe880765b316d207798d4af5df48c832521b,0408158bfbf5a1ca3328d04ddad80f5c3e933f8182d3f4e6e18871b17bfb46e2,bb43d0ad549b7e57213aab7dca185a96972dab5a6e0ad093afcd5ecde5eef177,/workspace/pair-aware/results_v3/bf16/validation_only/true_pair/lambda_0p0/split_13/model_seed_40,True,v3,validation,1,validation,f1_macro,>,closest_to_zero_then_lower,15,positive_class_equal_width,true_pair,neuralmind/bert-large-portuguese-cased,aa302f6ea73b759f7df9cad58bd272127b67ec28,bf16,256,6,2e-05,8,0.01,0.1,linear,1.0,2,f1_macro,32.0,10000,0,1,0,1,4.0,0.0,False,,,,177.39191353099886,6.43624210357666,6.74609375,4,0.8087242433478337,6,2994,0.0,2994,0,299,0.17720899353597555,15,positive_class_equal_width,0.17579202039022845,0.8610542986957411,0.4777909418264665,0.5,0.4842105263157895,0.8087719298245614,0.8087242433478337,0.8090801538006507,0.8087719298245615,570.0,0.8117443868739206,0.7993197278911565,0.8245614035087719,285.0,0.8057040998217468,0.8188405797101449,0.7929824561403509,285.0,0.8087242433478337,0.8090801538006507,0.8087719298245614,570.0,0.8105263157894737,0.8104889852109988,0.8107711832037555,0.8105263157894738,570.0,0.8131487889273357,0.8020477815699659,0.8245614035087719,285.0,0.8078291814946619,0.8194945848375451,0.7964912280701755,285.0,0.8104889852109988,0.8107711832037555,0.8105263157894737,570.0,0.8087719298245614,0.8087242433478337,0.8117443868739206,0.8057040998217468,0.8087242433478337,59,50,0.8090801538006507,0.7993197278911565,0.8188405797101449,0.8090801538006507,0.8087719298245615,0.8245614035087719,0.7929824561403509,0.8087719298245614,235,226,0.8105263157894737,0.8104889852109988,0.8131487889273357,0.8078291814946619,0.8104889852109988,58,50,0.8107711832037555,0.8020477815699659,0.8194945848375451,0.8107711832037555,0.48596491228070177,0.8105263157894738,0.8245614035087719,0.7964912280701755,0.8105263157894737,235,227,14.75,6.902249520285087,8.953125,-12.21875,285,0.6456140350877193,0.8807017543859649,1,5.629612938815229,14.75,6.902249520285087,8.953125,-12.21875,285,0.6491228070175439,0.8807017543859649,1,5.629612938815229,420,>,0.8087242433478337,validation,f1_macro,0.3876903297319391,-0.45703125,closest_to_zero_then_lower,0.8104889852109988,,,,,,,,,,,,,,,,,,,,,,,,,,,,,,,,,,,,,,,,,,,,,,,,,,,,,,,,,,,,,,,,,,,,,,,,,,,,,,,,,,,,,,,,,,,,,,,,
true_pair,13,101,0.0,validation,screening,81612efa49ccff3ff37f4bfc1b7004184dfba617ce8f1f9afe46dfb7589ac540,f4fe532cb59b3bcaf20ffdbb31c1fe880765b316d207798d4af5df48c832521b,0408158bfbf5a1ca3328d04ddad80f5c3e933f8182d3f4e6e18871b17bfb46e2,bb43d0ad549b7e57213aab7dca185a96972dab5a6e0ad093afcd5ecde5eef177,/workspace/pair-aware/results_v3/bf16/validation_only/true_pair/lambda_0p0/split_13/model_seed_101,True,v3,validation,1,validation,f1_macro,>,closest_to_zero_then_lower,15,positive_class_equal_width,true_pair,neuralmind/bert-large-portuguese-cased,aa302f6ea73b759f7df9cad58bd272127b67ec28,bf16,256,6,2e-05,8,0.01,0.1,linear,1.0,2,f1_macro,32.0,10000,0,1,0,1,4.0,0.0,False,,,,153.43365860998165,6.43624210357666,6.74609375,3,0.7893803347744153,5,2495,0.0,2994,0,299,0.17382618167707542,15,positive_class_equal_width,0.15381883161366505,0.6109426090440113,0.48886958097441163,0.5,0.4789473684210526,0.7894736842105263,0.7893803347744153,0.7899877899877901,0.7894736842105263,570.0,0.7938144329896907,0.7777777777777778,0.8105263157894737,285.0,0.7849462365591398,0.8021978021978022,0.7684210526315789,285.0,0.7893803347744153,0.78998778998779,0.7894736842105263,570.0,0.8,0.8,0.8,0.8,570.0,0.8,0.8,0.8,285.0,0.8,0.8,0.8,285.0,0.8,0.8,0.8,570.0,0.7894736842105263,0.7893803347744153,0.7938144329896907,0.7849462365591398,0.7893803347744153,66,54,0.7899877899877901,0.7777777777777778,0.8021978021978022,0.78998778998779,0.7894736842105263,0.8105263157894737,0.7684210526315789,0.7894736842105263,231,219,0.8,0.8,0.8,0.8,0.8,57,57,0.8,0.8,0.8,0.8,0.5,0.8,0.8,0.8,0.8,228,228,9.0703125,4.2212371357700285,5.09765625,-6.7421875,285,0.6,0.8912280701754386,0,3.4538039855931704,9.0703125,4.2212371357700285,5.09765625,-6.7421875,285,0.6140350877192983,0.8912280701754386,0,3.4538039855931704,409,>,0.7893803347744153,validation,f1_macro,0.31806137094901954,-0.7626953125,closest_to_zero_then_lower,0.8,,,,,,,,,,,,,,,,,,,,,,,,,,,,,,,,,,,,,,,,,,,,,,,,,,,,,,,,,,,,,,,,,,,,,,,,,,,,,,,,,,,,,,,,,,,,,,,,
true_pair,21,13,0.0,validation,screening,cc78b50747b450e3e5b426668f13f93403994e73ae27f36fefb6086703d60cf2,f4fe532cb59b3bcaf20ffdbb31c1fe880765b316d207798d4af5df48c832521b,ca3ef356e825e341ddf0a4066037de4a278a1671b324c5e6048a65ae99638be7,bb43d0ad549b7e57213aab7dca185a96972dab5a6e0ad093afcd5ecde5eef177,/workspace/pair-aware/results_v3/bf16/validation_only/true_pair/lambda_0p0/split_21/model_seed_13,True,v3,validation,1,validation,f1_macro,>,closest_to_zero_then_lower,15,positive_class_equal_width,true_pair,neuralmind/bert-large-portuguese-cased,aa302f6ea73b759f7df9cad58bd272127b67ec28,bf16,256,6,2e-05,8,0.01,0.1,linear,1.0,2,f1_macro,32.0,10000,0,1,0,1,4.0,0.0,False,,,,193.00820308295079,6.43624210357666,6.74609375,5,0.784561812233568,6,2994,0.0,2994,0,299,0.2046300971746237,15,positive_class_equal_width,0.20100290481485908,1.1520651037339344,0.4175733514947524,0.5,0.4192982456140351,0.7859649122807018,0.784561812233568,0.7936138745275506,0.7859649122807018,570.0,0.801948051948052,0.7462235649546828,0.8666666666666667,285.0,0.767175572519084,0.8410041841004184,0.7052631578947368,285.0,0.784561812233568,0.7936138745275506,0.7859649122807018,570.0,0.7929824561403509,0.7927272727272727,0.7944324157129601,0.7929824561403509,570.0,0.8,0.7737704918032787,0.8280701754385965,285.0,0.7854545454545454,0.8150943396226416,0.7578947368421053,285.0,0.7927272727272727,0.7944324157129602,0.7929824561403509,570.0,0.7859649122807018,0.784561812233568,0.801948051948052,0.767175572519084,0.784561812233568,84,38,0.7936138745275506,0.7462235649546828,0.8410041841004184,0.7936138745275506,0.7859649122807018,0.8666666666666667,0.7052631578947368,0.7859649122807018,247,201,0.7929824561403509,0.7927272727272727,0.8,0.7854545454545454,0.7927272727272727,69,49,0.7944324157129601,0.7737704918032787,0.8150943396226416,0.7944324157129602,0.4649122807017544,0.7929824561403509,0.8280701754385965,0.7578947368421053,0.7929824561403509,236,216,16.78125,7.5975896467242325,9.392578125,-11.484375,285,0.5894736842105263,0.8666666666666667,0,6.584510992737541,16.78125,7.5975896467242325,9.392578125,-11.484375,285,0.6,0.8666666666666667,0,6.584510992737541,401,>,0.784561812233568,validation,f1_macro,0.04742587317756678,-3.0,closest_to_zero_then_lower,0.7927272727272727,,,,,,,,,,,,,,,,,,,,,,,,,,,,,,,,,,,,,,,,,,,,,,,,,,,,,,,,,,,,,,,,,,,,,,,,,,,,,,,,,,,,,,,,,,,,,,,,
true_pair,21,40,0.0,validation,screening,535bb83ab7087ffacf83cd6def67fdde68aaf708b474872155dde32e3bdee2bf,f4fe532cb59b3bcaf20ffdbb31c1fe880765b316d207798d4af5df48c832521b,ca3ef356e825e341ddf0a4066037de4a278a1671b324c5e6048a65ae99638be7,bb43d0ad549b7e57213aab7dca185a96972dab5a6e0ad093afcd5ecde5eef177,/workspace/pair-aware/results_v3/bf16/validation_only/true_pair/lambda_0p0/split_21/model_seed_40,True,v3,validation,1,validation,f1_macro,>,closest_to_zero_then_lower,15,positive_class_equal_width,true_pair,neuralmind/bert-large-portuguese-cased,aa302f6ea73b759f7df9cad58bd272127b67ec28,bf16,256,6,2e-05,8,0.01,0.1,linear,1.0,2,f1_macro,32.0,10000,0,1,0,1,4.0,0.0,False,,,,89.32581805798691,6.43624210357666,6.74609375,1,0.7664071190211346,3,1497,0.0,2994,0,299,0.16721301736995628,15,positive_class_equal_width,0.04100960272832599,0.5107170591993418,0.5091779068443134,0.5,0.4666666666666667,0.7666666666666667,0.7664071190211346,0.7678571428571428,0.7666666666666666,570.0,0.7741935483870968,0.75,0.8,285.0,0.7586206896551724,0.7857142857142857,0.7333333333333333,285.0,0.7664071190211346,0.7678571428571429,0.7666666666666667,570.0,0.7719298245614035,0.7717921553168424,0.7725875920966567,0.7719298245614035,570.0,0.7773972602739726,0.7591973244147158,0.7964912280701755,285.0,0.7661870503597122,0.7859778597785978,0.7473684210526316,285.0,0.7717921553168424,0.7725875920966568,0.7719298245614035,570.0,0.7666666666666667,0.7664071190211346,0.7741935483870968,0.7586206896551724,0.7664071190211346,76,57,0.7678571428571428,0.75,0.7857142857142857,0.7678571428571429,0.7666666666666666,0.8,0.7333333333333333,0.7666666666666667,228,209,0.7719298245614035,0.7717921553168424,0.7773972602739726,0.7661870503597122,0.7717921553168424,72,58,0.7725875920966567,0.7591973244147158,0.7859778597785978,0.7725875920966568,0.47543859649122805,0.7719298245614035,0.7964912280701755,0.7473684210526316,0.7719298245614035,227,213,4.61328125,1.56011549297132,1.53466796875,-1.62060546875,285,0.5473684210526316,0.8385964912280702,0,1.4258805388355926,4.61328125,1.56011549297132,1.53466796875,-1.62060546875,285,0.5543859649122806,0.8385964912280702,0,1.4258805388355926,507,>,0.7664071190211346,validation,f1_macro,0.47630560255358234,-0.0948486328125,closest_to_zero_then_lower,0.7717921553168424,,,,,,,,,,,,,,,,,,,,,,,,,,,,,,,,,,,,,,,,,,,,,,,,,,,,,,,,,,,,,,,,,,,,,,,,,,,,,,,,,,,,,,,,,,,,,,,,
true_pair,21,101,0.0,validation,screening,17ea8bbf979bfcfe49065c0b03c72f663949d094bd94810bbb22598a82cce1b6,f4fe532cb59b3bcaf20ffdbb31c1fe880765b316d207798d4af5df48c832521b,ca3ef356e825e341ddf0a4066037de4a278a1671b324c5e6048a65ae99638be7,bb43d0ad549b7e57213aab7dca185a96972dab5a6e0ad093afcd5ecde5eef177,/workspace/pair-aware/results_v3/bf16/validation_only/true_pair/lambda_0p0/split_21/model_seed_101,True,v3,validation,1,validation,f1_macro,>,closest_to_zero_then_lower,15,positive_class_equal_width,true_pair,neuralmind/bert-large-portuguese-cased,aa302f6ea73b759f7df9cad58bd272127b67ec28,bf16,256,6,2e-05,8,0.01,0.1,linear,1.0,2,f1_macro,32.0,10000,0,1,0,1,4.0,0.0,False,,,,177.52069111797027,6.43624210357666,6.74609375,4,0.7746367500247109,6,2994,0.0,2994,0,299,0.20270803043179705,15,positive_class_equal_width,0.19142480817732155,0.8958699413350831,0.44495840454581326,0.5,0.44035087719298244,0.775438596491228,0.7746367500247109,0.7794152543431291,0.775438596491228,570.0,0.7880794701986755,0.7460815047021944,0.8350877192982457,285.0,0.7611940298507462,0.8127490039840638,0.7157894736842105,285.0,0.7746367500247109,0.7794152543431291,0.775438596491228,570.0,0.7771929824561403,0.7769946181737526,0.7781827616882475,0.7771929824561403,570.0,0.7836456558773425,0.7615894039735099,0.8070175438596491,285.0,0.7703435804701627,0.7947761194029851,0.7473684210526316,285.0,0.7769946181737526,0.7781827616882475,0.7771929824561403,570.0,0.775438596491228,0.7746367500247109,0.7880794701986755,0.7611940298507462,0.7746367500247109,81,47,0.7794152543431291,0.7460815047021944,0.8127490039840638,0.7794152543431291,0.775438596491228,0.8350877192982457,0.7157894736842105,0.775438596491228,238,204,0.7771929824561403,0.7769946181737526,0.7836456558773425,0.7703435804701627,0.7769946181737526,72,55,0.7781827616882475,0.7615894039735099,0.7947761194029851,0.7781827616882475,0.47017543859649125,0.7771929824561403,0.8070175438596491,0.7473684210526316,0.7771929824561403,230,213,13.859375,5.8560536167077855,6.4140625,-8.703125,285,0.5649122807017544,0.856140350877193,0,5.294704956106065,13.859375,5.8560536167077855,6.4140625,-8.703125,285,0.5754385964912281,0.856140350877193,0,5.294704956106065,414,>,0.7746367500247109,validation,f1_macro,0.2743513719586294,-0.97265625,closest_to_zero_then_lower,0.7769946181737526,,,,,,,,,,,,,,,,,,,,,,,,,,,,,,,,,,,,,,,,,,,,,,,,,,,,,,,,,,,,,,,,,,,,,,,,,,,,,,,,,,,,,,,,,,,,,,,,
true_pair,40,13,0.0,validation,screening,58171359508ba9b409b1e82c65bd84eeaae4924fe9b14d188abe6a5f7dc2082a,f4fe532cb59b3bcaf20ffdbb31c1fe880765b316d207798d4af5df48c832521b,cda10d0a5bd98b8fdfc5fa83e5af6da73433a71153c013f41c0811976cf6c4ae,bb43d0ad549b7e57213aab7dca185a96972dab5a6e0ad093afcd5ecde5eef177,/workspace/pair-aware/results_v3/bf16/validation_only/true_pair/lambda_0p0/split_40/model_seed_13,True,v3,validation,1,validation,f1_macro,>,closest_to_zero_then_lower,15,positive_class_equal_width,true_pair,neuralmind/bert-large-portuguese-cased,aa302f6ea73b759f7df9cad58bd272127b67ec28,bf16,256,6,2e-05,8,0.01,0.1,linear,1.0,2,f1_macro,32.0,10000,0,1,0,1,4.0,0.0,False,,,,148.42133885400835,6.43624210357666,6.74609375,3,0.7256986379625634,5,2495,0.0,2994,0,299,0.21956719276546463,15,positive_class_equal_width,0.18223002170540456,0.7340081499879182,0.41983333961114555,0.5,0.4070175438596491,0.7280701754385965,0.7256986379625634,0.7362400530503979,0.7280701754385965,570.0,0.7512038523274478,0.6923076923076923,0.8210526315789474,285.0,0.7001934235976789,0.7801724137931034,0.6350877192982456,285.0,0.7256986379625633,0.7362400530503979,0.7280701754385965,570.0,0.7350877192982456,0.7350477603578256,0.7352296245195624,0.7350877192982457,570.0,0.7383015597920277,0.7294520547945206,0.7473684210526316,285.0,0.7317939609236235,0.7410071942446043,0.7228070175438597,285.0,0.7350477603578256,0.7352296245195624,0.7350877192982456,570.0,0.7280701754385965,0.7256986379625634,0.7512038523274478,0.7001934235976789,0.7256986379625633,104,51,0.7362400530503979,0.6923076923076923,0.7801724137931034,0.7362400530503979,0.7280701754385965,0.8210526315789474,0.6350877192982456,0.7280701754385965,234,181,0.7350877192982456,0.7350477603578256,0.7383015597920277,0.7317939609236235,0.7350477603578256,79,72,0.7352296245195624,0.7294520547945206,0.7410071942446043,0.7352296245195624,0.48771929824561405,0.7350877192982457,0.7473684210526316,0.7228070175438597,0.7350877192982456,213,206,9.375,3.234371038068805,2.8125,-7.671875,285,0.4807017543859649,0.8280701754385965,0,3.407866485851512,9.375,3.234371038068805,2.8125,-7.671875,285,0.5087719298245614,0.8280701754385965,0,3.407866485851512,453,>,0.7256986379625634,validation,f1_macro,0.2274693377553755,-1.22265625,closest_to_zero_then_lower,0.7350477603578256,,,,,,,,,,,,,,,,,,,,,,,,,,,,,,,,,,,,,,,,,,,,,,,,,,,,,,,,,,,,,,,,,,,,,,,,,,,,,,,,,,,,,,,,,,,,,,,,
true_pair,40,40,0.0,validation,screening,e52f7b5d8d151270cecfce6a677dbe87d936892e905ef07653b1c2688a137329,f4fe532cb59b3bcaf20ffdbb31c1fe880765b316d207798d4af5df48c832521b,cda10d0a5bd98b8fdfc5fa83e5af6da73433a71153c013f41c0811976cf6c4ae,bb43d0ad549b7e57213aab7dca185a96972dab5a6e0ad093afcd5ecde5eef177,/workspace/pair-aware/results_v3/bf16/validation_only/true_pair/lambda_0p0/split_40/model_seed_40,True,v3,validation,1,validation,f1_macro,>,closest_to_zero_then_lower,15,positive_class_equal_width,true_pair,neuralmind/bert-large-portuguese-cased,aa302f6ea73b759f7df9cad58bd272127b67ec28,bf16,256,6,2e-05,8,0.01,0.1,linear,1.0,2,f1_macro,32.0,10000,0,1,0,1,4.0,0.0,False,,,,90.13684209098574,6.43624210357666,6.74609375,1,0.7350216582158063,3,1497,0.0,2994,0,299,0.18790382168398057,15,positive_class_equal_width,0.07870471882131357,0.5641490470738039,0.4653275213395352,0.5,0.4842105263157895,0.7350877192982456,0.7350216582158063,0.7353223898254955,0.7350877192982457,570.0,0.7392055267702936,0.7278911564625851,0.7508771929824561,285.0,0.7308377896613191,0.7427536231884058,0.7192982456140351,285.0,0.7350216582158062,0.7353223898254954,0.7350877192982456,570.0,0.7456140350877193,0.7456132521183506,0.7456170589973408,0.7456140350877193,570.0,0.7451669595782073,0.7464788732394366,0.743859649122807,285.0,0.7460595446584939,0.7447552447552448,0.7473684210526316,285.0,0.7456132521183507,0.7456170589973408,0.7456140350877193,570.0,0.7350877192982456,0.7350216582158063,0.7392055267702936,0.7308377896613191,0.7350216582158062,80,71,0.7353223898254955,0.7278911564625851,0.7427536231884058,0.7353223898254954,0.7350877192982457,0.7508771929824561,0.7192982456140351,0.7350877192982456,214,205,0.7456140350877193,0.7456132521183506,0.7451669595782073,0.7460595446584939,0.7456132521183507,72,73,0.7456170589973408,0.7464788732394366,0.7447552447552448,0.7456170589973408,0.5017543859649123,0.7456140350877193,0.743859649122807,0.7473684210526316,0.7456140350877193,212,213,5.2421875,1.689827661346971,1.5419921875,-4.14453125,285,0.49473684210526314,0.8385964912280702,1,1.7893762224464138,5.2421875,1.689827661346971,1.5419921875,-4.14453125,285,0.512280701754386,0.8385964912280702,1,1.7893762224464138,471,>,0.7350216582158063,validation,f1_macro,0.47536176791694884,-0.0986328125,closest_to_zero_then_lower,0.7456132521183506,,,,,,,,,,,,,,,,,,,,,,,,,,,,,,,,,,,,,,,,,,,,,,,,,,,,,,,,,,,,,,,,,,,,,,,,,,,,,,,,,,,,,,,,,,,,,,,,
true_pair,40,101,0.0,validation,screening,cdbe4aef55db532924984feaa5e8ae174c806a03ca511521668be1262ccba506,f4fe532cb59b3bcaf20ffdbb31c1fe880765b316d207798d4af5df48c832521b,cda10d0a5bd98b8fdfc5fa83e5af6da73433a71153c013f41c0811976cf6c4ae,bb43d0ad549b7e57213aab7dca185a96972dab5a6e0ad093afcd5ecde5eef177,/workspace/pair-aware/results_v3/bf16/validation_only/true_pair/lambda_0p0/split_40/model_seed_101,True,v3,validation,1,validation,f1_macro,>,closest_to_zero_then_lower,15,positive_class_equal_width,true_pair,neuralmind/bert-large-portuguese-cased,aa302f6ea73b759f7df9cad58bd272127b67ec28,bf16,256,6,2e-05,8,0.01,0.1,linear,1.0,2,f1_macro,32.0,10000,0,1,0,1,4.0,0.0,False,,,,178.06926533393562,6.43624210357666,6.74609375,4,0.7418183947075698,6,2994,0.0,2994,0,299,0.23342745419120167,15,positive_class_equal_width,0.2211336521409004,1.1177650116872597,0.46315283935923507,0.5,0.4666666666666667,0.7421052631578947,0.7418183947075698,0.7431860902255639,0.7421052631578947,570.0,0.7504244482173175,0.7269736842105263,0.775438596491228,285.0,0.7332123411978222,0.7593984962406015,0.7087719298245614,285.0,0.7418183947075698,0.7431860902255639,0.7421052631578947,570.0,0.7491228070175439,0.7487818183499302,0.7504827688651218,0.7491228070175439,570.0,0.7395264116575592,0.7689393939393939,0.712280701754386,285.0,0.7580372250423012,0.7320261437908496,0.7859649122807018,285.0,0.7487818183499302,0.7504827688651218,0.7491228070175439,570.0,0.7421052631578947,0.7418183947075698,0.7504244482173175,0.7332123411978222,0.7418183947075698,83,64,0.7431860902255639,0.7269736842105263,0.7593984962406015,0.7431860902255639,0.7421052631578947,0.775438596491228,0.7087719298245614,0.7421052631578947,221,202,0.7491228070175439,0.7487818183499302,0.7395264116575592,0.7580372250423012,0.7487818183499302,61,82,0.7504827688651218,0.7689393939393939,0.7320261437908496,0.7504827688651218,0.5368421052631579,0.7491228070175439,0.712280701754386,0.7859649122807018,0.7491228070175439,203,224,14.625,5.682528740063049,5.234375,-13.03125,285,0.512280701754386,0.856140350877193,2,5.691163523807459,14.625,5.682528740063049,5.234375,-13.03125,285,0.5228070175438596,0.856140350877193,2,5.691163523807459,421,>,0.7418183947075698,validation,f1_macro,0.05749327880038581,-2.796875,closest_to_zero_then_lower,0.7487818183499302,,,,,,,,,,,,,,,,,,,,,,,,,,,,,,,,,,,,,,,,,,,,,,,,,,,,,,,,,,,,,,,,,,,,,,,,,,,,,,,,,,,,,,,,,,,,,,,,
true_pair,42,13,0.0,validation,screening,7b8cf6f73c5f3e98f299ecf6e56967a64fa2d4389d585acf25d240904a2041a9,f4fe532cb59b3bcaf20ffdbb31c1fe880765b316d207798d4af5df48c832521b,ed69610d3f2362af391c11ab822fd3b66457fb8c748ace929b9726ba17378ec5,bb43d0ad549b7e57213aab7dca185a96972dab5a6e0ad093afcd5ecde5eef177,/workspace/pair-aware/results_v3/bf16/validation_only/true_pair/lambda_0p0/split_42/model_seed_13,True,v3,validation,1,validation,f1_macro,>,closest_to_zero_then_lower,15,positive_class_equal_width,true_pair,neuralmind/bert-large-portuguese-cased,aa302f6ea73b759f7df9cad58bd272127b67ec28,bf16,256,6,2e-05,8,0.01,0.1,linear,1.0,2,f1_macro,32.0,10000,0,1,0,1,4.0,0.0,False,,,,148.47968082805164,6.43624210357666,6.74609375,3,0.782413279316332,5,2495,0.0,2994,0,299,0.19203800489528164,15,positive_class_equal_width,0.17058761895676117,0.7498344692286815,0.4798296229498912,0.5,0.48596491228070177,0.7824561403508772,0.782413279316332,0.7826788728576533,0.7824561403508772,570.0,0.7854671280276817,0.7747440273037542,0.7964912280701755,285.0,0.7793594306049823,0.7906137184115524,0.7684210526315789,285.0,0.782413279316332,0.7826788728576533,0.7824561403508772,570.0,0.7824561403508772,0.7824534620309268,0.7824700508489184,0.7824561403508772,570.0,0.7832167832167832,0.7804878048780488,0.7859649122807018,285.0,0.7816901408450704,0.784452296819788,0.7789473684210526,285.0,0.7824534620309269,0.7824700508489184,0.7824561403508772,570.0,0.7824561403508772,0.782413279316332,0.7854671280276817,0.7793594306049823,0.782413279316332,66,58,0.7826788728576533,0.7747440273037542,0.7906137184115524,0.7826788728576533,0.7824561403508772,0.7964912280701755,0.7684210526315789,0.7824561403508772,227,219,0.7824561403508772,0.7824534620309268,0.7832167832167832,0.7816901408450704,0.7824534620309269,63,61,0.7824700508489184,0.7804878048780488,0.784452296819788,0.7824700508489184,0.4964912280701754,0.7824561403508772,0.7859649122807018,0.7789473684210526,0.7824561403508772,224,222,11.015625,4.734275630482456,5.26953125,-8.046875,285,0.5859649122807018,0.8736842105263158,0,4.133783583757439,11.015625,4.734275630482456,5.26953125,-8.046875,285,0.5894736842105263,0.8736842105263158,0,4.133783583757439,410,>,0.782413279316332,validation,f1_macro,0.3261641094524806,-0.7255859375,closest_to_zero_then_lower,0.7824534620309268,,,,,,,,,,,,,,,,,,,,,,,,,,,,,,,,,,,,,,,,,,,,,,,,,,,,,,,,,,,,,,,,,,,,,,,,,,,,,,,,,,,,,,,,,,,,,,,,
true_pair,42,40,0.0,validation,screening,f3a4c600025e3bd3a1092c77c72e5071a9906662816b3b0fccbaa74df422d18e,f4fe532cb59b3bcaf20ffdbb31c1fe880765b316d207798d4af5df48c832521b,ed69610d3f2362af391c11ab822fd3b66457fb8c748ace929b9726ba17378ec5,bb43d0ad549b7e57213aab7dca185a96972dab5a6e0ad093afcd5ecde5eef177,/workspace/pair-aware/results_v3/bf16/validation_only/true_pair/lambda_0p0/split_42/model_seed_40,True,v3,validation,1,validation,f1_macro,>,closest_to_zero_then_lower,15,positive_class_equal_width,true_pair,neuralmind/bert-large-portuguese-cased,aa302f6ea73b759f7df9cad58bd272127b67ec28,bf16,256,6,2e-05,8,0.01,0.1,linear,1.0,2,f1_macro,32.0,10000,0,1,0,1,4.0,0.0,False,,,,148.77585934393574,6.43624210357666,6.74609375,3,0.7876088208394025,5,2495,0.0,2994,0,299,0.1897635766027953,15,positive_class_equal_width,0.17639658330183286,0.816028002861411,0.475132411921128,0.5,0.47719298245614034,0.787719298245614,0.7876088208394025,0.7883191867350967,0.787719298245614,570.0,0.7924528301886793,0.7751677852348994,0.8105263157894737,285.0,0.7827648114901257,0.8014705882352942,0.7649122807017544,285.0,0.7876088208394024,0.7883191867350968,0.787719298245614,570.0,0.7964912280701755,0.7964812055995371,0.7965496435124186,0.7964912280701755,570.0,0.7979094076655052,0.7923875432525952,0.8035087719298246,285.0,0.7950530035335689,0.800711743772242,0.7894736842105263,285.0,0.7964812055995371,0.7965496435124185,0.7964912280701755,570.0,0.787719298245614,0.7876088208394025,0.7924528301886793,0.7827648114901257,0.7876088208394024,67,54,0.7883191867350967,0.7751677852348994,0.8014705882352942,0.7883191867350968,0.787719298245614,0.8105263157894737,0.7649122807017544,0.787719298245614,231,218,0.7964912280701755,0.7964812055995371,0.7979094076655052,0.7950530035335689,0.7964812055995371,60,56,0.7965496435124186,0.7923875432525952,0.800711743772242,0.7965496435124185,0.49298245614035086,0.7964912280701755,0.8035087719298246,0.7894736842105263,0.7964912280701755,229,225,13.015625,5.55361328125,6.076171875,-10.0625,285,0.5859649122807018,0.8771929824561403,1,4.684533625653682,13.015625,5.55361328125,6.076171875,-10.0625,285,0.6070175438596491,0.8771929824561403,1,4.684533625653682,399,>,0.7876088208394025,validation,f1_macro,0.38908217842189113,-0.451171875,closest_to_zero_then_lower,0.7964812055995371,,,,,,,,,,,,,,,,,,,,,,,,,,,,,,,,,,,,,,,,,,,,,,,,,,,,,,,,,,,,,,,,,,,,,,,,,,,,,,,,,,,,,,,,,,,,,,,,
true_pair,42,101,0.0,validation,screening,b4c592d024be24d716a077173e5052becbd73c74e4cb60326bceb0b1199e8bb9,f4fe532cb59b3bcaf20ffdbb31c1fe880765b316d207798d4af5df48c832521b,ed69610d3f2362af391c11ab822fd3b66457fb8c748ace929b9726ba17378ec5,bb43d0ad549b7e57213aab7dca185a96972dab5a6e0ad093afcd5ecde5eef177,/workspace/pair-aware/results_v3/bf16/validation_only/true_pair/lambda_0p0/split_42/model_seed_101,True,v3,validation,1,validation,f1_macro,>,closest_to_zero_then_lower,15,positive_class_equal_width,true_pair,neuralmind/bert-large-portuguese-cased,aa302f6ea73b759f7df9cad58bd272127b67ec28,bf16,256,6,2e-05,8,0.01,0.1,linear,1.0,2,f1_macro,32.0,10000,0,1,0,1,4.0,0.0,False,,,,181.83010360400658,6.43624210357666,6.74609375,6,0.7821879815100155,6,2994,0.0,2994,0,299,0.206450554538317,15,positive_class_equal_width,0.20674637017730105,1.3781721860310423,0.46400980503934125,0.5,0.4649122807017544,0.7824561403508772,0.7821879815100155,0.7838540055675843,0.7824561403508772,570.0,0.7898305084745763,0.7639344262295082,0.8175438596491228,285.0,0.7745454545454545,0.8037735849056604,0.7473684210526316,285.0,0.7821879815100155,0.7838540055675843,0.7824561403508772,570.0,0.7947368421052632,0.7947311559877004,0.7947695035460993,0.7947368421052632,570.0,0.7958115183246073,0.7916666666666666,0.8,285.0,0.7936507936507936,0.7978723404255319,0.7894736842105263,285.0,0.7947311559877005,0.7947695035460992,0.7947368421052632,570.0,0.7824561403508772,0.7821879815100155,0.7898305084745763,0.7745454545454545,0.7821879815100155,72,52,0.7838540055675843,0.7639344262295082,0.8037735849056604,0.7838540055675843,0.7824561403508772,0.8175438596491228,0.7473684210526316,0.7824561403508772,233,213,0.7947368421052632,0.7947311559877004,0.7958115183246073,0.7936507936507936,0.7947311559877005,60,57,0.7947695035460993,0.7916666666666666,0.7978723404255319,0.7947695035460992,0.49473684210526314,0.7947368421052632,0.8,0.7894736842105263,0.7947368421052632,228,225,17.953125,8.665610758463542,11.09375,-15.859375,285,0.5859649122807018,0.8807017543859649,0,7.61015717904419,17.953125,8.665610758463542,11.09375,-15.859375,285,0.6035087719298246,0.8807017543859649,0,7.61015717904419,364,>,0.7821879815100155,validation,f1_macro,0.06656918897050168,-2.640625,closest_to_zero_then_lower,0.7947311559877004,,,,,,,,,,,,,,,,,,,,,,,,,,,,,,,,,,,,,,,,,,,,,,,,,,,,,,,,,,,,,,,,,,,,,,,,,,,,,,,,,,,,,,,,,,,,,,,,
true_pair,73,13,0.0,validation,screening,805b491bb9921550e32d7385a22f7f34f6fb77ac1dc5eba6e535631eb1309788,f4fe532cb59b3bcaf20ffdbb31c1fe880765b316d207798d4af5df48c832521b,13da7362da5a91f87c78ef27ecce6939441c8b6b383319781bcd155a34ade1e4,bb43d0ad549b7e57213aab7dca185a96972dab5a6e0ad093afcd5ecde5eef177,/workspace/pair-aware/results_v3/bf16/validation_only/true_pair/lambda_0p0/split_73/model_seed_13,True,v3,validation,1,validation,f1_macro,>,closest_to_zero_then_lower,15,positive_class_equal_width,true_pair,neuralmind/bert-large-portuguese-cased,aa302f6ea73b759f7df9cad58bd272127b67ec28,bf16,256,6,2e-05,8,0.01,0.1,linear,1.0,2,f1_macro,32.0,10000,0,1,0,1,4.0,0.0,False,,,,178.1111119199777,6.43624210357666,6.74609375,5,0.7805876248340935,6,2994,0.0,2994,0,299,0.20316918736584785,15,positive_class_equal_width,0.20303008799879185,1.1164121042369928,0.4722402758814699,0.5,0.47719298245614034,0.7807017543859649,0.7805876248340935,0.7812870114488748,0.7807017543859649,570.0,0.7855917667238422,0.7684563758389261,0.8035087719298246,285.0,0.7755834829443446,0.7941176470588235,0.7578947368421053,285.0,0.7805876248340935,0.7812870114488748,0.7807017543859649,570.0,0.7859649122807018,0.7859227425531653,0.7861904116509161,0.7859649122807018,570.0,0.7889273356401384,0.7781569965870307,0.8,285.0,0.7829181494661922,0.7942238267148014,0.7719298245614035,285.0,0.7859227425531653,0.7861904116509161,0.7859649122807018,570.0,0.7807017543859649,0.7805876248340935,0.7855917667238422,0.7755834829443446,0.7805876248340935,69,56,0.7812870114488748,0.7684563758389261,0.7941176470588235,0.7812870114488748,0.7807017543859649,0.8035087719298246,0.7578947368421053,0.7807017543859649,229,216,0.7859649122807018,0.7859227425531653,0.7889273356401384,0.7829181494661922,0.7859227425531653,65,57,0.7861904116509161,0.7781569965870307,0.7942238267148014,0.7861904116509161,0.48596491228070177,0.7859649122807018,0.8,0.7719298245614035,0.7859649122807018,228,220,16.9375,7.685892312568531,9.87890625,-12.8125,285,0.5859649122807018,0.8140350877192982,0,6.8808562393840935,16.9375,7.685892312568531,9.87890625,-12.8125,285,0.5929824561403508,0.8140350877192982,0,6.8808562393840935,396,>,0.7805876248340935,validation,f1_macro,0.3599264022779056,-0.57568359375,closest_to_zero_then_lower,0.7859227425531653,,,,,,,,,,,,,,,,,,,,,,,,,,,,,,,,,,,,,,,,,,,,,,,,,,,,,,,,,,,,,,,,,,,,,,,,,,,,,,,,,,,,,,,,,,,,,,,,
true_pair,73,40,0.0,validation,screening,dbfc54cf4f4a7f2edbc287dba0044125b1941340d0d52ec636671cf614f23763,f4fe532cb59b3bcaf20ffdbb31c1fe880765b316d207798d4af5df48c832521b,13da7362da5a91f87c78ef27ecce6939441c8b6b383319781bcd155a34ade1e4,bb43d0ad549b7e57213aab7dca185a96972dab5a6e0ad093afcd5ecde5eef177,/workspace/pair-aware/results_v3/bf16/validation_only/true_pair/lambda_0p0/split_73/model_seed_40,True,v3,validation,1,validation,f1_macro,>,closest_to_zero_then_lower,15,positive_class_equal_width,true_pair,neuralmind/bert-large-portuguese-cased,aa302f6ea73b759f7df9cad58bd272127b67ec28,bf16,256,6,2e-05,8,0.01,0.1,linear,1.0,2,f1_macro,32.0,10000,0,1,0,1,4.0,0.0,False,,,,188.00140067003667,6.43624210357666,6.74609375,4,0.7732480148022511,6,2994,0.0,2994,0,299,0.20885682363334204,15,positive_class_equal_width,0.20572451122149887,1.0386385980495854,0.4546718505746207,0.5,0.45614035087719296,0.7736842105263158,0.7732480148022511,0.7758064516129033,0.7736842105263158,570.0,0.7831932773109244,0.7516129032258064,0.8175438596491228,285.0,0.763302752293578,0.8,0.7298245614035088,285.0,0.7732480148022512,0.7758064516129032,0.7736842105263158,570.0,0.787719298245614,0.787687278167529,0.7878929732925988,0.787719298245614,570.0,0.7902946273830156,0.7808219178082192,0.8,285.0,0.7850799289520426,0.7949640287769785,0.775438596491228,285.0,0.787687278167529,0.7878929732925989,0.787719298245614,570.0,0.7736842105263158,0.7732480148022511,0.7831932773109244,0.763302752293578,0.7732480148022512,77,52,0.7758064516129033,0.7516129032258064,0.8,0.7758064516129032,0.7736842105263158,0.8175438596491228,0.7298245614035088,0.7736842105263158,233,208,0.787719298245614,0.787687278167529,0.7902946273830156,0.7850799289520426,0.787687278167529,64,57,0.7878929732925988,0.7808219178082192,0.7949640287769785,0.7878929732925989,0.48771929824561405,0.787719298245614,0.8,0.775438596491228,0.787719298245614,228,221,15.78125,6.655392509594298,8.046875,-10.796875,285,0.5719298245614035,0.8456140350877193,0,6.072673651532628,15.78125,6.655392509594298,8.046875,-10.796875,285,0.5964912280701754,0.8456140350877193,0,6.072673651532628,408,>,0.7732480148022511,validation,f1_macro,0.13161904835577012,-1.88671875,closest_to_zero_then_lower,0.787687278167529,,,,,,,,,,,,,,,,,,,,,,,,,,,,,,,,,,,,,,,,,,,,,,,,,,,,,,,,,,,,,,,,,,,,,,,,,,,,,,,,,,,,,,,,,,,,,,,,
true_pair,73,101,0.0,validation,screening,2b892c54d67938370d626fd9bc92ecf14b7a3daff1214602f055e37de80807ae,f4fe532cb59b3bcaf20ffdbb31c1fe880765b316d207798d4af5df48c832521b,13da7362da5a91f87c78ef27ecce6939441c8b6b383319781bcd155a34ade1e4,bb43d0ad549b7e57213aab7dca185a96972dab5a6e0ad093afcd5ecde5eef177,/workspace/pair-aware/results_v3/bf16/validation_only/true_pair/lambda_0p0/split_73/model_seed_101,True,v3,validation,1,validation,f1_macro,>,closest_to_zero_then_lower,15,positive_class_equal_width,true_pair,neuralmind/bert-large-portuguese-cased,aa302f6ea73b759f7df9cad58bd272127b67ec28,bf16,256,6,2e-05,8,0.01,0.1,linear,1.0,2,f1_macro,32.0,10000,0,1,0,1,4.0,0.0,False,,,,89.35098717990331,6.43624210357666,6.74609375,1,0.7631396691035013,3,1497,0.0,2994,0,299,0.16414766339650932,15,positive_class_equal_width,0.04869060039343982,0.5034806552780502,0.5166573775538329,0.5,0.5087719298245614,0.7631578947368421,0.7631396691035013,0.7632389162561577,0.763157894736842,570.0,0.7610619469026548,0.7678571428571429,0.7543859649122807,285.0,0.7652173913043478,0.7586206896551724,0.7719298245614035,285.0,0.7631396691035013,0.7632389162561576,0.7631578947368421,570.0,0.7719298245614035,0.7715247715247715,0.7738719636945282,0.7719298245614035,570.0,0.7811447811447811,0.7508090614886731,0.8140350877192982,285.0,0.7619047619047619,0.7969348659003831,0.7298245614035088,285.0,0.7715247715247715,0.773871963694528,0.7719298245614035,570.0,0.7631578947368421,0.7631396691035013,0.7610619469026548,0.7652173913043478,0.7631396691035013,65,70,0.7632389162561577,0.7678571428571429,0.7586206896551724,0.7632389162561576,0.763157894736842,0.7543859649122807,0.7719298245614035,0.7631578947368421,215,220,0.7719298245614035,0.7715247715247715,0.7811447811447811,0.7619047619047619,0.7715247715247715,77,53,0.7738719636945282,0.7508090614886731,0.7969348659003831,0.773871963694528,0.45789473684210524,0.7719298245614035,0.8140350877192982,0.7298245614035088,0.7719298245614035,232,208,4.421875,1.4756911428351152,1.430419921875,-1.734375,285,0.5543859649122806,0.8245614035087719,0,1.3639873432648861,4.421875,1.4756911428351152,1.430419921875,-1.734375,285,0.5649122807017544,0.8245614035087719,0,1.3639873432648861,507,>,0.7631396691035013,validation,f1_macro,0.5573484447495151,0.23040771484375,closest_to_zero_then_lower,0.7715247715247715,,,,,,,,,,,,,,,,,,,,,,,,,,,,,,,,,,,,,,,,,,,,,,,,,,,,,,,,,,,,,,,,,,,,,,,,,,,,,,,,,,,,,,,,,,,,,,,,
true_pair,101,13,0.0,validation,screening,aef32e073a5b297839d25aab3132cc9dd24f7268a64c81d0790be0e7fb7a9428,f4fe532cb59b3bcaf20ffdbb31c1fe880765b316d207798d4af5df48c832521b,8fa1106caddcf6eb0c1bec78a171b8f03f4615d846c63b3bb037293829723f0a,bb43d0ad549b7e57213aab7dca185a96972dab5a6e0ad093afcd5ecde5eef177,/workspace/pair-aware/results_v3/bf16/validation_only/true_pair/lambda_0p0/split_101/model_seed_13,True,v3,validation,1,validation,f1_macro,>,closest_to_zero_then_lower,15,positive_class_equal_width,true_pair,neuralmind/bert-large-portuguese-cased,aa302f6ea73b759f7df9cad58bd272127b67ec28,bf16,256,6,2e-05,8,0.01,0.1,linear,1.0,2,f1_macro,32.0,10000,0,1,0,1,4.0,0.0,False,,,,147.88702833105344,6.43624210357666,6.74609375,3,0.768135593220339,5,2495,0.0,2994,0,299,0.19156844449570085,15,positive_class_equal_width,0.16673356675772485,0.7194554739008651,0.4741079868715362,0.5,0.4649122807017544,0.7684210526315789,0.768135593220339,0.7697494587070832,0.7684210526315789,570.0,0.7762711864406779,0.7508196721311475,0.8035087719298246,285.0,0.76,0.7886792452830189,0.7333333333333333,285.0,0.768135593220339,0.7697494587070832,0.7684210526315789,570.0,0.775438596491228,0.775438596491228,0.775438596491228,0.775438596491228,570.0,0.775438596491228,0.775438596491228,0.775438596491228,285.0,0.775438596491228,0.775438596491228,0.775438596491228,285.0,0.775438596491228,0.775438596491228,0.775438596491228,570.0,0.7684210526315789,0.768135593220339,0.7762711864406779,0.76,0.768135593220339,76,56,0.7697494587070832,0.7508196721311475,0.7886792452830189,0.7697494587070832,0.7684210526315789,0.8035087719298246,0.7333333333333333,0.7684210526315789,229,209,0.775438596491228,0.775438596491228,0.775438596491228,0.775438596491228,0.775438596491228,64,64,0.775438596491228,0.775438596491228,0.775438596491228,0.775438596491228,0.5,0.775438596491228,0.775438596491228,0.775438596491228,0.775438596491228,221,221,12.8125,4.877228639836897,5.4052734375,-11.4375,285,0.5684210526315789,0.8526315789473684,0,4.629428063809032,12.8125,4.877228639836897,5.4052734375,-11.4375,285,0.5824561403508772,0.8526315789473684,0,4.629428063809032,457,>,0.768135593220339,validation,f1_macro,0.39158042121754255,-0.440673828125,closest_to_zero_then_lower,0.775438596491228,,,,,,,,,,,,,,,,,,,,,,,,,,,,,,,,,,,,,,,,,,,,,,,,,,,,,,,,,,,,,,,,,,,,,,,,,,,,,,,,,,,,,,,,,,,,,,,,
true_pair,101,40,0.0,validation,screening,bc878118f0e4b5b694f65612d22c8330d115feb5f9ad49826d6930f16494adf8,f4fe532cb59b3bcaf20ffdbb31c1fe880765b316d207798d4af5df48c832521b,8fa1106caddcf6eb0c1bec78a171b8f03f4615d846c63b3bb037293829723f0a,bb43d0ad549b7e57213aab7dca185a96972dab5a6e0ad093afcd5ecde5eef177,/workspace/pair-aware/results_v3/bf16/validation_only/true_pair/lambda_0p0/split_101/model_seed_40,True,v3,validation,1,validation,f1_macro,>,closest_to_zero_then_lower,15,positive_class_equal_width,true_pair,neuralmind/bert-large-portuguese-cased,aa302f6ea73b759f7df9cad58bd272127b67ec28,bf16,256,6,2e-05,8,0.01,0.1,linear,1.0,2,f1_macro,32.0,10000,0,1,0,1,4.0,0.0,False,,,,118.84438317001332,6.43624210357666,6.74609375,2,0.7480859010270775,4,1996,0.0,2994,0,299,0.19472596750856494,15,positive_class_equal_width,0.14777283067249075,0.642305244805065,0.39089951483006213,0.5,0.39473684210526316,0.7508771929824561,0.7480859010270775,0.7625120772946861,0.7508771929824561,570.0,0.7746031746031746,0.7072463768115942,0.856140350877193,285.0,0.7215686274509804,0.8177777777777778,0.6456140350877193,285.0,0.7480859010270775,0.7625120772946861,0.7508771929824561,570.0,0.7666666666666667,0.7666487110427087,0.7667487684729064,0.7666666666666666,570.0,0.768695652173913,0.7620689655172413,0.775438596491228,285.0,0.7646017699115044,0.7714285714285715,0.7578947368421053,285.0,0.7666487110427088,0.7667487684729063,0.7666666666666667,570.0,0.7508771929824561,0.7480859010270775,0.7746031746031746,0.7215686274509804,0.7480859010270775,101,41,0.7625120772946861,0.7072463768115942,0.8177777777777778,0.7625120772946861,0.7508771929824561,0.856140350877193,0.6456140350877193,0.7508771929824561,244,184,0.7666666666666667,0.7666487110427087,0.768695652173913,0.7646017699115044,0.7666487110427088,69,64,0.7667487684729064,0.7620689655172413,0.7714285714285715,0.7667487684729063,0.49122807017543857,0.7666666666666666,0.775438596491228,0.7578947368421053,0.7666666666666667,221,216,7.515625,3.0639344332510965,3.1767578125,-6.7109375,285,0.5403508771929825,0.8526315789473684,0,2.963333768122193,7.515625,3.0639344332510965,3.1767578125,-6.7109375,285,0.5543859649122806,0.8526315789473684,0,2.963333768122193,440,>,0.7480859010270775,validation,f1_macro,0.1841798425453443,-1.48828125,closest_to_zero_then_lower,0.7666487110427087,,,,,,,,,,,,,,,,,,,,,,,,,,,,,,,,,,,,,,,,,,,,,,,,,,,,,,,,,,,,,,,,,,,,,,,,,,,,,,,,,,,,,,,,,,,,,,,,
true_pair,101,101,0.0,validation,screening,9b1c533a84282117373b5ea06e8e56a0e1b9ae1b169e99bcd803896e3bc286a4,f4fe532cb59b3bcaf20ffdbb31c1fe880765b316d207798d4af5df48c832521b,8fa1106caddcf6eb0c1bec78a171b8f03f4615d846c63b3bb037293829723f0a,bb43d0ad549b7e57213aab7dca185a96972dab5a6e0ad093afcd5ecde5eef177,/workspace/pair-aware/results_v3/bf16/validation_only/true_pair/lambda_0p0/split_101/model_seed_101,True,v3,validation,1,validation,f1_macro,>,closest_to_zero_then_lower,15,positive_class_equal_width,true_pair,neuralmind/bert-large-portuguese-cased,aa302f6ea73b759f7df9cad58bd272127b67ec28,bf16,256,6,2e-05,8,0.01,0.1,linear,1.0,2,f1_macro,32.0,10000,0,1,0,1,4.0,0.0,False,,,,148.33119817799889,6.43624210357666,6.74609375,3,0.7713781485640944,5,2495,0.0,2994,0,299,0.20122760585246818,15,positive_class_equal_width,0.19064855494431174,0.8238548888073648,0.4480296067776619,0.5,0.45087719298245615,0.7719298245614035,0.7713781485640944,0.7745801270496389,0.7719298245614035,570.0,0.782608695652174,0.7476038338658147,0.8210526315789474,285.0,0.7601476014760148,0.8015564202334631,0.7228070175438597,285.0,0.7713781485640944,0.7745801270496389,0.7719298245614035,570.0,0.7807017543859649,0.779446588928683,0.7872404757105422,0.7807017543859649,570.0,0.7628083491461101,0.8305785123966942,0.7052631578947368,285.0,0.7960848287112561,0.7439024390243902,0.856140350877193,285.0,0.7794465889286831,0.7872404757105422,0.7807017543859649,570.0,0.7719298245614035,0.7713781485640944,0.782608695652174,0.7601476014760148,0.7713781485640944,79,51,0.7745801270496389,0.7476038338658147,0.8015564202334631,0.7745801270496389,0.7719298245614035,0.8210526315789474,0.7228070175438597,0.7719298245614035,234,206,0.7807017543859649,0.779446588928683,0.7628083491461101,0.7960848287112561,0.7794465889286831,41,84,0.7872404757105422,0.8305785123966942,0.7439024390243902,0.7872404757105422,0.5754385964912281,0.7807017543859649,0.7052631578947368,0.856140350877193,0.7807017543859649,201,244,12.953125,5.110949278714364,5.697265625,-10.84375,285,0.5789473684210527,0.8385964912280702,1,4.967193656386213,12.953125,5.110949278714364,5.697265625,-10.84375,285,0.5859649122807018,0.8385964912280702,1,4.967193656386213,435,>,0.7713781485640944,validation,f1_macro,0.05340332979982423,-2.875,closest_to_zero_then_lower,0.779446588928683,,,,,,,,,,,,,,,,,,,,,,,,,,,,,,,,,,,,,,,,,,,,,,,,,,,,,,,,,,,,,,,,,,,,,,,,,,,,,,,,,,,,,,,,,,,,,,,,
true_pair,13,13,0.1,validation,screening,ed8bb3b5ee90edd96c1657e67c29c528433979a0718c42144455a5a1a3db8fd8,eba541e086da6ecd98c3a80e231c0545343a71f3469d30a5a9cbcf10166b6dc7,0408158bfbf5a1ca3328d04ddad80f5c3e933f8182d3f4e6e18871b17bfb46e2,bb43d0ad549b7e57213aab7dca185a96972dab5a6e0ad093afcd5ecde5eef177,/workspace/pair-aware/results_v3/bf16/validation_only/true_pair/lambda_0p1/split_13/model_seed_13,True,v3,validation,1,validation,f1_macro,>,closest_to_zero_then_lower,15,positive_class_equal_width,true_pair,neuralmind/bert-large-portuguese-cased,aa302f6ea73b759f7df9cad58bd272127b67ec28,bf16,256,6,2e-05,8,0.01,0.1,linear,1.0,2,f1_macro,32.0,10000,0,1,0,1,4.0,0.1,False,,,,120.00299974903464,6.43624210357666,6.74609375,2,0.7997016176760703,4,1996,0.1,2994,0,299,0.1540377119603348,15,positive_class_equal_width,0.09480327960038847,0.4922830077300216,0.4797730053519879,0.5,0.4614035087719298,0.8,0.7997016176760703,0.8017983428493578,0.8,570.0,0.8074324324324325,0.7785016286644951,0.8385964912280702,285.0,0.791970802919708,0.8250950570342205,0.7614035087719299,285.0,0.7997016176760703,0.8017983428493578,0.8,570.0,0.8105263157894737,0.8104679802955665,0.8109090909090909,0.8105263157894738,570.0,0.8071428571428572,0.8218181818181818,0.7929824561403509,285.0,0.8137931034482758,0.8,0.8280701754385965,285.0,0.8104679802955664,0.8109090909090909,0.8105263157894737,570.0,0.8,0.7997016176760703,0.8074324324324325,0.791970802919708,0.7997016176760703,68,46,0.8017983428493578,0.7785016286644951,0.8250950570342205,0.8017983428493578,0.8,0.8385964912280702,0.7614035087719299,0.8,239,217,0.8105263157894737,0.8104679802955665,0.8071428571428572,0.8137931034482758,0.8104679802955664,49,59,0.8109090909090909,0.8218181818181818,0.8,0.8109090909090909,0.5175438596491229,0.8105263157894738,0.7929824561403509,0.8280701754385965,0.8105263157894737,226,236,6.8984375,3.219264408580044,3.96484375,-4.7578125,285,0.631578947368421,0.8947368421052632,0,2.5895538943803826,6.8984375,3.219264408580044,3.96484375,-4.7578125,285,0.6421052631578947,0.8947368421052632,0,2.5895538943803826,425,>,0.7997016176760703,validation,f1_macro,0.2766905310254354,-0.9609375,closest_to_zero_then_lower,0.8104679802955665,,,,,,,,,,,,,,,,,,,,,,,,,,,,,,,,,,,,,,,,,,,,,,,,,,,,,,,,,,,,,,,,,,,,,,,,,,,,,,,,,,,,,,,,,,,,,,,,
true_pair,13,40,0.1,validation,screening,4dabc31b15ab5f5d1c5eb041b30d9d96ad2a839e509b205e31326de54296f1c5,eba541e086da6ecd98c3a80e231c0545343a71f3469d30a5a9cbcf10166b6dc7,0408158bfbf5a1ca3328d04ddad80f5c3e933f8182d3f4e6e18871b17bfb46e2,bb43d0ad549b7e57213aab7dca185a96972dab5a6e0ad093afcd5ecde5eef177,/workspace/pair-aware/results_v3/bf16/validation_only/true_pair/lambda_0p1/split_13/model_seed_40,True,v3,validation,1,validation,f1_macro,>,closest_to_zero_then_lower,15,positive_class_equal_width,true_pair,neuralmind/bert-large-portuguese-cased,aa302f6ea73b759f7df9cad58bd272127b67ec28,bf16,256,6,2e-05,8,0.01,0.1,linear,1.0,2,f1_macro,32.0,10000,0,1,0,1,4.0,0.1,False,,,,177.6242882120423,6.43624210357666,6.74609375,4,0.8051906065355211,6,2994,0.1,2994,0,299,0.17890132432415112,15,positive_class_equal_width,0.1724230694145793,0.8153110437245212,0.5107456439795623,0.5,0.519298245614035,0.8052631578947368,0.8051906065355211,0.8057185835470507,0.8052631578947369,570.0,0.8014311270125224,0.8175182481751825,0.7859649122807018,285.0,0.8089500860585198,0.793918918918919,0.8245614035087719,285.0,0.8051906065355211,0.8057185835470507,0.8052631578947368,570.0,0.8087719298245614,0.8087430852914106,0.8089583128018134,0.8087719298245615,570.0,0.8063943161634103,0.8165467625899281,0.7964912280701755,285.0,0.8110918544194108,0.8013698630136986,0.8210526315789474,285.0,0.8087430852914106,0.8089583128018134,0.8087719298245614,570.0,0.8052631578947368,0.8051906065355211,0.8014311270125224,0.8089500860585198,0.8051906065355211,50,61,0.8057185835470507,0.8175182481751825,0.793918918918919,0.8057185835470507,0.8052631578947369,0.7859649122807018,0.8245614035087719,0.8052631578947368,224,235,0.8087719298245614,0.8087430852914106,0.8063943161634103,0.8110918544194108,0.8087430852914106,51,58,0.8089583128018134,0.8165467625899281,0.8013698630136986,0.8089583128018134,0.512280701754386,0.8087719298245615,0.7964912280701755,0.8210526315789474,0.8087719298245614,227,234,12.71875,6.466459361293859,8.890625,-9.828125,285,0.624561403508772,0.8771929824561403,3,5.076519004857428,12.71875,6.466459361293859,8.890625,-9.828125,285,0.631578947368421,0.8771929824561403,3,5.076519004857428,366,>,0.8051906065355211,validation,f1_macro,0.5960805076738487,0.38916015625,closest_to_zero_then_lower,0.8087430852914106,,,,,,,,,,,,,,,,,,,,,,,,,,,,,,,,,,,,,,,,,,,,,,,,,,,,,,,,,,,,,,,,,,,,,,,,,,,,,,,,,,,,,,,,,,,,,,,,
true_pair,13,101,0.1,validation,screening,de196831a39f8dbc8a0b7dec33d3c52e4605f5ca723140ff77c0fa6f72f77a23,eba541e086da6ecd98c3a80e231c0545343a71f3469d30a5a9cbcf10166b6dc7,0408158bfbf5a1ca3328d04ddad80f5c3e933f8182d3f4e6e18871b17bfb46e2,bb43d0ad549b7e57213aab7dca185a96972dab5a6e0ad093afcd5ecde5eef177,/workspace/pair-aware/results_v3/bf16/validation_only/true_pair/lambda_0p1/split_13/model_seed_101,True,v3,validation,1,validation,f1_macro,>,closest_to_zero_then_lower,15,positive_class_equal_width,true_pair,neuralmind/bert-large-portuguese-cased,aa302f6ea73b759f7df9cad58bd272127b67ec28,bf16,256,6,2e-05,8,0.01,0.1,linear,1.0,2,f1_macro,32.0,10000,0,1,0,1,4.0,0.1,False,,,,148.7160995339509,6.43624210357666,6.74609375,3,0.7894088669950738,5,2495,0.1,2994,0,299,0.18397565963492513,15,positive_class_equal_width,0.16887940647410696,0.7493442701737115,0.4807451056407953,0.5,0.4824561403508772,0.7894736842105263,0.7894088669950738,0.7898305084745763,0.7894736842105263,570.0,0.7931034482758621,0.7796610169491526,0.8070175438596491,285.0,0.7857142857142857,0.8,0.7719298245614035,285.0,0.789408866995074,0.7898305084745764,0.7894736842105263,570.0,0.7982456140350878,0.7982300884955753,0.7983374384236454,0.7982456140350878,570.0,0.7964601769911505,0.8035714285714286,0.7894736842105263,285.0,0.8,0.7931034482758621,0.8070175438596491,285.0,0.7982300884955752,0.7983374384236452,0.7982456140350878,570.0,0.7894736842105263,0.7894088669950738,0.7931034482758621,0.7857142857142857,0.789408866995074,65,55,0.7898305084745763,0.7796610169491526,0.8,0.7898305084745764,0.7894736842105263,0.8070175438596491,0.7719298245614035,0.7894736842105263,230,220,0.7982456140350878,0.7982300884955753,0.7964601769911505,0.8,0.7982300884955752,55,60,0.7983374384236454,0.8035714285714286,0.7931034482758621,0.7983374384236452,0.5087719298245614,0.7982456140350878,0.7894736842105263,0.8070175438596491,0.7982456140350878,225,230,11.65625,5.510491193804825,7.046875,-9.03125,285,0.5929824561403508,0.8736842105263158,2,4.430254634915225,11.65625,5.510491193804825,7.046875,-9.03125,285,0.6105263157894737,0.8736842105263158,2,4.430254634915225,382,>,0.7894088669950738,validation,f1_macro,0.23265865269272776,-1.193359375,closest_to_zero_then_lower,0.7982300884955753,,,,,,,,,,,,,,,,,,,,,,,,,,,,,,,,,,,,,,,,,,,,,,,,,,,,,,,,,,,,,,,,,,,,,,,,,,,,,,,,,,,,,,,,,,,,,,,,
true_pair,21,13,0.1,validation,screening,544828e08a2c3b84c3297803e7d1fb468c12de0afed979758a46c21462dbae9c,eba541e086da6ecd98c3a80e231c0545343a71f3469d30a5a9cbcf10166b6dc7,ca3ef356e825e341ddf0a4066037de4a278a1671b324c5e6048a65ae99638be7,bb43d0ad549b7e57213aab7dca185a96972dab5a6e0ad093afcd5ecde5eef177,/workspace/pair-aware/results_v3/bf16/validation_only/true_pair/lambda_0p1/split_21/model_seed_13,True,v3,validation,1,validation,f1_macro,>,closest_to_zero_then_lower,15,positive_class_equal_width,true_pair,neuralmind/bert-large-portuguese-cased,aa302f6ea73b759f7df9cad58bd272127b67ec28,bf16,256,6,2e-05,8,0.01,0.1,linear,1.0,2,f1_macro,32.0,10000,0,1,0,1,4.0,0.1,False,,,,149.0111174720805,6.43624210357666,6.74609375,3,0.7752498517499713,5,2495,0.1,2994,0,299,0.19559942833426158,15,positive_class_equal_width,0.176642145923993,0.8152270921087351,0.3978523966862759,0.5,0.4070175438596491,0.7771929824561403,0.7752498517499713,0.7871225260150989,0.7771929824561403,570.0,0.7961476725521669,0.7337278106508875,0.8701754385964913,285.0,0.7543520309477756,0.8405172413793104,0.6842105263157895,285.0,0.7752498517499713,0.787122526015099,0.7771929824561403,570.0,0.7894736842105263,0.788888888888889,0.7927170868347339,0.7894736842105263,570.0,0.8,0.7619047619047619,0.8421052631578947,285.0,0.7777777777777778,0.8235294117647058,0.7368421052631579,285.0,0.7888888888888889,0.7927170868347339,0.7894736842105263,570.0,0.7771929824561403,0.7752498517499713,0.7961476725521669,0.7543520309477756,0.7752498517499713,90,37,0.7871225260150989,0.7337278106508875,0.8405172413793104,0.787122526015099,0.7771929824561403,0.8701754385964913,0.6842105263157895,0.7771929824561403,248,195,0.7894736842105263,0.788888888888889,0.8,0.7777777777777778,0.7888888888888889,75,45,0.7927170868347339,0.7619047619047619,0.8235294117647058,0.7927170868347339,0.4473684210526316,0.7894736842105263,0.8421052631578947,0.7368421052631579,0.7894736842105263,240,210,12.15625,4.978721645422149,5.553955078125,-7.69140625,285,0.5684210526315789,0.8456140350877193,0,4.309507624517736,12.15625,4.978721645422149,5.553955078125,-7.69140625,285,0.5894736842105263,0.8456140350877193,0,4.309507624517736,420,>,0.7752498517499713,validation,f1_macro,0.20212802394796647,-1.373046875,closest_to_zero_then_lower,0.788888888888889,,,,,,,,,,,,,,,,,,,,,,,,,,,,,,,,,,,,,,,,,,,,,,,,,,,,,,,,,,,,,,,,,,,,,,,,,,,,,,,,,,,,,,,,,,,,,,,,
true_pair,21,40,0.1,validation,screening,bfcaaadd9567d02e8133a3fd7142bf3af823fcc0b3043c882c9364bbe05bbf05,eba541e086da6ecd98c3a80e231c0545343a71f3469d30a5a9cbcf10166b6dc7,ca3ef356e825e341ddf0a4066037de4a278a1671b324c5e6048a65ae99638be7,bb43d0ad549b7e57213aab7dca185a96972dab5a6e0ad093afcd5ecde5eef177,/workspace/pair-aware/results_v3/bf16/validation_only/true_pair/lambda_0p1/split_21/model_seed_40,True,v3,validation,1,validation,f1_macro,>,closest_to_zero_then_lower,15,positive_class_equal_width,true_pair,neuralmind/bert-large-portuguese-cased,aa302f6ea73b759f7df9cad58bd272127b67ec28,bf16,256,6,2e-05,8,0.01,0.1,linear,1.0,2,f1_macro,32.0,10000,0,1,0,1,4.0,0.1,False,,,,119.21774181700312,6.43624210357666,6.74609375,2,0.7594825594825595,4,1996,0.1,2994,0,299,0.17368688759579132,15,positive_class_equal_width,0.10114401734984708,0.5424982925380966,0.4940039838972147,0.5,0.47368421052631576,0.7596491228070176,0.7594825594825595,0.7603703703703704,0.7596491228070175,570.0,0.7658119658119659,0.7466666666666667,0.7859649122807018,285.0,0.7531531531531531,0.774074074074074,0.7333333333333333,285.0,0.7594825594825595,0.7603703703703704,0.7596491228070176,570.0,0.775438596491228,0.7754275372132822,0.7754928640914185,0.775438596491228,570.0,0.7770034843205574,0.7716262975778547,0.7824561403508772,285.0,0.773851590106007,0.7793594306049823,0.7684210526315789,285.0,0.7754275372132822,0.7754928640914185,0.775438596491228,570.0,0.7596491228070176,0.7594825594825595,0.7658119658119659,0.7531531531531531,0.7594825594825595,76,61,0.7603703703703704,0.7466666666666667,0.774074074074074,0.7603703703703704,0.7596491228070175,0.7859649122807018,0.7333333333333333,0.7596491228070176,224,209,0.775438596491228,0.7754275372132822,0.7770034843205574,0.773851590106007,0.7754275372132822,66,62,0.7754928640914185,0.7716262975778547,0.7793594306049823,0.7754928640914185,0.49298245614035086,0.775438596491228,0.7824561403508772,0.7684210526315789,0.775438596491228,223,219,7.3515625,2.621272625839501,2.2578125,-3.67724609375,285,0.5298245614035088,0.8280701754385965,0,2.4332357543472907,7.3515625,2.621272625839501,2.2578125,-3.67724609375,285,0.5578947368421052,0.8280701754385965,0,2.4332357543472907,477,>,0.7594825594825595,validation,f1_macro,0.46976350170883857,-0.12109375,closest_to_zero_then_lower,0.7754275372132822,,,,,,,,,,,,,,,,,,,,,,,,,,,,,,,,,,,,,,,,,,,,,,,,,,,,,,,,,,,,,,,,,,,,,,,,,,,,,,,,,,,,,,,,,,,,,,,,
true_pair,21,101,0.1,validation,screening,0ee3ad18384a186c6e5e72db8b0532ff43909b63a673e5cf52c3d97dcea6e5d8,eba541e086da6ecd98c3a80e231c0545343a71f3469d30a5a9cbcf10166b6dc7,ca3ef356e825e341ddf0a4066037de4a278a1671b324c5e6048a65ae99638be7,bb43d0ad549b7e57213aab7dca185a96972dab5a6e0ad093afcd5ecde5eef177,/workspace/pair-aware/results_v3/bf16/validation_only/true_pair/lambda_0p1/split_21/model_seed_101,True,v3,validation,1,validation,f1_macro,>,closest_to_zero_then_lower,15,positive_class_equal_width,true_pair,neuralmind/bert-large-portuguese-cased,aa302f6ea73b759f7df9cad58bd272127b67ec28,bf16,256,6,2e-05,8,0.01,0.1,linear,1.0,2,f1_macro,32.0,10000,0,1,0,1,4.0,0.1,False,,,,178.61182960006408,6.43624210357666,6.74609375,4,0.770684789067142,6,2994,0.1,2994,0,299,0.204864429086155,15,positive_class_equal_width,0.20394076011284087,0.9184392139279832,0.4261451105510033,0.5,0.4263157894736842,0.7719298245614035,0.770684789067142,0.7779665496281194,0.7719298245614035,570.0,0.7875816993464052,0.7370030581039755,0.8456140350877193,285.0,0.7537878787878788,0.8189300411522634,0.6982456140350877,285.0,0.770684789067142,0.7779665496281194,0.7719298245614035,570.0,0.7842105263157895,0.784060984060984,0.785,0.7842105263157895,570.0,0.7783783783783784,0.8,0.7578947368421053,285.0,0.7897435897435897,0.77,0.8105263157894737,285.0,0.784060984060984,0.785,0.7842105263157895,570.0,0.7719298245614035,0.770684789067142,0.7875816993464052,0.7537878787878788,0.770684789067142,86,44,0.7779665496281194,0.7370030581039755,0.8189300411522634,0.7779665496281194,0.7719298245614035,0.8456140350877193,0.6982456140350877,0.7719298245614035,241,199,0.7842105263157895,0.784060984060984,0.7783783783783784,0.7897435897435897,0.784060984060984,54,69,0.785,0.8,0.77,0.785,0.5263157894736842,0.7842105263157895,0.7578947368421053,0.8105263157894737,0.7842105263157895,216,231,13.453125,5.907900679738898,6.705078125,-9.1875,285,0.5649122807017544,0.8491228070175438,1,5.142298133459202,13.453125,5.907900679738898,6.705078125,-9.1875,285,0.5859649122807018,0.8491228070175438,1,5.142298133459202,391,>,0.770684789067142,validation,f1_macro,0.037326887344129464,-3.25,closest_to_zero_then_lower,0.784060984060984,,,,,,,,,,,,,,,,,,,,,,,,,,,,,,,,,,,,,,,,,,,,,,,,,,,,,,,,,,,,,,,,,,,,,,,,,,,,,,,,,,,,,,,,,,,,,,,,
true_pair,40,13,0.1,validation,screening,a0ed52dda3430dbbf0590189cb346e5324e68c47753f9811db29252431fb5400,eba541e086da6ecd98c3a80e231c0545343a71f3469d30a5a9cbcf10166b6dc7,cda10d0a5bd98b8fdfc5fa83e5af6da73433a71153c013f41c0811976cf6c4ae,bb43d0ad549b7e57213aab7dca185a96972dab5a6e0ad093afcd5ecde5eef177,/workspace/pair-aware/results_v3/bf16/validation_only/true_pair/lambda_0p1/split_40/model_seed_13,True,v3,validation,1,validation,f1_macro,>,closest_to_zero_then_lower,15,positive_class_equal_width,true_pair,neuralmind/bert-large-portuguese-cased,aa302f6ea73b759f7df9cad58bd272127b67ec28,bf16,256,6,2e-05,8,0.01,0.1,linear,1.0,2,f1_macro,32.0,10000,0,1,0,1,4.0,0.1,False,,,,177.98939157498535,6.43624210357666,6.74609375,4,0.7521548068768792,6,2994,0.1,2994,0,299,0.22639709754197698,15,positive_class_equal_width,0.21673911477478175,1.0828497980967844,0.4502497405948033,0.5,0.45614035087719296,0.7526315789473684,0.7521548068768792,0.754590570719603,0.7526315789473684,570.0,0.7630252100840336,0.7322580645161291,0.7964912280701755,285.0,0.7412844036697248,0.7769230769230769,0.7087719298245614,285.0,0.7521548068768792,0.754590570719603,0.7526315789473684,570.0,0.7614035087719299,0.7613300492610837,0.7617257318952234,0.7614035087719297,570.0,0.7655172413793103,0.752542372881356,0.7789473684210526,285.0,0.7571428571428571,0.7709090909090909,0.743859649122807,285.0,0.7613300492610837,0.7617257318952234,0.7614035087719299,570.0,0.7526315789473684,0.7521548068768792,0.7630252100840336,0.7412844036697248,0.7521548068768792,83,58,0.754590570719603,0.7322580645161291,0.7769230769230769,0.754590570719603,0.7526315789473684,0.7964912280701755,0.7087719298245614,0.7526315789473684,227,202,0.7614035087719299,0.7613300492610837,0.7655172413793103,0.7571428571428571,0.7613300492610837,73,63,0.7617257318952234,0.752542372881356,0.7709090909090909,0.7617257318952234,0.4824561403508772,0.7614035087719297,0.7789473684210526,0.743859649122807,0.7614035087719299,222,212,14.46875,5.680028440241228,6.259521484375,-11.21875,285,0.5298245614035088,0.8701754385964913,1,5.448789589762371,14.46875,5.680028440241228,6.259521484375,-11.21875,285,0.543859649122807,0.8701754385964913,1,5.448789589762371,413,>,0.7521548068768792,validation,f1_macro,0.18068421416480296,-1.51171875,closest_to_zero_then_lower,0.7613300492610837,,,,,,,,,,,,,,,,,,,,,,,,,,,,,,,,,,,,,,,,,,,,,,,,,,,,,,,,,,,,,,,,,,,,,,,,,,,,,,,,,,,,,,,,,,,,,,,,
true_pair,40,40,0.1,validation,screening,2afb325a9f59d384bc5db1ecdf9abd295b6ede00f44062a0fdf1c97fde58be88,eba541e086da6ecd98c3a80e231c0545343a71f3469d30a5a9cbcf10166b6dc7,cda10d0a5bd98b8fdfc5fa83e5af6da73433a71153c013f41c0811976cf6c4ae,bb43d0ad549b7e57213aab7dca185a96972dab5a6e0ad093afcd5ecde5eef177,/workspace/pair-aware/results_v3/bf16/validation_only/true_pair/lambda_0p1/split_40/model_seed_40,True,v3,validation,1,validation,f1_macro,>,closest_to_zero_then_lower,15,positive_class_equal_width,true_pair,neuralmind/bert-large-portuguese-cased,aa302f6ea73b759f7df9cad58bd272127b67ec28,bf16,256,6,2e-05,8,0.01,0.1,linear,1.0,2,f1_macro,32.0,10000,0,1,0,1,4.0,0.1,False,,,,119.21470067393966,6.43624210357666,6.74609375,2,0.7332150907142594,4,1996,0.1,2994,0,299,0.19491069695670893,15,positive_class_equal_width,0.10882255019011838,0.6016179711583978,0.4721021371624091,0.5,0.4789473684210526,0.7333333333333333,0.7332150907142594,0.7337477337477338,0.7333333333333334,570.0,0.738831615120275,0.7239057239057239,0.7543859649122807,285.0,0.7275985663082437,0.7435897435897436,0.712280701754386,285.0,0.7332150907142594,0.7337477337477338,0.7333333333333333,570.0,0.7421052631578947,0.741013998658552,0.7462557603686636,0.7421052631578947,570.0,0.7578253706754531,0.7142857142857143,0.8070175438596491,285.0,0.724202626641651,0.7782258064516129,0.6771929824561403,285.0,0.7410139986585521,0.7462557603686636,0.7421052631578947,570.0,0.7333333333333333,0.7332150907142594,0.738831615120275,0.7275985663082437,0.7332150907142594,82,70,0.7337477337477338,0.7239057239057239,0.7435897435897436,0.7337477337477338,0.7333333333333334,0.7543859649122807,0.712280701754386,0.7333333333333333,215,203,0.7421052631578947,0.741013998658552,0.7578253706754531,0.724202626641651,0.7410139986585521,92,55,0.7462557603686636,0.7142857142857143,0.7782258064516129,0.7462557603686636,0.43508771929824563,0.7421052631578947,0.8070175438596491,0.6771929824561403,0.7421052631578947,230,193,7.375,2.2177175555312845,1.9375,-4.984375,285,0.49122807017543857,0.8070175438596491,0,2.367915157086577,7.375,2.2177175555312845,1.9375,-4.984375,285,0.512280701754386,0.8070175438596491,0,2.367915157086577,493,>,0.7332150907142594,validation,f1_macro,0.5783328300761543,0.3159332275390625,closest_to_zero_then_lower,0.741013998658552,,,,,,,,,,,,,,,,,,,,,,,,,,,,,,,,,,,,,,,,,,,,,,,,,,,,,,,,,,,,,,,,,,,,,,,,,,,,,,,,,,,,,,,,,,,,,,,,
true_pair,40,101,0.1,validation,screening,f3a36f469ed6d52fa41f0b7167b9f8bbe9709a5c38a569ad112c741ecc731f45,eba541e086da6ecd98c3a80e231c0545343a71f3469d30a5a9cbcf10166b6dc7,cda10d0a5bd98b8fdfc5fa83e5af6da73433a71153c013f41c0811976cf6c4ae,bb43d0ad549b7e57213aab7dca185a96972dab5a6e0ad093afcd5ecde5eef177,/workspace/pair-aware/results_v3/bf16/validation_only/true_pair/lambda_0p1/split_40/model_seed_101,True,v3,validation,1,validation,f1_macro,>,closest_to_zero_then_lower,15,positive_class_equal_width,true_pair,neuralmind/bert-large-portuguese-cased,aa302f6ea73b759f7df9cad58bd272127b67ec28,bf16,256,6,2e-05,8,0.01,0.1,linear,1.0,2,f1_macro,32.0,10000,0,1,0,1,4.0,0.1,False,,,,178.54366637498606,6.43624210357666,6.74609375,4,0.7489489489489489,6,2994,0.1,2994,0,299,0.22993682141504865,15,positive_class_equal_width,0.2189629147492985,1.1278532198076783,0.47260153639726626,0.5,0.47368421052631576,0.7491228070175439,0.7489489489489489,0.7498148148148148,0.7491228070175439,570.0,0.7555555555555555,0.7366666666666667,0.775438596491228,285.0,0.7423423423423423,0.762962962962963,0.7228070175438597,285.0,0.7489489489489489,0.7498148148148148,0.7491228070175439,570.0,0.7508771929824561,0.7506807456783431,0.7516703923723894,0.7508771929824561,570.0,0.7436823104693141,0.7657992565055762,0.7228070175438597,285.0,0.757679180887372,0.7375415282392026,0.7789473684210526,285.0,0.7506807456783431,0.7516703923723895,0.7508771929824561,570.0,0.7491228070175439,0.7489489489489489,0.7555555555555555,0.7423423423423423,0.7489489489489489,79,64,0.7498148148148148,0.7366666666666667,0.762962962962963,0.7498148148148148,0.7491228070175439,0.775438596491228,0.7228070175438597,0.7491228070175439,221,206,0.7508771929824561,0.7506807456783431,0.7436823104693141,0.757679180887372,0.7506807456783431,63,79,0.7516703923723894,0.7657992565055762,0.7375415282392026,0.7516703923723895,0.5280701754385965,0.7508771929824561,0.7228070175438597,0.7789473684210526,0.7508771929824561,206,222,14.046875,5.516859824197335,5.416015625,-12.484375,285,0.5263157894736842,0.8210526315789474,3,5.759274134649037,14.046875,5.516859824197335,5.416015625,-12.484375,285,0.5298245614035088,0.8210526315789474,3,5.759274134649037,409,>,0.7489489489489489,validation,f1_macro,0.1500288243424251,-1.734375,closest_to_zero_then_lower,0.7506807456783431,,,,,,,,,,,,,,,,,,,,,,,,,,,,,,,,,,,,,,,,,,,,,,,,,,,,,,,,,,,,,,,,,,,,,,,,,,,,,,,,,,,,,,,,,,,,,,,,
true_pair,42,13,0.1,validation,screening,2e451c180827bff9219a88144e559946cb9b257b10377a1ca22ec30572bf5c69,eba541e086da6ecd98c3a80e231c0545343a71f3469d30a5a9cbcf10166b6dc7,ed69610d3f2362af391c11ab822fd3b66457fb8c748ace929b9726ba17378ec5,bb43d0ad549b7e57213aab7dca185a96972dab5a6e0ad093afcd5ecde5eef177,/workspace/pair-aware/results_v3/bf16/validation_only/true_pair/lambda_0p1/split_42/model_seed_13,True,v3,validation,1,validation,f1_macro,>,closest_to_zero_then_lower,15,positive_class_equal_width,true_pair,neuralmind/bert-large-portuguese-cased,aa302f6ea73b759f7df9cad58bd272127b67ec28,bf16,256,6,2e-05,8,0.01,0.1,linear,1.0,2,f1_macro,32.0,10000,0,1,0,1,4.0,0.1,False,,,,148.6733634560369,6.43624210357666,6.74609375,3,0.7771593746055884,5,2495,0.1,2994,0,299,0.19780609469033072,15,positive_class_equal_width,0.1859078215036314,0.8706085129568388,0.4861690552969451,0.5,0.48771929824561405,0.7771929824561403,0.7771593746055884,0.7773603035379915,0.7771929824561403,570.0,0.779896013864818,0.7705479452054794,0.7894736842105263,285.0,0.7744227353463587,0.7841726618705036,0.7649122807017544,285.0,0.7771593746055884,0.7773603035379916,0.7771929824561403,570.0,0.7824561403508772,0.7824534620309268,0.7824700508489184,0.7824561403508772,570.0,0.7832167832167832,0.7804878048780488,0.7859649122807018,285.0,0.7816901408450704,0.784452296819788,0.7789473684210526,285.0,0.7824534620309269,0.7824700508489184,0.7824561403508772,570.0,0.7771929824561403,0.7771593746055884,0.779896013864818,0.7744227353463587,0.7771593746055884,67,60,0.7773603035379915,0.7705479452054794,0.7841726618705036,0.7773603035379916,0.7771929824561403,0.7894736842105263,0.7649122807017544,0.7771929824561403,225,218,0.7824561403508772,0.7824534620309268,0.7832167832167832,0.7816901408450704,0.7824534620309269,63,61,0.7824700508489184,0.7804878048780488,0.784452296819788,0.7824700508489184,0.4964912280701754,0.7824561403508772,0.7859649122807018,0.7789473684210526,0.7824561403508772,224,222,13.484375,5.836345926920573,6.357421875,-10.046875,285,0.5789473684210527,0.8701754385964913,0,5.032956665324645,13.484375,5.836345926920573,6.357421875,-10.046875,285,0.5894736842105263,0.8701754385964913,0,5.032956665324645,407,>,0.7771593746055884,validation,f1_macro,0.37079480746623256,-0.52880859375,closest_to_zero_then_lower,0.7824534620309268,,,,,,,,,,,,,,,,,,,,,,,,,,,,,,,,,,,,,,,,,,,,,,,,,,,,,,,,,,,,,,,,,,,,,,,,,,,,,,,,,,,,,,,,,,,,,,,,
true_pair,42,40,0.1,validation,screening,ee67d7c7dad54457bb029eb5365bf91d9bccc8d35bf9db6d001ead16b561b6b1,eba541e086da6ecd98c3a80e231c0545343a71f3469d30a5a9cbcf10166b6dc7,ed69610d3f2362af391c11ab822fd3b66457fb8c748ace929b9726ba17378ec5,bb43d0ad549b7e57213aab7dca185a96972dab5a6e0ad093afcd5ecde5eef177,/workspace/pair-aware/results_v3/bf16/validation_only/true_pair/lambda_0p1/split_42/model_seed_40,True,v3,validation,1,validation,f1_macro,>,closest_to_zero_then_lower,15,positive_class_equal_width,true_pair,neuralmind/bert-large-portuguese-cased,aa302f6ea73b759f7df9cad58bd272127b67ec28,bf16,256,6,2e-05,8,0.01,0.1,linear,1.0,2,f1_macro,32.0,10000,0,1,0,1,4.0,0.1,False,,,,179.8869913109811,6.43624210357666,6.74609375,6,0.7747285998345046,6,2994,0.1,2994,0,299,0.21736626008467846,15,positive_class_equal_width,0.21815034545027984,1.496111187110705,0.4428012774291604,0.5,0.443859649122807,0.775438596491228,0.7747285998345046,0.7789553746212641,0.775438596491228,570.0,0.7873754152823921,0.7476340694006309,0.8315789473684211,285.0,0.7620817843866171,0.8102766798418972,0.7192982456140351,285.0,0.7747285998345046,0.7789553746212641,0.775438596491228,570.0,0.7807017543859649,0.7806200524048661,0.7811205365949891,0.7807017543859649,570.0,0.7848537005163512,0.7702702702702703,0.8,285.0,0.776386404293381,0.791970802919708,0.7614035087719299,285.0,0.7806200524048661,0.7811205365949891,0.7807017543859649,570.0,0.775438596491228,0.7747285998345046,0.7873754152823921,0.7620817843866171,0.7747285998345046,80,48,0.7789553746212641,0.7476340694006309,0.8102766798418972,0.7789553746212641,0.775438596491228,0.8315789473684211,0.7192982456140351,0.775438596491228,237,205,0.7807017543859649,0.7806200524048661,0.7848537005163512,0.776386404293381,0.7806200524048661,68,57,0.7811205365949891,0.7702702702702703,0.791970802919708,0.7811205365949891,0.4807017543859649,0.7807017543859649,0.8,0.7614035087719299,0.7807017543859649,228,217,18.4375,8.78856565241228,11.734375,-16.546875,285,0.5789473684210527,0.856140350877193,2,8.01066618649027,18.4375,8.78856565241228,11.734375,-16.546875,285,0.5824561403508772,0.856140350877193,2,8.01066618649027,307,>,0.7747285998345046,validation,f1_macro,0.020177318322869998,-3.8828125,closest_to_zero_then_lower,0.7806200524048661,,,,,,,,,,,,,,,,,,,,,,,,,,,,,,,,,,,,,,,,,,,,,,,,,,,,,,,,,,,,,,,,,,,,,,,,,,,,,,,,,,,,,,,,,,,,,,,,
true_pair,42,101,0.1,validation,screening,53180ee70ee1e8956422a6c588fb20e02e0fa0ce8ce782a7020bc959d5d02c07,eba541e086da6ecd98c3a80e231c0545343a71f3469d30a5a9cbcf10166b6dc7,ed69610d3f2362af391c11ab822fd3b66457fb8c748ace929b9726ba17378ec5,bb43d0ad549b7e57213aab7dca185a96972dab5a6e0ad093afcd5ecde5eef177,/workspace/pair-aware/results_v3/bf16/validation_only/true_pair/lambda_0p1/split_42/model_seed_101,True,v3,validation,1,validation,f1_macro,>,closest_to_zero_then_lower,15,positive_class_equal_width,true_pair,neuralmind/bert-large-portuguese-cased,aa302f6ea73b759f7df9cad58bd272127b67ec28,bf16,256,6,2e-05,8,0.01,0.1,linear,1.0,2,f1_macro,32.0,10000,0,1,0,1,4.0,0.1,False,,,,178.6416165799601,6.43624210357666,6.74609375,4,0.7734827223969614,6,2994,0.1,2994,0,299,0.20702709180655315,15,positive_class_equal_width,0.20063362966921283,0.9620370310008491,0.47718475805440563,0.5,0.47017543859649125,0.7736842105263158,0.7734827223969614,0.7746614609073836,0.7736842105263158,570.0,0.7802385008517888,0.7582781456953642,0.8035087719298246,285.0,0.7667269439421338,0.7910447761194029,0.743859649122807,285.0,0.7734827223969613,0.7746614609073835,0.7736842105263158,570.0,0.7771929824561403,0.7770770268314389,0.777770923805764,0.7771929824561403,570.0,0.7821612349914236,0.7651006711409396,0.8,285.0,0.7719928186714542,0.7904411764705882,0.7543859649122807,285.0,0.777077026831439,0.7777709238057638,0.7771929824561403,570.0,0.7736842105263158,0.7734827223969614,0.7802385008517888,0.7667269439421338,0.7734827223969613,73,56,0.7746614609073836,0.7582781456953642,0.7910447761194029,0.7746614609073835,0.7736842105263158,0.8035087719298246,0.743859649122807,0.7736842105263158,229,212,0.7771929824561403,0.7770770268314389,0.7821612349914236,0.7719928186714542,0.777077026831439,70,57,0.777770923805764,0.7651006711409396,0.7904411764705882,0.7777709238057638,0.47719298245614034,0.7771929824561403,0.8,0.7543859649122807,0.7771929824561403,228,215,13.359375,6.123105554413377,7.3046875,-11.3125,285,0.5684210526315789,0.8736842105263158,0,5.405973388333229,13.359375,6.123105554413377,7.3046875,-11.3125,285,0.5789473684210527,0.8736842105263158,0,5.405973388333229,373,>,0.7734827223969614,validation,f1_macro,0.41682631597332465,-0.3358154296875,closest_to_zero_then_lower,0.7770770268314389,,,,,,,,,,,,,,,,,,,,,,,,,,,,,,,,,,,,,,,,,,,,,,,,,,,,,,,,,,,,,,,,,,,,,,,,,,,,,,,,,,,,,,,,,,,,,,,,
true_pair,73,13,0.1,validation,screening,62e0ccef7387fdf2221e1006ce2266cdb82bfaa06eeee2417b1f2a7828d4758f,eba541e086da6ecd98c3a80e231c0545343a71f3469d30a5a9cbcf10166b6dc7,13da7362da5a91f87c78ef27ecce6939441c8b6b383319781bcd155a34ade1e4,bb43d0ad549b7e57213aab7dca185a96972dab5a6e0ad093afcd5ecde5eef177,/workspace/pair-aware/results_v3/bf16/validation_only/true_pair/lambda_0p1/split_73/model_seed_13,True,v3,validation,1,validation,f1_macro,>,closest_to_zero_then_lower,15,positive_class_equal_width,true_pair,neuralmind/bert-large-portuguese-cased,aa302f6ea73b759f7df9cad58bd272127b67ec28,bf16,256,6,2e-05,8,0.01,0.1,linear,1.0,2,f1_macro,32.0,10000,0,1,0,1,4.0,0.1,False,,,,179.24956040096004,6.43624210357666,6.74609375,5,0.7757955865272939,6,2994,0.1,2994,0,299,0.2132617891967996,15,positive_class_equal_width,0.21413169308415228,1.2575583760491187,0.415277476309841,0.5,0.42105263157894735,0.7771929824561403,0.7757955865272939,0.784280303030303,0.7771929824561403,570.0,0.7934959349593496,0.7393939393939394,0.856140350877193,285.0,0.758095238095238,0.8291666666666667,0.6982456140350877,285.0,0.7757955865272937,0.784280303030303,0.7771929824561403,570.0,0.7894736842105263,0.7894088669950738,0.7898305084745763,0.7894736842105263,570.0,0.7931034482758621,0.7796610169491526,0.8070175438596491,285.0,0.7857142857142857,0.8,0.7719298245614035,285.0,0.789408866995074,0.7898305084745764,0.7894736842105263,570.0,0.7771929824561403,0.7757955865272939,0.7934959349593496,0.758095238095238,0.7757955865272937,86,41,0.784280303030303,0.7393939393939394,0.8291666666666667,0.784280303030303,0.7771929824561403,0.856140350877193,0.6982456140350877,0.7771929824561403,244,199,0.7894736842105263,0.7894088669950738,0.7931034482758621,0.7857142857142857,0.789408866995074,65,55,0.7898305084745763,0.7796610169491526,0.8,0.7898305084745764,0.4824561403508772,0.7894736842105263,0.8070175438596491,0.7719298245614035,0.7894736842105263,230,220,16.09375,7.5821271929824565,9.875,-12.671875,285,0.5719298245614035,0.8526315789473684,1,6.6656144107914574,16.09375,7.5821271929824565,9.875,-12.671875,285,0.6,0.8526315789473684,1,6.6656144107914574,349,>,0.7757955865272939,validation,f1_macro,0.017442484736205348,-4.03125,closest_to_zero_then_lower,0.7894088669950738,,,,,,,,,,,,,,,,,,,,,,,,,,,,,,,,,,,,,,,,,,,,,,,,,,,,,,,,,,,,,,,,,,,,,,,,,,,,,,,,,,,,,,,,,,,,,,,,
true_pair,73,40,0.1,validation,screening,0f02fa0e11f248e5428a25b7d69091399cf989b5aa110ddd249ee1d53bb487dc,eba541e086da6ecd98c3a80e231c0545343a71f3469d30a5a9cbcf10166b6dc7,13da7362da5a91f87c78ef27ecce6939441c8b6b383319781bcd155a34ade1e4,bb43d0ad549b7e57213aab7dca185a96972dab5a6e0ad093afcd5ecde5eef177,/workspace/pair-aware/results_v3/bf16/validation_only/true_pair/lambda_0p1/split_73/model_seed_40,True,v3,validation,1,validation,f1_macro,>,closest_to_zero_then_lower,15,positive_class_equal_width,true_pair,neuralmind/bert-large-portuguese-cased,aa302f6ea73b759f7df9cad58bd272127b67ec28,bf16,256,6,2e-05,8,0.01,0.1,linear,1.0,2,f1_macro,32.0,10000,0,1,0,1,4.0,0.1,False,,,,178.48936088196933,6.43624210357666,6.74609375,4,0.7749703908409,6,2994,0.1,2994,0,299,0.2036557414360331,15,positive_class_equal_width,0.19253460928026547,1.0285965917891209,0.4465672184908446,0.5,0.4543859649122807,0.775438596491228,0.7749703908409,0.777750189325752,0.775438596491228,570.0,0.785234899328859,0.752411575562701,0.8210526315789474,285.0,0.7647058823529411,0.803088803088803,0.7298245614035088,285.0,0.7749703908409,0.777750189325752,0.775438596491228,570.0,0.7842105263157895,0.7841301315663882,0.7846345433024265,0.7842105263157895,570.0,0.7799642218246869,0.7956204379562044,0.7649122807017544,285.0,0.7882960413080895,0.7736486486486487,0.8035087719298246,285.0,0.7841301315663882,0.7846345433024265,0.7842105263157895,570.0,0.775438596491228,0.7749703908409,0.785234899328859,0.7647058823529411,0.7749703908409,77,51,0.777750189325752,0.752411575562701,0.803088803088803,0.777750189325752,0.775438596491228,0.8210526315789474,0.7298245614035088,0.775438596491228,234,208,0.7842105263157895,0.7841301315663882,0.7799642218246869,0.7882960413080895,0.7841301315663882,56,67,0.7846345433024265,0.7956204379562044,0.7736486486486487,0.7846345433024265,0.519298245614035,0.7842105263157895,0.7649122807017544,0.8035087719298246,0.7842105263157895,218,229,14.484375,6.612425044544956,7.603515625,-11.609375,285,0.5719298245614035,0.8280701754385965,1,5.830858978692502,14.484375,6.612425044544956,7.603515625,-11.609375,285,0.5894736842105263,0.8280701754385965,1,5.830858978692502,381,>,0.7749703908409,validation,f1_macro,0.02498779459090032,-3.6640625,closest_to_zero_then_lower,0.7841301315663882,,,,,,,,,,,,,,,,,,,,,,,,,,,,,,,,,,,,,,,,,,,,,,,,,,,,,,,,,,,,,,,,,,,,,,,,,,,,,,,,,,,,,,,,,,,,,,,,
true_pair,73,101,0.1,validation,screening,51786c86ba7216a4101a51c75b69761e07920e36db3df9c4102bfb11d0199b40,eba541e086da6ecd98c3a80e231c0545343a71f3469d30a5a9cbcf10166b6dc7,13da7362da5a91f87c78ef27ecce6939441c8b6b383319781bcd155a34ade1e4,bb43d0ad549b7e57213aab7dca185a96972dab5a6e0ad093afcd5ecde5eef177,/workspace/pair-aware/results_v3/bf16/validation_only/true_pair/lambda_0p1/split_73/model_seed_101,True,v3,validation,1,validation,f1_macro,>,closest_to_zero_then_lower,15,positive_class_equal_width,true_pair,neuralmind/bert-large-portuguese-cased,aa302f6ea73b759f7df9cad58bd272127b67ec28,bf16,256,6,2e-05,8,0.01,0.1,linear,1.0,2,f1_macro,32.0,10000,0,1,0,1,4.0,0.1,False,,,,181.73732998897322,6.43624210357666,6.74609375,6,0.7873731005546118,6,2994,0.1,2994,0,299,0.20249124410479483,15,positive_class_equal_width,0.20073619497720746,1.2589862193344086,0.457613128502931,0.5,0.45964912280701753,0.787719298245614,0.7873731005546118,0.7896054327352038,0.787719298245614,570.0,0.7959527824620574,0.7662337662337663,0.8280701754385965,285.0,0.7787934186471663,0.8129770992366412,0.7473684210526316,285.0,0.7873731005546118,0.7896054327352038,0.787719298245614,570.0,0.7929824561403509,0.7925508290564548,0.7954412841872649,0.7929824561403509,570.0,0.802013422818792,0.7684887459807074,0.8385964912280702,285.0,0.7830882352941176,0.8223938223938224,0.7473684210526316,285.0,0.7925508290564548,0.7954412841872649,0.7929824561403509,570.0,0.787719298245614,0.7873731005546118,0.7959527824620574,0.7787934186471663,0.7873731005546118,72,49,0.7896054327352038,0.7662337662337663,0.8129770992366412,0.7896054327352038,0.787719298245614,0.8280701754385965,0.7473684210526316,0.787719298245614,236,213,0.7929824561403509,0.7925508290564548,0.802013422818792,0.7830882352941176,0.7925508290564548,72,46,0.7954412841872649,0.7684887459807074,0.8223938223938224,0.7954412841872649,0.4543859649122807,0.7929824561403509,0.8385964912280702,0.7473684210526316,0.7929824561403509,239,213,16.140625,8.123891837136787,11.6640625,-14.6875,285,0.5929824561403508,0.8491228070175438,1,7.0886619675640254,16.140625,8.123891837136787,11.6640625,-14.6875,285,0.6,0.8491228070175438,1,7.0886619675640254,340,>,0.7873731005546118,validation,f1_macro,0.6106856702424797,0.4501953125,closest_to_zero_then_lower,0.7925508290564548,,,,,,,,,,,,,,,,,,,,,,,,,,,,,,,,,,,,,,,,,,,,,,,,,,,,,,,,,,,,,,,,,,,,,,,,,,,,,,,,,,,,,,,,,,,,,,,,
true_pair,101,13,0.1,validation,screening,90066c8b70b90053f1ebd614c49041274e844e7f01edebd553566e094c1f56e7,eba541e086da6ecd98c3a80e231c0545343a71f3469d30a5a9cbcf10166b6dc7,8fa1106caddcf6eb0c1bec78a171b8f03f4615d846c63b3bb037293829723f0a,bb43d0ad549b7e57213aab7dca185a96972dab5a6e0ad093afcd5ecde5eef177,/workspace/pair-aware/results_v3/bf16/validation_only/true_pair/lambda_0p1/split_101/model_seed_13,True,v3,validation,1,validation,f1_macro,>,closest_to_zero_then_lower,15,positive_class_equal_width,true_pair,neuralmind/bert-large-portuguese-cased,aa302f6ea73b759f7df9cad58bd272127b67ec28,bf16,256,6,2e-05,8,0.01,0.1,linear,1.0,2,f1_macro,32.0,10000,0,1,0,1,4.0,0.1,False,,,,178.8576592389727,6.43624210357666,6.74609375,6,0.7474054126083467,6,2994,0.1,2994,0,299,0.23678962303678242,15,positive_class_equal_width,0.2378317208975329,1.4461868782356337,0.42355389025429696,0.5,0.41754385964912283,0.7491228070175439,0.7474054126083467,0.7560873747089197,0.7491228070175439,570.0,0.7682333873581848,0.713855421686747,0.8315789473684211,285.0,0.7265774378585086,0.7983193277310925,0.6666666666666666,285.0,0.7474054126083467,0.7560873747089197,0.7491228070175439,570.0,0.7771929824561403,0.7765320013953244,0.780511811023622,0.7771929824561403,570.0,0.764378478664193,0.8110236220472441,0.7228070175438597,285.0,0.7886855241264559,0.75,0.8315789473684211,285.0,0.7765320013953244,0.780511811023622,0.7771929824561403,570.0,0.7491228070175439,0.7474054126083467,0.7682333873581848,0.7265774378585086,0.7474054126083467,95,48,0.7560873747089197,0.713855421686747,0.7983193277310925,0.7560873747089197,0.7491228070175439,0.8315789473684211,0.6666666666666666,0.7491228070175439,237,190,0.7771929824561403,0.7765320013953244,0.764378478664193,0.7886855241264559,0.7765320013953244,48,79,0.780511811023622,0.8110236220472441,0.75,0.780511811023622,0.5543859649122806,0.7771929824561403,0.7228070175438597,0.8315789473684211,0.7771929824561403,206,237,17.46875,7.8075822796737935,10.421875,-16.453125,285,0.5298245614035088,0.8526315789473684,0,7.841838207128734,17.46875,7.8075822796737935,10.421875,-16.453125,285,0.5824561403508772,0.8526315789473684,0,7.841838207128734,348,>,0.7474054126083467,validation,f1_macro,0.0022170130229473865,-6.109375,closest_to_zero_then_lower,0.7765320013953244,,,,,,,,,,,,,,,,,,,,,,,,,,,,,,,,,,,,,,,,,,,,,,,,,,,,,,,,,,,,,,,,,,,,,,,,,,,,,,,,,,,,,,,,,,,,,,,,
true_pair,101,40,0.1,validation,screening,fad4cb4d97fe09835e98c43a67494fa407399736375caba75af3868d1b4c5039,eba541e086da6ecd98c3a80e231c0545343a71f3469d30a5a9cbcf10166b6dc7,8fa1106caddcf6eb0c1bec78a171b8f03f4615d846c63b3bb037293829723f0a,bb43d0ad549b7e57213aab7dca185a96972dab5a6e0ad093afcd5ecde5eef177,/workspace/pair-aware/results_v3/bf16/validation_only/true_pair/lambda_0p1/split_101/model_seed_40,True,v3,validation,1,validation,f1_macro,>,closest_to_zero_then_lower,15,positive_class_equal_width,true_pair,neuralmind/bert-large-portuguese-cased,aa302f6ea73b759f7df9cad58bd272127b67ec28,bf16,256,6,2e-05,8,0.01,0.1,linear,1.0,2,f1_macro,32.0,10000,0,1,0,1,4.0,0.1,False,,,,119.2450383839896,6.43624210357666,6.74609375,2,0.752631774727523,4,1996,0.1,2994,0,299,0.1868874866429759,15,positive_class_equal_width,0.14003129649076615,0.5811030051190832,0.431234296588436,0.5,0.41578947368421054,0.7543859649122807,0.752631774727523,0.7618124453567492,0.7543859649122807,570.0,0.7734627831715211,0.7177177177177178,0.8385964912280702,285.0,0.7318007662835249,0.8059071729957806,0.6701754385964912,285.0,0.752631774727523,0.7618124453567492,0.7543859649122807,570.0,0.7824561403508772,0.7813795236622332,0.7881318681318681,0.7824561403508772,570.0,0.7660377358490567,0.8285714285714286,0.712280701754386,285.0,0.7967213114754098,0.7476923076923077,0.8526315789473684,285.0,0.7813795236622333,0.7881318681318681,0.7824561403508772,570.0,0.7543859649122807,0.752631774727523,0.7734627831715211,0.7318007662835249,0.752631774727523,94,46,0.7618124453567492,0.7177177177177178,0.8059071729957806,0.7618124453567492,0.7543859649122807,0.8385964912280702,0.6701754385964912,0.7543859649122807,239,191,0.7824561403508772,0.7813795236622332,0.7660377358490567,0.7967213114754098,0.7813795236622333,42,82,0.7881318681318681,0.8285714285714286,0.7476923076923077,0.7881318681318681,0.5701754385964912,0.7824561403508772,0.712280701754386,0.8526315789473684,0.7824561403508772,203,243,7.1484375,2.8976918003015353,2.83203125,-5.98828125,285,0.5403508771929825,0.8456140350877193,2,2.750396056780701,7.1484375,2.8976918003015353,2.83203125,-5.98828125,285,0.5824561403508772,0.8456140350877193,2,2.750396056780701,443,>,0.752631774727523,validation,f1_macro,0.14706452045904775,-1.7578125,closest_to_zero_then_lower,0.7813795236622332,,,,,,,,,,,,,,,,,,,,,,,,,,,,,,,,,,,,,,,,,,,,,,,,,,,,,,,,,,,,,,,,,,,,,,,,,,,,,,,,,,,,,,,,,,,,,,,,
true_pair,101,101,0.1,validation,screening,6ec395e7ffcde3c3f2f8703266877e5f8a35819166a5baa58d087618d4727857,eba541e086da6ecd98c3a80e231c0545343a71f3469d30a5a9cbcf10166b6dc7,8fa1106caddcf6eb0c1bec78a171b8f03f4615d846c63b3bb037293829723f0a,bb43d0ad549b7e57213aab7dca185a96972dab5a6e0ad093afcd5ecde5eef177,/workspace/pair-aware/results_v3/bf16/validation_only/true_pair/lambda_0p1/split_101/model_seed_101,True,v3,validation,1,validation,f1_macro,>,closest_to_zero_then_lower,15,positive_class_equal_width,true_pair,neuralmind/bert-large-portuguese-cased,aa302f6ea73b759f7df9cad58bd272127b67ec28,bf16,256,6,2e-05,8,0.01,0.1,linear,1.0,2,f1_macro,32.0,10000,0,1,0,1,4.0,0.1,False,,,,148.9945234459592,6.43624210357666,6.74609375,3,0.770174731224165,5,2495,0.1,2994,0,299,0.20061751739472583,15,positive_class_equal_width,0.19493382504716267,0.8481115273869774,0.5031931261680364,0.5,0.5017543859649123,0.7701754385964912,0.770174731224165,0.7701787648970748,0.7701754385964912,570.0,0.7697715289982425,0.7711267605633803,0.7684210526315789,285.0,0.7705779334500875,0.7692307692307693,0.7719298245614035,285.0,0.770174731224165,0.7701787648970748,0.7701754385964912,570.0,0.7824561403508772,0.7820025661271219,0.7848266272703572,0.7824561403508772,570.0,0.7720588235294118,0.8108108108108109,0.7368421052631579,285.0,0.7919463087248322,0.7588424437299035,0.8280701754385965,285.0,0.782002566127122,0.7848266272703572,0.7824561403508772,570.0,0.7701754385964912,0.770174731224165,0.7697715289982425,0.7705779334500875,0.770174731224165,65,66,0.7701787648970748,0.7711267605633803,0.7692307692307693,0.7701787648970748,0.7701754385964912,0.7684210526315789,0.7719298245614035,0.7701754385964912,219,220,0.7824561403508772,0.7820025661271219,0.7720588235294118,0.7919463087248322,0.782002566127122,49,75,0.7848266272703572,0.8108108108108109,0.7588424437299035,0.7848266272703572,0.5456140350877193,0.7824561403508772,0.7368421052631579,0.8280701754385965,0.7824561403508772,210,236,12.8125,5.676240723593193,7.453125,-11.09375,285,0.5824561403508772,0.8666666666666667,0,5.185209988888579,12.8125,5.676240723593193,7.453125,-11.09375,285,0.5894736842105263,0.8666666666666667,0,5.185209988888579,401,>,0.770174731224165,validation,f1_macro,0.17300858092675434,-1.564453125,closest_to_zero_then_lower,0.7820025661271219,,,,,,,,,,,,,,,,,,,,,,,,,,,,,,,,,,,,,,,,,,,,,,,,,,,,,,,,,,,,,,,,,,,,,,,,,,,,,,,,,,,,,,,,,,,,,,,,
true_pair,13,13,0.25,validation,screening,778b8367563e67d9c74d7f765478178740dd55e344545c9dc27903f657806844,81aff78fbb6a6de616043ad16eb1d42bff58154ccdf6bde5d93175158eb8df8d,0408158bfbf5a1ca3328d04ddad80f5c3e933f8182d3f4e6e18871b17bfb46e2,bb43d0ad549b7e57213aab7dca185a96972dab5a6e0ad093afcd5ecde5eef177,/workspace/pair-aware/results_v3/bf16/validation_only/true_pair/lambda_0p25/split_13/model_seed_13,True,v3,validation,1,validation,f1_macro,>,closest_to_zero_then_lower,15,positive_class_equal_width,true_pair,neuralmind/bert-large-portuguese-cased,aa302f6ea73b759f7df9cad58bd272127b67ec28,bf16,256,6,2e-05,8,0.01,0.1,linear,1.0,2,f1_macro,32.0,10000,0,1,0,1,4.0,0.25,False,,,,179.35404470202047,6.43624210357666,6.74609375,5,0.7971963281861525,6,2994,0.25,2994,0,299,0.1894385882652241,15,positive_class_equal_width,0.19224667974926155,1.1543248591189317,0.4295058324663477,0.5,0.4280701754385965,0.7982456140350878,0.7971963281861525,0.8045484260283617,0.7982456140350878,570.0,0.8117839607201309,0.7607361963190185,0.8701754385964913,285.0,0.782608695652174,0.8483606557377049,0.7263157894736842,285.0,0.7971963281861525,0.8045484260283617,0.7982456140350878,570.0,0.8263157894736842,0.826315254894598,0.8263198069536097,0.8263157894736842,570.0,0.8266199649737302,0.8251748251748252,0.8280701754385965,285.0,0.8260105448154658,0.8274647887323944,0.8245614035087719,285.0,0.826315254894598,0.8263198069536098,0.8263157894736842,570.0,0.7982456140350878,0.7971963281861525,0.8117839607201309,0.782608695652174,0.7971963281861525,78,37,0.8045484260283617,0.7607361963190185,0.8483606557377049,0.8045484260283617,0.7982456140350878,0.8701754385964913,0.7263157894736842,0.7982456140350878,248,207,0.8263157894736842,0.826315254894598,0.8266199649737302,0.8260105448154658,0.826315254894598,50,49,0.8263198069536097,0.8251748251748252,0.8274647887323944,0.8263198069536098,0.4982456140350877,0.8263157894736842,0.8280701754385965,0.8245614035087719,0.8263157894736842,236,235,16.734375,8.785561437774122,12.09375,-15.09375,285,0.6210526315789474,0.8701754385964913,3,7.174090617558259,16.734375,8.785561437774122,12.09375,-15.09375,285,0.6736842105263158,0.8701754385964913,3,7.174090617558259,338,>,0.7971963281861525,validation,f1_macro,0.009412589587609826,-4.65625,closest_to_zero_then_lower,0.826315254894598,,,,,,,,,,,,,,,,,,,,,,,,,,,,,,,,,,,,,,,,,,,,,,,,,,,,,,,,,,,,,,,,,,,,,,,,,,,,,,,,,,,,,,,,,,,,,,,,
true_pair,13,40,0.25,validation,screening,c8c9167cdab80530f1b420d8b8cf0a1c8e682e792b5cc64ffb2e9754d39b010e,81aff78fbb6a6de616043ad16eb1d42bff58154ccdf6bde5d93175158eb8df8d,0408158bfbf5a1ca3328d04ddad80f5c3e933f8182d3f4e6e18871b17bfb46e2,bb43d0ad549b7e57213aab7dca185a96972dab5a6e0ad093afcd5ecde5eef177,/workspace/pair-aware/results_v3/bf16/validation_only/true_pair/lambda_0p25/split_13/model_seed_40,True,v3,validation,1,validation,f1_macro,>,closest_to_zero_then_lower,15,positive_class_equal_width,true_pair,neuralmind/bert-large-portuguese-cased,aa302f6ea73b759f7df9cad58bd272127b67ec28,bf16,256,6,2e-05,8,0.01,0.1,linear,1.0,2,f1_macro,32.0,10000,0,1,0,1,4.0,0.25,False,,,,180.08675887994468,6.43624210357666,6.74609375,6,0.7940465271408321,6,2994,0.25,2994,0,299,0.19651976276360142,15,positive_class_equal_width,0.1978064878699098,1.2341246025705626,0.4439458155362084,0.5,0.4421052631578947,0.7947368421052632,0.7940465271408321,0.7987421383647799,0.7947368421052632,570.0,0.8059701492537313,0.7641509433962265,0.8526315789473684,285.0,0.7821229050279329,0.8333333333333334,0.7368421052631579,285.0,0.7940465271408321,0.7987421383647798,0.7947368421052632,570.0,0.8122807017543859,0.8122107648585654,0.8127465969619254,0.812280701754386,570.0,0.8085867620751341,0.8248175182481752,0.7929824561403509,285.0,0.8158347676419966,0.8006756756756757,0.8315789473684211,285.0,0.8122107648585654,0.8127465969619254,0.8122807017543859,570.0,0.7947368421052632,0.7940465271408321,0.8059701492537313,0.7821229050279329,0.7940465271408321,75,42,0.7987421383647799,0.7641509433962265,0.8333333333333334,0.7987421383647798,0.7947368421052632,0.8526315789473684,0.7368421052631579,0.7947368421052632,243,210,0.8122807017543859,0.8122107648585654,0.8085867620751341,0.8158347676419966,0.8122107648585654,48,59,0.8127465969619254,0.8248175182481752,0.8006756756756757,0.8127465969619254,0.519298245614035,0.812280701754386,0.7929824561403509,0.8315789473684211,0.8122807017543859,226,237,18.375,9.4472377308628,12.90625,-14.40625,285,0.6105263157894737,0.8842105263157894,2,7.6178695105519605,18.375,9.4472377308628,12.90625,-14.40625,285,0.6421052631578947,0.8842105263157894,2,7.6178695105519605,327,>,0.7940465271408321,validation,f1_macro,0.0072327638034790495,-4.921875,closest_to_zero_then_lower,0.8122107648585654,,,,,,,,,,,,,,,,,,,,,,,,,,,,,,,,,,,,,,,,,,,,,,,,,,,,,,,,,,,,,,,,,,,,,,,,,,,,,,,,,,,,,,,,,,,,,,,,
true_pair,13,101,0.25,validation,screening,387dc136018c50b040622262cc4587f37dcd4e2ef11f9230ed6efa603be0a97a,81aff78fbb6a6de616043ad16eb1d42bff58154ccdf6bde5d93175158eb8df8d,0408158bfbf5a1ca3328d04ddad80f5c3e933f8182d3f4e6e18871b17bfb46e2,bb43d0ad549b7e57213aab7dca185a96972dab5a6e0ad093afcd5ecde5eef177,/workspace/pair-aware/results_v3/bf16/validation_only/true_pair/lambda_0p25/split_13/model_seed_101,True,v3,validation,1,validation,f1_macro,>,closest_to_zero_then_lower,15,positive_class_equal_width,true_pair,neuralmind/bert-large-portuguese-cased,aa302f6ea73b759f7df9cad58bd272127b67ec28,bf16,256,6,2e-05,8,0.01,0.1,linear,1.0,2,f1_macro,32.0,10000,0,1,0,1,4.0,0.25,False,,,,178.67673101602122,6.43624210357666,6.74609375,5,0.7946603690509546,6,2994,0.25,2994,0,299,0.1912889267279208,15,positive_class_equal_width,0.18585070365011797,1.0109022166350814,0.47831441848122924,0.5,0.4807017543859649,0.7947368421052632,0.7946603690509546,0.7951765634247385,0.7947368421052632,570.0,0.7986230636833046,0.7837837837837838,0.8140350877192982,285.0,0.7906976744186046,0.8065693430656934,0.775438596491228,285.0,0.7946603690509546,0.7951765634247386,0.7947368421052632,570.0,0.8035087719298246,0.8034869976359338,0.8036433507002181,0.8035087719298246,570.0,0.8014184397163121,0.8100358422939068,0.7929824561403509,285.0,0.8055555555555556,0.7972508591065293,0.8140350877192982,285.0,0.8034869976359338,0.803643350700218,0.8035087719298246,570.0,0.7947368421052632,0.7946603690509546,0.7986230636833046,0.7906976744186046,0.7946603690509546,64,53,0.7951765634247385,0.7837837837837838,0.8065693430656934,0.7951765634247386,0.7947368421052632,0.8140350877192982,0.775438596491228,0.7947368421052632,232,221,0.8035087719298246,0.8034869976359338,0.8014184397163121,0.8055555555555556,0.8034869976359338,53,59,0.8036433507002181,0.8100358422939068,0.7972508591065293,0.803643350700218,0.5105263157894737,0.8035087719298246,0.7929824561403509,0.8140350877192982,0.8035087719298246,226,232,13.90625,7.342311711896929,10.3515625,-13.1875,285,0.6070175438596491,0.8631578947368421,2,6.0688797748341266,13.90625,7.342311711896929,10.3515625,-13.1875,285,0.6280701754385964,0.8631578947368421,2,6.0688797748341266,332,>,0.7946603690509546,validation,f1_macro,0.08882029240011773,-2.328125,closest_to_zero_then_lower,0.8034869976359338,,,,,,,,,,,,,,,,,,,,,,,,,,,,,,,,,,,,,,,,,,,,,,,,,,,,,,,,,,,,,,,,,,,,,,,,,,,,,,,,,,,,,,,,,,,,,,,,
true_pair,21,13,0.25,validation,screening,7f067541c2507e6b2e4ba1005ba20e037a1b6bc70096004b530dc0ad6048738e,81aff78fbb6a6de616043ad16eb1d42bff58154ccdf6bde5d93175158eb8df8d,ca3ef356e825e341ddf0a4066037de4a278a1671b324c5e6048a65ae99638be7,bb43d0ad549b7e57213aab7dca185a96972dab5a6e0ad093afcd5ecde5eef177,/workspace/pair-aware/results_v3/bf16/validation_only/true_pair/lambda_0p25/split_21/model_seed_13,True,v3,validation,1,validation,f1_macro,>,closest_to_zero_then_lower,15,positive_class_equal_width,true_pair,neuralmind/bert-large-portuguese-cased,aa302f6ea73b759f7df9cad58bd272127b67ec28,bf16,256,6,2e-05,8,0.01,0.1,linear,1.0,2,f1_macro,32.0,10000,0,1,0,1,4.0,0.25,False,,,,119.32076338399202,6.43624210357666,6.74609375,2,0.7769946181737526,4,1996,0.25,2994,0,299,0.16084288893403884,15,positive_class_equal_width,0.07282003424534367,0.5009574080845008,0.47298257040301595,0.5,0.47017543859649125,0.7771929824561403,0.7769946181737526,0.7781827616882475,0.7771929824561403,570.0,0.7836456558773425,0.7615894039735099,0.8070175438596491,285.0,0.7703435804701627,0.7947761194029851,0.7473684210526316,285.0,0.7769946181737526,0.7781827616882475,0.7771929824561403,570.0,0.7912280701754386,0.7911194188420569,0.7918352743782077,0.7912280701754386,570.0,0.7863554757630161,0.8051470588235294,0.7684210526315789,285.0,0.7958833619210978,0.7785234899328859,0.8140350877192982,285.0,0.7911194188420569,0.7918352743782077,0.7912280701754386,570.0,0.7771929824561403,0.7769946181737526,0.7836456558773425,0.7703435804701627,0.7769946181737526,72,55,0.7781827616882475,0.7615894039735099,0.7947761194029851,0.7781827616882475,0.7771929824561403,0.8070175438596491,0.7473684210526316,0.7771929824561403,230,213,0.7912280701754386,0.7911194188420569,0.7863554757630161,0.7958833619210978,0.7911194188420569,53,66,0.7918352743782077,0.8051470588235294,0.7785234899328859,0.7918352743782077,0.5228070175438596,0.7912280701754386,0.7684210526315789,0.8140350877192982,0.7912280701754386,219,232,6.859375,2.728418825383772,3.18017578125,-3.740234375,285,0.5754385964912281,0.8631578947368421,0,2.275028236915503,6.859375,2.728418825383772,3.18017578125,-3.740234375,285,0.6035087719298246,0.8631578947368421,0,2.275028236915503,495,>,0.7769946181737526,validation,f1_macro,0.33263550333727926,-0.6962890625,closest_to_zero_then_lower,0.7911194188420569,,,,,,,,,,,,,,,,,,,,,,,,,,,,,,,,,,,,,,,,,,,,,,,,,,,,,,,,,,,,,,,,,,,,,,,,,,,,,,,,,,,,,,,,,,,,,,,,
true_pair,21,40,0.25,validation,screening,14573bb28b33c5e0a7444b0b59a1ac6a31d6b10cc3e3df8d53fc60d3a30fe3da,81aff78fbb6a6de616043ad16eb1d42bff58154ccdf6bde5d93175158eb8df8d,ca3ef356e825e341ddf0a4066037de4a278a1671b324c5e6048a65ae99638be7,bb43d0ad549b7e57213aab7dca185a96972dab5a6e0ad093afcd5ecde5eef177,/workspace/pair-aware/results_v3/bf16/validation_only/true_pair/lambda_0p25/split_21/model_seed_40,True,v3,validation,1,validation,f1_macro,>,closest_to_zero_then_lower,15,positive_class_equal_width,true_pair,neuralmind/bert-large-portuguese-cased,aa302f6ea73b759f7df9cad58bd272127b67ec28,bf16,256,6,2e-05,8,0.01,0.1,linear,1.0,2,f1_macro,32.0,10000,0,1,0,1,4.0,0.25,False,,,,148.9187520520063,6.43624210357666,6.74609375,3,0.7748954078169544,5,2495,0.25,2994,0,299,0.19829533723341428,15,positive_class_equal_width,0.18576061127191637,0.9043883155677884,0.45225887425415134,0.5,0.45087719298245615,0.775438596491228,0.7748954078169544,0.7781230964309245,0.775438596491228,570.0,0.7859531772575251,0.7507987220447284,0.8245614035087719,285.0,0.7638376383763837,0.8054474708171206,0.7263157894736842,285.0,0.7748954078169544,0.7781230964309246,0.775438596491228,570.0,0.7824561403508772,0.7816793515864386,0.7865341143263935,0.7824561403508772,570.0,0.7947019867549668,0.7523510971786834,0.8421052631578947,285.0,0.7686567164179104,0.8207171314741036,0.7228070175438597,285.0,0.7816793515864388,0.7865341143263935,0.7824561403508772,570.0,0.775438596491228,0.7748954078169544,0.7859531772575251,0.7638376383763837,0.7748954078169544,78,50,0.7781230964309245,0.7507987220447284,0.8054474708171206,0.7781230964309246,0.775438596491228,0.8245614035087719,0.7263157894736842,0.775438596491228,235,207,0.7824561403508772,0.7816793515864386,0.7947019867549668,0.7686567164179104,0.7816793515864388,79,45,0.7865341143263935,0.7523510971786834,0.8207171314741036,0.7865341143263935,0.44035087719298244,0.7824561403508772,0.8421052631578947,0.7228070175438597,0.7824561403508772,240,206,13.28125,5.978197171395285,6.921875,-9.765625,285,0.5754385964912281,0.8491228070175438,0,5.239836082677288,13.28125,5.978197171395285,6.921875,-9.765625,285,0.5859649122807018,0.8491228070175438,0,5.239836082677288,399,>,0.7748954078169544,validation,f1_macro,0.594315832308526,0.3818359375,closest_to_zero_then_lower,0.7816793515864386,,,,,,,,,,,,,,,,,,,,,,,,,,,,,,,,,,,,,,,,,,,,,,,,,,,,,,,,,,,,,,,,,,,,,,,,,,,,,,,,,,,,,,,,,,,,,,,,
true_pair,21,101,0.25,validation,screening,f177342cb27cbbf3bfea6d5f0e5d268d4a19f75d77f44f6465cb4bb6a1b2c525,81aff78fbb6a6de616043ad16eb1d42bff58154ccdf6bde5d93175158eb8df8d,ca3ef356e825e341ddf0a4066037de4a278a1671b324c5e6048a65ae99638be7,bb43d0ad549b7e57213aab7dca185a96972dab5a6e0ad093afcd5ecde5eef177,/workspace/pair-aware/results_v3/bf16/validation_only/true_pair/lambda_0p25/split_21/model_seed_101,True,v3,validation,1,validation,f1_macro,>,closest_to_zero_then_lower,15,positive_class_equal_width,true_pair,neuralmind/bert-large-portuguese-cased,aa302f6ea73b759f7df9cad58bd272127b67ec28,bf16,256,6,2e-05,8,0.01,0.1,linear,1.0,2,f1_macro,32.0,10000,0,1,0,1,4.0,0.25,False,,,,148.99287805892527,6.43624210357666,6.74609375,3,0.7712087342069187,5,2495,0.25,2994,0,299,0.19104422441402616,15,positive_class_equal_width,0.16353965680536217,0.7201444603135907,0.4381057076813944,0.5,0.443859649122807,0.7719298245614035,0.7712087342069187,0.7754018029700378,0.7719298245614035,570.0,0.7840531561461794,0.7444794952681388,0.8280701754385965,285.0,0.758364312267658,0.8063241106719368,0.7157894736842105,285.0,0.7712087342069187,0.7754018029700378,0.7719298245614035,570.0,0.775438596491228,0.7752144335995268,0.7765416991137316,0.775438596491228,570.0,0.782312925170068,0.759075907590759,0.8070175438596491,285.0,0.7681159420289855,0.7940074906367042,0.743859649122807,285.0,0.7752144335995268,0.7765416991137316,0.775438596491228,570.0,0.7719298245614035,0.7712087342069187,0.7840531561461794,0.758364312267658,0.7712087342069187,81,49,0.7754018029700378,0.7444794952681388,0.8063241106719368,0.7754018029700378,0.7719298245614035,0.8280701754385965,0.7157894736842105,0.7719298245614035,236,204,0.775438596491228,0.7752144335995268,0.782312925170068,0.7681159420289855,0.7752144335995268,73,55,0.7765416991137316,0.759075907590759,0.7940074906367042,0.7765416991137316,0.46842105263157896,0.775438596491228,0.8070175438596491,0.743859649122807,0.775438596491228,230,212,11.9375,4.7439171339336195,5.1904296875,-4.6796875,285,0.5649122807017544,0.8526315789473684,1,4.02308619857322,11.9375,4.7439171339336195,5.1904296875,-4.6796875,285,0.5614035087719298,0.8526315789473684,1,4.02308619857322,430,>,0.7712087342069187,validation,f1_macro,0.35220178204788966,-0.609375,closest_to_zero_then_lower,0.7752144335995268,,,,,,,,,,,,,,,,,,,,,,,,,,,,,,,,,,,,,,,,,,,,,,,,,,,,,,,,,,,,,,,,,,,,,,,,,,,,,,,,,,,,,,,,,,,,,,,,
true_pair,40,13,0.25,validation,screening,c3ceb77236a5a326058dedccf6bb2cecd56943302c65fb87fc042364d818e25c,81aff78fbb6a6de616043ad16eb1d42bff58154ccdf6bde5d93175158eb8df8d,cda10d0a5bd98b8fdfc5fa83e5af6da73433a71153c013f41c0811976cf6c4ae,bb43d0ad549b7e57213aab7dca185a96972dab5a6e0ad093afcd5ecde5eef177,/workspace/pair-aware/results_v3/bf16/validation_only/true_pair/lambda_0p25/split_40/model_seed_13,True,v3,validation,1,validation,f1_macro,>,closest_to_zero_then_lower,15,positive_class_equal_width,true_pair,neuralmind/bert-large-portuguese-cased,aa302f6ea73b759f7df9cad58bd272127b67ec28,bf16,256,6,2e-05,8,0.01,0.1,linear,1.0,2,f1_macro,32.0,10000,0,1,0,1,4.0,0.25,False,,,,148.36564078205265,6.43624210357666,6.74609375,3,0.7394237422160719,5,2495,0.25,2994,0,299,0.22178181852572698,15,positive_class_equal_width,0.19830261186005,0.8822007129415422,0.5443754089563924,0.5,0.5596491228070175,0.7403508771929824,0.7394237422160719,0.7438209544268068,0.7403508771929825,570.0,0.7238805970149254,0.7729083665338645,0.6807017543859649,285.0,0.7549668874172185,0.7147335423197492,0.8,285.0,0.739423742216072,0.7438209544268067,0.7403508771929824,570.0,0.743859649122807,0.7431481481481481,0.7465919701213819,0.7438596491228071,570.0,0.7296296296296296,0.7725490196078432,0.6912280701754386,285.0,0.7566666666666667,0.7206349206349206,0.7964912280701755,285.0,0.7431481481481481,0.7465919701213819,0.743859649122807,570.0,0.7403508771929824,0.7394237422160719,0.7238805970149254,0.7549668874172185,0.739423742216072,57,91,0.7438209544268068,0.7729083665338645,0.7147335423197492,0.7438209544268067,0.7403508771929825,0.6807017543859649,0.8,0.7403508771929824,194,228,0.743859649122807,0.7431481481481481,0.7296296296296296,0.7566666666666667,0.7431481481481481,58,88,0.7465919701213819,0.7725490196078432,0.7206349206349206,0.7465919701213819,0.5526315789473685,0.7438596491228071,0.6912280701754386,0.7964912280701755,0.743859649122807,197,227,12.140625,4.5794517115542765,4.5009765625,-7.390625,285,0.519298245614035,0.8421052631578947,1,4.599716132892819,12.140625,4.5794517115542765,4.5009765625,-7.390625,285,0.5228070175438596,0.8421052631578947,1,4.599716132892819,420,>,0.7394237422160719,validation,f1_macro,0.523968431689128,0.095947265625,closest_to_zero_then_lower,0.7431481481481481,,,,,,,,,,,,,,,,,,,,,,,,,,,,,,,,,,,,,,,,,,,,,,,,,,,,,,,,,,,,,,,,,,,,,,,,,,,,,,,,,,,,,,,,,,,,,,,,
true_pair,40,40,0.25,validation,screening,7349f1bc6898cee89b87deb5e21efda371c52c9f359bd417c4b19cc9287bc4cb,81aff78fbb6a6de616043ad16eb1d42bff58154ccdf6bde5d93175158eb8df8d,cda10d0a5bd98b8fdfc5fa83e5af6da73433a71153c013f41c0811976cf6c4ae,bb43d0ad549b7e57213aab7dca185a96972dab5a6e0ad093afcd5ecde5eef177,/workspace/pair-aware/results_v3/bf16/validation_only/true_pair/lambda_0p25/split_40/model_seed_40,True,v3,validation,1,validation,f1_macro,>,closest_to_zero_then_lower,15,positive_class_equal_width,true_pair,neuralmind/bert-large-portuguese-cased,aa302f6ea73b759f7df9cad58bd272127b67ec28,bf16,256,6,2e-05,8,0.01,0.1,linear,1.0,2,f1_macro,32.0,10000,0,1,0,1,4.0,0.25,False,,,,120.16531062906142,6.43624210357666,6.74609375,2,0.7239419935774638,4,1996,0.25,2994,0,299,0.20513370319604352,15,positive_class_equal_width,0.14131779129948902,0.6374770205142882,0.48402621910907134,0.5,0.45263157894736844,0.724561403508772,0.7239419935774638,0.7265951103160406,0.724561403508772,570.0,0.7370184254606366,0.7051282051282052,0.7719298245614035,285.0,0.7108655616942909,0.748062015503876,0.6771929824561403,285.0,0.7239419935774637,0.7265951103160406,0.724561403508772,570.0,0.7315789473684211,0.7313399730754657,0.7324058515370169,0.7315789473684211,570.0,0.7393526405451448,0.7185430463576159,0.7614035087719299,285.0,0.7233273056057866,0.746268656716418,0.7017543859649122,285.0,0.7313399730754657,0.732405851537017,0.7315789473684211,570.0,0.724561403508772,0.7239419935774638,0.7370184254606366,0.7108655616942909,0.7239419935774637,92,65,0.7265951103160406,0.7051282051282052,0.748062015503876,0.7265951103160406,0.724561403508772,0.7719298245614035,0.6771929824561403,0.724561403508772,220,193,0.7315789473684211,0.7313399730754657,0.7393526405451448,0.7233273056057866,0.7313399730754657,85,68,0.7324058515370169,0.7185430463576159,0.746268656716418,0.732405851537017,0.47017543859649125,0.7315789473684211,0.7614035087719299,0.7017543859649122,0.7315789473684211,217,200,7.859375,2.4582639861525153,2.11328125,-5.6484375,285,0.47719298245614034,0.8035087719298246,1,2.6728202324763757,7.859375,2.4582639861525153,2.11328125,-5.6484375,285,0.4842105263157895,0.8035087719298246,1,2.6728202324763757,485,>,0.7239419935774638,validation,f1_macro,0.44221491612229624,-0.232177734375,closest_to_zero_then_lower,0.7313399730754657,,,,,,,,,,,,,,,,,,,,,,,,,,,,,,,,,,,,,,,,,,,,,,,,,,,,,,,,,,,,,,,,,,,,,,,,,,,,,,,,,,,,,,,,,,,,,,,,
true_pair,40,101,0.25,validation,screening,5ae8816121c6b79fc10d865c33f2e695362175b3b470dc1706f005427a1594b9,81aff78fbb6a6de616043ad16eb1d42bff58154ccdf6bde5d93175158eb8df8d,cda10d0a5bd98b8fdfc5fa83e5af6da73433a71153c013f41c0811976cf6c4ae,bb43d0ad549b7e57213aab7dca185a96972dab5a6e0ad093afcd5ecde5eef177,/workspace/pair-aware/results_v3/bf16/validation_only/true_pair/lambda_0p25/split_40/model_seed_101,True,v3,validation,1,validation,f1_macro,>,closest_to_zero_then_lower,15,positive_class_equal_width,true_pair,neuralmind/bert-large-portuguese-cased,aa302f6ea73b759f7df9cad58bd272127b67ec28,bf16,256,6,2e-05,8,0.01,0.1,linear,1.0,2,f1_macro,32.0,10000,0,1,0,1,4.0,0.25,False,,,,180.61347515392117,6.43624210357666,6.74609375,5,0.7536094060689894,6,2994,0.25,2994,0,299,0.23480152333499016,15,positive_class_equal_width,0.23063298351458927,1.400942627852529,0.43763404022855557,0.5,0.443859649122807,0.7543859649122807,0.7536094060689894,0.7576339447139063,0.7543859649122806,570.0,0.7674418604651163,0.7287066246056783,0.8105263157894737,285.0,0.7397769516728625,0.7865612648221344,0.6982456140350877,285.0,0.7536094060689894,0.7576339447139063,0.7543859649122807,570.0,0.7614035087719299,0.7608263708055141,0.7639512189057819,0.7614035087719297,570.0,0.7725752508361204,0.7380191693290735,0.8105263157894737,285.0,0.7490774907749077,0.7898832684824902,0.712280701754386,285.0,0.7608263708055142,0.7639512189057819,0.7614035087719299,570.0,0.7543859649122807,0.7536094060689894,0.7674418604651163,0.7397769516728625,0.7536094060689894,86,54,0.7576339447139063,0.7287066246056783,0.7865612648221344,0.7576339447139063,0.7543859649122806,0.8105263157894737,0.6982456140350877,0.7543859649122807,231,199,0.7614035087719299,0.7608263708055141,0.7725752508361204,0.7490774907749077,0.7608263708055142,82,54,0.7639512189057819,0.7380191693290735,0.7898832684824902,0.7639512189057819,0.45087719298245615,0.7614035087719297,0.8105263157894737,0.712280701754386,0.7614035087719299,231,203,15.859375,6.7144425910815855,7.546875,-14.0625,285,0.5368421052631579,0.8280701754385965,2,6.809379314319129,15.859375,6.7144425910815855,7.546875,-14.0625,285,0.5508771929824562,0.8280701754385965,2,6.809379314319129,352,>,0.7536094060689894,validation,f1_macro,0.3897787829120459,-0.4482421875,closest_to_zero_then_lower,0.7608263708055141,,,,,,,,,,,,,,,,,,,,,,,,,,,,,,,,,,,,,,,,,,,,,,,,,,,,,,,,,,,,,,,,,,,,,,,,,,,,,,,,,,,,,,,,,,,,,,,,
true_pair,42,13,0.25,validation,screening,b17f3c39bf09ab1fe870bd8f73fa574e8fd0f242b92b5498c5b34b59f9ecd96e,81aff78fbb6a6de616043ad16eb1d42bff58154ccdf6bde5d93175158eb8df8d,ed69610d3f2362af391c11ab822fd3b66457fb8c748ace929b9726ba17378ec5,bb43d0ad549b7e57213aab7dca185a96972dab5a6e0ad093afcd5ecde5eef177,/workspace/pair-aware/results_v3/bf16/validation_only/true_pair/lambda_0p25/split_42/model_seed_13,True,v3,validation,1,validation,f1_macro,>,closest_to_zero_then_lower,15,positive_class_equal_width,true_pair,neuralmind/bert-large-portuguese-cased,aa302f6ea73b759f7df9cad58bd272127b67ec28,bf16,256,6,2e-05,8,0.01,0.1,linear,1.0,2,f1_macro,32.0,10000,0,1,0,1,4.0,0.25,False,,,,179.83717209403403,6.43624210357666,6.74609375,5,0.7726197433970666,6,2994,0.25,2994,0,299,0.21700979401277468,15,positive_class_equal_width,0.21708465779040365,1.337138454863569,0.43386653326801444,0.5,0.43157894736842106,0.7736842105263158,0.7726197433970666,0.778906955736224,0.7736842105263158,570.0,0.7881773399014779,0.7407407407407407,0.8421052631578947,285.0,0.7570621468926554,0.8170731707317073,0.7052631578947368,285.0,0.7726197433970666,0.778906955736224,0.7736842105263158,570.0,0.7894736842105263,0.7894710922879937,0.7894879403110033,0.7894736842105263,570.0,0.7902097902097902,0.7874564459930313,0.7929824561403509,285.0,0.7887323943661971,0.7915194346289752,0.7859649122807018,285.0,0.7894710922879937,0.7894879403110033,0.7894736842105263,570.0,0.7736842105263158,0.7726197433970666,0.7881773399014779,0.7570621468926554,0.7726197433970666,84,45,0.778906955736224,0.7407407407407407,0.8170731707317073,0.778906955736224,0.7736842105263158,0.8421052631578947,0.7052631578947368,0.7736842105263158,240,201,0.7894736842105263,0.7894710922879937,0.7902097902097902,0.7887323943661971,0.7894710922879937,61,59,0.7894879403110033,0.7874564459930313,0.7915194346289752,0.7894879403110033,0.4964912280701754,0.7894736842105263,0.7929824561403509,0.7859649122807018,0.7894736842105263,226,224,16.734375,8.287121367872807,11.01171875,-14.578125,285,0.5754385964912281,0.8736842105263158,1,7.369486323865745,16.734375,8.287121367872807,11.01171875,-14.578125,285,0.6070175438596491,0.8736842105263158,1,7.369486323865745,319,>,0.7726197433970666,validation,f1_macro,0.011687257995694433,-4.4375,closest_to_zero_then_lower,0.7894710922879937,,,,,,,,,,,,,,,,,,,,,,,,,,,,,,,,,,,,,,,,,,,,,,,,,,,,,,,,,,,,,,,,,,,,,,,,,,,,,,,,,,,,,,,,,,,,,,,,
true_pair,42,40,0.25,validation,screening,00092d45064dbc9336cb05c0fdbb05a70ab2b00812c5eb6ec55fcea9d7de9daa,81aff78fbb6a6de616043ad16eb1d42bff58154ccdf6bde5d93175158eb8df8d,ed69610d3f2362af391c11ab822fd3b66457fb8c748ace929b9726ba17378ec5,bb43d0ad549b7e57213aab7dca185a96972dab5a6e0ad093afcd5ecde5eef177,/workspace/pair-aware/results_v3/bf16/validation_only/true_pair/lambda_0p25/split_42/model_seed_40,True,v3,validation,1,validation,f1_macro,>,closest_to_zero_then_lower,15,positive_class_equal_width,true_pair,neuralmind/bert-large-portuguese-cased,aa302f6ea73b759f7df9cad58bd272127b67ec28,bf16,256,6,2e-05,8,0.01,0.1,linear,1.0,2,f1_macro,32.0,10000,0,1,0,1,4.0,0.25,False,,,,178.17759141104762,6.43624210357666,6.74609375,4,0.7730128203149358,6,2994,0.25,2994,0,299,0.21191231042758799,15,positive_class_equal_width,0.2094776546415137,1.1194005334876773,0.44587589208349243,0.5,0.4456140350877193,0.7736842105263158,0.7730128203149358,0.7769610286056015,0.7736842105263158,570.0,0.7853577371048253,0.7468354430379747,0.8280701754385965,285.0,0.7606679035250464,0.8070866141732284,0.7192982456140351,285.0,0.7730128203149358,0.7769610286056015,0.7736842105263158,570.0,0.7859649122807018,0.7859543714064097,0.7860212538019185,0.7859649122807018,570.0,0.7874564459930313,0.7820069204152249,0.7929824561403509,285.0,0.784452296819788,0.7900355871886121,0.7789473684210526,285.0,0.7859543714064097,0.7860212538019185,0.7859649122807018,570.0,0.7736842105263158,0.7730128203149358,0.7853577371048253,0.7606679035250464,0.7730128203149358,80,49,0.7769610286056015,0.7468354430379747,0.8070866141732284,0.7769610286056015,0.7736842105263158,0.8280701754385965,0.7192982456140351,0.7736842105263158,236,205,0.7859649122807018,0.7859543714064097,0.7874564459930313,0.784452296819788,0.7859543714064097,63,59,0.7860212538019185,0.7820069204152249,0.7900355871886121,0.7860212538019185,0.49298245614035086,0.7859649122807018,0.7929824561403509,0.7789473684210526,0.7859649122807018,226,222,15.109375,6.859106124074835,7.765625,-13.515625,285,0.5649122807017544,0.856140350877193,1,5.990096527520099,15.109375,6.859106124074835,7.765625,-13.515625,285,0.5929824561403508,0.856140350877193,1,5.990096527520099,370,>,0.7730128203149358,validation,f1_macro,0.06512754683962352,-2.6640625,closest_to_zero_then_lower,0.7859543714064097,,,,,,,,,,,,,,,,,,,,,,,,,,,,,,,,,,,,,,,,,,,,,,,,,,,,,,,,,,,,,,,,,,,,,,,,,,,,,,,,,,,,,,,,,,,,,,,,
true_pair,42,101,0.25,validation,screening,05fa78aced266bbbd1af59146e274c9ff15ea8287127b781a3f5b33afbcc1a06,81aff78fbb6a6de616043ad16eb1d42bff58154ccdf6bde5d93175158eb8df8d,ed69610d3f2362af391c11ab822fd3b66457fb8c748ace929b9726ba17378ec5,bb43d0ad549b7e57213aab7dca185a96972dab5a6e0ad093afcd5ecde5eef177,/workspace/pair-aware/results_v3/bf16/validation_only/true_pair/lambda_0p25/split_42/model_seed_101,True,v3,validation,1,validation,f1_macro,>,closest_to_zero_then_lower,15,positive_class_equal_width,true_pair,neuralmind/bert-large-portuguese-cased,aa302f6ea73b759f7df9cad58bd272127b67ec28,bf16,256,6,2e-05,8,0.01,0.1,linear,1.0,2,f1_macro,32.0,10000,0,1,0,1,4.0,0.25,False,,,,148.9959210070083,6.43624210357666,6.74609375,3,0.7732480148022511,5,2495,0.25,2994,0,299,0.20363582003319441,15,positive_class_equal_width,0.1962166010894805,0.8460380673781788,0.45864134446928523,0.5,0.45614035087719296,0.7736842105263158,0.7732480148022511,0.7758064516129033,0.7736842105263158,570.0,0.7831932773109244,0.7516129032258064,0.8175438596491228,285.0,0.763302752293578,0.8,0.7298245614035088,285.0,0.7732480148022512,0.7758064516129032,0.7736842105263158,570.0,0.7859649122807018,0.7859543714064097,0.7860212538019185,0.7859649122807018,570.0,0.7874564459930313,0.7820069204152249,0.7929824561403509,285.0,0.784452296819788,0.7900355871886121,0.7789473684210526,285.0,0.7859543714064097,0.7860212538019185,0.7859649122807018,570.0,0.7736842105263158,0.7732480148022511,0.7831932773109244,0.763302752293578,0.7732480148022512,77,52,0.7758064516129033,0.7516129032258064,0.8,0.7758064516129032,0.7736842105263158,0.8175438596491228,0.7298245614035088,0.7736842105263158,233,208,0.7859649122807018,0.7859543714064097,0.7874564459930313,0.784452296819788,0.7859543714064097,63,59,0.7860212538019185,0.7820069204152249,0.7900355871886121,0.7860212538019185,0.49298245614035086,0.7859649122807018,0.7929824561403509,0.7789473684210526,0.7859649122807018,226,222,11.484375,5.309307325932018,6.06640625,-8.6796875,285,0.5649122807017544,0.8807017543859649,1,4.6141804626472664,11.484375,5.309307325932018,6.06640625,-8.6796875,285,0.5894736842105263,0.8807017543859649,1,4.6141804626472664,373,>,0.7732480148022511,validation,f1_macro,0.1989964928218425,-1.392578125,closest_to_zero_then_lower,0.7859543714064097,,,,,,,,,,,,,,,,,,,,,,,,,,,,,,,,,,,,,,,,,,,,,,,,,,,,,,,,,,,,,,,,,,,,,,,,,,,,,,,,,,,,,,,,,,,,,,,,
true_pair,73,13,0.25,validation,screening,a0e062312d1237935146e57e5c3656f91e189bb091b2561f473d170e23da6be5,81aff78fbb6a6de616043ad16eb1d42bff58154ccdf6bde5d93175158eb8df8d,13da7362da5a91f87c78ef27ecce6939441c8b6b383319781bcd155a34ade1e4,bb43d0ad549b7e57213aab7dca185a96972dab5a6e0ad093afcd5ecde5eef177,/workspace/pair-aware/results_v3/bf16/validation_only/true_pair/lambda_0p25/split_73/model_seed_13,True,v3,validation,1,validation,f1_macro,>,closest_to_zero_then_lower,15,positive_class_equal_width,true_pair,neuralmind/bert-large-portuguese-cased,aa302f6ea73b759f7df9cad58bd272127b67ec28,bf16,256,6,2e-05,8,0.01,0.1,linear,1.0,2,f1_macro,32.0,10000,0,1,0,1,4.0,0.25,False,,,,178.63965482101776,6.43624210357666,6.74609375,4,0.782413279316332,6,2994,0.25,2994,0,299,0.20510309487994544,15,positive_class_equal_width,0.20244551478144562,1.1239354397305756,0.4821682006522671,0.5,0.48596491228070177,0.7824561403508772,0.782413279316332,0.7826788728576533,0.7824561403508772,570.0,0.7854671280276817,0.7747440273037542,0.7964912280701755,285.0,0.7793594306049823,0.7906137184115524,0.7684210526315789,285.0,0.782413279316332,0.7826788728576533,0.7824561403508772,570.0,0.787719298245614,0.787702962677953,0.787807881773399,0.787719298245614,570.0,0.7858407079646018,0.7928571428571428,0.7789473684210526,285.0,0.7895652173913044,0.7827586206896552,0.7964912280701755,285.0,0.7877029626779531,0.787807881773399,0.787719298245614,570.0,0.7824561403508772,0.782413279316332,0.7854671280276817,0.7793594306049823,0.782413279316332,66,58,0.7826788728576533,0.7747440273037542,0.7906137184115524,0.7826788728576533,0.7824561403508772,0.7964912280701755,0.7684210526315789,0.7824561403508772,227,219,0.787719298245614,0.787702962677953,0.7858407079646018,0.7895652173913044,0.7877029626779531,58,63,0.787807881773399,0.7928571428571428,0.7827586206896552,0.787807881773399,0.5087719298245614,0.787719298245614,0.7789473684210526,0.7964912280701755,0.787719298245614,222,227,14.734375,7.089013564795779,9.671875,-13.15625,285,0.5964912280701754,0.8456140350877193,1,6.483204632292973,14.734375,7.089013564795779,9.671875,-13.15625,285,0.6035087719298246,0.8456140350877193,1,6.483204632292973,346,>,0.782413279316332,validation,f1_macro,0.15817435274843167,-1.671875,closest_to_zero_then_lower,0.787702962677953,,,,,,,,,,,,,,,,,,,,,,,,,,,,,,,,,,,,,,,,,,,,,,,,,,,,,,,,,,,,,,,,,,,,,,,,,,,,,,,,,,,,,,,,,,,,,,,,
true_pair,73,40,0.25,validation,screening,397fe565e6279da3ab862cd8fc30f972153cb8032f06d75bc48f0178273e0623,81aff78fbb6a6de616043ad16eb1d42bff58154ccdf6bde5d93175158eb8df8d,13da7362da5a91f87c78ef27ecce6939441c8b6b383319781bcd155a34ade1e4,bb43d0ad549b7e57213aab7dca185a96972dab5a6e0ad093afcd5ecde5eef177,/workspace/pair-aware/results_v3/bf16/validation_only/true_pair/lambda_0p25/split_73/model_seed_40,True,v3,validation,1,validation,f1_macro,>,closest_to_zero_then_lower,15,positive_class_equal_width,true_pair,neuralmind/bert-large-portuguese-cased,aa302f6ea73b759f7df9cad58bd272127b67ec28,bf16,256,6,2e-05,8,0.01,0.1,linear,1.0,2,f1_macro,32.0,10000,0,1,0,1,4.0,0.25,False,,,,148.97402466193307,6.43624210357666,6.74609375,3,0.7839704935308237,5,2495,0.25,2994,0,299,0.2005498919726062,15,positive_class_equal_width,0.1915235550611974,0.9766854227938209,0.4646855971379162,0.5,0.4666666666666667,0.7842105263157895,0.7839704935308237,0.7854793233082706,0.7842105263157895,570.0,0.7911714770797963,0.7664473684210527,0.8175438596491228,285.0,0.7767695099818511,0.8045112781954887,0.7508771929824561,285.0,0.7839704935308237,0.7854793233082706,0.7842105263157895,570.0,0.787719298245614,0.7875721875721875,0.7885185185185185,0.787719298245614,570.0,0.7931623931623931,0.7733333333333333,0.8140350877192982,285.0,0.781981981981982,0.8037037037037037,0.7614035087719299,285.0,0.7875721875721875,0.7885185185185185,0.787719298245614,570.0,0.7842105263157895,0.7839704935308237,0.7911714770797963,0.7767695099818511,0.7839704935308237,71,52,0.7854793233082706,0.7664473684210527,0.8045112781954887,0.7854793233082706,0.7842105263157895,0.8175438596491228,0.7508771929824561,0.7842105263157895,233,214,0.787719298245614,0.7875721875721875,0.7931623931623931,0.781981981981982,0.7875721875721875,68,53,0.7885185185185185,0.7733333333333333,0.8037037037037037,0.7885185185185185,0.47368421052631576,0.787719298245614,0.8140350877192982,0.7614035087719299,0.787719298245614,232,217,14.578125,6.478465083607456,7.94921875,-11.40625,285,0.5859649122807018,0.8315789473684211,0,5.830500573701931,14.578125,6.478465083607456,7.94921875,-11.40625,285,0.5929824561403508,0.8315789473684211,0,5.830500573701931,410,>,0.7839704935308237,validation,f1_macro,0.36342093284069976,-0.560546875,closest_to_zero_then_lower,0.7875721875721875,,,,,,,,,,,,,,,,,,,,,,,,,,,,,,,,,,,,,,,,,,,,,,,,,,,,,,,,,,,,,,,,,,,,,,,,,,,,,,,,,,,,,,,,,,,,,,,,
true_pair,73,101,0.25,validation,screening,2f6be43acc3614e795753bc563459b3a4d789bedd5297fec57ed50cfb1ff3175,81aff78fbb6a6de616043ad16eb1d42bff58154ccdf6bde5d93175158eb8df8d,13da7362da5a91f87c78ef27ecce6939441c8b6b383319781bcd155a34ade1e4,bb43d0ad549b7e57213aab7dca185a96972dab5a6e0ad093afcd5ecde5eef177,/workspace/pair-aware/results_v3/bf16/validation_only/true_pair/lambda_0p25/split_73/model_seed_101,True,v3,validation,1,validation,f1_macro,>,closest_to_zero_then_lower,15,positive_class_equal_width,true_pair,neuralmind/bert-large-portuguese-cased,aa302f6ea73b759f7df9cad58bd272127b67ec28,bf16,256,6,2e-05,8,0.01,0.1,linear,1.0,2,f1_macro,32.0,10000,0,1,0,1,4.0,0.25,False,,,,119.2630831579445,6.43624210357666,6.74609375,2,0.7501753155680224,4,1996,0.25,2994,0,299,0.18299034039689757,15,positive_class_equal_width,0.12509468864520024,0.5899591259385046,0.3751303114069749,0.5,0.3701754385964912,0.7543859649122807,0.7501753155680224,0.7727758782294156,0.7543859649122807,570.0,0.782608695652174,0.7019498607242339,0.8842105263157894,285.0,0.717741935483871,0.8436018957345972,0.624561403508772,285.0,0.7501753155680224,0.7727758782294155,0.7543859649122807,570.0,0.7824561403508772,0.7824534620309268,0.7824700508489184,0.7824561403508772,570.0,0.7832167832167832,0.7804878048780488,0.7859649122807018,285.0,0.7816901408450704,0.784452296819788,0.7789473684210526,285.0,0.7824534620309269,0.7824700508489184,0.7824561403508772,570.0,0.7543859649122807,0.7501753155680224,0.782608695652174,0.717741935483871,0.7501753155680224,107,33,0.7727758782294156,0.7019498607242339,0.8436018957345972,0.7727758782294155,0.7543859649122807,0.8842105263157894,0.624561403508772,0.7543859649122807,252,178,0.7824561403508772,0.7824534620309268,0.7832167832167832,0.7816901408450704,0.7824534620309269,63,61,0.7824700508489184,0.7804878048780488,0.784452296819788,0.7824700508489184,0.4964912280701754,0.7824561403508772,0.7859649122807018,0.7789473684210526,0.7824561403508772,224,222,6.921875,2.648071074904057,2.7734375,-3.720703125,285,0.5263157894736842,0.8385964912280702,0,2.402255488154867,6.921875,2.648071074904057,2.7734375,-3.720703125,285,0.5894736842105263,0.8385964912280702,0,2.402255488154867,495,>,0.7501753155680224,validation,f1_macro,0.22781273730449897,-1.220703125,closest_to_zero_then_lower,0.7824534620309268,,,,,,,,,,,,,,,,,,,,,,,,,,,,,,,,,,,,,,,,,,,,,,,,,,,,,,,,,,,,,,,,,,,,,,,,,,,,,,,,,,,,,,,,,,,,,,,,
true_pair,101,13,0.25,validation,screening,d055e8492ec9ba190e8bb3139bed837159291a10499c96bc9fc42811f48a7018,81aff78fbb6a6de616043ad16eb1d42bff58154ccdf6bde5d93175158eb8df8d,8fa1106caddcf6eb0c1bec78a171b8f03f4615d846c63b3bb037293829723f0a,bb43d0ad549b7e57213aab7dca185a96972dab5a6e0ad093afcd5ecde5eef177,/workspace/pair-aware/results_v3/bf16/validation_only/true_pair/lambda_0p25/split_101/model_seed_13,True,v3,validation,1,validation,f1_macro,>,closest_to_zero_then_lower,15,positive_class_equal_width,true_pair,neuralmind/bert-large-portuguese-cased,aa302f6ea73b759f7df9cad58bd272127b67ec28,bf16,256,6,2e-05,8,0.01,0.1,linear,1.0,2,f1_macro,32.0,10000,0,1,0,1,4.0,0.25,False,,,,148.11830815393478,6.43624210357666,6.74609375,3,0.7621557130537723,5,2495,0.25,2994,0,299,0.20715689360086537,15,positive_class_equal_width,0.19580076939516236,0.8688340439475621,0.4414290177400339,0.5,0.43508771929824563,0.7631578947368421,0.7621557130537723,0.7676693047485474,0.763157894736842,570.0,0.7775947281713345,0.7329192546583851,0.8280701754385965,285.0,0.7467166979362101,0.8024193548387096,0.6982456140350877,285.0,0.7621557130537723,0.7676693047485474,0.7631578947368421,570.0,0.7842105263157895,0.7842098621417732,0.7842140254112084,0.7842105263157895,570.0,0.7845884413309983,0.7832167832167832,0.7859649122807018,285.0,0.7838312829525483,0.7852112676056338,0.7824561403508772,285.0,0.7842098621417734,0.7842140254112085,0.7842105263157895,570.0,0.7631578947368421,0.7621557130537723,0.7775947281713345,0.7467166979362101,0.7621557130537723,86,49,0.7676693047485474,0.7329192546583851,0.8024193548387096,0.7676693047485474,0.763157894736842,0.8280701754385965,0.6982456140350877,0.7631578947368421,236,199,0.7842105263157895,0.7842098621417732,0.7845884413309983,0.7838312829525483,0.7842098621417734,62,61,0.7842140254112084,0.7832167832167832,0.7852112676056338,0.7842140254112085,0.4982456140350877,0.7842105263157895,0.7859649122807018,0.7824561403508772,0.7842105263157895,224,223,13.546875,5.871280496162281,6.4296875,-10.890625,285,0.5614035087719298,0.8456140350877193,0,5.425982066393845,13.546875,5.871280496162281,6.4296875,-10.890625,285,0.6070175438596491,0.8456140350877193,0,5.425982066393845,418,>,0.7621557130537723,validation,f1_macro,0.13341521726397837,-1.87109375,closest_to_zero_then_lower,0.7842098621417732,,,,,,,,,,,,,,,,,,,,,,,,,,,,,,,,,,,,,,,,,,,,,,,,,,,,,,,,,,,,,,,,,,,,,,,,,,,,,,,,,,,,,,,,,,,,,,,,
true_pair,101,40,0.25,validation,screening,125668c6294ae41d4cdceba99796ccad7f861891641acc9eed038bbec36e2edc,81aff78fbb6a6de616043ad16eb1d42bff58154ccdf6bde5d93175158eb8df8d,8fa1106caddcf6eb0c1bec78a171b8f03f4615d846c63b3bb037293829723f0a,bb43d0ad549b7e57213aab7dca185a96972dab5a6e0ad093afcd5ecde5eef177,/workspace/pair-aware/results_v3/bf16/validation_only/true_pair/lambda_0p25/split_101/model_seed_40,True,v3,validation,1,validation,f1_macro,>,closest_to_zero_then_lower,15,positive_class_equal_width,true_pair,neuralmind/bert-large-portuguese-cased,aa302f6ea73b759f7df9cad58bd272127b67ec28,bf16,256,6,2e-05,8,0.01,0.1,linear,1.0,2,f1_macro,32.0,10000,0,1,0,1,4.0,0.25,False,,,,179.7679117959924,6.43624210357666,6.74609375,6,0.7688600251972599,6,2994,0.25,2994,0,299,0.21734988884444967,15,positive_class_equal_width,0.21724839620199965,1.3027469001384153,0.42442265375832955,0.5,0.4245614035087719,0.7701754385964912,0.7688600251972599,0.7764689578713969,0.7701754385964912,570.0,0.7862969004893964,0.7347560975609756,0.8456140350877193,285.0,0.7514231499051234,0.8181818181818182,0.6947368421052632,285.0,0.7688600251972598,0.7764689578713969,0.7701754385964912,570.0,0.7947368421052632,0.7947362103299795,0.7947404707968089,0.7947368421052632,570.0,0.7943760984182777,0.795774647887324,0.7929824561403509,285.0,0.7950963222416813,0.7937062937062938,0.7964912280701755,285.0,0.7947362103299794,0.7947404707968088,0.7947368421052632,570.0,0.7701754385964912,0.7688600251972599,0.7862969004893964,0.7514231499051234,0.7688600251972598,87,44,0.7764689578713969,0.7347560975609756,0.8181818181818182,0.7764689578713969,0.7701754385964912,0.8456140350877193,0.6947368421052632,0.7701754385964912,241,198,0.7947368421052632,0.7947362103299795,0.7943760984182777,0.7950963222416813,0.7947362103299794,58,59,0.7947404707968089,0.795774647887324,0.7937062937062938,0.7947404707968088,0.5017543859649123,0.7947368421052632,0.7929824561403509,0.7964912280701755,0.7947368421052632,226,227,15.828125,7.9069978412828945,11.5546875,-15.25,285,0.5754385964912281,0.8596491228070176,2,7.422797148051196,15.828125,7.9069978412828945,11.5546875,-15.25,285,0.624561403508772,0.8596491228070176,2,7.422797148051196,311,>,0.7688600251972599,validation,f1_macro,0.012053779516236445,-4.40625,closest_to_zero_then_lower,0.7947362103299795,,,,,,,,,,,,,,,,,,,,,,,,,,,,,,,,,,,,,,,,,,,,,,,,,,,,,,,,,,,,,,,,,,,,,,,,,,,,,,,,,,,,,,,,,,,,,,,,
true_pair,101,101,0.25,validation,screening,5b4530a745fe2cba29ffe6e4037188b708d5912699e6333cef1551003d30a6dc,81aff78fbb6a6de616043ad16eb1d42bff58154ccdf6bde5d93175158eb8df8d,8fa1106caddcf6eb0c1bec78a171b8f03f4615d846c63b3bb037293829723f0a,bb43d0ad549b7e57213aab7dca185a96972dab5a6e0ad093afcd5ecde5eef177,/workspace/pair-aware/results_v3/bf16/validation_only/true_pair/lambda_0p25/split_101/model_seed_101,True,v3,validation,1,validation,f1_macro,>,closest_to_zero_then_lower,15,positive_class_equal_width,true_pair,neuralmind/bert-large-portuguese-cased,aa302f6ea73b759f7df9cad58bd272127b67ec28,bf16,256,6,2e-05,8,0.01,0.1,linear,1.0,2,f1_macro,32.0,10000,0,1,0,1,4.0,0.25,False,,,,119.22142956999596,6.43624210357666,6.74609375,2,0.7673872180451128,4,1996,0.25,2994,0,299,0.16926451910348525,15,positive_class_equal_width,0.09726548657847149,0.5194231314607147,0.44523358902056787,0.5,0.43333333333333335,0.7684210526315789,0.7673872180451128,0.7732793522267206,0.7684210526315789,570.0,0.7828947368421053,0.7368421052631579,0.8350877192982457,285.0,0.7518796992481203,0.8097165991902834,0.7017543859649122,285.0,0.7673872180451128,0.7732793522267206,0.7684210526315789,570.0,0.7789473684210526,0.7789446469023933,0.7789611061178758,0.7789473684210526,570.0,0.778169014084507,0.7809187279151943,0.775438596491228,285.0,0.7797202797202797,0.7770034843205574,0.7824561403508772,285.0,0.7789446469023933,0.778961106117876,0.7789473684210526,570.0,0.7684210526315789,0.7673872180451128,0.7828947368421053,0.7518796992481203,0.7673872180451128,85,47,0.7732793522267206,0.7368421052631579,0.8097165991902834,0.7732793522267206,0.7684210526315789,0.8350877192982457,0.7017543859649122,0.7684210526315789,238,200,0.7789473684210526,0.7789446469023933,0.778169014084507,0.7797202797202797,0.7789446469023933,62,64,0.7789611061178758,0.7809187279151943,0.7770034843205574,0.778961106117876,0.5035087719298246,0.7789473684210526,0.775438596491228,0.7824561403508772,0.7789473684210526,221,223,6.77734375,2.426622691907381,2.439208984375,-3.9453125,285,0.5649122807017544,0.8385964912280702,0,2.2543301933657243,6.77734375,2.426622691907381,2.439208984375,-3.9453125,285,0.5754385964912281,0.8385964912280702,0,2.2543301933657243,493,>,0.7673872180451128,validation,f1_macro,0.3520903859453057,-0.60986328125,closest_to_zero_then_lower,0.7789446469023933,,,,,,,,,,,,,,,,,,,,,,,,,,,,,,,,,,,,,,,,,,,,,,,,,,,,,,,,,,,,,,,,,,,,,,,,,,,,,,,,,,,,,,,,,,,,,,,,
true_pair,13,13,0.5,validation,screening,f0de8dcb9714517d89f73288b52574c371e6b457748a0d044856bb99c5b9e9f3,d96752aef203095472130057c7e4d16b56e8b3c22646d8f7fade12fd47bcfd78,0408158bfbf5a1ca3328d04ddad80f5c3e933f8182d3f4e6e18871b17bfb46e2,bb43d0ad549b7e57213aab7dca185a96972dab5a6e0ad093afcd5ecde5eef177,/workspace/pair-aware/results_v3/bf16/validation_only/true_pair/lambda_0p5/split_13/model_seed_13,True,v3,validation,1,validation,f1_macro,>,closest_to_zero_then_lower,15,positive_class_equal_width,true_pair,neuralmind/bert-large-portuguese-cased,aa302f6ea73b759f7df9cad58bd272127b67ec28,bf16,256,6,2e-05,8,0.01,0.1,linear,1.0,2,f1_macro,32.0,10000,0,1,0,1,4.0,0.5,False,,,,89.56315662409179,6.43624210357666,6.74609375,1,0.7767635494564799,3,1497,0.5,2994,0,299,0.16901981095396137,15,positive_class_equal_width,0.08228307588690409,0.5210705222359778,0.4765973406311447,0.5,0.45614035087719296,0.7771929824561403,0.7767635494564799,0.7793424317617866,0.7771929824561403,570.0,0.7865546218487395,0.7548387096774194,0.8210526315789474,285.0,0.7669724770642202,0.8038461538461539,0.7333333333333333,285.0,0.7767635494564799,0.7793424317617867,0.7771929824561403,570.0,0.7789473684210526,0.7784864784840111,0.7812884082980547,0.7789473684210526,570.0,0.7885906040268457,0.7556270096463023,0.8245614035087719,285.0,0.7683823529411765,0.806949806949807,0.7333333333333333,285.0,0.778486478484011,0.7812884082980546,0.7789473684210526,570.0,0.7771929824561403,0.7767635494564799,0.7865546218487395,0.7669724770642202,0.7767635494564799,76,51,0.7793424317617866,0.7548387096774194,0.8038461538461539,0.7793424317617867,0.7771929824561403,0.8210526315789474,0.7333333333333333,0.7771929824561403,234,209,0.7789473684210526,0.7784864784840111,0.7885906040268457,0.7683823529411765,0.778486478484011,76,50,0.7812884082980547,0.7556270096463023,0.806949806949807,0.7812884082980546,0.4543859649122807,0.7789473684210526,0.8245614035087719,0.7333333333333333,0.7789473684210526,235,209,5.9921875,2.361735347279331,2.60791015625,-3.6796875,285,0.5754385964912281,0.8771929824561403,0,2.0416493744159245,5.9921875,2.361735347279331,2.60791015625,-3.6796875,285,0.5789473684210527,0.8771929824561403,0,2.0416493744159245,468,>,0.7767635494564799,validation,f1_macro,0.5119606084565302,0.0478515625,closest_to_zero_then_lower,0.7784864784840111,,,,,,,,,,,,,,,,,,,,,,,,,,,,,,,,,,,,,,,,,,,,,,,,,,,,,,,,,,,,,,,,,,,,,,,,,,,,,,,,,,,,,,,,,,,,,,,,
true_pair,13,40,0.5,validation,screening,dfd72b80ddbdab362cbad5234dcbf354debd4ae9fb0cf9f8eea8a6dd1aec11ec,d96752aef203095472130057c7e4d16b56e8b3c22646d8f7fade12fd47bcfd78,0408158bfbf5a1ca3328d04ddad80f5c3e933f8182d3f4e6e18871b17bfb46e2,bb43d0ad549b7e57213aab7dca185a96972dab5a6e0ad093afcd5ecde5eef177,/workspace/pair-aware/results_v3/bf16/validation_only/true_pair/lambda_0p5/split_13/model_seed_40,True,v3,validation,1,validation,f1_macro,>,closest_to_zero_then_lower,15,positive_class_equal_width,true_pair,neuralmind/bert-large-portuguese-cased,aa302f6ea73b759f7df9cad58bd272127b67ec28,bf16,256,6,2e-05,8,0.01,0.1,linear,1.0,2,f1_macro,32.0,10000,0,1,0,1,4.0,0.5,False,,,,89.52858709904831,6.43624210357666,6.74609375,1,0.798140614847366,3,1497,0.5,2994,0,299,0.1545015079868012,15,positive_class_equal_width,0.08005558697871172,0.4823802220748689,0.4839619398592715,0.5,0.47719298245614034,0.7982456140350878,0.798140614847366,0.7988674496644295,0.7982456140350878,570.0,0.8027444253859348,0.785234899328859,0.8210526315789474,285.0,0.7935368043087971,0.8125,0.775438596491228,285.0,0.7981406148473661,0.7988674496644296,0.7982456140350878,570.0,0.8035087719298246,0.8034482758620689,0.8038828967642527,0.8035087719298246,570.0,0.8068965517241379,0.7932203389830509,0.8210526315789474,285.0,0.8,0.8145454545454546,0.7859649122807018,285.0,0.8034482758620689,0.8038828967642527,0.8035087719298246,570.0,0.7982456140350878,0.798140614847366,0.8027444253859348,0.7935368043087971,0.7981406148473661,64,51,0.7988674496644295,0.785234899328859,0.8125,0.7988674496644296,0.7982456140350878,0.8210526315789474,0.775438596491228,0.7982456140350878,234,221,0.8035087719298246,0.8034482758620689,0.8068965517241379,0.8,0.8034482758620689,61,51,0.8038828967642527,0.7932203389830509,0.8145454545454546,0.8038828967642527,0.4824561403508772,0.8035087719298246,0.8210526315789474,0.7859649122807018,0.8035087719298246,234,224,6.890625,2.5369562517132676,2.677734375,-3.23193359375,285,0.6210526315789474,0.887719298245614,0,2.100584659899208,6.890625,2.5369562517132676,2.677734375,-3.23193359375,285,0.6280701754385964,0.887719298245614,0,2.100584659899208,489,>,0.798140614847366,validation,f1_macro,0.48389229459025357,-0.064453125,closest_to_zero_then_lower,0.8034482758620689,,,,,,,,,,,,,,,,,,,,,,,,,,,,,,,,,,,,,,,,,,,,,,,,,,,,,,,,,,,,,,,,,,,,,,,,,,,,,,,,,,,,,,,,,,,,,,,,
true_pair,13,101,0.5,validation,screening,10b9936b50ddf5af9f88c5a0534877a115f6035912594e01b65667cc9faa9a87,d96752aef203095472130057c7e4d16b56e8b3c22646d8f7fade12fd47bcfd78,0408158bfbf5a1ca3328d04ddad80f5c3e933f8182d3f4e6e18871b17bfb46e2,bb43d0ad549b7e57213aab7dca185a96972dab5a6e0ad093afcd5ecde5eef177,/workspace/pair-aware/results_v3/bf16/validation_only/true_pair/lambda_0p5/split_13/model_seed_101,True,v3,validation,1,validation,f1_macro,>,closest_to_zero_then_lower,15,positive_class_equal_width,true_pair,neuralmind/bert-large-portuguese-cased,aa302f6ea73b759f7df9cad58bd272127b67ec28,bf16,256,6,2e-05,8,0.01,0.1,linear,1.0,2,f1_macro,32.0,10000,0,1,0,1,4.0,0.5,False,,,,154.88902999798302,6.43624210357666,6.74609375,3,0.7927272727272727,5,2495,0.5,2994,0,299,0.18787950909450934,15,positive_class_equal_width,0.17301876925038057,0.7746593824302808,0.4585793869884697,0.5,0.4649122807017544,0.7929824561403509,0.7927272727272727,0.7944324157129601,0.7929824561403509,570.0,0.8,0.7737704918032787,0.8280701754385965,285.0,0.7854545454545454,0.8150943396226416,0.7578947368421053,285.0,0.7927272727272727,0.7944324157129602,0.7929824561403509,570.0,0.7947368421052632,0.7944578513772156,0.7963458110516934,0.7947368421052632,570.0,0.8020304568527918,0.7745098039215687,0.8315789473684211,285.0,0.7868852459016393,0.8181818181818182,0.7578947368421053,285.0,0.7944578513772156,0.7963458110516934,0.7947368421052632,570.0,0.7929824561403509,0.7927272727272727,0.8,0.7854545454545454,0.7927272727272727,69,49,0.7944324157129601,0.7737704918032787,0.8150943396226416,0.7944324157129602,0.7929824561403509,0.8280701754385965,0.7578947368421053,0.7929824561403509,236,216,0.7947368421052632,0.7944578513772156,0.8020304568527918,0.7868852459016393,0.7944578513772156,69,48,0.7963458110516934,0.7745098039215687,0.8181818181818182,0.7963458110516934,0.4631578947368421,0.7947368421052632,0.8315789473684211,0.7578947368421053,0.7947368421052632,237,216,10.6953125,5.160916057385896,6.921875,-8.8515625,285,0.6035087719298246,0.8912280701754386,0,4.252643383991572,10.6953125,5.160916057385896,6.921875,-8.8515625,285,0.6070175438596491,0.8912280701754386,0,4.252643383991572,371,>,0.7927272727272727,validation,f1_macro,0.523420348936324,0.09375,closest_to_zero_then_lower,0.7944578513772156,,,,,,,,,,,,,,,,,,,,,,,,,,,,,,,,,,,,,,,,,,,,,,,,,,,,,,,,,,,,,,,,,,,,,,,,,,,,,,,,,,,,,,,,,,,,,,,,
true_pair,21,13,0.5,validation,screening,82db56e5c8ededaf10f242ec415c6b2a4e6896dd82a0acbdae0aee2baaf528d2,d96752aef203095472130057c7e4d16b56e8b3c22646d8f7fade12fd47bcfd78,ca3ef356e825e341ddf0a4066037de4a278a1671b324c5e6048a65ae99638be7,bb43d0ad549b7e57213aab7dca185a96972dab5a6e0ad093afcd5ecde5eef177,/workspace/pair-aware/results_v3/bf16/validation_only/true_pair/lambda_0p5/split_21/model_seed_13,True,v3,validation,1,validation,f1_macro,>,closest_to_zero_then_lower,15,positive_class_equal_width,true_pair,neuralmind/bert-large-portuguese-cased,aa302f6ea73b759f7df9cad58bd272127b67ec28,bf16,256,6,2e-05,8,0.01,0.1,linear,1.0,2,f1_macro,32.0,10000,0,1,0,1,4.0,0.5,False,,,,179.5005379220238,6.43624210357666,6.74609375,5,0.7901422874274099,6,2994,0.5,2994,0,299,0.202335915375742,15,positive_class_equal_width,0.20446156601076693,1.2623292832726385,0.4247227309233356,0.5,0.4280701754385965,0.7912280701754386,0.7901422874274099,0.7973825807100472,0.7912280701754386,570.0,0.8052373158756138,0.754601226993865,0.8631578947368421,285.0,0.775047258979206,0.8401639344262295,0.7192982456140351,285.0,0.7901422874274099,0.7973825807100473,0.7912280701754386,570.0,0.8,0.799516222586975,0.8029238820999243,0.8,570.0,0.8093645484949833,0.7731629392971247,0.8491228070175438,285.0,0.7896678966789668,0.8326848249027238,0.7508771929824561,285.0,0.7995162225869751,0.8029238820999242,0.8,570.0,0.7912280701754386,0.7901422874274099,0.8052373158756138,0.775047258979206,0.7901422874274099,80,39,0.7973825807100472,0.754601226993865,0.8401639344262295,0.7973825807100473,0.7912280701754386,0.8631578947368421,0.7192982456140351,0.7912280701754386,246,205,0.8,0.799516222586975,0.8093645484949833,0.7896678966789668,0.7995162225869751,71,43,0.8029238820999243,0.7731629392971247,0.8326848249027238,0.8029238820999242,0.45087719298245615,0.8,0.8491228070175438,0.7508771929824561,0.8,242,214,16.640625,8.304132829632675,10.96875,-11.8125,285,0.5894736842105263,0.8842105263157894,0,6.758694906050179,16.640625,8.304132829632675,10.96875,-11.8125,285,0.6105263157894737,0.8842105263157894,0,6.758694906050179,343,>,0.7901422874274099,validation,f1_macro,0.06255973078843141,-2.70703125,closest_to_zero_then_lower,0.799516222586975,,,,,,,,,,,,,,,,,,,,,,,,,,,,,,,,,,,,,,,,,,,,,,,,,,,,,,,,,,,,,,,,,,,,,,,,,,,,,,,,,,,,,,,,,,,,,,,,
true_pair,21,40,0.5,validation,screening,4ecd5e7a819d8fc7b7946597b0ac16ec9d9aea6c8ea75fc691faf3e9b9ce5d60,d96752aef203095472130057c7e4d16b56e8b3c22646d8f7fade12fd47bcfd78,ca3ef356e825e341ddf0a4066037de4a278a1671b324c5e6048a65ae99638be7,bb43d0ad549b7e57213aab7dca185a96972dab5a6e0ad093afcd5ecde5eef177,/workspace/pair-aware/results_v3/bf16/validation_only/true_pair/lambda_0p5/split_21/model_seed_40,True,v3,validation,1,validation,f1_macro,>,closest_to_zero_then_lower,15,positive_class_equal_width,true_pair,neuralmind/bert-large-portuguese-cased,aa302f6ea73b759f7df9cad58bd272127b67ec28,bf16,256,6,2e-05,8,0.01,0.1,linear,1.0,2,f1_macro,32.0,10000,0,1,0,1,4.0,0.5,False,,,,148.8646836699918,6.43624210357666,6.74609375,3,0.7714543031977892,5,2495,0.5,2994,0,299,0.20202688209924474,15,positive_class_equal_width,0.19753339706022402,0.9012590096720052,0.46150327408303427,0.5,0.4543859649122807,0.7719298245614035,0.7714543031977892,0.7742119703534494,0.7719298245614035,570.0,0.7818791946308725,0.7491961414790996,0.8175438596491228,285.0,0.7610294117647058,0.7992277992277992,0.7263157894736842,285.0,0.7714543031977893,0.7742119703534495,0.7719298245614035,570.0,0.787719298245614,0.7876088208394025,0.7883191867350967,0.787719298245614,570.0,0.7924528301886793,0.7751677852348994,0.8105263157894737,285.0,0.7827648114901257,0.8014705882352942,0.7649122807017544,285.0,0.7876088208394024,0.7883191867350968,0.787719298245614,570.0,0.7719298245614035,0.7714543031977892,0.7818791946308725,0.7610294117647058,0.7714543031977893,78,52,0.7742119703534494,0.7491961414790996,0.7992277992277992,0.7742119703534495,0.7719298245614035,0.8175438596491228,0.7263157894736842,0.7719298245614035,233,207,0.787719298245614,0.7876088208394025,0.7924528301886793,0.7827648114901257,0.7876088208394024,67,54,0.7883191867350967,0.7751677852348994,0.8014705882352942,0.7883191867350968,0.47719298245614034,0.787719298245614,0.8105263157894737,0.7649122807017544,0.787719298245614,231,218,12.265625,5.67841796875,6.53515625,-8.640625,285,0.5578947368421052,0.8596491228070176,0,4.9076139836234125,12.265625,5.67841796875,6.53515625,-8.640625,285,0.5859649122807018,0.8596491228070176,0,4.9076139836234125,355,>,0.7714543031977892,validation,f1_macro,0.33133606382131414,-0.7021484375,closest_to_zero_then_lower,0.7876088208394025,,,,,,,,,,,,,,,,,,,,,,,,,,,,,,,,,,,,,,,,,,,,,,,,,,,,,,,,,,,,,,,,,,,,,,,,,,,,,,,,,,,,,,,,,,,,,,,,
true_pair,21,101,0.5,validation,screening,056a3ef836133606ed3bb589d3c6cedf929a508349242347e999039e33cececc,d96752aef203095472130057c7e4d16b56e8b3c22646d8f7fade12fd47bcfd78,ca3ef356e825e341ddf0a4066037de4a278a1671b324c5e6048a65ae99638be7,bb43d0ad549b7e57213aab7dca185a96972dab5a6e0ad093afcd5ecde5eef177,/workspace/pair-aware/results_v3/bf16/validation_only/true_pair/lambda_0p5/split_21/model_seed_101,True,v3,validation,1,validation,f1_macro,>,closest_to_zero_then_lower,15,positive_class_equal_width,true_pair,neuralmind/bert-large-portuguese-cased,aa302f6ea73b759f7df9cad58bd272127b67ec28,bf16,256,6,2e-05,8,0.01,0.1,linear,1.0,2,f1_macro,32.0,10000,0,1,0,1,4.0,0.5,False,,,,179.6656896400964,6.43624210357666,6.74609375,5,0.7719992930210636,6,2994,0.5,2994,0,299,0.21542195512132237,15,positive_class_equal_width,0.2130236315862058,1.2097258228679197,0.41251222188184294,0.5,0.41403508771929826,0.7736842105263158,0.7719992930210636,0.7820207043540038,0.7736842105263158,570.0,0.7915993537964459,0.7335329341317365,0.8596491228070176,285.0,0.7523992322456814,0.8305084745762712,0.6877192982456141,285.0,0.7719992930210636,0.7820207043540038,0.7736842105263158,570.0,0.7824561403508772,0.7823596792668958,0.782957782957783,0.7824561403508772,570.0,0.7777777777777778,0.7948717948717948,0.7614035087719299,285.0,0.7869415807560137,0.7710437710437711,0.8035087719298246,285.0,0.7823596792668956,0.782957782957783,0.7824561403508772,570.0,0.7736842105263158,0.7719992930210636,0.7915993537964459,0.7523992322456814,0.7719992930210636,89,40,0.7820207043540038,0.7335329341317365,0.8305084745762712,0.7820207043540038,0.7736842105263158,0.8596491228070176,0.6877192982456141,0.7736842105263158,245,196,0.7824561403508772,0.7823596792668958,0.7777777777777778,0.7869415807560137,0.7823596792668956,56,68,0.782957782957783,0.7948717948717948,0.7710437710437711,0.782957782957783,0.5210526315789473,0.7824561403508772,0.7614035087719299,0.8035087719298246,0.7824561403508772,217,229,15.5625,7.254088284676535,9.0234375,-8.75,285,0.5614035087719298,0.8596491228070176,1,6.191808786640947,15.5625,7.254088284676535,9.0234375,-8.75,285,0.5789473684210527,0.8596491228070176,1,6.191808786640947,359,>,0.7719992930210636,validation,f1_macro,0.007577241267860809,-4.875,closest_to_zero_then_lower,0.7823596792668958,,,,,,,,,,,,,,,,,,,,,,,,,,,,,,,,,,,,,,,,,,,,,,,,,,,,,,,,,,,,,,,,,,,,,,,,,,,,,,,,,,,,,,,,,,,,,,,,
true_pair,40,13,0.5,validation,screening,882b59d808454c56d6c5a8ffcf70eea1e052a536ac22157008307d7ca4b76247,d96752aef203095472130057c7e4d16b56e8b3c22646d8f7fade12fd47bcfd78,cda10d0a5bd98b8fdfc5fa83e5af6da73433a71153c013f41c0811976cf6c4ae,bb43d0ad549b7e57213aab7dca185a96972dab5a6e0ad093afcd5ecde5eef177,/workspace/pair-aware/results_v3/bf16/validation_only/true_pair/lambda_0p5/split_40/model_seed_13,True,v3,validation,1,validation,f1_macro,>,closest_to_zero_then_lower,15,positive_class_equal_width,true_pair,neuralmind/bert-large-portuguese-cased,aa302f6ea73b759f7df9cad58bd272127b67ec28,bf16,256,6,2e-05,8,0.01,0.1,linear,1.0,2,f1_macro,32.0,10000,0,1,0,1,4.0,0.5,False,,,,148.1703225329984,6.43624210357666,6.74609375,3,0.7543375734216651,5,2495,0.5,2994,0,299,0.21549778484470503,15,positive_class_equal_width,0.1904921077836396,0.93546547381495,0.4923173207018859,0.5,0.5140350877192983,0.7543859649122807,0.7543375734216651,0.7545865625115511,0.7543859649122806,570.0,0.7508896797153025,0.7617328519855595,0.7403508771929824,285.0,0.7577854671280276,0.7474402730375427,0.7684210526315789,285.0,0.7543375734216651,0.7545865625115511,0.7543859649122807,570.0,0.7578947368421053,0.7578917561311928,0.7579074377316211,0.7578947368421053,570.0,0.7587412587412588,0.7560975609756098,0.7614035087719299,285.0,0.7570422535211268,0.7597173144876325,0.7543859649122807,285.0,0.7578917561311928,0.7579074377316212,0.7578947368421053,570.0,0.7543859649122807,0.7543375734216651,0.7508896797153025,0.7577854671280276,0.7543375734216651,66,74,0.7545865625115511,0.7617328519855595,0.7474402730375427,0.7545865625115511,0.7543859649122806,0.7403508771929824,0.7684210526315789,0.7543859649122807,211,219,0.7578947368421053,0.7578917561311928,0.7587412587412588,0.7570422535211268,0.7578917561311928,70,68,0.7579074377316211,0.7560975609756098,0.7597173144876325,0.7579074377316212,0.4964912280701754,0.7578947368421053,0.7614035087719299,0.7543859649122807,0.7578947368421053,217,215,13.609375,5.120070286800987,4.830078125,-9.609375,285,0.5298245614035088,0.8491228070175438,0,4.982232418402248,13.609375,5.120070286800987,4.830078125,-9.609375,285,0.5403508771929825,0.8491228070175438,0,4.982232418402248,445,>,0.7543375734216651,validation,f1_macro,0.5610344382969988,0.245361328125,closest_to_zero_then_lower,0.7578917561311928,,,,,,,,,,,,,,,,,,,,,,,,,,,,,,,,,,,,,,,,,,,,,,,,,,,,,,,,,,,,,,,,,,,,,,,,,,,,,,,,,,,,,,,,,,,,,,,,
true_pair,40,40,0.5,validation,screening,08bec585219ce376c66d8402495b7e526239cc757bfd3123a33c532f7c0dce01,d96752aef203095472130057c7e4d16b56e8b3c22646d8f7fade12fd47bcfd78,cda10d0a5bd98b8fdfc5fa83e5af6da73433a71153c013f41c0811976cf6c4ae,bb43d0ad549b7e57213aab7dca185a96972dab5a6e0ad093afcd5ecde5eef177,/workspace/pair-aware/results_v3/bf16/validation_only/true_pair/lambda_0p5/split_40/model_seed_40,True,v3,validation,1,validation,f1_macro,>,closest_to_zero_then_lower,15,positive_class_equal_width,true_pair,neuralmind/bert-large-portuguese-cased,aa302f6ea73b759f7df9cad58bd272127b67ec28,bf16,256,6,2e-05,8,0.01,0.1,linear,1.0,2,f1_macro,32.0,10000,0,1,0,1,4.0,0.5,False,,,,119.03865501494147,6.43624210357666,6.74609375,1,0.7208272886210616,3,1497,0.5,2994,0,299,0.2014902158410892,15,positive_class_equal_width,0.1036470657583275,0.6044778196457994,0.4434820802250207,0.5,0.41578947368421054,0.7228070175438597,0.7208272886210616,0.7293115900710837,0.7228070175438597,570.0,0.7443365695792881,0.6906906906906907,0.8070175438596491,285.0,0.6973180076628352,0.7679324894514767,0.6385964912280702,285.0,0.7208272886210616,0.7293115900710837,0.7228070175438597,570.0,0.7298245614035088,0.729261251480458,0.7317533426858186,0.7298245614035088,570.0,0.7416107382550335,0.7106109324758842,0.775438596491228,285.0,0.7169117647058824,0.752895752895753,0.6842105263157895,285.0,0.729261251480458,0.7317533426858186,0.7298245614035088,570.0,0.7228070175438597,0.7208272886210616,0.7443365695792881,0.6973180076628352,0.7208272886210616,103,55,0.7293115900710837,0.6906906906906907,0.7679324894514767,0.7293115900710837,0.7228070175438597,0.8070175438596491,0.6385964912280702,0.7228070175438597,230,182,0.7298245614035088,0.729261251480458,0.7416107382550335,0.7169117647058824,0.729261251480458,90,64,0.7317533426858186,0.7106109324758842,0.752895752895753,0.7317533426858186,0.4543859649122807,0.7298245614035088,0.775438596491228,0.6842105263157895,0.7298245614035088,221,195,5.8359375,1.7149838096217105,1.30859375,-4.89453125,285,0.47017543859649125,0.8105263157894737,0,1.9956167942950334,5.8359375,1.7149838096217105,1.30859375,-4.89453125,285,0.48771929824561405,0.8105263157894737,0,1.9956167942950334,506,>,0.7208272886210616,validation,f1_macro,0.4420342639489168,-0.23291015625,closest_to_zero_then_lower,0.729261251480458,,,,,,,,,,,,,,,,,,,,,,,,,,,,,,,,,,,,,,,,,,,,,,,,,,,,,,,,,,,,,,,,,,,,,,,,,,,,,,,,,,,,,,,,,,,,,,,,
true_pair,40,101,0.5,validation,screening,2e58edaee3e9f2d57d3e2062848f03abdf8ee18810ed0d791abf22d751e85e22,d96752aef203095472130057c7e4d16b56e8b3c22646d8f7fade12fd47bcfd78,cda10d0a5bd98b8fdfc5fa83e5af6da73433a71153c013f41c0811976cf6c4ae,bb43d0ad549b7e57213aab7dca185a96972dab5a6e0ad093afcd5ecde5eef177,/workspace/pair-aware/results_v3/bf16/validation_only/true_pair/lambda_0p5/split_40/model_seed_101,True,v3,validation,1,validation,f1_macro,>,closest_to_zero_then_lower,15,positive_class_equal_width,true_pair,neuralmind/bert-large-portuguese-cased,aa302f6ea73b759f7df9cad58bd272127b67ec28,bf16,256,6,2e-05,8,0.01,0.1,linear,1.0,2,f1_macro,32.0,10000,0,1,0,1,4.0,0.5,False,,,,178.8289867329877,6.43624210357666,6.74609375,5,0.7315852086844453,6,2994,0.5,2994,0,299,0.24817507968528957,15,positive_class_equal_width,0.24634372219395007,1.4305335845825426,0.41778240242459314,0.5,0.4192982456140351,0.7333333333333333,0.7315852086844453,0.739574511117572,0.7333333333333334,570.0,0.7532467532467533,0.7009063444108762,0.8140350877192982,285.0,0.7099236641221374,0.7782426778242678,0.6526315789473685,285.0,0.7315852086844453,0.739574511117572,0.7333333333333333,570.0,0.7456140350877193,0.7456069881898852,0.7456412529550828,0.7456140350877193,570.0,0.7469458987783595,0.7430555555555556,0.7508771929824561,285.0,0.7442680776014109,0.74822695035461,0.7403508771929824,285.0,0.7456069881898852,0.7456412529550828,0.7456140350877193,570.0,0.7333333333333333,0.7315852086844453,0.7532467532467533,0.7099236641221374,0.7315852086844453,99,53,0.739574511117572,0.7009063444108762,0.7782426778242678,0.739574511117572,0.7333333333333334,0.8140350877192982,0.6526315789473685,0.7333333333333333,232,186,0.7456140350877193,0.7456069881898852,0.7469458987783595,0.7442680776014109,0.7456069881898852,74,71,0.7456412529550828,0.7430555555555556,0.74822695035461,0.7456412529550828,0.49473684210526314,0.7456140350877193,0.7508771929824561,0.7403508771929824,0.7456140350877193,214,211,16.4375,6.562527840597587,6.08203125,-14.03125,285,0.4982456140350877,0.8385964912280702,1,6.840678464961207,16.4375,6.562527840597587,6.08203125,-14.03125,285,0.5333333333333333,0.8385964912280702,1,6.840678464961207,386,>,0.7315852086844453,validation,f1_macro,0.03435868933300903,-3.3359375,closest_to_zero_then_lower,0.7456069881898852,,,,,,,,,,,,,,,,,,,,,,,,,,,,,,,,,,,,,,,,,,,,,,,,,,,,,,,,,,,,,,,,,,,,,,,,,,,,,,,,,,,,,,,,,,,,,,,,
true_pair,42,13,0.5,validation,screening,f061b4eeea632347f1c6c87cefc42672095733341e25b3443ffce45186b2e228,d96752aef203095472130057c7e4d16b56e8b3c22646d8f7fade12fd47bcfd78,ed69610d3f2362af391c11ab822fd3b66457fb8c748ace929b9726ba17378ec5,bb43d0ad549b7e57213aab7dca185a96972dab5a6e0ad093afcd5ecde5eef177,/workspace/pair-aware/results_v3/bf16/validation_only/true_pair/lambda_0p5/split_42/model_seed_13,True,v3,validation,1,validation,f1_macro,>,closest_to_zero_then_lower,15,positive_class_equal_width,true_pair,neuralmind/bert-large-portuguese-cased,aa302f6ea73b759f7df9cad58bd272127b67ec28,bf16,256,6,2e-05,8,0.01,0.1,linear,1.0,2,f1_macro,32.0,10000,0,1,0,1,4.0,0.5,False,,,,177.95675056695472,6.43624210357666,6.74609375,4,0.7783333333333333,6,2994,0.5,2994,0,299,0.208225098886651,15,positive_class_equal_width,0.20216799797320806,1.089586635037479,0.4522392086958434,0.5,0.4473684210526316,0.7789473684210526,0.7783333333333333,0.7820728291316527,0.7789473684210526,570.0,0.79,0.7523809523809524,0.8315789473684211,285.0,0.7666666666666667,0.8117647058823529,0.7263157894736842,285.0,0.7783333333333334,0.7820728291316527,0.7789473684210526,570.0,0.7842105263157895,0.7838586063489029,0.7860736591652622,0.7842105263157895,570.0,0.7925801011804384,0.762987012987013,0.8245614035087719,285.0,0.7751371115173674,0.8091603053435115,0.743859649122807,285.0,0.7838586063489028,0.7860736591652623,0.7842105263157895,570.0,0.7789473684210526,0.7783333333333333,0.79,0.7666666666666667,0.7783333333333334,78,48,0.7820728291316527,0.7523809523809524,0.8117647058823529,0.7820728291316527,0.7789473684210526,0.8315789473684211,0.7263157894736842,0.7789473684210526,237,207,0.7842105263157895,0.7838586063489029,0.7925801011804384,0.7751371115173674,0.7838586063489028,73,50,0.7860736591652622,0.762987012987013,0.8091603053435115,0.7860736591652623,0.45964912280701753,0.7842105263157895,0.8245614035087719,0.743859649122807,0.7842105263157895,235,212,14.921875,7.172497772752193,8.587890625,-13.6875,285,0.5754385964912281,0.8701754385964913,0,6.25551953094066,14.921875,7.172497772752193,8.587890625,-13.6875,285,0.5859649122807018,0.8701754385964913,0,6.25551953094066,354,>,0.7783333333333333,validation,f1_macro,0.22918998783130135,-1.212890625,closest_to_zero_then_lower,0.7838586063489029,,,,,,,,,,,,,,,,,,,,,,,,,,,,,,,,,,,,,,,,,,,,,,,,,,,,,,,,,,,,,,,,,,,,,,,,,,,,,,,,,,,,,,,,,,,,,,,,
true_pair,42,40,0.5,validation,screening,6382d1d0412421631910593c65377824381530919d44e0258ed81d4e3f89cc7c,d96752aef203095472130057c7e4d16b56e8b3c22646d8f7fade12fd47bcfd78,ed69610d3f2362af391c11ab822fd3b66457fb8c748ace929b9726ba17378ec5,bb43d0ad549b7e57213aab7dca185a96972dab5a6e0ad093afcd5ecde5eef177,/workspace/pair-aware/results_v3/bf16/validation_only/true_pair/lambda_0p5/split_42/model_seed_40,True,v3,validation,1,validation,f1_macro,>,closest_to_zero_then_lower,15,positive_class_equal_width,true_pair,neuralmind/bert-large-portuguese-cased,aa302f6ea73b759f7df9cad58bd272127b67ec28,bf16,256,6,2e-05,8,0.01,0.1,linear,1.0,2,f1_macro,32.0,10000,0,1,0,1,4.0,0.5,False,,,,179.33909279189538,6.43624210357666,6.74609375,5,0.7675941484629831,6,2994,0.5,2994,0,299,0.21904202599148617,15,positive_class_equal_width,0.21593521043012673,1.3910065800759783,0.43704493578157866,0.5,0.44035087719298244,0.7684210526315789,0.7675941484629831,0.7722963943598646,0.7684210526315789,570.0,0.7814569536423841,0.7398119122257053,0.8280701754385965,285.0,0.753731343283582,0.8047808764940239,0.7087719298245614,285.0,0.767594148462983,0.7722963943598645,0.7684210526315789,570.0,0.7859649122807018,0.7858990147783251,0.7863174114021572,0.7859649122807018,570.0,0.7896551724137931,0.7762711864406779,0.8035087719298246,285.0,0.7821428571428571,0.7963636363636364,0.7684210526315789,285.0,0.7858990147783251,0.7863174114021572,0.7859649122807018,570.0,0.7684210526315789,0.7675941484629831,0.7814569536423841,0.753731343283582,0.767594148462983,83,49,0.7722963943598646,0.7398119122257053,0.8047808764940239,0.7722963943598645,0.7684210526315789,0.8280701754385965,0.7087719298245614,0.7684210526315789,236,202,0.7859649122807018,0.7858990147783251,0.7896551724137931,0.7821428571428571,0.7858990147783251,66,56,0.7863174114021572,0.7762711864406779,0.7963636363636364,0.7863174114021572,0.4824561403508772,0.7859649122807018,0.8035087719298246,0.7684210526315789,0.7859649122807018,229,219,17.375,8.257415503786321,10.3125,-16.296875,285,0.5649122807017544,0.8842105263157894,1,7.426899357698187,17.375,8.257415503786321,10.3125,-16.296875,285,0.5929824561403508,0.8842105263157894,1,7.426899357698187,336,>,0.7675941484629831,validation,f1_macro,0.024609928625961938,-3.6796875,closest_to_zero_then_lower,0.7858990147783251,,,,,,,,,,,,,,,,,,,,,,,,,,,,,,,,,,,,,,,,,,,,,,,,,,,,,,,,,,,,,,,,,,,,,,,,,,,,,,,,,,,,,,,,,,,,,,,,
true_pair,42,101,0.5,validation,screening,256a5969f7379b3ba0dc96344fec878acdd87deff383baa164ea9edc173b860a,d96752aef203095472130057c7e4d16b56e8b3c22646d8f7fade12fd47bcfd78,ed69610d3f2362af391c11ab822fd3b66457fb8c748ace929b9726ba17378ec5,bb43d0ad549b7e57213aab7dca185a96972dab5a6e0ad093afcd5ecde5eef177,/workspace/pair-aware/results_v3/bf16/validation_only/true_pair/lambda_0p5/split_42/model_seed_101,True,v3,validation,1,validation,f1_macro,>,closest_to_zero_then_lower,15,positive_class_equal_width,true_pair,neuralmind/bert-large-portuguese-cased,aa302f6ea73b759f7df9cad58bd272127b67ec28,bf16,256,6,2e-05,8,0.01,0.1,linear,1.0,2,f1_macro,32.0,10000,0,1,0,1,4.0,0.5,False,,,,148.31910475704353,6.43624210357666,6.74609375,3,0.777109973243344,5,2495,0.5,2994,0,299,0.19351266705426634,15,positive_class_equal_width,0.1722371676723121,0.7869981951992342,0.4828691176797579,0.5,0.4807017543859649,0.7771929824561403,0.777109973243344,0.7776065298875519,0.7771929824561403,570.0,0.7814113597246127,0.7668918918918919,0.7964912280701755,285.0,0.7728085867620751,0.7883211678832117,0.7578947368421053,285.0,0.7771099732433439,0.7776065298875519,0.7771929824561403,570.0,0.7807017543859649,0.7805876248340935,0.7812870114488748,0.7807017543859649,570.0,0.7855917667238422,0.7684563758389261,0.8035087719298246,285.0,0.7755834829443446,0.7941176470588235,0.7578947368421053,285.0,0.7805876248340935,0.7812870114488748,0.7807017543859649,570.0,0.7771929824561403,0.777109973243344,0.7814113597246127,0.7728085867620751,0.7771099732433439,69,58,0.7776065298875519,0.7668918918918919,0.7883211678832117,0.7776065298875519,0.7771929824561403,0.7964912280701755,0.7578947368421053,0.7771929824561403,227,216,0.7807017543859649,0.7805876248340935,0.7855917667238422,0.7755834829443446,0.7805876248340935,69,56,0.7812870114488748,0.7684563758389261,0.7941176470588235,0.7812870114488748,0.47719298245614034,0.7807017543859649,0.8035087719298246,0.7578947368421053,0.7807017543859649,229,216,11.953125,4.946468892013818,5.4609375,-9.0078125,285,0.5789473684210527,0.8842105263157894,0,4.196155898416805,11.953125,4.946468892013818,5.4609375,-9.0078125,285,0.5824561403508772,0.8842105263157894,0,4.196155898416805,418,>,0.777109973243344,validation,f1_macro,0.502949442030937,0.011797904968261719,closest_to_zero_then_lower,0.7805876248340935,,,,,,,,,,,,,,,,,,,,,,,,,,,,,,,,,,,,,,,,,,,,,,,,,,,,,,,,,,,,,,,,,,,,,,,,,,,,,,,,,,,,,,,,,,,,,,,,
true_pair,73,13,0.5,validation,screening,992b12164f3a8dc764d3b7eb9cae0445b73ecdc100e962fe8481bcd63737e0f6,d96752aef203095472130057c7e4d16b56e8b3c22646d8f7fade12fd47bcfd78,13da7362da5a91f87c78ef27ecce6939441c8b6b383319781bcd155a34ade1e4,bb43d0ad549b7e57213aab7dca185a96972dab5a6e0ad093afcd5ecde5eef177,/workspace/pair-aware/results_v3/bf16/validation_only/true_pair/lambda_0p5/split_73/model_seed_13,True,v3,validation,1,validation,f1_macro,>,closest_to_zero_then_lower,15,positive_class_equal_width,true_pair,neuralmind/bert-large-portuguese-cased,aa302f6ea73b759f7df9cad58bd272127b67ec28,bf16,256,6,2e-05,8,0.01,0.1,linear,1.0,2,f1_macro,32.0,10000,0,1,0,1,4.0,0.5,False,,,,179.22983365005348,6.43624210357666,6.74609375,5,0.7684643983392196,6,2994,0.5,2994,0,299,0.21455024874781697,15,positive_class_equal_width,0.2145110674545177,1.189274738124411,0.42175473018837684,0.5,0.41403508771929826,0.7701754385964912,0.7684643983392196,0.7784050542981833,0.7701754385964912,570.0,0.7883683360258481,0.7305389221556886,0.856140350877193,285.0,0.7485604606525912,0.826271186440678,0.6842105263157895,285.0,0.7684643983392196,0.7784050542981833,0.7701754385964912,570.0,0.7824561403508772,0.782413279316332,0.7826788728576533,0.7824561403508772,570.0,0.7854671280276817,0.7747440273037542,0.7964912280701755,285.0,0.7793594306049823,0.7906137184115524,0.7684210526315789,285.0,0.782413279316332,0.7826788728576533,0.7824561403508772,570.0,0.7701754385964912,0.7684643983392196,0.7883683360258481,0.7485604606525912,0.7684643983392196,90,41,0.7784050542981833,0.7305389221556886,0.826271186440678,0.7784050542981833,0.7701754385964912,0.856140350877193,0.6842105263157895,0.7701754385964912,244,195,0.7824561403508772,0.782413279316332,0.7854671280276817,0.7793594306049823,0.782413279316332,66,58,0.7826788728576533,0.7747440273037542,0.7906137184115524,0.7826788728576533,0.48596491228070177,0.7824561403508772,0.7964912280701755,0.7684210526315789,0.7824561403508772,227,219,16.6875,7.47074981154057,9.1875,-14.609375,285,0.5578947368421052,0.8631578947368421,2,6.687752811320556,16.6875,7.47074981154057,9.1875,-14.609375,285,0.5929824561403508,0.8631578947368421,2,6.687752811320556,404,>,0.7684643983392196,validation,f1_macro,0.06187598572364272,-2.71875,closest_to_zero_then_lower,0.782413279316332,,,,,,,,,,,,,,,,,,,,,,,,,,,,,,,,,,,,,,,,,,,,,,,,,,,,,,,,,,,,,,,,,,,,,,,,,,,,,,,,,,,,,,,,,,,,,,,,
true_pair,73,40,0.5,validation,screening,a13079d53213c27299685f89bb60b1272f46a77754a6358e7c830271f10559f6,d96752aef203095472130057c7e4d16b56e8b3c22646d8f7fade12fd47bcfd78,13da7362da5a91f87c78ef27ecce6939441c8b6b383319781bcd155a34ade1e4,bb43d0ad549b7e57213aab7dca185a96972dab5a6e0ad093afcd5ecde5eef177,/workspace/pair-aware/results_v3/bf16/validation_only/true_pair/lambda_0p5/split_73/model_seed_40,True,v3,validation,1,validation,f1_macro,>,closest_to_zero_then_lower,15,positive_class_equal_width,true_pair,neuralmind/bert-large-portuguese-cased,aa302f6ea73b759f7df9cad58bd272127b67ec28,bf16,256,6,2e-05,8,0.01,0.1,linear,1.0,2,f1_macro,32.0,10000,0,1,0,1,4.0,0.5,False,,,,178.68212552100886,6.43624210357666,6.74609375,5,0.7695789964173191,6,2994,0.5,2994,0,299,0.21484099183745445,15,positive_class_equal_width,0.21054191718960508,1.272304330317182,0.4370224003583937,0.5,0.44912280701754387,0.7701754385964912,0.7695789964173191,0.7730020899681529,0.7701754385964912,570.0,0.7813021702838063,0.7452229299363057,0.8210526315789474,285.0,0.7578558225508318,0.80078125,0.7192982456140351,285.0,0.7695789964173191,0.7730020899681529,0.7701754385964912,570.0,0.7824561403508772,0.7822389825495415,0.7835873474987949,0.7824561403508772,570.0,0.7753623188405797,0.8014981273408239,0.7508771929824561,285.0,0.7891156462585034,0.7656765676567657,0.8140350877192982,285.0,0.7822389825495415,0.7835873474987949,0.7824561403508772,570.0,0.7701754385964912,0.7695789964173191,0.7813021702838063,0.7578558225508318,0.7695789964173191,80,51,0.7730020899681529,0.7452229299363057,0.80078125,0.7730020899681529,0.7701754385964912,0.8210526315789474,0.7192982456140351,0.7701754385964912,234,205,0.7824561403508772,0.7822389825495415,0.7753623188405797,0.7891156462585034,0.7822389825495415,53,71,0.7835873474987949,0.8014981273408239,0.7656765676567657,0.7835873474987949,0.531578947368421,0.7824561403508772,0.7508771929824561,0.8140350877192982,0.7824561403508772,214,232,16.25,7.586612955729167,9.59765625,-13.375,285,0.5754385964912281,0.8385964912280702,2,7.015624678201224,16.25,7.586612955729167,9.59765625,-13.375,285,0.5894736842105263,0.8385964912280702,2,7.015624678201224,343,>,0.7695789964173191,validation,f1_macro,0.005730246514992079,-5.15625,closest_to_zero_then_lower,0.7822389825495415,,,,,,,,,,,,,,,,,,,,,,,,,,,,,,,,,,,,,,,,,,,,,,,,,,,,,,,,,,,,,,,,,,,,,,,,,,,,,,,,,,,,,,,,,,,,,,,,
true_pair,73,101,0.5,validation,screening,e1ceb2b2e46d9654a234f2792401ed1284ed7c84309114e48585dda256ced806,d96752aef203095472130057c7e4d16b56e8b3c22646d8f7fade12fd47bcfd78,13da7362da5a91f87c78ef27ecce6939441c8b6b383319781bcd155a34ade1e4,bb43d0ad549b7e57213aab7dca185a96972dab5a6e0ad093afcd5ecde5eef177,/workspace/pair-aware/results_v3/bf16/validation_only/true_pair/lambda_0p5/split_73/model_seed_101,True,v3,validation,1,validation,f1_macro,>,closest_to_zero_then_lower,15,positive_class_equal_width,true_pair,neuralmind/bert-large-portuguese-cased,aa302f6ea73b759f7df9cad58bd272127b67ec28,bf16,256,6,2e-05,8,0.01,0.1,linear,1.0,2,f1_macro,32.0,10000,0,1,0,1,4.0,0.5,False,,,,119.40224630199373,6.43624210357666,6.74609375,2,0.7622615277670503,4,1996,0.5,2994,0,299,0.17392287873112683,15,positive_class_equal_width,0.10086965402512446,0.5461266583749799,0.44415377204595263,0.5,0.43859649122807015,0.7631578947368421,0.7622615277670503,0.7671875,0.763157894736842,570.0,0.7768595041322314,0.734375,0.8245614035087719,285.0,0.7476635514018691,0.8,0.7017543859649122,285.0,0.7622615277670503,0.7671875,0.7631578947368421,570.0,0.7771929824561403,0.7771758368603309,0.7772783251231528,0.7771929824561403,570.0,0.7791304347826087,0.7724137931034483,0.7859649122807018,285.0,0.7752212389380531,0.7821428571428571,0.7684210526315789,285.0,0.7771758368603309,0.7772783251231526,0.7771929824561403,570.0,0.7631578947368421,0.7622615277670503,0.7768595041322314,0.7476635514018691,0.7622615277670503,85,50,0.7671875,0.734375,0.8,0.7671875,0.763157894736842,0.8245614035087719,0.7017543859649122,0.7631578947368421,235,200,0.7771929824561403,0.7771758368603309,0.7791304347826087,0.7752212389380531,0.7771758368603309,66,61,0.7772783251231528,0.7724137931034483,0.7821428571428571,0.7772783251231526,0.49122807017543857,0.7771929824561403,0.7859649122807018,0.7684210526315789,0.7771929824561403,224,219,7.2109375,2.7712344520970396,3.013916015625,-3.2265625,285,0.543859649122807,0.8526315789473684,0,2.481173241479681,7.2109375,2.7712344520970396,3.013916015625,-3.2265625,285,0.5649122807017544,0.8526315789473684,0,2.481173241479681,475,>,0.7622615277670503,validation,f1_macro,0.34180216611476727,-0.6552734375,closest_to_zero_then_lower,0.7771758368603309,,,,,,,,,,,,,,,,,,,,,,,,,,,,,,,,,,,,,,,,,,,,,,,,,,,,,,,,,,,,,,,,,,,,,,,,,,,,,,,,,,,,,,,,,,,,,,,,
true_pair,101,13,0.5,validation,screening,a31101a6f250e75fc50604c143a518f342dbdc81585d2cf13680314697323cfc,d96752aef203095472130057c7e4d16b56e8b3c22646d8f7fade12fd47bcfd78,8fa1106caddcf6eb0c1bec78a171b8f03f4615d846c63b3bb037293829723f0a,bb43d0ad549b7e57213aab7dca185a96972dab5a6e0ad093afcd5ecde5eef177,/workspace/pair-aware/results_v3/bf16/validation_only/true_pair/lambda_0p5/split_101/model_seed_13,True,v3,validation,1,validation,f1_macro,>,closest_to_zero_then_lower,15,positive_class_equal_width,true_pair,neuralmind/bert-large-portuguese-cased,aa302f6ea73b759f7df9cad58bd272127b67ec28,bf16,256,6,2e-05,8,0.01,0.1,linear,1.0,2,f1_macro,32.0,10000,0,1,0,1,4.0,0.5,False,,,,148.35737822495867,6.43624210357666,6.74609375,3,0.7788139351532473,5,2495,0.5,2994,0,299,0.19166517870013317,15,positive_class_equal_width,0.17829312171070555,0.7880103328569573,0.4752780869061816,0.5,0.47543859649122805,0.7789473684210526,0.7788139351532473,0.779622110602377,0.7789473684210526,570.0,0.7842465753424658,0.7658862876254181,0.8035087719298246,285.0,0.7733812949640287,0.7933579335793358,0.7543859649122807,285.0,0.7788139351532473,0.7796221106023771,0.7789473684210526,570.0,0.7912280701754386,0.7911760087925891,0.7915187814256137,0.7912280701754386,570.0,0.7878787878787878,0.8007246376811594,0.775438596491228,285.0,0.7944732297063903,0.782312925170068,0.8070175438596491,285.0,0.7911760087925891,0.7915187814256136,0.7912280701754386,570.0,0.7789473684210526,0.7788139351532473,0.7842465753424658,0.7733812949640287,0.7788139351532473,70,56,0.779622110602377,0.7658862876254181,0.7933579335793358,0.7796221106023771,0.7789473684210526,0.8035087719298246,0.7543859649122807,0.7789473684210526,229,215,0.7912280701754386,0.7911760087925891,0.7878787878787878,0.7944732297063903,0.7911760087925891,55,64,0.7915187814256137,0.8007246376811594,0.782312925170068,0.7915187814256136,0.5157894736842106,0.7912280701754386,0.775438596491228,0.8070175438596491,0.7912280701754386,221,230,12.921875,5.56633375736705,7.06640625,-11.140625,285,0.5929824561403508,0.8596491228070176,0,4.944459899716446,12.921875,5.56633375736705,7.06640625,-11.140625,285,0.6,0.8596491228070176,0,4.944459899716446,413,>,0.7788139351532473,validation,f1_macro,0.16776334721819922,-1.6015625,closest_to_zero_then_lower,0.7911760087925891,,,,,,,,,,,,,,,,,,,,,,,,,,,,,,,,,,,,,,,,,,,,,,,,,,,,,,,,,,,,,,,,,,,,,,,,,,,,,,,,,,,,,,,,,,,,,,,,
true_pair,101,40,0.5,validation,screening,3b6d8254f84aa5bfbe2190379f5d0994504f35a536df54ef340e5c900a142d39,d96752aef203095472130057c7e4d16b56e8b3c22646d8f7fade12fd47bcfd78,8fa1106caddcf6eb0c1bec78a171b8f03f4615d846c63b3bb037293829723f0a,bb43d0ad549b7e57213aab7dca185a96972dab5a6e0ad093afcd5ecde5eef177,/workspace/pair-aware/results_v3/bf16/validation_only/true_pair/lambda_0p5/split_101/model_seed_40,True,v3,validation,1,validation,f1_macro,>,closest_to_zero_then_lower,15,positive_class_equal_width,true_pair,neuralmind/bert-large-portuguese-cased,aa302f6ea73b759f7df9cad58bd272127b67ec28,bf16,256,6,2e-05,8,0.01,0.1,linear,1.0,2,f1_macro,32.0,10000,0,1,0,1,4.0,0.5,False,,,,179.07456916407682,6.43624210357666,6.74609375,5,0.7568645521656148,6,2994,0.5,2994,0,299,0.23143611656409965,15,positive_class_equal_width,0.22974567081424913,1.3715171909801172,0.39176208513212074,0.5,0.3929824561403509,0.7596491228070176,0.7568645521656148,0.7721149876135425,0.7596491228070176,570.0,0.7828843106180665,0.7138728323699421,0.8666666666666667,285.0,0.730844793713163,0.8303571428571429,0.6526315789473685,285.0,0.7568645521656149,0.7721149876135426,0.7596491228070176,570.0,0.7824561403508772,0.782284594817708,0.7833491830206623,0.7824561403508772,570.0,0.78839590443686,0.7674418604651163,0.8105263157894737,285.0,0.776173285198556,0.7992565055762082,0.7543859649122807,285.0,0.7822845948177081,0.7833491830206621,0.7824561403508772,570.0,0.7596491228070176,0.7568645521656148,0.7828843106180665,0.730844793713163,0.7568645521656149,99,38,0.7721149876135425,0.7138728323699421,0.8303571428571429,0.7721149876135426,0.7596491228070176,0.8666666666666667,0.6526315789473685,0.7596491228070176,247,186,0.7824561403508772,0.782284594817708,0.78839590443686,0.776173285198556,0.7822845948177081,70,54,0.7833491830206623,0.7674418604651163,0.7992565055762082,0.7833491830206621,0.47192982456140353,0.7824561403508772,0.8105263157894737,0.7543859649122807,0.7824561403508772,231,215,16.421875,7.114796849300987,8.298828125,-15.875,285,0.5543859649122806,0.8350877192982457,1,7.160360577315544,16.421875,7.114796849300987,8.298828125,-15.875,285,0.5894736842105263,0.8350877192982457,1,7.160360577315544,359,>,0.7568645521656148,validation,f1_macro,0.010013570623173138,-4.59375,closest_to_zero_then_lower,0.782284594817708,,,,,,,,,,,,,,,,,,,,,,,,,,,,,,,,,,,,,,,,,,,,,,,,,,,,,,,,,,,,,,,,,,,,,,,,,,,,,,,,,,,,,,,,,,,,,,,,
true_pair,101,101,0.5,validation,screening,d23d35293a5855d53d348a80ede34cdcff87d862d84755fec16eb81e207f3d24,d96752aef203095472130057c7e4d16b56e8b3c22646d8f7fade12fd47bcfd78,8fa1106caddcf6eb0c1bec78a171b8f03f4615d846c63b3bb037293829723f0a,bb43d0ad549b7e57213aab7dca185a96972dab5a6e0ad093afcd5ecde5eef177,/workspace/pair-aware/results_v3/bf16/validation_only/true_pair/lambda_0p5/split_101/model_seed_101,True,v3,validation,1,validation,f1_macro,>,closest_to_zero_then_lower,15,positive_class_equal_width,true_pair,neuralmind/bert-large-portuguese-cased,aa302f6ea73b759f7df9cad58bd272127b67ec28,bf16,256,6,2e-05,8,0.01,0.1,linear,1.0,2,f1_macro,32.0,10000,0,1,0,1,4.0,0.5,False,,,,180.3933777010534,6.43624210357666,6.74609375,6,0.7653311706201189,6,2994,0.5,2994,0,299,0.22492800995609513,15,positive_class_equal_width,0.22692053143323787,1.434202624537345,0.4263872227551688,0.5,0.4245614035087719,0.7666666666666667,0.7653311706201189,0.7728784519250151,0.7666666666666666,570.0,0.7830342577487766,0.7317073170731707,0.8421052631578947,285.0,0.7476280834914611,0.8140495867768595,0.6912280701754386,285.0,0.7653311706201189,0.7728784519250151,0.7666666666666667,570.0,0.7807017543859649,0.7805065139505438,0.7817040624691114,0.7807017543859649,570.0,0.787052810902896,0.7649006622516556,0.8105263157894737,285.0,0.7739602169981917,0.7985074626865671,0.7508771929824561,285.0,0.7805065139505439,0.7817040624691114,0.7807017543859649,570.0,0.7666666666666667,0.7653311706201189,0.7830342577487766,0.7476280834914611,0.7653311706201189,88,45,0.7728784519250151,0.7317073170731707,0.8140495867768595,0.7728784519250151,0.7666666666666666,0.8421052631578947,0.6912280701754386,0.7666666666666667,240,197,0.7807017543859649,0.7805065139505438,0.787052810902896,0.7739602169981917,0.7805065139505439,71,54,0.7817040624691114,0.7649006622516556,0.7985074626865671,0.7817040624691114,0.47017543859649125,0.7807017543859649,0.8105263157894737,0.7508771929824561,0.7807017543859649,231,214,16.375,8.007176877741228,11.09375,-16.3125,285,0.5719298245614035,0.8175438596491228,1,7.83530764611649,16.375,8.007176877741228,11.09375,-16.3125,285,0.5929824561403508,0.8175438596491228,1,7.83530764611649,322,>,0.7653311706201189,validation,f1_macro,0.019719128107346585,-3.90625,closest_to_zero_then_lower,0.7805065139505438,,,,,,,,,,,,,,,,,,,,,,,,,,,,,,,,,,,,,,,,,,,,,,,,,,,,,,,,,,,,,,,,,,,,,,,,,,,,,,,,,,,,,,,,,,,,,,,,
true_pair,13,13,1.0,validation,screening,53ed918de94d440e5bd4c163c8d58efc53ab0841bb4264b8b6ef6b25f065f32c,d7c5a5944cb47ad77a71c86e1293e6cdfb4eafb5defc6502746beaccb236e696,0408158bfbf5a1ca3328d04ddad80f5c3e933f8182d3f4e6e18871b17bfb46e2,bb43d0ad549b7e57213aab7dca185a96972dab5a6e0ad093afcd5ecde5eef177,/workspace/pair-aware/results_v3/bf16/validation_only/true_pair/lambda_1p0/split_13/model_seed_13,True,v3,validation,1,validation,f1_macro,>,closest_to_zero_then_lower,15,positive_class_equal_width,true_pair,neuralmind/bert-large-portuguese-cased,aa302f6ea73b759f7df9cad58bd272127b67ec28,bf16,256,6,2e-05,8,0.01,0.1,linear,1.0,2,f1_macro,32.0,10000,0,1,0,1,4.0,1.0,False,,,,178.61786220199428,6.43624210357666,6.74609375,4,0.8051282051282052,6,2994,1.0,2994,0,299,0.18367052128703554,15,positive_class_equal_width,0.18141129602052544,0.962765983099773,0.4695136538016542,0.5,0.47368421052631576,0.8052631578947368,0.8051282051282052,0.8061111111111111,0.8052631578947369,570.0,0.8102564102564103,0.79,0.8315789473684211,285.0,0.8,0.8222222222222222,0.7789473684210526,285.0,0.805128205128205,0.8061111111111111,0.8052631578947368,570.0,0.8070175438596491,0.8069581280788177,0.8073959938366718,0.8070175438596492,570.0,0.8103448275862069,0.7966101694915254,0.8245614035087719,285.0,0.8035714285714286,0.8181818181818182,0.7894736842105263,285.0,0.8069581280788176,0.8073959938366718,0.8070175438596491,570.0,0.8052631578947368,0.8051282051282052,0.8102564102564103,0.8,0.805128205128205,63,48,0.8061111111111111,0.79,0.8222222222222222,0.8061111111111111,0.8052631578947369,0.8315789473684211,0.7789473684210526,0.8052631578947368,237,222,0.8070175438596491,0.8069581280788177,0.8103448275862069,0.8035714285714286,0.8069581280788176,60,50,0.8073959938366718,0.7966101694915254,0.8181818181818182,0.8073959938366718,0.4824561403508772,0.8070175438596492,0.8245614035087719,0.7894736842105263,0.8070175438596491,235,225,15.453125,7.452858801055373,9.6328125,-12.015625,285,0.6350877192982456,0.8947368421052632,0,6.029292344191135,15.453125,7.452858801055373,9.6328125,-12.015625,285,0.6385964912280702,0.8947368421052632,0,6.029292344191135,395,>,0.8051282051282052,validation,f1_macro,0.2877678157610531,-0.90625,closest_to_zero_then_lower,0.8069581280788177,,,,,,,,,,,,,,,,,,,,,,,,,,,,,,,,,,,,,,,,,,,,,,,,,,,,,,,,,,,,,,,,,,,,,,,,,,,,,,,,,,,,,,,,,,,,,,,,
true_pair,13,40,1.0,validation,screening,8d8c8f57bbf1d0f0a523000b31ed53afd9b5fae3a93f1c455757382af7431e56,d7c5a5944cb47ad77a71c86e1293e6cdfb4eafb5defc6502746beaccb236e696,0408158bfbf5a1ca3328d04ddad80f5c3e933f8182d3f4e6e18871b17bfb46e2,bb43d0ad549b7e57213aab7dca185a96972dab5a6e0ad093afcd5ecde5eef177,/workspace/pair-aware/results_v3/bf16/validation_only/true_pair/lambda_1p0/split_13/model_seed_40,True,v3,validation,1,validation,f1_macro,>,closest_to_zero_then_lower,15,positive_class_equal_width,true_pair,neuralmind/bert-large-portuguese-cased,aa302f6ea73b759f7df9cad58bd272127b67ec28,bf16,256,6,2e-05,8,0.01,0.1,linear,1.0,2,f1_macro,32.0,10000,0,1,0,1,4.0,1.0,False,,,,178.84982267394662,6.43624210357666,6.74609375,5,0.8122662562524048,6,2994,1.0,2994,0,299,0.18047033278848265,15,positive_class_equal_width,0.18056136763576314,1.135920893949314,0.4888838805319009,0.5,0.49122807017543857,0.8122807017543859,0.8122662562524048,0.8123768472906403,0.812280701754386,570.0,0.8139130434782609,0.8068965517241379,0.8210526315789474,285.0,0.8106194690265487,0.8178571428571428,0.8035087719298246,285.0,0.8122662562524048,0.8123768472906404,0.8122807017543859,570.0,0.8157894736842105,0.8157208440200875,0.8162606036693628,0.8157894736842106,570.0,0.8121645796064401,0.8284671532846716,0.7964912280701755,285.0,0.8192771084337349,0.8040540540540541,0.8350877192982457,285.0,0.8157208440200875,0.8162606036693628,0.8157894736842105,570.0,0.8122807017543859,0.8122662562524048,0.8139130434782609,0.8106194690265487,0.8122662562524048,56,51,0.8123768472906403,0.8068965517241379,0.8178571428571428,0.8123768472906404,0.812280701754386,0.8210526315789474,0.8035087719298246,0.8122807017543859,234,229,0.8157894736842105,0.8157208440200875,0.8121645796064401,0.8192771084337349,0.8157208440200875,47,58,0.8162606036693628,0.8284671532846716,0.8040540540540541,0.8162606036693628,0.519298245614035,0.8157894736842106,0.7964912280701755,0.8350877192982457,0.8157894736842105,227,238,16.21875,9.23550233004386,13.078125,-15.296875,285,0.6385964912280702,0.8631578947368421,1,7.072943609567928,16.21875,9.23550233004386,13.078125,-15.296875,285,0.6456140350877193,0.8631578947368421,1,7.072943609567928,273,>,0.8122662562524048,validation,f1_macro,0.03234433238115709,-3.3984375,closest_to_zero_then_lower,0.8157208440200875,,,,,,,,,,,,,,,,,,,,,,,,,,,,,,,,,,,,,,,,,,,,,,,,,,,,,,,,,,,,,,,,,,,,,,,,,,,,,,,,,,,,,,,,,,,,,,,,
true_pair,13,101,1.0,validation,screening,374f7fcd12c5116825a92b06ccba9dca9bdd84ba4408e1a2468548a8879bb426,d7c5a5944cb47ad77a71c86e1293e6cdfb4eafb5defc6502746beaccb236e696,0408158bfbf5a1ca3328d04ddad80f5c3e933f8182d3f4e6e18871b17bfb46e2,bb43d0ad549b7e57213aab7dca185a96972dab5a6e0ad093afcd5ecde5eef177,/workspace/pair-aware/results_v3/bf16/validation_only/true_pair/lambda_1p0/split_13/model_seed_101,True,v3,validation,1,validation,f1_macro,>,closest_to_zero_then_lower,15,positive_class_equal_width,true_pair,neuralmind/bert-large-portuguese-cased,aa302f6ea73b759f7df9cad58bd272127b67ec28,bf16,256,6,2e-05,8,0.01,0.1,linear,1.0,2,f1_macro,32.0,10000,0,1,0,1,4.0,1.0,False,,,,120.145870871027,6.43624210357666,6.74609375,2,0.7947058805421563,4,1996,1.0,2994,0,299,0.16572726583549904,15,positive_class_equal_width,0.1247675562514118,0.5824899416621522,0.48120707294491505,0.5,0.48771929824561405,0.7947368421052632,0.7947058805421563,0.7949147531290037,0.7947368421052632,570.0,0.7972270363951474,0.7876712328767124,0.8070175438596491,285.0,0.7921847246891652,0.802158273381295,0.7824561403508772,285.0,0.7947058805421563,0.7949147531290037,0.7947368421052632,570.0,0.8070175438596491,0.8069581280788177,0.8073959938366718,0.8070175438596492,570.0,0.8035714285714286,0.8181818181818182,0.7894736842105263,285.0,0.8103448275862069,0.7966101694915254,0.8245614035087719,285.0,0.8069581280788176,0.8073959938366718,0.8070175438596491,570.0,0.7947368421052632,0.7947058805421563,0.7972270363951474,0.7921847246891652,0.7947058805421563,62,55,0.7949147531290037,0.7876712328767124,0.802158273381295,0.7949147531290037,0.7947368421052632,0.8070175438596491,0.7824561403508772,0.7947368421052632,230,223,0.8070175438596491,0.8069581280788177,0.8035714285714286,0.8103448275862069,0.8069581280788176,50,60,0.8073959938366718,0.8181818181818182,0.7966101694915254,0.8073959938366718,0.5175438596491229,0.8070175438596492,0.7894736842105263,0.8245614035087719,0.8070175438596491,225,235,9.8671875,4.408948503460801,5.09375,-6.0546875,285,0.6105263157894737,0.887719298245614,0,3.4869056062547212,9.8671875,4.408948503460801,5.09375,-6.0546875,285,0.6280701754385964,0.887719298245614,0,3.4869056062547212,464,>,0.7947058805421563,validation,f1_macro,0.35615269173009984,-0.59210205078125,closest_to_zero_then_lower,0.8069581280788177,,,,,,,,,,,,,,,,,,,,,,,,,,,,,,,,,,,,,,,,,,,,,,,,,,,,,,,,,,,,,,,,,,,,,,,,,,,,,,,,,,,,,,,,,,,,,,,,
true_pair,21,13,1.0,validation,screening,10ed6cd8ee07cc5d905fdb7033fd2ee7291c3f3a2a9d05458903ed9d352363b6,d7c5a5944cb47ad77a71c86e1293e6cdfb4eafb5defc6502746beaccb236e696,ca3ef356e825e341ddf0a4066037de4a278a1671b324c5e6048a65ae99638be7,bb43d0ad549b7e57213aab7dca185a96972dab5a6e0ad093afcd5ecde5eef177,/workspace/pair-aware/results_v3/bf16/validation_only/true_pair/lambda_1p0/split_21/model_seed_13,True,v3,validation,1,validation,f1_macro,>,closest_to_zero_then_lower,15,positive_class_equal_width,true_pair,neuralmind/bert-large-portuguese-cased,aa302f6ea73b759f7df9cad58bd272127b67ec28,bf16,256,6,2e-05,8,0.01,0.1,linear,1.0,2,f1_macro,32.0,10000,0,1,0,1,4.0,1.0,False,,,,119.3078055990627,6.43624210357666,6.74609375,2,0.7751617873651772,4,1996,1.0,2994,0,299,0.16703623986923197,15,positive_class_equal_width,0.10260952973420075,0.5299005971344704,0.4892064916204739,0.5,0.4649122807017544,0.775438596491228,0.7751617873651772,0.7768017321373337,0.775438596491228,570.0,0.7830508474576271,0.7573770491803279,0.8105263157894737,285.0,0.7672727272727272,0.7962264150943397,0.7403508771929824,285.0,0.7751617873651772,0.7768017321373337,0.775438596491228,570.0,0.787719298245614,0.787702962677953,0.787807881773399,0.787719298245614,570.0,0.7858407079646018,0.7928571428571428,0.7789473684210526,285.0,0.7895652173913044,0.7827586206896552,0.7964912280701755,285.0,0.7877029626779531,0.787807881773399,0.787719298245614,570.0,0.775438596491228,0.7751617873651772,0.7830508474576271,0.7672727272727272,0.7751617873651772,74,54,0.7768017321373337,0.7573770491803279,0.7962264150943397,0.7768017321373337,0.775438596491228,0.8105263157894737,0.7403508771929824,0.775438596491228,231,211,0.787719298245614,0.787702962677953,0.7858407079646018,0.7895652173913044,0.7877029626779531,58,63,0.787807881773399,0.7928571428571428,0.7827586206896552,0.787807881773399,0.5087719298245614,0.787719298245614,0.7789473684210526,0.7964912280701755,0.787719298245614,222,227,7.8515625,3.031688382332785,3.32470703125,-3.189453125,285,0.5614035087719298,0.8842105263157894,0,2.544070022454028,7.8515625,3.031688382332785,3.32470703125,-3.189453125,285,0.5789473684210527,0.8842105263157894,0,2.544070022454028,469,>,0.7751617873651772,validation,f1_macro,0.37011155286261094,-0.53173828125,closest_to_zero_then_lower,0.787702962677953,,,,,,,,,,,,,,,,,,,,,,,,,,,,,,,,,,,,,,,,,,,,,,,,,,,,,,,,,,,,,,,,,,,,,,,,,,,,,,,,,,,,,,,,,,,,,,,,
true_pair,21,40,1.0,validation,screening,5268f58c9787f037bdf04240a02376e66f2319d11c470c76b833777d9c993634,d7c5a5944cb47ad77a71c86e1293e6cdfb4eafb5defc6502746beaccb236e696,ca3ef356e825e341ddf0a4066037de4a278a1671b324c5e6048a65ae99638be7,bb43d0ad549b7e57213aab7dca185a96972dab5a6e0ad093afcd5ecde5eef177,/workspace/pair-aware/results_v3/bf16/validation_only/true_pair/lambda_1p0/split_21/model_seed_40,True,v3,validation,1,validation,f1_macro,>,closest_to_zero_then_lower,15,positive_class_equal_width,true_pair,neuralmind/bert-large-portuguese-cased,aa302f6ea73b759f7df9cad58bd272127b67ec28,bf16,256,6,2e-05,8,0.01,0.1,linear,1.0,2,f1_macro,32.0,10000,0,1,0,1,4.0,1.0,False,,,,179.55711847997736,6.43624210357666,6.74609375,4,0.7730128203149358,6,2994,1.0,2994,0,299,0.21426339601259645,15,positive_class_equal_width,0.2157165991842689,1.1892175965118994,0.44152237415875917,0.5,0.4456140350877193,0.7736842105263158,0.7730128203149358,0.7769610286056015,0.7736842105263158,570.0,0.7853577371048253,0.7468354430379747,0.8280701754385965,285.0,0.7606679035250464,0.8070866141732284,0.7192982456140351,285.0,0.7730128203149358,0.7769610286056015,0.7736842105263158,570.0,0.7824561403508772,0.7824561403508772,0.7824561403508772,0.7824561403508772,570.0,0.7824561403508772,0.7824561403508772,0.7824561403508772,285.0,0.7824561403508772,0.7824561403508772,0.7824561403508772,285.0,0.7824561403508772,0.7824561403508772,0.7824561403508772,570.0,0.7736842105263158,0.7730128203149358,0.7853577371048253,0.7606679035250464,0.7730128203149358,80,49,0.7769610286056015,0.7468354430379747,0.8070866141732284,0.7769610286056015,0.7736842105263158,0.8280701754385965,0.7192982456140351,0.7736842105263158,236,205,0.7824561403508772,0.7824561403508772,0.7824561403508772,0.7824561403508772,0.7824561403508772,62,62,0.7824561403508772,0.7824561403508772,0.7824561403508772,0.7824561403508772,0.5,0.7824561403508772,0.7824561403508772,0.7824561403508772,0.7824561403508772,223,223,14.578125,6.856626704701206,8.10546875,-13.84375,285,0.5649122807017544,0.8596491228070176,1,6.07540498989766,14.578125,6.856626704701206,8.10546875,-13.84375,285,0.5789473684210527,0.8596491228070176,1,6.07540498989766,341,>,0.7730128203149358,validation,f1_macro,0.022629200033037252,-3.765625,closest_to_zero_then_lower,0.7824561403508772,,,,,,,,,,,,,,,,,,,,,,,,,,,,,,,,,,,,,,,,,,,,,,,,,,,,,,,,,,,,,,,,,,,,,,,,,,,,,,,,,,,,,,,,,,,,,,,,
true_pair,21,101,1.0,validation,screening,5b11a35ce526ff158498bd4557abb01528c4f9e27ee18e31ae972a00edc8a687,d7c5a5944cb47ad77a71c86e1293e6cdfb4eafb5defc6502746beaccb236e696,ca3ef356e825e341ddf0a4066037de4a278a1671b324c5e6048a65ae99638be7,bb43d0ad549b7e57213aab7dca185a96972dab5a6e0ad093afcd5ecde5eef177,/workspace/pair-aware/results_v3/bf16/validation_only/true_pair/lambda_1p0/split_21/model_seed_101,True,v3,validation,1,validation,f1_macro,>,closest_to_zero_then_lower,15,positive_class_equal_width,true_pair,neuralmind/bert-large-portuguese-cased,aa302f6ea73b759f7df9cad58bd272127b67ec28,bf16,256,6,2e-05,8,0.01,0.1,linear,1.0,2,f1_macro,32.0,10000,0,1,0,1,4.0,1.0,False,,,,148.9726117850514,6.43624210357666,6.74609375,3,0.7762501893172524,5,2495,1.0,2994,0,299,0.20016495147684044,15,positive_class_equal_width,0.18824729725266431,0.9129622968620269,0.4300154853585035,0.5,0.43508771929824563,0.7771929824561403,0.7762501893172524,0.7819450010018032,0.7771929824561403,570.0,0.7907742998352554,0.7453416149068323,0.8421052631578947,285.0,0.7617260787992496,0.8185483870967742,0.712280701754386,285.0,0.7762501893172525,0.7819450010018033,0.7771929824561403,570.0,0.7842105263157895,0.7841567149704913,0.7844942324755989,0.7842105263157895,570.0,0.7807486631016043,0.7934782608695652,0.7684210526315789,285.0,0.7875647668393783,0.7755102040816326,0.8,285.0,0.7841567149704913,0.7844942324755989,0.7842105263157895,570.0,0.7771929824561403,0.7762501893172524,0.7907742998352554,0.7617260787992496,0.7762501893172525,82,45,0.7819450010018032,0.7453416149068323,0.8185483870967742,0.7819450010018033,0.7771929824561403,0.8421052631578947,0.712280701754386,0.7771929824561403,240,203,0.7842105263157895,0.7841567149704913,0.7807486631016043,0.7875647668393783,0.7841567149704913,57,66,0.7844942324755989,0.7934782608695652,0.7755102040816326,0.7844942324755989,0.5157894736842106,0.7842105263157895,0.7684210526315789,0.8,0.7842105263157895,219,228,14.328125,6.057470703125,6.51171875,-7.7109375,285,0.5649122807017544,0.8631578947368421,0,5.113162109702611,14.328125,6.057470703125,6.51171875,-7.7109375,285,0.5894736842105263,0.8631578947368421,0,5.113162109702611,409,>,0.7762501893172524,validation,f1_macro,0.05320620747238809,-2.87890625,closest_to_zero_then_lower,0.7841567149704913,,,,,,,,,,,,,,,,,,,,,,,,,,,,,,,,,,,,,,,,,,,,,,,,,,,,,,,,,,,,,,,,,,,,,,,,,,,,,,,,,,,,,,,,,,,,,,,,
true_pair,40,13,1.0,validation,screening,46cccfdffdd62c00d85d33d988c78d3d2bc7df22d05fb79295b781a2dbd02e82,d7c5a5944cb47ad77a71c86e1293e6cdfb4eafb5defc6502746beaccb236e696,cda10d0a5bd98b8fdfc5fa83e5af6da73433a71153c013f41c0811976cf6c4ae,bb43d0ad549b7e57213aab7dca185a96972dab5a6e0ad093afcd5ecde5eef177,/workspace/pair-aware/results_v3/bf16/validation_only/true_pair/lambda_1p0/split_40/model_seed_13,True,v3,validation,1,validation,f1_macro,>,closest_to_zero_then_lower,15,positive_class_equal_width,true_pair,neuralmind/bert-large-portuguese-cased,aa302f6ea73b759f7df9cad58bd272127b67ec28,bf16,256,6,2e-05,8,0.01,0.1,linear,1.0,2,f1_macro,32.0,10000,0,1,0,1,4.0,1.0,False,,,,179.46361805696506,6.43624210357666,6.74609375,5,0.753791852299794,6,2994,1.0,2994,0,299,0.2338423690786412,15,positive_class_equal_width,0.23472934468833337,1.5149804076279512,0.44498689396053265,0.5,0.45087719298245615,0.7543859649122807,0.753791852299794,0.7568652801432105,0.7543859649122807,570.0,0.7658862876254181,0.731629392971246,0.8035087719298246,285.0,0.7416974169741697,0.7821011673151751,0.7052631578947368,285.0,0.753791852299794,0.7568652801432105,0.7543859649122807,570.0,0.7649122807017544,0.7646776101745045,0.7659732265361368,0.7649122807017543,570.0,0.7721088435374149,0.7491749174917491,0.7964912280701755,285.0,0.7572463768115942,0.7827715355805244,0.7333333333333333,285.0,0.7646776101745046,0.7659732265361366,0.7649122807017544,570.0,0.7543859649122807,0.753791852299794,0.7658862876254181,0.7416974169741697,0.753791852299794,84,56,0.7568652801432105,0.731629392971246,0.7821011673151751,0.7568652801432105,0.7543859649122807,0.8035087719298246,0.7052631578947368,0.7543859649122807,229,201,0.7649122807017544,0.7646776101745045,0.7721088435374149,0.7572463768115942,0.7646776101745046,76,58,0.7659732265361368,0.7491749174917491,0.7827715355805244,0.7659732265361366,0.46842105263157896,0.7649122807017543,0.7964912280701755,0.7333333333333333,0.7649122807017544,227,209,18.09375,7.446982293379934,8.875,-14.046875,285,0.5263157894736842,0.8315789473684211,1,7.201737529248718,18.09375,7.446982293379934,8.875,-14.046875,285,0.5473684210526316,0.8315789473684211,1,7.201737529248718,375,>,0.753791852299794,validation,f1_macro,0.08449275397500923,-2.3828125,closest_to_zero_then_lower,0.7646776101745045,,,,,,,,,,,,,,,,,,,,,,,,,,,,,,,,,,,,,,,,,,,,,,,,,,,,,,,,,,,,,,,,,,,,,,,,,,,,,,,,,,,,,,,,,,,,,,,,
true_pair,40,40,1.0,validation,screening,3fe003236866a35b84c50e4f0f8fc43377c5727103b7d533fe098a26443a3143,d7c5a5944cb47ad77a71c86e1293e6cdfb4eafb5defc6502746beaccb236e696,cda10d0a5bd98b8fdfc5fa83e5af6da73433a71153c013f41c0811976cf6c4ae,bb43d0ad549b7e57213aab7dca185a96972dab5a6e0ad093afcd5ecde5eef177,/workspace/pair-aware/results_v3/bf16/validation_only/true_pair/lambda_1p0/split_40/model_seed_40,True,v3,validation,1,validation,f1_macro,>,closest_to_zero_then_lower,15,positive_class_equal_width,true_pair,neuralmind/bert-large-portuguese-cased,aa302f6ea73b759f7df9cad58bd272127b67ec28,bf16,256,6,2e-05,8,0.01,0.1,linear,1.0,2,f1_macro,32.0,10000,0,1,0,1,4.0,1.0,False,,,,178.83018300798722,6.43624210357666,6.74609375,5,0.7288598398734802,6,2994,1.0,2994,0,299,0.2626238291466997,15,positive_class_equal_width,0.2621773282745247,1.7779450284096046,0.4378490971486029,0.5,0.44035087719298244,0.7298245614035088,0.7288598398734802,0.7331426644519102,0.7298245614035088,570.0,0.7450331125827815,0.7053291536050157,0.7894736842105263,285.0,0.7126865671641791,0.7609561752988048,0.6701754385964912,285.0,0.7288598398734802,0.7331426644519102,0.7298245614035088,570.0,0.7368421052631579,0.736517719568567,0.7380142282709559,0.7368421052631579,570.0,0.7272727272727273,0.7547169811320755,0.7017543859649122,285.0,0.7457627118644068,0.7213114754098361,0.7719298245614035,285.0,0.736517719568567,0.7380142282709558,0.7368421052631579,570.0,0.7298245614035088,0.7288598398734802,0.7450331125827815,0.7126865671641791,0.7288598398734802,94,60,0.7331426644519102,0.7053291536050157,0.7609561752988048,0.7331426644519102,0.7298245614035088,0.7894736842105263,0.6701754385964912,0.7298245614035088,225,191,0.7368421052631579,0.736517719568567,0.7272727272727273,0.7457627118644068,0.736517719568567,65,85,0.7380142282709559,0.7547169811320755,0.7213114754098361,0.7380142282709558,0.5350877192982456,0.7368421052631579,0.7017543859649122,0.7719298245614035,0.7368421052631579,200,220,18.8125,7.45741759183114,5.4921875,-16.515625,285,0.4842105263157895,0.8070175438596491,0,8.13840982216297,18.8125,7.45741759183114,5.4921875,-16.515625,285,0.5052631578947369,0.8070175438596491,0,8.13840982216297,342,>,0.7288598398734802,validation,f1_macro,0.002359660682063044,-6.046875,closest_to_zero_then_lower,0.736517719568567,,,,,,,,,,,,,,,,,,,,,,,,,,,,,,,,,,,,,,,,,,,,,,,,,,,,,,,,,,,,,,,,,,,,,,,,,,,,,,,,,,,,,,,,,,,,,,,,
true_pair,40,101,1.0,validation,screening,d92a4100ac79d1c5acdf122a98d1ae061167bf982095ec930566f0e03c090d95,d7c5a5944cb47ad77a71c86e1293e6cdfb4eafb5defc6502746beaccb236e696,cda10d0a5bd98b8fdfc5fa83e5af6da73433a71153c013f41c0811976cf6c4ae,bb43d0ad549b7e57213aab7dca185a96972dab5a6e0ad093afcd5ecde5eef177,/workspace/pair-aware/results_v3/bf16/validation_only/true_pair/lambda_1p0/split_40/model_seed_101,True,v3,validation,1,validation,f1_macro,>,closest_to_zero_then_lower,15,positive_class_equal_width,true_pair,neuralmind/bert-large-portuguese-cased,aa302f6ea73b759f7df9cad58bd272127b67ec28,bf16,256,6,2e-05,8,0.01,0.1,linear,1.0,2,f1_macro,32.0,10000,0,1,0,1,4.0,1.0,False,,,,180.00249837304,6.43624210357666,6.74609375,4,0.7344919810840576,6,2994,1.0,2994,0,299,0.24770229404519425,15,positive_class_equal_width,0.2440088204218473,1.29657302002676,0.45385711283268676,0.5,0.45263157894736844,0.7350877192982456,0.7344919810840576,0.737216756112105,0.7350877192982457,570.0,0.7470686767169179,0.7147435897435898,0.7824561403508772,285.0,0.7219152854511971,0.7596899224806202,0.6877192982456141,285.0,0.7344919810840576,0.737216756112105,0.7350877192982456,570.0,0.7491228070175439,0.748713664291814,0.7507559234658472,0.7491228070175439,570.0,0.7385740402193784,0.7709923664122137,0.7087719298245614,285.0,0.7588532883642496,0.7305194805194806,0.7894736842105263,285.0,0.7487136642918141,0.7507559234658472,0.7491228070175439,570.0,0.7350877192982456,0.7344919810840576,0.7470686767169179,0.7219152854511971,0.7344919810840576,89,62,0.737216756112105,0.7147435897435898,0.7596899224806202,0.737216756112105,0.7350877192982457,0.7824561403508772,0.6877192982456141,0.7350877192982456,223,196,0.7491228070175439,0.748713664291814,0.7385740402193784,0.7588532883642496,0.7487136642918141,60,83,0.7507559234658472,0.7709923664122137,0.7305194805194806,0.7507559234658472,0.5403508771929825,0.7491228070175439,0.7087719298245614,0.7894736842105263,0.7491228070175439,202,225,15.53125,5.966223787006579,5.5,-13.234375,285,0.5017543859649123,0.8105263157894737,2,6.348226778564413,15.53125,5.966223787006579,5.5,-13.234375,285,0.519298245614035,0.8105263157894737,2,6.348226778564413,406,>,0.7344919810840576,validation,f1_macro,0.02865266930959345,-3.5234375,closest_to_zero_then_lower,0.748713664291814,,,,,,,,,,,,,,,,,,,,,,,,,,,,,,,,,,,,,,,,,,,,,,,,,,,,,,,,,,,,,,,,,,,,,,,,,,,,,,,,,,,,,,,,,,,,,,,,
true_pair,42,13,1.0,validation,screening,2f2000f873705f86b8282f2463684bb22b57b0cd0c3d932dec51a94df83ab576,d7c5a5944cb47ad77a71c86e1293e6cdfb4eafb5defc6502746beaccb236e696,ed69610d3f2362af391c11ab822fd3b66457fb8c748ace929b9726ba17378ec5,bb43d0ad549b7e57213aab7dca185a96972dab5a6e0ad093afcd5ecde5eef177,/workspace/pair-aware/results_v3/bf16/validation_only/true_pair/lambda_1p0/split_42/model_seed_13,True,v3,validation,1,validation,f1_macro,>,closest_to_zero_then_lower,15,positive_class_equal_width,true_pair,neuralmind/bert-large-portuguese-cased,aa302f6ea73b759f7df9cad58bd272127b67ec28,bf16,256,6,2e-05,8,0.01,0.1,linear,1.0,2,f1_macro,32.0,10000,0,1,0,1,4.0,1.0,False,,,,178.77488205605187,6.43624210357666,6.74609375,4,0.7745392516779768,6,2994,1.0,2994,0,299,0.2100501416472991,15,positive_class_equal_width,0.20413858556937764,1.1402651344771035,0.43986188576718394,0.5,0.4368421052631579,0.775438596491228,0.7745392516779768,0.7799046653905342,0.775438596491228,570.0,0.7887788778877888,0.7445482866043613,0.8385964912280702,285.0,0.7602996254681648,0.8152610441767069,0.712280701754386,285.0,0.7745392516779768,0.7799046653905342,0.775438596491228,570.0,0.7842105263157895,0.7839704935308237,0.7854793233082706,0.7842105263157895,570.0,0.7767695099818511,0.8045112781954887,0.7508771929824561,285.0,0.7911714770797963,0.7664473684210527,0.8175438596491228,285.0,0.7839704935308237,0.7854793233082706,0.7842105263157895,570.0,0.775438596491228,0.7745392516779768,0.7887788778877888,0.7602996254681648,0.7745392516779768,82,46,0.7799046653905342,0.7445482866043613,0.8152610441767069,0.7799046653905342,0.775438596491228,0.8385964912280702,0.712280701754386,0.775438596491228,239,203,0.7842105263157895,0.7839704935308237,0.7767695099818511,0.7911714770797963,0.7839704935308237,52,71,0.7854793233082706,0.8045112781954887,0.7664473684210527,0.7854793233082706,0.5333333333333333,0.7842105263157895,0.7508771929824561,0.8175438596491228,0.7842105263157895,214,233,15.546875,6.937976556075247,7.78125,-13.390625,285,0.5649122807017544,0.8771929824561403,0,6.100420900506749,15.546875,6.937976556075247,7.78125,-13.390625,285,0.5859649122807018,0.8771929824561403,0,6.100420900506749,351,>,0.7745392516779768,validation,f1_macro,0.013020490113842825,-4.328125,closest_to_zero_then_lower,0.7839704935308237,,,,,,,,,,,,,,,,,,,,,,,,,,,,,,,,,,,,,,,,,,,,,,,,,,,,,,,,,,,,,,,,,,,,,,,,,,,,,,,,,,,,,,,,,,,,,,,,
true_pair,42,40,1.0,validation,screening,e13078ed63c7e2bcba142a259b3b4fff450d3791d43f3259698995e3e0629b09,d7c5a5944cb47ad77a71c86e1293e6cdfb4eafb5defc6502746beaccb236e696,ed69610d3f2362af391c11ab822fd3b66457fb8c748ace929b9726ba17378ec5,bb43d0ad549b7e57213aab7dca185a96972dab5a6e0ad093afcd5ecde5eef177,/workspace/pair-aware/results_v3/bf16/validation_only/true_pair/lambda_1p0/split_42/model_seed_40,True,v3,validation,1,validation,f1_macro,>,closest_to_zero_then_lower,15,positive_class_equal_width,true_pair,neuralmind/bert-large-portuguese-cased,aa302f6ea73b759f7df9cad58bd272127b67ec28,bf16,256,6,2e-05,8,0.01,0.1,linear,1.0,2,f1_macro,32.0,10000,0,1,0,1,4.0,1.0,False,,,,178.77704416494817,6.43624210357666,6.74609375,5,0.7751617873651772,6,2994,1.0,2994,0,299,0.2136977880599736,15,positive_class_equal_width,0.21672229303692075,1.4671516730165393,0.46686838924090074,0.5,0.4649122807017544,0.775438596491228,0.7751617873651772,0.7768017321373337,0.775438596491228,570.0,0.7830508474576271,0.7573770491803279,0.8105263157894737,285.0,0.7672727272727272,0.7962264150943397,0.7403508771929824,285.0,0.7751617873651772,0.7768017321373337,0.775438596491228,570.0,0.7771929824561403,0.7771922966829692,0.7771963951541416,0.7771929824561403,570.0,0.7775831873905429,0.7762237762237763,0.7789473684210526,285.0,0.7768014059753954,0.778169014084507,0.775438596491228,285.0,0.7771922966829692,0.7771963951541415,0.7771929824561403,570.0,0.775438596491228,0.7751617873651772,0.7830508474576271,0.7672727272727272,0.7751617873651772,74,54,0.7768017321373337,0.7573770491803279,0.7962264150943397,0.7768017321373337,0.775438596491228,0.8105263157894737,0.7403508771929824,0.775438596491228,231,211,0.7771929824561403,0.7771922966829692,0.7775831873905429,0.7768014059753954,0.7771922966829692,64,63,0.7771963951541416,0.7762237762237763,0.778169014084507,0.7771963951541415,0.4982456140350877,0.7771929824561403,0.7789473684210526,0.775438596491228,0.7771929824561403,222,221,18.34375,8.964429139254387,11.203125,-16.796875,285,0.5684210526315789,0.8807017543859649,0,7.929952010768036,18.34375,8.964429139254387,11.203125,-16.796875,285,0.5789473684210527,0.8807017543859649,0,7.929952010768036,316,>,0.7751617873651772,validation,f1_macro,0.06903792817478999,-2.6015625,closest_to_zero_then_lower,0.7771922966829692,,,,,,,,,,,,,,,,,,,,,,,,,,,,,,,,,,,,,,,,,,,,,,,,,,,,,,,,,,,,,,,,,,,,,,,,,,,,,,,,,,,,,,,,,,,,,,,,
true_pair,42,101,1.0,validation,screening,d252dd871ccdf79b4d0e86cda8223a21a10efdd8ae010d8a4ddec12ba918f1a3,d7c5a5944cb47ad77a71c86e1293e6cdfb4eafb5defc6502746beaccb236e696,ed69610d3f2362af391c11ab822fd3b66457fb8c748ace929b9726ba17378ec5,bb43d0ad549b7e57213aab7dca185a96972dab5a6e0ad093afcd5ecde5eef177,/workspace/pair-aware/results_v3/bf16/validation_only/true_pair/lambda_1p0/split_42/model_seed_101,True,v3,validation,1,validation,f1_macro,>,closest_to_zero_then_lower,15,positive_class_equal_width,true_pair,neuralmind/bert-large-portuguese-cased,aa302f6ea73b759f7df9cad58bd272127b67ec28,bf16,256,6,2e-05,8,0.01,0.1,linear,1.0,2,f1_macro,32.0,10000,0,1,0,1,4.0,1.0,False,,,,148.21497193688992,6.43624210357666,6.74609375,3,0.7701690720887928,5,2495,1.0,2994,0,299,0.20303105603269342,15,positive_class_equal_width,0.19792872762893982,0.9542665449914195,0.4922112469426782,0.5,0.49473684210526314,0.7701754385964912,0.7701690720887928,0.7702053782505911,0.7701754385964912,570.0,0.7713787085514834,0.7673611111111112,0.775438596491228,285.0,0.7689594356261023,0.7730496453900709,0.7649122807017544,285.0,0.7701690720887928,0.7702053782505911,0.7701754385964912,570.0,0.7842105263157895,0.7836505080864904,0.7871840167197452,0.7842105263157895,570.0,0.7946577629382304,0.7579617834394905,0.8350877192982457,285.0,0.7726432532347505,0.81640625,0.7333333333333333,285.0,0.7836505080864904,0.7871840167197452,0.7842105263157895,570.0,0.7701754385964912,0.7701690720887928,0.7713787085514834,0.7689594356261023,0.7701690720887928,67,64,0.7702053782505911,0.7673611111111112,0.7730496453900709,0.7702053782505911,0.7701754385964912,0.775438596491228,0.7649122807017544,0.7701754385964912,221,218,0.7842105263157895,0.7836505080864904,0.7946577629382304,0.7726432532347505,0.7836505080864904,76,47,0.7871840167197452,0.7579617834394905,0.81640625,0.7871840167197452,0.44912280701754387,0.7842105263157895,0.8350877192982457,0.7333333333333333,0.7842105263157895,238,209,13.6875,6.193722587719298,6.87890625,-11.15625,285,0.5649122807017544,0.887719298245614,1,5.267872476831539,13.6875,6.193722587719298,6.87890625,-11.15625,285,0.5859649122807018,0.887719298245614,1,5.267872476831539,376,>,0.7701690720887928,validation,f1_macro,0.862930226964697,1.83984375,closest_to_zero_then_lower,0.7836505080864904,,,,,,,,,,,,,,,,,,,,,,,,,,,,,,,,,,,,,,,,,,,,,,,,,,,,,,,,,,,,,,,,,,,,,,,,,,,,,,,,,,,,,,,,,,,,,,,,
true_pair,73,13,1.0,validation,screening,f2fa1945c87b1270fa12fdc7b8e5b1cc7fe6b5dd7482a1cac4200f6929cc3ba8,d7c5a5944cb47ad77a71c86e1293e6cdfb4eafb5defc6502746beaccb236e696,13da7362da5a91f87c78ef27ecce6939441c8b6b383319781bcd155a34ade1e4,bb43d0ad549b7e57213aab7dca185a96972dab5a6e0ad093afcd5ecde5eef177,/workspace/pair-aware/results_v3/bf16/validation_only/true_pair/lambda_1p0/split_73/model_seed_13,True,v3,validation,1,validation,f1_macro,>,closest_to_zero_then_lower,15,positive_class_equal_width,true_pair,neuralmind/bert-large-portuguese-cased,aa302f6ea73b759f7df9cad58bd272127b67ec28,bf16,256,6,2e-05,8,0.01,0.1,linear,1.0,2,f1_macro,32.0,10000,0,1,0,1,4.0,1.0,False,,,,149.14699226792436,6.43624210357666,6.74609375,3,0.7821879815100155,5,2495,1.0,2994,0,299,0.2026485674934241,15,positive_class_equal_width,0.19603318385094998,1.0215818475096525,0.4649947418034029,0.5,0.4649122807017544,0.7824561403508772,0.7821879815100155,0.7838540055675843,0.7824561403508772,570.0,0.7898305084745763,0.7639344262295082,0.8175438596491228,285.0,0.7745454545454545,0.8037735849056604,0.7473684210526316,285.0,0.7821879815100155,0.7838540055675843,0.7824561403508772,570.0,0.7842105263157895,0.783917228370919,0.7857620320855614,0.7842105263157895,570.0,0.7918781725888325,0.7647058823529411,0.8210526315789474,285.0,0.7759562841530054,0.8068181818181818,0.7473684210526316,285.0,0.7839172283709189,0.7857620320855615,0.7842105263157895,570.0,0.7824561403508772,0.7821879815100155,0.7898305084745763,0.7745454545454545,0.7821879815100155,72,52,0.7838540055675843,0.7639344262295082,0.8037735849056604,0.7838540055675843,0.7824561403508772,0.8175438596491228,0.7473684210526316,0.7824561403508772,233,213,0.7842105263157895,0.783917228370919,0.7918781725888325,0.7759562841530054,0.7839172283709189,72,51,0.7857620320855614,0.7647058823529411,0.8068181818181818,0.7857620320855615,0.4631578947368421,0.7842105263157895,0.8210526315789474,0.7473684210526316,0.7842105263157895,234,213,14.5625,6.41464201274671,8.0,-11.53125,285,0.5929824561403508,0.8350877192982457,1,5.825076809168655,14.5625,6.41464201274671,8.0,-11.53125,285,0.5964912280701754,0.8350877192982457,1,5.825076809168655,399,>,0.7821879815100155,validation,f1_macro,0.5043944180978035,0.017578125,closest_to_zero_then_lower,0.783917228370919,,,,,,,,,,,,,,,,,,,,,,,,,,,,,,,,,,,,,,,,,,,,,,,,,,,,,,,,,,,,,,,,,,,,,,,,,,,,,,,,,,,,,,,,,,,,,,,,
true_pair,73,40,1.0,validation,screening,dfd2a5425ff857e85589e153fed8b2f7c80f0ae4a622e1efedc3708e73c8883c,d7c5a5944cb47ad77a71c86e1293e6cdfb4eafb5defc6502746beaccb236e696,13da7362da5a91f87c78ef27ecce6939441c8b6b383319781bcd155a34ade1e4,bb43d0ad549b7e57213aab7dca185a96972dab5a6e0ad093afcd5ecde5eef177,/workspace/pair-aware/results_v3/bf16/validation_only/true_pair/lambda_1p0/split_73/model_seed_40,True,v3,validation,1,validation,f1_macro,>,closest_to_zero_then_lower,15,positive_class_equal_width,true_pair,neuralmind/bert-large-portuguese-cased,aa302f6ea73b759f7df9cad58bd272127b67ec28,bf16,256,6,2e-05,8,0.01,0.1,linear,1.0,2,f1_macro,32.0,10000,0,1,0,1,4.0,1.0,False,,,,178.91151070792694,6.43624210357666,6.74609375,5,0.7820025661271219,6,2994,1.0,2994,0,299,0.2063943218098487,15,positive_class_equal_width,0.20239465274314572,1.2526285604385095,0.45545853357353444,0.5,0.4543859649122807,0.7824561403508772,0.7820025661271219,0.7848266272703572,0.7824561403508772,570.0,0.7919463087248322,0.7588424437299035,0.8280701754385965,285.0,0.7720588235294118,0.8108108108108109,0.7368421052631579,285.0,0.782002566127122,0.7848266272703572,0.7824561403508772,570.0,0.787719298245614,0.7871683860037832,0.7907294984076434,0.787719298245614,570.0,0.7979966611018364,0.7611464968152867,0.8385964912280702,285.0,0.7763401109057301,0.8203125,0.7368421052631579,285.0,0.7871683860037832,0.7907294984076434,0.787719298245614,570.0,0.7824561403508772,0.7820025661271219,0.7919463087248322,0.7720588235294118,0.782002566127122,75,49,0.7848266272703572,0.7588424437299035,0.8108108108108109,0.7848266272703572,0.7824561403508772,0.8280701754385965,0.7368421052631579,0.7824561403508772,236,210,0.787719298245614,0.7871683860037832,0.7979966611018364,0.7763401109057301,0.7871683860037832,75,46,0.7907294984076434,0.7611464968152867,0.8203125,0.7907294984076434,0.44912280701754387,0.787719298245614,0.8385964912280702,0.7368421052631579,0.787719298245614,239,210,17.4375,8.224646210252192,11.703125,-15.734375,285,0.5929824561403508,0.8280701754385965,0,7.62863791536723,17.4375,8.224646210252192,11.703125,-15.734375,285,0.6035087719298246,0.8280701754385965,0,7.62863791536723,384,>,0.7820025661271219,validation,f1_macro,0.6226887995543804,0.5009765625,closest_to_zero_then_lower,0.7871683860037832,,,,,,,,,,,,,,,,,,,,,,,,,,,,,,,,,,,,,,,,,,,,,,,,,,,,,,,,,,,,,,,,,,,,,,,,,,,,,,,,,,,,,,,,,,,,,,,,
true_pair,73,101,1.0,validation,screening,6826c11293d203114158ac07ca5d82beb2fd8d5a3f93019803d3cae251c23867,d7c5a5944cb47ad77a71c86e1293e6cdfb4eafb5defc6502746beaccb236e696,13da7362da5a91f87c78ef27ecce6939441c8b6b383319781bcd155a34ade1e4,bb43d0ad549b7e57213aab7dca185a96972dab5a6e0ad093afcd5ecde5eef177,/workspace/pair-aware/results_v3/bf16/validation_only/true_pair/lambda_1p0/split_73/model_seed_101,True,v3,validation,1,validation,f1_macro,>,closest_to_zero_then_lower,15,positive_class_equal_width,true_pair,neuralmind/bert-large-portuguese-cased,aa302f6ea73b759f7df9cad58bd272127b67ec28,bf16,256,6,2e-05,8,0.01,0.1,linear,1.0,2,f1_macro,32.0,10000,0,1,0,1,4.0,1.0,False,,,,179.9429431349272,6.43624210357666,6.74609375,6,0.7746367500247109,6,2994,1.0,2994,0,299,0.2183321973581696,15,positive_class_equal_width,0.21751637654244754,1.5017423870886148,0.4439722848306369,0.5,0.44035087719298244,0.775438596491228,0.7746367500247109,0.7794152543431291,0.775438596491228,570.0,0.7880794701986755,0.7460815047021944,0.8350877192982457,285.0,0.7611940298507462,0.8127490039840638,0.7157894736842105,285.0,0.7746367500247109,0.7794152543431291,0.775438596491228,570.0,0.7771929824561403,0.7764436662126981,0.7809598682240191,0.7771929824561403,570.0,0.7893864013266998,0.7484276729559748,0.8350877192982457,285.0,0.7635009310986964,0.8134920634920635,0.7192982456140351,285.0,0.776443666212698,0.7809598682240191,0.7771929824561403,570.0,0.775438596491228,0.7746367500247109,0.7880794701986755,0.7611940298507462,0.7746367500247109,81,47,0.7794152543431291,0.7460815047021944,0.8127490039840638,0.7794152543431291,0.775438596491228,0.8350877192982457,0.7157894736842105,0.775438596491228,238,204,0.7771929824561403,0.7764436662126981,0.7893864013266998,0.7635009310986964,0.776443666212698,80,47,0.7809598682240191,0.7484276729559748,0.8134920634920635,0.7809598682240191,0.4421052631578947,0.7771929824561403,0.8350877192982457,0.7192982456140351,0.7771929824561403,238,205,17.9375,8.648400450589364,11.9765625,-15.640625,285,0.5649122807017544,0.8456140350877193,0,7.853432542685247,17.9375,8.648400450589364,11.9765625,-15.640625,285,0.5684210526315789,0.8456140350877193,0,7.853432542685247,316,>,0.7746367500247109,validation,f1_macro,0.48047867804790706,-0.078125,closest_to_zero_then_lower,0.7764436662126981,,,,,,,,,,,,,,,,,,,,,,,,,,,,,,,,,,,,,,,,,,,,,,,,,,,,,,,,,,,,,,,,,,,,,,,,,,,,,,,,,,,,,,,,,,,,,,,,
true_pair,101,13,1.0,validation,screening,bb4e62a5205e6bbef7cb008f33bd1167e14556d2bb66b7356377c2f5ef5702b8,d7c5a5944cb47ad77a71c86e1293e6cdfb4eafb5defc6502746beaccb236e696,8fa1106caddcf6eb0c1bec78a171b8f03f4615d846c63b3bb037293829723f0a,bb43d0ad549b7e57213aab7dca185a96972dab5a6e0ad093afcd5ecde5eef177,/workspace/pair-aware/results_v3/bf16/validation_only/true_pair/lambda_1p0/split_101/model_seed_13,True,v3,validation,1,validation,f1_macro,>,closest_to_zero_then_lower,15,positive_class_equal_width,true_pair,neuralmind/bert-large-portuguese-cased,aa302f6ea73b759f7df9cad58bd272127b67ec28,bf16,256,6,2e-05,8,0.01,0.1,linear,1.0,2,f1_macro,32.0,10000,0,1,0,1,4.0,1.0,False,,,,177.9691490760306,6.43624210357666,6.74609375,4,0.7615365783365511,6,2994,1.0,2994,0,299,0.22652941333854879,15,positive_class_equal_width,0.22862301789023437,1.2353948343609944,0.4149668020057989,0.5,0.41754385964912283,0.7631578947368421,0.7615365783365511,0.7705148324389997,0.763157894736842,570.0,0.7811993517017828,0.7259036144578314,0.8456140350877193,285.0,0.7418738049713193,0.8151260504201681,0.6807017543859649,285.0,0.7615365783365511,0.7705148324389998,0.7631578947368421,570.0,0.775438596491228,0.7753390237593762,0.7759277759277758,0.775438596491228,570.0,0.7706093189964157,0.7875457875457875,0.7543859649122807,285.0,0.7800687285223368,0.7643097643097643,0.7964912280701755,285.0,0.7753390237593762,0.775927775927776,0.775438596491228,570.0,0.7631578947368421,0.7615365783365511,0.7811993517017828,0.7418738049713193,0.7615365783365511,91,44,0.7705148324389997,0.7259036144578314,0.8151260504201681,0.7705148324389998,0.763157894736842,0.8456140350877193,0.6807017543859649,0.7631578947368421,241,194,0.775438596491228,0.7753390237593762,0.7706093189964157,0.7800687285223368,0.7753390237593762,58,70,0.7759277759277758,0.7875457875457875,0.7643097643097643,0.775927775927776,0.5210526315789473,0.775438596491228,0.7543859649122807,0.7964912280701755,0.775438596491228,215,227,15.828125,7.0149892706620065,8.6640625,-13.96875,285,0.5578947368421052,0.8526315789473684,0,6.705746599373406,15.828125,7.0149892706620065,8.6640625,-13.96875,285,0.5789473684210527,0.8526315789473684,0,6.705746599373406,367,>,0.7615365783365511,validation,f1_macro,0.008711384457705506,-4.734375,closest_to_zero_then_lower,0.7753390237593762,,,,,,,,,,,,,,,,,,,,,,,,,,,,,,,,,,,,,,,,,,,,,,,,,,,,,,,,,,,,,,,,,,,,,,,,,,,,,,,,,,,,,,,,,,,,,,,,
true_pair,101,40,1.0,validation,screening,23952ff360e089c5394871367c3bc6c09cf577a76df48aea7805bea0d663eba0,d7c5a5944cb47ad77a71c86e1293e6cdfb4eafb5defc6502746beaccb236e696,8fa1106caddcf6eb0c1bec78a171b8f03f4615d846c63b3bb037293829723f0a,bb43d0ad549b7e57213aab7dca185a96972dab5a6e0ad093afcd5ecde5eef177,/workspace/pair-aware/results_v3/bf16/validation_only/true_pair/lambda_1p0/split_101/model_seed_40,True,v3,validation,1,validation,f1_macro,>,closest_to_zero_then_lower,15,positive_class_equal_width,true_pair,neuralmind/bert-large-portuguese-cased,aa302f6ea73b759f7df9cad58bd272127b67ec28,bf16,256,6,2e-05,8,0.01,0.1,linear,1.0,2,f1_macro,32.0,10000,0,1,0,1,4.0,1.0,False,,,,178.8257874849951,6.43624210357666,6.74609375,5,0.7580037869045,6,2994,1.0,2994,0,299,0.23093295823284923,15,positive_class_equal_width,0.2326937042301532,1.3351610658931756,0.4180188039452355,0.5,0.41754385964912283,0.7596491228070176,0.7580037869045,0.7669079680064796,0.7596491228070175,570.0,0.7779578606158833,0.7228915662650602,0.8421052631578947,285.0,0.7380497131931166,0.8109243697478992,0.6771929824561403,285.0,0.7580037869045,0.7669079680064798,0.7596491228070176,570.0,0.7807017543859649,0.7805497805497805,0.7814814814814814,0.7807017543859649,570.0,0.7863247863247863,0.7666666666666667,0.8070175438596491,285.0,0.7747747747747747,0.7962962962962963,0.7543859649122807,285.0,0.7805497805497805,0.7814814814814816,0.7807017543859649,570.0,0.7596491228070176,0.7580037869045,0.7779578606158833,0.7380497131931166,0.7580037869045,92,45,0.7669079680064796,0.7228915662650602,0.8109243697478992,0.7669079680064798,0.7596491228070175,0.8421052631578947,0.6771929824561403,0.7596491228070176,240,193,0.7807017543859649,0.7805497805497805,0.7863247863247863,0.7747747747747747,0.7805497805497805,70,55,0.7814814814814814,0.7666666666666667,0.7962962962962963,0.7814814814814816,0.47368421052631576,0.7807017543859649,0.8070175438596491,0.7543859649122807,0.7807017543859649,230,215,15.53125,7.20251893160636,9.28125,-14.796875,285,0.5508771929824562,0.8280701754385965,0,7.106111882709516,15.53125,7.20251893160636,9.28125,-14.796875,285,0.5789473684210527,0.8280701754385965,0,7.106111882709516,331,>,0.7580037869045,validation,f1_macro,0.019271137919768803,-3.9296875,closest_to_zero_then_lower,0.7805497805497805,,,,,,,,,,,,,,,,,,,,,,,,,,,,,,,,,,,,,,,,,,,,,,,,,,,,,,,,,,,,,,,,,,,,,,,,,,,,,,,,,,,,,,,,,,,,,,,,
true_pair,101,101,1.0,validation,screening,e2ffed3f705251378e7acfe2b943e60146761c1afe10fe5cb29d29ef37043815,d7c5a5944cb47ad77a71c86e1293e6cdfb4eafb5defc6502746beaccb236e696,8fa1106caddcf6eb0c1bec78a171b8f03f4615d846c63b3bb037293829723f0a,bb43d0ad549b7e57213aab7dca185a96972dab5a6e0ad093afcd5ecde5eef177,/workspace/pair-aware/results_v3/bf16/validation_only/true_pair/lambda_1p0/split_101/model_seed_101,True,v3,validation,1,validation,f1_macro,>,closest_to_zero_then_lower,15,positive_class_equal_width,true_pair,neuralmind/bert-large-portuguese-cased,aa302f6ea73b759f7df9cad58bd272127b67ec28,bf16,256,6,2e-05,8,0.01,0.1,linear,1.0,2,f1_macro,32.0,10000,0,1,0,1,4.0,1.0,False,,,,119.32813968602568,6.43624210357666,6.74609375,2,0.7588408052845641,4,1996,1.0,2994,0,299,0.1847403615431344,15,positive_class_equal_width,0.12641348938123395,0.5942049019941601,0.42610125073393024,0.5,0.4421052631578947,0.7596491228070176,0.7588408052845641,0.7631775980832585,0.7596491228070175,570.0,0.7728026533996684,0.7327044025157232,0.8175438596491228,285.0,0.74487895716946,0.7936507936507936,0.7017543859649122,285.0,0.7588408052845641,0.7631775980832584,0.7596491228070176,570.0,0.7719298245614035,0.7715895640165713,0.7735599014131607,0.7719298245614035,570.0,0.7627737226277372,0.7946768060836502,0.7333333333333333,285.0,0.7804054054054054,0.752442996742671,0.8105263157894737,285.0,0.7715895640165713,0.7735599014131607,0.7719298245614035,570.0,0.7596491228070176,0.7588408052845641,0.7728026533996684,0.74487895716946,0.7588408052845641,85,52,0.7631775980832585,0.7327044025157232,0.7936507936507936,0.7631775980832584,0.7596491228070175,0.8175438596491228,0.7017543859649122,0.7596491228070176,233,200,0.7719298245614035,0.7715895640165713,0.7627737226277372,0.7804054054054054,0.7715895640165713,54,76,0.7735599014131607,0.7946768060836502,0.752442996742671,0.7735599014131607,0.5385964912280702,0.7719298245614035,0.7333333333333333,0.8105263157894737,0.7719298245614035,209,231,7.7109375,2.9997182946456107,2.935546875,-5.49609375,285,0.543859649122807,0.856140350877193,1,2.7246188300349132,7.7109375,2.9997182946456107,2.935546875,-5.49609375,285,0.5614035087719298,0.856140350877193,1,2.7246188300349132,480,>,0.7588408052845641,validation,f1_macro,0.21304953207082516,-1.306640625,closest_to_zero_then_lower,0.7715895640165713,,,,,,,,,,,,,,,,,,,,,,,,,,,,,,,,,,,,,,,,,,,,,,,,,,,,,,,,,,,,,,,,,,,,,,,,,,,,,,,,,,,,,,,,,,,,,,,,
true_pair,13,13,2.0,validation,screening,fb6bc27af7f658c0f74b18e22b98ff3b752455dea1dd3ec6c821987411aa616e,b49ae453b10d6a47b462e5a8f7276572337b67b177499732d194895ddb78b7d4,0408158bfbf5a1ca3328d04ddad80f5c3e933f8182d3f4e6e18871b17bfb46e2,bb43d0ad549b7e57213aab7dca185a96972dab5a6e0ad093afcd5ecde5eef177,/workspace/pair-aware/results_v3/bf16/validation_only/true_pair/lambda_2p0/split_13/model_seed_13,True,v3,validation,1,validation,f1_macro,>,closest_to_zero_then_lower,15,positive_class_equal_width,true_pair,neuralmind/bert-large-portuguese-cased,aa302f6ea73b759f7df9cad58bd272127b67ec28,bf16,256,6,2e-05,8,0.01,0.1,linear,1.0,2,f1_macro,32.0,10000,0,1,0,1,4.0,2.0,False,,,,179.04340785904787,6.43624210357666,6.74609375,4,0.802962962962963,6,2994,2.0,2994,0,299,0.18420703723326368,15,positive_class_equal_width,0.17834742317858657,1.1007396202165327,0.4518949764019138,0.5,0.4473684210526316,0.8035087719298246,0.802962962962963,0.8069094304388422,0.8035087719298246,570.0,0.8133333333333334,0.7746031746031746,0.856140350877193,285.0,0.7925925925925926,0.8392156862745098,0.7508771929824561,285.0,0.8029629629629629,0.8069094304388422,0.8035087719298246,570.0,0.8087719298245614,0.8085120153856111,0.8104575163398693,0.8087719298245614,570.0,0.8155668358714044,0.7875816993464052,0.8456140350877193,285.0,0.8014571948998178,0.8333333333333334,0.7719298245614035,285.0,0.8085120153856111,0.8104575163398693,0.8087719298245614,570.0,0.8035087719298246,0.802962962962963,0.8133333333333334,0.7925925925925926,0.8029629629629629,71,41,0.8069094304388422,0.7746031746031746,0.8392156862745098,0.8069094304388422,0.8035087719298246,0.856140350877193,0.7508771929824561,0.8035087719298246,244,214,0.8087719298245614,0.8085120153856111,0.8155668358714044,0.8014571948998178,0.8085120153856111,65,44,0.8104575163398693,0.7875816993464052,0.8333333333333334,0.8104575163398693,0.4631578947368421,0.8087719298245614,0.8456140350877193,0.7719298245614035,0.8087719298245614,241,220,17.03125,8.725627832245408,11.125,-15.375,285,0.631578947368421,0.8842105263157894,2,6.955536713168036,17.03125,8.725627832245408,11.125,-15.375,285,0.6421052631578947,0.8842105263157894,2,6.955536713168036,353,>,0.802962962962963,validation,f1_macro,0.35409796792495246,-0.60107421875,closest_to_zero_then_lower,0.8085120153856111,,,,,,,,,,,,,,,,,,,,,,,,,,,,,,,,,,,,,,,,,,,,,,,,,,,,,,,,,,,,,,,,,,,,,,,,,,,,,,,,,,,,,,,,,,,,,,,,
true_pair,13,40,2.0,validation,screening,72c304bbe7a13dd649c30286d6eb4c5e79cce47b679eeeb33632655e456b3e97,b49ae453b10d6a47b462e5a8f7276572337b67b177499732d194895ddb78b7d4,0408158bfbf5a1ca3328d04ddad80f5c3e933f8182d3f4e6e18871b17bfb46e2,bb43d0ad549b7e57213aab7dca185a96972dab5a6e0ad093afcd5ecde5eef177,/workspace/pair-aware/results_v3/bf16/validation_only/true_pair/lambda_2p0/split_13/model_seed_40,True,v3,validation,1,validation,f1_macro,>,closest_to_zero_then_lower,15,positive_class_equal_width,true_pair,neuralmind/bert-large-portuguese-cased,aa302f6ea73b759f7df9cad58bd272127b67ec28,bf16,256,6,2e-05,8,0.01,0.1,linear,1.0,2,f1_macro,32.0,10000,0,1,0,1,4.0,2.0,False,,,,148.325026771985,6.43624210357666,6.74609375,3,0.8,5,2495,2.0,2994,0,299,0.17048118849457117,15,positive_class_equal_width,0.15074384962858256,0.7396645036370953,0.4954660689657878,0.5,0.5,0.8,0.8,0.8,0.8,570.0,0.8,0.8,0.8,285.0,0.8,0.8,0.8,285.0,0.8,0.8,0.8,570.0,0.8157894736842105,0.8155845676482641,0.8171992481203008,0.8157894736842105,570.0,0.809437386569873,0.8383458646616542,0.7824561403508772,285.0,0.8217317487266553,0.7960526315789473,0.8491228070175438,285.0,0.8155845676482641,0.8171992481203008,0.8157894736842105,570.0,0.8,0.8,0.8,0.8,0.8,57,57,0.8,0.8,0.8,0.8,0.8,0.8,0.8,0.8,228,228,0.8157894736842105,0.8155845676482641,0.809437386569873,0.8217317487266553,0.8155845676482641,43,62,0.8171992481203008,0.8383458646616542,0.7960526315789473,0.8171992481203008,0.5333333333333333,0.8157894736842105,0.7824561403508772,0.8491228070175438,0.8157894736842105,223,242,12.71875,5.998352157860472,6.98095703125,-9.875,285,0.6175438596491228,0.8807017543859649,2,4.6408170678666085,12.71875,5.998352157860472,6.98095703125,-9.875,285,0.6421052631578947,0.8807017543859649,2,4.6408170678666085,399,>,0.8,validation,f1_macro,0.30735801686526387,-0.8125,closest_to_zero_then_lower,0.8155845676482641,,,,,,,,,,,,,,,,,,,,,,,,,,,,,,,,,,,,,,,,,,,,,,,,,,,,,,,,,,,,,,,,,,,,,,,,,,,,,,,,,,,,,,,,,,,,,,,,
true_pair,13,101,2.0,validation,screening,b1f4888bc3fd39e91adf08fcf8b5fd383e74282dfe4c0128800f849d5b9b8e0b,b49ae453b10d6a47b462e5a8f7276572337b67b177499732d194895ddb78b7d4,0408158bfbf5a1ca3328d04ddad80f5c3e933f8182d3f4e6e18871b17bfb46e2,bb43d0ad549b7e57213aab7dca185a96972dab5a6e0ad093afcd5ecde5eef177,/workspace/pair-aware/results_v3/bf16/validation_only/true_pair/lambda_2p0/split_13/model_seed_101,True,v3,validation,1,validation,f1_macro,>,closest_to_zero_then_lower,15,positive_class_equal_width,true_pair,neuralmind/bert-large-portuguese-cased,aa302f6ea73b759f7df9cad58bd272127b67ec28,bf16,256,6,2e-05,8,0.01,0.1,linear,1.0,2,f1_macro,32.0,10000,0,1,0,1,4.0,2.0,False,,,,180.42073289398104,6.43624210357666,6.74609375,5,0.7929722608684946,6,2994,2.0,2994,0,299,0.19558112000483457,15,positive_class_equal_width,0.1919292745870927,1.208041177635045,0.49205318320654257,0.5,0.49298245614035086,0.7929824561403509,0.7929722608684946,0.7930401802755852,0.7929824561403509,570.0,0.794425087108014,0.7889273356401384,0.8,285.0,0.7915194346289752,0.797153024911032,0.7859649122807018,285.0,0.7929722608684945,0.7930401802755852,0.7929824561403509,570.0,0.7982456140350878,0.7981704482124767,0.798690570132176,0.7982456140350878,570.0,0.802065404475043,0.7871621621621622,0.8175438596491228,285.0,0.7942754919499105,0.8102189781021898,0.7789473684210526,285.0,0.7981704482124767,0.7986905701321759,0.7982456140350878,570.0,0.7929824561403509,0.7929722608684946,0.794425087108014,0.7915194346289752,0.7929722608684945,61,57,0.7930401802755852,0.7889273356401384,0.797153024911032,0.7930401802755852,0.7929824561403509,0.8,0.7859649122807018,0.7929824561403509,228,224,0.7982456140350878,0.7981704482124767,0.802065404475043,0.7942754919499105,0.7981704482124767,63,52,0.798690570132176,0.7871621621621622,0.8102189781021898,0.7986905701321759,0.4807017543859649,0.7982456140350878,0.8175438596491228,0.7789473684210526,0.7982456140350878,233,222,17.4375,8.572276868318257,10.8984375,-13.96875,285,0.6070175438596491,0.887719298245614,0,7.118542044828201,17.4375,8.572276868318257,10.8984375,-13.96875,285,0.6175438596491228,0.887719298245614,0,7.118542044828201,352,>,0.7929722608684946,validation,f1_macro,0.7652426642688285,1.181640625,closest_to_zero_then_lower,0.7981704482124767,,,,,,,,,,,,,,,,,,,,,,,,,,,,,,,,,,,,,,,,,,,,,,,,,,,,,,,,,,,,,,,,,,,,,,,,,,,,,,,,,,,,,,,,,,,,,,,,
true_pair,21,13,2.0,validation,screening,e84f56aa20a5243369cfc68834b5fff4be2e0a818ed9e4c8826a1128da48cb17,b49ae453b10d6a47b462e5a8f7276572337b67b177499732d194895ddb78b7d4,ca3ef356e825e341ddf0a4066037de4a278a1671b324c5e6048a65ae99638be7,bb43d0ad549b7e57213aab7dca185a96972dab5a6e0ad093afcd5ecde5eef177,/workspace/pair-aware/results_v3/bf16/validation_only/true_pair/lambda_2p0/split_21/model_seed_13,True,v3,validation,1,validation,f1_macro,>,closest_to_zero_then_lower,15,positive_class_equal_width,true_pair,neuralmind/bert-large-portuguese-cased,aa302f6ea73b759f7df9cad58bd272127b67ec28,bf16,256,6,2e-05,8,0.01,0.1,linear,1.0,2,f1_macro,32.0,10000,0,1,0,1,4.0,2.0,False,,,,119.2123239110224,6.43624210357666,6.74609375,2,0.7805497805497805,4,1996,2.0,2994,0,299,0.17953605834631442,15,positive_class_equal_width,0.13246500007659315,0.606291240965738,0.47672649604028405,0.5,0.47368421052631576,0.7807017543859649,0.7805497805497805,0.7814814814814814,0.7807017543859649,570.0,0.7863247863247863,0.7666666666666667,0.8070175438596491,285.0,0.7747747747747747,0.7962962962962963,0.7543859649122807,285.0,0.7805497805497805,0.7814814814814816,0.7807017543859649,570.0,0.7807017543859649,0.7805497805497805,0.7814814814814814,0.7807017543859649,570.0,0.7863247863247863,0.7666666666666667,0.8070175438596491,285.0,0.7747747747747747,0.7962962962962963,0.7543859649122807,285.0,0.7805497805497805,0.7814814814814816,0.7807017543859649,570.0,0.7807017543859649,0.7805497805497805,0.7863247863247863,0.7747747747747747,0.7805497805497805,70,55,0.7814814814814814,0.7666666666666667,0.7962962962962963,0.7814814814814816,0.7807017543859649,0.8070175438596491,0.7543859649122807,0.7807017543859649,230,215,0.7807017543859649,0.7805497805497805,0.7863247863247863,0.7747747747747747,0.7805497805497805,70,55,0.7814814814814814,0.7666666666666667,0.7962962962962963,0.7814814814814816,0.47368421052631576,0.7807017543859649,0.8070175438596491,0.7543859649122807,0.7807017543859649,230,215,10.375,3.794112356085526,4.0888671875,-5.5234375,285,0.5719298245614035,0.8666666666666667,0,3.2563648904292686,10.375,3.794112356085526,4.0888671875,-5.5234375,285,0.5719298245614035,0.8666666666666667,0,3.2563648904292686,487,>,0.7805497805497805,validation,f1_macro,0.5,0.0,closest_to_zero_then_lower,0.7805497805497805,,,,,,,,,,,,,,,,,,,,,,,,,,,,,,,,,,,,,,,,,,,,,,,,,,,,,,,,,,,,,,,,,,,,,,,,,,,,,,,,,,,,,,,,,,,,,,,,
true_pair,21,40,2.0,validation,screening,cd2b10721ff929ad83726ce5a3326eb07498863e670d812aae6445aa8fa1d400,b49ae453b10d6a47b462e5a8f7276572337b67b177499732d194895ddb78b7d4,ca3ef356e825e341ddf0a4066037de4a278a1671b324c5e6048a65ae99638be7,bb43d0ad549b7e57213aab7dca185a96972dab5a6e0ad093afcd5ecde5eef177,/workspace/pair-aware/results_v3/bf16/validation_only/true_pair/lambda_2p0/split_21/model_seed_40,True,v3,validation,1,validation,f1_macro,>,closest_to_zero_then_lower,15,positive_class_equal_width,true_pair,neuralmind/bert-large-portuguese-cased,aa302f6ea73b759f7df9cad58bd272127b67ec28,bf16,256,6,2e-05,8,0.01,0.1,linear,1.0,2,f1_macro,32.0,10000,0,1,0,1,4.0,2.0,False,,,,119.21926012600306,6.43624210357666,6.74609375,2,0.76828126539864,4,1996,2.0,2994,0,299,0.1820216987574012,15,positive_class_equal_width,0.14734330699159973,0.6253413516037253,0.48684363188564866,0.5,0.47543859649122805,0.7684210526315789,0.76828126539864,0.7690703328437967,0.7684210526315789,570.0,0.773972602739726,0.7558528428093646,0.7929824561403509,285.0,0.762589928057554,0.7822878228782287,0.743859649122807,285.0,0.7682812653986401,0.7690703328437967,0.7684210526315789,570.0,0.7736842105263158,0.7734827223969614,0.7746614609073836,0.7736842105263158,570.0,0.7667269439421338,0.7910447761194029,0.743859649122807,285.0,0.7802385008517888,0.7582781456953642,0.8035087719298246,285.0,0.7734827223969613,0.7746614609073835,0.7736842105263158,570.0,0.7684210526315789,0.76828126539864,0.773972602739726,0.762589928057554,0.7682812653986401,73,59,0.7690703328437967,0.7558528428093646,0.7822878228782287,0.7690703328437967,0.7684210526315789,0.7929824561403509,0.743859649122807,0.7684210526315789,226,212,0.7736842105263158,0.7734827223969614,0.7667269439421338,0.7802385008517888,0.7734827223969613,56,73,0.7746614609073836,0.7910447761194029,0.7582781456953642,0.7746614609073835,0.5298245614035088,0.7736842105263158,0.743859649122807,0.8035087719298246,0.7736842105263158,212,229,10.46875,4.173058011239035,4.55078125,-5.080078125,285,0.5473684210526316,0.8631578947368421,1,3.4882360962732903,10.46875,4.173058011239035,4.55078125,-5.080078125,285,0.5578947368421052,0.8631578947368421,1,3.4882360962732903,462,>,0.76828126539864,validation,f1_macro,0.3182732233534673,-0.76171875,closest_to_zero_then_lower,0.7734827223969614,,,,,,,,,,,,,,,,,,,,,,,,,,,,,,,,,,,,,,,,,,,,,,,,,,,,,,,,,,,,,,,,,,,,,,,,,,,,,,,,,,,,,,,,,,,,,,,,
true_pair,21,101,2.0,validation,screening,2e3389ca957bb29adf2a2f94c26f9dc956e12629e065a3fe00f752b6d302890d,b49ae453b10d6a47b462e5a8f7276572337b67b177499732d194895ddb78b7d4,ca3ef356e825e341ddf0a4066037de4a278a1671b324c5e6048a65ae99638be7,bb43d0ad549b7e57213aab7dca185a96972dab5a6e0ad093afcd5ecde5eef177,/workspace/pair-aware/results_v3/bf16/validation_only/true_pair/lambda_2p0/split_21/model_seed_101,True,v3,validation,1,validation,f1_macro,>,closest_to_zero_then_lower,15,positive_class_equal_width,true_pair,neuralmind/bert-large-portuguese-cased,aa302f6ea73b759f7df9cad58bd272127b67ec28,bf16,256,6,2e-05,8,0.01,0.1,linear,1.0,2,f1_macro,32.0,10000,0,1,0,1,4.0,2.0,False,,,,119.13523697096389,6.43624210357666,6.74609375,2,0.7697324801480225,4,1996,2.0,2994,0,299,0.18454853820922337,15,positive_class_equal_width,0.1390038713711959,0.6064820611267293,0.4591440719257287,0.5,0.45614035087719296,0.7701754385964912,0.7697324801480225,0.7722704714640198,0.7701754385964912,570.0,0.7798319327731092,0.7483870967741936,0.8140350877192982,285.0,0.7596330275229358,0.7961538461538461,0.7263157894736842,285.0,0.7697324801480225,0.7722704714640198,0.7701754385964912,570.0,0.7719298245614035,0.7715247715247715,0.7738719636945282,0.7719298245614035,570.0,0.7811447811447811,0.7508090614886731,0.8140350877192982,285.0,0.7619047619047619,0.7969348659003831,0.7298245614035088,285.0,0.7715247715247715,0.773871963694528,0.7719298245614035,570.0,0.7701754385964912,0.7697324801480225,0.7798319327731092,0.7596330275229358,0.7697324801480225,78,53,0.7722704714640198,0.7483870967741936,0.7961538461538461,0.7722704714640198,0.7701754385964912,0.8140350877192982,0.7263157894736842,0.7701754385964912,232,207,0.7719298245614035,0.7715247715247715,0.7811447811447811,0.7619047619047619,0.7715247715247715,77,53,0.7738719636945282,0.7508090614886731,0.7969348659003831,0.773871963694528,0.45789473684210524,0.7719298245614035,0.8140350877192982,0.7298245614035088,0.7719298245614035,232,208,10.671875,3.6643055363705286,3.51953125,-3.9716796875,285,0.5508771929824562,0.8596491228070176,0,3.1715993093532453,10.671875,3.6643055363705286,3.51953125,-3.9716796875,285,0.5543859649122806,0.8596491228070176,0,3.1715993093532453,491,>,0.7697324801480225,validation,f1_macro,0.4712232429912917,-0.115234375,closest_to_zero_then_lower,0.7715247715247715,,,,,,,,,,,,,,,,,,,,,,,,,,,,,,,,,,,,,,,,,,,,,,,,,,,,,,,,,,,,,,,,,,,,,,,,,,,,,,,,,,,,,,,,,,,,,,,,
true_pair,40,13,2.0,validation,screening,cec41a51875cd088ccb09fb35c93dc9f0aaefc372031deaba8435916fb173a4c,b49ae453b10d6a47b462e5a8f7276572337b67b177499732d194895ddb78b7d4,cda10d0a5bd98b8fdfc5fa83e5af6da73433a71153c013f41c0811976cf6c4ae,bb43d0ad549b7e57213aab7dca185a96972dab5a6e0ad093afcd5ecde5eef177,/workspace/pair-aware/results_v3/bf16/validation_only/true_pair/lambda_2p0/split_40/model_seed_13,True,v3,validation,1,validation,f1_macro,>,closest_to_zero_then_lower,15,positive_class_equal_width,true_pair,neuralmind/bert-large-portuguese-cased,aa302f6ea73b759f7df9cad58bd272127b67ec28,bf16,256,6,2e-05,8,0.01,0.1,linear,1.0,2,f1_macro,32.0,10000,0,1,0,1,4.0,2.0,False,,,,178.70238005800638,6.43624210357666,6.74609375,6,0.7478180428749548,6,2994,2.0,2994,0,299,0.243493093372824,15,positive_class_equal_width,0.24457963755879697,1.8551096839683188,0.42797003550818663,0.5,0.4280701754385965,0.7491228070175439,0.7478180428749548,0.7543875088001609,0.7491228070175439,570.0,0.7659574468085106,0.7177914110429447,0.8210526315789474,285.0,0.7296786389413988,0.7909836065573771,0.6771929824561403,285.0,0.7478180428749548,0.7543875088001609,0.7491228070175439,570.0,0.7596491228070176,0.7593224413562268,0.7610665478312537,0.7596491228070176,570.0,0.7681895093062606,0.7418300653594772,0.7964912280701755,285.0,0.7504553734061931,0.7803030303030303,0.7228070175438597,285.0,0.759322441356227,0.7610665478312537,0.7596491228070176,570.0,0.7491228070175439,0.7478180428749548,0.7659574468085106,0.7296786389413988,0.7478180428749548,92,51,0.7543875088001609,0.7177914110429447,0.7909836065573771,0.7543875088001609,0.7491228070175439,0.8210526315789474,0.6771929824561403,0.7491228070175439,234,193,0.7596491228070176,0.7593224413562268,0.7681895093062606,0.7504553734061931,0.759322441356227,79,58,0.7610665478312537,0.7418300653594772,0.7803030303030303,0.7610665478312537,0.4631578947368421,0.7596491228070176,0.7964912280701755,0.7228070175438597,0.7596491228070176,227,206,20.84375,9.023760343852796,8.87060546875,-18.25,285,0.5087719298245614,0.8456140350877193,0,8.848493468263053,20.84375,9.023760343852796,8.87060546875,-18.25,285,0.5368421052631579,0.8456140350877193,0,8.848493468263053,316,>,0.7478180428749548,validation,f1_macro,0.028436033044852663,-3.53125,closest_to_zero_then_lower,0.7593224413562268,,,,,,,,,,,,,,,,,,,,,,,,,,,,,,,,,,,,,,,,,,,,,,,,,,,,,,,,,,,,,,,,,,,,,,,,,,,,,,,,,,,,,,,,,,,,,,,,
true_pair,40,40,2.0,validation,screening,7b9616924529df49481471af1d7c29611c5b6cf25a8223a2f7e34116f4ce782f,b49ae453b10d6a47b462e5a8f7276572337b67b177499732d194895ddb78b7d4,cda10d0a5bd98b8fdfc5fa83e5af6da73433a71153c013f41c0811976cf6c4ae,bb43d0ad549b7e57213aab7dca185a96972dab5a6e0ad093afcd5ecde5eef177,/workspace/pair-aware/results_v3/bf16/validation_only/true_pair/lambda_2p0/split_40/model_seed_40,True,v3,validation,1,validation,f1_macro,>,closest_to_zero_then_lower,15,positive_class_equal_width,true_pair,neuralmind/bert-large-portuguese-cased,aa302f6ea73b759f7df9cad58bd272127b67ec28,bf16,256,6,2e-05,8,0.01,0.1,linear,1.0,2,f1_macro,32.0,10000,0,1,0,1,4.0,2.0,False,,,,89.93429690005723,6.43624210357666,6.74609375,1,0.7436039633244602,3,1497,2.0,2994,0,299,0.2058923271546607,15,positive_class_equal_width,0.1498162232050489,0.6816871464544462,0.4517147575404492,0.5,0.46842105263157896,0.743859649122807,0.7436039633244602,0.744836281380947,0.743859649122807,570.0,0.7517006802721088,0.7293729372937293,0.775438596491228,285.0,0.7355072463768116,0.7602996254681648,0.712280701754386,285.0,0.7436039633244602,0.744836281380947,0.743859649122807,570.0,0.7473684210526316,0.7472159258894254,0.7479667773266361,0.7473684210526316,570.0,0.7534246575342466,0.7357859531772575,0.7719298245614035,285.0,0.7410071942446043,0.7601476014760148,0.7228070175438597,285.0,0.7472159258894254,0.7479667773266361,0.7473684210526316,570.0,0.743859649122807,0.7436039633244602,0.7517006802721088,0.7355072463768116,0.7436039633244602,82,64,0.744836281380947,0.7293729372937293,0.7602996254681648,0.744836281380947,0.743859649122807,0.775438596491228,0.712280701754386,0.743859649122807,221,203,0.7473684210526316,0.7472159258894254,0.7534246575342466,0.7410071942446043,0.7472159258894254,79,65,0.7479667773266361,0.7357859531772575,0.7601476014760148,0.7479667773266361,0.47543859649122805,0.7473684210526316,0.7719298245614035,0.7228070175438597,0.7473684210526316,220,206,8.5703125,2.7955239814624453,2.5625,-6.109375,285,0.5087719298245614,0.8315789473684211,1,3.0020629718922556,8.5703125,2.7955239814624453,2.5625,-6.109375,285,0.519298245614035,0.8315789473684211,1,3.0020629718922556,471,>,0.7436039633244602,validation,f1_macro,0.472926895016024,-0.1083984375,closest_to_zero_then_lower,0.7472159258894254,,,,,,,,,,,,,,,,,,,,,,,,,,,,,,,,,,,,,,,,,,,,,,,,,,,,,,,,,,,,,,,,,,,,,,,,,,,,,,,,,,,,,,,,,,,,,,,,
true_pair,40,101,2.0,validation,screening,0b24e531e63b918ab0d21882779c35b3993ea8db5d3f2749c47efaf97dad1770,b49ae453b10d6a47b462e5a8f7276572337b67b177499732d194895ddb78b7d4,cda10d0a5bd98b8fdfc5fa83e5af6da73433a71153c013f41c0811976cf6c4ae,bb43d0ad549b7e57213aab7dca185a96972dab5a6e0ad093afcd5ecde5eef177,/workspace/pair-aware/results_v3/bf16/validation_only/true_pair/lambda_2p0/split_40/model_seed_101,True,v3,validation,1,validation,f1_macro,>,closest_to_zero_then_lower,15,positive_class_equal_width,true_pair,neuralmind/bert-large-portuguese-cased,aa302f6ea73b759f7df9cad58bd272127b67ec28,bf16,256,6,2e-05,8,0.01,0.1,linear,1.0,2,f1_macro,32.0,10000,0,1,0,1,4.0,2.0,False,,,,148.51877782400697,6.43624210357666,6.74609375,3,0.732777382789336,5,2495,2.0,2994,0,299,0.24339124583418542,15,positive_class_equal_width,0.24063046901544952,1.2635296657584507,0.4135340457874924,0.5,0.4070175438596491,0.7350877192982456,0.732777382789336,0.7435089777596409,0.7350877192982457,570.0,0.7576243980738363,0.6982248520710059,0.8280701754385965,285.0,0.7079303675048356,0.7887931034482759,0.6421052631578947,285.0,0.732777382789336,0.743508977759641,0.7350877192982456,570.0,0.7491228070175439,0.7487818183499302,0.7504827688651218,0.7491228070175439,570.0,0.7580372250423012,0.7320261437908496,0.7859649122807018,285.0,0.7395264116575592,0.7689393939393939,0.712280701754386,285.0,0.7487818183499302,0.7504827688651218,0.7491228070175439,570.0,0.7350877192982456,0.732777382789336,0.7576243980738363,0.7079303675048356,0.732777382789336,102,49,0.7435089777596409,0.6982248520710059,0.7887931034482759,0.743508977759641,0.7350877192982457,0.8280701754385965,0.6421052631578947,0.7350877192982456,236,183,0.7491228070175439,0.7487818183499302,0.7580372250423012,0.7395264116575592,0.7487818183499302,82,61,0.7504827688651218,0.7320261437908496,0.7689393939393939,0.7504827688651218,0.4631578947368421,0.7491228070175439,0.7859649122807018,0.712280701754386,0.7491228070175439,224,203,15.125,5.881967002467105,5.35546875,-14.078125,285,0.48771929824561405,0.8596491228070176,1,5.887744292547235,15.125,5.881967002467105,5.35546875,-14.078125,285,0.5157894736842106,0.8596491228070176,1,5.887744292547235,400,>,0.732777382789336,validation,f1_macro,0.11124120650754306,-2.078125,closest_to_zero_then_lower,0.7487818183499302,,,,,,,,,,,,,,,,,,,,,,,,,,,,,,,,,,,,,,,,,,,,,,,,,,,,,,,,,,,,,,,,,,,,,,,,,,,,,,,,,,,,,,,,,,,,,,,,
true_pair,42,13,2.0,validation,screening,13248d1853d6a771cbc8cf5b9fabfa709df4108c9f1276f59bb3580af5a27384,b49ae453b10d6a47b462e5a8f7276572337b67b177499732d194895ddb78b7d4,ed69610d3f2362af391c11ab822fd3b66457fb8c748ace929b9726ba17378ec5,bb43d0ad549b7e57213aab7dca185a96972dab5a6e0ad093afcd5ecde5eef177,/workspace/pair-aware/results_v3/bf16/validation_only/true_pair/lambda_2p0/split_42/model_seed_13,True,v3,validation,1,validation,f1_macro,>,closest_to_zero_then_lower,15,positive_class_equal_width,true_pair,neuralmind/bert-large-portuguese-cased,aa302f6ea73b759f7df9cad58bd272127b67ec28,bf16,256,6,2e-05,8,0.01,0.1,linear,1.0,2,f1_macro,32.0,10000,0,1,0,1,4.0,2.0,False,,,,180.27686566696502,6.43624210357666,6.74609375,6,0.7766147522519047,6,2994,2.0,2994,0,299,0.21486608918842692,15,positive_class_equal_width,0.21521916168147742,1.569140171613732,0.4462032851957428,0.5,0.44912280701754387,0.7771929824561403,0.7766147522519047,0.7800930533439491,0.7771929824561403,570.0,0.7879799666110183,0.7515923566878981,0.8280701754385965,285.0,0.7652495378927912,0.80859375,0.7263157894736842,285.0,0.7766147522519047,0.7800930533439491,0.7771929824561403,570.0,0.7842105263157895,0.7841779769802155,0.7843820833743964,0.7842105263157895,570.0,0.7868284228769498,0.7773972602739726,0.7964912280701755,285.0,0.7815275310834814,0.7913669064748201,0.7719298245614035,285.0,0.7841779769802155,0.7843820833743964,0.7842105263157895,570.0,0.7771929824561403,0.7766147522519047,0.7879799666110183,0.7652495378927912,0.7766147522519047,78,49,0.7800930533439491,0.7515923566878981,0.80859375,0.7800930533439491,0.7771929824561403,0.8280701754385965,0.7263157894736842,0.7771929824561403,236,207,0.7842105263157895,0.7841779769802155,0.7868284228769498,0.7815275310834814,0.7841779769802155,65,58,0.7843820833743964,0.7773972602739726,0.7913669064748201,0.7843820833743964,0.48771929824561405,0.7842105263157895,0.7964912280701755,0.7719298245614035,0.7842105263157895,227,220,18.34375,9.06443085252193,11.546875,-16.359375,285,0.5719298245614035,0.8596491228070176,3,8.051109092997935,18.34375,9.06443085252193,11.546875,-16.359375,285,0.5859649122807018,0.8596491228070176,3,8.051109092997935,269,>,0.7766147522519047,validation,f1_macro,0.008847355082930383,-4.71875,closest_to_zero_then_lower,0.7841779769802155,,,,,,,,,,,,,,,,,,,,,,,,,,,,,,,,,,,,,,,,,,,,,,,,,,,,,,,,,,,,,,,,,,,,,,,,,,,,,,,,,,,,,,,,,,,,,,,,
true_pair,42,40,2.0,validation,screening,5e76a3da61ee00577e48d5180a211163110efae3687b7046c02de398f31f1c80,b49ae453b10d6a47b462e5a8f7276572337b67b177499732d194895ddb78b7d4,ed69610d3f2362af391c11ab822fd3b66457fb8c748ace929b9726ba17378ec5,bb43d0ad549b7e57213aab7dca185a96972dab5a6e0ad093afcd5ecde5eef177,/workspace/pair-aware/results_v3/bf16/validation_only/true_pair/lambda_2p0/split_42/model_seed_40,True,v3,validation,1,validation,f1_macro,>,closest_to_zero_then_lower,15,positive_class_equal_width,true_pair,neuralmind/bert-large-portuguese-cased,aa302f6ea73b759f7df9cad58bd272127b67ec28,bf16,256,6,2e-05,8,0.01,0.1,linear,1.0,2,f1_macro,32.0,10000,0,1,0,1,4.0,2.0,False,,,,178.79130087804515,6.43624210357666,6.74609375,5,0.7654531447718111,6,2994,2.0,2994,0,299,0.22213528883408518,15,positive_class_equal_width,0.22439874038162705,1.558414013021066,0.42574307031861874,0.5,0.4280701754385965,0.7666666666666667,0.7654531447718111,0.772302122095947,0.7666666666666667,570.0,0.7823240589198036,0.7331288343558282,0.8385964912280702,285.0,0.7485822306238186,0.8114754098360656,0.6947368421052632,285.0,0.765453144771811,0.772302122095947,0.7666666666666667,570.0,0.7842105263157895,0.7837946187649372,0.7864143920595533,0.7842105263157895,570.0,0.7932773109243697,0.7612903225806451,0.8280701754385965,285.0,0.7743119266055046,0.8115384615384615,0.7403508771929824,285.0,0.7837946187649373,0.7864143920595533,0.7842105263157895,570.0,0.7666666666666667,0.7654531447718111,0.7823240589198036,0.7485822306238186,0.765453144771811,87,46,0.772302122095947,0.7331288343558282,0.8114754098360656,0.772302122095947,0.7666666666666667,0.8385964912280702,0.6947368421052632,0.7666666666666667,239,198,0.7842105263157895,0.7837946187649372,0.7932773109243697,0.7743119266055046,0.7837946187649373,74,49,0.7864143920595533,0.7612903225806451,0.8115384615384615,0.7864143920595533,0.45614035087719296,0.7842105263157895,0.8280701754385965,0.7403508771929824,0.7842105263157895,236,211,18.21875,8.676178299753289,10.388671875,-16.015625,285,0.5578947368421052,0.8736842105263158,2,7.793325782908121,18.21875,8.676178299753289,10.388671875,-16.015625,285,0.5859649122807018,0.8736842105263158,2,7.793325782908121,296,>,0.7654531447718111,validation,f1_macro,0.04369106064046813,-3.0859375,closest_to_zero_then_lower,0.7837946187649372,,,,,,,,,,,,,,,,,,,,,,,,,,,,,,,,,,,,,,,,,,,,,,,,,,,,,,,,,,,,,,,,,,,,,,,,,,,,,,,,,,,,,,,,,,,,,,,,
true_pair,42,101,2.0,validation,screening,90a9baf5d57fb21c8c672c498f9f2d296f7f975b34b3f67ff12f0d9fc021f4f1,b49ae453b10d6a47b462e5a8f7276572337b67b177499732d194895ddb78b7d4,ed69610d3f2362af391c11ab822fd3b66457fb8c748ace929b9726ba17378ec5,bb43d0ad549b7e57213aab7dca185a96972dab5a6e0ad093afcd5ecde5eef177,/workspace/pair-aware/results_v3/bf16/validation_only/true_pair/lambda_2p0/split_42/model_seed_101,True,v3,validation,1,validation,f1_macro,>,closest_to_zero_then_lower,15,positive_class_equal_width,true_pair,neuralmind/bert-large-portuguese-cased,aa302f6ea73b759f7df9cad58bd272127b67ec28,bf16,256,6,2e-05,8,0.01,0.1,linear,1.0,2,f1_macro,32.0,10000,0,1,0,1,4.0,2.0,False,,,,148.23746066098101,6.43624210357666,6.74609375,3,0.7697324801480225,5,2495,2.0,2994,0,299,0.20570044358305106,15,positive_class_equal_width,0.1978336287133881,0.9911724525823368,0.46974258629748444,0.5,0.45614035087719296,0.7701754385964912,0.7697324801480225,0.7722704714640198,0.7701754385964912,570.0,0.7798319327731092,0.7483870967741936,0.8140350877192982,285.0,0.7596330275229358,0.7961538461538461,0.7263157894736842,285.0,0.7697324801480225,0.7722704714640198,0.7701754385964912,570.0,0.7824561403508772,0.7824561403508772,0.7824561403508772,0.7824561403508772,570.0,0.7824561403508772,0.7824561403508772,0.7824561403508772,285.0,0.7824561403508772,0.7824561403508772,0.7824561403508772,285.0,0.7824561403508772,0.7824561403508772,0.7824561403508772,570.0,0.7701754385964912,0.7697324801480225,0.7798319327731092,0.7596330275229358,0.7697324801480225,78,53,0.7722704714640198,0.7483870967741936,0.7961538461538461,0.7722704714640198,0.7701754385964912,0.8140350877192982,0.7263157894736842,0.7701754385964912,232,207,0.7824561403508772,0.7824561403508772,0.7824561403508772,0.7824561403508772,0.7824561403508772,62,62,0.7824561403508772,0.7824561403508772,0.7824561403508772,0.7824561403508772,0.5,0.7824561403508772,0.7824561403508772,0.7824561403508772,0.7824561403508772,223,223,14.859375,6.522782737330386,7.37109375,-11.421875,285,0.5649122807017544,0.8666666666666667,0,5.575053377846662,14.859375,6.522782737330386,7.37109375,-11.421875,285,0.5824561403508772,0.8666666666666667,0,5.575053377846662,415,>,0.7697324801480225,validation,f1_macro,0.2342314371669467,-1.1845703125,closest_to_zero_then_lower,0.7824561403508772,,,,,,,,,,,,,,,,,,,,,,,,,,,,,,,,,,,,,,,,,,,,,,,,,,,,,,,,,,,,,,,,,,,,,,,,,,,,,,,,,,,,,,,,,,,,,,,,
true_pair,73,13,2.0,validation,screening,0ef758deec5d59f39034ba5667e28feac5a14a042dcb6303a6a2d7dde0082e53,b49ae453b10d6a47b462e5a8f7276572337b67b177499732d194895ddb78b7d4,13da7362da5a91f87c78ef27ecce6939441c8b6b383319781bcd155a34ade1e4,bb43d0ad549b7e57213aab7dca185a96972dab5a6e0ad093afcd5ecde5eef177,/workspace/pair-aware/results_v3/bf16/validation_only/true_pair/lambda_2p0/split_73/model_seed_13,True,v3,validation,1,validation,f1_macro,>,closest_to_zero_then_lower,15,positive_class_equal_width,true_pair,neuralmind/bert-large-portuguese-cased,aa302f6ea73b759f7df9cad58bd272127b67ec28,bf16,256,6,2e-05,8,0.01,0.1,linear,1.0,2,f1_macro,32.0,10000,0,1,0,1,4.0,2.0,False,,,,92.97655507200398,6.43624210357666,6.74609375,1,0.7697324801480225,3,1497,2.0,2994,0,299,0.17148955442198793,15,positive_class_equal_width,0.07781353528473871,0.5359647011140063,0.4596612983205158,0.5,0.45614035087719296,0.7701754385964912,0.7697324801480225,0.7722704714640198,0.7701754385964912,570.0,0.7798319327731092,0.7483870967741936,0.8140350877192982,285.0,0.7596330275229358,0.7961538461538461,0.7263157894736842,285.0,0.7697324801480225,0.7722704714640198,0.7701754385964912,570.0,0.7807017543859649,0.7805876248340935,0.7812870114488748,0.7807017543859649,570.0,0.7855917667238422,0.7684563758389261,0.8035087719298246,285.0,0.7755834829443446,0.7941176470588235,0.7578947368421053,285.0,0.7805876248340935,0.7812870114488748,0.7807017543859649,570.0,0.7701754385964912,0.7697324801480225,0.7798319327731092,0.7596330275229358,0.7697324801480225,78,53,0.7722704714640198,0.7483870967741936,0.7961538461538461,0.7722704714640198,0.7701754385964912,0.8140350877192982,0.7263157894736842,0.7701754385964912,232,207,0.7807017543859649,0.7805876248340935,0.7855917667238422,0.7755834829443446,0.7805876248340935,69,56,0.7812870114488748,0.7684563758389261,0.7941176470588235,0.7812870114488748,0.47719298245614034,0.7807017543859649,0.8035087719298246,0.7578947368421053,0.7807017543859649,229,216,7.6640625,2.3630496911835253,2.297607421875,-2.9105224609375,285,0.5614035087719298,0.8421052631578947,1,2.230345447815023,7.6640625,2.3630496911835253,2.297607421875,-2.9105224609375,285,0.5789473684210527,0.8421052631578947,1,2.230345447815023,520,>,0.7697324801480225,validation,f1_macro,0.44504710025152877,-0.220703125,closest_to_zero_then_lower,0.7805876248340935,,,,,,,,,,,,,,,,,,,,,,,,,,,,,,,,,,,,,,,,,,,,,,,,,,,,,,,,,,,,,,,,,,,,,,,,,,,,,,,,,,,,,,,,,,,,,,,,
true_pair,73,40,2.0,validation,screening,47063f36883b19b29c5125a4f18d7b3f5778c5c7d99d71fa53e0e5d4c95b591f,b49ae453b10d6a47b462e5a8f7276572337b67b177499732d194895ddb78b7d4,13da7362da5a91f87c78ef27ecce6939441c8b6b383319781bcd155a34ade1e4,bb43d0ad549b7e57213aab7dca185a96972dab5a6e0ad093afcd5ecde5eef177,/workspace/pair-aware/results_v3/bf16/validation_only/true_pair/lambda_2p0/split_73/model_seed_40,True,v3,validation,1,validation,f1_macro,>,closest_to_zero_then_lower,15,positive_class_equal_width,true_pair,neuralmind/bert-large-portuguese-cased,aa302f6ea73b759f7df9cad58bd272127b67ec28,bf16,256,6,2e-05,8,0.01,0.1,linear,1.0,2,f1_macro,32.0,10000,0,1,0,1,4.0,2.0,False,,,,149.0679932270432,6.43624210357666,6.74609375,3,0.7744360902255639,5,2495,2.0,2994,0,299,0.2031065752593274,15,positive_class_equal_width,0.19599067501101264,1.0432462399529852,0.4386287831993107,0.5,0.43333333333333335,0.775438596491228,0.7744360902255639,0.7804239104548703,0.775438596491228,570.0,0.7894736842105263,0.7430340557275542,0.8421052631578947,285.0,0.7593984962406015,0.8178137651821862,0.7087719298245614,285.0,0.7744360902255639,0.7804239104548703,0.775438596491228,570.0,0.7929824561403509,0.7929799074165271,0.7929968850420458,0.7929824561403509,570.0,0.7937062937062938,0.7909407665505227,0.7964912280701755,285.0,0.7922535211267606,0.7950530035335689,0.7894736842105263,285.0,0.7929799074165271,0.7929968850420458,0.7929824561403509,570.0,0.775438596491228,0.7744360902255639,0.7894736842105263,0.7593984962406015,0.7744360902255639,83,45,0.7804239104548703,0.7430340557275542,0.8178137651821862,0.7804239104548703,0.775438596491228,0.8421052631578947,0.7087719298245614,0.775438596491228,240,202,0.7929824561403509,0.7929799074165271,0.7937062937062938,0.7922535211267606,0.7929799074165271,60,58,0.7929968850420458,0.7909407665505227,0.7950530035335689,0.7929968850420458,0.4964912280701754,0.7929824561403509,0.7964912280701755,0.7894736842105263,0.7929824561403509,227,225,15.40625,6.787911826685855,8.58203125,-9.921875,285,0.5684210526315789,0.8526315789473684,0,5.943674376524167,15.40625,6.787911826685855,8.58203125,-9.921875,285,0.6070175438596491,0.8526315789473684,0,5.943674376524167,425,>,0.7744360902255639,validation,f1_macro,0.07423137046083578,-2.5234375,closest_to_zero_then_lower,0.7929799074165271,,,,,,,,,,,,,,,,,,,,,,,,,,,,,,,,,,,,,,,,,,,,,,,,,,,,,,,,,,,,,,,,,,,,,,,,,,,,,,,,,,,,,,,,,,,,,,,,
true_pair,73,101,2.0,validation,screening,b5201250cb93e65a9d7211e233dcf1e7e6eda25d3a473048334779cc35032774,b49ae453b10d6a47b462e5a8f7276572337b67b177499732d194895ddb78b7d4,13da7362da5a91f87c78ef27ecce6939441c8b6b383319781bcd155a34ade1e4,bb43d0ad549b7e57213aab7dca185a96972dab5a6e0ad093afcd5ecde5eef177,/workspace/pair-aware/results_v3/bf16/validation_only/true_pair/lambda_2p0/split_73/model_seed_101,True,v3,validation,1,validation,f1_macro,>,closest_to_zero_then_lower,15,positive_class_equal_width,true_pair,neuralmind/bert-large-portuguese-cased,aa302f6ea73b759f7df9cad58bd272127b67ec28,bf16,256,6,2e-05,8,0.01,0.1,linear,1.0,2,f1_macro,32.0,10000,0,1,0,1,4.0,2.0,False,,,,179.4415575999301,6.43624210357666,6.74609375,6,0.780051182475713,6,2994,2.0,2994,0,299,0.2134266552607232,15,positive_class_equal_width,0.21441961246737612,1.5567433380732325,0.44762667032007225,0.5,0.4456140350877193,0.7807017543859649,0.780051182475713,0.7840625934416425,0.7807017543859649,570.0,0.7920133111480865,0.7531645569620253,0.8350877192982457,285.0,0.7680890538033395,0.8149606299212598,0.7263157894736842,285.0,0.7800511824757129,0.7840625934416426,0.7807017543859649,570.0,0.7807017543859649,0.7801326301691975,0.7836385350318471,0.7807017543859649,570.0,0.7913188647746243,0.7547770700636943,0.8315789473684211,285.0,0.7689463955637708,0.8125,0.7298245614035088,285.0,0.7801326301691975,0.7836385350318471,0.7807017543859649,570.0,0.7807017543859649,0.780051182475713,0.7920133111480865,0.7680890538033395,0.7800511824757129,78,47,0.7840625934416425,0.7531645569620253,0.8149606299212598,0.7840625934416426,0.7807017543859649,0.8350877192982457,0.7263157894736842,0.7807017543859649,238,207,0.7807017543859649,0.7801326301691975,0.7913188647746243,0.7689463955637708,0.7801326301691975,77,48,0.7836385350318471,0.7547770700636943,0.8125,0.7836385350318471,0.44912280701754387,0.7807017543859649,0.8315789473684211,0.7298245614035088,0.7807017543859649,237,208,19.0625,9.307659376713268,12.78125,-17.0,285,0.5789473684210527,0.8456140350877193,1,8.397477882279343,19.0625,9.307659376713268,12.78125,-17.0,285,0.5789473684210527,0.8456140350877193,1,8.397477882279343,305,>,0.780051182475713,validation,f1_macro,0.3555510977875717,-0.5947265625,closest_to_zero_then_lower,0.7801326301691975,,,,,,,,,,,,,,,,,,,,,,,,,,,,,,,,,,,,,,,,,,,,,,,,,,,,,,,,,,,,,,,,,,,,,,,,,,,,,,,,,,,,,,,,,,,,,,,,
true_pair,101,13,2.0,validation,screening,3a7b8b003f7762c2563e123da9c82aba4678a9283e87e2a5440d9e27ae674b80,b49ae453b10d6a47b462e5a8f7276572337b67b177499732d194895ddb78b7d4,8fa1106caddcf6eb0c1bec78a171b8f03f4615d846c63b3bb037293829723f0a,bb43d0ad549b7e57213aab7dca185a96972dab5a6e0ad093afcd5ecde5eef177,/workspace/pair-aware/results_v3/bf16/validation_only/true_pair/lambda_2p0/split_101/model_seed_13,True,v3,validation,1,validation,f1_macro,>,closest_to_zero_then_lower,15,positive_class_equal_width,true_pair,neuralmind/bert-large-portuguese-cased,aa302f6ea73b759f7df9cad58bd272127b67ec28,bf16,256,6,2e-05,8,0.01,0.1,linear,1.0,2,f1_macro,32.0,10000,0,1,0,1,4.0,2.0,False,,,,148.3375572169898,6.43624210357666,6.74609375,3,0.7715247715247715,5,2495,2.0,2994,0,299,0.2038591005886585,15,positive_class_equal_width,0.1981247597745478,0.9801337665560228,0.463878136758407,0.5,0.45789473684210524,0.7719298245614035,0.7715247715247715,0.7738719636945282,0.7719298245614035,570.0,0.7811447811447811,0.7508090614886731,0.8140350877192982,285.0,0.7619047619047619,0.7969348659003831,0.7298245614035088,285.0,0.7715247715247715,0.773871963694528,0.7719298245614035,570.0,0.8,0.7994444444444444,0.8033613445378152,0.8,570.0,0.7888888888888889,0.8352941176470589,0.7473684210526316,285.0,0.81,0.7714285714285715,0.8526315789473684,285.0,0.7994444444444444,0.803361344537815,0.8,570.0,0.7719298245614035,0.7715247715247715,0.7811447811447811,0.7619047619047619,0.7715247715247715,77,53,0.7738719636945282,0.7508090614886731,0.7969348659003831,0.773871963694528,0.7719298245614035,0.8140350877192982,0.7298245614035088,0.7719298245614035,232,208,0.8,0.7994444444444444,0.7888888888888889,0.81,0.7994444444444444,42,72,0.8033613445378152,0.8352941176470589,0.7714285714285715,0.803361344537815,0.5526315789473685,0.8,0.7473684210526316,0.8526315789473684,0.8,213,243,15.640625,6.892545465837445,8.556640625,-11.828125,285,0.5789473684210527,0.8526315789473684,0,6.1336024123515545,15.640625,6.892545465837445,8.556640625,-11.828125,285,0.6210526315789474,0.8526315789473684,0,6.1336024123515545,421,>,0.7715247715247715,validation,f1_macro,0.03622005586497474,-3.28125,closest_to_zero_then_lower,0.7994444444444444,,,,,,,,,,,,,,,,,,,,,,,,,,,,,,,,,,,,,,,,,,,,,,,,,,,,,,,,,,,,,,,,,,,,,,,,,,,,,,,,,,,,,,,,,,,,,,,,
true_pair,101,40,2.0,validation,screening,a91a77fdd47cf37153ccac022b7ff2ec6a5515140f6b23d75fa6576b07e5f3d9,b49ae453b10d6a47b462e5a8f7276572337b67b177499732d194895ddb78b7d4,8fa1106caddcf6eb0c1bec78a171b8f03f4615d846c63b3bb037293829723f0a,bb43d0ad549b7e57213aab7dca185a96972dab5a6e0ad093afcd5ecde5eef177,/workspace/pair-aware/results_v3/bf16/validation_only/true_pair/lambda_2p0/split_101/model_seed_40,True,v3,validation,1,validation,f1_macro,>,closest_to_zero_then_lower,15,positive_class_equal_width,true_pair,neuralmind/bert-large-portuguese-cased,aa302f6ea73b759f7df9cad58bd272127b67ec28,bf16,256,6,2e-05,8,0.01,0.1,linear,1.0,2,f1_macro,32.0,10000,0,1,0,1,4.0,2.0,False,,,,120.26406138099264,6.43624210357666,6.74609375,2,0.7404878048780488,4,1996,2.0,2994,0,299,0.20916888543760254,15,positive_class_equal_width,0.1879702113855565,0.7679803661248156,0.42990872103064165,0.5,0.42105263157894735,0.7421052631578947,0.7404878048780488,0.7482954545454545,0.7421052631578947,570.0,0.7609756097560976,0.7090909090909091,0.8210526315789474,285.0,0.72,0.7875,0.6631578947368421,285.0,0.7404878048780488,0.7482954545454547,0.7421052631578947,570.0,0.7736842105263158,0.771710479336585,0.7834880636604774,0.7736842105263158,570.0,0.7504835589941973,0.8362068965517241,0.6807017543859649,285.0,0.7929373996789727,0.7307692307692307,0.8666666666666667,285.0,0.771710479336585,0.7834880636604774,0.7736842105263158,570.0,0.7421052631578947,0.7404878048780488,0.7609756097560976,0.72,0.7404878048780488,96,51,0.7482954545454545,0.7090909090909091,0.7875,0.7482954545454547,0.7421052631578947,0.8210526315789474,0.6631578947368421,0.7421052631578947,234,189,0.7736842105263158,0.771710479336585,0.7504835589941973,0.7929373996789727,0.771710479336585,38,91,0.7834880636604774,0.8362068965517241,0.7307692307692307,0.7834880636604774,0.5929824561403508,0.7736842105263158,0.6807017543859649,0.8666666666666667,0.7736842105263158,194,247,10.859375,4.43546860008909,4.3974609375,-9.328125,285,0.5157894736842106,0.8526315789473684,0,4.28131337817165,10.859375,4.43546860008909,4.3974609375,-9.328125,285,0.5719298245614035,0.8526315789473684,0,4.28131337817165,422,>,0.7404878048780488,validation,f1_macro,0.05921025074128593,-2.765625,closest_to_zero_then_lower,0.771710479336585,,,,,,,,,,,,,,,,,,,,,,,,,,,,,,,,,,,,,,,,,,,,,,,,,,,,,,,,,,,,,,,,,,,,,,,,,,,,,,,,,,,,,,,,,,,,,,,,
true_pair,101,101,2.0,validation,screening,d7cd218a1cdc57e4ba4ee4a7670169188750978296b7a70222709c1a3db1ba8c,b49ae453b10d6a47b462e5a8f7276572337b67b177499732d194895ddb78b7d4,8fa1106caddcf6eb0c1bec78a171b8f03f4615d846c63b3bb037293829723f0a,bb43d0ad549b7e57213aab7dca185a96972dab5a6e0ad093afcd5ecde5eef177,/workspace/pair-aware/results_v3/bf16/validation_only/true_pair/lambda_2p0/split_101/model_seed_101,True,v3,validation,1,validation,f1_macro,>,closest_to_zero_then_lower,15,positive_class_equal_width,true_pair,neuralmind/bert-large-portuguese-cased,aa302f6ea73b759f7df9cad58bd272127b67ec28,bf16,256,6,2e-05,8,0.01,0.1,linear,1.0,2,f1_macro,32.0,10000,0,1,0,1,4.0,2.0,False,,,,148.97174577601254,6.43624210357666,6.74609375,3,0.7555919560972449,5,2495,2.0,2994,0,299,0.22896962045769156,15,positive_class_equal_width,0.23078098725674,1.1987903640260646,0.4550742369704823,0.5,0.45263157894736844,0.756140350877193,0.7555919560972449,0.7584600477042337,0.756140350877193,570.0,0.7671691792294807,0.7339743589743589,0.8035087719298246,285.0,0.7440147329650092,0.7829457364341085,0.7087719298245614,285.0,0.7555919560972449,0.7584600477042337,0.756140350877193,570.0,0.7824561403508772,0.782413279316332,0.7826788728576533,0.7824561403508772,570.0,0.7793594306049823,0.7906137184115524,0.7684210526315789,285.0,0.7854671280276817,0.7747440273037542,0.7964912280701755,285.0,0.782413279316332,0.7826788728576533,0.7824561403508772,570.0,0.756140350877193,0.7555919560972449,0.7671691792294807,0.7440147329650092,0.7555919560972449,83,56,0.7584600477042337,0.7339743589743589,0.7829457364341085,0.7584600477042337,0.756140350877193,0.8035087719298246,0.7087719298245614,0.756140350877193,229,202,0.7824561403508772,0.782413279316332,0.7793594306049823,0.7854671280276817,0.782413279316332,58,66,0.7826788728576533,0.7906137184115524,0.7747440273037542,0.7826788728576533,0.5140350877192983,0.7824561403508772,0.7684210526315789,0.7964912280701755,0.7824561403508772,219,227,15.609375,6.644067168654057,7.9638671875,-14.375,285,0.543859649122807,0.8385964912280702,1,6.550876523788065,15.609375,6.644067168654057,7.9638671875,-14.375,285,0.5929824561403508,0.8385964912280702,1,6.550876523788065,375,>,0.7555919560972449,validation,f1_macro,0.03161876726864549,-3.421875,closest_to_zero_then_lower,0.782413279316332,,,,,,,,,,,,,,,,,,,,,,,,,,,,,,,,,,,,,,,,,,,,,,,,,,,,,,,,,,,,,,,,,,,,,,,,,,,,,,,,,,,,,,,,,,,,,,,,
true_pair,13,13,2.0,full,confirmation,f221a0d1eee52d87675e0e79ab89282fa32c92730e90e5c3286d75e21fda2ecb,3f9615a159c4725dd6fe86c0856a340b67c8067d907386ca2161e98b6cf5cf2e,9ce99da3bd3c0afda70f6d676fc22c54e49d0829cdc88be60b0a15fded3d53d6,bb43d0ad549b7e57213aab7dca185a96972dab5a6e0ad093afcd5ecde5eef177,/workspace/pair-aware/results_v3/bf16/true_pair/lambda_2p0/split_13/model_seed_13,True,v3,full,1,validation,f1_macro,>,closest_to_zero_then_lower,15,positive_class_equal_width,true_pair,neuralmind/bert-large-portuguese-cased,aa302f6ea73b759f7df9cad58bd272127b67ec28,bf16,256,6,2e-05,8,0.01,0.1,linear,1.0,2,f1_macro,32.0,10000,0,1,0,1,4.0,2.0,False,,,,179.46302833000664,6.43624210357666,6.74609375,4,0.802962962962963,6,2994,2.0,2994,0,299,0.18420703723326368,15,positive_class_equal_width,0.17834742317858657,1.1007396202165327,0.4518949764019138,0.5,0.4473684210526316,0.8035087719298246,0.802962962962963,0.8069094304388422,0.8035087719298246,570.0,0.8133333333333334,0.7746031746031746,0.856140350877193,285.0,0.7925925925925926,0.8392156862745098,0.7508771929824561,285.0,0.8029629629629629,0.8069094304388422,0.8035087719298246,570.0,0.8087719298245614,0.8085120153856111,0.8104575163398693,0.8087719298245614,570.0,0.8155668358714044,0.7875816993464052,0.8456140350877193,285.0,0.8014571948998178,0.8333333333333334,0.7719298245614035,285.0,0.8085120153856111,0.8104575163398693,0.8087719298245614,570.0,0.8035087719298246,0.802962962962963,0.8133333333333334,0.7925925925925926,0.8029629629629629,71,41,0.8069094304388422,0.7746031746031746,0.8392156862745098,0.8069094304388422,0.8035087719298246,0.856140350877193,0.7508771929824561,0.8035087719298246,244,214,0.8087719298245614,0.8085120153856111,0.8155668358714044,0.8014571948998178,0.8085120153856111,65,44,0.8104575163398693,0.7875816993464052,0.8333333333333334,0.8104575163398693,0.4631578947368421,0.8087719298245614,0.8456140350877193,0.7719298245614035,0.8087719298245614,241,220,17.03125,8.725627832245408,11.125,-15.375,285,0.631578947368421,0.8842105263157894,2,6.955536713168036,17.03125,8.725627832245408,11.125,-15.375,285,0.6421052631578947,0.8842105263157894,2,6.955536713168036,353,>,0.802962962962963,validation,f1_macro,0.35409796792495246,-0.60107421875,closest_to_zero_then_lower,0.8085120153856111,0.22075032291480107,15.0,positive_class_equal_width,0.2137399493649913,1.2827511982820792,0.4640413852945037,0.5,0.46403508771929824,0.762280701754386,0.7619728195673228,0.7636447733580018,0.762280701754386,1140.0,0.7705334462320068,0.7446808510638298,0.7982456140350878,570.0,0.7534121929026387,0.782608695652174,0.7263157894736842,570.0,0.7619728195673228,0.7636447733580018,0.762280701754386,1140.0,0.7631578947368421,0.7629937629937631,0.7638888888888888,0.763157894736842,1140.0,0.7692307692307693,0.75,0.7894736842105263,570.0,0.7567567567567568,0.7777777777777778,0.7368421052631579,570.0,0.762993762993763,0.7638888888888888,0.7631578947368421,1140.0,0.762280701754386,0.7619728195673228,0.7705334462320068,0.7534121929026387,0.7619728195673228,156.0,115.0,0.7636447733580018,0.7446808510638298,0.782608695652174,0.7636447733580018,0.762280701754386,0.7982456140350878,0.7263157894736842,0.762280701754386,455.0,414.0,0.7631578947368421,0.7629937629937631,0.7692307692307693,0.7567567567567568,0.762993762993763,150.0,120.0,0.7638888888888888,0.75,0.7777777777777778,0.7638888888888888,0.47368421052631576,0.763157894736842,0.7894736842105263,0.7368421052631579,0.7631578947368421,450.0,420.0,17.25,7.711084626850329,9.13671875,-15.34375,570.0,0.5508771929824562,0.8473684210526315,1.0,7.229415732428808,17.25,7.711084626850329,9.13671875,-15.34375,570.0,0.5561403508771929,0.8473684210526315,1.0,7.229415732428808,
true_pair,13,21,2.0,full,confirmation,8e32d9dcf77449f696217831c53cef08dddea53082a297b3cf6ca91b8dc7bde6,3f9615a159c4725dd6fe86c0856a340b67c8067d907386ca2161e98b6cf5cf2e,9ce99da3bd3c0afda70f6d676fc22c54e49d0829cdc88be60b0a15fded3d53d6,bb43d0ad549b7e57213aab7dca185a96972dab5a6e0ad093afcd5ecde5eef177,/workspace/pair-aware/results_v3/bf16/true_pair/lambda_2p0/split_13/model_seed_21,True,v3,full,1,validation,f1_macro,>,closest_to_zero_then_lower,15,positive_class_equal_width,true_pair,neuralmind/bert-large-portuguese-cased,aa302f6ea73b759f7df9cad58bd272127b67ec28,bf16,256,6,2e-05,8,0.01,0.1,linear,1.0,2,f1_macro,32.0,10000,0,1,0,1,4.0,2.0,False,,,,121.16318295698147,6.43624210357666,6.74609375,2,0.7789446469023933,4,1996,2.0,2994,0,299,0.16726418072912472,15,positive_class_equal_width,0.11846671838830518,0.5485245994277772,0.5068562529879557,0.5,0.5035087719298246,0.7789473684210526,0.7789446469023933,0.7789611061178758,0.7789473684210526,570.0,0.778169014084507,0.7809187279151943,0.775438596491228,285.0,0.7797202797202797,0.7770034843205574,0.7824561403508772,285.0,0.7789446469023933,0.778961106117876,0.7789473684210526,570.0,0.787719298245614,0.7876088208394025,0.7883191867350967,0.787719298245614,570.0,0.7924528301886793,0.7751677852348994,0.8105263157894737,285.0,0.7827648114901257,0.8014705882352942,0.7649122807017544,285.0,0.7876088208394024,0.7883191867350968,0.787719298245614,570.0,0.7789473684210526,0.7789446469023933,0.778169014084507,0.7797202797202797,0.7789446469023933,62,64,0.7789611061178758,0.7809187279151943,0.7770034843205574,0.778961106117876,0.7789473684210526,0.775438596491228,0.7824561403508772,0.7789473684210526,221,223,0.787719298245614,0.7876088208394025,0.7924528301886793,0.7827648114901257,0.7876088208394024,67,54,0.7883191867350967,0.7751677852348994,0.8014705882352942,0.7883191867350968,0.47719298245614034,0.787719298245614,0.8105263157894737,0.7649122807017544,0.787719298245614,231,218,8.7109375,3.5735261883652,3.818359375,-6.46875,285,0.5824561403508772,0.8912280701754386,0,2.865714686840112,8.7109375,3.5735261883652,3.818359375,-6.46875,285,0.5964912280701754,0.8912280701754386,0,2.865714686840112,473,>,0.7789446469023933,validation,f1_macro,0.6150878555160665,0.46875,closest_to_zero_then_lower,0.7876088208394025,0.1839676291543302,15.0,positive_class_equal_width,0.12933370842795833,0.6063760524885462,0.5258008150415407,0.5,0.5245614035087719,0.7666666666666667,0.7665258204395389,0.7673117032173666,0.7666666666666666,1140.0,0.7607913669064749,0.7804428044280443,0.7421052631578947,570.0,0.7722602739726028,0.754180602006689,0.7912280701754386,570.0,0.7665258204395388,0.7673117032173666,0.7666666666666667,1140.0,0.7587719298245614,0.7587568938968957,0.758836459689858,0.7587719298245614,1140.0,0.7606614447345518,0.7547495682210709,0.7666666666666667,570.0,0.7568523430592397,0.7629233511586453,0.7508771929824561,570.0,0.7587568938968957,0.758836459689858,0.7587719298245614,1140.0,0.7666666666666667,0.7665258204395389,0.7607913669064749,0.7722602739726028,0.7665258204395388,119.0,147.0,0.7673117032173666,0.7804428044280443,0.754180602006689,0.7673117032173666,0.7666666666666666,0.7421052631578947,0.7912280701754386,0.7666666666666667,423.0,451.0,0.7587719298245614,0.7587568938968957,0.7606614447345518,0.7568523430592397,0.7587568938968957,142.0,133.0,0.758836459689858,0.7547495682210709,0.7629233511586453,0.758836459689858,0.4921052631578947,0.7587719298245614,0.7666666666666667,0.7508771929824561,0.7587719298245614,437.0,428.0,8.921875,3.33266531961006,3.42236328125,-7.2265625,570.0,0.5614035087719298,0.868421052631579,0.0,3.0567517755031943,8.921875,3.33266531961006,3.42236328125,-7.2265625,570.0,0.5491228070175439,0.868421052631579,0.0,3.0567517755031943,
true_pair,13,40,2.0,full,confirmation,2da234144edccb119e7043269e638e011504d11cb8af9ba198b0671ea1660770,3f9615a159c4725dd6fe86c0856a340b67c8067d907386ca2161e98b6cf5cf2e,9ce99da3bd3c0afda70f6d676fc22c54e49d0829cdc88be60b0a15fded3d53d6,bb43d0ad549b7e57213aab7dca185a96972dab5a6e0ad093afcd5ecde5eef177,/workspace/pair-aware/results_v3/bf16/true_pair/lambda_2p0/split_13/model_seed_40,True,v3,full,1,validation,f1_macro,>,closest_to_zero_then_lower,15,positive_class_equal_width,true_pair,neuralmind/bert-large-portuguese-cased,aa302f6ea73b759f7df9cad58bd272127b67ec28,bf16,256,6,2e-05,8,0.01,0.1,linear,1.0,2,f1_macro,32.0,10000,0,1,0,1,4.0,2.0,False,,,,149.98714521492366,6.43624210357666,6.74609375,3,0.8,5,2495,2.0,2994,0,299,0.17048118849457117,15,positive_class_equal_width,0.15074384962858256,0.7396645036370953,0.4954660689657878,0.5,0.5,0.8,0.8,0.8,0.8,570.0,0.8,0.8,0.8,285.0,0.8,0.8,0.8,285.0,0.8,0.8,0.8,570.0,0.8157894736842105,0.8155845676482641,0.8171992481203008,0.8157894736842105,570.0,0.809437386569873,0.8383458646616542,0.7824561403508772,285.0,0.8217317487266553,0.7960526315789473,0.8491228070175438,285.0,0.8155845676482641,0.8171992481203008,0.8157894736842105,570.0,0.8,0.8,0.8,0.8,0.8,57,57,0.8,0.8,0.8,0.8,0.8,0.8,0.8,0.8,228,228,0.8157894736842105,0.8155845676482641,0.809437386569873,0.8217317487266553,0.8155845676482641,43,62,0.8171992481203008,0.8383458646616542,0.7960526315789473,0.8171992481203008,0.5333333333333333,0.8157894736842105,0.7824561403508772,0.8491228070175438,0.8157894736842105,223,242,12.71875,5.998352157860472,6.98095703125,-9.875,285,0.6175438596491228,0.8807017543859649,2,4.6408170678666085,12.71875,5.998352157860472,6.98095703125,-9.875,285,0.6421052631578947,0.8807017543859649,2,4.6408170678666085,399,>,0.8,validation,f1_macro,0.30735801686526387,-0.8125,closest_to_zero_then_lower,0.8155845676482641,0.204483873157112,15.0,positive_class_equal_width,0.18723466246829695,0.8482097283694503,0.49006347066865463,0.5,0.4903508771929825,0.762280701754386,0.7622585667025015,0.7623784173237802,0.762280701754386,1140.0,0.7645525629887054,0.7573149741824441,0.7719298245614035,570.0,0.7599645704162976,0.7674418604651163,0.7526315789473684,570.0,0.7622585667025016,0.7623784173237802,0.762280701754386,1140.0,0.7631578947368421,0.7630696565972553,0.7635505030578024,0.763157894736842,1140.0,0.7584973166368515,0.7737226277372263,0.743859649122807,570.0,0.7676419965576592,0.7533783783783784,0.7824561403508772,570.0,0.7630696565972553,0.7635505030578024,0.7631578947368421,1140.0,0.762280701754386,0.7622585667025015,0.7645525629887054,0.7599645704162976,0.7622585667025016,141.0,130.0,0.7623784173237802,0.7573149741824441,0.7674418604651163,0.7623784173237802,0.762280701754386,0.7719298245614035,0.7526315789473684,0.762280701754386,440.0,429.0,0.7631578947368421,0.7630696565972553,0.7584973166368515,0.7676419965576592,0.7630696565972553,124.0,146.0,0.7635505030578024,0.7737226277372263,0.7533783783783784,0.7635505030578024,0.519298245614035,0.763157894736842,0.743859649122807,0.7824561403508772,0.7631578947368421,424.0,446.0,12.734375,5.321372450443736,5.96875,-11.3125,570.0,0.5666666666666667,0.8403508771929824,1.0,5.008107588783017,12.734375,5.321372450443736,5.96875,-11.3125,570.0,0.5631578947368421,0.8403508771929824,1.0,5.008107588783017,
true_pair,13,42,2.0,full,confirmation,e44d0a1b502e035e3991df1be40026a21f64793f55b9766ea349c36b472dde29,3f9615a159c4725dd6fe86c0856a340b67c8067d907386ca2161e98b6cf5cf2e,9ce99da3bd3c0afda70f6d676fc22c54e49d0829cdc88be60b0a15fded3d53d6,bb43d0ad549b7e57213aab7dca185a96972dab5a6e0ad093afcd5ecde5eef177,/workspace/pair-aware/results_v3/bf16/true_pair/lambda_2p0/split_13/model_seed_42,True,v3,full,1,validation,f1_macro,>,closest_to_zero_then_lower,15,positive_class_equal_width,true_pair,neuralmind/bert-large-portuguese-cased,aa302f6ea73b759f7df9cad58bd272127b67ec28,bf16,256,6,2e-05,8,0.01,0.1,linear,1.0,2,f1_macro,32.0,10000,0,1,0,1,4.0,2.0,False,,,,180.15370876900852,6.43624210357666,6.74609375,4,0.7959989633341149,6,2994,2.0,2994,0,299,0.18939314233159954,15,positive_class_equal_width,0.18740236813129504,1.0973697832654348,0.45027456859804177,0.5,0.45087719298245615,0.7964912280701755,0.7959989633341149,0.7993809127186385,0.7964912280701755,570.0,0.8060200668896321,0.7699680511182109,0.8456140350877193,285.0,0.7859778597785978,0.8287937743190662,0.7473684210526316,285.0,0.795998963334115,0.7993809127186385,0.7964912280701755,570.0,0.8157894736842105,0.8157435371699315,0.8161047027506655,0.8157894736842106,570.0,0.8128342245989305,0.8260869565217391,0.8,285.0,0.8186528497409327,0.8061224489795918,0.8315789473684211,285.0,0.8157435371699315,0.8161047027506655,0.8157894736842105,570.0,0.7964912280701755,0.7959989633341149,0.8060200668896321,0.7859778597785978,0.795998963334115,72,44,0.7993809127186385,0.7699680511182109,0.8287937743190662,0.7993809127186385,0.7964912280701755,0.8456140350877193,0.7473684210526316,0.7964912280701755,241,213,0.8157894736842105,0.8157435371699315,0.8128342245989305,0.8186528497409327,0.8157435371699315,48,57,0.8161047027506655,0.8260869565217391,0.8061224489795918,0.8161047027506655,0.5157894736842106,0.8157894736842106,0.8,0.8315789473684211,0.8157894736842105,228,237,17.5,9.09205472176535,11.3671875,-15.359375,285,0.624561403508772,0.887719298245614,0,7.1385662096262505,17.5,9.09205472176535,11.3671875,-15.359375,285,0.6491228070175439,0.887719298245614,0,7.1385662096262505,362,>,0.7959989633341149,validation,f1_macro,0.023689471299374428,-3.71875,closest_to_zero_then_lower,0.8157435371699315,0.21582323248091476,15.0,positive_class_equal_width,0.20692732700597236,1.261015323530597,0.4491580818034541,0.5,0.4473684210526316,0.7649122807017544,0.7642592592592592,0.7678804855275443,0.7649122807017543,1140.0,0.7766666666666666,0.7396825396825397,0.8175438596491228,570.0,0.7518518518518519,0.796078431372549,0.712280701754386,570.0,0.7642592592592593,0.7678804855275444,0.7649122807017544,1140.0,0.7710526315789473,0.7707843667450132,0.7723275166290946,0.7710526315789473,1140.0,0.7629427792915532,0.7909604519774012,0.7368421052631579,570.0,0.7786259541984732,0.7536945812807881,0.8052631578947368,570.0,0.7707843667450133,0.7723275166290946,0.7710526315789473,1140.0,0.7649122807017544,0.7642592592592592,0.7766666666666666,0.7518518518518519,0.7642592592592593,164.0,104.0,0.7678804855275443,0.7396825396825397,0.796078431372549,0.7678804855275444,0.7649122807017543,0.8175438596491228,0.712280701754386,0.7649122807017544,466.0,406.0,0.7710526315789473,0.7707843667450132,0.7629427792915532,0.7786259541984732,0.7707843667450133,111.0,150.0,0.7723275166290946,0.7909604519774012,0.7536945812807881,0.7723275166290946,0.5342105263157895,0.7710526315789473,0.7368421052631579,0.8052631578947368,0.7710526315789473,420.0,459.0,17.984375,7.978094335187945,8.84326171875,-16.3125,570.0,0.5508771929824562,0.856140350877193,2.0,7.170686503279715,17.984375,7.978094335187945,8.84326171875,-16.3125,570.0,0.5684210526315789,0.856140350877193,2.0,7.170686503279715,
true_pair,13,73,2.0,full,confirmation,0bf110dc0fb256e3361db84bc2d7e9982ca7a0d16f9eb937c0d729248853cb57,3f9615a159c4725dd6fe86c0856a340b67c8067d907386ca2161e98b6cf5cf2e,9ce99da3bd3c0afda70f6d676fc22c54e49d0829cdc88be60b0a15fded3d53d6,bb43d0ad549b7e57213aab7dca185a96972dab5a6e0ad093afcd5ecde5eef177,/workspace/pair-aware/results_v3/bf16/true_pair/lambda_2p0/split_13/model_seed_73,True,v3,full,1,validation,f1_macro,>,closest_to_zero_then_lower,15,positive_class_equal_width,true_pair,neuralmind/bert-large-portuguese-cased,aa302f6ea73b759f7df9cad58bd272127b67ec28,bf16,256,6,2e-05,8,0.01,0.1,linear,1.0,2,f1_macro,32.0,10000,0,1,0,1,4.0,2.0,False,,,,181.25086906098295,6.43624210357666,6.74609375,5,0.7829754435058242,6,2994,2.0,2994,0,299,0.19956847477995668,15,positive_class_equal_width,0.20434193790962252,1.2460912634871648,0.426245350903929,0.5,0.4245614035087719,0.7842105263157895,0.7829754435058242,0.790830981656924,0.7842105263157895,570.0,0.799347471451876,0.7469512195121951,0.8596491228070176,285.0,0.7666034155597723,0.8347107438016529,0.7087719298245614,285.0,0.7829754435058242,0.790830981656924,0.7842105263157895,570.0,0.8157894736842105,0.8157208440200875,0.8162606036693628,0.8157894736842106,570.0,0.8192771084337349,0.8040540540540541,0.8350877192982457,285.0,0.8121645796064401,0.8284671532846716,0.7964912280701755,285.0,0.8157208440200875,0.8162606036693628,0.8157894736842105,570.0,0.7842105263157895,0.7829754435058242,0.799347471451876,0.7666034155597723,0.7829754435058242,83,40,0.790830981656924,0.7469512195121951,0.8347107438016529,0.790830981656924,0.7842105263157895,0.8596491228070176,0.7087719298245614,0.7842105263157895,245,202,0.8157894736842105,0.8157208440200875,0.8192771084337349,0.8121645796064401,0.8157208440200875,58,47,0.8162606036693628,0.8040540540540541,0.8284671532846716,0.8162606036693628,0.4807017543859649,0.8157894736842106,0.8350877192982457,0.7964912280701755,0.8157894736842105,238,227,18.03125,9.007510964912282,11.9921875,-16.390625,285,0.6035087719298246,0.887719298245614,0,7.490400546198147,18.03125,9.007510964912282,11.9921875,-16.390625,285,0.656140350877193,0.887719298245614,0,7.490400546198147,352,>,0.7829754435058242,validation,f1_macro,0.021781171331499802,-3.8046875,closest_to_zero_then_lower,0.8157208440200875,0.23887257289898364,15.0,positive_class_equal_width,0.2361242784395274,1.4418640182571554,0.40258663020562063,0.5,0.4052631578947368,0.743859649122807,0.7415399522957663,0.7529402750641688,0.7438596491228071,1140.0,0.7660256410256411,0.7050147492625368,0.8385964912280702,570.0,0.7170542635658915,0.8008658008658008,0.6491228070175439,570.0,0.7415399522957663,0.7529402750641687,0.743859649122807,1140.0,0.7614035087719299,0.7610792118572762,0.7628305109922757,0.7614035087719299,1140.0,0.7698815566835872,0.7434640522875817,0.7982456140350878,570.0,0.7522768670309654,0.7821969696969697,0.724561403508772,570.0,0.7610792118572763,0.7628305109922757,0.7614035087719299,1140.0,0.743859649122807,0.7415399522957663,0.7660256410256411,0.7170542635658915,0.7415399522957663,200.0,92.0,0.7529402750641688,0.7050147492625368,0.8008658008658008,0.7529402750641687,0.7438596491228071,0.8385964912280702,0.6491228070175439,0.743859649122807,478.0,370.0,0.7614035087719299,0.7610792118572762,0.7698815566835872,0.7522768670309654,0.7610792118572763,157.0,115.0,0.7628305109922757,0.7434640522875817,0.7821969696969697,0.7628305109922757,0.4631578947368421,0.7614035087719299,0.7982456140350878,0.724561403508772,0.7614035087719299,455.0,413.0,17.9375,7.85222078289902,8.23583984375,-16.5625,570.0,0.5210526315789473,0.8508771929824561,2.0,7.615204328835036,17.9375,7.85222078289902,8.23583984375,-16.5625,570.0,0.5614035087719298,0.8508771929824561,2.0,7.615204328835036,
true_pair,13,101,2.0,full,confirmation,183c39d1f1121b228b0e48b24eedef349bb19963cc0a7de8ee19872b0247a924,3f9615a159c4725dd6fe86c0856a340b67c8067d907386ca2161e98b6cf5cf2e,9ce99da3bd3c0afda70f6d676fc22c54e49d0829cdc88be60b0a15fded3d53d6,bb43d0ad549b7e57213aab7dca185a96972dab5a6e0ad093afcd5ecde5eef177,/workspace/pair-aware/results_v3/bf16/true_pair/lambda_2p0/split_13/model_seed_101,True,v3,full,1,validation,f1_macro,>,closest_to_zero_then_lower,15,positive_class_equal_width,true_pair,neuralmind/bert-large-portuguese-cased,aa302f6ea73b759f7df9cad58bd272127b67ec28,bf16,256,6,2e-05,8,0.01,0.1,linear,1.0,2,f1_macro,32.0,10000,0,1,0,1,4.0,2.0,False,,,,180.46797666698694,6.43624210357666,6.74609375,5,0.7929722608684946,6,2994,2.0,2994,0,299,0.19558112000483457,15,positive_class_equal_width,0.1919292745870927,1.208041177635045,0.49205318320654257,0.5,0.49298245614035086,0.7929824561403509,0.7929722608684946,0.7930401802755852,0.7929824561403509,570.0,0.794425087108014,0.7889273356401384,0.8,285.0,0.7915194346289752,0.797153024911032,0.7859649122807018,285.0,0.7929722608684945,0.7930401802755852,0.7929824561403509,570.0,0.7982456140350878,0.7981704482124767,0.798690570132176,0.7982456140350878,570.0,0.802065404475043,0.7871621621621622,0.8175438596491228,285.0,0.7942754919499105,0.8102189781021898,0.7789473684210526,285.0,0.7981704482124767,0.7986905701321759,0.7982456140350878,570.0,0.7929824561403509,0.7929722608684946,0.794425087108014,0.7915194346289752,0.7929722608684945,61,57,0.7930401802755852,0.7889273356401384,0.797153024911032,0.7930401802755852,0.7929824561403509,0.8,0.7859649122807018,0.7929824561403509,228,224,0.7982456140350878,0.7981704482124767,0.802065404475043,0.7942754919499105,0.7981704482124767,63,52,0.798690570132176,0.7871621621621622,0.8102189781021898,0.7986905701321759,0.4807017543859649,0.7982456140350878,0.8175438596491228,0.7789473684210526,0.7982456140350878,233,222,17.4375,8.572276868318257,10.8984375,-13.96875,285,0.6070175438596491,0.887719298245614,0,7.118542044828201,17.4375,8.572276868318257,10.8984375,-13.96875,285,0.6175438596491228,0.887719298245614,0,7.118542044828201,352,>,0.7929722608684946,validation,f1_macro,0.7652426642688285,1.181640625,closest_to_zero_then_lower,0.7981704482124767,0.22436193582354105,15.0,positive_class_equal_width,0.21678590891611638,1.3302811025789907,0.4763097701342841,0.5,0.4745614035087719,0.762280701754386,0.7621267687076663,0.7629613743176397,0.762280701754386,1140.0,0.7681779298545766,0.7495826377295493,0.787719298245614,570.0,0.7560756075607561,0.7763401109057301,0.7368421052631579,570.0,0.7621267687076664,0.7629613743176397,0.762280701754386,1140.0,0.762280701754386,0.7619097162013757,0.7639256678281068,0.762280701754386,1140.0,0.7713080168776372,0.7430894308943089,0.8017543859649123,570.0,0.7525114155251141,0.7847619047619048,0.7228070175438597,570.0,0.7619097162013757,0.7639256678281069,0.762280701754386,1140.0,0.762280701754386,0.7621267687076663,0.7681779298545766,0.7560756075607561,0.7621267687076664,150.0,121.0,0.7629613743176397,0.7495826377295493,0.7763401109057301,0.7629613743176397,0.762280701754386,0.787719298245614,0.7368421052631579,0.762280701754386,449.0,420.0,0.762280701754386,0.7619097162013757,0.7713080168776372,0.7525114155251141,0.7619097162013757,158.0,113.0,0.7639256678281068,0.7430894308943089,0.7847619047619048,0.7639256678281069,0.4605263157894737,0.762280701754386,0.8017543859649123,0.7228070175438597,0.762280701754386,457.0,412.0,17.90625,7.774656168619791,8.8505859375,-14.671875,570.0,0.5456140350877193,0.8543859649122807,2.0,7.163143768430619,17.90625,7.774656168619791,8.8505859375,-14.671875,570.0,0.5421052631578948,0.8543859649122807,2.0,7.163143768430619,
true_pair,21,13,2.0,full,confirmation,5d19b9f0ab73d1753620aade7b19b3714bd3ba63c668746832d061da0b6cc7df,3f9615a159c4725dd6fe86c0856a340b67c8067d907386ca2161e98b6cf5cf2e,777957b527fbf66016b0c688daf6670149d9247f4acbb5d1d1a9c08a11b46d65,bb43d0ad549b7e57213aab7dca185a96972dab5a6e0ad093afcd5ecde5eef177,/workspace/pair-aware/results_v3/bf16/true_pair/lambda_2p0/split_21/model_seed_13,True,v3,full,1,validation,f1_macro,>,closest_to_zero_then_lower,15,positive_class_equal_width,true_pair,neuralmind/bert-large-portuguese-cased,aa302f6ea73b759f7df9cad58bd272127b67ec28,bf16,256,6,2e-05,8,0.01,0.1,linear,1.0,2,f1_macro,32.0,10000,0,1,0,1,4.0,2.0,False,,,,121.18770045705605,6.43624210357666,6.74609375,2,0.7805497805497805,4,1996,2.0,2994,0,299,0.17953605834631442,15,positive_class_equal_width,0.13246500007659315,0.606291240965738,0.47672649604028405,0.5,0.47368421052631576,0.7807017543859649,0.7805497805497805,0.7814814814814814,0.7807017543859649,570.0,0.7863247863247863,0.7666666666666667,0.8070175438596491,285.0,0.7747747747747747,0.7962962962962963,0.7543859649122807,285.0,0.7805497805497805,0.7814814814814816,0.7807017543859649,570.0,0.7807017543859649,0.7805497805497805,0.7814814814814814,0.7807017543859649,570.0,0.7863247863247863,0.7666666666666667,0.8070175438596491,285.0,0.7747747747747747,0.7962962962962963,0.7543859649122807,285.0,0.7805497805497805,0.7814814814814816,0.7807017543859649,570.0,0.7807017543859649,0.7805497805497805,0.7863247863247863,0.7747747747747747,0.7805497805497805,70,55,0.7814814814814814,0.7666666666666667,0.7962962962962963,0.7814814814814816,0.7807017543859649,0.8070175438596491,0.7543859649122807,0.7807017543859649,230,215,0.7807017543859649,0.7805497805497805,0.7863247863247863,0.7747747747747747,0.7805497805497805,70,55,0.7814814814814814,0.7666666666666667,0.7962962962962963,0.7814814814814816,0.47368421052631576,0.7807017543859649,0.8070175438596491,0.7543859649122807,0.7807017543859649,230,215,10.375,3.794112356085526,4.0888671875,-5.5234375,285,0.5719298245614035,0.8666666666666667,0,3.2563648904292686,10.375,3.794112356085526,4.0888671875,-5.5234375,285,0.5719298245614035,0.8666666666666667,0,3.2563648904292686,487,>,0.7805497805497805,validation,f1_macro,0.5,0.0,closest_to_zero_then_lower,0.7805497805497805,0.18557939752240493,15.0,positive_class_equal_width,0.14224542905148985,0.6219575136186577,0.5059731679498796,0.5,0.5131578947368421,0.7605263157894737,0.7604848484848485,0.7607068607068608,0.7605263157894737,1140.0,0.7573333333333333,0.7675675675675676,0.7473684210526316,570.0,0.7636363636363637,0.7538461538461538,0.7736842105263158,570.0,0.7604848484848485,0.7607068607068607,0.7605263157894737,1140.0,0.7605263157894737,0.7604848484848485,0.7607068607068608,0.7605263157894737,1140.0,0.7573333333333333,0.7675675675675676,0.7473684210526316,570.0,0.7636363636363637,0.7538461538461538,0.7736842105263158,570.0,0.7604848484848485,0.7607068607068607,0.7605263157894737,1140.0,0.7605263157894737,0.7604848484848485,0.7573333333333333,0.7636363636363637,0.7604848484848485,129.0,144.0,0.7607068607068608,0.7675675675675676,0.7538461538461538,0.7607068607068607,0.7605263157894737,0.7473684210526316,0.7736842105263158,0.7605263157894737,426.0,441.0,0.7605263157894737,0.7604848484848485,0.7573333333333333,0.7636363636363637,0.7604848484848485,129.0,144.0,0.7607068607068608,0.7675675675675676,0.7538461538461538,0.7607068607068607,0.5131578947368421,0.7605263157894737,0.7473684210526316,0.7736842105263158,0.7605263157894737,426.0,441.0,10.8125,3.875805423134252,3.8876953125,-8.6015625,570.0,0.5508771929824562,0.8631578947368421,0.0,3.5587534755094787,10.8125,3.875805423134252,3.8876953125,-8.6015625,570.0,0.5508771929824562,0.8631578947368421,0.0,3.5587534755094787,
true_pair,21,21,2.0,full,confirmation,bb878bbac7f598521e8c63d0326b529e647349c7b65b384354c7792ea3891308,3f9615a159c4725dd6fe86c0856a340b67c8067d907386ca2161e98b6cf5cf2e,777957b527fbf66016b0c688daf6670149d9247f4acbb5d1d1a9c08a11b46d65,bb43d0ad549b7e57213aab7dca185a96972dab5a6e0ad093afcd5ecde5eef177,/workspace/pair-aware/results_v3/bf16/true_pair/lambda_2p0/split_21/model_seed_21,True,v3,full,1,validation,f1_macro,>,closest_to_zero_then_lower,15,positive_class_equal_width,true_pair,neuralmind/bert-large-portuguese-cased,aa302f6ea73b759f7df9cad58bd272127b67ec28,bf16,256,6,2e-05,8,0.01,0.1,linear,1.0,2,f1_macro,32.0,10000,0,1,0,1,4.0,2.0,False,,,,180.5761493369937,6.43624210357666,6.74609375,6,0.7756677440647555,6,2994,2.0,2994,0,299,0.21495766192850815,15,positive_class_equal_width,0.21649575703788387,1.4780284714232141,0.4180509796977992,0.5,0.41754385964912283,0.7771929824561403,0.7756677440647555,0.7849422901690797,0.7771929824561403,570.0,0.7941653160453809,0.7379518072289156,0.8596491228070176,285.0,0.7571701720841301,0.8319327731092437,0.6947368421052632,285.0,0.7756677440647555,0.7849422901690797,0.7771929824561403,570.0,0.7929824561403509,0.7929799074165271,0.7929968850420458,0.7929824561403509,570.0,0.7922535211267606,0.7950530035335689,0.7894736842105263,285.0,0.7937062937062938,0.7909407665505227,0.7964912280701755,285.0,0.7929799074165271,0.7929968850420458,0.7929824561403509,570.0,0.7771929824561403,0.7756677440647555,0.7941653160453809,0.7571701720841301,0.7756677440647555,87,40,0.7849422901690797,0.7379518072289156,0.8319327731092437,0.7849422901690797,0.7771929824561403,0.8596491228070176,0.6947368421052632,0.7771929824561403,245,198,0.7929824561403509,0.7929799074165271,0.7922535211267606,0.7937062937062938,0.7929799074165271,58,60,0.7929968850420458,0.7950530035335689,0.7909407665505227,0.7929968850420458,0.5035087719298246,0.7929824561403509,0.7894736842105263,0.7964912280701755,0.7929824561403509,225,227,18.8125,8.985305732593202,11.9921875,-16.6875,285,0.5754385964912281,0.8245614035087719,0,8.107060978094534,18.8125,8.985305732593202,11.9921875,-16.6875,285,0.6105263157894737,0.8245614035087719,0,8.107060978094534,308,>,0.7756677440647555,validation,f1_macro,0.0053849379617779605,-5.21875,closest_to_zero_then_lower,0.7929799074165271,0.22884254818304547,15.0,positive_class_equal_width,0.22926414317873475,1.5341064057653153,0.47234600686118394,0.5,0.47543859649122805,0.7543859649122807,0.7542377057258303,0.7550012958323563,0.7543859649122807,1140.0,0.7602739726027398,0.7424749163879598,0.7789473684210526,570.0,0.7482014388489209,0.7675276752767528,0.7298245614035088,570.0,0.7542377057258304,0.7550012958323563,0.7543859649122807,1140.0,0.7649122807017544,0.7646224961479199,0.766223321991958,0.7649122807017544,1140.0,0.7563636363636363,0.7849056603773585,0.7298245614035088,570.0,0.7728813559322034,0.7475409836065574,0.8,570.0,0.7646224961479199,0.766223321991958,0.7649122807017544,1140.0,0.7543859649122807,0.7542377057258303,0.7602739726027398,0.7482014388489209,0.7542377057258304,154.0,126.0,0.7550012958323563,0.7424749163879598,0.7675276752767528,0.7550012958323563,0.7543859649122807,0.7789473684210526,0.7298245614035088,0.7543859649122807,444.0,416.0,0.7649122807017544,0.7646224961479199,0.7563636363636363,0.7728813559322034,0.7646224961479199,114.0,154.0,0.766223321991958,0.7849056603773585,0.7475409836065574,0.766223321991958,0.5350877192982456,0.7649122807017544,0.7298245614035088,0.8,0.7649122807017544,416.0,456.0,18.71875,8.785504364549068,10.69140625,-17.90625,570.0,0.5385964912280702,0.8385964912280702,3.0,8.30135923224684,18.71875,8.785504364549068,10.69140625,-17.90625,570.0,0.5631578947368421,0.8385964912280702,3.0,8.30135923224684,
true_pair,21,40,2.0,full,confirmation,f46b6e149636572cf43004c73b1070e622bc83ee0121ca038ed8e9c61f2c7209,3f9615a159c4725dd6fe86c0856a340b67c8067d907386ca2161e98b6cf5cf2e,777957b527fbf66016b0c688daf6670149d9247f4acbb5d1d1a9c08a11b46d65,bb43d0ad549b7e57213aab7dca185a96972dab5a6e0ad093afcd5ecde5eef177,/workspace/pair-aware/results_v3/bf16/true_pair/lambda_2p0/split_21/model_seed_40,True,v3,full,1,validation,f1_macro,>,closest_to_zero_then_lower,15,positive_class_equal_width,true_pair,neuralmind/bert-large-portuguese-cased,aa302f6ea73b759f7df9cad58bd272127b67ec28,bf16,256,6,2e-05,8,0.01,0.1,linear,1.0,2,f1_macro,32.0,10000,0,1,0,1,4.0,2.0,False,,,,122.14040240610484,6.43624210357666,6.74609375,2,0.76828126539864,4,1996,2.0,2994,0,299,0.1820216987574012,15,positive_class_equal_width,0.14734330699159973,0.6253413516037253,0.48684363188564866,0.5,0.47543859649122805,0.7684210526315789,0.76828126539864,0.7690703328437967,0.7684210526315789,570.0,0.773972602739726,0.7558528428093646,0.7929824561403509,285.0,0.762589928057554,0.7822878228782287,0.743859649122807,285.0,0.7682812653986401,0.7690703328437967,0.7684210526315789,570.0,0.7736842105263158,0.7734827223969614,0.7746614609073836,0.7736842105263158,570.0,0.7667269439421338,0.7910447761194029,0.743859649122807,285.0,0.7802385008517888,0.7582781456953642,0.8035087719298246,285.0,0.7734827223969613,0.7746614609073835,0.7736842105263158,570.0,0.7684210526315789,0.76828126539864,0.773972602739726,0.762589928057554,0.7682812653986401,73,59,0.7690703328437967,0.7558528428093646,0.7822878228782287,0.7690703328437967,0.7684210526315789,0.7929824561403509,0.743859649122807,0.7684210526315789,226,212,0.7736842105263158,0.7734827223969614,0.7667269439421338,0.7802385008517888,0.7734827223969613,56,73,0.7746614609073836,0.7910447761194029,0.7582781456953642,0.7746614609073835,0.5298245614035088,0.7736842105263158,0.743859649122807,0.8035087719298246,0.7736842105263158,212,229,10.46875,4.173058011239035,4.55078125,-5.080078125,285,0.5473684210526316,0.8631578947368421,1,3.4882360962732903,10.46875,4.173058011239035,4.55078125,-5.080078125,285,0.5578947368421052,0.8631578947368421,1,3.4882360962732903,462,>,0.76828126539864,validation,f1_macro,0.3182732233534673,-0.76171875,closest_to_zero_then_lower,0.7734827223969614,0.18568841389255808,15.0,positive_class_equal_width,0.14983868377823667,0.6623193718781977,0.5118460319582,0.5,0.5105263157894737,0.7631578947368421,0.7631316489361701,0.7632745815319809,0.763157894736842,1140.0,0.7606382978723404,0.7688172043010753,0.7526315789473684,570.0,0.765625,0.7577319587628866,0.7736842105263158,570.0,0.7631316489361701,0.7632745815319808,0.7631578947368421,1140.0,0.762280701754386,0.7615524790623256,0.7655243650504313,0.762280701754386,1140.0,0.7483751160631383,0.7948717948717948,0.7070175438596491,570.0,0.7747298420615129,0.7361769352290679,0.8175438596491228,570.0,0.7615524790623256,0.7655243650504313,0.762280701754386,1140.0,0.7631578947368421,0.7631316489361701,0.7606382978723404,0.765625,0.7631316489361701,129.0,141.0,0.7632745815319809,0.7688172043010753,0.7577319587628866,0.7632745815319808,0.763157894736842,0.7526315789473684,0.7736842105263158,0.7631578947368421,429.0,441.0,0.762280701754386,0.7615524790623256,0.7483751160631383,0.7747298420615129,0.7615524790623256,104.0,167.0,0.7655243650504313,0.7948717948717948,0.7361769352290679,0.7655243650504313,0.5552631578947368,0.762280701754386,0.7070175438596491,0.8175438596491228,0.762280701754386,403.0,466.0,10.234375,4.213069189640514,4.660888671875,-8.75,570.0,0.5578947368421052,0.843859649122807,1.0,3.84987872883733,10.234375,4.213069189640514,4.660888671875,-8.75,570.0,0.5508771929824562,0.843859649122807,1.0,3.84987872883733,
true_pair,21,42,2.0,full,confirmation,9e9fceda28ca8bd3c7f2fa636c5e2f4c1b72a85566ff103f13b39fe47240c052,3f9615a159c4725dd6fe86c0856a340b67c8067d907386ca2161e98b6cf5cf2e,777957b527fbf66016b0c688daf6670149d9247f4acbb5d1d1a9c08a11b46d65,bb43d0ad549b7e57213aab7dca185a96972dab5a6e0ad093afcd5ecde5eef177,/workspace/pair-aware/results_v3/bf16/true_pair/lambda_2p0/split_21/model_seed_42,True,v3,full,1,validation,f1_macro,>,closest_to_zero_then_lower,15,positive_class_equal_width,true_pair,neuralmind/bert-large-portuguese-cased,aa302f6ea73b759f7df9cad58bd272127b67ec28,bf16,256,6,2e-05,8,0.01,0.1,linear,1.0,2,f1_macro,32.0,10000,0,1,0,1,4.0,2.0,False,,,,189.34564870002214,6.43624210357666,6.74609375,5,0.7667671018859502,6,2994,2.0,2994,0,299,0.21931271545320857,15,positive_class_equal_width,0.2206157610828332,1.4411586305207635,0.4107426363547254,0.5,0.41578947368421054,0.7684210526315789,0.7667671018859502,0.776257269928156,0.7684210526315789,570.0,0.7864077669902912,0.7297297297297297,0.8526315789473684,285.0,0.7471264367816092,0.8227848101265823,0.6842105263157895,285.0,0.7667671018859502,0.776257269928156,0.7684210526315789,570.0,0.7824561403508772,0.7823596792668958,0.782957782957783,0.7824561403508772,570.0,0.7869415807560137,0.7710437710437711,0.8035087719298246,285.0,0.7777777777777778,0.7948717948717948,0.7614035087719299,285.0,0.7823596792668956,0.782957782957783,0.7824561403508772,570.0,0.7684210526315789,0.7667671018859502,0.7864077669902912,0.7471264367816092,0.7667671018859502,90,42,0.776257269928156,0.7297297297297297,0.8227848101265823,0.776257269928156,0.7684210526315789,0.8526315789473684,0.6842105263157895,0.7684210526315789,243,195,0.7824561403508772,0.7823596792668958,0.7869415807560137,0.7777777777777778,0.7823596792668956,68,56,0.782957782957783,0.7710437710437711,0.7948717948717948,0.782957782957783,0.4789473684210526,0.7824561403508772,0.8035087719298246,0.7614035087719299,0.7824561403508772,229,217,18.21875,8.534397700794957,10.513671875,-15.078125,285,0.5543859649122806,0.8666666666666667,0,7.564812782765429,18.21875,8.534397700794957,10.513671875,-15.078125,285,0.5824561403508772,0.8666666666666667,0,7.564812782765429,337,>,0.7667671018859502,validation,f1_macro,0.007577241267860809,-4.875,closest_to_zero_then_lower,0.7823596792668958,0.214166343602312,15.0,positive_class_equal_width,0.20990804455171785,1.4012944860552539,0.44350492108566475,0.5,0.44473684210526315,0.7728070175438596,0.772111040875064,0.776180861306636,0.7728070175438597,1140.0,0.7847049044056525,0.7456556082148499,0.8280701754385965,570.0,0.7595171773444754,0.8067061143984221,0.7175438596491228,570.0,0.772111040875064,0.776180861306636,0.7728070175438596,1140.0,0.7719298245614035,0.7719235066530006,0.7719599586288416,0.7719298245614035,1140.0,0.7707231040564374,0.774822695035461,0.7666666666666667,570.0,0.7731239092495636,0.7690972222222222,0.7771929824561403,570.0,0.7719235066530006,0.7719599586288416,0.7719298245614035,1140.0,0.7728070175438596,0.772111040875064,0.7847049044056525,0.7595171773444754,0.772111040875064,161.0,98.0,0.776180861306636,0.7456556082148499,0.8067061143984221,0.776180861306636,0.7728070175438597,0.8280701754385965,0.7175438596491228,0.7728070175438596,472.0,409.0,0.7719298245614035,0.7719235066530006,0.7707231040564374,0.7731239092495636,0.7719235066530006,127.0,133.0,0.7719599586288416,0.774822695035461,0.7690972222222222,0.7719599586288416,0.5052631578947369,0.7719298245614035,0.7666666666666667,0.7771929824561403,0.7719298245614035,437.0,443.0,18.59375,8.57356375978704,10.947265625,-17.28125,570.0,0.5736842105263158,0.8543859649122807,2.0,7.750367540326272,18.59375,8.57356375978704,10.947265625,-17.28125,570.0,0.5719298245614035,0.8543859649122807,2.0,7.750367540326272,
true_pair,21,73,2.0,full,confirmation,696cc4bd90a17eb727d680706753ab47833c0618cbbccc307c9b0121616f2fb6,3f9615a159c4725dd6fe86c0856a340b67c8067d907386ca2161e98b6cf5cf2e,777957b527fbf66016b0c688daf6670149d9247f4acbb5d1d1a9c08a11b46d65,bb43d0ad549b7e57213aab7dca185a96972dab5a6e0ad093afcd5ecde5eef177,/workspace/pair-aware/results_v3/bf16/true_pair/lambda_2p0/split_21/model_seed_73,True,v3,full,1,validation,f1_macro,>,closest_to_zero_then_lower,15,positive_class_equal_width,true_pair,neuralmind/bert-large-portuguese-cased,aa302f6ea73b759f7df9cad58bd272127b67ec28,bf16,256,6,2e-05,8,0.01,0.1,linear,1.0,2,f1_macro,32.0,10000,0,1,0,1,4.0,2.0,False,,,,123.49684939906001,6.43624210357666,6.74609375,2,0.7782484654620905,4,1996,2.0,2994,0,299,0.1811635621319832,15,positive_class_equal_width,0.14902111361154224,0.6395403718380794,0.4408172957102578,0.5,0.443859649122807,0.7789473684210526,0.7782484654620905,0.7825089462724903,0.7789473684210526,570.0,0.7906976744186046,0.750788643533123,0.8350877192982457,285.0,0.7657992565055762,0.8142292490118577,0.7228070175438597,285.0,0.7782484654620904,0.7825089462724905,0.7789473684210526,570.0,0.7859649122807018,0.7856455908463208,0.7876791221312592,0.7859649122807018,570.0,0.793918918918919,0.7654723127035831,0.8245614035087719,285.0,0.7773722627737226,0.8098859315589354,0.7473684210526316,285.0,0.7856455908463208,0.7876791221312592,0.7859649122807018,570.0,0.7789473684210526,0.7782484654620905,0.7906976744186046,0.7657992565055762,0.7782484654620904,79,47,0.7825089462724903,0.750788643533123,0.8142292490118577,0.7825089462724905,0.7789473684210526,0.8350877192982457,0.7228070175438597,0.7789473684210526,238,206,0.7859649122807018,0.7856455908463208,0.793918918918919,0.7773722627737226,0.7856455908463208,72,50,0.7876791221312592,0.7654723127035831,0.8098859315589354,0.7876791221312592,0.4614035087719298,0.7859649122807018,0.8245614035087719,0.7473684210526316,0.7859649122807018,235,213,10.546875,4.273475834361294,4.55474853515625,-5.9921875,285,0.5719298245614035,0.8736842105263158,1,3.6498491839753147,10.546875,4.273475834361294,4.55474853515625,-5.9921875,285,0.5929824561403508,0.8736842105263158,1,3.6498491839753147,457,>,0.7782484654620905,validation,f1_macro,0.43686227253555665,-0.25390625,closest_to_zero_then_lower,0.7856455908463208,0.18390090864576492,15.0,positive_class_equal_width,0.14410259917901955,0.6663600052425821,0.4565658736084782,0.5,0.4535087719298246,0.7728070175438596,0.7723148911428288,0.7751862051407832,0.7728070175438597,1140.0,0.7829002514668902,0.7495987158908507,0.8192982456140351,570.0,0.7617295308187673,0.8007736943907157,0.7263157894736842,570.0,0.7723148911428287,0.7751862051407832,0.7728070175438596,1140.0,0.7710526315789473,0.7708606242072651,0.7719642013396704,0.7710526315789474,1140.0,0.7774936061381074,0.7562189054726368,0.8,570.0,0.7642276422764228,0.7877094972067039,0.7421052631578947,570.0,0.7708606242072651,0.7719642013396704,0.7710526315789473,1140.0,0.7728070175438596,0.7723148911428288,0.7829002514668902,0.7617295308187673,0.7723148911428287,156.0,103.0,0.7751862051407832,0.7495987158908507,0.8007736943907157,0.7751862051407832,0.7728070175438597,0.8192982456140351,0.7263157894736842,0.7728070175438596,467.0,414.0,0.7710526315789473,0.7708606242072651,0.7774936061381074,0.7642276422764228,0.7708606242072651,147.0,114.0,0.7719642013396704,0.7562189054726368,0.7877094972067039,0.7719642013396704,0.4710526315789474,0.7710526315789474,0.8,0.7421052631578947,0.7710526315789473,456.0,423.0,10.484375,4.332470181113795,4.5166015625,-8.640625,570.0,0.5631578947368421,0.8701754385964913,1.0,3.8214180605328374,10.484375,4.332470181113795,4.5166015625,-8.640625,570.0,0.5631578947368421,0.8701754385964913,1.0,3.8214180605328374,
true_pair,21,101,2.0,full,confirmation,e62fb9442d0dcfdc798769f408988abaa57da39a46246a9c08a7af889129770e,3f9615a159c4725dd6fe86c0856a340b67c8067d907386ca2161e98b6cf5cf2e,777957b527fbf66016b0c688daf6670149d9247f4acbb5d1d1a9c08a11b46d65,bb43d0ad549b7e57213aab7dca185a96972dab5a6e0ad093afcd5ecde5eef177,/workspace/pair-aware/results_v3/bf16/true_pair/lambda_2p0/split_21/model_seed_101,True,v3,full,1,validation,f1_macro,>,closest_to_zero_then_lower,15,positive_class_equal_width,true_pair,neuralmind/bert-large-portuguese-cased,aa302f6ea73b759f7df9cad58bd272127b67ec28,bf16,256,6,2e-05,8,0.01,0.1,linear,1.0,2,f1_macro,32.0,10000,0,1,0,1,4.0,2.0,False,,,,121.04429097496904,6.43624210357666,6.74609375,2,0.7697324801480225,4,1996,2.0,2994,0,299,0.18454853820922337,15,positive_class_equal_width,0.1390038713711959,0.6064820611267293,0.4591440719257287,0.5,0.45614035087719296,0.7701754385964912,0.7697324801480225,0.7722704714640198,0.7701754385964912,570.0,0.7798319327731092,0.7483870967741936,0.8140350877192982,285.0,0.7596330275229358,0.7961538461538461,0.7263157894736842,285.0,0.7697324801480225,0.7722704714640198,0.7701754385964912,570.0,0.7719298245614035,0.7715247715247715,0.7738719636945282,0.7719298245614035,570.0,0.7811447811447811,0.7508090614886731,0.8140350877192982,285.0,0.7619047619047619,0.7969348659003831,0.7298245614035088,285.0,0.7715247715247715,0.773871963694528,0.7719298245614035,570.0,0.7701754385964912,0.7697324801480225,0.7798319327731092,0.7596330275229358,0.7697324801480225,78,53,0.7722704714640198,0.7483870967741936,0.7961538461538461,0.7722704714640198,0.7701754385964912,0.8140350877192982,0.7263157894736842,0.7701754385964912,232,207,0.7719298245614035,0.7715247715247715,0.7811447811447811,0.7619047619047619,0.7715247715247715,77,53,0.7738719636945282,0.7508090614886731,0.7969348659003831,0.773871963694528,0.45789473684210524,0.7719298245614035,0.8140350877192982,0.7298245614035088,0.7719298245614035,232,208,10.671875,3.6643055363705286,3.51953125,-3.9716796875,285,0.5508771929824562,0.8596491228070176,0,3.1715993093532453,10.671875,3.6643055363705286,3.51953125,-3.9716796875,285,0.5543859649122806,0.8596491228070176,0,3.1715993093532453,491,>,0.7697324801480225,validation,f1_macro,0.4712232429912917,-0.115234375,closest_to_zero_then_lower,0.7715247715247715,0.17903408638715193,15.0,positive_class_equal_width,0.12654747697878216,0.6005385279470171,0.48669298291410595,0.5,0.4903508771929825,0.7605263157894737,0.7605040173792728,0.7606233777430191,0.7605263157894737,1140.0,0.7628149435273676,0.7555938037865749,0.7701754385964912,570.0,0.7581930912311781,0.7656529516994633,0.7508771929824561,570.0,0.7605040173792729,0.7606233777430191,0.7605263157894737,1140.0,0.7587719298245614,0.7587717442072517,0.7587727262934019,0.7587719298245614,1140.0,0.7589833479404031,0.7583187390542907,0.7596491228070176,570.0,0.7585601404741001,0.7592267135325131,0.7578947368421053,570.0,0.7587717442072517,0.758772726293402,0.7587719298245614,1140.0,0.7605263157894737,0.7605040173792728,0.7628149435273676,0.7581930912311781,0.7605040173792729,142.0,131.0,0.7606233777430191,0.7555938037865749,0.7656529516994633,0.7606233777430191,0.7605263157894737,0.7701754385964912,0.7508771929824561,0.7605263157894737,439.0,428.0,0.7587719298245614,0.7587717442072517,0.7589833479404031,0.7585601404741001,0.7587717442072517,138.0,137.0,0.7587727262934019,0.7583187390542907,0.7592267135325131,0.758772726293402,0.49912280701754386,0.7587719298245614,0.7596491228070176,0.7578947368421053,0.7587719298245614,433.0,432.0,10.453125,3.7600584130538137,3.9521484375,-7.4140625,570.0,0.5596491228070175,0.8526315789473684,0.0,3.3730004127498767,10.453125,3.7600584130538137,3.9521484375,-7.4140625,570.0,0.5543859649122806,0.8526315789473684,0.0,3.3730004127498767,
true_pair,40,13,2.0,full,confirmation,1c719676c27115959c168d67c834b4b29294cad3577d479a4bd91f45e1c72482,3f9615a159c4725dd6fe86c0856a340b67c8067d907386ca2161e98b6cf5cf2e,b2e2614b0656a7a0d7d5d9032d1d7dee6b4f06a99bd8a2de8f0649da271d2bdd,bb43d0ad549b7e57213aab7dca185a96972dab5a6e0ad093afcd5ecde5eef177,/workspace/pair-aware/results_v3/bf16/true_pair/lambda_2p0/split_40/model_seed_13,True,v3,full,1,validation,f1_macro,>,closest_to_zero_then_lower,15,positive_class_equal_width,true_pair,neuralmind/bert-large-portuguese-cased,aa302f6ea73b759f7df9cad58bd272127b67ec28,bf16,256,6,2e-05,8,0.01,0.1,linear,1.0,2,f1_macro,32.0,10000,0,1,0,1,4.0,2.0,False,,,,180.60034648596775,6.43624210357666,6.74609375,6,0.7478180428749548,6,2994,2.0,2994,0,299,0.243493093372824,15,positive_class_equal_width,0.24457963755879697,1.8551096839683188,0.42797003550818663,0.5,0.4280701754385965,0.7491228070175439,0.7478180428749548,0.7543875088001609,0.7491228070175439,570.0,0.7659574468085106,0.7177914110429447,0.8210526315789474,285.0,0.7296786389413988,0.7909836065573771,0.6771929824561403,285.0,0.7478180428749548,0.7543875088001609,0.7491228070175439,570.0,0.7596491228070176,0.7593224413562268,0.7610665478312537,0.7596491228070176,570.0,0.7681895093062606,0.7418300653594772,0.7964912280701755,285.0,0.7504553734061931,0.7803030303030303,0.7228070175438597,285.0,0.759322441356227,0.7610665478312537,0.7596491228070176,570.0,0.7491228070175439,0.7478180428749548,0.7659574468085106,0.7296786389413988,0.7478180428749548,92,51,0.7543875088001609,0.7177914110429447,0.7909836065573771,0.7543875088001609,0.7491228070175439,0.8210526315789474,0.6771929824561403,0.7491228070175439,234,193,0.7596491228070176,0.7593224413562268,0.7681895093062606,0.7504553734061931,0.759322441356227,79,58,0.7610665478312537,0.7418300653594772,0.7803030303030303,0.7610665478312537,0.4631578947368421,0.7596491228070176,0.7964912280701755,0.7228070175438597,0.7596491228070176,227,206,20.84375,9.023760343852796,8.87060546875,-18.25,285,0.5087719298245614,0.8456140350877193,0,8.848493468263053,20.84375,9.023760343852796,8.87060546875,-18.25,285,0.5368421052631579,0.8456140350877193,0,8.848493468263053,316,>,0.7478180428749548,validation,f1_macro,0.028436033044852663,-3.53125,closest_to_zero_then_lower,0.7593224413562268,0.2332895299057878,15.0,positive_class_equal_width,0.23010416821424995,1.7378526186230523,0.4318069594177924,0.5,0.4324561403508772,0.7552631578947369,0.7541415089307869,0.7600079631063639,0.7552631578947369,1140.0,0.770747740345111,0.7248840803709428,0.8228070175438597,570.0,0.7375352775164629,0.795131845841785,0.6877192982456141,570.0,0.7541415089307869,0.7600079631063638,0.7552631578947369,1140.0,0.7614035087719299,0.7612153620581313,0.762229989255147,0.7614035087719297,1140.0,0.7679180887372014,0.7475083056478405,0.7894736842105263,570.0,0.7545126353790613,0.7769516728624535,0.7333333333333333,570.0,0.7612153620581313,0.762229989255147,0.7614035087719299,1140.0,0.7552631578947369,0.7541415089307869,0.770747740345111,0.7375352775164629,0.7541415089307869,178.0,101.0,0.7600079631063639,0.7248840803709428,0.795131845841785,0.7600079631063638,0.7552631578947369,0.8228070175438597,0.6877192982456141,0.7552631578947369,469.0,392.0,0.7614035087719299,0.7612153620581313,0.7679180887372014,0.7545126353790613,0.7612153620581313,152.0,120.0,0.762229989255147,0.7475083056478405,0.7769516728624535,0.762229989255147,0.47192982456140353,0.7614035087719297,0.7894736842105263,0.7333333333333333,0.7614035087719299,450.0,418.0,21.0625,9.539083701685856,10.7138671875,-19.125,570.0,0.5350877192982456,0.8508771929824561,1.0,8.936848883497744,21.0625,9.539083701685856,10.7138671875,-19.125,570.0,0.5508771929824562,0.8508771929824561,1.0,8.936848883497744,
true_pair,40,21,2.0,full,confirmation,3b7b48c1baf520c1599dac1baf6be28486bdfa3f4245864942f3d60991d53dc0,3f9615a159c4725dd6fe86c0856a340b67c8067d907386ca2161e98b6cf5cf2e,b2e2614b0656a7a0d7d5d9032d1d7dee6b4f06a99bd8a2de8f0649da271d2bdd,bb43d0ad549b7e57213aab7dca185a96972dab5a6e0ad093afcd5ecde5eef177,/workspace/pair-aware/results_v3/bf16/true_pair/lambda_2p0/split_40/model_seed_21,True,v3,full,1,validation,f1_macro,>,closest_to_zero_then_lower,15,positive_class_equal_width,true_pair,neuralmind/bert-large-portuguese-cased,aa302f6ea73b759f7df9cad58bd272127b67ec28,bf16,256,6,2e-05,8,0.01,0.1,linear,1.0,2,f1_macro,32.0,10000,0,1,0,1,4.0,2.0,False,,,,150.1426991870394,6.43624210357666,6.74609375,3,0.7288676236044657,5,2495,2.0,2994,0,299,0.24072197876695775,15,positive_class_equal_width,0.22930370882838655,1.1147785544698305,0.39689607778603925,0.5,0.4,0.7315789473684211,0.7288676236044657,0.7412280701754386,0.7315789473684211,570.0,0.7559808612440191,0.6929824561403509,0.8315789473684211,285.0,0.7017543859649122,0.7894736842105263,0.631578947368421,285.0,0.7288676236044657,0.7412280701754386,0.7315789473684211,570.0,0.7473684210526316,0.7473559793649425,0.7474171581967516,0.7473684210526316,570.0,0.7491289198606271,0.7439446366782007,0.7543859649122807,285.0,0.7455830388692579,0.7508896797153025,0.7403508771929824,285.0,0.7473559793649425,0.7474171581967516,0.7473684210526316,570.0,0.7315789473684211,0.7288676236044657,0.7559808612440191,0.7017543859649122,0.7288676236044657,105,48,0.7412280701754386,0.6929824561403509,0.7894736842105263,0.7412280701754386,0.7315789473684211,0.8315789473684211,0.631578947368421,0.7315789473684211,237,180,0.7473684210526316,0.7473559793649425,0.7491289198606271,0.7455830388692579,0.7473559793649425,74,70,0.7474171581967516,0.7439446366782007,0.7508896797153025,0.7474171581967516,0.49298245614035086,0.7473684210526316,0.7543859649122807,0.7403508771929824,0.7473684210526316,215,211,14.375,5.12290597212942,4.470703125,-10.0546875,285,0.48771929824561405,0.8280701754385965,0,5.245882494902953,14.375,5.12290597212942,4.470703125,-10.0546875,285,0.5263157894736842,0.8280701754385965,0,5.245882494902953,440,>,0.7288676236044657,validation,f1_macro,0.07423137046083578,-2.5234375,closest_to_zero_then_lower,0.7473559793649425,0.22850296013796575,15.0,positive_class_equal_width,0.21974890323794966,1.0291573172276223,0.39603005093814314,0.5,0.4052631578947368,0.7403508771929824,0.7379994036970781,0.7493008466459794,0.7403508771929825,1140.0,0.7628205128205128,0.7020648967551623,0.8350877192982457,570.0,0.7131782945736435,0.7965367965367965,0.6456140350877193,570.0,0.7379994036970781,0.7493008466459794,0.7403508771929824,1140.0,0.7701754385964912,0.7701499704491725,0.7702952370395004,0.7701754385964912,1140.0,0.7725694444444444,0.7646048109965635,0.7807017543859649,570.0,0.7677304964539007,0.7759856630824373,0.7596491228070176,570.0,0.7701499704491725,0.7702952370395004,0.7701754385964912,1140.0,0.7403508771929824,0.7379994036970781,0.7628205128205128,0.7131782945736435,0.7379994036970781,202.0,94.0,0.7493008466459794,0.7020648967551623,0.7965367965367965,0.7493008466459794,0.7403508771929825,0.8350877192982457,0.6456140350877193,0.7403508771929824,476.0,368.0,0.7701754385964912,0.7701499704491725,0.7725694444444444,0.7677304964539007,0.7701499704491725,137.0,125.0,0.7702952370395004,0.7646048109965635,0.7759856630824373,0.7702952370395004,0.48947368421052634,0.7701754385964912,0.7807017543859649,0.7596491228070176,0.7701754385964912,445.0,433.0,14.859375,5.603956269381339,5.60699462890625,-11.203125,570.0,0.5157894736842106,0.8368421052631579,1.0,5.38338149312052,14.859375,5.603956269381339,5.60699462890625,-11.203125,570.0,0.5666666666666667,0.8368421052631579,1.0,5.38338149312052,
true_pair,40,40,2.0,full,confirmation,6fdcd0677e932ac18ee5560f14e690371e9c669b3eb4452a9fef3608f56d6554,3f9615a159c4725dd6fe86c0856a340b67c8067d907386ca2161e98b6cf5cf2e,b2e2614b0656a7a0d7d5d9032d1d7dee6b4f06a99bd8a2de8f0649da271d2bdd,bb43d0ad549b7e57213aab7dca185a96972dab5a6e0ad093afcd5ecde5eef177,/workspace/pair-aware/results_v3/bf16/true_pair/lambda_2p0/split_40/model_seed_40,True,v3,full,1,validation,f1_macro,>,closest_to_zero_then_lower,15,positive_class_equal_width,true_pair,neuralmind/bert-large-portuguese-cased,aa302f6ea73b759f7df9cad58bd272127b67ec28,bf16,256,6,2e-05,8,0.01,0.1,linear,1.0,2,f1_macro,32.0,10000,0,1,0,1,4.0,2.0,False,,,,91.52606271195691,6.43624210357666,6.74609375,1,0.7436039633244602,3,1497,2.0,2994,0,299,0.2058923271546607,15,positive_class_equal_width,0.1498162232050489,0.6816871464544462,0.4517147575404492,0.5,0.46842105263157896,0.743859649122807,0.7436039633244602,0.744836281380947,0.743859649122807,570.0,0.7517006802721088,0.7293729372937293,0.775438596491228,285.0,0.7355072463768116,0.7602996254681648,0.712280701754386,285.0,0.7436039633244602,0.744836281380947,0.743859649122807,570.0,0.7473684210526316,0.7472159258894254,0.7479667773266361,0.7473684210526316,570.0,0.7534246575342466,0.7357859531772575,0.7719298245614035,285.0,0.7410071942446043,0.7601476014760148,0.7228070175438597,285.0,0.7472159258894254,0.7479667773266361,0.7473684210526316,570.0,0.743859649122807,0.7436039633244602,0.7517006802721088,0.7355072463768116,0.7436039633244602,82,64,0.744836281380947,0.7293729372937293,0.7602996254681648,0.744836281380947,0.743859649122807,0.775438596491228,0.712280701754386,0.743859649122807,221,203,0.7473684210526316,0.7472159258894254,0.7534246575342466,0.7410071942446043,0.7472159258894254,79,65,0.7479667773266361,0.7357859531772575,0.7601476014760148,0.7479667773266361,0.47543859649122805,0.7473684210526316,0.7719298245614035,0.7228070175438597,0.7473684210526316,220,206,8.5703125,2.7955239814624453,2.5625,-6.109375,285,0.5087719298245614,0.8315789473684211,1,3.0020629718922556,8.5703125,2.7955239814624453,2.5625,-6.109375,285,0.519298245614035,0.8315789473684211,1,3.0020629718922556,471,>,0.7436039633244602,validation,f1_macro,0.472926895016024,-0.1083984375,closest_to_zero_then_lower,0.7472159258894254,0.19009345963184152,15.0,positive_class_equal_width,0.13608022853308274,0.6131940357719126,0.4408061744466154,0.5,0.4482456140350877,0.7570175438596491,0.7563649634022802,0.7598010696318512,0.7570175438596491,1140.0,0.7689741451209341,0.7329093799682035,0.8087719298245614,570.0,0.7437557816836263,0.786692759295499,0.7052631578947368,570.0,0.7563649634022802,0.7598010696318512,0.7570175438596491,1140.0,0.7578947368421053,0.7574998998060862,0.759585357390701,0.7578947368421053,1140.0,0.7672849915682968,0.7386363636363636,0.7982456140350878,570.0,0.7477148080438757,0.7805343511450382,0.7175438596491228,570.0,0.7574998998060861,0.7595853573907009,0.7578947368421053,1140.0,0.7570175438596491,0.7563649634022802,0.7689741451209341,0.7437557816836263,0.7563649634022802,168.0,109.0,0.7598010696318512,0.7329093799682035,0.786692759295499,0.7598010696318512,0.7570175438596491,0.8087719298245614,0.7052631578947368,0.7570175438596491,461.0,402.0,0.7578947368421053,0.7574998998060862,0.7672849915682968,0.7477148080438757,0.7574998998060861,161.0,115.0,0.759585357390701,0.7386363636363636,0.7805343511450382,0.7595853573907009,0.45964912280701753,0.7578947368421053,0.7982456140350878,0.7175438596491228,0.7578947368421053,455.0,409.0,8.4921875,3.0590277889318633,3.1220703125,-8.1484375,570.0,0.5421052631578948,0.8473684210526315,1.0,2.955735267526795,8.4921875,3.0590277889318633,3.1220703125,-8.1484375,570.0,0.5491228070175439,0.8473684210526315,1.0,2.955735267526795,
true_pair,40,42,2.0,full,confirmation,fb3e22a125114552a9147600f58187f5bc65e433c27f949bad19dc095c75dd54,3f9615a159c4725dd6fe86c0856a340b67c8067d907386ca2161e98b6cf5cf2e,b2e2614b0656a7a0d7d5d9032d1d7dee6b4f06a99bd8a2de8f0649da271d2bdd,bb43d0ad549b7e57213aab7dca185a96972dab5a6e0ad093afcd5ecde5eef177,/workspace/pair-aware/results_v3/bf16/true_pair/lambda_2p0/split_40/model_seed_42,True,v3,full,1,validation,f1_macro,>,closest_to_zero_then_lower,15,positive_class_equal_width,true_pair,neuralmind/bert-large-portuguese-cased,aa302f6ea73b759f7df9cad58bd272127b67ec28,bf16,256,6,2e-05,8,0.01,0.1,linear,1.0,2,f1_macro,32.0,10000,0,1,0,1,4.0,2.0,False,,,,179.830828811042,6.43624210357666,6.74609375,5,0.7484717289135621,6,2994,2.0,2994,0,299,0.23570881080986894,15,positive_class_equal_width,0.23511056534867933,1.5566996596314469,0.44806856537999434,0.5,0.44912280701754387,0.7491228070175439,0.7484717289135621,0.7517291998407643,0.7491228070175439,570.0,0.7612687813021702,0.7261146496815286,0.8,285.0,0.7356746765249538,0.77734375,0.6982456140350877,285.0,0.748471728913562,0.7517291998407643,0.7491228070175439,570.0,0.7596491228070176,0.7595240368181664,0.7601904855902093,0.7596491228070175,570.0,0.7540394973070018,0.7720588235294118,0.7368421052631579,285.0,0.7650085763293311,0.7483221476510067,0.7824561403508772,285.0,0.7595240368181665,0.7601904855902093,0.7596491228070176,570.0,0.7491228070175439,0.7484717289135621,0.7612687813021702,0.7356746765249538,0.748471728913562,86,57,0.7517291998407643,0.7261146496815286,0.77734375,0.7517291998407643,0.7491228070175439,0.8,0.6982456140350877,0.7491228070175439,228,199,0.7596491228070176,0.7595240368181664,0.7540394973070018,0.7650085763293311,0.7595240368181665,62,75,0.7601904855902093,0.7720588235294118,0.7483221476510067,0.7601904855902093,0.5228070175438596,0.7596491228070175,0.7368421052631579,0.7824561403508772,0.7596491228070176,210,223,18.5,8.087728721217106,9.140625,-15.625,285,0.5263157894736842,0.8280701754385965,1,7.898562751869636,18.5,8.087728721217106,9.140625,-15.625,285,0.5368421052631579,0.8280701754385965,1,7.898562751869636,341,>,0.7484717289135621,validation,f1_macro,0.015189048807983946,-4.171875,closest_to_zero_then_lower,0.7595240368181664,0.21714344905918426,15.0,positive_class_equal_width,0.21592701052769897,1.4064500754118396,0.45887157579460847,0.5,0.46228070175438596,0.769298245614035,0.768969548087422,0.7708395887955772,0.7692982456140351,1140.0,0.7776838546069316,0.7504078303425775,0.8070175438596491,570.0,0.7602552415679125,0.7912713472485768,0.7315789473684211,570.0,0.768969548087422,0.7708395887955772,0.769298245614035,1140.0,0.7833333333333333,0.783273131425396,0.7836484983314794,0.7833333333333334,1140.0,0.7796610169491526,0.7931034482758621,0.7666666666666667,570.0,0.7868852459016393,0.7741935483870968,0.8,570.0,0.783273131425396,0.7836484983314794,0.7833333333333333,1140.0,0.769298245614035,0.768969548087422,0.7776838546069316,0.7602552415679125,0.768969548087422,153.0,110.0,0.7708395887955772,0.7504078303425775,0.7912713472485768,0.7708395887955772,0.7692982456140351,0.8070175438596491,0.7315789473684211,0.769298245614035,460.0,417.0,0.7833333333333333,0.783273131425396,0.7796610169491526,0.7868852459016393,0.783273131425396,114.0,133.0,0.7836484983314794,0.7931034482758621,0.7741935483870968,0.7836484983314794,0.5166666666666667,0.7833333333333334,0.7666666666666667,0.8,0.7833333333333333,437.0,456.0,18.5625,8.90882857473273,10.5078125,-15.78125,570.0,0.5649122807017544,0.8543859649122807,3.0,7.972969571537987,18.5625,8.90882857473273,10.5078125,-15.78125,570.0,0.5894736842105263,0.8543859649122807,3.0,7.972969571537987,
true_pair,40,73,2.0,full,confirmation,fa5f01c62d7d4fae97570fc31ee5429441a197d7260b32579b9f4c3802ac21da,3f9615a159c4725dd6fe86c0856a340b67c8067d907386ca2161e98b6cf5cf2e,b2e2614b0656a7a0d7d5d9032d1d7dee6b4f06a99bd8a2de8f0649da271d2bdd,bb43d0ad549b7e57213aab7dca185a96972dab5a6e0ad093afcd5ecde5eef177,/workspace/pair-aware/results_v3/bf16/true_pair/lambda_2p0/split_40/model_seed_73,True,v3,full,1,validation,f1_macro,>,closest_to_zero_then_lower,15,positive_class_equal_width,true_pair,neuralmind/bert-large-portuguese-cased,aa302f6ea73b759f7df9cad58bd272127b67ec28,bf16,256,6,2e-05,8,0.01,0.1,linear,1.0,2,f1_macro,32.0,10000,0,1,0,1,4.0,2.0,False,,,,121.03173872595653,6.43624210357666,6.74609375,2,0.7366832561348182,4,1996,2.0,2994,0,299,0.19952436178436356,15,positive_class_equal_width,0.15937265673313344,0.6633632509812294,0.5054182324337795,0.5,0.5245614035087719,0.7368421052631579,0.7366832561348182,0.7374149995680559,0.736842105263158,570.0,0.7302158273381295,0.7490774907749077,0.712280701754386,285.0,0.7431506849315068,0.725752508361204,0.7614035087719299,285.0,0.7366832561348181,0.7374149995680558,0.7368421052631579,570.0,0.7421052631578947,0.7418756604058396,0.7429697538796085,0.7421052631578947,570.0,0.7341772151898734,0.7574626865671642,0.712280701754386,285.0,0.7495741056218058,0.7284768211920529,0.7719298245614035,285.0,0.7418756604058396,0.7429697538796086,0.7421052631578947,570.0,0.7368421052631579,0.7366832561348182,0.7302158273381295,0.7431506849315068,0.7366832561348181,68,82,0.7374149995680559,0.7490774907749077,0.725752508361204,0.7374149995680558,0.736842105263158,0.712280701754386,0.7614035087719299,0.7368421052631579,203,217,0.7421052631578947,0.7418756604058396,0.7341772151898734,0.7495741056218058,0.7418756604058396,65,82,0.7429697538796085,0.7574626865671642,0.7284768211920529,0.7429697538796086,0.5298245614035088,0.7421052631578947,0.712280701754386,0.7719298245614035,0.7421052631578947,203,220,10.0625,3.1360024435478344,2.83154296875,-4.984375,285,0.4982456140350877,0.8175438596491228,0,3.117281751229982,10.0625,3.1360024435478344,2.83154296875,-4.984375,285,0.5087719298245614,0.8175438596491228,0,3.117281751229982,480,>,0.7366832561348182,validation,f1_macro,0.464385366761308,-0.1427001953125,closest_to_zero_then_lower,0.7418756604058396,0.1749487331660942,15.0,positive_class_equal_width,0.11023514873062182,0.5755458962713769,0.4892290194933945,0.5,0.5008771929824561,0.7657894736842106,0.765789293466677,0.7657902917522061,0.7657894736842106,1140.0,0.7655838454784899,0.7662565905096661,0.7649122807017544,570.0,0.7659947414548641,0.7653239929947461,0.7666666666666667,570.0,0.765789293466677,0.7657902917522061,0.7657894736842106,1140.0,0.7640350877192983,0.7640131160257303,0.7641334569045413,0.7640350877192983,1140.0,0.7617360496014172,0.7692307692307693,0.7543859649122807,570.0,0.7662901824500434,0.7590361445783133,0.7736842105263158,570.0,0.7640131160257303,0.7641334569045413,0.7640350877192983,1140.0,0.7657894736842106,0.765789293466677,0.7655838454784899,0.7659947414548641,0.765789293466677,133.0,134.0,0.7657902917522061,0.7662565905096661,0.7653239929947461,0.7657902917522061,0.7657894736842106,0.7649122807017544,0.7666666666666667,0.7657894736842106,436.0,437.0,0.7640350877192983,0.7640131160257303,0.7617360496014172,0.7662901824500434,0.7640131160257303,129.0,140.0,0.7641334569045413,0.7692307692307693,0.7590361445783133,0.7641334569045413,0.5096491228070176,0.7640350877192983,0.7543859649122807,0.7736842105263158,0.7640350877192983,430.0,441.0,9.59375,3.4483463488127057,3.520751953125,-5.234375,570.0,0.5666666666666667,0.8526315789473684,2.0,3.087449687326417,9.59375,3.4483463488127057,3.520751953125,-5.234375,570.0,0.5649122807017544,0.8526315789473684,2.0,3.087449687326417,
true_pair,40,101,2.0,full,confirmation,a481c8c7cb4de5489a48b62ab6768b07e253810b1b359cd44097e045d7c04cf2,3f9615a159c4725dd6fe86c0856a340b67c8067d907386ca2161e98b6cf5cf2e,b2e2614b0656a7a0d7d5d9032d1d7dee6b4f06a99bd8a2de8f0649da271d2bdd,bb43d0ad549b7e57213aab7dca185a96972dab5a6e0ad093afcd5ecde5eef177,/workspace/pair-aware/results_v3/bf16/true_pair/lambda_2p0/split_40/model_seed_101,True,v3,full,1,validation,f1_macro,>,closest_to_zero_then_lower,15,positive_class_equal_width,true_pair,neuralmind/bert-large-portuguese-cased,aa302f6ea73b759f7df9cad58bd272127b67ec28,bf16,256,6,2e-05,8,0.01,0.1,linear,1.0,2,f1_macro,32.0,10000,0,1,0,1,4.0,2.0,False,,,,150.2665144330822,6.43624210357666,6.74609375,3,0.732777382789336,5,2495,2.0,2994,0,299,0.24339124583418542,15,positive_class_equal_width,0.24063046901544952,1.2635296657584507,0.4135340457874924,0.5,0.4070175438596491,0.7350877192982456,0.732777382789336,0.7435089777596409,0.7350877192982457,570.0,0.7576243980738363,0.6982248520710059,0.8280701754385965,285.0,0.7079303675048356,0.7887931034482759,0.6421052631578947,285.0,0.732777382789336,0.743508977759641,0.7350877192982456,570.0,0.7491228070175439,0.7487818183499302,0.7504827688651218,0.7491228070175439,570.0,0.7580372250423012,0.7320261437908496,0.7859649122807018,285.0,0.7395264116575592,0.7689393939393939,0.712280701754386,285.0,0.7487818183499302,0.7504827688651218,0.7491228070175439,570.0,0.7350877192982456,0.732777382789336,0.7576243980738363,0.7079303675048356,0.732777382789336,102,49,0.7435089777596409,0.6982248520710059,0.7887931034482759,0.743508977759641,0.7350877192982457,0.8280701754385965,0.6421052631578947,0.7350877192982456,236,183,0.7491228070175439,0.7487818183499302,0.7580372250423012,0.7395264116575592,0.7487818183499302,82,61,0.7504827688651218,0.7320261437908496,0.7689393939393939,0.7504827688651218,0.4631578947368421,0.7491228070175439,0.7859649122807018,0.712280701754386,0.7491228070175439,224,203,15.125,5.881967002467105,5.35546875,-14.078125,285,0.48771929824561405,0.8596491228070176,1,5.887744292547235,15.125,5.881967002467105,5.35546875,-14.078125,285,0.5157894736842106,0.8596491228070176,1,5.887744292547235,400,>,0.732777382789336,validation,f1_macro,0.11124120650754306,-2.078125,closest_to_zero_then_lower,0.7487818183499302,0.22684944373983157,15.0,positive_class_equal_width,0.22301384112219536,1.149458692692967,0.42817268361469524,0.5,0.42719298245614035,0.7552631578947369,0.7539589281749749,0.7607928656555905,0.7552631578947369,1140.0,0.7718724448078496,0.7228177641653905,0.8280701754385965,570.0,0.7360454115421002,0.7987679671457906,0.6824561403508772,570.0,0.7539589281749749,0.7607928656555906,0.7552631578947369,1140.0,0.7596491228070176,0.7595891865931488,0.7599083111505471,0.7596491228070175,1140.0,0.7633851468048359,0.7517006802721088,0.775438596491228,570.0,0.7557932263814616,0.7681159420289855,0.743859649122807,570.0,0.7595891865931488,0.7599083111505471,0.7596491228070176,1140.0,0.7552631578947369,0.7539589281749749,0.7718724448078496,0.7360454115421002,0.7539589281749749,181.0,98.0,0.7607928656555905,0.7228177641653905,0.7987679671457906,0.7607928656555906,0.7552631578947369,0.8280701754385965,0.6824561403508772,0.7552631578947369,472.0,389.0,0.7596491228070176,0.7595891865931488,0.7633851468048359,0.7557932263814616,0.7595891865931488,146.0,128.0,0.7599083111505471,0.7517006802721088,0.7681159420289855,0.7599083111505471,0.4842105263157895,0.7596491228070175,0.775438596491228,0.743859649122807,0.7596491228070176,442.0,424.0,15.34375,6.381257201077645,6.89453125,-13.59375,570.0,0.531578947368421,0.8596491228070176,0.0,5.999109970518737,15.34375,6.381257201077645,6.89453125,-13.59375,570.0,0.5421052631578948,0.8596491228070176,0.0,5.999109970518737,
true_pair,42,13,2.0,full,confirmation,44dcd5a803f833c9f3bc73c36be8ae5a4f9fa820115d650aaf847ab6f4b0869e,3f9615a159c4725dd6fe86c0856a340b67c8067d907386ca2161e98b6cf5cf2e,82f47319636cdabaf5a56f172f68023db0c21b5f83e97554f59db62e8bdb1c96,bb43d0ad549b7e57213aab7dca185a96972dab5a6e0ad093afcd5ecde5eef177,/workspace/pair-aware/results_v3/bf16/true_pair/lambda_2p0/split_42/model_seed_13,True,v3,full,1,validation,f1_macro,>,closest_to_zero_then_lower,15,positive_class_equal_width,true_pair,neuralmind/bert-large-portuguese-cased,aa302f6ea73b759f7df9cad58bd272127b67ec28,bf16,256,6,2e-05,8,0.01,0.1,linear,1.0,2,f1_macro,32.0,10000,0,1,0,1,4.0,2.0,False,,,,181.27338670403697,6.43624210357666,6.74609375,6,0.7766147522519047,6,2994,2.0,2994,0,299,0.21486608918842692,15,positive_class_equal_width,0.21521916168147742,1.569140171613732,0.4462032851957428,0.5,0.44912280701754387,0.7771929824561403,0.7766147522519047,0.7800930533439491,0.7771929824561403,570.0,0.7879799666110183,0.7515923566878981,0.8280701754385965,285.0,0.7652495378927912,0.80859375,0.7263157894736842,285.0,0.7766147522519047,0.7800930533439491,0.7771929824561403,570.0,0.7842105263157895,0.7841779769802155,0.7843820833743964,0.7842105263157895,570.0,0.7868284228769498,0.7773972602739726,0.7964912280701755,285.0,0.7815275310834814,0.7913669064748201,0.7719298245614035,285.0,0.7841779769802155,0.7843820833743964,0.7842105263157895,570.0,0.7771929824561403,0.7766147522519047,0.7879799666110183,0.7652495378927912,0.7766147522519047,78,49,0.7800930533439491,0.7515923566878981,0.80859375,0.7800930533439491,0.7771929824561403,0.8280701754385965,0.7263157894736842,0.7771929824561403,236,207,0.7842105263157895,0.7841779769802155,0.7868284228769498,0.7815275310834814,0.7841779769802155,65,58,0.7843820833743964,0.7773972602739726,0.7913669064748201,0.7843820833743964,0.48771929824561405,0.7842105263157895,0.7964912280701755,0.7719298245614035,0.7842105263157895,227,220,18.34375,9.06443085252193,11.546875,-16.359375,285,0.5719298245614035,0.8596491228070176,3,8.051109092997935,18.34375,9.06443085252193,11.546875,-16.359375,285,0.5859649122807018,0.8596491228070176,3,8.051109092997935,269,>,0.7766147522519047,validation,f1_macro,0.008847355082930383,-4.71875,closest_to_zero_then_lower,0.7841779769802155,0.23754144661511817,15.0,positive_class_equal_width,0.23673919485953113,1.7219855951479743,0.41644076859892365,0.5,0.41578947368421054,0.7508771929824561,0.7490979429379161,0.7582012392138975,0.7508771929824561,1140.0,0.7702265372168284,0.7147147147147147,0.8350877192982457,570.0,0.7279693486590039,0.8016877637130801,0.6666666666666666,570.0,0.7490979429379162,0.7582012392138975,0.7508771929824561,1140.0,0.7605263157894737,0.7602737879468292,0.7616287156408506,0.7605263157894737,1140.0,0.7680543755310111,0.7446457990115322,0.7929824561403509,570.0,0.7524932003626473,0.7786116322701688,0.7280701754385965,570.0,0.7602737879468292,0.7616287156408506,0.7605263157894737,1140.0,0.7508771929824561,0.7490979429379161,0.7702265372168284,0.7279693486590039,0.7490979429379162,190.0,94.0,0.7582012392138975,0.7147147147147147,0.8016877637130801,0.7582012392138975,0.7508771929824561,0.8350877192982457,0.6666666666666666,0.7508771929824561,476.0,380.0,0.7605263157894737,0.7602737879468292,0.7680543755310111,0.7524932003626473,0.7602737879468292,155.0,118.0,0.7616287156408506,0.7446457990115322,0.7786116322701688,0.7616287156408506,0.4675438596491228,0.7605263157894737,0.7929824561403509,0.7280701754385965,0.7605263157894737,452.0,415.0,18.53125,8.487641130413925,11.0703125,-17.0,570.0,0.5263157894736842,0.8210526315789474,7.0,8.29988458629627,18.53125,8.487641130413925,11.0703125,-17.0,570.0,0.5491228070175439,0.8210526315789474,7.0,8.29988458629627,
true_pair,42,21,2.0,full,confirmation,75eabfda459157f097bfe8d6439740b7eadae68ebe8f77e5235c4c94dd9fecc4,3f9615a159c4725dd6fe86c0856a340b67c8067d907386ca2161e98b6cf5cf2e,82f47319636cdabaf5a56f172f68023db0c21b5f83e97554f59db62e8bdb1c96,bb43d0ad549b7e57213aab7dca185a96972dab5a6e0ad093afcd5ecde5eef177,/workspace/pair-aware/results_v3/bf16/true_pair/lambda_2p0/split_42/model_seed_21,True,v3,full,1,validation,f1_macro,>,closest_to_zero_then_lower,15,positive_class_equal_width,true_pair,neuralmind/bert-large-portuguese-cased,aa302f6ea73b759f7df9cad58bd272127b67ec28,bf16,256,6,2e-05,8,0.01,0.1,linear,1.0,2,f1_macro,32.0,10000,0,1,0,1,4.0,2.0,False,,,,180.8772033189889,6.43624210357666,6.74609375,4,0.7748954078169544,6,2994,2.0,2994,0,299,0.2166128158317891,15,positive_class_equal_width,0.21628659564495795,1.3451612092837908,0.45047552209403763,0.5,0.45087719298245615,0.775438596491228,0.7748954078169544,0.7781230964309245,0.775438596491228,570.0,0.7859531772575251,0.7507987220447284,0.8245614035087719,285.0,0.7638376383763837,0.8054474708171206,0.7263157894736842,285.0,0.7748954078169544,0.7781230964309246,0.775438596491228,570.0,0.7771929824561403,0.7766919311104326,0.7797033392963626,0.7771929824561403,570.0,0.7872696817420436,0.7532051282051282,0.8245614035087719,285.0,0.7661141804788214,0.8062015503875969,0.7298245614035088,285.0,0.7766919311104324,0.7797033392963626,0.7771929824561403,570.0,0.775438596491228,0.7748954078169544,0.7859531772575251,0.7638376383763837,0.7748954078169544,78,50,0.7781230964309245,0.7507987220447284,0.8054474708171206,0.7781230964309246,0.775438596491228,0.8245614035087719,0.7263157894736842,0.775438596491228,235,207,0.7771929824561403,0.7766919311104326,0.7872696817420436,0.7661141804788214,0.7766919311104324,77,50,0.7797033392963626,0.7532051282051282,0.8062015503875969,0.7797033392963626,0.45263157894736844,0.7771929824561403,0.8245614035087719,0.7298245614035088,0.7771929824561403,235,208,16.8125,7.938740619860197,9.125,-13.265625,285,0.5719298245614035,0.8842105263157894,1,7.130655198060901,16.8125,7.938740619860197,9.125,-13.265625,285,0.5754385964912281,0.8842105263157894,1,7.130655198060901,354,>,0.7748954078169544,validation,f1_macro,0.42851736585365613,-0.28790283203125,closest_to_zero_then_lower,0.7766919311104326,0.2306015134281265,15.0,positive_class_equal_width,0.22685126841545836,1.3825570366079052,0.4436411779135629,0.5,0.44649122807017544,0.7517543859649123,0.7510415710108738,0.754671071271783,0.7517543859649123,1140.0,0.7643630308076603,0.7274167987321711,0.8052631578947368,570.0,0.7377201112140871,0.7819253438113949,0.6982456140350877,570.0,0.7510415710108738,0.754671071271783,0.7517543859649123,1140.0,0.7517543859649123,0.751175211615217,0.7541203883495146,0.7517543859649123,1140.0,0.7631799163179916,0.7296,0.8,570.0,0.7391705069124423,0.7786407766990291,0.7035087719298245,570.0,0.751175211615217,0.7541203883495146,0.7517543859649123,1140.0,0.7517543859649123,0.7510415710108738,0.7643630308076603,0.7377201112140871,0.7510415710108738,172.0,111.0,0.754671071271783,0.7274167987321711,0.7819253438113949,0.754671071271783,0.7517543859649123,0.8052631578947368,0.6982456140350877,0.7517543859649123,459.0,398.0,0.7517543859649123,0.751175211615217,0.7631799163179916,0.7391705069124423,0.751175211615217,169.0,114.0,0.7541203883495146,0.7296,0.7786407766990291,0.7541203883495146,0.4517543859649123,0.7517543859649123,0.8,0.7035087719298245,0.7517543859649123,456.0,401.0,16.78125,7.568537019428454,8.3095703125,-14.21875,570.0,0.5298245614035088,0.843859649122807,1.0,7.159676107240575,16.78125,7.568537019428454,8.3095703125,-14.21875,570.0,0.531578947368421,0.843859649122807,1.0,7.159676107240575,
true_pair,42,40,2.0,full,confirmation,f92452c865bf0252d2545dd9f938937a79bff6b8714bdc0402c3cad69d1b5fa9,3f9615a159c4725dd6fe86c0856a340b67c8067d907386ca2161e98b6cf5cf2e,82f47319636cdabaf5a56f172f68023db0c21b5f83e97554f59db62e8bdb1c96,bb43d0ad549b7e57213aab7dca185a96972dab5a6e0ad093afcd5ecde5eef177,/workspace/pair-aware/results_v3/bf16/true_pair/lambda_2p0/split_42/model_seed_40,True,v3,full,1,validation,f1_macro,>,closest_to_zero_then_lower,15,positive_class_equal_width,true_pair,neuralmind/bert-large-portuguese-cased,aa302f6ea73b759f7df9cad58bd272127b67ec28,bf16,256,6,2e-05,8,0.01,0.1,linear,1.0,2,f1_macro,32.0,10000,0,1,0,1,4.0,2.0,False,,,,182.7280618119985,6.43624210357666,6.74609375,5,0.7654531447718111,6,2994,2.0,2994,0,299,0.22213528883408518,15,positive_class_equal_width,0.22439874038162705,1.558414013021066,0.42574307031861874,0.5,0.4280701754385965,0.7666666666666667,0.7654531447718111,0.772302122095947,0.7666666666666667,570.0,0.7823240589198036,0.7331288343558282,0.8385964912280702,285.0,0.7485822306238186,0.8114754098360656,0.6947368421052632,285.0,0.765453144771811,0.772302122095947,0.7666666666666667,570.0,0.7842105263157895,0.7837946187649372,0.7864143920595533,0.7842105263157895,570.0,0.7932773109243697,0.7612903225806451,0.8280701754385965,285.0,0.7743119266055046,0.8115384615384615,0.7403508771929824,285.0,0.7837946187649373,0.7864143920595533,0.7842105263157895,570.0,0.7666666666666667,0.7654531447718111,0.7823240589198036,0.7485822306238186,0.765453144771811,87,46,0.772302122095947,0.7331288343558282,0.8114754098360656,0.772302122095947,0.7666666666666667,0.8385964912280702,0.6947368421052632,0.7666666666666667,239,198,0.7842105263157895,0.7837946187649372,0.7932773109243697,0.7743119266055046,0.7837946187649373,74,49,0.7864143920595533,0.7612903225806451,0.8115384615384615,0.7864143920595533,0.45614035087719296,0.7842105263157895,0.8280701754385965,0.7403508771929824,0.7842105263157895,236,211,18.21875,8.676178299753289,10.388671875,-16.015625,285,0.5578947368421052,0.8736842105263158,2,7.793325782908121,18.21875,8.676178299753289,10.388671875,-16.015625,285,0.5859649122807018,0.8736842105263158,2,7.793325782908121,296,>,0.7654531447718111,validation,f1_macro,0.04369106064046813,-3.0859375,closest_to_zero_then_lower,0.7837946187649372,0.24120581696141405,15.0,positive_class_equal_width,0.24044626020733884,1.6764305587080461,0.41748618324176684,0.5,0.41842105263157897,0.7517543859649123,0.7500912118275597,0.7586394983731277,0.7517543859649123,1140.0,0.7704785077047851,0.7164404223227753,0.8333333333333334,570.0,0.7297039159503342,0.80083857442348,0.6701754385964912,570.0,0.7500912118275597,0.7586394983731277,0.7517543859649123,1140.0,0.7508771929824561,0.7502745930469339,0.7533223107619249,0.7508771929824561,1140.0,0.7625418060200669,0.7284345047923323,0.8,570.0,0.7380073800738007,0.7782101167315175,0.7017543859649122,570.0,0.7502745930469339,0.7533223107619248,0.7508771929824561,1140.0,0.7517543859649123,0.7500912118275597,0.7704785077047851,0.7297039159503342,0.7500912118275597,188.0,95.0,0.7586394983731277,0.7164404223227753,0.80083857442348,0.7586394983731277,0.7517543859649123,0.8333333333333334,0.6701754385964912,0.7517543859649123,475.0,382.0,0.7508771929824561,0.7502745930469339,0.7625418060200669,0.7380073800738007,0.7502745930469339,170.0,114.0,0.7533223107619249,0.7284345047923323,0.7782101167315175,0.7533223107619248,0.45087719298245615,0.7508771929824561,0.8,0.7017543859649122,0.7508771929824561,456.0,400.0,18.3125,8.163362094812227,9.25390625,-17.328125,570.0,0.5298245614035088,0.8508771929824561,4.0,8.043572824465592,18.3125,8.163362094812227,9.25390625,-17.328125,570.0,0.5350877192982456,0.8508771929824561,4.0,8.043572824465592,
true_pair,42,42,2.0,full,confirmation,a4b653a8e462d043d2e04cbb4524ab0932f9911b62e3d42dd59dc76e676ed366,3f9615a159c4725dd6fe86c0856a340b67c8067d907386ca2161e98b6cf5cf2e,82f47319636cdabaf5a56f172f68023db0c21b5f83e97554f59db62e8bdb1c96,bb43d0ad549b7e57213aab7dca185a96972dab5a6e0ad093afcd5ecde5eef177,/workspace/pair-aware/results_v3/bf16/true_pair/lambda_2p0/split_42/model_seed_42,True,v3,full,1,validation,f1_macro,>,closest_to_zero_then_lower,15,positive_class_equal_width,true_pair,neuralmind/bert-large-portuguese-cased,aa302f6ea73b759f7df9cad58bd272127b67ec28,bf16,256,6,2e-05,8,0.01,0.1,linear,1.0,2,f1_macro,32.0,10000,0,1,0,1,4.0,2.0,False,,,,181.32418655301444,6.43624210357666,6.74609375,4,0.7749703908409,6,2994,2.0,2994,0,299,0.20912255611714148,15,positive_class_equal_width,0.21044465317138422,1.221576943082926,0.4527913405045715,0.5,0.4543859649122807,0.775438596491228,0.7749703908409,0.777750189325752,0.775438596491228,570.0,0.785234899328859,0.752411575562701,0.8210526315789474,285.0,0.7647058823529411,0.803088803088803,0.7298245614035088,285.0,0.7749703908409,0.777750189325752,0.775438596491228,570.0,0.7929824561403509,0.792941669026832,0.7932134892374416,0.7929824561403509,570.0,0.7958477508650519,0.7849829351535836,0.8070175438596491,285.0,0.7900355871886121,0.8014440433212996,0.7789473684210526,285.0,0.792941669026832,0.7932134892374416,0.7929824561403509,570.0,0.775438596491228,0.7749703908409,0.785234899328859,0.7647058823529411,0.7749703908409,77,51,0.777750189325752,0.752411575562701,0.803088803088803,0.777750189325752,0.775438596491228,0.8210526315789474,0.7298245614035088,0.775438596491228,234,208,0.7929824561403509,0.792941669026832,0.7958477508650519,0.7900355871886121,0.792941669026832,63,55,0.7932134892374416,0.7849829351535836,0.8014440433212996,0.7932134892374416,0.48596491228070177,0.7929824561403509,0.8070175438596491,0.7789473684210526,0.7929824561403509,230,222,16.90625,7.908918039422286,9.52734375,-14.296875,285,0.5754385964912281,0.887719298245614,1,6.666794363154436,16.90625,7.908918039422286,9.52734375,-14.296875,285,0.6105263157894737,0.887719298245614,1,6.666794363154436,361,>,0.7749703908409,validation,f1_macro,0.11240508853787771,-2.06640625,closest_to_zero_then_lower,0.792941669026832,0.22911779486692302,15.0,positive_class_equal_width,0.2269384578368171,1.3449224557180095,0.44670156547200174,0.5,0.44912280701754387,0.7508771929824561,0.7502306678722084,0.7535019406847134,0.7508771929824561,1140.0,0.7629382303839732,0.7277070063694268,0.8017543859649123,570.0,0.7375231053604436,0.779296875,0.7,570.0,0.7502306678722085,0.7535019406847134,0.7508771929824561,1140.0,0.7649122807017544,0.7647899338221482,0.7654646170548757,0.7649122807017543,1140.0,0.7701543739279588,0.7533557046979866,0.787719298245614,570.0,0.7594254937163375,0.7775735294117647,0.7421052631578947,570.0,0.7647899338221482,0.7654646170548757,0.7649122807017544,1140.0,0.7508771929824561,0.7502306678722084,0.7629382303839732,0.7375231053604436,0.7502306678722085,171.0,113.0,0.7535019406847134,0.7277070063694268,0.779296875,0.7535019406847134,0.7508771929824561,0.8017543859649123,0.7,0.7508771929824561,457.0,399.0,0.7649122807017544,0.7647899338221482,0.7701543739279588,0.7594254937163375,0.7647899338221482,147.0,121.0,0.7654646170548757,0.7533557046979866,0.7775735294117647,0.7654646170548757,0.47719298245614034,0.7649122807017543,0.787719298245614,0.7421052631578947,0.7649122807017544,449.0,423.0,17.125,7.3138280232747395,8.55810546875,-13.875,570.0,0.531578947368421,0.8298245614035088,2.0,6.962582885903673,17.125,7.3138280232747395,8.55810546875,-13.875,570.0,0.5561403508771929,0.8298245614035088,2.0,6.962582885903673,
true_pair,42,73,2.0,full,confirmation,ad7582a08846972658298b011372a60a4e265a7e70df6d25e8f9aabf50df1699,3f9615a159c4725dd6fe86c0856a340b67c8067d907386ca2161e98b6cf5cf2e,82f47319636cdabaf5a56f172f68023db0c21b5f83e97554f59db62e8bdb1c96,bb43d0ad549b7e57213aab7dca185a96972dab5a6e0ad093afcd5ecde5eef177,/workspace/pair-aware/results_v3/bf16/true_pair/lambda_2p0/split_42/model_seed_73,True,v3,full,1,validation,f1_macro,>,closest_to_zero_then_lower,15,positive_class_equal_width,true_pair,neuralmind/bert-large-portuguese-cased,aa302f6ea73b759f7df9cad58bd272127b67ec28,bf16,256,6,2e-05,8,0.01,0.1,linear,1.0,2,f1_macro,32.0,10000,0,1,0,1,4.0,2.0,False,,,,121.96513299597427,6.43624210357666,6.74609375,2,0.7644221279115673,4,1996,2.0,2994,0,299,0.18590905198321028,15,positive_class_equal_width,0.1506899707761798,0.6299825185492215,0.4494668924599122,0.5,0.4543859649122807,0.7649122807017544,0.7644221279115673,0.7671355324088442,0.7649122807017543,570.0,0.7751677852348994,0.7427652733118971,0.8105263157894737,285.0,0.7536764705882353,0.7915057915057915,0.7192982456140351,285.0,0.7644221279115673,0.7671355324088442,0.7649122807017544,570.0,0.7789473684210526,0.7789038160794985,0.7791673340643905,0.7789473684210526,570.0,0.7758007117437722,0.7870036101083032,0.7649122807017544,285.0,0.7820069204152249,0.7713310580204779,0.7929824561403509,285.0,0.7789038160794985,0.7791673340643905,0.7789473684210526,570.0,0.7649122807017544,0.7644221279115673,0.7751677852348994,0.7536764705882353,0.7644221279115673,80,54,0.7671355324088442,0.7427652733118971,0.7915057915057915,0.7671355324088442,0.7649122807017543,0.8105263157894737,0.7192982456140351,0.7649122807017544,231,205,0.7789473684210526,0.7789038160794985,0.7758007117437722,0.7820069204152249,0.7789038160794985,59,67,0.7791673340643905,0.7870036101083032,0.7713310580204779,0.7791673340643905,0.5140350877192983,0.7789473684210526,0.7649122807017544,0.7929824561403509,0.7789473684210526,218,226,8.8203125,3.6835866647854187,3.9296875,-5.7734375,285,0.5508771929824562,0.8947368421052632,1,3.124166726207435,8.8203125,3.6835866647854187,3.9296875,-5.7734375,285,0.5859649122807018,0.8947368421052632,1,3.124166726207435,449,>,0.7644221279115673,validation,f1_macro,0.23616372986522194,-1.173828125,closest_to_zero_then_lower,0.7789038160794985,0.19780133932141447,15.0,positive_class_equal_width,0.1555770752236525,0.6726060070854532,0.44766525398606904,0.5,0.44649122807017544,0.7552631578947369,0.7545604180637235,0.7582204938679054,0.7552631578947369,1140.0,0.7676935886761033,0.7305863708399366,0.8087719298245614,570.0,0.7414272474513438,0.7858546168958742,0.7017543859649122,570.0,0.7545604180637235,0.7582204938679054,0.7552631578947369,1140.0,0.7631578947368421,0.7631396691035013,0.7632389162561577,0.763157894736842,1140.0,0.7610619469026548,0.7678571428571429,0.7543859649122807,570.0,0.7652173913043478,0.7586206896551724,0.7719298245614035,570.0,0.7631396691035013,0.7632389162561576,0.7631578947368421,1140.0,0.7552631578947369,0.7545604180637235,0.7676935886761033,0.7414272474513438,0.7545604180637235,170.0,109.0,0.7582204938679054,0.7305863708399366,0.7858546168958742,0.7582204938679054,0.7552631578947369,0.8087719298245614,0.7017543859649122,0.7552631578947369,461.0,400.0,0.7631578947368421,0.7631396691035013,0.7610619469026548,0.7652173913043478,0.7631396691035013,130.0,140.0,0.7632389162561577,0.7678571428571429,0.7586206896551724,0.7632389162561576,0.5087719298245614,0.763157894736842,0.7543859649122807,0.7719298245614035,0.7631578947368421,430.0,440.0,8.8828125,3.484973787006579,4.04345703125,-7.0625,570.0,0.5403508771929825,0.856140350877193,2.0,3.296218075270484,8.8828125,3.484973787006579,4.04345703125,-7.0625,570.0,0.5614035087719298,0.856140350877193,2.0,3.296218075270484,
true_pair,42,101,2.0,full,confirmation,ffced874a83de97a37ee5208842540fb215915f6bd8b266a93d88e7e67641295,3f9615a159c4725dd6fe86c0856a340b67c8067d907386ca2161e98b6cf5cf2e,82f47319636cdabaf5a56f172f68023db0c21b5f83e97554f59db62e8bdb1c96,bb43d0ad549b7e57213aab7dca185a96972dab5a6e0ad093afcd5ecde5eef177,/workspace/pair-aware/results_v3/bf16/true_pair/lambda_2p0/split_42/model_seed_101,True,v3,full,1,validation,f1_macro,>,closest_to_zero_then_lower,15,positive_class_equal_width,true_pair,neuralmind/bert-large-portuguese-cased,aa302f6ea73b759f7df9cad58bd272127b67ec28,bf16,256,6,2e-05,8,0.01,0.1,linear,1.0,2,f1_macro,32.0,10000,0,1,0,1,4.0,2.0,False,,,,150.12192023196258,6.43624210357666,6.74609375,3,0.7697324801480225,5,2495,2.0,2994,0,299,0.20570044358305106,15,positive_class_equal_width,0.1978336287133881,0.9911724525823368,0.46974258629748444,0.5,0.45614035087719296,0.7701754385964912,0.7697324801480225,0.7722704714640198,0.7701754385964912,570.0,0.7798319327731092,0.7483870967741936,0.8140350877192982,285.0,0.7596330275229358,0.7961538461538461,0.7263157894736842,285.0,0.7697324801480225,0.7722704714640198,0.7701754385964912,570.0,0.7824561403508772,0.7824561403508772,0.7824561403508772,0.7824561403508772,570.0,0.7824561403508772,0.7824561403508772,0.7824561403508772,285.0,0.7824561403508772,0.7824561403508772,0.7824561403508772,285.0,0.7824561403508772,0.7824561403508772,0.7824561403508772,570.0,0.7701754385964912,0.7697324801480225,0.7798319327731092,0.7596330275229358,0.7697324801480225,78,53,0.7722704714640198,0.7483870967741936,0.7961538461538461,0.7722704714640198,0.7701754385964912,0.8140350877192982,0.7263157894736842,0.7701754385964912,232,207,0.7824561403508772,0.7824561403508772,0.7824561403508772,0.7824561403508772,0.7824561403508772,62,62,0.7824561403508772,0.7824561403508772,0.7824561403508772,0.7824561403508772,0.5,0.7824561403508772,0.7824561403508772,0.7824561403508772,0.7824561403508772,223,223,14.859375,6.522782737330386,7.37109375,-11.421875,285,0.5649122807017544,0.8666666666666667,0,5.575053377846662,14.859375,6.522782737330386,7.37109375,-11.421875,285,0.5824561403508772,0.8666666666666667,0,5.575053377846662,415,>,0.7697324801480225,validation,f1_macro,0.2342314371669467,-1.1845703125,closest_to_zero_then_lower,0.7824561403508772,0.22687903123128014,15.0,positive_class_equal_width,0.21855710022660466,1.1131895899429185,0.47905236121706796,0.5,0.47543859649122805,0.7456140350877193,0.7454604809303242,0.746208147700206,0.7456140350877193,1140.0,0.7517123287671232,0.7341137123745819,0.7701754385964912,570.0,0.7392086330935251,0.7583025830258303,0.7210526315789474,570.0,0.7454604809303241,0.746208147700206,0.7456140350877193,1140.0,0.7578947368421053,0.7578917561311928,0.7579074377316211,0.7578947368421053,1140.0,0.7570422535211268,0.7597173144876325,0.7543859649122807,570.0,0.7587412587412588,0.7560975609756098,0.7614035087719299,570.0,0.7578917561311928,0.7579074377316212,0.7578947368421053,1140.0,0.7456140350877193,0.7454604809303242,0.7517123287671232,0.7392086330935251,0.7454604809303241,159.0,131.0,0.746208147700206,0.7341137123745819,0.7583025830258303,0.746208147700206,0.7456140350877193,0.7701754385964912,0.7210526315789474,0.7456140350877193,439.0,411.0,0.7578947368421053,0.7578917561311928,0.7570422535211268,0.7587412587412588,0.7578917561311928,136.0,140.0,0.7579074377316211,0.7597173144876325,0.7560975609756098,0.7579074377316212,0.5035087719298246,0.7578947368421053,0.7543859649122807,0.7614035087719299,0.7578947368421053,430.0,434.0,14.875,5.999702751427366,6.0517578125,-12.359375,570.0,0.5175438596491229,0.8596491228070176,0.0,5.765312890475011,14.875,5.999702751427366,6.0517578125,-12.359375,570.0,0.5403508771929825,0.8596491228070176,0.0,5.765312890475011,
true_pair,73,13,2.0,full,confirmation,2c69c69394fda9843434a11293b4e7fbdfcd9449f652d6533e463d00b733d608,3f9615a159c4725dd6fe86c0856a340b67c8067d907386ca2161e98b6cf5cf2e,02b3b3662d75591a1230da3154149693de487b7678fe08b814a8a10fb13ba588,bb43d0ad549b7e57213aab7dca185a96972dab5a6e0ad093afcd5ecde5eef177,/workspace/pair-aware/results_v3/bf16/true_pair/lambda_2p0/split_73/model_seed_13,True,v3,full,1,validation,f1_macro,>,closest_to_zero_then_lower,15,positive_class_equal_width,true_pair,neuralmind/bert-large-portuguese-cased,aa302f6ea73b759f7df9cad58bd272127b67ec28,bf16,256,6,2e-05,8,0.01,0.1,linear,1.0,2,f1_macro,32.0,10000,0,1,0,1,4.0,2.0,False,,,,91.41660115495324,6.43624210357666,6.74609375,1,0.7697324801480225,3,1497,2.0,2994,0,299,0.17148955442198793,15,positive_class_equal_width,0.07781353528473871,0.5359647011140063,0.4596612983205158,0.5,0.45614035087719296,0.7701754385964912,0.7697324801480225,0.7722704714640198,0.7701754385964912,570.0,0.7798319327731092,0.7483870967741936,0.8140350877192982,285.0,0.7596330275229358,0.7961538461538461,0.7263157894736842,285.0,0.7697324801480225,0.7722704714640198,0.7701754385964912,570.0,0.7807017543859649,0.7805876248340935,0.7812870114488748,0.7807017543859649,570.0,0.7855917667238422,0.7684563758389261,0.8035087719298246,285.0,0.7755834829443446,0.7941176470588235,0.7578947368421053,285.0,0.7805876248340935,0.7812870114488748,0.7807017543859649,570.0,0.7701754385964912,0.7697324801480225,0.7798319327731092,0.7596330275229358,0.7697324801480225,78,53,0.7722704714640198,0.7483870967741936,0.7961538461538461,0.7722704714640198,0.7701754385964912,0.8140350877192982,0.7263157894736842,0.7701754385964912,232,207,0.7807017543859649,0.7805876248340935,0.7855917667238422,0.7755834829443446,0.7805876248340935,69,56,0.7812870114488748,0.7684563758389261,0.7941176470588235,0.7812870114488748,0.47719298245614034,0.7807017543859649,0.8035087719298246,0.7578947368421053,0.7807017543859649,229,216,7.6640625,2.3630496911835253,2.297607421875,-2.9105224609375,285,0.5614035087719298,0.8421052631578947,1,2.230345447815023,7.6640625,2.3630496911835253,2.297607421875,-2.9105224609375,285,0.5789473684210527,0.8421052631578947,1,2.230345447815023,520,>,0.7697324801480225,validation,f1_macro,0.44504710025152877,-0.220703125,closest_to_zero_then_lower,0.7805876248340935,0.1794995002491004,15.0,positive_class_equal_width,0.10210964062487395,0.553732771456949,0.4328755459578419,0.5,0.4192982456140351,0.7614035087719299,0.7598393972439774,0.7683955049362272,0.7614035087719297,1140.0,0.7792207792207793,0.7250755287009063,0.8421052631578947,570.0,0.7404580152671756,0.8117154811715481,0.6807017543859649,570.0,0.7598393972439774,0.7683955049362272,0.7614035087719299,1140.0,0.7614035087719299,0.7606491373241611,0.7647410880163589,0.7614035087719297,1140.0,0.7740863787375415,0.7350157728706624,0.8175438596491228,570.0,0.7472118959107806,0.7944664031620553,0.7052631578947368,570.0,0.7606491373241611,0.7647410880163589,0.7614035087719299,1140.0,0.7614035087719299,0.7598393972439774,0.7792207792207793,0.7404580152671756,0.7598393972439774,182.0,90.0,0.7683955049362272,0.7250755287009063,0.8117154811715481,0.7683955049362272,0.7614035087719297,0.8421052631578947,0.6807017543859649,0.7614035087719299,480.0,388.0,0.7614035087719299,0.7606491373241611,0.7740863787375415,0.7472118959107806,0.7606491373241611,168.0,104.0,0.7647410880163589,0.7350157728706624,0.7944664031620553,0.7647410880163589,0.443859649122807,0.7614035087719297,0.8175438596491228,0.7052631578947368,0.7614035087719299,466.0,402.0,7.828125,2.4658317097446374,2.1830368041992188,-4.0234375,570.0,0.5473684210526316,0.8649122807017544,0.0,2.3112025444297126,7.828125,2.4658317097446374,2.1830368041992188,-4.0234375,570.0,0.543859649122807,0.8649122807017544,0.0,2.3112025444297126,
true_pair,73,21,2.0,full,confirmation,3448185575c6494cd009ba9a47fc4e04f9fa5acd26814470c9a095d059e8c6b6,3f9615a159c4725dd6fe86c0856a340b67c8067d907386ca2161e98b6cf5cf2e,02b3b3662d75591a1230da3154149693de487b7678fe08b814a8a10fb13ba588,bb43d0ad549b7e57213aab7dca185a96972dab5a6e0ad093afcd5ecde5eef177,/workspace/pair-aware/results_v3/bf16/true_pair/lambda_2p0/split_73/model_seed_21,True,v3,full,1,validation,f1_macro,>,closest_to_zero_then_lower,15,positive_class_equal_width,true_pair,neuralmind/bert-large-portuguese-cased,aa302f6ea73b759f7df9cad58bd272127b67ec28,bf16,256,6,2e-05,8,0.01,0.1,linear,1.0,2,f1_macro,32.0,10000,0,1,0,1,4.0,2.0,False,,,,121.3976490739733,6.43624210357666,6.74609375,2,0.762043917508558,4,1996,2.0,2994,0,299,0.18526648606171767,15,positive_class_equal_width,0.13232797566248675,0.6099587997656317,0.4376488648243886,0.5,0.43157894736842106,0.7631578947368421,0.762043917508558,0.7681797651309847,0.7631578947368421,570.0,0.7783251231527094,0.7314814814814815,0.8315789473684211,285.0,0.7457627118644068,0.8048780487804879,0.6947368421052632,285.0,0.7620439175085582,0.7681797651309847,0.7631578947368421,570.0,0.7736842105263158,0.7734324688250103,0.7749060150375939,0.7736842105263158,570.0,0.7658802177858439,0.793233082706767,0.7403508771929824,285.0,0.7809847198641766,0.756578947368421,0.8070175438596491,285.0,0.7734324688250103,0.7749060150375939,0.7736842105263158,570.0,0.7631578947368421,0.762043917508558,0.7783251231527094,0.7457627118644068,0.7620439175085582,87,48,0.7681797651309847,0.7314814814814815,0.8048780487804879,0.7681797651309847,0.7631578947368421,0.8315789473684211,0.6947368421052632,0.7631578947368421,237,198,0.7736842105263158,0.7734324688250103,0.7658802177858439,0.7809847198641766,0.7734324688250103,55,74,0.7749060150375939,0.793233082706767,0.756578947368421,0.7749060150375939,0.5333333333333333,0.7736842105263158,0.7403508771929824,0.8070175438596491,0.7736842105263158,211,230,8.8125,3.191155517310427,2.9580078125,-4.4766845703125,285,0.543859649122807,0.8526315789473684,0,2.9093413277846394,8.8125,3.191155517310427,2.9580078125,-4.4766845703125,285,0.5684210526315789,0.8526315789473684,0,2.9093413277846394,482,>,0.762043917508558,validation,f1_macro,0.23196200373110962,-1.197265625,closest_to_zero_then_lower,0.7734324688250103,0.18231132946337758,15.0,positive_class_equal_width,0.1268423226329503,0.5914244263040577,0.4322616660546293,0.5,0.437719298245614,0.7640350877192983,0.7631162426741462,0.7681962989942444,0.7640350877192983,1140.0,0.7778695293146161,0.734789391575663,0.8263157894736842,570.0,0.7483629560336763,0.8016032064128257,0.7017543859649122,570.0,0.7631162426741461,0.7681962989942444,0.7640350877192983,1140.0,0.7649122807017544,0.7647703754804376,0.7655530735909366,0.7649122807017543,1140.0,0.7589928057553957,0.7785977859778598,0.7403508771929824,570.0,0.7705479452054794,0.7525083612040134,0.7894736842105263,570.0,0.7647703754804376,0.7655530735909366,0.7649122807017544,1140.0,0.7640350877192983,0.7631162426741462,0.7778695293146161,0.7483629560336763,0.7631162426741461,170.0,99.0,0.7681962989942444,0.734789391575663,0.8016032064128257,0.7681962989942444,0.7640350877192983,0.8263157894736842,0.7017543859649122,0.7640350877192983,471.0,400.0,0.7649122807017544,0.7647703754804376,0.7589928057553957,0.7705479452054794,0.7647703754804376,120.0,148.0,0.7655530735909366,0.7785977859778598,0.7525083612040134,0.7655530735909366,0.5245614035087719,0.7649122807017543,0.7403508771929824,0.7894736842105263,0.7649122807017544,422.0,450.0,9.640625,3.2358781379565857,3.2454833984375,-6.078125,570.0,0.5508771929824562,0.8666666666666667,1.0,2.926025734653354,9.640625,3.2358781379565857,3.2454833984375,-6.078125,570.0,0.5508771929824562,0.8666666666666667,1.0,2.926025734653354,
true_pair,73,40,2.0,full,confirmation,a55acfefcd3297454f0d5ad7a4c39b99cb78edb9bf6c09bb732bf2b83dec00f7,3f9615a159c4725dd6fe86c0856a340b67c8067d907386ca2161e98b6cf5cf2e,02b3b3662d75591a1230da3154149693de487b7678fe08b814a8a10fb13ba588,bb43d0ad549b7e57213aab7dca185a96972dab5a6e0ad093afcd5ecde5eef177,/workspace/pair-aware/results_v3/bf16/true_pair/lambda_2p0/split_73/model_seed_40,True,v3,full,1,validation,f1_macro,>,closest_to_zero_then_lower,15,positive_class_equal_width,true_pair,neuralmind/bert-large-portuguese-cased,aa302f6ea73b759f7df9cad58bd272127b67ec28,bf16,256,6,2e-05,8,0.01,0.1,linear,1.0,2,f1_macro,32.0,10000,0,1,0,1,4.0,2.0,False,,,,151.00412686995696,6.43624210357666,6.74609375,3,0.7744360902255639,5,2495,2.0,2994,0,299,0.2031065752593274,15,positive_class_equal_width,0.19599067501101264,1.0432462399529852,0.4386287831993107,0.5,0.43333333333333335,0.775438596491228,0.7744360902255639,0.7804239104548703,0.775438596491228,570.0,0.7894736842105263,0.7430340557275542,0.8421052631578947,285.0,0.7593984962406015,0.8178137651821862,0.7087719298245614,285.0,0.7744360902255639,0.7804239104548703,0.775438596491228,570.0,0.7929824561403509,0.7929799074165271,0.7929968850420458,0.7929824561403509,570.0,0.7937062937062938,0.7909407665505227,0.7964912280701755,285.0,0.7922535211267606,0.7950530035335689,0.7894736842105263,285.0,0.7929799074165271,0.7929968850420458,0.7929824561403509,570.0,0.775438596491228,0.7744360902255639,0.7894736842105263,0.7593984962406015,0.7744360902255639,83,45,0.7804239104548703,0.7430340557275542,0.8178137651821862,0.7804239104548703,0.775438596491228,0.8421052631578947,0.7087719298245614,0.775438596491228,240,202,0.7929824561403509,0.7929799074165271,0.7937062937062938,0.7922535211267606,0.7929799074165271,60,58,0.7929968850420458,0.7909407665505227,0.7950530035335689,0.7929968850420458,0.4964912280701754,0.7929824561403509,0.7964912280701755,0.7894736842105263,0.7929824561403509,227,225,15.40625,6.787911826685855,8.58203125,-9.921875,285,0.5684210526315789,0.8526315789473684,0,5.943674376524167,15.40625,6.787911826685855,8.58203125,-9.921875,285,0.6070175438596491,0.8526315789473684,0,5.943674376524167,425,>,0.7744360902255639,validation,f1_macro,0.07423137046083578,-2.5234375,closest_to_zero_then_lower,0.7929799074165271,0.21418809538844663,15.0,positive_class_equal_width,0.20853560844040947,1.082636919291337,0.41490831708777626,0.5,0.4114035087719298,0.7605263157894737,0.7586317346298547,0.768971302736901,0.7605263157894737,1140.0,0.7800161160354553,0.7213114754098361,0.8491228070175438,570.0,0.737247353224254,0.8166311300639659,0.6719298245614035,570.0,0.7586317346298547,0.7689713027369011,0.7605263157894737,1140.0,0.7824561403508772,0.7823248250714497,0.783139369855237,0.7824561403508772,1140.0,0.7876712328767124,0.7692307692307693,0.8070175438596491,570.0,0.7769784172661871,0.7970479704797048,0.7578947368421053,570.0,0.7823248250714497,0.7831393698552371,0.7824561403508772,1140.0,0.7605263157894737,0.7586317346298547,0.7800161160354553,0.737247353224254,0.7586317346298547,187.0,86.0,0.768971302736901,0.7213114754098361,0.8166311300639659,0.7689713027369011,0.7605263157894737,0.8491228070175438,0.6719298245614035,0.7605263157894737,484.0,383.0,0.7824561403508772,0.7823248250714497,0.7876712328767124,0.7769784172661871,0.7823248250714497,138.0,110.0,0.783139369855237,0.7692307692307693,0.7970479704797048,0.7831393698552371,0.47543859649122805,0.7824561403508772,0.8070175438596491,0.7578947368421053,0.7824561403508772,460.0,432.0,15.5625,6.718837269565515,7.83203125,-13.59375,570.0,0.5543859649122806,0.8456140350877193,1.0,6.1457721691760545,15.5625,6.718837269565515,7.83203125,-13.59375,570.0,0.5947368421052631,0.8456140350877193,1.0,6.1457721691760545,
true_pair,73,42,2.0,full,confirmation,2128b0a6ce5235422d6598e7a1d3bf9469ef3f7c3fe117b0e175a6887b3920ba,3f9615a159c4725dd6fe86c0856a340b67c8067d907386ca2161e98b6cf5cf2e,02b3b3662d75591a1230da3154149693de487b7678fe08b814a8a10fb13ba588,bb43d0ad549b7e57213aab7dca185a96972dab5a6e0ad093afcd5ecde5eef177,/workspace/pair-aware/results_v3/bf16/true_pair/lambda_2p0/split_73/model_seed_42,True,v3,full,1,validation,f1_macro,>,closest_to_zero_then_lower,15,positive_class_equal_width,true_pair,neuralmind/bert-large-portuguese-cased,aa302f6ea73b759f7df9cad58bd272127b67ec28,bf16,256,6,2e-05,8,0.01,0.1,linear,1.0,2,f1_macro,32.0,10000,0,1,0,1,4.0,2.0,False,,,,191.8937909649685,6.43624210357666,6.74609375,4,0.7560494982742111,6,2994,2.0,2994,0,299,0.23364881018799827,15,positive_class_equal_width,0.23283472086246662,1.4176276220670823,0.47682817053103904,0.5,0.4807017543859649,0.756140350877193,0.7560494982742111,0.7565224896429276,0.7561403508771929,570.0,0.7607573149741824,0.7466216216216216,0.775438596491228,285.0,0.7513416815742398,0.7664233576642335,0.7368421052631579,285.0,0.7560494982742111,0.7565224896429276,0.756140350877193,570.0,0.7631578947368421,0.7625432405827334,0.7659111265923566,0.763157894736842,570.0,0.7504621072088724,0.79296875,0.712280701754386,285.0,0.7746243739565943,0.7388535031847133,0.8140350877192982,285.0,0.7625432405827334,0.7659111265923566,0.7631578947368421,570.0,0.756140350877193,0.7560494982742111,0.7607573149741824,0.7513416815742398,0.7560494982742111,75,64,0.7565224896429276,0.7466216216216216,0.7664233576642335,0.7565224896429276,0.7561403508771929,0.775438596491228,0.7368421052631579,0.756140350877193,221,210,0.7631578947368421,0.7625432405827334,0.7504621072088724,0.7746243739565943,0.7625432405827334,53,82,0.7659111265923566,0.79296875,0.7388535031847133,0.7659111265923566,0.5508771929824562,0.763157894736842,0.712280701754386,0.8140350877192982,0.7631578947368421,203,232,16.359375,7.300823439213268,9.4375,-15.625,285,0.5543859649122806,0.8035087719298246,0,7.4754195031937805,16.359375,7.300823439213268,9.4375,-15.625,285,0.5543859649122806,0.8035087719298246,0,7.4754195031937805,351,>,0.7560494982742111,validation,f1_macro,0.0053849379617779605,-5.21875,closest_to_zero_then_lower,0.7625432405827334,0.21925058685160162,15.0,positive_class_equal_width,0.21594232491236076,1.2901925405438384,0.4514934944497193,0.5,0.45263157894736844,0.7684210526315789,0.7679002748549377,0.7708519677996422,0.7684210526315789,1140.0,0.7788944723618091,0.7451923076923077,0.8157894736842105,570.0,0.7569060773480663,0.7965116279069767,0.7210526315789474,570.0,0.7679002748549377,0.7708519677996422,0.7684210526315789,1140.0,0.781578947368421,0.7809923317226273,0.7846284756034958,0.7815789473684212,1140.0,0.7696577243293247,0.8140900195694716,0.7298245614035088,570.0,0.79232693911593,0.7551669316375199,0.8333333333333334,570.0,0.7809923317226273,0.7846284756034957,0.781578947368421,1140.0,0.7684210526315789,0.7679002748549377,0.7788944723618091,0.7569060773480663,0.7679002748549377,159.0,105.0,0.7708519677996422,0.7451923076923077,0.7965116279069767,0.7708519677996422,0.7684210526315789,0.8157894736842105,0.7210526315789474,0.7684210526315789,465.0,411.0,0.781578947368421,0.7809923317226273,0.7696577243293247,0.79232693911593,0.7809923317226273,95.0,154.0,0.7846284756034958,0.8140900195694716,0.7551669316375199,0.7846284756034957,0.5517543859649123,0.7815789473684212,0.7298245614035088,0.8333333333333334,0.781578947368421,416.0,475.0,16.890625,7.749569969846491,10.31640625,-15.84375,570.0,0.5684210526315789,0.8491228070175438,5.0,7.114306453947604,16.890625,7.749569969846491,10.31640625,-15.84375,570.0,0.5807017543859649,0.8491228070175438,5.0,7.114306453947604,
true_pair,73,73,2.0,full,confirmation,8117d632967fb6e8862951fc8c8a84479be61805fa03c39fff1c9e8f4ad2aa22,3f9615a159c4725dd6fe86c0856a340b67c8067d907386ca2161e98b6cf5cf2e,02b3b3662d75591a1230da3154149693de487b7678fe08b814a8a10fb13ba588,bb43d0ad549b7e57213aab7dca185a96972dab5a6e0ad093afcd5ecde5eef177,/workspace/pair-aware/results_v3/bf16/true_pair/lambda_2p0/split_73/model_seed_73,True,v3,full,1,validation,f1_macro,>,closest_to_zero_then_lower,15,positive_class_equal_width,true_pair,neuralmind/bert-large-portuguese-cased,aa302f6ea73b759f7df9cad58bd272127b67ec28,bf16,256,6,2e-05,8,0.01,0.1,linear,1.0,2,f1_macro,32.0,10000,0,1,0,1,4.0,2.0,False,,,,91.54938439291436,6.43624210357666,6.74609375,1,0.756103567481707,3,1497,2.0,2994,0,299,0.17650828439588925,15,positive_class_equal_width,0.09187069716585383,0.5601725527996961,0.4748852963989007,0.5,0.48771929824561405,0.756140350877193,0.756103567481707,0.756294964028777,0.7561403508771929,570.0,0.7590987868284229,0.75,0.7684210526315789,285.0,0.7531083481349912,0.762589928057554,0.743859649122807,285.0,0.756103567481707,0.7562949640287769,0.756140350877193,570.0,0.7736842105263158,0.7729230940270713,0.777403414195867,0.7736842105263158,570.0,0.7597765363128491,0.8095238095238095,0.7157894736842105,285.0,0.7860696517412935,0.7452830188679245,0.8315789473684211,285.0,0.7729230940270714,0.7774034141958671,0.7736842105263158,570.0,0.756140350877193,0.756103567481707,0.7590987868284229,0.7531083481349912,0.756103567481707,73,66,0.756294964028777,0.75,0.762589928057554,0.7562949640287769,0.7561403508771929,0.7684210526315789,0.743859649122807,0.756140350877193,219,212,0.7736842105263158,0.7729230940270713,0.7597765363128491,0.7860696517412935,0.7729230940270714,48,81,0.777403414195867,0.8095238095238095,0.7452830188679245,0.7774034141958671,0.5578947368421052,0.7736842105263158,0.7157894736842105,0.8315789473684211,0.7736842105263158,204,237,7.5546875,2.69596809253358,2.56201171875,-3.1796875,285,0.543859649122807,0.8456140350877193,0,2.4675865792468654,7.5546875,2.69596809253358,2.56201171875,-3.1796875,285,0.5649122807017544,0.8456140350877193,0,2.4675865792468654,479,>,0.756103567481707,validation,f1_macro,0.3409239074396009,-0.6591796875,closest_to_zero_then_lower,0.7729230940270713,0.1693630024705227,15.0,positive_class_equal_width,0.08533141786676836,0.5257066304164935,0.45897864986339304,0.5,0.4789473684210526,0.7701754385964912,0.7700735321287366,0.7706552706552707,0.7701754385964912,1140.0,0.7749140893470791,0.7592592592592593,0.7912280701754386,570.0,0.7652329749103942,0.782051282051282,0.7491228070175439,570.0,0.7700735321287366,0.7706552706552706,0.7701754385964912,1140.0,0.7657894736842106,0.7654239639327207,0.7674564459930313,0.7657894736842106,1140.0,0.7561643835616438,0.7885714285714286,0.7263157894736842,570.0,0.7746835443037975,0.7463414634146341,0.8052631578947368,570.0,0.7654239639327207,0.7674564459930314,0.7657894736842106,1140.0,0.7701754385964912,0.7700735321287366,0.7749140893470791,0.7652329749103942,0.7700735321287366,143.0,119.0,0.7706552706552707,0.7592592592592593,0.782051282051282,0.7706552706552706,0.7701754385964912,0.7912280701754386,0.7491228070175439,0.7701754385964912,451.0,427.0,0.7657894736842106,0.7654239639327207,0.7561643835616438,0.7746835443037975,0.7654239639327207,111.0,156.0,0.7674564459930313,0.7885714285714286,0.7463414634146341,0.7674564459930314,0.5394736842105263,0.7657894736842106,0.7263157894736842,0.8052631578947368,0.7657894736842106,414.0,459.0,8.296875,2.8441346754107557,2.7880859375,-4.8984375,570.0,0.5666666666666667,0.8824561403508772,0.0,2.4741458139346344,8.296875,2.8441346754107557,2.7880859375,-4.8984375,570.0,0.5631578947368421,0.8824561403508772,0.0,2.4741458139346344,
true_pair,73,101,2.0,full,confirmation,fbc3a21bfb12a73ab3a09a73dc0876e9f0bf28b43aa961f8ff8a1627facd2e7d,3f9615a159c4725dd6fe86c0856a340b67c8067d907386ca2161e98b6cf5cf2e,02b3b3662d75591a1230da3154149693de487b7678fe08b814a8a10fb13ba588,bb43d0ad549b7e57213aab7dca185a96972dab5a6e0ad093afcd5ecde5eef177,/workspace/pair-aware/results_v3/bf16/true_pair/lambda_2p0/split_73/model_seed_101,True,v3,full,1,validation,f1_macro,>,closest_to_zero_then_lower,15,positive_class_equal_width,true_pair,neuralmind/bert-large-portuguese-cased,aa302f6ea73b759f7df9cad58bd272127b67ec28,bf16,256,6,2e-05,8,0.01,0.1,linear,1.0,2,f1_macro,32.0,10000,0,1,0,1,4.0,2.0,False,,,,181.29167048202362,6.43624210357666,6.74609375,6,0.780051182475713,6,2994,2.0,2994,0,299,0.2134266552607232,15,positive_class_equal_width,0.21441961246737612,1.5567433380732325,0.44762667032007225,0.5,0.4456140350877193,0.7807017543859649,0.780051182475713,0.7840625934416425,0.7807017543859649,570.0,0.7920133111480865,0.7531645569620253,0.8350877192982457,285.0,0.7680890538033395,0.8149606299212598,0.7263157894736842,285.0,0.7800511824757129,0.7840625934416426,0.7807017543859649,570.0,0.7807017543859649,0.7801326301691975,0.7836385350318471,0.7807017543859649,570.0,0.7913188647746243,0.7547770700636943,0.8315789473684211,285.0,0.7689463955637708,0.8125,0.7298245614035088,285.0,0.7801326301691975,0.7836385350318471,0.7807017543859649,570.0,0.7807017543859649,0.780051182475713,0.7920133111480865,0.7680890538033395,0.7800511824757129,78,47,0.7840625934416425,0.7531645569620253,0.8149606299212598,0.7840625934416426,0.7807017543859649,0.8350877192982457,0.7263157894736842,0.7807017543859649,238,207,0.7807017543859649,0.7801326301691975,0.7913188647746243,0.7689463955637708,0.7801326301691975,77,48,0.7836385350318471,0.7547770700636943,0.8125,0.7836385350318471,0.44912280701754387,0.7807017543859649,0.8315789473684211,0.7298245614035088,0.7807017543859649,237,208,19.0625,9.307659376713268,12.78125,-17.0,285,0.5789473684210527,0.8456140350877193,1,8.397477882279343,19.0625,9.307659376713268,12.78125,-17.0,285,0.5789473684210527,0.8456140350877193,1,8.397477882279343,305,>,0.780051182475713,validation,f1_macro,0.3555510977875717,-0.5947265625,closest_to_zero_then_lower,0.7801326301691975,0.21433192687172126,15.0,positive_class_equal_width,0.21377042990694162,1.5464804709282993,0.4256484843035682,0.5,0.4245614035087719,0.775438596491228,0.7741533070629715,0.7818547167909695,0.775438596491228,1140.0,0.7911908646003263,0.739329268292683,0.8508771929824561,570.0,0.7571157495256167,0.8243801652892562,0.7,570.0,0.7741533070629715,0.7818547167909696,0.775438596491228,1140.0,0.7780701754385965,0.7770530529013946,0.7832389151364858,0.7780701754385965,1140.0,0.7921117502054231,0.7449768160741885,0.8456140350877193,570.0,0.761994355597366,0.821501014198783,0.7105263157894737,570.0,0.7770530529013946,0.7832389151364857,0.7780701754385965,1140.0,0.775438596491228,0.7741533070629715,0.7911908646003263,0.7571157495256167,0.7741533070629715,171.0,85.0,0.7818547167909695,0.739329268292683,0.8243801652892562,0.7818547167909696,0.775438596491228,0.8508771929824561,0.7,0.775438596491228,485.0,399.0,0.7780701754385965,0.7770530529013946,0.7921117502054231,0.761994355597366,0.7770530529013946,165.0,88.0,0.7832389151364858,0.7449768160741885,0.821501014198783,0.7832389151364857,0.4324561403508772,0.7780701754385965,0.8456140350877193,0.7105263157894737,0.7780701754385965,482.0,405.0,18.96875,9.367218552974233,11.966796875,-18.09375,570.0,0.5771929824561404,0.8350877192982457,4.0,8.420302407242044,18.96875,9.367218552974233,11.966796875,-18.09375,570.0,0.5859649122807018,0.8350877192982457,4.0,8.420302407242044,
true_pair,101,13,2.0,full,confirmation,8c51e19c093aab7d84fde9a5fc09f47d9dadb17cf0cb088d23fa1f29869edf8d,3f9615a159c4725dd6fe86c0856a340b67c8067d907386ca2161e98b6cf5cf2e,19cfd33b81c6deff489e458f0eee040d005eaea9718d148a3418985c56da9eda,bb43d0ad549b7e57213aab7dca185a96972dab5a6e0ad093afcd5ecde5eef177,/workspace/pair-aware/results_v3/bf16/true_pair/lambda_2p0/split_101/model_seed_13,True,v3,full,1,validation,f1_macro,>,closest_to_zero_then_lower,15,positive_class_equal_width,true_pair,neuralmind/bert-large-portuguese-cased,aa302f6ea73b759f7df9cad58bd272127b67ec28,bf16,256,6,2e-05,8,0.01,0.1,linear,1.0,2,f1_macro,32.0,10000,0,1,0,1,4.0,2.0,False,,,,151.87592709506862,6.43624210357666,6.74609375,3,0.7715247715247715,5,2495,2.0,2994,0,299,0.2038591005886585,15,positive_class_equal_width,0.1981247597745478,0.9801337665560228,0.463878136758407,0.5,0.45789473684210524,0.7719298245614035,0.7715247715247715,0.7738719636945282,0.7719298245614035,570.0,0.7811447811447811,0.7508090614886731,0.8140350877192982,285.0,0.7619047619047619,0.7969348659003831,0.7298245614035088,285.0,0.7715247715247715,0.773871963694528,0.7719298245614035,570.0,0.8,0.7994444444444444,0.8033613445378152,0.8,570.0,0.7888888888888889,0.8352941176470589,0.7473684210526316,285.0,0.81,0.7714285714285715,0.8526315789473684,285.0,0.7994444444444444,0.803361344537815,0.8,570.0,0.7719298245614035,0.7715247715247715,0.7811447811447811,0.7619047619047619,0.7715247715247715,77,53,0.7738719636945282,0.7508090614886731,0.7969348659003831,0.773871963694528,0.7719298245614035,0.8140350877192982,0.7298245614035088,0.7719298245614035,232,208,0.8,0.7994444444444444,0.7888888888888889,0.81,0.7994444444444444,42,72,0.8033613445378152,0.8352941176470589,0.7714285714285715,0.803361344537815,0.5526315789473685,0.8,0.7473684210526316,0.8526315789473684,0.8,213,243,15.640625,6.892545465837445,8.556640625,-11.828125,285,0.5789473684210527,0.8526315789473684,0,6.1336024123515545,15.640625,6.892545465837445,8.556640625,-11.828125,285,0.6210526315789474,0.8526315789473684,0,6.1336024123515545,421,>,0.7715247715247715,validation,f1_macro,0.03622005586497474,-3.28125,closest_to_zero_then_lower,0.7994444444444444,0.23667454887796927,15.0,positive_class_equal_width,0.22560008878242294,1.163230111544818,0.46500364204379346,0.5,0.4631578947368421,0.7368421052631579,0.7364844248425841,0.7381350267379679,0.7368421052631579,1140.0,0.7461928934010152,0.7205882352941176,0.7736842105263158,570.0,0.726775956284153,0.7556818181818182,0.7,570.0,0.7364844248425841,0.7381350267379679,0.7368421052631579,1140.0,0.7359649122807017,0.7346908321664751,0.740586332097948,0.7359649122807017,1140.0,0.7163053722902922,0.7739307535641547,0.6666666666666666,570.0,0.7530762920426579,0.7072419106317411,0.8052631578947368,570.0,0.734690832166475,0.740586332097948,0.7359649122807017,1140.0,0.7368421052631579,0.7364844248425841,0.7461928934010152,0.726775956284153,0.7364844248425841,171.0,129.0,0.7381350267379679,0.7205882352941176,0.7556818181818182,0.7381350267379679,0.7368421052631579,0.7736842105263158,0.7,0.7368421052631579,441.0,399.0,0.7359649122807017,0.7346908321664751,0.7163053722902922,0.7530762920426579,0.734690832166475,111.0,190.0,0.740586332097948,0.7739307535641547,0.7072419106317411,0.740586332097948,0.5692982456140351,0.7359649122807017,0.6666666666666666,0.8052631578947368,0.7359649122807017,380.0,459.0,16.265625,5.907326293409916,5.5166015625,-12.296875,570.0,0.5017543859649123,0.8315789473684211,3.0,5.873628649125847,16.265625,5.907326293409916,5.5166015625,-12.296875,570.0,0.5017543859649123,0.8315789473684211,3.0,5.873628649125847,
true_pair,101,21,2.0,full,confirmation,155635dda4c62ada6b77fb932e21060c67fd9432f08943e186821084eae6127e,3f9615a159c4725dd6fe86c0856a340b67c8067d907386ca2161e98b6cf5cf2e,19cfd33b81c6deff489e458f0eee040d005eaea9718d148a3418985c56da9eda,bb43d0ad549b7e57213aab7dca185a96972dab5a6e0ad093afcd5ecde5eef177,/workspace/pair-aware/results_v3/bf16/true_pair/lambda_2p0/split_101/model_seed_21,True,v3,full,1,validation,f1_macro,>,closest_to_zero_then_lower,15,positive_class_equal_width,true_pair,neuralmind/bert-large-portuguese-cased,aa302f6ea73b759f7df9cad58bd272127b67ec28,bf16,256,6,2e-05,8,0.01,0.1,linear,1.0,2,f1_macro,32.0,10000,0,1,0,1,4.0,2.0,False,,,,180.638888560934,6.43624210357666,6.74609375,5,0.753170429941231,6,2994,2.0,2994,0,299,0.23186521812215583,15,positive_class_equal_width,0.2296567269927776,1.448424974389276,0.4294211284772519,0.5,0.4298245614035088,0.7543859649122807,0.753170429941231,0.7594976452119309,0.7543859649122807,570.0,0.7704918032786885,0.7230769230769231,0.8245614035087719,285.0,0.7358490566037735,0.7959183673469388,0.6842105263157895,285.0,0.753170429941231,0.759497645211931,0.7543859649122807,570.0,0.7701754385964912,0.770174731224165,0.7701787648970748,0.7701754385964912,570.0,0.7705779334500875,0.7692307692307693,0.7719298245614035,285.0,0.7697715289982425,0.7711267605633803,0.7684210526315789,285.0,0.770174731224165,0.7701787648970748,0.7701754385964912,570.0,0.7543859649122807,0.753170429941231,0.7704918032786885,0.7358490566037735,0.753170429941231,90,50,0.7594976452119309,0.7230769230769231,0.7959183673469388,0.759497645211931,0.7543859649122807,0.8245614035087719,0.6842105263157895,0.7543859649122807,235,195,0.7701754385964912,0.770174731224165,0.7705779334500875,0.7697715289982425,0.770174731224165,66,65,0.7701787648970748,0.7692307692307693,0.7711267605633803,0.7701787648970748,0.4982456140350877,0.7701754385964912,0.7719298245614035,0.7684210526315789,0.7701754385964912,220,219,18.0,8.08314538252981,9.857421875,-16.71875,285,0.5508771929824562,0.8526315789473684,1,7.928698334199842,18.0,8.08314538252981,9.857421875,-16.71875,285,0.5684210526315789,0.8526315789473684,1,7.928698334199842,365,>,0.753170429941231,validation,f1_macro,0.010489091259938013,-4.546875,closest_to_zero_then_lower,0.770174731224165,0.25916552839564283,15.0,positive_class_equal_width,0.2548757271577055,1.6891171062041062,0.41887227247978337,0.5,0.4166666666666667,0.7236842105263158,0.7217519322782481,0.7300751879699248,0.7236842105263157,1140.0,0.7449392712550608,0.6917293233082706,0.8070175438596491,570.0,0.6985645933014354,0.7684210526315789,0.6403508771929824,570.0,0.7217519322782481,0.7300751879699248,0.7236842105263158,1140.0,0.7271929824561404,0.7271877344516476,0.7272104655636784,0.7271929824561404,1140.0,0.7259911894273128,0.7292035398230089,0.7228070175438597,570.0,0.7283842794759825,0.7252173913043478,0.7315789473684211,570.0,0.7271877344516476,0.7272104655636783,0.7271929824561404,1140.0,0.7236842105263158,0.7217519322782481,0.7449392712550608,0.6985645933014354,0.7217519322782481,205.0,110.0,0.7300751879699248,0.6917293233082706,0.7684210526315789,0.7300751879699248,0.7236842105263157,0.8070175438596491,0.6403508771929824,0.7236842105263158,460.0,365.0,0.7271929824561404,0.7271877344516476,0.7259911894273128,0.7283842794759825,0.7271877344516476,153.0,158.0,0.7272104655636784,0.7292035398230089,0.7252173913043478,0.7272104655636783,0.5043859649122807,0.7271929824561404,0.7228070175438597,0.7315789473684211,0.7271929824561404,412.0,417.0,18.15625,7.100369610702782,6.13330078125,-15.890625,570.0,0.4842105263157895,0.8070175438596491,4.0,7.680065578471908,18.15625,7.100369610702782,6.13330078125,-15.890625,570.0,0.49298245614035086,0.8070175438596491,4.0,7.680065578471908,
true_pair,101,40,2.0,full,confirmation,0ff41de4883e106225606440426b335b650b1b5176770e5d7f508268b6e64bb5,3f9615a159c4725dd6fe86c0856a340b67c8067d907386ca2161e98b6cf5cf2e,19cfd33b81c6deff489e458f0eee040d005eaea9718d148a3418985c56da9eda,bb43d0ad549b7e57213aab7dca185a96972dab5a6e0ad093afcd5ecde5eef177,/workspace/pair-aware/results_v3/bf16/true_pair/lambda_2p0/split_101/model_seed_40,True,v3,full,1,validation,f1_macro,>,closest_to_zero_then_lower,15,positive_class_equal_width,true_pair,neuralmind/bert-large-portuguese-cased,aa302f6ea73b759f7df9cad58bd272127b67ec28,bf16,256,6,2e-05,8,0.01,0.1,linear,1.0,2,f1_macro,32.0,10000,0,1,0,1,4.0,2.0,False,,,,121.14190310693812,6.43624210357666,6.74609375,2,0.7404878048780488,4,1996,2.0,2994,0,299,0.20916888543760254,15,positive_class_equal_width,0.1879702113855565,0.7679803661248156,0.42990872103064165,0.5,0.42105263157894735,0.7421052631578947,0.7404878048780488,0.7482954545454545,0.7421052631578947,570.0,0.7609756097560976,0.7090909090909091,0.8210526315789474,285.0,0.72,0.7875,0.6631578947368421,285.0,0.7404878048780488,0.7482954545454547,0.7421052631578947,570.0,0.7736842105263158,0.771710479336585,0.7834880636604774,0.7736842105263158,570.0,0.7504835589941973,0.8362068965517241,0.6807017543859649,285.0,0.7929373996789727,0.7307692307692307,0.8666666666666667,285.0,0.771710479336585,0.7834880636604774,0.7736842105263158,570.0,0.7421052631578947,0.7404878048780488,0.7609756097560976,0.72,0.7404878048780488,96,51,0.7482954545454545,0.7090909090909091,0.7875,0.7482954545454547,0.7421052631578947,0.8210526315789474,0.6631578947368421,0.7421052631578947,234,189,0.7736842105263158,0.771710479336585,0.7504835589941973,0.7929373996789727,0.771710479336585,38,91,0.7834880636604774,0.8362068965517241,0.7307692307692307,0.7834880636604774,0.5929824561403508,0.7736842105263158,0.6807017543859649,0.8666666666666667,0.7736842105263158,194,247,10.859375,4.43546860008909,4.3974609375,-9.328125,285,0.5157894736842106,0.8526315789473684,0,4.28131337817165,10.859375,4.43546860008909,4.3974609375,-9.328125,285,0.5719298245614035,0.8526315789473684,0,4.28131337817165,422,>,0.7404878048780488,validation,f1_macro,0.05921025074128593,-2.765625,closest_to_zero_then_lower,0.771710479336585,0.23070723143546573,15.0,positive_class_equal_width,0.20837901018587046,0.8781223450204322,0.4300712624858825,0.5,0.42543859649122806,0.7289473684210527,0.7274320533900764,0.7341544030849139,0.7289473684210527,1140.0,0.7477551020408163,0.6992366412213741,0.8035087719298246,570.0,0.7071090047393365,0.7690721649484537,0.6543859649122807,570.0,0.7274320533900763,0.7341544030849139,0.7289473684210527,1140.0,0.7192982456140351,0.7176155856380277,0.724652852224142,0.7192982456140351,1140.0,0.6958174904942965,0.7593360995850622,0.6421052631578947,570.0,0.739413680781759,0.6899696048632219,0.7964912280701755,570.0,0.7176155856380277,0.724652852224142,0.7192982456140351,1140.0,0.7289473684210527,0.7274320533900764,0.7477551020408163,0.7071090047393365,0.7274320533900763,197.0,112.0,0.7341544030849139,0.6992366412213741,0.7690721649484537,0.7341544030849139,0.7289473684210527,0.8035087719298246,0.6543859649122807,0.7289473684210527,458.0,373.0,0.7192982456140351,0.7176155856380277,0.6958174904942965,0.739413680781759,0.7176155856380277,116.0,204.0,0.724652852224142,0.7593360995850622,0.6899696048632219,0.724652852224142,0.5771929824561404,0.7192982456140351,0.6421052631578947,0.7964912280701755,0.7192982456140351,366.0,454.0,11.15625,4.034356756377639,3.375732421875,-7.6953125,570.0,0.4807017543859649,0.8315789473684211,2.0,4.105199318429127,11.15625,4.034356756377639,3.375732421875,-7.6953125,570.0,0.47719298245614034,0.8315789473684211,2.0,4.105199318429127,
true_pair,101,42,2.0,full,confirmation,369a489deaa2f25d7216c8970cc09bbd741b40e373746b429c35e7851d2b9811,3f9615a159c4725dd6fe86c0856a340b67c8067d907386ca2161e98b6cf5cf2e,19cfd33b81c6deff489e458f0eee040d005eaea9718d148a3418985c56da9eda,bb43d0ad549b7e57213aab7dca185a96972dab5a6e0ad093afcd5ecde5eef177,/workspace/pair-aware/results_v3/bf16/true_pair/lambda_2p0/split_101/model_seed_42,True,v3,full,1,validation,f1_macro,>,closest_to_zero_then_lower,15,positive_class_equal_width,true_pair,neuralmind/bert-large-portuguese-cased,aa302f6ea73b759f7df9cad58bd272127b67ec28,bf16,256,6,2e-05,8,0.01,0.1,linear,1.0,2,f1_macro,32.0,10000,0,1,0,1,4.0,2.0,False,,,,180.01201683701947,6.43624210357666,6.74609375,4,0.7621557130537723,6,2994,2.0,2994,0,299,0.21706381098179503,15,positive_class_equal_width,0.2116744206078497,1.2039511101663518,0.4364599800002663,0.5,0.43508771929824563,0.7631578947368421,0.7621557130537723,0.7676693047485474,0.763157894736842,570.0,0.7775947281713345,0.7329192546583851,0.8280701754385965,285.0,0.7467166979362101,0.8024193548387096,0.6982456140350877,285.0,0.7621557130537723,0.7676693047485474,0.7631578947368421,570.0,0.7824561403508772,0.7822389825495415,0.7835873474987949,0.7824561403508772,570.0,0.7753623188405797,0.8014981273408239,0.7508771929824561,285.0,0.7891156462585034,0.7656765676567657,0.8140350877192982,285.0,0.7822389825495415,0.7835873474987949,0.7824561403508772,570.0,0.7631578947368421,0.7621557130537723,0.7775947281713345,0.7467166979362101,0.7621557130537723,86,49,0.7676693047485474,0.7329192546583851,0.8024193548387096,0.7676693047485474,0.763157894736842,0.8280701754385965,0.6982456140350877,0.7631578947368421,236,199,0.7824561403508772,0.7822389825495415,0.7753623188405797,0.7891156462585034,0.7822389825495415,53,71,0.7835873474987949,0.8014981273408239,0.7656765676567657,0.7835873474987949,0.531578947368421,0.7824561403508772,0.7508771929824561,0.8140350877192982,0.7824561403508772,214,232,18.09375,7.884670324492872,8.78125,-15.59375,285,0.5578947368421052,0.8421052631578947,2,7.210480134554929,18.09375,7.884670324492872,8.78125,-15.59375,285,0.5859649122807018,0.8421052631578947,2,7.210480134554929,409,>,0.7621557130537723,validation,f1_macro,0.024053552894426178,-3.703125,closest_to_zero_then_lower,0.7822389825495415,0.24936448656065588,15.0,positive_class_equal_width,0.24085103801426033,1.474680140022174,0.4489279662181294,0.5,0.4535087719298246,0.7289473684210527,0.7283602369232975,0.7309440499734547,0.7289473684210526,1140.0,0.740989103101425,0.709470304975923,0.775438596491228,570.0,0.7157313707451702,0.7524177949709865,0.6824561403508772,570.0,0.7283602369232977,0.7309440499734547,0.7289473684210527,1140.0,0.7333333333333333,0.7331485331485332,0.7339814814814816,0.7333333333333334,1140.0,0.7261261261261261,0.7462962962962963,0.7070175438596491,570.0,0.7401709401709402,0.7216666666666667,0.7596491228070176,570.0,0.7331485331485332,0.7339814814814816,0.7333333333333333,1140.0,0.7289473684210527,0.7283602369232975,0.740989103101425,0.7157313707451702,0.7283602369232977,181.0,128.0,0.7309440499734547,0.709470304975923,0.7524177949709865,0.7309440499734547,0.7289473684210526,0.775438596491228,0.6824561403508772,0.7289473684210527,442.0,389.0,0.7333333333333333,0.7331485331485332,0.7261261261261261,0.7401709401709402,0.7331485331485332,137.0,167.0,0.7339814814814816,0.7462962962962963,0.7216666666666667,0.7339814814814816,0.5263157894736842,0.7333333333333334,0.7070175438596491,0.7596491228070176,0.7333333333333333,403.0,433.0,17.890625,6.921877596671121,5.99609375,-14.125,570.0,0.49298245614035086,0.8140350877192982,1.0,7.181205914760949,17.890625,6.921877596671121,5.99609375,-14.125,570.0,0.49298245614035086,0.8140350877192982,1.0,7.181205914760949,
true_pair,101,73,2.0,full,confirmation,dc183475d6a8afc46f639db18e660091a16f3d177ce4e8851aad3ea183891240,3f9615a159c4725dd6fe86c0856a340b67c8067d907386ca2161e98b6cf5cf2e,19cfd33b81c6deff489e458f0eee040d005eaea9718d148a3418985c56da9eda,bb43d0ad549b7e57213aab7dca185a96972dab5a6e0ad093afcd5ecde5eef177,/workspace/pair-aware/results_v3/bf16/true_pair/lambda_2p0/split_101/model_seed_73,True,v3,full,1,validation,f1_macro,>,closest_to_zero_then_lower,15,positive_class_equal_width,true_pair,neuralmind/bert-large-portuguese-cased,aa302f6ea73b759f7df9cad58bd272127b67ec28,bf16,256,6,2e-05,8,0.01,0.1,linear,1.0,2,f1_macro,32.0,10000,0,1,0,1,4.0,2.0,False,,,,151.32276929798536,6.43624210357666,6.74609375,3,0.7659744581541587,5,2495,2.0,2994,0,299,0.2197553314792804,15,positive_class_equal_width,0.21541093232913497,1.1510036520519624,0.44134612727375144,0.5,0.4456140350877193,0.7666666666666667,0.7659744581541587,0.7698594637695604,0.7666666666666666,570.0,0.778702163061564,0.740506329113924,0.8210526315789474,285.0,0.7532467532467533,0.7992125984251969,0.712280701754386,285.0,0.7659744581541588,0.7698594637695604,0.7666666666666667,570.0,0.7771929824561403,0.777038577038577,0.777962962962963,0.7771929824561403,570.0,0.7711711711711712,0.7925925925925926,0.7508771929824561,285.0,0.7829059829059829,0.7633333333333333,0.8035087719298246,285.0,0.777038577038577,0.777962962962963,0.7771929824561403,570.0,0.7666666666666667,0.7659744581541587,0.778702163061564,0.7532467532467533,0.7659744581541588,82,51,0.7698594637695604,0.740506329113924,0.7992125984251969,0.7698594637695604,0.7666666666666666,0.8210526315789474,0.712280701754386,0.7666666666666667,234,203,0.7771929824561403,0.777038577038577,0.7711711711711712,0.7829059829059829,0.777038577038577,56,71,0.777962962962963,0.7925925925925926,0.7633333333333333,0.777962962962963,0.5263157894736842,0.7771929824561403,0.7508771929824561,0.8035087719298246,0.7771929824561403,214,229,15.75,6.796873929207785,8.3359375,-13.53125,285,0.5614035087719298,0.8280701754385965,1,6.585011905582725,15.75,6.796873929207785,8.3359375,-13.53125,285,0.5824561403508772,0.8280701754385965,1,6.585011905582725,400,>,0.7659744581541587,validation,f1_macro,0.03258974476602535,-3.390625,closest_to_zero_then_lower,0.777038577038577,0.24737453547795726,15.0,positive_class_equal_width,0.2385830846886914,1.285286572035081,0.4409170419176229,0.5,0.437719298245614,0.7271929824561404,0.7261306746158345,0.7307735595996986,0.7271929824561403,1140.0,0.7431874483897605,0.7020280811232449,0.7894736842105263,570.0,0.7090739008419084,0.7595190380761523,0.6649122807017543,570.0,0.7261306746158345,0.7307735595996986,0.7271929824561404,1140.0,0.7289473684210527,0.7286615402035539,0.7299161440480202,0.7289473684210526,1140.0,0.7198549410698096,0.7448405253283302,0.6964912280701754,570.0,0.7374681393372983,0.71499176276771,0.7614035087719299,570.0,0.7286615402035539,0.7299161440480202,0.7289473684210527,1140.0,0.7271929824561404,0.7261306746158345,0.7431874483897605,0.7090739008419084,0.7261306746158345,191.0,120.0,0.7307735595996986,0.7020280811232449,0.7595190380761523,0.7307735595996986,0.7271929824561403,0.7894736842105263,0.6649122807017543,0.7271929824561404,450.0,379.0,0.7289473684210527,0.7286615402035539,0.7198549410698096,0.7374681393372983,0.7286615402035539,136.0,173.0,0.7299161440480202,0.7448405253283302,0.71499176276771,0.7299161440480202,0.5324561403508772,0.7289473684210526,0.6964912280701754,0.7614035087719299,0.7289473684210527,397.0,434.0,15.5,5.994263926723547,5.3681640625,-14.0,570.0,0.48771929824561405,0.8280701754385965,1.0,6.209186259486054,15.5,5.994263926723547,5.3681640625,-14.0,570.0,0.49298245614035086,0.8280701754385965,1.0,6.209186259486054,
true_pair,101,101,2.0,full,confirmation,b9d68dbb7afa7c382d03a3a7652e5ab4e2dded11412acd26c24a1b5342a87ff9,3f9615a159c4725dd6fe86c0856a340b67c8067d907386ca2161e98b6cf5cf2e,19cfd33b81c6deff489e458f0eee040d005eaea9718d148a3418985c56da9eda,bb43d0ad549b7e57213aab7dca185a96972dab5a6e0ad093afcd5ecde5eef177,/workspace/pair-aware/results_v3/bf16/true_pair/lambda_2p0/split_101/model_seed_101,True,v3,full,1,validation,f1_macro,>,closest_to_zero_then_lower,15,positive_class_equal_width,true_pair,neuralmind/bert-large-portuguese-cased,aa302f6ea73b759f7df9cad58bd272127b67ec28,bf16,256,6,2e-05,8,0.01,0.1,linear,1.0,2,f1_macro,32.0,10000,0,1,0,1,4.0,2.0,False,,,,151.61326970602386,6.43624210357666,6.74609375,3,0.7555919560972449,5,2495,2.0,2994,0,299,0.22896962045769156,15,positive_class_equal_width,0.23078098725674,1.1987903640260646,0.4550742369704823,0.5,0.45263157894736844,0.756140350877193,0.7555919560972449,0.7584600477042337,0.756140350877193,570.0,0.7671691792294807,0.7339743589743589,0.8035087719298246,285.0,0.7440147329650092,0.7829457364341085,0.7087719298245614,285.0,0.7555919560972449,0.7584600477042337,0.756140350877193,570.0,0.7824561403508772,0.782413279316332,0.7826788728576533,0.7824561403508772,570.0,0.7793594306049823,0.7906137184115524,0.7684210526315789,285.0,0.7854671280276817,0.7747440273037542,0.7964912280701755,285.0,0.782413279316332,0.7826788728576533,0.7824561403508772,570.0,0.756140350877193,0.7555919560972449,0.7671691792294807,0.7440147329650092,0.7555919560972449,83,56,0.7584600477042337,0.7339743589743589,0.7829457364341085,0.7584600477042337,0.756140350877193,0.8035087719298246,0.7087719298245614,0.756140350877193,229,202,0.7824561403508772,0.782413279316332,0.7793594306049823,0.7854671280276817,0.782413279316332,58,66,0.7826788728576533,0.7906137184115524,0.7747440273037542,0.7826788728576533,0.5140350877192983,0.7824561403508772,0.7684210526315789,0.7964912280701755,0.7824561403508772,219,227,15.609375,6.644067168654057,7.9638671875,-14.375,285,0.543859649122807,0.8385964912280702,1,6.550876523788065,15.609375,6.644067168654057,7.9638671875,-14.375,285,0.5929824561403508,0.8385964912280702,1,6.550876523788065,375,>,0.7555919560972449,validation,f1_macro,0.03161876726864549,-3.421875,closest_to_zero_then_lower,0.782413279316332,0.25221010497994584,15.0,positive_class_equal_width,0.24955076382614982,1.3807008292932754,0.4442488391698577,0.5,0.4412280701754386,0.7289473684210527,0.7280078695957335,0.7321549509848289,0.7289473684210526,1140.0,0.743993371996686,0.7048665620094191,0.787719298245614,570.0,0.712022367194781,0.7594433399602386,0.6701754385964912,570.0,0.7280078695957335,0.7321549509848289,0.7289473684210527,1140.0,0.7394736842105263,0.7394638609796769,0.7395098060341511,0.7394736842105263,1140.0,0.7378640776699029,0.7424511545293073,0.7333333333333333,570.0,0.7410636442894507,0.7365684575389948,0.7456140350877193,570.0,0.7394638609796768,0.7395098060341511,0.7394736842105263,1140.0,0.7289473684210527,0.7280078695957335,0.743993371996686,0.712022367194781,0.7280078695957335,188.0,121.0,0.7321549509848289,0.7048665620094191,0.7594433399602386,0.7321549509848289,0.7289473684210526,0.787719298245614,0.6701754385964912,0.7289473684210527,449.0,382.0,0.7394736842105263,0.7394638609796769,0.7378640776699029,0.7410636442894507,0.7394638609796768,145.0,152.0,0.7395098060341511,0.7424511545293073,0.7365684575389948,0.7395098060341511,0.506140350877193,0.7394736842105263,0.7333333333333333,0.7456140350877193,0.7394736842105263,418.0,425.0,15.296875,6.091762793691535,5.75244140625,-13.46875,570.0,0.48596491228070177,0.8105263157894737,2.0,6.442243646814933,15.296875,6.091762793691535,5.75244140625,-13.46875,570.0,0.512280701754386,0.8105263157894737,2.0,6.442243646814933,
shuffled_pair,13,13,2.0,full,confirmation,72558f1d8b30ebcf8ca0a53127ca2e96041fc5a21ad0fd24abf876936bf74525,c0b97e88ea4a885633c62f25bd2bb94a29e8bea9af7fcebc624780e2bc181e99,9ce99da3bd3c0afda70f6d676fc22c54e49d0829cdc88be60b0a15fded3d53d6,bb43d0ad549b7e57213aab7dca185a96972dab5a6e0ad093afcd5ecde5eef177,/workspace/pair-aware/results_v3/bf16/shuffled_pair/lambda_2p0/split_13/model_seed_13,True,v3,full,1,validation,f1_macro,>,closest_to_zero_then_lower,15,positive_class_equal_width,shuffled_pair,neuralmind/bert-large-portuguese-cased,aa302f6ea73b759f7df9cad58bd272127b67ec28,bf16,256,6,2e-05,8,0.01,0.1,linear,1.0,2,f1_macro,32.0,10000,0,1,0,1,4.0,2.0,False,,,,180.72428130800836,6.43624210357666,6.74609375,4,0.7997016176760703,6,2994,2.0,2994,0,299,0.18500895457203245,15,positive_class_equal_width,0.17874410399934165,0.9523292065283148,0.4529505160915548,0.5,0.4614035087719298,0.8,0.7997016176760703,0.8017983428493578,0.8,570.0,0.8074324324324325,0.7785016286644951,0.8385964912280702,285.0,0.791970802919708,0.8250950570342205,0.7614035087719299,285.0,0.7997016176760703,0.8017983428493578,0.8,570.0,0.8087719298245614,0.8087430852914106,0.8089583128018134,0.8087719298245615,570.0,0.8063943161634103,0.8165467625899281,0.7964912280701755,285.0,0.8110918544194108,0.8013698630136986,0.8210526315789474,285.0,0.8087430852914106,0.8089583128018134,0.8087719298245614,570.0,0.8,0.7997016176760703,0.8074324324324325,0.791970802919708,0.7997016176760703,68,46,0.8017983428493578,0.7785016286644951,0.8250950570342205,0.8017983428493578,0.8,0.8385964912280702,0.7614035087719299,0.8,239,217,0.8087719298245614,0.8087430852914106,0.8063943161634103,0.8110918544194108,0.8087430852914106,51,58,0.8089583128018134,0.8165467625899281,0.8013698630136986,0.8089583128018134,0.512280701754386,0.8087719298245615,0.7964912280701755,0.8210526315789474,0.8087719298245614,227,234,16.5625,7.743819280256305,9.6484375,-12.296875,285,0.6140350877192983,0.887719298245614,1,6.218292730412743,16.5625,7.743819280256305,9.6484375,-12.296875,285,0.631578947368421,0.887719298245614,1,6.218292730412743,406,>,0.7997016176760703,validation,f1_macro,0.051845466649779834,-2.90625,closest_to_zero_then_lower,0.8087430852914106,0.20544252839376154,15.0,positive_class_equal_width,0.19423692217108163,1.0128042259698746,0.45860562746741923,0.5,0.4614035087719298,0.7684210526315789,0.7680755573091339,0.7700300962336359,0.7684210526315789,1140.0,0.777027027027027,0.749185667752443,0.8070175438596491,570.0,0.7591240875912408,0.7908745247148289,0.7298245614035088,570.0,0.7680755573091338,0.770030096233636,0.7684210526315789,1140.0,0.7780701754385965,0.7777827429908954,0.7795163650651725,0.7780701754385965,1140.0,0.7697907188353048,0.7996219281663516,0.7421052631578947,570.0,0.785774767146486,0.7594108019639935,0.8140350877192982,570.0,0.7777827429908953,0.7795163650651725,0.7780701754385965,1140.0,0.7684210526315789,0.7680755573091339,0.777027027027027,0.7591240875912408,0.7680755573091338,154.0,110.0,0.7700300962336359,0.749185667752443,0.7908745247148289,0.770030096233636,0.7684210526315789,0.8070175438596491,0.7298245614035088,0.7684210526315789,460.0,416.0,0.7780701754385965,0.7777827429908954,0.7697907188353048,0.785774767146486,0.7777827429908953,106.0,147.0,0.7795163650651725,0.7996219281663516,0.7594108019639935,0.7795163650651725,0.5359649122807018,0.7780701754385965,0.7421052631578947,0.8140350877192982,0.7780701754385965,423.0,464.0,16.75,7.049729290343167,7.6103515625,-13.375,570.0,0.5684210526315789,0.856140350877193,2.0,6.2710956117396295,16.75,7.049729290343167,7.6103515625,-13.375,570.0,0.5789473684210527,0.856140350877193,2.0,6.2710956117396295,
shuffled_pair,13,21,2.0,full,confirmation,a7bc88a4c0ef7d8838de78612187fadbe5d3618b9797489f13d848eeeb34a7ad,c0b97e88ea4a885633c62f25bd2bb94a29e8bea9af7fcebc624780e2bc181e99,9ce99da3bd3c0afda70f6d676fc22c54e49d0829cdc88be60b0a15fded3d53d6,bb43d0ad549b7e57213aab7dca185a96972dab5a6e0ad093afcd5ecde5eef177,/workspace/pair-aware/results_v3/bf16/shuffled_pair/lambda_2p0/split_13/model_seed_21,True,v3,full,1,validation,f1_macro,>,closest_to_zero_then_lower,15,positive_class_equal_width,shuffled_pair,neuralmind/bert-large-portuguese-cased,aa302f6ea73b759f7df9cad58bd272127b67ec28,bf16,256,6,2e-05,8,0.01,0.1,linear,1.0,2,f1_macro,32.0,10000,0,1,0,1,4.0,2.0,False,,,,91.34154118294828,6.43624210357666,6.74609375,1,0.7717499784379197,3,1497,2.0,2994,0,299,0.17012556763041986,15,positive_class_equal_width,0.07816909980980981,0.5359445201824006,0.44364909894010573,0.5,0.47192982456140353,0.7719298245614035,0.7717499784379197,0.7727895861379046,0.7719298245614035,570.0,0.7781569965870307,0.7574750830564784,0.8,285.0,0.7653429602888087,0.7881040892193308,0.743859649122807,285.0,0.7717499784379197,0.7727895861379047,0.7719298245614035,570.0,0.7771929824561403,0.7771374211483935,0.7774696835255841,0.7771929824561403,570.0,0.7806563039723662,0.7687074829931972,0.7929824561403509,285.0,0.7736185383244206,0.7862318840579711,0.7614035087719299,285.0,0.7771374211483935,0.7774696835255841,0.7771929824561403,570.0,0.7719298245614035,0.7717499784379197,0.7781569965870307,0.7653429602888087,0.7717499784379197,73,57,0.7727895861379046,0.7574750830564784,0.7881040892193308,0.7727895861379047,0.7719298245614035,0.8,0.743859649122807,0.7719298245614035,228,212,0.7771929824561403,0.7771374211483935,0.7806563039723662,0.7736185383244206,0.7771374211483935,68,59,0.7774696835255841,0.7687074829931972,0.7862318840579711,0.7774696835255841,0.4842105263157895,0.7771929824561403,0.7929824561403509,0.7614035087719299,0.7771929824561403,226,217,6.3203125,2.4557587473016036,2.66796875,-5.8203125,285,0.5649122807017544,0.8771929824561403,1,2.209332145981106,6.3203125,2.4557587473016036,2.66796875,-5.8203125,285,0.5719298245614035,0.8771929824561403,1,2.209332145981106,469,>,0.7717499784379197,validation,f1_macro,0.46952026110372924,-0.1220703125,closest_to_zero_then_lower,0.7771374211483935,0.17416013650257942,15.0,positive_class_equal_width,0.07045191321070692,0.5387734505018622,0.46356537259463426,0.5,0.49122807017543857,0.7578947368421053,0.7578761061946903,0.7579741379310345,0.7578947368421053,1140.0,0.76,0.753448275862069,0.7666666666666667,570.0,0.7557522123893805,0.7625,0.7491228070175439,570.0,0.7578761061946903,0.7579741379310345,0.7578947368421053,1140.0,0.762280701754386,0.762276128734394,0.7623008849557522,0.762280701754386,1140.0,0.7612334801762115,0.7646017699115044,0.7578947368421053,570.0,0.7633187772925765,0.76,0.7666666666666667,570.0,0.762276128734394,0.7623008849557522,0.762280701754386,1140.0,0.7578947368421053,0.7578761061946903,0.76,0.7557522123893805,0.7578761061946903,143.0,133.0,0.7579741379310345,0.753448275862069,0.7625,0.7579741379310345,0.7578947368421053,0.7666666666666667,0.7491228070175439,0.7578947368421053,437.0,427.0,0.762280701754386,0.762276128734394,0.7612334801762115,0.7633187772925765,0.762276128734394,133.0,138.0,0.7623008849557522,0.7646017699115044,0.76,0.7623008849557522,0.5043859649122807,0.762280701754386,0.7578947368421053,0.7666666666666667,0.762280701754386,432.0,437.0,6.6640625,2.2491545693916186,2.0185546875,-5.02734375,570.0,0.5368421052631579,0.8421052631578947,0.0,2.207575083386871,6.6640625,2.2491545693916186,2.0185546875,-5.02734375,570.0,0.5456140350877193,0.8421052631578947,0.0,2.207575083386871,
shuffled_pair,13,40,2.0,full,confirmation,bf71e9aeb5d4cb9d249562cb690ac2c69c0ae423c462d75493f99fd936993637,c0b97e88ea4a885633c62f25bd2bb94a29e8bea9af7fcebc624780e2bc181e99,9ce99da3bd3c0afda70f6d676fc22c54e49d0829cdc88be60b0a15fded3d53d6,bb43d0ad549b7e57213aab7dca185a96972dab5a6e0ad093afcd5ecde5eef177,/workspace/pair-aware/results_v3/bf16/shuffled_pair/lambda_2p0/split_13/model_seed_40,True,v3,full,1,validation,f1_macro,>,closest_to_zero_then_lower,15,positive_class_equal_width,shuffled_pair,neuralmind/bert-large-portuguese-cased,aa302f6ea73b759f7df9cad58bd272127b67ec28,bf16,256,6,2e-05,8,0.01,0.1,linear,1.0,2,f1_macro,32.0,10000,0,1,0,1,4.0,2.0,False,,,,180.7981556300074,6.43624210357666,6.74609375,6,0.8082046311188218,6,2994,2.0,2994,0,299,0.18020928520189886,15,positive_class_equal_width,0.1760610242416312,1.1558844679944162,0.4434313760444335,0.5,0.4456140350877193,0.8087719298245614,0.8082046311188218,0.8124688527858068,0.8087719298245615,570.0,0.8186356073211315,0.7784810126582279,0.8631578947368421,285.0,0.7977736549165121,0.8464566929133859,0.7543859649122807,285.0,0.8082046311188219,0.8124688527858068,0.8087719298245614,570.0,0.8175438596491228,0.8175416133162612,0.817559498159343,0.8175438596491228,570.0,0.8181818181818182,0.8153310104529616,0.8210526315789474,285.0,0.8169014084507042,0.8197879858657244,0.8140350877192982,285.0,0.8175416133162613,0.817559498159343,0.8175438596491228,570.0,0.8087719298245614,0.8082046311188218,0.8186356073211315,0.7977736549165121,0.8082046311188219,70,39,0.8124688527858068,0.7784810126582279,0.8464566929133859,0.8124688527858068,0.8087719298245615,0.8631578947368421,0.7543859649122807,0.8087719298245614,246,215,0.8175438596491228,0.8175416133162612,0.8181818181818182,0.8169014084507042,0.8175416133162613,53,51,0.817559498159343,0.8153310104529616,0.8197879858657244,0.817559498159343,0.4964912280701754,0.8175438596491228,0.8210526315789474,0.8140350877192982,0.8175438596491228,234,232,19.53125,9.684832014117324,11.703125,-17.25,285,0.6385964912280702,0.887719298245614,1,7.645985162090631,19.53125,9.684832014117324,11.703125,-17.25,285,0.656140350877193,0.887719298245614,1,7.645985162090631,353,>,0.8082046311188218,validation,f1_macro,0.029312230751356323,-3.5,closest_to_zero_then_lower,0.8175416133162612,0.21858361504812718,15.0,positive_class_equal_width,0.2130279376613161,1.3275456379387982,0.45525756331092937,0.5,0.45964912280701753,0.7631578947368421,0.7627716411146496,0.7648830177456132,0.7631578947368421,1140.0,0.7723440134907251,0.7435064935064936,0.8035087719298246,570.0,0.753199268738574,0.7862595419847328,0.7228070175438597,570.0,0.7627716411146496,0.7648830177456132,0.7631578947368421,1140.0,0.7666666666666667,0.7665049665049666,0.7674074074074073,0.7666666666666666,1140.0,0.7603603603603604,0.7814814814814814,0.7403508771929824,570.0,0.7726495726495727,0.7533333333333333,0.7929824561403509,570.0,0.7665049665049665,0.7674074074074074,0.7666666666666667,1140.0,0.7631578947368421,0.7627716411146496,0.7723440134907251,0.753199268738574,0.7627716411146496,158.0,112.0,0.7648830177456132,0.7435064935064936,0.7862595419847328,0.7648830177456132,0.7631578947368421,0.8035087719298246,0.7228070175438597,0.7631578947368421,458.0,412.0,0.7666666666666667,0.7665049665049666,0.7603603603603604,0.7726495726495727,0.7665049665049665,118.0,148.0,0.7674074074074073,0.7814814814814814,0.7533333333333333,0.7674074074074074,0.5263157894736842,0.7666666666666666,0.7403508771929824,0.7929824561403509,0.7666666666666667,422.0,452.0,19.21875,8.51243786728173,9.1328125,-18.15625,570.0,0.5473684210526316,0.8473684210526315,0.0,7.800944632077357,19.21875,8.51243786728173,9.1328125,-18.15625,570.0,0.5649122807017544,0.8473684210526315,0.0,7.800944632077357,
shuffled_pair,13,42,2.0,full,confirmation,b74e31f7ebc8b14ad0a33e0232e33f5620e426e3ed45f920797f250c9d5893d3,c0b97e88ea4a885633c62f25bd2bb94a29e8bea9af7fcebc624780e2bc181e99,9ce99da3bd3c0afda70f6d676fc22c54e49d0829cdc88be60b0a15fded3d53d6,bb43d0ad549b7e57213aab7dca185a96972dab5a6e0ad093afcd5ecde5eef177,/workspace/pair-aware/results_v3/bf16/shuffled_pair/lambda_2p0/split_13/model_seed_42,True,v3,full,1,validation,f1_macro,>,closest_to_zero_then_lower,15,positive_class_equal_width,shuffled_pair,neuralmind/bert-large-portuguese-cased,aa302f6ea73b759f7df9cad58bd272127b67ec28,bf16,256,6,2e-05,8,0.01,0.1,linear,1.0,2,f1_macro,32.0,10000,0,1,0,1,4.0,2.0,False,,,,121.01589023903944,6.43624210357666,6.74609375,2,0.7807010794123712,4,1996,2.0,2994,0,299,0.15980686792815085,15,positive_class_equal_width,0.07803657272802073,0.49959019537572535,0.4472852179839026,0.5,0.4982456140350877,0.7807017543859649,0.7807010794123712,0.780705210282675,0.7807017543859649,570.0,0.7810858143607706,0.7797202797202797,0.7824561403508772,285.0,0.7803163444639719,0.7816901408450704,0.7789473684210526,285.0,0.7807010794123712,0.7807052102826749,0.7807017543859649,570.0,0.7912280701754386,0.7897989097929599,0.7993697478991597,0.7912280701754386,570.0,0.7724665391969407,0.8487394957983193,0.7087719298245614,285.0,0.807131280388979,0.75,0.8736842105263158,285.0,0.78979890979296,0.7993697478991597,0.7912280701754386,570.0,0.7807017543859649,0.7807010794123712,0.7810858143607706,0.7803163444639719,0.7807010794123712,63,62,0.780705210282675,0.7797202797202797,0.7816901408450704,0.7807052102826749,0.7807017543859649,0.7824561403508772,0.7789473684210526,0.7807017543859649,223,222,0.7912280701754386,0.7897989097929599,0.7724665391969407,0.807131280388979,0.78979890979296,36,83,0.7993697478991597,0.8487394957983193,0.75,0.7993697478991597,0.5824561403508772,0.7912280701754386,0.7087719298245614,0.8736842105263158,0.7912280701754386,202,249,6.14453125,2.165589590239943,2.05859375,-4.326171875,285,0.5824561403508772,0.8771929824561403,1,1.934424801883836,6.14453125,2.165589590239943,2.05859375,-4.326171875,285,0.5929824561403508,0.8771929824561403,1,1.934424801883836,529,>,0.7807010794123712,validation,f1_macro,0.3835258482178422,-0.474609375,closest_to_zero_then_lower,0.7897989097929599,0.1714064945401556,15.0,positive_class_equal_width,0.045817642377176206,0.5260068720591027,0.47159252497575777,0.5,0.5298245614035088,0.7491228070175439,0.7488994519594222,0.7500123554413364,0.7491228070175439,1140.0,0.7414104882459313,0.7649253731343284,0.7192982456140351,570.0,0.7563884156729132,0.7350993377483444,0.7789473684210526,570.0,0.7488994519594221,0.7500123554413363,0.7491228070175439,1140.0,0.7543859649122807,0.7510482180293501,0.7688014674316044,0.7543859649122807,1140.0,0.7222222222222222,0.8310502283105022,0.6385964912280702,570.0,0.779874213836478,0.7065527065527065,0.8701754385964913,570.0,0.7510482180293502,0.7688014674316044,0.7543859649122807,1140.0,0.7491228070175439,0.7488994519594222,0.7414104882459313,0.7563884156729132,0.7488994519594221,126.0,160.0,0.7500123554413364,0.7649253731343284,0.7350993377483444,0.7500123554413363,0.7491228070175439,0.7192982456140351,0.7789473684210526,0.7491228070175439,410.0,444.0,0.7543859649122807,0.7510482180293501,0.7222222222222222,0.779874213836478,0.7510482180293502,74.0,206.0,0.7688014674316044,0.8310502283105022,0.7065527065527065,0.7688014674316044,0.6157894736842106,0.7543859649122807,0.6385964912280702,0.8701754385964913,0.7543859649122807,364.0,496.0,6.5078125,1.9323899586995443,1.57757568359375,-3.9453125,570.0,0.5263157894736842,0.8491228070175438,1.0,1.990059459418684,6.5078125,1.9323899586995443,1.57757568359375,-3.9453125,570.0,0.5298245614035088,0.8491228070175438,1.0,1.990059459418684,
shuffled_pair,13,73,2.0,full,confirmation,cfc22abf7676ba44fbd8a2ba1e62a84a4cd5bb6fb75e6194ac16a9ff7fa701d6,c0b97e88ea4a885633c62f25bd2bb94a29e8bea9af7fcebc624780e2bc181e99,9ce99da3bd3c0afda70f6d676fc22c54e49d0829cdc88be60b0a15fded3d53d6,bb43d0ad549b7e57213aab7dca185a96972dab5a6e0ad093afcd5ecde5eef177,/workspace/pair-aware/results_v3/bf16/shuffled_pair/lambda_2p0/split_13/model_seed_73,True,v3,full,1,validation,f1_macro,>,closest_to_zero_then_lower,15,positive_class_equal_width,shuffled_pair,neuralmind/bert-large-portuguese-cased,aa302f6ea73b759f7df9cad58bd272127b67ec28,bf16,256,6,2e-05,8,0.01,0.1,linear,1.0,2,f1_macro,32.0,10000,0,1,0,1,4.0,2.0,False,,,,180.69050848204643,6.43624210357666,6.74609375,5,0.7992858554907581,6,2994,2.0,2994,0,299,0.1816448276312904,15,positive_class_equal_width,0.1762635235345688,1.0524139792530955,0.4473661067667166,0.5,0.44035087719298244,0.8,0.7992858554907581,0.8043312642845546,0.8,570.0,0.8112582781456954,0.768025078369906,0.8596491228070176,285.0,0.7873134328358209,0.8406374501992032,0.7403508771929824,285.0,0.7992858554907581,0.8043312642845546,0.8,570.0,0.8070175438596491,0.8069795219741653,0.8072596444104927,0.8070175438596492,570.0,0.8096885813148789,0.7986348122866894,0.8210526315789474,285.0,0.8042704626334519,0.8158844765342961,0.7929824561403509,285.0,0.8069795219741653,0.8072596444104927,0.8070175438596491,570.0,0.8,0.7992858554907581,0.8112582781456954,0.7873134328358209,0.7992858554907581,74,40,0.8043312642845546,0.768025078369906,0.8406374501992032,0.8043312642845546,0.8,0.8596491228070176,0.7403508771929824,0.8,245,211,0.8070175438596491,0.8069795219741653,0.8096885813148789,0.8042704626334519,0.8069795219741653,59,51,0.8072596444104927,0.7986348122866894,0.8158844765342961,0.8072596444104927,0.48596491228070177,0.8070175438596492,0.8210526315789474,0.7929824561403509,0.8070175438596491,234,226,19.0,8.828089663856908,10.78125,-15.3125,285,0.6210526315789474,0.887719298245614,0,7.0622078196335,19.0,8.828089663856908,10.78125,-15.3125,285,0.6421052631578947,0.887719298245614,0,7.0622078196335,384,>,0.7992858554907581,validation,f1_macro,0.137069773035303,-1.83984375,closest_to_zero_then_lower,0.8069795219741653,0.21534239491104626,15.0,positive_class_equal_width,0.2056121857004068,1.207136479611668,0.45691172525114343,0.5,0.4631578947368421,0.7614035087719299,0.7610792118572762,0.7628305109922757,0.7614035087719299,1140.0,0.7698815566835872,0.7434640522875817,0.7982456140350878,570.0,0.7522768670309654,0.7821969696969697,0.724561403508772,570.0,0.7610792118572763,0.7628305109922757,0.7614035087719299,1140.0,0.7631578947368421,0.7631549788239929,0.7631708548281848,0.7631578947368421,1140.0,0.7623239436619719,0.765017667844523,0.7596491228070176,570.0,0.763986013986014,0.7613240418118467,0.7666666666666667,570.0,0.7631549788239929,0.7631708548281848,0.7631578947368421,1140.0,0.7614035087719299,0.7610792118572762,0.7698815566835872,0.7522768670309654,0.7610792118572763,157.0,115.0,0.7628305109922757,0.7434640522875817,0.7821969696969697,0.7628305109922757,0.7614035087719299,0.7982456140350878,0.724561403508772,0.7614035087719299,455.0,413.0,0.7631578947368421,0.7631549788239929,0.7623239436619719,0.763986013986014,0.7631549788239929,133.0,137.0,0.7631708548281848,0.765017667844523,0.7613240418118467,0.7631708548281848,0.5035087719298246,0.7631578947368421,0.7596491228070176,0.7666666666666667,0.7631578947368421,433.0,437.0,18.84375,7.76646589312637,8.677490234375,-15.53125,570.0,0.5508771929824562,0.8333333333333334,2.0,7.336375173700124,18.84375,7.76646589312637,8.677490234375,-15.53125,570.0,0.5596491228070175,0.8333333333333334,2.0,7.336375173700124,
shuffled_pair,13,101,2.0,full,confirmation,a76456465d8347009f395cf2efc28bf1f86a4c449a36d95c1cc41d01c4e38156,c0b97e88ea4a885633c62f25bd2bb94a29e8bea9af7fcebc624780e2bc181e99,9ce99da3bd3c0afda70f6d676fc22c54e49d0829cdc88be60b0a15fded3d53d6,bb43d0ad549b7e57213aab7dca185a96972dab5a6e0ad093afcd5ecde5eef177,/workspace/pair-aware/results_v3/bf16/shuffled_pair/lambda_2p0/split_13/model_seed_101,True,v3,full,1,validation,f1_macro,>,closest_to_zero_then_lower,15,positive_class_equal_width,shuffled_pair,neuralmind/bert-large-portuguese-cased,aa302f6ea73b759f7df9cad58bd272127b67ec28,bf16,256,6,2e-05,8,0.01,0.1,linear,1.0,2,f1_macro,32.0,10000,0,1,0,1,4.0,2.0,False,,,,181.22444880497642,6.43624210357666,6.74609375,6,0.8101898101898102,6,2994,2.0,2994,0,299,0.17507695066268225,15,positive_class_equal_width,0.1693848131291126,1.0824633110719086,0.45612992516819284,0.5,0.45789473684210524,0.8105263157894737,0.8101898101898102,0.8127441133802031,0.8105263157894737,570.0,0.8181818181818182,0.7864077669902912,0.8526315789473684,285.0,0.8021978021978022,0.8390804597701149,0.7684210526315789,285.0,0.8101898101898103,0.812744113380203,0.8105263157894737,570.0,0.8157894736842105,0.8157889067063918,0.8157933615680095,0.8157894736842105,570.0,0.8154657293497364,0.8169014084507042,0.8140350877192982,285.0,0.8161120840630472,0.8146853146853147,0.8175438596491228,285.0,0.8157889067063918,0.8157933615680095,0.8157894736842105,570.0,0.8105263157894737,0.8101898101898102,0.8181818181818182,0.8021978021978022,0.8101898101898103,66,42,0.8127441133802031,0.7864077669902912,0.8390804597701149,0.812744113380203,0.8105263157894737,0.8526315789473684,0.7684210526315789,0.8105263157894737,243,219,0.8157894736842105,0.8157889067063918,0.8154657293497364,0.8161120840630472,0.8157889067063918,52,53,0.8157933615680095,0.8169014084507042,0.8146853146853147,0.8157933615680095,0.5017543859649123,0.8157894736842105,0.8140350877192982,0.8175438596491228,0.8157894736842105,232,233,18.46875,9.462219452439694,11.8984375,-14.625,285,0.6456140350877193,0.8807017543859649,2,7.245665511811518,18.46875,9.462219452439694,11.8984375,-14.625,285,0.6456140350877193,0.8807017543859649,2,7.245665511811518,367,>,0.8101898101898102,validation,f1_macro,0.13296424019782924,-1.875,closest_to_zero_then_lower,0.8157889067063918,0.2238756902115187,15.0,positive_class_equal_width,0.22095677291512766,1.3209447563882117,0.4532750884221853,0.5,0.4517543859649123,0.7570175438596491,0.7564506488247884,0.7594330097087378,0.7570175438596491,1140.0,0.7682008368200837,0.7344,0.8052631578947368,570.0,0.744700460829493,0.7844660194174757,0.7087719298245614,570.0,0.7564506488247884,0.7594330097087378,0.7570175438596491,1140.0,0.7631578947368421,0.7631221698563342,0.7633167438651818,0.763157894736842,1140.0,0.7660311958405546,0.7568493150684932,0.775438596491228,570.0,0.7602131438721137,0.7697841726618705,0.7508771929824561,570.0,0.7631221698563341,0.7633167438651819,0.7631578947368421,1140.0,0.7570175438596491,0.7564506488247884,0.7682008368200837,0.744700460829493,0.7564506488247884,166.0,111.0,0.7594330097087378,0.7344,0.7844660194174757,0.7594330097087378,0.7570175438596491,0.8052631578947368,0.7087719298245614,0.7570175438596491,459.0,404.0,0.7631578947368421,0.7631221698563342,0.7660311958405546,0.7602131438721137,0.7631221698563341,142.0,128.0,0.7633167438651818,0.7568493150684932,0.7697841726618705,0.7633167438651819,0.48771929824561405,0.763157894736842,0.775438596491228,0.7508771929824561,0.7631578947368421,442.0,428.0,18.53125,8.220059471799615,8.932373046875,-16.5,570.0,0.5421052631578948,0.8350877192982457,1.0,7.638057268496285,18.53125,8.220059471799615,8.932373046875,-16.5,570.0,0.5578947368421052,0.8350877192982457,1.0,7.638057268496285,
shuffled_pair,21,13,2.0,full,confirmation,ced7a9b4f7f39b9478e9ca9ca37b6fe1f254ba6a303d139b2c88a0ab0e1b6187,c0b97e88ea4a885633c62f25bd2bb94a29e8bea9af7fcebc624780e2bc181e99,777957b527fbf66016b0c688daf6670149d9247f4acbb5d1d1a9c08a11b46d65,bb43d0ad549b7e57213aab7dca185a96972dab5a6e0ad093afcd5ecde5eef177,/workspace/pair-aware/results_v3/bf16/shuffled_pair/lambda_2p0/split_21/model_seed_13,True,v3,full,1,validation,f1_macro,>,closest_to_zero_then_lower,15,positive_class_equal_width,shuffled_pair,neuralmind/bert-large-portuguese-cased,aa302f6ea73b759f7df9cad58bd272127b67ec28,bf16,256,6,2e-05,8,0.01,0.1,linear,1.0,2,f1_macro,32.0,10000,0,1,0,1,4.0,2.0,False,,,,179.94243572896812,6.43624210357666,6.74609375,4,0.7671474234037576,6,2994,2.0,2994,0,299,0.21390495659451783,15,positive_class_equal_width,0.2128878104020298,1.0849186249421523,0.38689975802506066,0.5,0.38596491228070173,0.7701754385964912,0.7671474234037576,0.7849999999999999,0.7701754385964912,570.0,0.7937007874015748,0.72,0.8842105263157894,285.0,0.7405940594059406,0.85,0.656140350877193,285.0,0.7671474234037577,0.785,0.7701754385964912,570.0,0.7789473684210526,0.777853386947108,0.784552590266876,0.7789473684210526,570.0,0.7934426229508197,0.7446153846153846,0.8491228070175438,285.0,0.7622641509433963,0.8244897959183674,0.7087719298245614,285.0,0.7778533869471079,0.784552590266876,0.7789473684210526,570.0,0.7701754385964912,0.7671474234037576,0.7937007874015748,0.7405940594059406,0.7671474234037577,98,33,0.7849999999999999,0.72,0.85,0.785,0.7701754385964912,0.8842105263157894,0.656140350877193,0.7701754385964912,252,187,0.7789473684210526,0.777853386947108,0.7934426229508197,0.7622641509433963,0.7778533869471079,83,43,0.784552590266876,0.7446153846153846,0.8244897959183674,0.784552590266876,0.4298245614035088,0.7789473684210526,0.8491228070175438,0.7087719298245614,0.7789473684210526,242,202,16.890625,6.623128763834635,7.498046875,-13.578125,285,0.5614035087719298,0.8421052631578947,0,6.095188144640909,16.890625,6.623128763834635,7.498046875,-13.578125,285,0.5789473684210527,0.8421052631578947,0,6.095188144640909,432,>,0.7671474234037576,validation,f1_macro,0.15253651406565133,-1.71484375,closest_to_zero_then_lower,0.777853386947108,0.20616781387400773,15.0,positive_class_equal_width,0.19323823839358614,1.0049434218687658,0.42997788386160746,0.5,0.43333333333333335,0.7719298245614035,0.7709116541353384,0.7768516313407954,0.7719298245614035,1140.0,0.7861842105263158,0.739938080495356,0.8385964912280702,570.0,0.7556390977443609,0.8137651821862348,0.7052631578947368,570.0,0.7709116541353384,0.7768516313407954,0.7719298245614035,1140.0,0.7719298245614035,0.7718596059113301,0.7722650231124808,0.7719298245614035,1140.0,0.7758620689655172,0.7627118644067796,0.7894736842105263,570.0,0.7678571428571429,0.7818181818181819,0.7543859649122807,570.0,0.77185960591133,0.7722650231124808,0.7719298245614035,1140.0,0.7719298245614035,0.7709116541353384,0.7861842105263158,0.7556390977443609,0.7709116541353384,168.0,92.0,0.7768516313407954,0.739938080495356,0.8137651821862348,0.7768516313407954,0.7719298245614035,0.8385964912280702,0.7052631578947368,0.7719298245614035,478.0,402.0,0.7719298245614035,0.7718596059113301,0.7758620689655172,0.7678571428571429,0.77185960591133,140.0,120.0,0.7722650231124808,0.7627118644067796,0.7818181818181819,0.7722650231124808,0.4824561403508772,0.7719298245614035,0.7894736842105263,0.7543859649122807,0.7719298245614035,450.0,430.0,17.25,6.9458969785456075,7.88671875,-16.84375,570.0,0.5736842105263158,0.8578947368421053,0.0,6.470014738548733,17.25,6.9458969785456075,7.88671875,-16.84375,570.0,0.5771929824561404,0.8578947368421053,0.0,6.470014738548733,
shuffled_pair,21,21,2.0,full,confirmation,6197db07f49ef84b0b2a7924d442389ddc37843df397c183f08da8adf6d4d932,c0b97e88ea4a885633c62f25bd2bb94a29e8bea9af7fcebc624780e2bc181e99,777957b527fbf66016b0c688daf6670149d9247f4acbb5d1d1a9c08a11b46d65,bb43d0ad549b7e57213aab7dca185a96972dab5a6e0ad093afcd5ecde5eef177,/workspace/pair-aware/results_v3/bf16/shuffled_pair/lambda_2p0/split_21/model_seed_21,True,v3,full,1,validation,f1_macro,>,closest_to_zero_then_lower,15,positive_class_equal_width,shuffled_pair,neuralmind/bert-large-portuguese-cased,aa302f6ea73b759f7df9cad58bd272127b67ec28,bf16,256,6,2e-05,8,0.01,0.1,linear,1.0,2,f1_macro,32.0,10000,0,1,0,1,4.0,2.0,False,,,,121.17946687398944,6.43624210357666,6.74609375,2,0.7631513338319621,4,1996,2.0,2994,0,299,0.1880736880201546,15,positive_class_equal_width,0.1300709868498927,0.6280961989122048,0.4943103314925311,0.5,0.5052631578947369,0.7631578947368421,0.7631513338319621,0.7631870567375887,0.763157894736842,570.0,0.7619047619047619,0.7659574468085106,0.7578947368421053,285.0,0.7643979057591623,0.7604166666666666,0.7684210526315789,285.0,0.7631513338319621,0.7631870567375887,0.7631578947368421,570.0,0.7684210526315789,0.7682384396446569,0.7692697205103187,0.7684210526315789,570.0,0.7617328519855595,0.7843866171003717,0.7403508771929824,285.0,0.7747440273037542,0.7541528239202658,0.7964912280701755,285.0,0.7682384396446569,0.7692697205103187,0.7684210526315789,570.0,0.7631578947368421,0.7631513338319621,0.7619047619047619,0.7643979057591623,0.7631513338319621,66,69,0.7631870567375887,0.7659574468085106,0.7604166666666666,0.7631870567375887,0.763157894736842,0.7578947368421053,0.7684210526315789,0.7631578947368421,216,219,0.7684210526315789,0.7682384396446569,0.7617328519855595,0.7747440273037542,0.7682384396446569,58,74,0.7692697205103187,0.7843866171003717,0.7541528239202658,0.7692697205103187,0.5280701754385965,0.7684210526315789,0.7403508771929824,0.7964912280701755,0.7684210526315789,211,227,9.109375,3.298721474095395,2.828125,-7.0546875,285,0.5403508771929825,0.8631578947368421,1,3.3231389278215073,9.109375,3.298721474095395,2.828125,-7.0546875,285,0.5473684210526316,0.8631578947368421,1,3.3231389278215073,456,>,0.7631513338319621,validation,f1_macro,0.4063907233281731,-0.37890625,closest_to_zero_then_lower,0.7682384396446569,0.18707938748889633,15.0,positive_class_equal_width,0.1343368307129463,0.624904489317066,0.49162014540046767,0.5,0.5,0.7596491228070176,0.7596491228070176,0.7596491228070176,0.7596491228070176,1140.0,0.7596491228070176,0.7596491228070176,0.7596491228070176,570.0,0.7596491228070176,0.7596491228070176,0.7596491228070176,570.0,0.7596491228070176,0.7596491228070176,0.7596491228070176,1140.0,0.7526315789473684,0.752539419112689,0.7530084829354902,0.7526315789473683,1140.0,0.7477638640429338,0.7627737226277372,0.7333333333333333,570.0,0.7573149741824441,0.7432432432432432,0.7719298245614035,570.0,0.752539419112689,0.7530084829354903,0.7526315789473684,1140.0,0.7596491228070176,0.7596491228070176,0.7596491228070176,0.7596491228070176,0.7596491228070176,137.0,137.0,0.7596491228070176,0.7596491228070176,0.7596491228070176,0.7596491228070176,0.7596491228070176,0.7596491228070176,0.7596491228070176,0.7596491228070176,433.0,433.0,0.7526315789473684,0.752539419112689,0.7477638640429338,0.7573149741824441,0.752539419112689,130.0,152.0,0.7530084829354902,0.7627737226277372,0.7432432432432432,0.7530084829354903,0.519298245614035,0.7526315789473683,0.7333333333333333,0.7719298245614035,0.7526315789473684,418.0,440.0,9.203125,3.560174794782672,3.1982421875,-8.125,570.0,0.5456140350877193,0.8473684210526315,3.0,3.4698955800802618,9.203125,3.560174794782672,3.1982421875,-8.125,570.0,0.5350877192982456,0.8473684210526315,3.0,3.4698955800802618,
shuffled_pair,21,40,2.0,full,confirmation,4c8419aa4f50ccbe564869a2c2caecef83e836ba791337cd098556a615e25a84,c0b97e88ea4a885633c62f25bd2bb94a29e8bea9af7fcebc624780e2bc181e99,777957b527fbf66016b0c688daf6670149d9247f4acbb5d1d1a9c08a11b46d65,bb43d0ad549b7e57213aab7dca185a96972dab5a6e0ad093afcd5ecde5eef177,/workspace/pair-aware/results_v3/bf16/shuffled_pair/lambda_2p0/split_21/model_seed_40,True,v3,full,1,validation,f1_macro,>,closest_to_zero_then_lower,15,positive_class_equal_width,shuffled_pair,neuralmind/bert-large-portuguese-cased,aa302f6ea73b759f7df9cad58bd272127b67ec28,bf16,256,6,2e-05,8,0.01,0.1,linear,1.0,2,f1_macro,32.0,10000,0,1,0,1,4.0,2.0,False,,,,180.67447832599282,6.43624210357666,6.74609375,4,0.7649295036573757,6,2994,2.0,2994,0,299,0.2018431453068411,15,positive_class_equal_width,0.1797137902873059,0.7826063431155996,0.4193750924541369,0.5,0.41403508771929826,0.7666666666666667,0.7649295036573757,0.7747894042423628,0.7666666666666666,570.0,0.7851373182552503,0.7275449101796407,0.8526315789473684,285.0,0.744721689059501,0.8220338983050848,0.6807017543859649,285.0,0.7649295036573757,0.7747894042423628,0.7666666666666667,570.0,0.7719298245614035,0.7718286960056165,0.7724127724127724,0.7719298245614035,570.0,0.7766323024054983,0.7609427609427609,0.7929824561403509,285.0,0.7670250896057348,0.7838827838827839,0.7508771929824561,285.0,0.7718286960056165,0.7724127724127724,0.7719298245614035,570.0,0.7666666666666667,0.7649295036573757,0.7851373182552503,0.744721689059501,0.7649295036573757,91,42,0.7747894042423628,0.7275449101796407,0.8220338983050848,0.7747894042423628,0.7666666666666666,0.8526315789473684,0.6807017543859649,0.7666666666666667,243,194,0.7719298245614035,0.7718286960056165,0.7766323024054983,0.7670250896057348,0.7718286960056165,71,59,0.7724127724127724,0.7609427609427609,0.7838827838827839,0.7724127724127724,0.4789473684210526,0.7719298245614035,0.7929824561403509,0.7508771929824561,0.7719298245614035,226,214,12.03125,4.670257728978207,4.375,-5.1875,285,0.5403508771929825,0.8456140350877193,2,4.320391267484665,12.03125,4.670257728978207,4.375,-5.1875,285,0.5578947368421052,0.8456140350877193,2,4.320391267484665,433,>,0.7649295036573757,validation,f1_macro,0.14511536292037017,-1.7734375,closest_to_zero_then_lower,0.7718286960056165,0.19125441070712196,15.0,positive_class_equal_width,0.16668508307751434,0.7352446101774058,0.45641935670506667,0.5,0.4517543859649123,0.7657894736842106,0.7652430441740741,0.7682873786407767,0.7657894736842106,1140.0,0.7765690376569038,0.7424,0.8140350877192982,570.0,0.7539170506912443,0.7941747572815534,0.7175438596491228,570.0,0.765243044174074,0.7682873786407766,0.7657894736842106,1140.0,0.7657894736842106,0.7653906956345466,0.7676089509778705,0.7657894736842106,1140.0,0.7557182067703568,0.7896749521988528,0.724561403508772,570.0,0.7750631844987363,0.7455429497568882,0.8070175438596491,570.0,0.7653906956345465,0.7676089509778705,0.7657894736842106,1140.0,0.7657894736842106,0.7652430441740741,0.7765690376569038,0.7539170506912443,0.765243044174074,161.0,106.0,0.7682873786407767,0.7424,0.7941747572815534,0.7682873786407766,0.7657894736842106,0.8140350877192982,0.7175438596491228,0.7657894736842106,464.0,409.0,0.7657894736842106,0.7653906956345466,0.7557182067703568,0.7750631844987363,0.7653906956345465,110.0,157.0,0.7676089509778705,0.7896749521988528,0.7455429497568882,0.7676089509778705,0.5412280701754386,0.7657894736842106,0.724561403508772,0.8070175438596491,0.7657894736842106,413.0,460.0,11.875,4.984364265308045,5.5341796875,-11.140625,570.0,0.5684210526315789,0.8333333333333334,2.0,4.717288135548999,11.875,4.984364265308045,5.5341796875,-11.140625,570.0,0.5684210526315789,0.8333333333333334,2.0,4.717288135548999,
shuffled_pair,21,42,2.0,full,confirmation,4a6fb94d19f6ec1bf8fe83c16a239c17da9fd2203ffa499555709b42c7a366d2,c0b97e88ea4a885633c62f25bd2bb94a29e8bea9af7fcebc624780e2bc181e99,777957b527fbf66016b0c688daf6670149d9247f4acbb5d1d1a9c08a11b46d65,bb43d0ad549b7e57213aab7dca185a96972dab5a6e0ad093afcd5ecde5eef177,/workspace/pair-aware/results_v3/bf16/shuffled_pair/lambda_2p0/split_21/model_seed_42,True,v3,full,1,validation,f1_macro,>,closest_to_zero_then_lower,15,positive_class_equal_width,shuffled_pair,neuralmind/bert-large-portuguese-cased,aa302f6ea73b759f7df9cad58bd272127b67ec28,bf16,256,6,2e-05,8,0.01,0.1,linear,1.0,2,f1_macro,32.0,10000,0,1,0,1,4.0,2.0,False,,,,150.20468048204202,6.43624210357666,6.74609375,3,0.7892635314995564,5,2495,2.0,2994,0,299,0.1760025715298378,15,positive_class_equal_width,0.13894980732043272,0.6308707368082671,0.4768714245170823,0.5,0.46842105263157896,0.7894736842105263,0.7892635314995564,0.790632995883858,0.7894736842105263,570.0,0.7959183673469388,0.7722772277227723,0.8210526315789474,285.0,0.782608695652174,0.8089887640449438,0.7578947368421053,285.0,0.7892635314995563,0.790632995883858,0.7894736842105263,570.0,0.7947368421052632,0.7947362103299795,0.7947404707968089,0.7947368421052632,570.0,0.7950963222416813,0.7937062937062938,0.7964912280701755,285.0,0.7943760984182777,0.795774647887324,0.7929824561403509,285.0,0.7947362103299794,0.7947404707968088,0.7947368421052632,570.0,0.7894736842105263,0.7892635314995564,0.7959183673469388,0.782608695652174,0.7892635314995563,69,51,0.790632995883858,0.7722772277227723,0.8089887640449438,0.790632995883858,0.7894736842105263,0.8210526315789474,0.7578947368421053,0.7894736842105263,234,216,0.7947368421052632,0.7947362103299795,0.7950963222416813,0.7943760984182777,0.7947362103299794,59,58,0.7947404707968089,0.7937062937062938,0.795774647887324,0.7947404707968088,0.4982456140350877,0.7947368421052632,0.7964912280701755,0.7929824561403509,0.7947368421052632,227,226,12.75,4.523120174073337,4.62158203125,-7.3046875,285,0.6,0.8456140350877193,1,4.0460424610067545,12.75,4.523120174073337,4.62158203125,-7.3046875,285,0.6070175438596491,0.8456140350877193,1,4.0460424610067545,459,>,0.7892635314995564,validation,f1_macro,0.3553273651913664,-0.595703125,closest_to_zero_then_lower,0.7947362103299795,0.18190691302390383,15.0,positive_class_equal_width,0.14702067809410593,0.655146284391596,0.49583365516751465,0.5,0.4824561403508772,0.775438596491228,0.7753694581280788,0.7757781201848999,0.775438596491228,1140.0,0.7793103448275862,0.7661016949152543,0.7929824561403509,570.0,0.7714285714285715,0.7854545454545454,0.7578947368421053,570.0,0.7753694581280788,0.7757781201848999,0.775438596491228,1140.0,0.7728070175438596,0.7727676767676768,0.772996072996073,0.7728070175438597,1140.0,0.7697777777777778,0.7801801801801802,0.7596491228070176,570.0,0.7757575757575758,0.7658119658119659,0.7859649122807018,570.0,0.7727676767676768,0.7729960729960731,0.7728070175438596,1140.0,0.775438596491228,0.7753694581280788,0.7793103448275862,0.7714285714285715,0.7753694581280788,138.0,118.0,0.7757781201848999,0.7661016949152543,0.7854545454545454,0.7757781201848999,0.775438596491228,0.7929824561403509,0.7578947368421053,0.775438596491228,452.0,432.0,0.7728070175438596,0.7727676767676768,0.7697777777777778,0.7757575757575758,0.7727676767676768,122.0,137.0,0.772996072996073,0.7801801801801802,0.7658119658119659,0.7729960729960731,0.5131578947368421,0.7728070175438597,0.7596491228070176,0.7859649122807018,0.7728070175438596,433.0,448.0,12.578125,4.607512430559125,4.870361328125,-9.6953125,570.0,0.5736842105263158,0.856140350877193,1.0,4.230565692207661,12.578125,4.607512430559125,4.870361328125,-9.6953125,570.0,0.5736842105263158,0.856140350877193,1.0,4.230565692207661,
shuffled_pair,21,73,2.0,full,confirmation,88139c21d00871f395e0e945c70e2598f641e8687cccd0884db7f35019026d64,c0b97e88ea4a885633c62f25bd2bb94a29e8bea9af7fcebc624780e2bc181e99,777957b527fbf66016b0c688daf6670149d9247f4acbb5d1d1a9c08a11b46d65,bb43d0ad549b7e57213aab7dca185a96972dab5a6e0ad093afcd5ecde5eef177,/workspace/pair-aware/results_v3/bf16/shuffled_pair/lambda_2p0/split_21/model_seed_73,True,v3,full,1,validation,f1_macro,>,closest_to_zero_then_lower,15,positive_class_equal_width,shuffled_pair,neuralmind/bert-large-portuguese-cased,aa302f6ea73b759f7df9cad58bd272127b67ec28,bf16,256,6,2e-05,8,0.01,0.1,linear,1.0,2,f1_macro,32.0,10000,0,1,0,1,4.0,2.0,False,,,,180.73404145694803,6.43624210357666,6.74609375,5,0.7713781485640944,6,2994,2.0,2994,0,299,0.21065327973353007,15,positive_class_equal_width,0.2041909600133232,1.128833053091045,0.45061430401753455,0.5,0.45087719298245615,0.7719298245614035,0.7713781485640944,0.7745801270496389,0.7719298245614035,570.0,0.782608695652174,0.7476038338658147,0.8210526315789474,285.0,0.7601476014760148,0.8015564202334631,0.7228070175438597,285.0,0.7713781485640944,0.7745801270496389,0.7719298245614035,570.0,0.7859649122807018,0.7847964943553178,0.7923132102540869,0.7859649122807018,570.0,0.7689393939393939,0.8353909465020576,0.712280701754386,285.0,0.8006535947712419,0.7492354740061162,0.8596491228070176,285.0,0.784796494355318,0.792313210254087,0.7859649122807018,570.0,0.7719298245614035,0.7713781485640944,0.782608695652174,0.7601476014760148,0.7713781485640944,79,51,0.7745801270496389,0.7476038338658147,0.8015564202334631,0.7745801270496389,0.7719298245614035,0.8210526315789474,0.7228070175438597,0.7719298245614035,234,206,0.7859649122807018,0.7847964943553178,0.7689393939393939,0.8006535947712419,0.784796494355318,40,82,0.7923132102540869,0.8353909465020576,0.7492354740061162,0.792313210254087,0.5736842105263158,0.7859649122807018,0.712280701754386,0.8596491228070176,0.7859649122807018,203,245,17.8125,7.809509063185307,8.7890625,-8.98828125,285,0.5614035087719298,0.8631578947368421,2,6.626549499512865,17.8125,7.809509063185307,8.7890625,-8.98828125,285,0.5824561403508772,0.8631578947368421,2,6.626549499512865,414,>,0.7713781485640944,validation,f1_macro,0.008847355082930383,-4.71875,closest_to_zero_then_lower,0.7847964943553178,0.20782228075913423,15.0,positive_class_equal_width,0.20202706400902473,1.1374040730241535,0.472393535331466,0.5,0.4745614035087719,0.7745614035087719,0.7744154227227684,0.7752739470281647,0.774561403508772,1140.0,0.7801539777587682,0.7612687813021702,0.8,570.0,0.7686768676867687,0.789279112754159,0.7491228070175439,570.0,0.7744154227227684,0.7752739470281645,0.7745614035087719,1140.0,0.762280701754386,0.7609517361446949,0.7682458487447863,0.762280701754386,1140.0,0.7431279620853081,0.8082474226804124,0.6877192982456141,570.0,0.7787755102040816,0.7282442748091603,0.8368421052631579,570.0,0.7609517361446949,0.7682458487447864,0.762280701754386,1140.0,0.7745614035087719,0.7744154227227684,0.7801539777587682,0.7686768676867687,0.7744154227227684,143.0,114.0,0.7752739470281647,0.7612687813021702,0.789279112754159,0.7752739470281645,0.774561403508772,0.8,0.7491228070175439,0.7745614035087719,456.0,427.0,0.762280701754386,0.7609517361446949,0.7431279620853081,0.7787755102040816,0.7609517361446949,93.0,178.0,0.7682458487447863,0.8082474226804124,0.7282442748091603,0.7682458487447864,0.5745614035087719,0.762280701754386,0.6877192982456141,0.8368421052631579,0.762280701754386,392.0,477.0,17.90625,7.950048185649671,9.48046875,-14.515625,570.0,0.5701754385964912,0.8578947368421053,2.0,6.961521786328693,17.90625,7.950048185649671,9.48046875,-14.515625,570.0,0.5543859649122806,0.8578947368421053,2.0,6.961521786328693,
shuffled_pair,21,101,2.0,full,confirmation,57416053c1d8e0dd963344f6cb1f7ebd0ca0a5a9f20a3a9445cfe1ec74625d60,c0b97e88ea4a885633c62f25bd2bb94a29e8bea9af7fcebc624780e2bc181e99,777957b527fbf66016b0c688daf6670149d9247f4acbb5d1d1a9c08a11b46d65,bb43d0ad549b7e57213aab7dca185a96972dab5a6e0ad093afcd5ecde5eef177,/workspace/pair-aware/results_v3/bf16/shuffled_pair/lambda_2p0/split_21/model_seed_101,True,v3,full,1,validation,f1_macro,>,closest_to_zero_then_lower,15,positive_class_equal_width,shuffled_pair,neuralmind/bert-large-portuguese-cased,aa302f6ea73b759f7df9cad58bd272127b67ec28,bf16,256,6,2e-05,8,0.01,0.1,linear,1.0,2,f1_macro,32.0,10000,0,1,0,1,4.0,2.0,False,,,,181.31891384499613,6.43624210357666,6.74609375,5,0.771115449243847,6,2994,2.0,2994,0,299,0.21240522453280952,15,positive_class_equal_width,0.20496673099415724,1.1707056367707351,0.4328274368030063,0.5,0.44035087719298244,0.7719298245614035,0.771115449243847,0.7758558243514968,0.7719298245614035,570.0,0.7847682119205298,0.7429467084639498,0.8315789473684211,285.0,0.7574626865671642,0.8087649402390438,0.712280701754386,285.0,0.771115449243847,0.7758558243514968,0.7719298245614035,570.0,0.7789473684210526,0.7784126670698146,0.7816660658122102,0.7789473684210526,570.0,0.7892976588628763,0.7539936102236422,0.8280701754385965,285.0,0.7675276752767528,0.8093385214007782,0.7298245614035088,285.0,0.7784126670698145,0.7816660658122102,0.7789473684210526,570.0,0.7719298245614035,0.771115449243847,0.7847682119205298,0.7574626865671642,0.771115449243847,82,48,0.7758558243514968,0.7429467084639498,0.8087649402390438,0.7758558243514968,0.7719298245614035,0.8315789473684211,0.712280701754386,0.7719298245614035,237,203,0.7789473684210526,0.7784126670698146,0.7892976588628763,0.7675276752767528,0.7784126670698145,77,49,0.7816660658122102,0.7539936102236422,0.8093385214007782,0.7816660658122102,0.45087719298245615,0.7789473684210526,0.8280701754385965,0.7298245614035088,0.7789473684210526,236,208,17.40625,7.189246033785636,8.3125,-12.375,285,0.5719298245614035,0.8315789473684211,1,6.7719134399517955,17.40625,7.189246033785636,8.3125,-12.375,285,0.5824561403508772,0.8315789473684211,1,6.7719134399517955,411,>,0.771115449243847,validation,f1_macro,0.2183358626245593,-1.275390625,closest_to_zero_then_lower,0.7784126670698146,0.2204753556805119,15.0,positive_class_equal_width,0.2112007995123783,1.1332197936930928,0.449635907462741,0.5,0.4517543859649123,0.7570175438596491,0.7564506488247884,0.7594330097087378,0.7570175438596491,1140.0,0.7682008368200837,0.7344,0.8052631578947368,570.0,0.744700460829493,0.7844660194174757,0.7087719298245614,570.0,0.7564506488247884,0.7594330097087378,0.7570175438596491,1140.0,0.762280701754386,0.7621663234473335,0.7627862154035927,0.762280701754386,1140.0,0.7673819742489271,0.7512605042016807,0.7842105263157895,570.0,0.7569506726457399,0.7743119266055046,0.7403508771929824,570.0,0.7621663234473335,0.7627862154035926,0.762280701754386,1140.0,0.7570175438596491,0.7564506488247884,0.7682008368200837,0.744700460829493,0.7564506488247884,166.0,111.0,0.7594330097087378,0.7344,0.7844660194174757,0.7594330097087378,0.7570175438596491,0.8052631578947368,0.7087719298245614,0.7570175438596491,459.0,404.0,0.762280701754386,0.7621663234473335,0.7673819742489271,0.7569506726457399,0.7621663234473335,148.0,123.0,0.7627862154035927,0.7512605042016807,0.7743119266055046,0.7627862154035926,0.4780701754385965,0.762280701754386,0.7842105263157895,0.7403508771929824,0.762280701754386,447.0,422.0,17.0,7.170872363709567,7.939208984375,-16.8125,570.0,0.5456140350877193,0.8631578947368421,1.0,6.8845109879626945,17.0,7.170872363709567,7.939208984375,-16.8125,570.0,0.5596491228070175,0.8631578947368421,1.0,6.8845109879626945,
shuffled_pair,40,13,2.0,full,confirmation,2d95ae7a3a93a4fcb3e5f532fa3c1936276ac82bc031ed0c56bc511b5ab9f25f,c0b97e88ea4a885633c62f25bd2bb94a29e8bea9af7fcebc624780e2bc181e99,b2e2614b0656a7a0d7d5d9032d1d7dee6b4f06a99bd8a2de8f0649da271d2bdd,bb43d0ad549b7e57213aab7dca185a96972dab5a6e0ad093afcd5ecde5eef177,/workspace/pair-aware/results_v3/bf16/shuffled_pair/lambda_2p0/split_40/model_seed_13,True,v3,full,1,validation,f1_macro,>,closest_to_zero_then_lower,15,positive_class_equal_width,shuffled_pair,neuralmind/bert-large-portuguese-cased,aa302f6ea73b759f7df9cad58bd272127b67ec28,bf16,256,6,2e-05,8,0.01,0.1,linear,1.0,2,f1_macro,32.0,10000,0,1,0,1,4.0,2.0,False,,,,150.99803681997582,6.43624210357666,6.74609375,3,0.7430498091862318,5,2495,2.0,2994,0,299,0.2143136324783958,15,positive_class_equal_width,0.17842629973222252,0.8846457476215935,0.4433368623075758,0.5,0.443859649122807,0.743859649122807,0.7430498091862318,0.7469732297602274,0.7438596491228071,570.0,0.7574750830564784,0.7192429022082019,0.8,285.0,0.7286245353159851,0.7747035573122529,0.6877192982456141,285.0,0.7430498091862318,0.7469732297602274,0.743859649122807,570.0,0.7508771929824561,0.7508281101848318,0.7510750237182884,0.7508771929824561,570.0,0.754325259515571,0.7440273037542662,0.7649122807017544,285.0,0.7473309608540926,0.7581227436823105,0.7368421052631579,285.0,0.7508281101848318,0.7510750237182883,0.7508771929824561,570.0,0.743859649122807,0.7430498091862318,0.7574750830564784,0.7286245353159851,0.7430498091862318,89,57,0.7469732297602274,0.7192429022082019,0.7747035573122529,0.7469732297602274,0.7438596491228071,0.8,0.6877192982456141,0.743859649122807,228,196,0.7508771929824561,0.7508281101848318,0.754325259515571,0.7473309608540926,0.7508281101848318,75,67,0.7510750237182884,0.7440273037542662,0.7581227436823105,0.7510750237182883,0.48596491228070177,0.7508771929824561,0.7649122807017544,0.7368421052631579,0.7508771929824561,218,210,13.859375,4.336993608976665,3.90625,-10.859375,285,0.512280701754386,0.8385964912280702,2,4.549912273695028,13.859375,4.336993608976665,3.90625,-10.859375,285,0.5263157894736842,0.8385964912280702,2,4.549912273695028,478,>,0.7430498091862318,validation,f1_macro,0.3504908497682735,-0.61688232421875,closest_to_zero_then_lower,0.7508281101848318,0.19667533585955432,15.0,positive_class_equal_width,0.15918719610728618,0.7639487976898606,0.4457643023695038,0.5,0.44912280701754387,0.7596491228070176,0.7590253626654406,0.7623656449044586,0.7596491228070175,1140.0,0.7712854757929883,0.7356687898089171,0.8105263157894737,570.0,0.7467652495378928,0.7890625,0.7087719298245614,570.0,0.7590253626654406,0.7623656449044587,0.7596491228070176,1140.0,0.7543859649122807,0.7543247162265754,0.7546398994380361,0.7543859649122806,1140.0,0.7582037996545768,0.7465986394557823,0.7701754385964912,570.0,0.750445632798574,0.7626811594202898,0.7385964912280701,570.0,0.7543247162265754,0.7546398994380361,0.7543859649122807,1140.0,0.7596491228070176,0.7590253626654406,0.7712854757929883,0.7467652495378928,0.7590253626654406,166.0,108.0,0.7623656449044586,0.7356687898089171,0.7890625,0.7623656449044587,0.7596491228070175,0.8105263157894737,0.7087719298245614,0.7596491228070176,462.0,404.0,0.7543859649122807,0.7543247162265754,0.7582037996545768,0.750445632798574,0.7543247162265754,149.0,131.0,0.7546398994380361,0.7465986394557823,0.7626811594202898,0.7546398994380361,0.4842105263157895,0.7543859649122806,0.7701754385964912,0.7385964912280701,0.7543859649122807,439.0,421.0,13.671875,4.773771905062492,4.3583984375,-9.9921875,570.0,0.5421052631578948,0.8578947368421053,1.0,4.539018581027691,13.671875,4.773771905062492,4.3583984375,-9.9921875,570.0,0.5368421052631579,0.8578947368421053,1.0,4.539018581027691,
shuffled_pair,40,21,2.0,full,confirmation,a4b1326015337f64a66c7a534803ee1ff7bf064ac14a08c9f9db891cc03642d1,c0b97e88ea4a885633c62f25bd2bb94a29e8bea9af7fcebc624780e2bc181e99,b2e2614b0656a7a0d7d5d9032d1d7dee6b4f06a99bd8a2de8f0649da271d2bdd,bb43d0ad549b7e57213aab7dca185a96972dab5a6e0ad093afcd5ecde5eef177,/workspace/pair-aware/results_v3/bf16/shuffled_pair/lambda_2p0/split_40/model_seed_21,True,v3,full,1,validation,f1_macro,>,closest_to_zero_then_lower,15,positive_class_equal_width,shuffled_pair,neuralmind/bert-large-portuguese-cased,aa302f6ea73b759f7df9cad58bd272127b67ec28,bf16,256,6,2e-05,8,0.01,0.1,linear,1.0,2,f1_macro,32.0,10000,0,1,0,1,4.0,2.0,False,,,,91.58548306906596,6.43624210357666,6.74609375,1,0.3333333333333333,3,1497,2.0,2994,0,299,0.2510941529359301,15,positive_class_equal_width,0.03290236436488237,0.6953402892821965,0.5329023643648823,0.5,1.0,0.5,0.3333333333333333,0.25,0.5,570.0,0.0,0.0,0.0,285.0,0.6666666666666666,0.5,1.0,285.0,0.3333333333333333,0.25,0.5,570.0,0.4807017543859649,0.4702668759811617,0.47905111927831606,0.48070175438596496,570.0,0.5446153846153846,0.4849315068493151,0.6210526315789474,285.0,0.39591836734693875,0.47317073170731705,0.34035087719298246,285.0,0.4702668759811616,0.47905111927831606,0.4807017543859649,570.0,0.5,0.3333333333333333,0.0,0.6666666666666666,0.3333333333333333,0,285,0.25,0.0,0.5,0.25,0.5,0.0,1.0,0.5,0,285,0.4807017543859649,0.4702668759811617,0.5446153846153846,0.39591836734693875,0.4702668759811616,188,108,0.47905111927831606,0.4849315068493151,0.47317073170731705,0.47905111927831606,0.35964912280701755,0.48070175438596496,0.6210526315789474,0.34035087719298246,0.4807017543859649,177,97,0.00390625,-9.251644736842106e-05,0.0,-0.00390625,285,0.0,0.35789473684210527,64,0.0015445615507629596,0.00390625,-9.251644736842106e-05,0.0,-0.00390625,285,0.23157894736842105,0.35789473684210527,64,0.0015445615507629596,8,>,0.3333333333333333,validation,f1_macro,0.5329113296427092,0.1318359375,closest_to_zero_then_lower,0.4702668759811617,0.2510792628859597,15.0,positive_class_equal_width,0.04154756886510993,0.6953103800493488,0.5328995916360327,0.5,1.0,0.5,0.3333333333333333,0.25,0.5,1140.0,0.0,0.0,0.0,570.0,0.6666666666666666,0.5,1.0,570.0,0.3333333333333333,0.25,0.5,1140.0,0.48771929824561405,0.47941297901887925,0.4868820767743717,0.48771929824561405,1140.0,0.5451713395638629,0.49019607843137253,0.6140350877192983,570.0,0.41365461847389556,0.4835680751173709,0.36140350877192984,570.0,0.47941297901887925,0.4868820767743717,0.48771929824561405,1140.0,0.5,0.3333333333333333,0.0,0.6666666666666666,0.3333333333333333,0.0,570.0,0.25,0.0,0.5,0.25,0.5,0.0,1.0,0.5,0.0,570.0,0.48771929824561405,0.47941297901887925,0.5451713395638629,0.41365461847389556,0.47941297901887925,364.0,220.0,0.4868820767743717,0.49019607843137253,0.4835680751173709,0.4868820767743717,0.3736842105263158,0.48771929824561405,0.6140350877192983,0.36140350877192984,0.48771929824561405,350.0,206.0,0.00390625,2.5699013157894735e-05,0.0,-0.0048828125,570.0,0.0,0.3684210526315789,152.0,0.0016016791101631637,0.00390625,2.5699013157894735e-05,0.0,-0.0048828125,570.0,0.20701754385964913,0.3684210526315789,152.0,0.0016016791101631637,
shuffled_pair,40,40,2.0,full,confirmation,c6b448210b5b956a6a8cf0af7d1e6640049b4d751cd200d8f8821b47196aff31,c0b97e88ea4a885633c62f25bd2bb94a29e8bea9af7fcebc624780e2bc181e99,b2e2614b0656a7a0d7d5d9032d1d7dee6b4f06a99bd8a2de8f0649da271d2bdd,bb43d0ad549b7e57213aab7dca185a96972dab5a6e0ad093afcd5ecde5eef177,/workspace/pair-aware/results_v3/bf16/shuffled_pair/lambda_2p0/split_40/model_seed_40,True,v3,full,1,validation,f1_macro,>,closest_to_zero_then_lower,15,positive_class_equal_width,shuffled_pair,neuralmind/bert-large-portuguese-cased,aa302f6ea73b759f7df9cad58bd272127b67ec28,bf16,256,6,2e-05,8,0.01,0.1,linear,1.0,2,f1_macro,32.0,10000,0,1,0,1,4.0,2.0,False,,,,180.91875828302,6.43624210357666,6.74609375,5,0.73906588308073,6,2994,2.0,2994,0,299,0.2357730414945819,15,positive_class_equal_width,0.2319580483108839,1.2760147364007948,0.4403479059783717,0.5,0.4298245614035088,0.7403508771929824,0.73906588308073,0.7451805337519624,0.7403508771929824,570.0,0.7573770491803279,0.7107692307692308,0.8105263157894737,285.0,0.720754716981132,0.7795918367346939,0.6701754385964912,285.0,0.73906588308073,0.7451805337519624,0.7403508771929824,570.0,0.7543859649122807,0.7542770572368178,0.7548377548377548,0.7543859649122806,570.0,0.7491039426523297,0.7655677655677655,0.7333333333333333,285.0,0.7594501718213058,0.7441077441077442,0.775438596491228,285.0,0.7542770572368177,0.7548377548377548,0.7543859649122807,570.0,0.7403508771929824,0.73906588308073,0.7573770491803279,0.720754716981132,0.73906588308073,94,54,0.7451805337519624,0.7107692307692308,0.7795918367346939,0.7451805337519624,0.7403508771929824,0.8105263157894737,0.6701754385964912,0.7403508771929824,231,191,0.7543859649122807,0.7542770572368178,0.7491039426523297,0.7594501718213058,0.7542770572368177,64,76,0.7548377548377548,0.7655677655677655,0.7441077441077442,0.7548377548377548,0.5210526315789473,0.7543859649122806,0.7333333333333333,0.775438596491228,0.7543859649122807,209,221,17.109375,6.706383420709978,6.3056640625,-12.640625,285,0.5052631578947369,0.8350877192982457,1,6.67945398964727,17.109375,6.706383420709978,6.3056640625,-12.640625,285,0.5333333333333333,0.8350877192982457,1,6.67945398964727,425,>,0.73906588308073,validation,f1_macro,0.03384403534049258,-3.3515625,closest_to_zero_then_lower,0.7542770572368178,0.2144249105875206,15.0,positive_class_equal_width,0.20696899210615544,1.1341166347459257,0.4614970156283811,0.5,0.46578947368421053,0.7640350877192983,0.7637586002084619,0.7652769660367555,0.7640350877192983,1140.0,0.7718405428329093,0.7471264367816092,0.7982456140350878,570.0,0.7556766575840145,0.783427495291902,0.7298245614035088,570.0,0.7637586002084619,0.7652769660367555,0.7640350877192983,1140.0,0.7745614035087719,0.7742694266745459,0.7759893446858013,0.7745614035087719,1140.0,0.7661510464058234,0.7958412098298677,0.7385964912280701,570.0,0.7823878069432684,0.7561374795417348,0.8105263157894737,570.0,0.7742694266745458,0.7759893446858013,0.7745614035087719,1140.0,0.7640350877192983,0.7637586002084619,0.7718405428329093,0.7556766575840145,0.7637586002084619,154.0,115.0,0.7652769660367555,0.7471264367816092,0.783427495291902,0.7652769660367555,0.7640350877192983,0.7982456140350878,0.7298245614035088,0.7640350877192983,455.0,416.0,0.7745614035087719,0.7742694266745459,0.7661510464058234,0.7823878069432684,0.7742694266745458,108.0,149.0,0.7759893446858013,0.7958412098298677,0.7561374795417348,0.7759893446858013,0.5359649122807018,0.7745614035087719,0.7385964912280701,0.8105263157894737,0.7745614035087719,421.0,462.0,17.5,7.341836199844093,8.443359375,-16.1875,570.0,0.5666666666666667,0.8508771929824561,0.0,6.766021243643872,17.5,7.341836199844093,8.443359375,-16.1875,570.0,0.5736842105263158,0.8508771929824561,0.0,6.766021243643872,
shuffled_pair,40,42,2.0,full,confirmation,e1c2823cadc4eb97f56dbdf7c9c65fb1f2a6c4559482029a5b6df2f51f561987,c0b97e88ea4a885633c62f25bd2bb94a29e8bea9af7fcebc624780e2bc181e99,b2e2614b0656a7a0d7d5d9032d1d7dee6b4f06a99bd8a2de8f0649da271d2bdd,bb43d0ad549b7e57213aab7dca185a96972dab5a6e0ad093afcd5ecde5eef177,/workspace/pair-aware/results_v3/bf16/shuffled_pair/lambda_2p0/split_40/model_seed_42,True,v3,full,1,validation,f1_macro,>,closest_to_zero_then_lower,15,positive_class_equal_width,shuffled_pair,neuralmind/bert-large-portuguese-cased,aa302f6ea73b759f7df9cad58bd272127b67ec28,bf16,256,6,2e-05,8,0.01,0.1,linear,1.0,2,f1_macro,32.0,10000,0,1,0,1,4.0,2.0,False,,,,181.2064993949607,6.43624210357666,6.74609375,5,0.7398095144097907,6,2994,2.0,2994,0,299,0.24514508591451484,15,positive_class_equal_width,0.24470016604732686,1.45823274170028,0.45114866394021924,0.5,0.4543859649122807,0.7403508771929824,0.7398095144097907,0.7423679996027264,0.7403508771929825,570.0,0.7516778523489933,0.7202572347266881,0.7859649122807018,285.0,0.7279411764705882,0.7644787644787645,0.6947368421052632,285.0,0.7398095144097907,0.7423679996027264,0.7403508771929824,570.0,0.7491228070175439,0.7487818183499302,0.7504827688651218,0.7491228070175439,570.0,0.7395264116575592,0.7689393939393939,0.712280701754386,285.0,0.7580372250423012,0.7320261437908496,0.7859649122807018,285.0,0.7487818183499302,0.7504827688651218,0.7491228070175439,570.0,0.7403508771929824,0.7398095144097907,0.7516778523489933,0.7279411764705882,0.7398095144097907,87,61,0.7423679996027264,0.7202572347266881,0.7644787644787645,0.7423679996027264,0.7403508771929825,0.7859649122807018,0.6947368421052632,0.7403508771929824,224,198,0.7491228070175439,0.7487818183499302,0.7395264116575592,0.7580372250423012,0.7487818183499302,61,82,0.7504827688651218,0.7689393939393939,0.7320261437908496,0.7504827688651218,0.5368421052631579,0.7491228070175439,0.712280701754386,0.7859649122807018,0.7491228070175439,203,224,17.9375,7.106883694832785,6.93701171875,-12.515625,285,0.5052631578947369,0.8456140350877193,5,7.233749633276278,17.9375,7.106883694832785,6.93701171875,-12.515625,285,0.5333333333333333,0.8456140350877193,5,7.233749633276278,392,>,0.7398095144097907,validation,f1_macro,0.00985985530353879,-4.609375,closest_to_zero_then_lower,0.7487818183499302,0.22032008674577028,15.0,positive_class_equal_width,0.2145095931777895,1.2884772040797157,0.47911742829399245,0.5,0.4807017543859649,0.7631578947368421,0.7630696565972553,0.7635505030578024,0.763157894736842,1140.0,0.7676419965576592,0.7533783783783784,0.7824561403508772,570.0,0.7584973166368515,0.7737226277372263,0.743859649122807,570.0,0.7630696565972553,0.7635505030578024,0.7631578947368421,1140.0,0.7614035087719299,0.7604479549078503,0.7656420072814623,0.7614035087719297,1140.0,0.7453183520599251,0.7991967871485943,0.6982456140350877,570.0,0.7755775577557755,0.7320872274143302,0.8245614035087719,570.0,0.7604479549078503,0.7656420072814623,0.7614035087719299,1140.0,0.7631578947368421,0.7630696565972553,0.7676419965576592,0.7584973166368515,0.7630696565972553,146.0,124.0,0.7635505030578024,0.7533783783783784,0.7737226277372263,0.7635505030578024,0.763157894736842,0.7824561403508772,0.743859649122807,0.7631578947368421,446.0,424.0,0.7614035087719299,0.7604479549078503,0.7453183520599251,0.7755775577557755,0.7604479549078503,100.0,172.0,0.7656420072814623,0.7991967871485943,0.7320872274143302,0.7656420072814623,0.5631578947368421,0.7614035087719297,0.6982456140350877,0.8245614035087719,0.7614035087719299,398.0,470.0,17.96875,7.831409119723136,9.53515625,-16.59375,570.0,0.5596491228070175,0.8421052631578947,1.0,7.404601118578428,17.96875,7.831409119723136,9.53515625,-16.59375,570.0,0.5508771929824562,0.8421052631578947,1.0,7.404601118578428,
shuffled_pair,40,73,2.0,full,confirmation,04f1deac1c866bbc59b8275d560d9a7442aa2e421c37ad87c496649abd0e3bbe,c0b97e88ea4a885633c62f25bd2bb94a29e8bea9af7fcebc624780e2bc181e99,b2e2614b0656a7a0d7d5d9032d1d7dee6b4f06a99bd8a2de8f0649da271d2bdd,bb43d0ad549b7e57213aab7dca185a96972dab5a6e0ad093afcd5ecde5eef177,/workspace/pair-aware/results_v3/bf16/shuffled_pair/lambda_2p0/split_40/model_seed_73,True,v3,full,1,validation,f1_macro,>,closest_to_zero_then_lower,15,positive_class_equal_width,shuffled_pair,neuralmind/bert-large-portuguese-cased,aa302f6ea73b759f7df9cad58bd272127b67ec28,bf16,256,6,2e-05,8,0.01,0.1,linear,1.0,2,f1_macro,32.0,10000,0,1,0,1,4.0,2.0,False,,,,181.05088499607518,6.43624210357666,6.74609375,4,0.7505055237719471,6,2994,2.0,2994,0,299,0.2210191793597118,15,positive_class_equal_width,0.21065091950989084,1.0100133833158556,0.46574087015039844,0.5,0.4614035087719298,0.7508771929824561,0.7505055237719471,0.7523810703360128,0.7508771929824561,570.0,0.7601351351351351,0.7328990228013029,0.7894736842105263,285.0,0.7408759124087592,0.7718631178707225,0.712280701754386,285.0,0.7505055237719471,0.7523810703360126,0.7508771929824561,570.0,0.7578947368421053,0.7573899526253454,0.7600590944642391,0.7578947368421053,570.0,0.7684563758389261,0.7363344051446945,0.8035087719298246,285.0,0.7463235294117647,0.7837837837837838,0.712280701754386,285.0,0.7573899526253455,0.7600590944642391,0.7578947368421053,570.0,0.7508771929824561,0.7505055237719471,0.7601351351351351,0.7408759124087592,0.7505055237719471,82,60,0.7523810703360128,0.7328990228013029,0.7718631178707225,0.7523810703360126,0.7508771929824561,0.7894736842105263,0.712280701754386,0.7508771929824561,225,203,0.7578947368421053,0.7573899526253454,0.7684563758389261,0.7463235294117647,0.7573899526253455,82,56,0.7600590944642391,0.7363344051446945,0.7837837837837838,0.7600590944642391,0.4543859649122807,0.7578947368421053,0.8035087719298246,0.712280701754386,0.7578947368421053,229,203,14.625,5.650235788445723,5.4453125,-11.3203125,285,0.5298245614035088,0.8421052631578947,2,5.574508513147306,14.625,5.650235788445723,5.4453125,-11.3203125,285,0.5368421052631579,0.8421052631578947,2,5.574508513147306,439,>,0.7505055237719471,validation,f1_macro,0.5686553674621402,0.2763671875,closest_to_zero_then_lower,0.7573899526253454,0.20692481964980866,15.0,positive_class_equal_width,0.19073686701052545,0.9341013130964947,0.48321320025752007,0.5,0.4807017543859649,0.7649122807017544,0.7648246961780164,0.765307506411521,0.7649122807017543,1140.0,0.7693631669535284,0.7550675675675675,0.7842105263157895,570.0,0.7602862254025045,0.7755474452554745,0.7456140350877193,570.0,0.7648246961780164,0.765307506411521,0.7649122807017544,1140.0,0.7640350877192983,0.7638822907098237,0.7647203132762861,0.7640350877192983,1140.0,0.7698887938408896,0.7512520868113522,0.7894736842105263,570.0,0.7578757875787578,0.7781885397412199,0.7385964912280701,570.0,0.7638822907098238,0.7647203132762861,0.7640350877192983,1140.0,0.7649122807017544,0.7648246961780164,0.7693631669535284,0.7602862254025045,0.7648246961780164,145.0,123.0,0.765307506411521,0.7550675675675675,0.7755474452554745,0.765307506411521,0.7649122807017543,0.7842105263157895,0.7456140350877193,0.7649122807017544,447.0,425.0,0.7640350877192983,0.7638822907098237,0.7698887938408896,0.7578757875787578,0.7638822907098238,149.0,120.0,0.7647203132762861,0.7512520868113522,0.7781885397412199,0.7647203132762861,0.4745614035087719,0.7640350877192983,0.7894736842105263,0.7385964912280701,0.7640350877192983,450.0,421.0,15.03125,6.011577338503118,6.56787109375,-12.28125,570.0,0.5543859649122806,0.856140350877193,0.0,5.502712344308626,15.03125,6.011577338503118,6.56787109375,-12.28125,570.0,0.5561403508771929,0.856140350877193,0.0,5.502712344308626,
shuffled_pair,40,101,2.0,full,confirmation,197b2f670856e47b474d4e0d458aa292338ad905c5426648d072dfcc94db68bb,c0b97e88ea4a885633c62f25bd2bb94a29e8bea9af7fcebc624780e2bc181e99,b2e2614b0656a7a0d7d5d9032d1d7dee6b4f06a99bd8a2de8f0649da271d2bdd,bb43d0ad549b7e57213aab7dca185a96972dab5a6e0ad093afcd5ecde5eef177,/workspace/pair-aware/results_v3/bf16/shuffled_pair/lambda_2p0/split_40/model_seed_101,True,v3,full,1,validation,f1_macro,>,closest_to_zero_then_lower,15,positive_class_equal_width,shuffled_pair,neuralmind/bert-large-portuguese-cased,aa302f6ea73b759f7df9cad58bd272127b67ec28,bf16,256,6,2e-05,8,0.01,0.1,linear,1.0,2,f1_macro,32.0,10000,0,1,0,1,4.0,2.0,False,,,,180.48643404094037,6.43624210357666,6.74609375,5,0.7468416896960126,6,2994,2.0,2994,0,299,0.23399877884974557,15,positive_class_equal_width,0.23453365539296234,1.3759589516252209,0.45914281075450186,0.5,0.4543859649122807,0.7473684210526316,0.7468416896960126,0.7494444375473315,0.7473684210526316,570.0,0.7583892617449665,0.7266881028938906,0.7929824561403509,285.0,0.7352941176470589,0.7722007722007722,0.7017543859649122,285.0,0.7468416896960127,0.7494444375473314,0.7473684210526316,570.0,0.7578947368421053,0.7576530612244898,0.7589275781510736,0.7578947368421053,570.0,0.75,0.7752808988764045,0.7263157894736842,285.0,0.7653061224489796,0.7425742574257426,0.7894736842105263,285.0,0.7576530612244897,0.7589275781510736,0.7578947368421053,570.0,0.7473684210526316,0.7468416896960126,0.7583892617449665,0.7352941176470589,0.7468416896960127,85,59,0.7494444375473315,0.7266881028938906,0.7722007722007722,0.7494444375473314,0.7473684210526316,0.7929824561403509,0.7017543859649122,0.7473684210526316,226,200,0.7578947368421053,0.7576530612244898,0.75,0.7653061224489796,0.7576530612244897,60,78,0.7589275781510736,0.7752808988764045,0.7425742574257426,0.7589275781510736,0.531578947368421,0.7578947368421053,0.7263157894736842,0.7894736842105263,0.7578947368421053,207,225,18.96875,7.588181238007127,7.828125,-15.6875,285,0.5263157894736842,0.8210526315789474,2,7.593432465357395,18.96875,7.588181238007127,7.828125,-15.6875,285,0.5543859649122806,0.8210526315789474,2,7.593432465357395,412,>,0.7468416896960126,validation,f1_macro,0.05340332979982423,-2.875,closest_to_zero_then_lower,0.7576530612244898,0.21280663245975934,15.0,positive_class_equal_width,0.20647690982107939,1.2603112492909754,0.48608623682175156,0.5,0.48596491228070177,0.7649122807017544,0.7648659631321651,0.7651211788913395,0.7649122807017543,1140.0,0.7681660899653979,0.757679180887372,0.7789473684210526,570.0,0.7615658362989324,0.7725631768953068,0.7508771929824561,570.0,0.7648659631321651,0.7651211788913395,0.7649122807017544,1140.0,0.769298245614035,0.768720045728356,0.7720184299131667,0.7692982456140351,1140.0,0.7571560480147738,0.7992202729044834,0.7192982456140351,570.0,0.7802840434419381,0.74481658692185,0.8192982456140351,570.0,0.7687200457283561,0.7720184299131667,0.769298245614035,1140.0,0.7649122807017544,0.7648659631321651,0.7681660899653979,0.7615658362989324,0.7648659631321651,142.0,126.0,0.7651211788913395,0.757679180887372,0.7725631768953068,0.7651211788913395,0.7649122807017543,0.7789473684210526,0.7508771929824561,0.7649122807017544,444.0,428.0,0.769298245614035,0.768720045728356,0.7571560480147738,0.7802840434419381,0.7687200457283561,103.0,160.0,0.7720184299131667,0.7992202729044834,0.74481658692185,0.7720184299131667,0.55,0.7692982456140351,0.7192982456140351,0.8192982456140351,0.769298245614035,410.0,467.0,19.40625,8.373322282757675,9.40234375,-17.09375,570.0,0.5561403508771929,0.8473684210526315,0.0,7.68066174547689,19.40625,8.373322282757675,9.40234375,-17.09375,570.0,0.5631578947368421,0.8473684210526315,0.0,7.68066174547689,
shuffled_pair,42,13,2.0,full,confirmation,91aa76e84bfd2ec485fc2e42c1847ac36287b4ee51247a6f45b96808b6fac807,c0b97e88ea4a885633c62f25bd2bb94a29e8bea9af7fcebc624780e2bc181e99,82f47319636cdabaf5a56f172f68023db0c21b5f83e97554f59db62e8bdb1c96,bb43d0ad549b7e57213aab7dca185a96972dab5a6e0ad093afcd5ecde5eef177,/workspace/pair-aware/results_v3/bf16/shuffled_pair/lambda_2p0/split_42/model_seed_13,True,v3,full,1,validation,f1_macro,>,closest_to_zero_then_lower,15,positive_class_equal_width,shuffled_pair,neuralmind/bert-large-portuguese-cased,aa302f6ea73b759f7df9cad58bd272127b67ec28,bf16,256,6,2e-05,8,0.01,0.1,linear,1.0,2,f1_macro,32.0,10000,0,1,0,1,4.0,2.0,False,,,,180.18411784397904,6.43624210357666,6.74609375,4,0.7768901463667213,6,2994,2.0,2994,0,299,0.19781030141973513,15,positive_class_equal_width,0.18042042589816396,0.9148006831650134,0.46381990126757894,0.5,0.4631578947368421,0.7771929824561403,0.7768901463667213,0.7787061794414736,0.7771929824561403,570.0,0.7851099830795262,0.7581699346405228,0.8140350877192982,285.0,0.7686703096539163,0.7992424242424242,0.7403508771929824,285.0,0.7768901463667213,0.7787061794414736,0.7771929824561403,570.0,0.7771929824561403,0.7769946181737526,0.7781827616882475,0.7771929824561403,570.0,0.7836456558773425,0.7615894039735099,0.8070175438596491,285.0,0.7703435804701627,0.7947761194029851,0.7473684210526316,285.0,0.7769946181737526,0.7781827616882475,0.7771929824561403,570.0,0.7771929824561403,0.7768901463667213,0.7851099830795262,0.7686703096539163,0.7768901463667213,74,53,0.7787061794414736,0.7581699346405228,0.7992424242424242,0.7787061794414736,0.7771929824561403,0.8140350877192982,0.7403508771929824,0.7771929824561403,232,211,0.7771929824561403,0.7769946181737526,0.7836456558773425,0.7703435804701627,0.7769946181737526,72,55,0.7781827616882475,0.7615894039735099,0.7947761194029851,0.7781827616882475,0.47017543859649125,0.7771929824561403,0.8070175438596491,0.7473684210526316,0.7771929824561403,230,213,15.03125,6.392602592602111,6.5390625,-12.234375,285,0.5719298245614035,0.8842105263157894,1,5.500435608001764,15.03125,6.392602592602111,6.5390625,-12.234375,285,0.5684210526315789,0.8842105263157894,1,5.500435608001764,428,>,0.7768901463667213,validation,f1_macro,0.43494124841362153,-0.26171875,closest_to_zero_then_lower,0.7769946181737526,0.2123392744779552,15.0,positive_class_equal_width,0.19341843192282282,0.9956369007571303,0.46499983613221985,0.5,0.4675438596491228,0.7517543859649123,0.7514926080181417,0.7528196679761754,0.7517543859649123,1140.0,0.7595581988105352,0.7364085667215815,0.7842105263157895,570.0,0.743427017225748,0.7692307692307693,0.7192982456140351,570.0,0.7514926080181416,0.7528196679761754,0.7517543859649123,1140.0,0.7578947368421053,0.7577873849905775,0.7583527583527584,0.7578947368421052,1140.0,0.7628865979381443,0.7474747474747475,0.7789473684210526,570.0,0.7526881720430108,0.7692307692307693,0.7368421052631579,570.0,0.7577873849905775,0.7583527583527584,0.7578947368421053,1140.0,0.7517543859649123,0.7514926080181417,0.7595581988105352,0.743427017225748,0.7514926080181416,160.0,123.0,0.7528196679761754,0.7364085667215815,0.7692307692307693,0.7528196679761754,0.7517543859649123,0.7842105263157895,0.7192982456140351,0.7517543859649123,447.0,410.0,0.7578947368421053,0.7577873849905775,0.7628865979381443,0.7526881720430108,0.7577873849905775,150.0,126.0,0.7583527583527584,0.7474747474747475,0.7692307692307693,0.7583527583527584,0.4789473684210526,0.7578947368421052,0.7789473684210526,0.7368421052631579,0.7578947368421053,444.0,420.0,15.21875,5.895918595163446,5.91015625,-10.390625,570.0,0.5350877192982456,0.8263157894736842,1.0,5.6886568046855,15.21875,5.895918595163446,5.91015625,-10.390625,570.0,0.5456140350877193,0.8263157894736842,1.0,5.6886568046855,
shuffled_pair,42,21,2.0,full,confirmation,86195bb43cc09fac2c8445f5f73b086e8195f2fc113ca4f2d7731de3da3ef0c2,c0b97e88ea4a885633c62f25bd2bb94a29e8bea9af7fcebc624780e2bc181e99,82f47319636cdabaf5a56f172f68023db0c21b5f83e97554f59db62e8bdb1c96,bb43d0ad549b7e57213aab7dca185a96972dab5a6e0ad093afcd5ecde5eef177,/workspace/pair-aware/results_v3/bf16/shuffled_pair/lambda_2p0/split_42/model_seed_21,True,v3,full,1,validation,f1_macro,>,closest_to_zero_then_lower,15,positive_class_equal_width,shuffled_pair,neuralmind/bert-large-portuguese-cased,aa302f6ea73b759f7df9cad58bd272127b67ec28,bf16,256,6,2e-05,8,0.01,0.1,linear,1.0,2,f1_macro,32.0,10000,0,1,0,1,4.0,2.0,False,,,,150.76230631396174,6.43624210357666,6.74609375,3,0.771115449243847,5,2495,2.0,2994,0,299,0.1985265892472382,15,positive_class_equal_width,0.18136894019305988,0.7846829773535596,0.44492737557529793,0.5,0.44035087719298244,0.7719298245614035,0.771115449243847,0.7758558243514968,0.7719298245614035,570.0,0.7847682119205298,0.7429467084639498,0.8315789473684211,285.0,0.7574626865671642,0.8087649402390438,0.712280701754386,285.0,0.771115449243847,0.7758558243514968,0.7719298245614035,570.0,0.7842105263157895,0.7841779769802155,0.7843820833743964,0.7842105263157895,570.0,0.7815275310834814,0.7913669064748201,0.7719298245614035,285.0,0.7868284228769498,0.7773972602739726,0.7964912280701755,285.0,0.7841779769802155,0.7843820833743964,0.7842105263157895,570.0,0.7719298245614035,0.771115449243847,0.7847682119205298,0.7574626865671642,0.771115449243847,82,48,0.7758558243514968,0.7429467084639498,0.8087649402390438,0.7758558243514968,0.7719298245614035,0.8315789473684211,0.712280701754386,0.7719298245614035,237,203,0.7842105263157895,0.7841779769802155,0.7815275310834814,0.7868284228769498,0.7841779769802155,58,65,0.7843820833743964,0.7913669064748201,0.7773972602739726,0.7843820833743964,0.512280701754386,0.7842105263157895,0.7719298245614035,0.7964912280701755,0.7842105263157895,220,227,11.03125,4.757558079769737,5.316162109375,-9.328125,285,0.5614035087719298,0.8701754385964913,2,4.120182199616704,11.03125,4.757558079769737,5.316162109375,-9.328125,285,0.5789473684210527,0.8701754385964913,2,4.120182199616704,378,>,0.771115449243847,validation,f1_macro,0.11636176402293683,-2.02734375,closest_to_zero_then_lower,0.7841779769802155,0.228441703521702,15.0,positive_class_equal_width,0.2049995209796018,0.9079512780057393,0.4064270490973931,0.5,0.4,0.7368421052631579,0.7341839447102605,0.7467105263157894,0.736842105263158,1140.0,0.7607655502392344,0.6973684210526315,0.8368421052631579,570.0,0.7076023391812866,0.7960526315789473,0.6368421052631579,570.0,0.7341839447102605,0.7467105263157895,0.7368421052631579,1140.0,0.7421052631578947,0.7420544520927483,0.7422961767351314,0.7421052631578948,1140.0,0.745674740484429,0.735494880546075,0.756140350877193,570.0,0.7384341637010676,0.7490974729241877,0.7280701754385965,570.0,0.7420544520927482,0.7422961767351313,0.7421052631578947,1140.0,0.7368421052631579,0.7341839447102605,0.7607655502392344,0.7076023391812866,0.7341839447102605,207.0,93.0,0.7467105263157894,0.6973684210526315,0.7960526315789473,0.7467105263157895,0.736842105263158,0.8368421052631579,0.6368421052631579,0.7368421052631579,477.0,363.0,0.7421052631578947,0.7420544520927483,0.745674740484429,0.7384341637010676,0.7420544520927482,155.0,139.0,0.7422961767351314,0.735494880546075,0.7490974729241877,0.7422961767351313,0.48596491228070177,0.7421052631578948,0.756140350877193,0.7280701754385965,0.7421052631578947,431.0,415.0,10.9375,4.079837036132813,4.05517578125,-10.140625,570.0,0.4982456140350877,0.8350877192982457,4.0,4.311550904407255,10.9375,4.079837036132813,4.05517578125,-10.140625,570.0,0.512280701754386,0.8350877192982457,4.0,4.311550904407255,
shuffled_pair,42,40,2.0,full,confirmation,8b24f54de4b06344e1bfbad9f1b6e424186f38d28b8ca1140c6b21b8c7ea19bc,c0b97e88ea4a885633c62f25bd2bb94a29e8bea9af7fcebc624780e2bc181e99,82f47319636cdabaf5a56f172f68023db0c21b5f83e97554f59db62e8bdb1c96,bb43d0ad549b7e57213aab7dca185a96972dab5a6e0ad093afcd5ecde5eef177,/workspace/pair-aware/results_v3/bf16/shuffled_pair/lambda_2p0/split_42/model_seed_40,True,v3,full,1,validation,f1_macro,>,closest_to_zero_then_lower,15,positive_class_equal_width,shuffled_pair,neuralmind/bert-large-portuguese-cased,aa302f6ea73b759f7df9cad58bd272127b67ec28,bf16,256,6,2e-05,8,0.01,0.1,linear,1.0,2,f1_macro,32.0,10000,0,1,0,1,4.0,2.0,False,,,,181.1014909669757,6.43624210357666,6.74609375,5,0.7766147522519047,6,2994,2.0,2994,0,299,0.20986534781947466,15,positive_class_equal_width,0.2049412236245834,1.3204285319605376,0.4463029978895856,0.5,0.44912280701754387,0.7771929824561403,0.7766147522519047,0.7800930533439491,0.7771929824561403,570.0,0.7879799666110183,0.7515923566878981,0.8280701754385965,285.0,0.7652495378927912,0.80859375,0.7263157894736842,285.0,0.7766147522519047,0.7800930533439491,0.7771929824561403,570.0,0.7842105263157895,0.7837946187649372,0.7864143920595533,0.7842105263157895,570.0,0.7932773109243697,0.7612903225806451,0.8280701754385965,285.0,0.7743119266055046,0.8115384615384615,0.7403508771929824,285.0,0.7837946187649373,0.7864143920595533,0.7842105263157895,570.0,0.7771929824561403,0.7766147522519047,0.7879799666110183,0.7652495378927912,0.7766147522519047,78,49,0.7800930533439491,0.7515923566878981,0.80859375,0.7800930533439491,0.7771929824561403,0.8280701754385965,0.7263157894736842,0.7771929824561403,236,207,0.7842105263157895,0.7837946187649372,0.7932773109243697,0.7743119266055046,0.7837946187649373,74,49,0.7864143920595533,0.7612903225806451,0.8115384615384615,0.7864143920595533,0.45614035087719296,0.7842105263157895,0.8280701754385965,0.7403508771929824,0.7842105263157895,236,211,17.65625,8.303653543037282,9.3515625,-14.453125,285,0.5719298245614035,0.8736842105263158,2,7.211426832442203,17.65625,8.303653543037282,9.3515625,-14.453125,285,0.5824561403508772,0.8736842105263158,2,7.211426832442203,332,>,0.7766147522519047,validation,f1_macro,0.338514334512262,-0.669921875,closest_to_zero_then_lower,0.7837946187649372,0.2322941821138458,15.0,positive_class_equal_width,0.22905529993809856,1.4316834913018277,0.44242858157135934,0.5,0.4421052631578947,0.7491228070175439,0.7482790887276838,0.752508235998802,0.7491228070175439,1140.0,0.7628524046434494,0.7232704402515723,0.8070175438596491,570.0,0.7337057728119181,0.7817460317460317,0.6912280701754386,570.0,0.7482790887276837,0.752508235998802,0.7491228070175439,1140.0,0.7535087719298246,0.7530144587621116,0.7555546247428631,0.7535087719298246,1140.0,0.764063811922754,0.7326892109500805,0.7982456140350878,570.0,0.7419651056014692,0.7784200385356455,0.7087719298245614,570.0,0.7530144587621116,0.755554624742863,0.7535087719298246,1140.0,0.7491228070175439,0.7482790887276838,0.7628524046434494,0.7337057728119181,0.7482790887276837,176.0,110.0,0.752508235998802,0.7232704402515723,0.7817460317460317,0.752508235998802,0.7491228070175439,0.8070175438596491,0.6912280701754386,0.7491228070175439,460.0,394.0,0.7535087719298246,0.7530144587621116,0.764063811922754,0.7419651056014692,0.7530144587621116,166.0,115.0,0.7555546247428631,0.7326892109500805,0.7784200385356455,0.755554624742863,0.45526315789473687,0.7535087719298246,0.7982456140350878,0.7087719298245614,0.7535087719298246,455.0,404.0,17.75,7.680273454231128,8.094703674316406,-16.359375,570.0,0.5245614035087719,0.8350877192982457,2.0,7.468714940684789,17.75,7.680273454231128,8.094703674316406,-16.359375,570.0,0.5368421052631579,0.8350877192982457,2.0,7.468714940684789,
shuffled_pair,42,42,2.0,full,confirmation,1175f5daf14c9f9674022640b986669b2874f24032a950efa8bd312906215d90,c0b97e88ea4a885633c62f25bd2bb94a29e8bea9af7fcebc624780e2bc181e99,82f47319636cdabaf5a56f172f68023db0c21b5f83e97554f59db62e8bdb1c96,bb43d0ad549b7e57213aab7dca185a96972dab5a6e0ad093afcd5ecde5eef177,/workspace/pair-aware/results_v3/bf16/shuffled_pair/lambda_2p0/split_42/model_seed_42,True,v3,full,1,validation,f1_macro,>,closest_to_zero_then_lower,15,positive_class_equal_width,shuffled_pair,neuralmind/bert-large-portuguese-cased,aa302f6ea73b759f7df9cad58bd272127b67ec28,bf16,256,6,2e-05,8,0.01,0.1,linear,1.0,2,f1_macro,32.0,10000,0,1,0,1,4.0,2.0,False,,,,180.75734341994394,6.43624210357666,6.74609375,4,0.7683183682518568,6,2994,2.0,2994,0,299,0.20695156371895862,15,positive_class_equal_width,0.2012792686746424,0.9330940734251894,0.4780161564700032,0.5,0.4789473684210526,0.7684210526315789,0.7683183682518568,0.768897768897769,0.7684210526315789,570.0,0.7731958762886598,0.7575757575757576,0.7894736842105263,285.0,0.7634408602150538,0.7802197802197802,0.7473684210526316,285.0,0.7683183682518567,0.768897768897769,0.7684210526315789,570.0,0.7771929824561403,0.7771922966829692,0.7771963951541416,0.7771929824561403,570.0,0.7768014059753954,0.778169014084507,0.775438596491228,285.0,0.7775831873905429,0.7762237762237763,0.7789473684210526,285.0,0.7771922966829692,0.7771963951541415,0.7771929824561403,570.0,0.7684210526315789,0.7683183682518568,0.7731958762886598,0.7634408602150538,0.7683183682518567,72,60,0.768897768897769,0.7575757575757576,0.7802197802197802,0.768897768897769,0.7684210526315789,0.7894736842105263,0.7473684210526316,0.7684210526315789,225,213,0.7771929824561403,0.7771922966829692,0.7768014059753954,0.7775831873905429,0.7771922966829692,63,64,0.7771963951541416,0.778169014084507,0.7762237762237763,0.7771963951541415,0.5017543859649123,0.7771929824561403,0.775438596491228,0.7789473684210526,0.7771929824561403,221,222,14.859375,6.224921172961854,6.6171875,-11.703125,285,0.5543859649122806,0.8771929824561403,1,5.502890599066904,14.859375,6.224921172961854,6.6171875,-11.703125,285,0.5719298245614035,0.8771929824561403,1,5.502890599066904,422,>,0.7683183682518568,validation,f1_macro,0.21011725970644035,-1.32421875,closest_to_zero_then_lower,0.7771922966829692,0.21788465504475826,15.0,positive_class_equal_width,0.20524765812665727,0.9988157008536888,0.469562226579762,0.5,0.4728070175438597,0.7552631578947369,0.7550820512860001,0.75602042359827,0.7552631578947369,1140.0,0.7617421007685738,0.7420965058236273,0.7824561403508772,570.0,0.7484220018034266,0.7699443413729128,0.7280701754385965,570.0,0.7550820512860001,0.7560204235982699,0.7552631578947369,1140.0,0.7587719298245614,0.7587702592584897,0.7587790982206339,0.7587719298245614,1140.0,0.7581354441512753,0.7601410934744268,0.756140350877193,570.0,0.7594050743657043,0.7574171029668412,0.7614035087719299,570.0,0.7587702592584897,0.758779098220634,0.7587719298245614,1140.0,0.7552631578947369,0.7550820512860001,0.7617421007685738,0.7484220018034266,0.7550820512860001,155.0,124.0,0.75602042359827,0.7420965058236273,0.7699443413729128,0.7560204235982699,0.7552631578947369,0.7824561403508772,0.7280701754385965,0.7552631578947369,446.0,415.0,0.7587719298245614,0.7587702592584897,0.7581354441512753,0.7594050743657043,0.7587702592584897,136.0,139.0,0.7587790982206339,0.7601410934744268,0.7574171029668412,0.758779098220634,0.5026315789473684,0.7587719298245614,0.756140350877193,0.7614035087719299,0.7587719298245614,431.0,434.0,15.078125,5.765743697317023,6.275390625,-9.984375,570.0,0.5421052631578948,0.8350877192982457,0.0,5.576572013445276,15.078125,5.765743697317023,6.275390625,-9.984375,570.0,0.5508771929824562,0.8350877192982457,0.0,5.576572013445276,
shuffled_pair,42,73,2.0,full,confirmation,c49fd3e202860c1350ac718111a713d3d50d96b24d1b3e7d239f5a70ccd30a58,c0b97e88ea4a885633c62f25bd2bb94a29e8bea9af7fcebc624780e2bc181e99,82f47319636cdabaf5a56f172f68023db0c21b5f83e97554f59db62e8bdb1c96,bb43d0ad549b7e57213aab7dca185a96972dab5a6e0ad093afcd5ecde5eef177,/workspace/pair-aware/results_v3/bf16/shuffled_pair/lambda_2p0/split_42/model_seed_73,True,v3,full,1,validation,f1_macro,>,closest_to_zero_then_lower,15,positive_class_equal_width,shuffled_pair,neuralmind/bert-large-portuguese-cased,aa302f6ea73b759f7df9cad58bd272127b67ec28,bf16,256,6,2e-05,8,0.01,0.1,linear,1.0,2,f1_macro,32.0,10000,0,1,0,1,4.0,2.0,False,,,,183.53898970107548,6.43624210357666,6.74609375,4,0.780457818628886,6,2994,2.0,2994,0,299,0.19524038436864657,15,positive_class_equal_width,0.18358192618848163,0.9455828096577618,0.4674898067874585,0.5,0.4666666666666667,0.7807017543859649,0.780457818628886,0.7819548872180451,0.7807017543859649,570.0,0.7877758913412564,0.7631578947368421,0.8140350877192982,285.0,0.7731397459165155,0.8007518796992481,0.7473684210526316,285.0,0.7804578186288859,0.7819548872180452,0.7807017543859649,570.0,0.7964912280701755,0.7964511322636654,0.7967250280307043,0.7964912280701755,570.0,0.7935943060498221,0.8050541516245487,0.7824561403508772,285.0,0.7993079584775087,0.78839590443686,0.8105263157894737,285.0,0.7964511322636654,0.7967250280307044,0.7964912280701755,570.0,0.7807017543859649,0.780457818628886,0.7877758913412564,0.7731397459165155,0.7804578186288859,72,53,0.7819548872180451,0.7631578947368421,0.8007518796992481,0.7819548872180452,0.7807017543859649,0.8140350877192982,0.7473684210526316,0.7807017543859649,232,213,0.7964912280701755,0.7964511322636654,0.7935943060498221,0.7993079584775087,0.7964511322636654,54,62,0.7967250280307043,0.8050541516245487,0.78839590443686,0.7967250280307044,0.5140350877192983,0.7964912280701755,0.7824561403508772,0.8105263157894737,0.7964912280701755,223,231,16.40625,6.933265338027686,7.21875,-11.359375,285,0.5789473684210527,0.8631578947368421,1,5.821720025588392,16.40625,6.933265338027686,7.21875,-11.359375,285,0.6070175438596491,0.8631578947368421,1,5.821720025588392,436,>,0.780457818628886,validation,f1_macro,0.1830088500239483,-1.49609375,closest_to_zero_then_lower,0.7964511322636654,0.21660502052074193,15.0,positive_class_equal_width,0.20099574552697297,1.0661880861277966,0.4460120635199207,0.5,0.45087719298245615,0.7596491228070176,0.759067741179084,0.7621797342151391,0.7596491228070175,1140.0,0.7709030100334449,0.7364217252396166,0.8087719298245614,570.0,0.7472324723247232,0.7879377431906615,0.7105263157894737,570.0,0.7590677411790842,0.7621797342151391,0.7596491228070176,1140.0,0.7649122807017544,0.7648536569597222,0.7651767228630583,0.7649122807017543,1140.0,0.768566493955095,0.7568027210884354,0.7807017543859649,570.0,0.7611408199643493,0.7735507246376812,0.7491228070175439,570.0,0.7648536569597222,0.7651767228630583,0.7649122807017544,1140.0,0.7596491228070176,0.759067741179084,0.7709030100334449,0.7472324723247232,0.7590677411790842,165.0,109.0,0.7621797342151391,0.7364217252396166,0.7879377431906615,0.7621797342151391,0.7596491228070175,0.8087719298245614,0.7105263157894737,0.7596491228070176,461.0,405.0,0.7649122807017544,0.7648536569597222,0.768566493955095,0.7611408199643493,0.7648536569597222,143.0,125.0,0.7651767228630583,0.7568027210884354,0.7735507246376812,0.7651767228630583,0.4842105263157895,0.7649122807017543,0.7807017543859649,0.7491228070175439,0.7649122807017544,445.0,427.0,15.765625,6.228452769496984,6.6279296875,-10.7421875,570.0,0.5456140350877193,0.8228070175438597,1.0,6.009828488411125,15.765625,6.228452769496984,6.6279296875,-10.7421875,570.0,0.5508771929824562,0.8228070175438597,1.0,6.009828488411125,
shuffled_pair,42,101,2.0,full,confirmation,7fd5da150fce782702aad2db0585d509a8e98dd603deb6d2b9b62d4d517ce5ce,c0b97e88ea4a885633c62f25bd2bb94a29e8bea9af7fcebc624780e2bc181e99,82f47319636cdabaf5a56f172f68023db0c21b5f83e97554f59db62e8bdb1c96,bb43d0ad549b7e57213aab7dca185a96972dab5a6e0ad093afcd5ecde5eef177,/workspace/pair-aware/results_v3/bf16/shuffled_pair/lambda_2p0/split_42/model_seed_101,True,v3,full,1,validation,f1_macro,>,closest_to_zero_then_lower,15,positive_class_equal_width,shuffled_pair,neuralmind/bert-large-portuguese-cased,aa302f6ea73b759f7df9cad58bd272127b67ec28,bf16,256,6,2e-05,8,0.01,0.1,linear,1.0,2,f1_macro,32.0,10000,0,1,0,1,4.0,2.0,False,,,,180.46826504101045,6.43624210357666,6.74609375,6,0.7768901463667213,6,2994,2.0,2994,0,299,0.20965975181753285,15,positive_class_equal_width,0.2094448615688293,1.3399382346423363,0.46123484653259195,0.5,0.4631578947368421,0.7771929824561403,0.7768901463667213,0.7787061794414736,0.7771929824561403,570.0,0.7851099830795262,0.7581699346405228,0.8140350877192982,285.0,0.7686703096539163,0.7992424242424242,0.7403508771929824,285.0,0.7768901463667213,0.7787061794414736,0.7771929824561403,570.0,0.787719298245614,0.7877186448711753,0.7877228405397418,0.787719298245614,570.0,0.7873462214411248,0.7887323943661971,0.7859649122807018,285.0,0.7880910683012259,0.7867132867132867,0.7894736842105263,285.0,0.7877186448711754,0.7877228405397418,0.787719298245614,570.0,0.7771929824561403,0.7768901463667213,0.7851099830795262,0.7686703096539163,0.7768901463667213,74,53,0.7787061794414736,0.7581699346405228,0.7992424242424242,0.7787061794414736,0.7771929824561403,0.8140350877192982,0.7403508771929824,0.7771929824561403,232,211,0.787719298245614,0.7877186448711753,0.7873462214411248,0.7880910683012259,0.7877186448711754,60,61,0.7877228405397418,0.7887323943661971,0.7867132867132867,0.7877228405397418,0.5017543859649123,0.787719298245614,0.7859649122807018,0.7894736842105263,0.787719298245614,224,225,20.125,9.008629300301536,10.078125,-16.78125,285,0.5719298245614035,0.9017543859649123,1,7.682923436701,20.125,9.008629300301536,10.078125,-16.78125,285,0.5894736842105263,0.9017543859649123,1,7.682923436701,384,>,0.7768901463667213,validation,f1_macro,0.0656048374590693,-2.65625,closest_to_zero_then_lower,0.7877186448711753,0.22302123450233946,15.0,positive_class_equal_width,0.2145601723790842,1.4474732460691089,0.4505679684987323,0.5,0.4482456140350877,0.762280701754386,0.7616422566137832,0.7651212280543465,0.762280701754386,1140.0,0.773978315262719,0.7376788553259142,0.8140350877192982,570.0,0.7493061979648473,0.7925636007827789,0.7105263157894737,570.0,0.7616422566137832,0.7651212280543465,0.762280701754386,1140.0,0.7605263157894737,0.760526131522108,0.760527117658103,0.7605263157894737,1140.0,0.7603160667251976,0.7609841827768014,0.7596491228070176,570.0,0.7607361963190185,0.7600700525394045,0.7614035087719299,570.0,0.760526131522108,0.7605271176581029,0.7605263157894737,1140.0,0.762280701754386,0.7616422566137832,0.773978315262719,0.7493061979648473,0.7616422566137832,165.0,106.0,0.7651212280543465,0.7376788553259142,0.7925636007827789,0.7651212280543465,0.762280701754386,0.8140350877192982,0.7105263157894737,0.762280701754386,464.0,405.0,0.7605263157894737,0.760526131522108,0.7603160667251976,0.7607361963190185,0.760526131522108,136.0,137.0,0.760527117658103,0.7609841827768014,0.7600700525394045,0.7605271176581029,0.5008771929824561,0.7605263157894737,0.7596491228070176,0.7614035087719299,0.7605263157894737,433.0,434.0,19.53125,8.291049943890489,9.16650390625,-17.15625,570.0,0.5543859649122806,0.8315789473684211,2.0,8.009181914012077,19.53125,8.291049943890489,9.16650390625,-17.15625,570.0,0.5543859649122806,0.8315789473684211,2.0,8.009181914012077,
shuffled_pair,73,13,2.0,full,confirmation,3122448cc62d4c52f21d0b0a225cfbd9efc4795504bd78079ac5c7aa64162e55,c0b97e88ea4a885633c62f25bd2bb94a29e8bea9af7fcebc624780e2bc181e99,02b3b3662d75591a1230da3154149693de487b7678fe08b814a8a10fb13ba588,bb43d0ad549b7e57213aab7dca185a96972dab5a6e0ad093afcd5ecde5eef177,/workspace/pair-aware/results_v3/bf16/shuffled_pair/lambda_2p0/split_73/model_seed_13,True,v3,full,1,validation,f1_macro,>,closest_to_zero_then_lower,15,positive_class_equal_width,shuffled_pair,neuralmind/bert-large-portuguese-cased,aa302f6ea73b759f7df9cad58bd272127b67ec28,bf16,256,6,2e-05,8,0.01,0.1,linear,1.0,2,f1_macro,32.0,10000,0,1,0,1,4.0,2.0,False,,,,121.19098317204043,6.43624210357666,6.74609375,2,0.7631513338319621,4,1996,2.0,2994,0,299,0.17680449918485633,15,positive_class_equal_width,0.09764250997941402,0.5421658678209099,0.5268326023574208,0.5,0.5052631578947369,0.7631578947368421,0.7631513338319621,0.7631870567375887,0.763157894736842,570.0,0.7619047619047619,0.7659574468085106,0.7578947368421053,285.0,0.7643979057591623,0.7604166666666666,0.7684210526315789,285.0,0.7631513338319621,0.7631870567375887,0.7631578947368421,570.0,0.7701754385964912,0.7701181273262956,0.7704451345755694,0.7701754385964912,570.0,0.7737478411053541,0.7619047619047619,0.7859649122807018,285.0,0.7664884135472371,0.7789855072463768,0.7543859649122807,285.0,0.7701181273262956,0.7704451345755694,0.7701754385964912,570.0,0.7631578947368421,0.7631513338319621,0.7619047619047619,0.7643979057591623,0.7631513338319621,66,69,0.7631870567375887,0.7659574468085106,0.7604166666666666,0.7631870567375887,0.763157894736842,0.7578947368421053,0.7684210526315789,0.7631578947368421,216,219,0.7701754385964912,0.7701181273262956,0.7737478411053541,0.7664884135472371,0.7701181273262956,70,61,0.7704451345755694,0.7619047619047619,0.7789855072463768,0.7704451345755694,0.4842105263157895,0.7701754385964912,0.7859649122807018,0.7543859649122807,0.7701754385964912,224,215,7.7421875,2.4367881641053315,2.486328125,-4.59765625,285,0.5614035087719298,0.8280701754385965,0,2.4513053288955096,7.7421875,2.4367881641053315,2.486328125,-4.59765625,285,0.5754385964912281,0.8280701754385965,0,2.4513053288955096,493,>,0.7631513338319621,validation,f1_macro,0.5477060035256329,0.19140625,closest_to_zero_then_lower,0.7701181273262956,0.1688398255608186,15.0,positive_class_equal_width,0.06672639127531957,0.5242911568529214,0.5076563456664157,0.5,0.48596491228070177,0.7701754385964912,0.7701301579874151,0.7703884870812336,0.7701754385964912,1140.0,0.773356401384083,0.7627986348122867,0.7842105263157895,570.0,0.7669039145907474,0.7779783393501805,0.756140350877193,570.0,0.7701301579874152,0.7703884870812335,0.7701754385964912,1140.0,0.7657894736842106,0.7655150418425998,0.7670396036848404,0.7657894736842106,1140.0,0.7735368956743003,0.7487684729064039,0.8,570.0,0.7574931880108992,0.7853107344632768,0.7315789473684211,570.0,0.7655150418425997,0.7670396036848404,0.7657894736842106,1140.0,0.7701754385964912,0.7701301579874151,0.773356401384083,0.7669039145907474,0.7701301579874152,139.0,123.0,0.7703884870812336,0.7627986348122867,0.7779783393501805,0.7703884870812335,0.7701754385964912,0.7842105263157895,0.756140350877193,0.7701754385964912,447.0,431.0,0.7657894736842106,0.7655150418425998,0.7735368956743003,0.7574931880108992,0.7655150418425997,153.0,114.0,0.7670396036848404,0.7487684729064039,0.7853107344632768,0.7670396036848404,0.46578947368421053,0.7657894736842106,0.8,0.7315789473684211,0.7657894736842106,456.0,417.0,7.75,2.4978916101288378,2.46533203125,-5.2734375,570.0,0.5736842105263158,0.8315789473684211,0.0,2.459707369013517,7.75,2.4978916101288378,2.46533203125,-5.2734375,570.0,0.5631578947368421,0.8315789473684211,0.0,2.459707369013517,
shuffled_pair,73,21,2.0,full,confirmation,edb6e77b5f13d17520394c6b60f9bc7816dc78b8f63e3b5fbf63f34c524a81dd,c0b97e88ea4a885633c62f25bd2bb94a29e8bea9af7fcebc624780e2bc181e99,02b3b3662d75591a1230da3154149693de487b7678fe08b814a8a10fb13ba588,bb43d0ad549b7e57213aab7dca185a96972dab5a6e0ad093afcd5ecde5eef177,/workspace/pair-aware/results_v3/bf16/shuffled_pair/lambda_2p0/split_73/model_seed_21,True,v3,full,1,validation,f1_macro,>,closest_to_zero_then_lower,15,positive_class_equal_width,shuffled_pair,neuralmind/bert-large-portuguese-cased,aa302f6ea73b759f7df9cad58bd272127b67ec28,bf16,256,6,2e-05,8,0.01,0.1,linear,1.0,2,f1_macro,32.0,10000,0,1,0,1,4.0,2.0,False,,,,182.18335290101822,6.43624210357666,6.74609375,5,0.7736779412172082,6,2994,2.0,2994,0,299,0.19026609405931247,15,positive_class_equal_width,0.17224294484069513,0.8016660786743518,0.5061210283332837,0.5,0.49473684210526314,0.7736842105263158,0.7736779412172082,0.7737145390070922,0.7736842105263158,570.0,0.774869109947644,0.7708333333333334,0.7789473684210526,285.0,0.7724867724867724,0.776595744680851,0.7684210526315789,285.0,0.7736779412172082,0.7737145390070922,0.7736842105263158,570.0,0.7789473684210526,0.7789364819443247,0.7790023273282518,0.7789473684210526,570.0,0.7773851590106007,0.7829181494661922,0.7719298245614035,285.0,0.7804878048780488,0.7750865051903114,0.7859649122807018,285.0,0.7789364819443247,0.7790023273282518,0.7789473684210526,570.0,0.7736842105263158,0.7736779412172082,0.774869109947644,0.7724867724867724,0.7736779412172082,66,63,0.7737145390070922,0.7708333333333334,0.776595744680851,0.7737145390070922,0.7736842105263158,0.7789473684210526,0.7684210526315789,0.7736842105263158,222,219,0.7789473684210526,0.7789364819443247,0.7773851590106007,0.7804878048780488,0.7789364819443247,61,65,0.7790023273282518,0.7829181494661922,0.7750865051903114,0.7790023273282518,0.5070175438596491,0.7789473684210526,0.7719298245614035,0.7859649122807018,0.7789473684210526,220,224,13.21875,5.716349283854167,6.4580078125,-9.40625,285,0.5754385964912281,0.8491228070175438,0,5.247882059008835,13.21875,5.716349283854167,6.4580078125,-9.40625,285,0.5859649122807018,0.8491228070175438,0,5.247882059008835,434,>,0.7736779412172082,validation,f1_macro,0.46666329938806644,-0.133544921875,closest_to_zero_then_lower,0.7789364819443247,0.18719518579638425,15.0,positive_class_equal_width,0.17033937398785554,0.7907786933963629,0.4944744402067259,0.5,0.4903508771929825,0.781578947368421,0.781558609258018,0.7816838527121519,0.781578947368421,1140.0,0.7836663770634231,0.7762478485370051,0.7912280701754386,570.0,0.7794508414526129,0.7871198568872988,0.7719298245614035,570.0,0.781558609258018,0.781683852712152,0.781578947368421,1140.0,0.7842105263157895,0.7842078695951935,0.7842245232144396,0.7842105263157895,1140.0,0.784965034965035,0.7822299651567944,0.787719298245614,570.0,0.7834507042253521,0.7862190812720848,0.7807017543859649,570.0,0.7842078695951936,0.7842245232144396,0.7842105263157895,1140.0,0.781578947368421,0.781558609258018,0.7836663770634231,0.7794508414526129,0.781558609258018,130.0,119.0,0.7816838527121519,0.7762478485370051,0.7871198568872988,0.781683852712152,0.781578947368421,0.7912280701754386,0.7719298245614035,0.781578947368421,451.0,440.0,0.7842105263157895,0.7842078695951935,0.784965034965035,0.7834507042253521,0.7842078695951936,125.0,121.0,0.7842245232144396,0.7822299651567944,0.7862190812720848,0.7842245232144396,0.4964912280701754,0.7842105263157895,0.787719298245614,0.7807017543859649,0.7842105263157895,449.0,445.0,13.5,5.991702109888981,6.725341796875,-10.671875,570.0,0.5912280701754385,0.8649122807017544,0.0,5.187029529443713,13.5,5.991702109888981,6.725341796875,-10.671875,570.0,0.5947368421052631,0.8649122807017544,0.0,5.187029529443713,
shuffled_pair,73,40,2.0,full,confirmation,d06f7323ef253b5cb862c6e9ddf0c484dd5a074725290e140a01968fddcf94be,c0b97e88ea4a885633c62f25bd2bb94a29e8bea9af7fcebc624780e2bc181e99,02b3b3662d75591a1230da3154149693de487b7678fe08b814a8a10fb13ba588,bb43d0ad549b7e57213aab7dca185a96972dab5a6e0ad093afcd5ecde5eef177,/workspace/pair-aware/results_v3/bf16/shuffled_pair/lambda_2p0/split_73/model_seed_40,True,v3,full,1,validation,f1_macro,>,closest_to_zero_then_lower,15,positive_class_equal_width,shuffled_pair,neuralmind/bert-large-portuguese-cased,aa302f6ea73b759f7df9cad58bd272127b67ec28,bf16,256,6,2e-05,8,0.01,0.1,linear,1.0,2,f1_macro,32.0,10000,0,1,0,1,4.0,2.0,False,,,,121.22577157698106,6.43624210357666,6.74609375,2,0.7788793103448276,4,1996,2.0,2994,0,299,0.1714079367520856,15,positive_class_equal_width,0.10145193229272398,0.5547226093944734,0.4901795022121826,0.5,0.4824561403508772,0.7789473684210526,0.7788793103448276,0.779291217257319,0.7789473684210526,570.0,0.7827586206896552,0.7694915254237288,0.7964912280701755,285.0,0.775,0.7890909090909091,0.7614035087719299,285.0,0.7788793103448276,0.779291217257319,0.7789473684210526,570.0,0.7807017543859649,0.7805876248340935,0.7812870114488748,0.7807017543859649,570.0,0.7855917667238422,0.7684563758389261,0.8035087719298246,285.0,0.7755834829443446,0.7941176470588235,0.7578947368421053,285.0,0.7805876248340935,0.7812870114488748,0.7807017543859649,570.0,0.7789473684210526,0.7788793103448276,0.7827586206896552,0.775,0.7788793103448276,68,58,0.779291217257319,0.7694915254237288,0.7890909090909091,0.779291217257319,0.7789473684210526,0.7964912280701755,0.7614035087719299,0.7789473684210526,227,217,0.7807017543859649,0.7805876248340935,0.7855917667238422,0.7755834829443446,0.7805876248340935,69,56,0.7812870114488748,0.7684563758389261,0.7941176470588235,0.7812870114488748,0.47719298245614034,0.7807017543859649,0.8035087719298246,0.7578947368421053,0.7807017543859649,229,216,9.328125,3.2390385410241915,3.0234375,-5.09375,285,0.5684210526315789,0.8526315789473684,1,3.032289538349422,9.328125,3.2390385410241915,3.0234375,-5.09375,285,0.5719298245614035,0.8526315789473684,1,3.032289538349422,483,>,0.7788793103448276,validation,f1_macro,0.5369503352526822,0.1480712890625,closest_to_zero_then_lower,0.7805876248340935,0.1759960507477248,15.0,positive_class_equal_width,0.11641857134119607,0.5583998098316861,0.4567312800388847,0.5,0.4412280701754386,0.7675438596491229,0.7667381405918103,0.7712921841010452,0.7675438596491229,1140.0,0.7804473902236951,0.7394034536891679,0.8263157894736842,570.0,0.7530288909599254,0.8031809145129225,0.7087719298245614,570.0,0.7667381405918102,0.7712921841010452,0.7675438596491229,1140.0,0.7640350877192983,0.7630093317104272,0.7686868686868686,0.7640350877192983,1140.0,0.7786008230452675,0.7333333333333333,0.8298245614035088,570.0,0.7474178403755869,0.804040404040404,0.6982456140350877,570.0,0.7630093317104271,0.7686868686868686,0.7640350877192983,1140.0,0.7675438596491229,0.7667381405918103,0.7804473902236951,0.7530288909599254,0.7667381405918102,166.0,99.0,0.7712921841010452,0.7394034536891679,0.8031809145129225,0.7712921841010452,0.7675438596491229,0.8263157894736842,0.7087719298245614,0.7675438596491229,471.0,404.0,0.7640350877192983,0.7630093317104272,0.7786008230452675,0.7474178403755869,0.7630093317104271,172.0,97.0,0.7686868686868686,0.7333333333333333,0.804040404040404,0.7686868686868686,0.4342105263157895,0.7640350877192983,0.8298245614035088,0.6982456140350877,0.7640350877192983,473.0,398.0,9.96875,3.2993138765033923,3.16015625,-6.71875,570.0,0.5631578947368421,0.8578947368421053,0.0,3.1564656023265862,9.96875,3.2993138765033923,3.16015625,-6.71875,570.0,0.5596491228070175,0.8578947368421053,0.0,3.1564656023265862,
shuffled_pair,73,42,2.0,full,confirmation,99f3b059795a8c42214d45d0a2386fdb2e800933752cd7bf8cf1e3e5e773ddac,c0b97e88ea4a885633c62f25bd2bb94a29e8bea9af7fcebc624780e2bc181e99,02b3b3662d75591a1230da3154149693de487b7678fe08b814a8a10fb13ba588,bb43d0ad549b7e57213aab7dca185a96972dab5a6e0ad093afcd5ecde5eef177,/workspace/pair-aware/results_v3/bf16/shuffled_pair/lambda_2p0/split_73/model_seed_42,True,v3,full,1,validation,f1_macro,>,closest_to_zero_then_lower,15,positive_class_equal_width,shuffled_pair,neuralmind/bert-large-portuguese-cased,aa302f6ea73b759f7df9cad58bd272127b67ec28,bf16,256,6,2e-05,8,0.01,0.1,linear,1.0,2,f1_macro,32.0,10000,0,1,0,1,4.0,2.0,False,,,,180.69470648502465,6.43624210357666,6.74609375,4,0.7666314710436477,6,2994,2.0,2994,0,299,0.20129755859817433,15,positive_class_equal_width,0.18832945747518148,0.9289412992645751,0.49827442398592436,0.5,0.48771929824561405,0.7666666666666667,0.7666314710436477,0.7668276337833843,0.7666666666666666,570.0,0.7694974003466204,0.7602739726027398,0.7789473684210526,285.0,0.7637655417406749,0.7733812949640287,0.7543859649122807,285.0,0.7666314710436476,0.7668276337833843,0.7666666666666667,570.0,0.7736842105263158,0.7733766053646223,0.7751782531194296,0.7736842105263158,570.0,0.7817258883248731,0.7549019607843137,0.8105263157894737,285.0,0.7650273224043715,0.7954545454545454,0.7368421052631579,285.0,0.7733766053646224,0.7751782531194297,0.7736842105263158,570.0,0.7666666666666667,0.7666314710436477,0.7694974003466204,0.7637655417406749,0.7666314710436476,70,63,0.7668276337833843,0.7602739726027398,0.7733812949640287,0.7668276337833843,0.7666666666666666,0.7789473684210526,0.7543859649122807,0.7666666666666667,222,215,0.7736842105263158,0.7733766053646223,0.7817258883248731,0.7650273224043715,0.7733766053646224,75,54,0.7751782531194296,0.7549019607843137,0.7954545454545454,0.7751782531194297,0.4631578947368421,0.7736842105263158,0.8105263157894737,0.7368421052631579,0.7736842105263158,231,210,15.5625,6.379829915364583,7.279296875,-12.53125,285,0.5719298245614035,0.8175438596491228,0,6.188633169009344,15.5625,6.379829915364583,7.279296875,-12.53125,285,0.5754385964912281,0.8175438596491228,0,6.188633169009344,443,>,0.7666314710436477,validation,f1_macro,0.6798167280332414,0.7529296875,closest_to_zero_then_lower,0.7733766053646223,0.19741810090897915,15.0,positive_class_equal_width,0.17910116563094605,0.9290661782769466,0.4716640418443923,0.5,0.46403508771929824,0.7745614035087719,0.7742694266745459,0.7759893446858013,0.7745614035087719,1140.0,0.7823878069432684,0.7561374795417348,0.8105263157894737,570.0,0.7661510464058234,0.7958412098298677,0.7385964912280701,570.0,0.7742694266745458,0.7759893446858013,0.7745614035087719,1140.0,0.7657894736842106,0.7648251409480704,0.7702216408873146,0.7657894736842106,1140.0,0.7798845836768343,0.7356143079315708,0.8298245614035088,570.0,0.7497656982193065,0.8048289738430584,0.7017543859649122,570.0,0.7648251409480704,0.7702216408873146,0.7657894736842106,1140.0,0.7745614035087719,0.7742694266745459,0.7823878069432684,0.7661510464058234,0.7742694266745458,149.0,108.0,0.7759893446858013,0.7561374795417348,0.7958412098298677,0.7759893446858013,0.7745614035087719,0.8105263157894737,0.7385964912280701,0.7745614035087719,462.0,421.0,0.7657894736842106,0.7648251409480704,0.7798845836768343,0.7497656982193065,0.7648251409480704,170.0,97.0,0.7702216408873146,0.7356143079315708,0.8048289738430584,0.7702216408873146,0.4359649122807018,0.7657894736842106,0.8298245614035088,0.7017543859649122,0.7657894736842106,473.0,400.0,15.640625,6.426054870873167,7.21875,-13.796875,570.0,0.5859649122807018,0.8543859649122807,1.0,6.072685666238758,15.640625,6.426054870873167,7.21875,-13.796875,570.0,0.5701754385964912,0.8543859649122807,1.0,6.072685666238758,
shuffled_pair,73,73,2.0,full,confirmation,a192e6f8c65b29088ac56d79b457b5e1725b9e86dda03a9e1286a21a94372972,c0b97e88ea4a885633c62f25bd2bb94a29e8bea9af7fcebc624780e2bc181e99,02b3b3662d75591a1230da3154149693de487b7678fe08b814a8a10fb13ba588,bb43d0ad549b7e57213aab7dca185a96972dab5a6e0ad093afcd5ecde5eef177,/workspace/pair-aware/results_v3/bf16/shuffled_pair/lambda_2p0/split_73/model_seed_73,True,v3,full,1,validation,f1_macro,>,closest_to_zero_then_lower,15,positive_class_equal_width,shuffled_pair,neuralmind/bert-large-portuguese-cased,aa302f6ea73b759f7df9cad58bd272127b67ec28,bf16,256,6,2e-05,8,0.01,0.1,linear,1.0,2,f1_macro,32.0,10000,0,1,0,1,4.0,2.0,False,,,,150.1772491330048,6.43624210357666,6.74609375,3,0.7806200524048661,5,2495,2.0,2994,0,299,0.17570756289167577,15,positive_class_equal_width,0.11595694392613681,0.583935455356956,0.5118098429512258,0.5,0.519298245614035,0.7807017543859649,0.7806200524048661,0.7811205365949891,0.7807017543859649,570.0,0.776386404293381,0.791970802919708,0.7614035087719299,285.0,0.7848537005163512,0.7702702702702703,0.8,285.0,0.7806200524048661,0.7811205365949891,0.7807017543859649,570.0,0.7842105263157895,0.7841567149704913,0.7844942324755989,0.7842105263157895,570.0,0.7807486631016043,0.7934782608695652,0.7684210526315789,285.0,0.7875647668393783,0.7755102040816326,0.8,285.0,0.7841567149704913,0.7844942324755989,0.7842105263157895,570.0,0.7807017543859649,0.7806200524048661,0.776386404293381,0.7848537005163512,0.7806200524048661,57,68,0.7811205365949891,0.791970802919708,0.7702702702702703,0.7811205365949891,0.7807017543859649,0.7614035087719299,0.8,0.7807017543859649,217,228,0.7842105263157895,0.7841567149704913,0.7807486631016043,0.7875647668393783,0.7841567149704913,57,66,0.7844942324755989,0.7934782608695652,0.7755102040816326,0.7844942324755989,0.5157894736842106,0.7842105263157895,0.7684210526315789,0.8,0.7842105263157895,219,228,10.65625,3.4837513170744243,3.52734375,-7.3359375,285,0.5894736842105263,0.8350877192982457,2,3.351951738385448,10.65625,3.4837513170744243,3.52734375,-7.3359375,285,0.5929824561403508,0.8350877192982457,2,3.351951738385448,480,>,0.7806200524048661,validation,f1_macro,0.5006713863152378,0.002685546875,closest_to_zero_then_lower,0.7841567149704913,0.17103917015388131,15.0,positive_class_equal_width,0.1102349513233257,0.5558742528498937,0.48564329457084937,0.5,0.4763157894736842,0.7710526315789473,0.770924133343496,0.7716621782947888,0.7710526315789474,1140.0,0.7763496143958869,0.7587939698492462,0.7947368421052632,570.0,0.7654986522911051,0.7845303867403315,0.7473684210526316,570.0,0.7709241333434961,0.7716621782947888,0.7710526315789473,1140.0,0.7710526315789473,0.770924133343496,0.7716621782947888,0.7710526315789474,1140.0,0.7763496143958869,0.7587939698492462,0.7947368421052632,570.0,0.7654986522911051,0.7845303867403315,0.7473684210526316,570.0,0.7709241333434961,0.7716621782947888,0.7710526315789473,1140.0,0.7710526315789473,0.770924133343496,0.7763496143958869,0.7654986522911051,0.7709241333434961,144.0,117.0,0.7716621782947888,0.7587939698492462,0.7845303867403315,0.7716621782947888,0.7710526315789474,0.7947368421052632,0.7473684210526316,0.7710526315789473,453.0,426.0,0.7710526315789473,0.770924133343496,0.7763496143958869,0.7654986522911051,0.7709241333434961,144.0,117.0,0.7716621782947888,0.7587939698492462,0.7845303867403315,0.7716621782947888,0.4763157894736842,0.7710526315789474,0.7947368421052632,0.7473684210526316,0.7710526315789473,453.0,426.0,10.328125,3.519102277358373,3.60546875,-7.5625,570.0,0.5771929824561404,0.8649122807017544,0.0,3.2648167511743895,10.328125,3.519102277358373,3.60546875,-7.5625,570.0,0.5771929824561404,0.8649122807017544,0.0,3.2648167511743895,
shuffled_pair,73,101,2.0,full,confirmation,ad08de1444d7ddf76996f41b01600b8724cfb20655d572eccb68a02e87858595,c0b97e88ea4a885633c62f25bd2bb94a29e8bea9af7fcebc624780e2bc181e99,02b3b3662d75591a1230da3154149693de487b7678fe08b814a8a10fb13ba588,bb43d0ad549b7e57213aab7dca185a96972dab5a6e0ad093afcd5ecde5eef177,/workspace/pair-aware/results_v3/bf16/shuffled_pair/lambda_2p0/split_73/model_seed_101,True,v3,full,1,validation,f1_macro,>,closest_to_zero_then_lower,15,positive_class_equal_width,shuffled_pair,neuralmind/bert-large-portuguese-cased,aa302f6ea73b759f7df9cad58bd272127b67ec28,bf16,256,6,2e-05,8,0.01,0.1,linear,1.0,2,f1_macro,32.0,10000,0,1,0,1,4.0,2.0,False,,,,150.9241471979767,6.43624210357666,6.74609375,3,0.7858700070206555,5,2495,2.0,2994,0,299,0.18401268543363272,15,positive_class_equal_width,0.16254936000632714,0.7214656067946882,0.5324023198496909,0.5,0.5210526315789473,0.7859649122807018,0.7858700070206555,0.7864727864727865,0.7859649122807018,570.0,0.7813620071684588,0.7985347985347986,0.7649122807017544,285.0,0.7903780068728522,0.7744107744107744,0.8070175438596491,285.0,0.7858700070206556,0.7864727864727865,0.7859649122807018,570.0,0.7912280701754386,0.791083391083391,0.7920370370370371,0.7912280701754386,570.0,0.7855855855855856,0.8074074074074075,0.7649122807017544,285.0,0.7965811965811965,0.7766666666666666,0.8175438596491228,285.0,0.791083391083391,0.792037037037037,0.7912280701754386,570.0,0.7859649122807018,0.7858700070206555,0.7813620071684588,0.7903780068728522,0.7858700070206556,55,67,0.7864727864727865,0.7985347985347986,0.7744107744107744,0.7864727864727865,0.7859649122807018,0.7649122807017544,0.8070175438596491,0.7859649122807018,218,230,0.7912280701754386,0.791083391083391,0.7855855855855856,0.7965811965811965,0.791083391083391,52,67,0.7920370370370371,0.8074074074074075,0.7766666666666666,0.792037037037037,0.5263157894736842,0.7912280701754386,0.7649122807017544,0.8175438596491228,0.7912280701754386,218,233,11.859375,4.745791010271039,5.18359375,-7.9375,285,0.5929824561403508,0.8385964912280702,1,4.335611767127264,11.859375,4.745791010271039,5.18359375,-7.9375,285,0.6,0.8385964912280702,1,4.335611767127264,424,>,0.7858700070206555,validation,f1_macro,0.48340453559462787,-0.06640625,closest_to_zero_then_lower,0.791083391083391,0.18783698033702403,15.0,positive_class_equal_width,0.1560150037671436,0.708116708548766,0.5093662614873661,0.5,0.4921052631578947,0.769298245614035,0.7692838657995766,0.7693654004230048,0.7692982456140351,1140.0,0.7711053089643168,0.7651122625215889,0.7771929824561403,570.0,0.7674624226348364,0.7736185383244206,0.7614035087719299,570.0,0.7692838657995765,0.7693654004230047,0.769298245614035,1140.0,0.7701754385964912,0.770174731224165,0.7701787648970748,0.7701754385964912,1140.0,0.7705779334500875,0.7692307692307693,0.7719298245614035,570.0,0.7697715289982425,0.7711267605633803,0.7684210526315789,570.0,0.770174731224165,0.7701787648970748,0.7701754385964912,1140.0,0.769298245614035,0.7692838657995766,0.7711053089643168,0.7674624226348364,0.7692838657995765,136.0,127.0,0.7693654004230048,0.7651122625215889,0.7736185383244206,0.7693654004230047,0.7692982456140351,0.7771929824561403,0.7614035087719299,0.769298245614035,443.0,434.0,0.7701754385964912,0.770174731224165,0.7705779334500875,0.7697715289982425,0.770174731224165,132.0,130.0,0.7701787648970748,0.7692307692307693,0.7711267605633803,0.7701787648970748,0.4982456140350877,0.7701754385964912,0.7719298245614035,0.7684210526315789,0.7701754385964912,440.0,438.0,12.0,4.7955983078270625,4.80517578125,-9.890625,570.0,0.5614035087719298,0.8631578947368421,2.0,4.373266090289994,12.0,4.7955983078270625,4.80517578125,-9.890625,570.0,0.5614035087719298,0.8631578947368421,2.0,4.373266090289994,
shuffled_pair,101,13,2.0,full,confirmation,bc60d35995ab2a2d36aa0e652eebdf55c5bc5eb69f7158de68cabc7563bd6afc,c0b97e88ea4a885633c62f25bd2bb94a29e8bea9af7fcebc624780e2bc181e99,19cfd33b81c6deff489e458f0eee040d005eaea9718d148a3418985c56da9eda,bb43d0ad549b7e57213aab7dca185a96972dab5a6e0ad093afcd5ecde5eef177,/workspace/pair-aware/results_v3/bf16/shuffled_pair/lambda_2p0/split_101/model_seed_13,True,v3,full,1,validation,f1_macro,>,closest_to_zero_then_lower,15,positive_class_equal_width,shuffled_pair,neuralmind/bert-large-portuguese-cased,aa302f6ea73b759f7df9cad58bd272127b67ec28,bf16,256,6,2e-05,8,0.01,0.1,linear,1.0,2,f1_macro,32.0,10000,0,1,0,1,4.0,2.0,False,,,,150.73323666199576,6.43624210357666,6.74609375,3,0.7771922966829692,5,2495,2.0,2994,0,299,0.1836356895807558,15,positive_class_equal_width,0.1523911378197092,0.663962115702362,0.5001034606792545,0.5,0.5017543859649123,0.7771929824561403,0.7771922966829692,0.7771963951541416,0.7771929824561403,570.0,0.7768014059753954,0.778169014084507,0.775438596491228,285.0,0.7775831873905429,0.7762237762237763,0.7789473684210526,285.0,0.7771922966829692,0.7771963951541415,0.7771929824561403,570.0,0.7789473684210526,0.7789446469023933,0.7789611061178758,0.7789473684210526,570.0,0.778169014084507,0.7809187279151943,0.775438596491228,285.0,0.7797202797202797,0.7770034843205574,0.7824561403508772,285.0,0.7789446469023933,0.778961106117876,0.7789473684210526,570.0,0.7771929824561403,0.7771922966829692,0.7768014059753954,0.7775831873905429,0.7771922966829692,63,64,0.7771963951541416,0.778169014084507,0.7762237762237763,0.7771963951541415,0.7771929824561403,0.775438596491228,0.7789473684210526,0.7771929824561403,221,222,0.7789473684210526,0.7789446469023933,0.778169014084507,0.7797202797202797,0.7789446469023933,62,64,0.7789611061178758,0.7809187279151943,0.7770034843205574,0.778961106117876,0.5035087719298246,0.7789473684210526,0.775438596491228,0.7824561403508772,0.7789473684210526,221,223,12.53125,4.42734803316886,5.03515625,-8.1171875,285,0.5789473684210527,0.8245614035087719,0,4.245879429780666,12.53125,4.42734803316886,5.03515625,-8.1171875,285,0.5789473684210527,0.8245614035087719,0,4.245879429780666,475,>,0.7771922966829692,validation,f1_macro,0.47706688313222806,-0.091796875,closest_to_zero_then_lower,0.7789446469023933,0.21974499655337318,15.0,positive_class_equal_width,0.18184921595413503,0.7945643636977641,0.4924917289768468,0.5,0.47543859649122805,0.7210526315789474,0.7208842515029072,0.7215873329301854,0.7210526315789474,1140.0,0.7277397260273972,0.7107023411371237,0.7456140350877193,570.0,0.7140287769784173,0.7324723247232472,0.6964912280701754,570.0,0.7208842515029072,0.7215873329301855,0.7210526315789474,1140.0,0.7175438596491228,0.7174568965517241,0.7178120184899845,0.7175438596491228,1140.0,0.7224137931034482,0.7101694915254237,0.7350877192982456,570.0,0.7125,0.7254545454545455,0.7,570.0,0.7174568965517241,0.7178120184899845,0.7175438596491228,1140.0,0.7210526315789474,0.7208842515029072,0.7277397260273972,0.7140287769784173,0.7208842515029072,173.0,145.0,0.7215873329301854,0.7107023411371237,0.7324723247232472,0.7215873329301855,0.7210526315789474,0.7456140350877193,0.6964912280701754,0.7210526315789474,425.0,397.0,0.7175438596491228,0.7174568965517241,0.7224137931034482,0.7125,0.7174568965517241,171.0,151.0,0.7178120184899845,0.7101694915254237,0.7254545454545455,0.7178120184899845,0.4824561403508772,0.7175438596491228,0.7350877192982456,0.7,0.7175438596491228,419.0,399.0,13.03125,3.764373136821546,3.213623046875,-7.8203125,570.0,0.47543859649122805,0.8070175438596491,3.0,4.063870351085782,13.03125,3.764373136821546,3.213623046875,-7.8203125,570.0,0.47017543859649125,0.8070175438596491,3.0,4.063870351085782,
shuffled_pair,101,21,2.0,full,confirmation,d5d71172888c48d815cc87a6c92eb8810c23abbf7e1efa66491d5d90d3ec1ae5,c0b97e88ea4a885633c62f25bd2bb94a29e8bea9af7fcebc624780e2bc181e99,19cfd33b81c6deff489e458f0eee040d005eaea9718d148a3418985c56da9eda,bb43d0ad549b7e57213aab7dca185a96972dab5a6e0ad093afcd5ecde5eef177,/workspace/pair-aware/results_v3/bf16/shuffled_pair/lambda_2p0/split_101/model_seed_21,True,v3,full,1,validation,f1_macro,>,closest_to_zero_then_lower,15,positive_class_equal_width,shuffled_pair,neuralmind/bert-large-portuguese-cased,aa302f6ea73b759f7df9cad58bd272127b67ec28,bf16,256,6,2e-05,8,0.01,0.1,linear,1.0,2,f1_macro,32.0,10000,0,1,0,1,4.0,2.0,False,,,,181.28633270703722,6.43624210357666,6.74609375,5,0.771115449243847,6,2994,2.0,2994,0,299,0.2035307588483495,15,positive_class_equal_width,0.19808024858671652,1.0702446805149026,0.4410197073706222,0.5,0.44035087719298244,0.7719298245614035,0.771115449243847,0.7758558243514968,0.7719298245614035,570.0,0.7847682119205298,0.7429467084639498,0.8315789473684211,285.0,0.7574626865671642,0.8087649402390438,0.712280701754386,285.0,0.771115449243847,0.7758558243514968,0.7719298245614035,570.0,0.7789473684210526,0.7789473684210526,0.7789473684210526,0.7789473684210526,570.0,0.7789473684210526,0.7789473684210526,0.7789473684210526,285.0,0.7789473684210526,0.7789473684210526,0.7789473684210526,285.0,0.7789473684210526,0.7789473684210526,0.7789473684210526,570.0,0.7719298245614035,0.771115449243847,0.7847682119205298,0.7574626865671642,0.771115449243847,82,48,0.7758558243514968,0.7429467084639498,0.8087649402390438,0.7758558243514968,0.7719298245614035,0.8315789473684211,0.712280701754386,0.7719298245614035,237,203,0.7789473684210526,0.7789473684210526,0.7789473684210526,0.7789473684210526,0.7789473684210526,63,63,0.7789473684210526,0.7789473684210526,0.7789473684210526,0.7789473684210526,0.5,0.7789473684210526,0.7789473684210526,0.7789473684210526,0.7789473684210526,222,222,16.515625,7.05959761770148,8.0703125,-15.46875,285,0.5684210526315789,0.856140350877193,2,6.434026701643259,16.515625,7.05959761770148,8.0703125,-15.46875,285,0.5789473684210527,0.856140350877193,2,6.434026701643259,413,>,0.771115449243847,validation,f1_macro,0.08850466206993422,-2.33203125,closest_to_zero_then_lower,0.7789473684210526,0.24645043535419084,15.0,positive_class_equal_width,0.23566374787903924,1.2691927642866185,0.4421048906055118,0.5,0.44473684210526315,0.7289473684210527,0.7281170333219875,0.7317787935724501,0.7289473684210526,1140.0,0.743142144638404,0.7061611374407583,0.7842105263157895,570.0,0.713091922005571,0.757396449704142,0.6736842105263158,570.0,0.7281170333219875,0.7317787935724502,0.7289473684210527,1140.0,0.7315789473684211,0.7315657280752514,0.7316245736310014,0.7315789473684211,1140.0,0.7296819787985865,0.7348754448398577,0.724561403508772,570.0,0.7334494773519163,0.7283737024221453,0.7385964912280701,570.0,0.7315657280752514,0.7316245736310015,0.7315789473684211,1140.0,0.7289473684210527,0.7281170333219875,0.743142144638404,0.713091922005571,0.7281170333219875,186.0,123.0,0.7317787935724501,0.7061611374407583,0.757396449704142,0.7317787935724502,0.7289473684210526,0.7842105263157895,0.6736842105263158,0.7289473684210527,447.0,384.0,0.7315789473684211,0.7315657280752514,0.7296819787985865,0.7334494773519163,0.7315657280752514,149.0,157.0,0.7316245736310014,0.7348754448398577,0.7283737024221453,0.7316245736310015,0.5070175438596491,0.7315789473684211,0.724561403508772,0.7385964912280701,0.7315789473684211,413.0,421.0,16.4375,5.950958733809622,4.86328125,-13.921875,570.0,0.49473684210526314,0.8105263157894737,1.0,6.386114422964344,16.4375,5.950958733809622,4.86328125,-13.921875,570.0,0.5,0.8105263157894737,1.0,6.386114422964344,
shuffled_pair,101,40,2.0,full,confirmation,4302f38cf6e6aca91d46b6b68919ab0bce4ecc0c83a8b781811cdcc0961c6918,c0b97e88ea4a885633c62f25bd2bb94a29e8bea9af7fcebc624780e2bc181e99,19cfd33b81c6deff489e458f0eee040d005eaea9718d148a3418985c56da9eda,bb43d0ad549b7e57213aab7dca185a96972dab5a6e0ad093afcd5ecde5eef177,/workspace/pair-aware/results_v3/bf16/shuffled_pair/lambda_2p0/split_101/model_seed_40,True,v3,full,1,validation,f1_macro,>,closest_to_zero_then_lower,15,positive_class_equal_width,shuffled_pair,neuralmind/bert-large-portuguese-cased,aa302f6ea73b759f7df9cad58bd272127b67ec28,bf16,256,6,2e-05,8,0.01,0.1,linear,1.0,2,f1_macro,32.0,10000,0,1,0,1,4.0,2.0,False,,,,180.79540775704663,6.43624210357666,6.74609375,4,0.7763497335290028,6,2994,2.0,2994,0,299,0.18606233801573707,15,positive_class_equal_width,0.16835064593319737,0.8098987453639743,0.4420695808443255,0.5,0.43859649122807015,0.7771929824561403,0.7763497335290028,0.7814375,0.7771929824561403,570.0,0.7900826446280992,0.746875,0.8385964912280702,285.0,0.7626168224299066,0.816,0.7157894736842105,285.0,0.7763497335290028,0.7814374999999999,0.7771929824561403,570.0,0.7929824561403509,0.791957933807609,0.7988697017268446,0.7929824561403509,570.0,0.7773584905660378,0.8408163265306122,0.7228070175438597,285.0,0.8065573770491803,0.7569230769230769,0.8631578947368421,285.0,0.791957933807609,0.7988697017268446,0.7929824561403509,570.0,0.7771929824561403,0.7763497335290028,0.7900826446280992,0.7626168224299066,0.7763497335290028,81,46,0.7814375,0.746875,0.816,0.7814374999999999,0.7771929824561403,0.8385964912280702,0.7157894736842105,0.7771929824561403,239,204,0.7929824561403509,0.791957933807609,0.7773584905660378,0.8065573770491803,0.791957933807609,39,79,0.7988697017268446,0.8408163265306122,0.7569230769230769,0.7988697017268446,0.5701754385964912,0.7929824561403509,0.7228070175438597,0.8631578947368421,0.7929824561403509,206,246,17.0625,6.489723392955044,7.107421875,-13.90625,285,0.5824561403508772,0.856140350877193,1,5.778385244996892,17.0625,6.489723392955044,7.107421875,-13.90625,285,0.6105263157894737,0.856140350877193,1,5.778385244996892,482,>,0.7763497335290028,validation,f1_macro,0.06325052199347327,-2.6953125,closest_to_zero_then_lower,0.791957933807609,0.2414210496982312,15.0,positive_class_equal_width,0.2289956703333672,1.1327448817334005,0.4539650809316473,0.5,0.45526315789473687,0.7271929824561404,0.7266458956406289,0.7290264630048495,0.7271929824561403,1140.0,0.7388748950461796,0.7085346215780999,0.7719298245614035,570.0,0.7144168962350781,0.7495183044315993,0.6824561403508772,570.0,0.7266458956406289,0.7290264630048496,0.7271929824561404,1140.0,0.7280701754385965,0.7271556556139229,0.7311695118298891,0.7280701754385965,1140.0,0.7113594040968343,0.7579365079365079,0.6701754385964912,570.0,0.7429519071310116,0.7044025157232704,0.7859649122807018,570.0,0.7271556556139229,0.7311695118298891,0.7280701754385965,1140.0,0.7271929824561404,0.7266458956406289,0.7388748950461796,0.7144168962350781,0.7266458956406289,181.0,130.0,0.7290264630048495,0.7085346215780999,0.7495183044315993,0.7290264630048496,0.7271929824561403,0.7719298245614035,0.6824561403508772,0.7271929824561404,440.0,389.0,0.7280701754385965,0.7271556556139229,0.7113594040968343,0.7429519071310116,0.7271556556139229,122.0,188.0,0.7311695118298891,0.7579365079365079,0.7044025157232704,0.7311695118298891,0.5578947368421052,0.7280701754385965,0.6701754385964912,0.7859649122807018,0.7280701754385965,382.0,448.0,17.09375,5.335900403742205,4.4661865234375,-12.515625,570.0,0.48947368421052634,0.8105263157894737,3.0,5.877060601496302,17.09375,5.335900403742205,4.4661865234375,-12.515625,570.0,0.49122807017543857,0.8105263157894737,3.0,5.877060601496302,
shuffled_pair,101,42,2.0,full,confirmation,26bd0bc1e40c7c033f91720aeaf5475bef8fb2c7d2d20a39447ab3f2913ad879,c0b97e88ea4a885633c62f25bd2bb94a29e8bea9af7fcebc624780e2bc181e99,19cfd33b81c6deff489e458f0eee040d005eaea9718d148a3418985c56da9eda,bb43d0ad549b7e57213aab7dca185a96972dab5a6e0ad093afcd5ecde5eef177,/workspace/pair-aware/results_v3/bf16/shuffled_pair/lambda_2p0/split_101/model_seed_42,True,v3,full,1,validation,f1_macro,>,closest_to_zero_then_lower,15,positive_class_equal_width,shuffled_pair,neuralmind/bert-large-portuguese-cased,aa302f6ea73b759f7df9cad58bd272127b67ec28,bf16,256,6,2e-05,8,0.01,0.1,linear,1.0,2,f1_macro,32.0,10000,0,1,0,1,4.0,2.0,False,,,,181.1290281160036,6.43624210357666,6.74609375,6,0.7795612262892961,6,2994,2.0,2994,0,299,0.2079210397520927,15,positive_class_equal_width,0.2103062516971911,1.2943950083970293,0.4312669210259463,0.5,0.4280701754385965,0.7807017543859649,0.7795612262892961,0.7866338127325757,0.7807017543859649,570.0,0.795417348608838,0.745398773006135,0.8526315789473684,285.0,0.7637051039697542,0.8278688524590164,0.7087719298245614,285.0,0.7795612262892961,0.7866338127325757,0.7807017543859649,570.0,0.7982456140350878,0.797567099326459,0.802298592392932,0.7982456140350878,570.0,0.7858472998137802,0.8373015873015873,0.7403508771929824,285.0,0.8092868988391376,0.7672955974842768,0.856140350877193,285.0,0.797567099326459,0.8022985923929321,0.7982456140350878,570.0,0.7807017543859649,0.7795612262892961,0.795417348608838,0.7637051039697542,0.7795612262892961,83,42,0.7866338127325757,0.745398773006135,0.8278688524590164,0.7866338127325757,0.7807017543859649,0.8526315789473684,0.7087719298245614,0.7807017543859649,243,202,0.7982456140350878,0.797567099326459,0.7858472998137802,0.8092868988391376,0.797567099326459,41,74,0.802298592392932,0.8373015873015873,0.7672955974842768,0.8022985923929321,0.5578947368421052,0.7982456140350878,0.7403508771929824,0.856140350877193,0.7982456140350878,211,244,19.65625,9.369852112887198,11.15625,-19.3125,285,0.5894736842105263,0.8631578947368421,1,8.340642853041505,19.65625,9.369852112887198,11.15625,-19.3125,285,0.6175438596491228,0.8631578947368421,1,8.340642853041505,361,>,0.7795612262892961,validation,f1_macro,0.00359360258142009,-5.625,closest_to_zero_then_lower,0.797567099326459,0.256728420356473,15.0,positive_class_equal_width,0.2527197025163349,1.69973909553563,0.42648016275668565,0.5,0.4263157894736842,0.7280701754385965,0.7265857100415924,0.7331332351719712,0.7280701754385965,1140.0,0.7467320261437909,0.6987767584097859,0.8017543859649123,570.0,0.7064393939393939,0.7674897119341564,0.6543859649122807,570.0,0.7265857100415924,0.7331332351719712,0.7280701754385965,1140.0,0.7385964912280701,0.7380514705882353,0.740598890116575,0.7385964912280703,1140.0,0.7261029411764706,0.7625482625482626,0.6929824561403509,570.0,0.75,0.7186495176848875,0.7842105263157895,570.0,0.7380514705882354,0.740598890116575,0.7385964912280701,1140.0,0.7280701754385965,0.7265857100415924,0.7467320261437909,0.7064393939393939,0.7265857100415924,197.0,113.0,0.7331332351719712,0.6987767584097859,0.7674897119341564,0.7331332351719712,0.7280701754385965,0.8017543859649123,0.6543859649122807,0.7280701754385965,457.0,373.0,0.7385964912280701,0.7380514705882353,0.7261029411764706,0.75,0.7380514705882354,123.0,175.0,0.740598890116575,0.7625482625482626,0.7186495176848875,0.740598890116575,0.5456140350877193,0.7385964912280703,0.6929824561403509,0.7842105263157895,0.7385964912280701,395.0,447.0,19.9375,7.64767777292352,6.5830078125,-17.3125,570.0,0.48947368421052634,0.8052631578947368,3.0,8.197391660438706,19.9375,7.64767777292352,6.5830078125,-17.3125,570.0,0.5070175438596491,0.8052631578947368,3.0,8.197391660438706,
shuffled_pair,101,73,2.0,full,confirmation,e99d2f8c2ad7543637c34ac4b70390d61550f35656ba57b46ae00ac719831944,c0b97e88ea4a885633c62f25bd2bb94a29e8bea9af7fcebc624780e2bc181e99,19cfd33b81c6deff489e458f0eee040d005eaea9718d148a3418985c56da9eda,bb43d0ad549b7e57213aab7dca185a96972dab5a6e0ad093afcd5ecde5eef177,/workspace/pair-aware/results_v3/bf16/shuffled_pair/lambda_2p0/split_101/model_seed_73,True,v3,full,1,validation,f1_macro,>,closest_to_zero_then_lower,15,positive_class_equal_width,shuffled_pair,neuralmind/bert-large-portuguese-cased,aa302f6ea73b759f7df9cad58bd272127b67ec28,bf16,256,6,2e-05,8,0.01,0.1,linear,1.0,2,f1_macro,32.0,10000,0,1,0,1,4.0,2.0,False,,,,180.3372341679642,6.43624210357666,6.74609375,6,0.7757955865272939,6,2994,2.0,2994,0,299,0.21350853966174974,15,positive_class_equal_width,0.21396366135739125,1.254013204047663,0.4204772054307343,0.5,0.42105263157894735,0.7771929824561403,0.7757955865272939,0.784280303030303,0.7771929824561403,570.0,0.7934959349593496,0.7393939393939394,0.856140350877193,285.0,0.758095238095238,0.8291666666666667,0.6982456140350877,285.0,0.7757955865272937,0.784280303030303,0.7771929824561403,570.0,0.7824561403508772,0.7824534620309268,0.7824700508489184,0.7824561403508772,570.0,0.7816901408450704,0.784452296819788,0.7789473684210526,285.0,0.7832167832167832,0.7804878048780488,0.7859649122807018,285.0,0.7824534620309269,0.7824700508489184,0.7824561403508772,570.0,0.7771929824561403,0.7757955865272939,0.7934959349593496,0.758095238095238,0.7757955865272937,86,41,0.784280303030303,0.7393939393939394,0.8291666666666667,0.784280303030303,0.7771929824561403,0.856140350877193,0.6982456140350877,0.7771929824561403,244,199,0.7824561403508772,0.7824534620309268,0.7816901408450704,0.7832167832167832,0.7824534620309269,61,63,0.7824700508489184,0.784452296819788,0.7804878048780488,0.7824700508489184,0.5035087719298246,0.7824561403508772,0.7789473684210526,0.7859649122807018,0.7824561403508772,222,224,16.921875,7.844120279947917,9.9296875,-16.28125,285,0.5929824561403508,0.8350877192982457,4,7.60068285974385,16.921875,7.844120279947917,9.9296875,-16.28125,285,0.5894736842105263,0.8350877192982457,4,7.60068285974385,345,>,0.7757955865272939,validation,f1_macro,0.013532148655407103,-4.2890625,closest_to_zero_then_lower,0.7824534620309268,0.266960363649207,15.0,positive_class_equal_width,0.2691098920821624,1.5693724598414838,0.41175550629443325,0.5,0.4114035087719298,0.7149122807017544,0.7126568269403032,0.7218786840758947,0.7149122807017544,1140.0,0.7381144238517324,0.6825633383010432,0.8035087719298246,570.0,0.687199230028874,0.7611940298507462,0.6263157894736842,570.0,0.7126568269403032,0.7218786840758946,0.7149122807017544,1140.0,0.7385964912280701,0.7385932729242588,0.7386082417108877,0.7385964912280701,1140.0,0.7395104895104895,0.7369337979094077,0.7421052631578947,570.0,0.7376760563380281,0.7402826855123675,0.7350877192982456,570.0,0.7385932729242588,0.7386082417108876,0.7385964912280701,1140.0,0.7149122807017544,0.7126568269403032,0.7381144238517324,0.687199230028874,0.7126568269403032,213.0,112.0,0.7218786840758947,0.6825633383010432,0.7611940298507462,0.7218786840758946,0.7149122807017544,0.8035087719298246,0.6263157894736842,0.7149122807017544,458.0,357.0,0.7385964912280701,0.7385932729242588,0.7395104895104895,0.7376760563380281,0.7385932729242588,151.0,147.0,0.7386082417108877,0.7369337979094077,0.7402826855123675,0.7386082417108876,0.4964912280701754,0.7385964912280701,0.7421052631578947,0.7350877192982456,0.7385964912280701,423.0,419.0,16.890625,6.5967557137472586,4.989776611328125,-15.078125,570.0,0.47192982456140353,0.8087719298245614,5.0,7.305490261373117,16.890625,6.5967557137472586,4.989776611328125,-15.078125,570.0,0.5070175438596491,0.8087719298245614,5.0,7.305490261373117,
shuffled_pair,101,101,2.0,full,confirmation,a012bef0a1b114ccd3d09b8092ba338cdc361cede452a87b8d640de66b34f184,c0b97e88ea4a885633c62f25bd2bb94a29e8bea9af7fcebc624780e2bc181e99,19cfd33b81c6deff489e458f0eee040d005eaea9718d148a3418985c56da9eda,bb43d0ad549b7e57213aab7dca185a96972dab5a6e0ad093afcd5ecde5eef177,/workspace/pair-aware/results_v3/bf16/shuffled_pair/lambda_2p0/split_101/model_seed_101,True,v3,full,1,validation,f1_macro,>,closest_to_zero_then_lower,15,positive_class_equal_width,shuffled_pair,neuralmind/bert-large-portuguese-cased,aa302f6ea73b759f7df9cad58bd272127b67ec28,bf16,256,6,2e-05,8,0.01,0.1,linear,1.0,2,f1_macro,32.0,10000,0,1,0,1,4.0,2.0,False,,,,121.13848295493517,6.43624210357666,6.74609375,2,0.7606491373241611,4,1996,2.0,2994,0,299,0.17737457483496458,15,positive_class_equal_width,0.11106800476488779,0.5501825735969541,0.4445609274357531,0.5,0.443859649122807,0.7614035087719299,0.7606491373241611,0.7647410880163589,0.7614035087719297,570.0,0.7740863787375415,0.7350157728706624,0.8175438596491228,285.0,0.7472118959107806,0.7944664031620553,0.7052631578947368,285.0,0.7606491373241611,0.7647410880163589,0.7614035087719299,570.0,0.7666666666666667,0.7660611185000262,0.7694566082802548,0.7666666666666666,570.0,0.7779632721202003,0.7420382165605095,0.8175438596491228,285.0,0.7541589648798521,0.796875,0.7157894736842105,285.0,0.7660611185000262,0.7694566082802548,0.7666666666666667,570.0,0.7614035087719299,0.7606491373241611,0.7740863787375415,0.7472118959107806,0.7606491373241611,84,52,0.7647410880163589,0.7350157728706624,0.7944664031620553,0.7647410880163589,0.7614035087719297,0.8175438596491228,0.7052631578947368,0.7614035087719299,233,201,0.7666666666666667,0.7660611185000262,0.7779632721202003,0.7541589648798521,0.7660611185000262,81,52,0.7694566082802548,0.7420382165605095,0.796875,0.7694566082802548,0.44912280701754387,0.7666666666666666,0.8175438596491228,0.7157894736842105,0.7666666666666667,233,204,7.2421875,2.7220280429773163,2.63671875,-5.4140625,285,0.543859649122807,0.8491228070175438,1,2.634563764510269,7.2421875,2.7220280429773163,2.63671875,-5.4140625,285,0.5543859649122806,0.8491228070175438,1,2.634563764510269,462,>,0.7606491373241611,validation,f1_macro,0.4829168082174479,-0.068359375,closest_to_zero_then_lower,0.7660611185000262,0.20342969410096842,15.0,positive_class_equal_width,0.13205553562311886,0.6241860850583425,0.4475110305310109,0.5,0.44298245614035087,0.7254385964912281,0.7245430859789637,0.728408825134482,0.725438596491228,1140.0,0.7402489626556017,0.7023622047244095,0.7824561403508772,570.0,0.7088372093023256,0.7544554455445545,0.6684210526315789,570.0,0.7245430859789637,0.7284088251344819,0.7254385964912281,1140.0,0.7263157894736842,0.7256055224511586,0.7286835688694268,0.7263157894736842,1140.0,0.7395659432387313,0.7054140127388535,0.7771929824561403,570.0,0.711645101663586,0.751953125,0.6754385964912281,570.0,0.7256055224511586,0.7286835688694268,0.7263157894736842,1140.0,0.7254385964912281,0.7245430859789637,0.7402489626556017,0.7088372093023256,0.7245430859789637,189.0,124.0,0.728408825134482,0.7023622047244095,0.7544554455445545,0.7284088251344819,0.725438596491228,0.7824561403508772,0.6684210526315789,0.7254385964912281,446.0,381.0,0.7263157894736842,0.7256055224511586,0.7395659432387313,0.711645101663586,0.7256055224511586,185.0,127.0,0.7286835688694268,0.7054140127388535,0.751953125,0.7286835688694268,0.44912280701754387,0.7263157894736842,0.7771929824561403,0.6754385964912281,0.7263157894736842,443.0,385.0,7.453125,2.362869918555544,1.96240234375,-5.24609375,570.0,0.4824561403508772,0.8350877192982457,0.0,2.563114200289626,7.453125,2.362869918555544,1.96240234375,-5.24609375,570.0,0.48596491228070177,0.8350877192982457,0.0,2.563114200289626,
instance_level,13,13,,full,references,16d5eec907184d47c8d69af39e602dc0598eafa12cea23d59e1e61f705c50ef5,1096f5f4e33fa5dabad4775a1b1cef8c257cd9cf2253a25380ee8fa09ab94620,9ce99da3bd3c0afda70f6d676fc22c54e49d0829cdc88be60b0a15fded3d53d6,b563429e9488e90d0227ddfc049ee8b418c5b9374aee0abdfb2b1e88142d0f85,/workspace/pair-aware/results_v3/bf16/instance_level/split_13/model_seed_13,True,v3,full,1,validation,f1_macro,>,closest_to_zero_then_lower,15,positive_class_equal_width,instance_level,neuralmind/bert-large-portuguese-cased,aa302f6ea73b759f7df9cad58bd272127b67ec28,bf16,256,6,2e-05,8,0.01,0.1,linear,1.0,2,f1_macro,32.0,10000,0,1,0,1,,,False,,,,120.43965751002543,6.4362568855285645,6.74609375,2,0.8017244829167833,4,1996,,2994,0,299,0.15228727230925507,15,positive_class_equal_width,0.04345293540889191,0.47910733533708977,0.48085178244831966,0.5,0.512280701754386,0.8017543859649123,0.8017244829167833,0.8019365329654085,0.8017543859649123,570.0,0.7992895204262878,0.8093525179856115,0.7894736842105263,285.0,0.804159445407279,0.7945205479452054,0.8140350877192982,285.0,0.8017244829167833,0.8019365329654085,0.8017543859649123,570.0,0.8017543859649123,0.8017244829167833,0.8019365329654085,0.8017543859649123,570.0,0.7992895204262878,0.8093525179856115,0.7894736842105263,285.0,0.804159445407279,0.7945205479452054,0.8140350877192982,285.0,0.8017244829167833,0.8019365329654085,0.8017543859649123,570.0,0.8017543859649123,0.8017244829167833,0.7992895204262878,0.804159445407279,0.8017244829167833,53,60,0.8019365329654085,0.8093525179856115,0.7945205479452054,0.8019365329654085,0.8017543859649123,0.7894736842105263,0.8140350877192982,0.8017543859649123,225,232,0.8017543859649123,0.8017244829167833,0.7992895204262878,0.804159445407279,0.8017244829167833,53,60,0.8019365329654085,0.8093525179856115,0.7945205479452054,0.8019365329654085,0.512280701754386,0.8017543859649123,0.7894736842105263,0.8140350877192982,0.8017543859649123,225,232,6.328125,2.4539836147375276,2.712890625,-4.861328125,285,0.624561403508772,0.8842105263157894,0,2.111385191225131,6.328125,2.4539836147375276,2.712890625,-4.861328125,285,0.624561403508772,0.8842105263157894,0,2.111385191225131,495,>,0.8017244829167833,validation,f1_macro,0.5,0.0,closest_to_zero_then_lower,0.8017244829167833,0.16798036127862723,15.0,positive_class_equal_width,0.06801655702133536,0.5141664607586212,0.48665819414573636,0.5,0.4982456140350877,0.756140350877193,0.7561396003065568,0.756143504382941,0.756140350877193,1140.0,0.7565674255691769,0.7552447552447552,0.7578947368421053,570.0,0.7557117750439367,0.7570422535211268,0.7543859649122807,570.0,0.7561396003065568,0.756143504382941,0.756140350877193,1140.0,0.756140350877193,0.7561396003065568,0.756143504382941,0.756140350877193,1140.0,0.7565674255691769,0.7552447552447552,0.7578947368421053,570.0,0.7557117750439367,0.7570422535211268,0.7543859649122807,570.0,0.7561396003065568,0.756143504382941,0.756140350877193,1140.0,0.756140350877193,0.7561396003065568,0.7565674255691769,0.7557117750439367,0.7561396003065568,140.0,138.0,0.756143504382941,0.7552447552447552,0.7570422535211268,0.756143504382941,0.756140350877193,0.7578947368421053,0.7543859649122807,0.756140350877193,432.0,430.0,0.756140350877193,0.7561396003065568,0.7565674255691769,0.7557117750439367,0.7561396003065568,140.0,138.0,0.756143504382941,0.7552447552447552,0.7570422535211268,0.756143504382941,0.4982456140350877,0.756140350877193,0.7578947368421053,0.7543859649122807,0.756140350877193,432.0,430.0,6.28515625,2.2454027744761684,2.08447265625,-5.26171875,570.0,0.5403508771929825,0.8508771929824561,0.0,2.168090747504485,6.28515625,2.2454027744761684,2.08447265625,-5.26171875,570.0,0.5403508771929825,0.8508771929824561,0.0,2.168090747504485,8.0
instance_level,13,21,,full,references,9581bbab3b64adda0e5057a721280282ef43e6f59b453ddc29c3d00ccd859b35,1096f5f4e33fa5dabad4775a1b1cef8c257cd9cf2253a25380ee8fa09ab94620,9ce99da3bd3c0afda70f6d676fc22c54e49d0829cdc88be60b0a15fded3d53d6,b563429e9488e90d0227ddfc049ee8b418c5b9374aee0abdfb2b1e88142d0f85,/workspace/pair-aware/results_v3/bf16/instance_level/split_13/model_seed_21,True,v3,full,1,validation,f1_macro,>,closest_to_zero_then_lower,15,positive_class_equal_width,instance_level,neuralmind/bert-large-portuguese-cased,aa302f6ea73b759f7df9cad58bd272127b67ec28,bf16,256,6,2e-05,8,0.01,0.1,linear,1.0,2,f1_macro,32.0,10000,0,1,0,1,,,False,,,,178.90300255594775,6.4362568855285645,6.74609375,4,0.804526145052908,6,2994,,2994,0,299,0.16470761561514702,15,positive_class_equal_width,0.13369942699856488,0.6390060973521886,0.42995104464954814,0.5,0.43859649122807015,0.8052631578947368,0.804526145052908,0.8099375,0.8052631578947369,570.0,0.8165289256198347,0.771875,0.8666666666666667,285.0,0.7925233644859813,0.848,0.743859649122807,285.0,0.804526145052908,0.8099375,0.8052631578947368,570.0,0.8140350877192982,0.8140350877192982,0.8140350877192982,0.8140350877192982,570.0,0.8140350877192982,0.8140350877192982,0.8140350877192982,285.0,0.8140350877192982,0.8140350877192982,0.8140350877192982,285.0,0.8140350877192982,0.8140350877192982,0.8140350877192982,570.0,0.8052631578947368,0.804526145052908,0.8165289256198347,0.7925233644859813,0.804526145052908,73,38,0.8099375,0.771875,0.848,0.8099375,0.8052631578947369,0.8666666666666667,0.743859649122807,0.8052631578947368,247,212,0.8140350877192982,0.8140350877192982,0.8140350877192982,0.8140350877192982,0.8140350877192982,53,53,0.8140350877192982,0.8140350877192982,0.8140350877192982,0.8140350877192982,0.5,0.8140350877192982,0.8140350877192982,0.8140350877192982,0.8140350877192982,232,232,10.59375,5.02701277983816,5.943359375,-6.9453125,285,0.6280701754385964,0.8947368421052632,2,3.8542064722686877,10.59375,5.02701277983816,5.943359375,-6.9453125,285,0.6456140350877193,0.8947368421052632,2,3.8542064722686877,419,>,0.804526145052908,validation,f1_macro,0.23934934732271168,-1.15625,closest_to_zero_then_lower,0.8140350877192982,0.20723239242602717,15.0,positive_class_equal_width,0.17369372676362776,0.7985148405599798,0.43526022825418953,0.5,0.44035087719298244,0.7508771929824561,0.7499876445586636,0.7544992444017036,0.7508771929824561,1140.0,0.7649006622516556,0.7241379310344828,0.8105263157894737,570.0,0.7350746268656716,0.7848605577689243,0.6912280701754386,570.0,0.7499876445586637,0.7544992444017036,0.7508771929824561,1140.0,0.7605263157894737,0.760495170578507,0.760661901697097,0.7605263157894737,1140.0,0.7577639751552795,0.7666068222621185,0.7491228070175439,570.0,0.7632263660017347,0.7547169811320755,0.7719298245614035,570.0,0.760495170578507,0.760661901697097,0.7605263157894737,1140.0,0.7508771929824561,0.7499876445586636,0.7649006622516556,0.7350746268656716,0.7499876445586637,176.0,108.0,0.7544992444017036,0.7241379310344828,0.7848605577689243,0.7544992444017036,0.7508771929824561,0.8105263157894737,0.6912280701754386,0.7508771929824561,462.0,394.0,0.7605263157894737,0.760495170578507,0.7577639751552795,0.7632263660017347,0.760495170578507,130.0,143.0,0.760661901697097,0.7666068222621185,0.7547169811320755,0.760661901697097,0.5114035087719299,0.7605263157894737,0.7491228070175439,0.7719298245614035,0.7605263157894737,427.0,440.0,10.90625,4.251065478408546,4.4130859375,-8.859375,570.0,0.5280701754385965,0.843859649122807,1.0,4.201309070691195,10.90625,4.251065478408546,4.4130859375,-8.859375,570.0,0.5543859649122806,0.843859649122807,1.0,4.201309070691195,8.0
instance_level,13,40,,full,references,509d22eba3fcf17f46a16acaa6e0607d115eea96b8132ea8f80ab5231a1a6af8,1096f5f4e33fa5dabad4775a1b1cef8c257cd9cf2253a25380ee8fa09ab94620,9ce99da3bd3c0afda70f6d676fc22c54e49d0829cdc88be60b0a15fded3d53d6,b563429e9488e90d0227ddfc049ee8b418c5b9374aee0abdfb2b1e88142d0f85,/workspace/pair-aware/results_v3/bf16/instance_level/split_13/model_seed_40,True,v3,full,1,validation,f1_macro,>,closest_to_zero_then_lower,15,positive_class_equal_width,instance_level,neuralmind/bert-large-portuguese-cased,aa302f6ea73b759f7df9cad58bd272127b67ec28,bf16,256,6,2e-05,8,0.01,0.1,linear,1.0,2,f1_macro,32.0,10000,0,1,0,1,,,False,,,,181.19429055601358,6.4362568855285645,6.74609375,5,0.8122755016297774,6,2994,,2994,0,299,0.16980168368942597,15,positive_class_equal_width,0.160010777270923,0.8094495676990467,0.49322536679791656,0.5,0.49473684210526314,0.8122807017543859,0.8122755016297774,0.8123153073286051,0.8122807017543859,570.0,0.8132635253054101,0.8090277777777778,0.8175438596491228,285.0,0.8112874779541446,0.8156028368794326,0.8070175438596491,285.0,0.8122755016297774,0.8123153073286052,0.8122807017543859,570.0,0.8140350877192982,0.8138058551617873,0.8155892360037118,0.8140350877192982,570.0,0.8072727272727273,0.8377358490566038,0.7789473684210526,285.0,0.8203389830508474,0.7934426229508197,0.8491228070175438,285.0,0.8138058551617874,0.8155892360037117,0.8140350877192982,570.0,0.8122807017543859,0.8122755016297774,0.8132635253054101,0.8112874779541446,0.8122755016297774,55,52,0.8123153073286051,0.8090277777777778,0.8156028368794326,0.8123153073286052,0.8122807017543859,0.8175438596491228,0.8070175438596491,0.8122807017543859,233,230,0.8140350877192982,0.8138058551617873,0.8072727272727273,0.8203389830508474,0.8138058551617874,43,63,0.8155892360037118,0.8377358490566038,0.7934426229508197,0.8155892360037117,0.5350877192982456,0.8140350877192982,0.7789473684210526,0.8491228070175438,0.8140350877192982,222,242,14.0,6.993303827653851,8.41015625,-12.546875,285,0.6491228070175439,0.8666666666666667,1,5.55249376023084,14.0,6.993303827653851,8.41015625,-12.546875,285,0.6491228070175439,0.8666666666666667,1,5.55249376023084,382,>,0.8122755016297774,validation,f1_macro,0.16079243661397521,-1.65234375,closest_to_zero_then_lower,0.8138058551617873,0.2013248739434726,15.0,positive_class_equal_width,0.18957615336404762,0.9223884690633376,0.5069329212260875,0.5,0.5070175438596491,0.7649122807017544,0.7649007030201549,0.7649644743809183,0.7649122807017543,1140.0,0.7632508833922261,0.7686832740213523,0.7578947368421053,570.0,0.7665505226480837,0.7612456747404844,0.7719298245614035,570.0,0.7649007030201549,0.7649644743809183,0.7649122807017544,1140.0,0.7780701754385965,0.7772541605558683,0.7822055419677079,0.7780701754385966,1140.0,0.7637721755368814,0.8163672654690619,0.7175438596491228,570.0,0.7907361455748553,0.7480438184663537,0.8385964912280702,570.0,0.7772541605558684,0.7822055419677079,0.7780701754385965,1140.0,0.7649122807017544,0.7649007030201549,0.7632508833922261,0.7665505226480837,0.7649007030201549,130.0,138.0,0.7649644743809183,0.7686832740213523,0.7612456747404844,0.7649644743809183,0.7649122807017543,0.7578947368421053,0.7719298245614035,0.7649122807017544,432.0,440.0,0.7780701754385965,0.7772541605558683,0.7637721755368814,0.7907361455748553,0.7772541605558684,92.0,161.0,0.7822055419677079,0.8163672654690619,0.7480438184663537,0.7822055419677079,0.5605263157894737,0.7780701754385966,0.7175438596491228,0.8385964912280702,0.7780701754385965,409.0,478.0,14.03125,6.1087999176560785,6.74609375,-11.78125,570.0,0.5649122807017544,0.843859649122807,0.0,5.604829049696624,14.03125,6.1087999176560785,6.74609375,-11.78125,570.0,0.5859649122807018,0.843859649122807,0.0,5.604829049696624,8.0
instance_level,13,42,,full,references,9e1f874d59cc4a476355ff30207f5f02806066401c4f380738e11bb043322ec0,1096f5f4e33fa5dabad4775a1b1cef8c257cd9cf2253a25380ee8fa09ab94620,9ce99da3bd3c0afda70f6d676fc22c54e49d0829cdc88be60b0a15fded3d53d6,b563429e9488e90d0227ddfc049ee8b418c5b9374aee0abdfb2b1e88142d0f85,/workspace/pair-aware/results_v3/bf16/instance_level/split_13/model_seed_42,True,v3,full,1,validation,f1_macro,>,closest_to_zero_then_lower,15,positive_class_equal_width,instance_level,neuralmind/bert-large-portuguese-cased,aa302f6ea73b759f7df9cad58bd272127b67ec28,bf16,256,6,2e-05,8,0.01,0.1,linear,1.0,2,f1_macro,32.0,10000,0,1,0,1,,,False,,,,180.40397708502132,6.4362568855285645,6.74609375,5,0.819297689435794,6,2994,,2994,0,299,0.1633335716480875,15,positive_class_equal_width,0.1516909237411106,0.8192881802590862,0.49791428819918815,0.5,0.4982456140350877,0.8192982456140351,0.819297689435794,0.8193021766965429,0.8192982456140351,570.0,0.819614711033275,0.8181818181818182,0.8210526315789474,285.0,0.8189806678383128,0.8204225352112676,0.8175438596491228,285.0,0.8192976894357938,0.8193021766965429,0.8192982456140351,570.0,0.8245614035087719,0.8245527634478768,0.8246253494070854,0.8245614035087719,570.0,0.823321554770318,0.8291814946619217,0.8175438596491228,285.0,0.8257839721254355,0.8200692041522492,0.8315789473684211,285.0,0.8245527634478769,0.8246253494070854,0.8245614035087719,570.0,0.8192982456140351,0.819297689435794,0.819614711033275,0.8189806678383128,0.8192976894357938,52,51,0.8193021766965429,0.8181818181818182,0.8204225352112676,0.8193021766965429,0.8192982456140351,0.8210526315789474,0.8175438596491228,0.8192982456140351,234,233,0.8245614035087719,0.8245527634478768,0.823321554770318,0.8257839721254355,0.8245527634478769,48,52,0.8246253494070854,0.8291814946619217,0.8200692041522492,0.8246253494070854,0.5070175438596491,0.8245614035087719,0.8175438596491228,0.8315789473684211,0.8245614035087719,233,237,13.359375,7.131574235882676,9.125,-12.40625,285,0.6491228070175439,0.8947368421052632,0,5.32258058342663,13.359375,7.131574235882676,9.125,-12.40625,285,0.6596491228070176,0.8947368421052632,0,5.32258058342663,340,>,0.819297689435794,validation,f1_macro,0.4518102055002427,-0.193359375,closest_to_zero_then_lower,0.8245527634478768,0.21044238867092938,15.0,positive_class_equal_width,0.20175318420740618,1.0133250103905938,0.49216264865652254,0.5,0.493859649122807,0.7657894736842106,0.7657806426989013,0.7658295649390028,0.7657894736842106,1140.0,0.7672188317349607,0.7625649913344887,0.7719298245614035,570.0,0.764342453662842,0.7690941385435168,0.7596491228070176,570.0,0.7657806426989014,0.7658295649390028,0.7657894736842106,1140.0,0.7684210526315789,0.7684210526315789,0.7684210526315789,0.7684210526315789,1140.0,0.7684210526315789,0.7684210526315789,0.7684210526315789,570.0,0.7684210526315789,0.7684210526315789,0.7684210526315789,570.0,0.7684210526315789,0.7684210526315789,0.7684210526315789,1140.0,0.7657894736842106,0.7657806426989013,0.7672188317349607,0.764342453662842,0.7657806426989014,137.0,130.0,0.7658295649390028,0.7625649913344887,0.7690941385435168,0.7658295649390028,0.7657894736842106,0.7719298245614035,0.7596491228070176,0.7657894736842106,440.0,433.0,0.7684210526315789,0.7684210526315789,0.7684210526315789,0.7684210526315789,0.7684210526315789,132.0,132.0,0.7684210526315789,0.7684210526315789,0.7684210526315789,0.7684210526315789,0.5,0.7684210526315789,0.7684210526315789,0.7684210526315789,0.7684210526315789,438.0,438.0,13.5625,6.184197917737459,7.46875,-11.609375,570.0,0.5684210526315789,0.8456140350877193,1.0,5.794007010446074,13.5625,6.184197917737459,7.46875,-11.609375,570.0,0.5719298245614035,0.8456140350877193,1.0,5.794007010446074,8.0
instance_level,13,73,,full,references,459756eedb90449cdef29d0c871d5c001ce2caa9a2f04d281664271ee2e10db4,1096f5f4e33fa5dabad4775a1b1cef8c257cd9cf2253a25380ee8fa09ab94620,9ce99da3bd3c0afda70f6d676fc22c54e49d0829cdc88be60b0a15fded3d53d6,b563429e9488e90d0227ddfc049ee8b418c5b9374aee0abdfb2b1e88142d0f85,/workspace/pair-aware/results_v3/bf16/instance_level/split_13/model_seed_73,True,v3,full,1,validation,f1_macro,>,closest_to_zero_then_lower,15,positive_class_equal_width,instance_level,neuralmind/bert-large-portuguese-cased,aa302f6ea73b759f7df9cad58bd272127b67ec28,bf16,256,6,2e-05,8,0.01,0.1,linear,1.0,2,f1_macro,32.0,10000,0,1,0,1,,,False,,,,179.7288750091102,6.4362568855285645,6.74609375,5,0.8086016801648743,6,2994,,2994,0,299,0.17757777805313887,15,positive_class_equal_width,0.16752542740013227,0.8752464552510472,0.4671602638318631,0.5,0.47017543859649125,0.8087719298245614,0.8086016801648743,0.8098744687160225,0.8087719298245615,570.0,0.8143100511073254,0.7913907284768212,0.8385964912280702,285.0,0.8028933092224232,0.8283582089552238,0.7789473684210526,285.0,0.8086016801648743,0.8098744687160225,0.8087719298245614,570.0,0.8140350877192982,0.8139526290507335,0.8145928145928145,0.8140350877192983,570.0,0.8178694158075601,0.8013468013468014,0.8350877192982457,285.0,0.8100358422939068,0.8278388278388278,0.7929824561403509,285.0,0.8139526290507334,0.8145928145928146,0.8140350877192982,570.0,0.8087719298245614,0.8086016801648743,0.8143100511073254,0.8028933092224232,0.8086016801648743,63,46,0.8098744687160225,0.7913907284768212,0.8283582089552238,0.8098744687160225,0.8087719298245615,0.8385964912280702,0.7789473684210526,0.8087719298245614,239,222,0.8140350877192982,0.8139526290507335,0.8178694158075601,0.8100358422939068,0.8139526290507334,59,47,0.8145928145928145,0.8013468013468014,0.8278388278388278,0.8145928145928146,0.4789473684210526,0.8140350877192983,0.8350877192982457,0.7929824561403509,0.8140350877192982,238,226,14.765625,7.041512044270833,9.328125,-11.078125,285,0.6350877192982456,0.8842105263157894,0,5.6520249619181975,14.765625,7.041512044270833,9.328125,-11.078125,285,0.6456140350877193,0.8842105263157894,0,5.6520249619181975,387,>,0.8086016801648743,validation,f1_macro,0.4196479516234343,-0.32421875,closest_to_zero_then_lower,0.8139526290507335,0.2065830002171988,15.0,positive_class_equal_width,0.19364098090333265,0.9574255941996117,0.473575315357145,0.5,0.47192982456140353,0.7666666666666667,0.7664826702480255,0.7675097876965258,0.7666666666666666,1140.0,0.773037542662116,0.7524916943521595,0.7947368421052632,570.0,0.759927797833935,0.7825278810408922,0.7385964912280701,570.0,0.7664826702480255,0.7675097876965258,0.7666666666666667,1140.0,0.7675438596491229,0.7674320137031121,0.7680595173849356,0.7675438596491229,1140.0,0.7725321888412017,0.7563025210084033,0.7894736842105263,570.0,0.7623318385650224,0.7798165137614679,0.7456140350877193,570.0,0.7674320137031121,0.7680595173849356,0.7675438596491229,1140.0,0.7666666666666667,0.7664826702480255,0.773037542662116,0.759927797833935,0.7664826702480255,149.0,117.0,0.7675097876965258,0.7524916943521595,0.7825278810408922,0.7675097876965258,0.7666666666666666,0.7947368421052632,0.7385964912280701,0.7666666666666667,453.0,421.0,0.7675438596491229,0.7674320137031121,0.7725321888412017,0.7623318385650224,0.7674320137031121,145.0,120.0,0.7680595173849356,0.7563025210084033,0.7798165137614679,0.7680595173849356,0.4780701754385965,0.7675438596491229,0.7894736842105263,0.7456140350877193,0.7675438596491229,450.0,425.0,14.421875,6.376393609297903,7.55859375,-12.921875,570.0,0.5578947368421052,0.8543859649122807,1.0,5.7121874565258075,14.421875,6.376393609297903,7.55859375,-12.921875,570.0,0.5578947368421052,0.8543859649122807,1.0,5.7121874565258075,8.0
instance_level,13,101,,full,references,e3f2d42163a2b03e431d34dd9060973a187cd2fee3b3eaae71dbbf193323122d,1096f5f4e33fa5dabad4775a1b1cef8c257cd9cf2253a25380ee8fa09ab94620,9ce99da3bd3c0afda70f6d676fc22c54e49d0829cdc88be60b0a15fded3d53d6,b563429e9488e90d0227ddfc049ee8b418c5b9374aee0abdfb2b1e88142d0f85,/workspace/pair-aware/results_v3/bf16/instance_level/split_13/model_seed_101,True,v3,full,1,validation,f1_macro,>,closest_to_zero_then_lower,15,positive_class_equal_width,instance_level,neuralmind/bert-large-portuguese-cased,aa302f6ea73b759f7df9cad58bd272127b67ec28,bf16,256,6,2e-05,8,0.01,0.1,linear,1.0,2,f1_macro,32.0,10000,0,1,0,1,,,False,,,,179.65263131796382,6.4362568855285645,6.74609375,5,0.7901422874274099,6,2994,,2994,0,299,0.19477616797199132,15,positive_class_equal_width,0.19349881064468616,0.9262409041357973,0.42514068335122746,0.5,0.4280701754385965,0.7912280701754386,0.7901422874274099,0.7973825807100472,0.7912280701754386,570.0,0.8052373158756138,0.754601226993865,0.8631578947368421,285.0,0.775047258979206,0.8401639344262295,0.7192982456140351,285.0,0.7901422874274099,0.7973825807100473,0.7912280701754386,570.0,0.8122807017543859,0.8121135759416656,0.8133957694968864,0.8122807017543859,570.0,0.817717206132879,0.7947019867549668,0.8421052631578947,285.0,0.8065099457504521,0.832089552238806,0.7824561403508772,285.0,0.8121135759416656,0.8133957694968864,0.8122807017543859,570.0,0.7912280701754386,0.7901422874274099,0.8052373158756138,0.775047258979206,0.7901422874274099,80,39,0.7973825807100472,0.754601226993865,0.8401639344262295,0.7973825807100473,0.7912280701754386,0.8631578947368421,0.7192982456140351,0.7912280701754386,246,205,0.8122807017543859,0.8121135759416656,0.817717206132879,0.8065099457504521,0.8121135759416656,62,45,0.8133957694968864,0.7947019867549668,0.832089552238806,0.8133957694968864,0.47017543859649125,0.8122807017543859,0.8421052631578947,0.7824561403508772,0.8122807017543859,240,223,13.15625,6.518330035293311,8.859375,-11.40625,285,0.6105263157894737,0.8912280701754386,0,5.372968537120323,13.15625,6.518330035293311,8.859375,-11.40625,285,0.6491228070175439,0.8912280701754386,0,5.372968537120323,368,>,0.7901422874274099,validation,f1_macro,0.06325052199347327,-2.6953125,closest_to_zero_then_lower,0.8121135759416656,0.21450611783246248,15.0,positive_class_equal_width,0.20734535210661464,1.005938403127705,0.4438496602418696,0.5,0.443859649122807,0.7596491228070176,0.7588892045103681,0.7629643021907457,0.7596491228070175,1140.0,0.7724252491694352,0.7334384858044164,0.8157894736842105,570.0,0.7453531598513011,0.7924901185770751,0.7035087719298245,570.0,0.7588892045103682,0.7629643021907457,0.7596491228070176,1140.0,0.7798245614035088,0.7798230366322942,0.7798323129911262,0.7798245614035088,1140.0,0.7792436235708003,0.781305114638448,0.7771929824561403,570.0,0.7804024496937882,0.7783595113438045,0.7824561403508772,570.0,0.7798230366322942,0.7798323129911262,0.7798245614035088,1140.0,0.7596491228070176,0.7588892045103681,0.7724252491694352,0.7453531598513011,0.7588892045103682,169.0,105.0,0.7629643021907457,0.7334384858044164,0.7924901185770751,0.7629643021907457,0.7596491228070175,0.8157894736842105,0.7035087719298245,0.7596491228070176,465.0,401.0,0.7798245614035088,0.7798230366322942,0.7792436235708003,0.7804024496937882,0.7798230366322942,124.0,127.0,0.7798323129911262,0.781305114638448,0.7783595113438045,0.7798323129911262,0.5026315789473684,0.7798245614035088,0.7771929824561403,0.7824561403508772,0.7798245614035088,443.0,446.0,13.515625,5.8459421258223685,7.46484375,-12.65625,570.0,0.543859649122807,0.8315789473684211,2.0,5.393805026408447,13.515625,5.8459421258223685,7.46484375,-12.65625,570.0,0.5824561403508772,0.8315789473684211,2.0,5.393805026408447,8.0
instance_level,21,13,,full,references,c6c40e3fa48c87799d81196507644ce1510c0a5dc3b5dcca48aa747103417f04,1096f5f4e33fa5dabad4775a1b1cef8c257cd9cf2253a25380ee8fa09ab94620,777957b527fbf66016b0c688daf6670149d9247f4acbb5d1d1a9c08a11b46d65,b563429e9488e90d0227ddfc049ee8b418c5b9374aee0abdfb2b1e88142d0f85,/workspace/pair-aware/results_v3/bf16/instance_level/split_21/model_seed_13,True,v3,full,1,validation,f1_macro,>,closest_to_zero_then_lower,15,positive_class_equal_width,instance_level,neuralmind/bert-large-portuguese-cased,aa302f6ea73b759f7df9cad58bd272127b67ec28,bf16,256,6,2e-05,8,0.01,0.1,linear,1.0,2,f1_macro,32.0,10000,0,1,0,1,,,False,,,,180.52845610200893,6.4362568855285645,6.74609375,5,0.7870895446364902,6,2994,,2994,0,299,0.1946628356267791,15,positive_class_equal_width,0.18531775435353687,0.9365082991435107,0.4464684164533539,0.5,0.4456140350877193,0.787719298245614,0.7870895446364902,0.7911641582776836,0.787719298245614,570.0,0.7986688851913477,0.759493670886076,0.8421052631578947,285.0,0.7755102040816326,0.8228346456692913,0.7333333333333333,285.0,0.7870895446364902,0.7911641582776837,0.787719298245614,570.0,0.7964912280701755,0.7964887225450605,0.7965058297730883,0.7964912280701755,570.0,0.795774647887324,0.7985865724381626,0.7929824561403509,285.0,0.7972027972027972,0.794425087108014,0.8,285.0,0.7964887225450605,0.7965058297730883,0.7964912280701755,570.0,0.787719298245614,0.7870895446364902,0.7986688851913477,0.7755102040816326,0.7870895446364902,76,45,0.7911641582776836,0.759493670886076,0.8228346456692913,0.7911641582776837,0.787719298245614,0.8421052631578947,0.7333333333333333,0.787719298245614,240,209,0.7964912280701755,0.7964887225450605,0.795774647887324,0.7972027972027972,0.7964887225450605,57,59,0.7965058297730883,0.7985865724381626,0.794425087108014,0.7965058297730883,0.5035087719298246,0.7964912280701755,0.7929824561403509,0.8,0.7964912280701755,226,228,14.03125,6.40277527926261,7.96875,-10.578125,285,0.5964912280701754,0.8175438596491228,0,5.490255616978567,14.03125,6.40277527926261,7.96875,-10.578125,285,0.6070175438596491,0.8175438596491228,0,5.490255616978567,388,>,0.7870895446364902,validation,f1_macro,0.09073548763985106,-2.3046875,closest_to_zero_then_lower,0.7964887225450605,0.19911029228242577,15.0,positive_class_equal_width,0.19082691047547795,0.9251387645696972,0.46042532465282976,0.5,0.46228070175438596,0.7780701754385965,0.7777539759167976,0.7796617252384299,0.7780701754385965,1140.0,0.7861369399830939,0.7585644371941273,0.8157894736842105,570.0,0.7693710118505014,0.8007590132827325,0.7403508771929824,570.0,0.7777539759167975,0.7796617252384298,0.7780701754385965,1140.0,0.7833333333333333,0.7832451036163535,0.7837954071109933,0.7833333333333334,1140.0,0.7788719785138765,0.7952468007312614,0.7631578947368421,570.0,0.7876182287188306,0.7723440134907251,0.8035087719298246,570.0,0.7832451036163536,0.7837954071109932,0.7833333333333333,1140.0,0.7780701754385965,0.7777539759167976,0.7861369399830939,0.7693710118505014,0.7777539759167975,148.0,105.0,0.7796617252384299,0.7585644371941273,0.8007590132827325,0.7796617252384298,0.7780701754385965,0.8157894736842105,0.7403508771929824,0.7780701754385965,465.0,422.0,0.7833333333333333,0.7832451036163535,0.7788719785138765,0.7876182287188306,0.7832451036163536,112.0,135.0,0.7837954071109933,0.7952468007312614,0.7723440134907251,0.7837954071109932,0.5201754385964912,0.7833333333333334,0.7631578947368421,0.8035087719298246,0.7833333333333333,435.0,458.0,14.03125,6.362575276692708,7.828125,-13.65625,570.0,0.5912280701754385,0.8350877192982457,3.0,5.791558318671136,14.03125,6.362575276692708,7.828125,-13.65625,570.0,0.5982456140350877,0.8350877192982457,3.0,5.791558318671136,8.0
instance_level,21,21,,full,references,a7aed30dd6c7d0e0d2e7474b95113c755bc65c55cfcbda5efba8eafe7edae42e,1096f5f4e33fa5dabad4775a1b1cef8c257cd9cf2253a25380ee8fa09ab94620,777957b527fbf66016b0c688daf6670149d9247f4acbb5d1d1a9c08a11b46d65,b563429e9488e90d0227ddfc049ee8b418c5b9374aee0abdfb2b1e88142d0f85,/workspace/pair-aware/results_v3/bf16/instance_level/split_21/model_seed_21,True,v3,full,1,validation,f1_macro,>,closest_to_zero_then_lower,15,positive_class_equal_width,instance_level,neuralmind/bert-large-portuguese-cased,aa302f6ea73b759f7df9cad58bd272127b67ec28,bf16,256,6,2e-05,8,0.01,0.1,linear,1.0,2,f1_macro,32.0,10000,0,1,0,1,,,False,,,,179.4290371289244,6.4362568855285645,6.74609375,4,0.781484962406015,6,2994,,2994,0,299,0.19666393858793774,15,positive_class_equal_width,0.18692612563578467,0.8848377338890925,0.4325842548652949,0.5,0.43333333333333335,0.7824561403508772,0.781484962406015,0.7875684686830198,0.7824561403508772,570.0,0.7960526315789473,0.7492260061919505,0.8491228070175438,285.0,0.7669172932330827,0.8259109311740891,0.7157894736842105,285.0,0.7814849624060151,0.7875684686830198,0.7824561403508772,570.0,0.7947368421052632,0.7947311559877004,0.7947695035460993,0.7947368421052632,570.0,0.7958115183246073,0.7916666666666666,0.8,285.0,0.7936507936507936,0.7978723404255319,0.7894736842105263,285.0,0.7947311559877005,0.7947695035460992,0.7947368421052632,570.0,0.7824561403508772,0.781484962406015,0.7960526315789473,0.7669172932330827,0.7814849624060151,81,43,0.7875684686830198,0.7492260061919505,0.8259109311740891,0.7875684686830198,0.7824561403508772,0.8491228070175438,0.7157894736842105,0.7824561403508772,242,204,0.7947368421052632,0.7947311559877004,0.7958115183246073,0.7936507936507936,0.7947311559877005,60,57,0.7947695035460993,0.7916666666666666,0.7978723404255319,0.7947695035460992,0.49473684210526314,0.7947368421052632,0.8,0.7894736842105263,0.7947368421052632,228,225,11.53125,5.8075414824904055,7.765625,-8.4453125,285,0.5824561403508772,0.856140350877193,2,4.871927147797141,11.53125,5.8075414824904055,7.765625,-8.4453125,285,0.6070175438596491,0.856140350877193,2,4.871927147797141,293,>,0.781484962406015,validation,f1_macro,0.055823141134614424,-2.828125,closest_to_zero_then_lower,0.7947311559877004,0.21754522029737886,15.0,positive_class_equal_width,0.2069566857878059,0.9599312810056082,0.47521067512768617,0.5,0.47719298245614034,0.7614035087719299,0.7612793358194937,0.7619485294117647,0.7614035087719297,1140.0,0.7667238421955404,0.75,0.7842105263157895,570.0,0.755834829443447,0.7738970588235294,0.7385964912280701,570.0,0.7612793358194937,0.7619485294117646,0.7614035087719299,1140.0,0.7657894736842106,0.7653906956345466,0.7676089509778705,0.7657894736842106,1140.0,0.7557182067703568,0.7896749521988528,0.724561403508772,570.0,0.7750631844987363,0.7455429497568882,0.8070175438596491,570.0,0.7653906956345465,0.7676089509778705,0.7657894736842106,1140.0,0.7614035087719299,0.7612793358194937,0.7667238421955404,0.755834829443447,0.7612793358194937,149.0,123.0,0.7619485294117647,0.75,0.7738970588235294,0.7619485294117646,0.7614035087719297,0.7842105263157895,0.7385964912280701,0.7614035087719299,447.0,421.0,0.7657894736842106,0.7653906956345466,0.7557182067703568,0.7750631844987363,0.7653906956345465,110.0,157.0,0.7676089509778705,0.7896749521988528,0.7455429497568882,0.7676089509778705,0.5412280701754386,0.7657894736842106,0.724561403508772,0.8070175438596491,0.7657894736842106,413.0,460.0,11.46875,5.308092030307703,6.7294921875,-11.203125,570.0,0.5491228070175439,0.8298245614035088,7.0,5.162499775243342,11.46875,5.308092030307703,6.7294921875,-11.203125,570.0,0.5614035087719298,0.8298245614035088,7.0,5.162499775243342,8.0
instance_level,21,40,,full,references,c86dd1a4764dc08ccd2f5361125c06abe7544cf9915dae65ad75bb7201f14bb9,1096f5f4e33fa5dabad4775a1b1cef8c257cd9cf2253a25380ee8fa09ab94620,777957b527fbf66016b0c688daf6670149d9247f4acbb5d1d1a9c08a11b46d65,b563429e9488e90d0227ddfc049ee8b418c5b9374aee0abdfb2b1e88142d0f85,/workspace/pair-aware/results_v3/bf16/instance_level/split_21/model_seed_40,True,v3,full,1,validation,f1_macro,>,closest_to_zero_then_lower,15,positive_class_equal_width,instance_level,neuralmind/bert-large-portuguese-cased,aa302f6ea73b759f7df9cad58bd272127b67ec28,bf16,256,6,2e-05,8,0.01,0.1,linear,1.0,2,f1_macro,32.0,10000,0,1,0,1,,,False,,,,120.88952885207254,6.4362568855285645,6.74609375,2,0.764808040498097,4,1996,,2994,0,299,0.16533055515814263,15,positive_class_equal_width,0.04800425726812627,0.5040227382019391,0.539778462229819,0.5,0.5210526315789473,0.7649122807017544,0.764808040498097,0.7653827653827654,0.7649122807017543,570.0,0.7598566308243727,0.7765567765567766,0.743859649122807,285.0,0.7697594501718213,0.7542087542087542,0.7859649122807018,285.0,0.7648080404980969,0.7653827653827654,0.7649122807017544,570.0,0.7736842105263158,0.7733151237317764,0.7754783384554378,0.7736842105263158,570.0,0.7641681901279708,0.7977099236641222,0.7333333333333333,285.0,0.7824620573355818,0.7532467532467533,0.8140350877192982,285.0,0.7733151237317762,0.7754783384554378,0.7736842105263158,570.0,0.7649122807017544,0.764808040498097,0.7598566308243727,0.7697594501718213,0.7648080404980969,61,73,0.7653827653827654,0.7765567765567766,0.7542087542087542,0.7653827653827654,0.7649122807017543,0.743859649122807,0.7859649122807018,0.7649122807017544,212,224,0.7736842105263158,0.7733151237317764,0.7641681901279708,0.7824620573355818,0.7733151237317762,53,76,0.7754783384554378,0.7977099236641222,0.7532467532467533,0.7754783384554378,0.5403508771929825,0.7736842105263158,0.7333333333333333,0.8140350877192982,0.7736842105263158,209,232,5.6015625,1.7079541925798383,1.5576171875,-1.5244140625,285,0.5578947368421052,0.8385964912280702,1,1.5985635538292136,5.6015625,1.7079541925798383,1.5576171875,-1.5244140625,285,0.5649122807017544,0.8385964912280702,1,1.5985635538292136,508,>,0.764808040498097,validation,f1_macro,0.47645784997496715,-0.09423828125,closest_to_zero_then_lower,0.7733151237317764,0.1659860273491191,15.0,positive_class_equal_width,0.06004704959168364,0.5053324353083694,0.5574150893736776,0.5,0.5526315789473685,0.7596491228070176,0.7589814814814815,0.7625583566760037,0.7596491228070175,1140.0,0.7462962962962963,0.7901960784313725,0.7070175438596491,570.0,0.7716666666666666,0.734920634920635,0.8122807017543859,570.0,0.7589814814814815,0.7625583566760037,0.7596491228070176,1140.0,0.756140350877193,0.7547446068886956,0.7621069340858697,0.756140350877193,1140.0,0.7362428842504743,0.8016528925619835,0.6807017543859649,570.0,0.7732463295269169,0.7225609756097561,0.8315789473684211,570.0,0.7547446068886956,0.7621069340858697,0.756140350877193,1140.0,0.7596491228070176,0.7589814814814815,0.7462962962962963,0.7716666666666666,0.7589814814814815,107.0,167.0,0.7625583566760037,0.7901960784313725,0.734920634920635,0.7625583566760037,0.7596491228070175,0.7070175438596491,0.8122807017543859,0.7596491228070176,403.0,463.0,0.756140350877193,0.7547446068886956,0.7362428842504743,0.7732463295269169,0.7547446068886956,96.0,182.0,0.7621069340858697,0.8016528925619835,0.7225609756097561,0.7621069340858697,0.5754385964912281,0.756140350877193,0.6807017543859649,0.8315789473684211,0.756140350877193,388.0,474.0,5.7109375,1.7264905753888582,1.69140625,-3.4609375,570.0,0.5561403508771929,0.8385964912280702,3.0,1.674291451875062,5.7109375,1.7264905753888582,1.69140625,-3.4609375,570.0,0.5456140350877193,0.8385964912280702,3.0,1.674291451875062,8.0
instance_level,21,42,,full,references,f2c5951f02c01a19212bf7eab1863327a1795f422f99e22bc3b198d1998557ea,1096f5f4e33fa5dabad4775a1b1cef8c257cd9cf2253a25380ee8fa09ab94620,777957b527fbf66016b0c688daf6670149d9247f4acbb5d1d1a9c08a11b46d65,b563429e9488e90d0227ddfc049ee8b418c5b9374aee0abdfb2b1e88142d0f85,/workspace/pair-aware/results_v3/bf16/instance_level/split_21/model_seed_42,True,v3,full,1,validation,f1_macro,>,closest_to_zero_then_lower,15,positive_class_equal_width,instance_level,neuralmind/bert-large-portuguese-cased,aa302f6ea73b759f7df9cad58bd272127b67ec28,bf16,256,6,2e-05,8,0.01,0.1,linear,1.0,2,f1_macro,32.0,10000,0,1,0,1,,,False,,,,179.6793334489921,6.4362568855285645,6.74609375,6,0.772388879774401,6,2994,,2994,0,299,0.2152502102218789,15,positive_class_equal_width,0.21297378724614746,1.172614888344507,0.4218270048380362,0.5,0.4245614035087719,0.7736842105263158,0.772388879774401,0.7800594638177787,0.7736842105263158,570.0,0.7895595432300163,0.7378048780487805,0.8491228070175438,285.0,0.7552182163187856,0.8223140495867769,0.6982456140350877,285.0,0.772388879774401,0.7800594638177787,0.7736842105263158,570.0,0.787719298245614,0.7877186448711753,0.7877228405397418,0.787719298245614,570.0,0.7880910683012259,0.7867132867132867,0.7894736842105263,285.0,0.7873462214411248,0.7887323943661971,0.7859649122807018,285.0,0.7877186448711754,0.7877228405397418,0.787719298245614,570.0,0.7736842105263158,0.772388879774401,0.7895595432300163,0.7552182163187856,0.772388879774401,86,43,0.7800594638177787,0.7378048780487805,0.8223140495867769,0.7800594638177787,0.7736842105263158,0.8491228070175438,0.6982456140350877,0.7736842105263158,242,199,0.787719298245614,0.7877186448711753,0.7880910683012259,0.7873462214411248,0.7877186448711754,61,60,0.7877228405397418,0.7867132867132867,0.7887323943661971,0.7877228405397418,0.4982456140350877,0.787719298245614,0.7894736842105263,0.7859649122807018,0.787719298245614,225,224,14.484375,6.88019377055921,9.046875,-14.25,285,0.5614035087719298,0.8385964912280702,0,6.226890963093319,14.484375,6.88019377055921,9.046875,-14.25,285,0.5929824561403508,0.8385964912280702,0,6.226890963093319,320,>,0.772388879774401,validation,f1_macro,0.010169657753872616,-4.578125,closest_to_zero_then_lower,0.7877186448711753,0.21668832178162792,15.0,positive_class_equal_width,0.2134337141347173,1.1510436365375367,0.4282692251430121,0.5,0.42719298245614035,0.7675438596491229,0.7663050751482736,0.7733396014603269,0.7675438596491229,1140.0,0.7833197056418643,0.7335375191424196,0.8403508771929824,570.0,0.7492904446546831,0.813141683778234,0.6947368421052632,570.0,0.7663050751482736,0.7733396014603269,0.7675438596491229,1140.0,0.7649122807017544,0.7646507815701656,0.7660949248120301,0.7649122807017544,1140.0,0.7568058076225045,0.7838345864661654,0.7315789473684211,570.0,0.7724957555178268,0.7483552631578947,0.7982456140350878,570.0,0.7646507815701657,0.76609492481203,0.7649122807017544,1140.0,0.7675438596491229,0.7663050751482736,0.7833197056418643,0.7492904446546831,0.7663050751482736,174.0,91.0,0.7733396014603269,0.7335375191424196,0.813141683778234,0.7733396014603269,0.7675438596491229,0.8403508771929824,0.6947368421052632,0.7675438596491229,479.0,396.0,0.7649122807017544,0.7646507815701656,0.7568058076225045,0.7724957555178268,0.7646507815701657,115.0,153.0,0.7660949248120301,0.7838345864661654,0.7483552631578947,0.76609492481203,0.5333333333333333,0.7649122807017544,0.7315789473684211,0.7982456140350878,0.7649122807017544,417.0,455.0,14.46875,6.830227607593201,8.708984375,-14.359375,570.0,0.5578947368421052,0.8280701754385965,7.0,6.324659505172743,14.46875,6.830227607593201,8.708984375,-14.359375,570.0,0.5631578947368421,0.8280701754385965,7.0,6.324659505172743,8.0
instance_level,21,73,,full,references,96fd44444eacfffcce4305c6a19eaed483324b075fd0f74d4bb338226ad1a46d,1096f5f4e33fa5dabad4775a1b1cef8c257cd9cf2253a25380ee8fa09ab94620,777957b527fbf66016b0c688daf6670149d9247f4acbb5d1d1a9c08a11b46d65,b563429e9488e90d0227ddfc049ee8b418c5b9374aee0abdfb2b1e88142d0f85,/workspace/pair-aware/results_v3/bf16/instance_level/split_21/model_seed_73,True,v3,full,1,validation,f1_macro,>,closest_to_zero_then_lower,15,positive_class_equal_width,instance_level,neuralmind/bert-large-portuguese-cased,aa302f6ea73b759f7df9cad58bd272127b67ec28,bf16,256,6,2e-05,8,0.01,0.1,linear,1.0,2,f1_macro,32.0,10000,0,1,0,1,,,False,,,,179.75207448995207,6.4362568855285645,6.74609375,4,0.7870053827695785,6,2994,,2994,0,299,0.18849673153566027,15,positive_class_equal_width,0.17360376438254768,0.7754051020329235,0.4385323616645665,0.5,0.4421052631578947,0.787719298245614,0.7870053827695785,0.7916292303084755,0.787719298245614,570.0,0.7993366500829188,0.7578616352201258,0.8456140350877193,285.0,0.7746741154562383,0.8253968253968254,0.7298245614035088,285.0,0.7870053827695785,0.7916292303084755,0.787719298245614,570.0,0.7894736842105263,0.7883244206773619,0.7958998754105788,0.7894736842105263,570.0,0.803921568627451,0.7522935779816514,0.8631578947368421,285.0,0.7727272727272727,0.8395061728395061,0.7157894736842105,285.0,0.7883244206773619,0.7958998754105788,0.7894736842105263,570.0,0.787719298245614,0.7870053827695785,0.7993366500829188,0.7746741154562383,0.7870053827695785,77,44,0.7916292303084755,0.7578616352201258,0.8253968253968254,0.7916292303084755,0.787719298245614,0.8456140350877193,0.7298245614035088,0.787719298245614,241,208,0.7894736842105263,0.7883244206773619,0.803921568627451,0.7727272727272727,0.7883244206773619,81,39,0.7958998754105788,0.7522935779816514,0.8395061728395061,0.7958998754105788,0.4263157894736842,0.7894736842105263,0.8631578947368421,0.7157894736842105,0.7894736842105263,246,204,11.8125,5.0179705971165705,6.17578125,-8.6875,285,0.5929824561403508,0.8491228070175438,0,4.418732188677802,11.8125,5.0179705971165705,6.17578125,-8.6875,285,0.5929824561403508,0.8491228070175438,0,4.418732188677802,413,>,0.7870053827695785,validation,f1_macro,0.6033477058827573,0.41943359375,closest_to_zero_then_lower,0.7883244206773619,0.197295383594934,15.0,positive_class_equal_width,0.1768038048397167,0.7770692989559144,0.46541033493899264,0.5,0.47017543859649125,0.775438596491228,0.775238670285357,0.7764221112978156,0.775438596491228,1140.0,0.7819420783645656,0.7599337748344371,0.8052631578947368,570.0,0.7685352622061483,0.792910447761194,0.7456140350877193,570.0,0.775238670285357,0.7764221112978157,0.775438596491228,1140.0,0.7728070175438596,0.7724833192191722,0.7743684433727183,0.7728070175438596,1140.0,0.7810650887573964,0.7536704730831973,0.8105263157894737,570.0,0.763901549680948,0.7950664136622391,0.7350877192982456,570.0,0.7724833192191722,0.7743684433727182,0.7728070175438596,1140.0,0.775438596491228,0.775238670285357,0.7819420783645656,0.7685352622061483,0.775238670285357,145.0,111.0,0.7764221112978156,0.7599337748344371,0.792910447761194,0.7764221112978157,0.775438596491228,0.8052631578947368,0.7456140350877193,0.775438596491228,459.0,425.0,0.7728070175438596,0.7724833192191722,0.7810650887573964,0.763901549680948,0.7724833192191722,151.0,108.0,0.7743684433727183,0.7536704730831973,0.7950664136622391,0.7743684433727182,0.46228070175438596,0.7728070175438596,0.8105263157894737,0.7350877192982456,0.7728070175438596,462.0,419.0,11.640625,5.044070086562843,6.265625,-10.6015625,570.0,0.5807017543859649,0.8473684210526315,2.0,4.472193610165233,11.640625,5.044070086562843,6.265625,-10.6015625,570.0,0.5789473684210527,0.8473684210526315,2.0,4.472193610165233,8.0
instance_level,21,101,,full,references,7a8d8cda9a4c5a34bd95ba5e2bdfa765ed08100649016677fded3220892276d4,1096f5f4e33fa5dabad4775a1b1cef8c257cd9cf2253a25380ee8fa09ab94620,777957b527fbf66016b0c688daf6670149d9247f4acbb5d1d1a9c08a11b46d65,b563429e9488e90d0227ddfc049ee8b418c5b9374aee0abdfb2b1e88142d0f85,/workspace/pair-aware/results_v3/bf16/instance_level/split_21/model_seed_101,True,v3,full,1,validation,f1_macro,>,closest_to_zero_then_lower,15,positive_class_equal_width,instance_level,neuralmind/bert-large-portuguese-cased,aa302f6ea73b759f7df9cad58bd272127b67ec28,bf16,256,6,2e-05,8,0.01,0.1,linear,1.0,2,f1_macro,32.0,10000,0,1,0,1,,,False,,,,179.37384676595684,6.4362568855285645,6.74609375,4,0.7588408052845641,6,2994,,2994,0,299,0.1942161213776869,15,positive_class_equal_width,0.1648193170391658,0.6911069063877757,0.4394933615241303,0.5,0.4421052631578947,0.7596491228070176,0.7588408052845641,0.7631775980832585,0.7596491228070175,570.0,0.7728026533996684,0.7327044025157232,0.8175438596491228,285.0,0.74487895716946,0.7936507936507936,0.7017543859649122,285.0,0.7588408052845641,0.7631775980832584,0.7596491228070176,570.0,0.775438596491228,0.7752144335995268,0.7765416991137316,0.775438596491228,570.0,0.7681159420289855,0.7940074906367042,0.743859649122807,285.0,0.782312925170068,0.759075907590759,0.8070175438596491,285.0,0.7752144335995268,0.7765416991137316,0.775438596491228,570.0,0.7596491228070176,0.7588408052845641,0.7728026533996684,0.74487895716946,0.7588408052845641,85,52,0.7631775980832585,0.7327044025157232,0.7936507936507936,0.7631775980832584,0.7596491228070175,0.8175438596491228,0.7017543859649122,0.7596491228070176,233,200,0.775438596491228,0.7752144335995268,0.7681159420289855,0.782312925170068,0.7752144335995268,55,73,0.7765416991137316,0.7940074906367042,0.759075907590759,0.7765416991137316,0.531578947368421,0.775438596491228,0.743859649122807,0.8070175438596491,0.775438596491228,212,230,9.765625,3.9846717767548143,3.86669921875,-5.6953125,285,0.543859649122807,0.8456140350877193,1,3.645615605487734,9.765625,3.9846717767548143,3.86669921875,-5.6953125,285,0.5684210526315789,0.8456140350877193,1,3.645615605487734,450,>,0.7588408052845641,validation,f1_macro,0.13939637966532398,-1.8203125,closest_to_zero_then_lower,0.7752144335995268,0.19283321449033058,15.0,positive_class_equal_width,0.16509924462372916,0.6769246412832475,0.4647525497623954,0.5,0.4710526315789474,0.7657894736842106,0.7655930523499608,0.7666833430612301,0.7657894736842106,1140.0,0.7723785166240409,0.7512437810945274,0.7947368421052632,570.0,0.7588075880758808,0.7821229050279329,0.7368421052631579,570.0,0.7655930523499609,0.7666833430612301,0.7657894736842106,1140.0,0.7578947368421053,0.7571765054531872,0.7609825077245091,0.7578947368421052,1140.0,0.7439703153988868,0.7893700787401575,0.7035087719298245,570.0,0.7703826955074875,0.7325949367088608,0.8122807017543859,570.0,0.7571765054531872,0.7609825077245091,0.7578947368421053,1140.0,0.7657894736842106,0.7655930523499608,0.7723785166240409,0.7588075880758808,0.7655930523499609,150.0,117.0,0.7666833430612301,0.7512437810945274,0.7821229050279329,0.7666833430612301,0.7657894736842106,0.7947368421052632,0.7368421052631579,0.7657894736842106,453.0,420.0,0.7578947368421053,0.7571765054531872,0.7439703153988868,0.7703826955074875,0.7571765054531872,107.0,169.0,0.7609825077245091,0.7893700787401575,0.7325949367088608,0.7609825077245091,0.5543859649122806,0.7578947368421052,0.7035087719298245,0.8122807017543859,0.7578947368421053,401.0,463.0,9.8125,4.077803139937552,4.3916015625,-8.90625,570.0,0.5614035087719298,0.8491228070175438,1.0,3.7382646445839605,9.8125,4.077803139937552,4.3916015625,-8.90625,570.0,0.543859649122807,0.8491228070175438,1.0,3.7382646445839605,8.0
instance_level,40,13,,full,references,30f3acaff324c2fb5ac9add4930275336fc2c3811cb1c2b2cc04847f9d97f9f9,1096f5f4e33fa5dabad4775a1b1cef8c257cd9cf2253a25380ee8fa09ab94620,b2e2614b0656a7a0d7d5d9032d1d7dee6b4f06a99bd8a2de8f0649da271d2bdd,b563429e9488e90d0227ddfc049ee8b418c5b9374aee0abdfb2b1e88142d0f85,/workspace/pair-aware/results_v3/bf16/instance_level/split_40/model_seed_13,True,v3,full,1,validation,f1_macro,>,closest_to_zero_then_lower,15,positive_class_equal_width,instance_level,neuralmind/bert-large-portuguese-cased,aa302f6ea73b759f7df9cad58bd272127b67ec28,bf16,256,6,2e-05,8,0.01,0.1,linear,1.0,2,f1_macro,32.0,10000,0,1,0,1,,,False,,,,91.08563931903336,6.4362568855285645,6.74609375,1,0.733841715139202,3,1497,,2994,0,299,0.1851615278714084,15,positive_class_equal_width,0.03304155696416987,0.5523516901548289,0.4890966798627416,0.5,0.5684210526315789,0.7350877192982456,0.733841715139202,0.7395739235170129,0.7350877192982457,570.0,0.7156308851224106,0.7723577235772358,0.6666666666666666,285.0,0.7520525451559934,0.7067901234567902,0.8035087719298246,285.0,0.7338417151392019,0.739573923517013,0.7350877192982456,570.0,0.7403508771929824,0.7400308166409861,0.741540364986081,0.7403508771929824,570.0,0.730909090909091,0.7584905660377359,0.7052631578947368,285.0,0.7491525423728813,0.7245901639344262,0.775438596491228,285.0,0.7400308166409861,0.741540364986081,0.7403508771929824,570.0,0.7350877192982456,0.733841715139202,0.7156308851224106,0.7520525451559934,0.7338417151392019,56,95,0.7395739235170129,0.7723577235772358,0.7067901234567902,0.739573923517013,0.7350877192982457,0.6666666666666666,0.8035087719298246,0.7350877192982456,190,229,0.7403508771929824,0.7400308166409861,0.730909090909091,0.7491525423728813,0.7400308166409861,64,84,0.741540364986081,0.7584905660377359,0.7245901639344262,0.741540364986081,0.5350877192982456,0.7403508771929824,0.7052631578947368,0.775438596491228,0.7403508771929824,201,221,3.97265625,1.29060920581483,1.07275390625,-3.447265625,285,0.5087719298245614,0.8210526315789474,0,1.4294297325141103,3.97265625,1.29060920581483,1.07275390625,-3.447265625,285,0.519298245614035,0.8210526315789474,0,1.4294297325141103,510,>,0.733841715139202,validation,f1_macro,0.5480688552581449,0.19287109375,closest_to_zero_then_lower,0.7400308166409861,0.1732109086111844,15.0,positive_class_equal_width,0.04269499829968084,0.5234487180313685,0.4795655914877827,0.5,0.5464912280701755,0.7517543859649123,0.7512166571174538,0.7539499706604655,0.7517543859649123,1140.0,0.7396504139834407,0.7775628626692457,0.7052631578947368,570.0,0.7627829002514669,0.7303370786516854,0.7982456140350878,570.0,0.7512166571174537,0.7539499706604655,0.7517543859649123,1140.0,0.7473684210526316,0.7473054224044775,0.7476153504880213,0.7473684210526317,1140.0,0.7433155080213903,0.7554347826086957,0.7315789473684211,570.0,0.7512953367875648,0.7397959183673469,0.7631578947368421,570.0,0.7473054224044776,0.7476153504880213,0.7473684210526316,1140.0,0.7517543859649123,0.7512166571174538,0.7396504139834407,0.7627829002514669,0.7512166571174537,115.0,168.0,0.7539499706604655,0.7775628626692457,0.7303370786516854,0.7539499706604655,0.7517543859649123,0.7052631578947368,0.7982456140350878,0.7517543859649123,402.0,455.0,0.7473684210526316,0.7473054224044775,0.7433155080213903,0.7512953367875648,0.7473054224044776,135.0,153.0,0.7476153504880213,0.7554347826086957,0.7397959183673469,0.7476153504880213,0.5157894736842106,0.7473684210526317,0.7315789473684211,0.7631578947368421,0.7473684210526316,417.0,435.0,4.109375,1.4064952850341796,1.23724365234375,-3.435546875,570.0,0.5263157894736842,0.8421052631578947,0.0,1.394390587469915,4.109375,1.4064952850341796,1.23724365234375,-3.435546875,570.0,0.5175438596491229,0.8421052631578947,0.0,1.394390587469915,8.0
instance_level,40,21,,full,references,8c5694a4d1cfb118fa7acc9384e3b0f1fc5578eee5e55a529851b36adf7aea74,1096f5f4e33fa5dabad4775a1b1cef8c257cd9cf2253a25380ee8fa09ab94620,b2e2614b0656a7a0d7d5d9032d1d7dee6b4f06a99bd8a2de8f0649da271d2bdd,b563429e9488e90d0227ddfc049ee8b418c5b9374aee0abdfb2b1e88142d0f85,/workspace/pair-aware/results_v3/bf16/instance_level/split_40/model_seed_21,True,v3,full,1,validation,f1_macro,>,closest_to_zero_then_lower,15,positive_class_equal_width,instance_level,neuralmind/bert-large-portuguese-cased,aa302f6ea73b759f7df9cad58bd272127b67ec28,bf16,256,6,2e-05,8,0.01,0.1,linear,1.0,2,f1_macro,32.0,10000,0,1,0,1,,,False,,,,179.59876964602154,6.4362568855285645,6.74609375,5,0.7519896068308549,6,2994,,2994,0,299,0.2297770420779215,15,positive_class_equal_width,0.217433123712163,1.0430410413952846,0.44626522325738943,0.5,0.44912280701754387,0.7526315789473684,0.7519896068308549,0.7552746815286624,0.7526315789473684,570.0,0.7646076794657763,0.7292993630573248,0.8035087719298246,285.0,0.7393715341959335,0.78125,0.7017543859649122,285.0,0.751989606830855,0.7552746815286624,0.7526315789473684,570.0,0.7526315789473684,0.7519896068308549,0.7552746815286624,0.7526315789473684,570.0,0.7646076794657763,0.7292993630573248,0.8035087719298246,285.0,0.7393715341959335,0.78125,0.7017543859649122,285.0,0.751989606830855,0.7552746815286624,0.7526315789473684,570.0,0.7526315789473684,0.7519896068308549,0.7646076794657763,0.7393715341959335,0.751989606830855,85,56,0.7552746815286624,0.7292993630573248,0.78125,0.7552746815286624,0.7526315789473684,0.8035087719298246,0.7017543859649122,0.7526315789473684,229,200,0.7526315789473684,0.7519896068308549,0.7646076794657763,0.7393715341959335,0.751989606830855,85,56,0.7552746815286624,0.7292993630573248,0.78125,0.7552746815286624,0.44912280701754387,0.7526315789473684,0.8035087719298246,0.7017543859649122,0.7526315789473684,229,200,12.828125,5.103137742427357,5.4921875,-10.453125,285,0.5368421052631579,0.8,3,5.179916559600016,12.828125,5.103137742427357,5.4921875,-10.453125,285,0.5368421052631579,0.8,3,5.179916559600016,391,>,0.7519896068308549,validation,f1_macro,0.5,0.0,closest_to_zero_then_lower,0.7519896068308549,0.21035570759504554,15.0,positive_class_equal_width,0.19508477892396475,0.9589119596460857,0.47159949474529395,0.5,0.4745614035087719,0.7657894736842106,0.7656378127119812,0.7664792522349325,0.7657894736842106,1140.0,0.7715996578272027,0.7529215358931552,0.7912280701754386,570.0,0.7596759675967597,0.7800369685767098,0.7403508771929824,570.0,0.7656378127119812,0.7664792522349325,0.7657894736842106,1140.0,0.7657894736842106,0.7656378127119812,0.7664792522349325,0.7657894736842106,1140.0,0.7715996578272027,0.7529215358931552,0.7912280701754386,570.0,0.7596759675967597,0.7800369685767098,0.7403508771929824,570.0,0.7656378127119812,0.7664792522349325,0.7657894736842106,1140.0,0.7657894736842106,0.7656378127119812,0.7715996578272027,0.7596759675967597,0.7656378127119812,148.0,119.0,0.7664792522349325,0.7529215358931552,0.7800369685767098,0.7664792522349325,0.7657894736842106,0.7912280701754386,0.7403508771929824,0.7657894736842106,451.0,422.0,0.7657894736842106,0.7656378127119812,0.7715996578272027,0.7596759675967597,0.7656378127119812,148.0,119.0,0.7664792522349325,0.7529215358931552,0.7800369685767098,0.7664792522349325,0.4745614035087719,0.7657894736842106,0.7912280701754386,0.7403508771929824,0.7657894736842106,451.0,422.0,13.015625,5.702304505465324,6.8765869140625,-11.421875,570.0,0.5578947368421052,0.8333333333333334,5.0,5.272772565116302,13.015625,5.702304505465324,6.8765869140625,-11.421875,570.0,0.5578947368421052,0.8333333333333334,5.0,5.272772565116302,8.0
instance_level,40,40,,full,references,80a48a6930553d9c0d2e56bf64d8e9e98748df015d6da89d44a6f30766d42468,1096f5f4e33fa5dabad4775a1b1cef8c257cd9cf2253a25380ee8fa09ab94620,b2e2614b0656a7a0d7d5d9032d1d7dee6b4f06a99bd8a2de8f0649da271d2bdd,b563429e9488e90d0227ddfc049ee8b418c5b9374aee0abdfb2b1e88142d0f85,/workspace/pair-aware/results_v3/bf16/instance_level/split_40/model_seed_40,True,v3,full,1,validation,f1_macro,>,closest_to_zero_then_lower,15,positive_class_equal_width,instance_level,neuralmind/bert-large-portuguese-cased,aa302f6ea73b759f7df9cad58bd272127b67ec28,bf16,256,6,2e-05,8,0.01,0.1,linear,1.0,2,f1_macro,32.0,10000,0,1,0,1,,,False,,,,149.515254619997,6.4362568855285645,6.74609375,3,0.7385570615451391,5,2495,,2994,0,299,0.2100962442315133,15,positive_class_equal_width,0.16939962607705655,0.7399916876975762,0.4899425595116472,0.5,0.512280701754386,0.7385964912280701,0.7385570615451391,0.7387405144377649,0.7385964912280703,570.0,0.7353463587921847,0.7446043165467626,0.7263157894736842,285.0,0.7417677642980935,0.7328767123287672,0.7508771929824561,285.0,0.7385570615451391,0.7387405144377649,0.7385964912280701,570.0,0.7421052631578947,0.7420409520379041,0.7423469387755102,0.7421052631578948,570.0,0.7379679144385026,0.75,0.7263157894736842,285.0,0.7461139896373057,0.7346938775510204,0.7578947368421053,285.0,0.7420409520379041,0.7423469387755103,0.7421052631578947,570.0,0.7385964912280701,0.7385570615451391,0.7353463587921847,0.7417677642980935,0.7385570615451391,71,78,0.7387405144377649,0.7446043165467626,0.7328767123287672,0.7387405144377649,0.7385964912280703,0.7263157894736842,0.7508771929824561,0.7385964912280701,207,214,0.7421052631578947,0.7420409520379041,0.7379679144385026,0.7461139896373057,0.7420409520379041,69,78,0.7423469387755102,0.75,0.7346938775510204,0.7423469387755103,0.5157894736842106,0.7421052631578948,0.7263157894736842,0.7578947368421053,0.7421052631578947,207,216,10.0546875,3.5320513808936402,2.9404296875,-6.9921875,285,0.5087719298245614,0.8105263157894737,0,3.6577936629615286,10.0546875,3.5320513808936402,2.9404296875,-6.9921875,285,0.5157894736842106,0.8105263157894737,0,3.6577936629615286,445,>,0.7385570615451391,validation,f1_macro,0.4785288375393227,-0.0859375,closest_to_zero_then_lower,0.7420409520379041,0.1920136781930394,15.0,positive_class_equal_width,0.14933018690396865,0.6741278240122867,0.5013889827289343,0.5,0.5114035087719299,0.7640350877192983,0.7640043988484191,0.7641724996997514,0.7640350877192983,1140.0,0.7613132209405501,0.770197486535009,0.7526315789473684,570.0,0.766695576756288,0.758147512864494,0.775438596491228,570.0,0.7640043988484191,0.7641724996997514,0.7640350877192983,1140.0,0.7640350877192983,0.7639695236981032,0.7643287863708215,0.7640350877192983,1140.0,0.760035682426405,0.7731397459165155,0.7473684210526316,570.0,0.7679033649698016,0.7555178268251274,0.7807017543859649,570.0,0.7639695236981033,0.7643287863708214,0.7640350877192983,1140.0,0.7640350877192983,0.7640043988484191,0.7613132209405501,0.766695576756288,0.7640043988484191,128.0,141.0,0.7641724996997514,0.770197486535009,0.758147512864494,0.7641724996997514,0.7640350877192983,0.7526315789473684,0.775438596491228,0.7640350877192983,429.0,442.0,0.7640350877192983,0.7639695236981032,0.760035682426405,0.7679033649698016,0.7639695236981033,125.0,144.0,0.7643287863708215,0.7731397459165155,0.7555178268251274,0.7643287863708214,0.5166666666666667,0.7640350877192983,0.7473684210526316,0.7807017543859649,0.7640350877192983,426.0,445.0,9.8515625,3.8542055899636787,4.202880859375,-8.3515625,570.0,0.5596491228070175,0.8491228070175438,4.0,3.6387063621549274,9.8515625,3.8542055899636787,4.202880859375,-8.3515625,570.0,0.5614035087719298,0.8491228070175438,4.0,3.6387063621549274,8.0
instance_level,40,42,,full,references,0416e698e69eabc2b725248d088e0c0ff7d6850330bbc698dcdd3f26e37de162,1096f5f4e33fa5dabad4775a1b1cef8c257cd9cf2253a25380ee8fa09ab94620,b2e2614b0656a7a0d7d5d9032d1d7dee6b4f06a99bd8a2de8f0649da271d2bdd,b563429e9488e90d0227ddfc049ee8b418c5b9374aee0abdfb2b1e88142d0f85,/workspace/pair-aware/results_v3/bf16/instance_level/split_40/model_seed_42,True,v3,full,1,validation,f1_macro,>,closest_to_zero_then_lower,15,positive_class_equal_width,instance_level,neuralmind/bert-large-portuguese-cased,aa302f6ea73b759f7df9cad58bd272127b67ec28,bf16,256,6,2e-05,8,0.01,0.1,linear,1.0,2,f1_macro,32.0,10000,0,1,0,1,,,False,,,,120.92403896606993,6.4362568855285645,6.74609375,2,0.7298112557097303,4,1996,,2994,0,299,0.1858907605897393,15,positive_class_equal_width,0.08204768546112007,0.5576646500704697,0.5147595588833461,0.5,0.5070175438596491,0.7298245614035088,0.7298112557097303,0.7298698420125849,0.7298245614035088,570.0,0.7279151943462897,0.7330960854092526,0.7228070175438597,285.0,0.7317073170731707,0.726643598615917,0.7368421052631579,285.0,0.7298112557097302,0.7298698420125848,0.7298245614035088,570.0,0.7385964912280701,0.7374903795926819,0.7426868363053496,0.7385964912280703,570.0,0.7204502814258912,0.7741935483870968,0.6736842105263158,285.0,0.7545304777594728,0.7111801242236024,0.8035087719298246,285.0,0.737490379592682,0.7426868363053496,0.7385964912280701,570.0,0.7298245614035088,0.7298112557097303,0.7279151943462897,0.7317073170731707,0.7298112557097302,75,79,0.7298698420125849,0.7330960854092526,0.726643598615917,0.7298698420125848,0.7298245614035088,0.7228070175438597,0.7368421052631579,0.7298245614035088,206,210,0.7385964912280701,0.7374903795926819,0.7204502814258912,0.7545304777594728,0.737490379592682,56,93,0.7426868363053496,0.7741935483870968,0.7111801242236024,0.7426868363053496,0.5649122807017544,0.7385964912280703,0.6736842105263158,0.8035087719298246,0.7385964912280701,192,229,6.5546875,1.865210877803334,1.606689453125,-4.38671875,285,0.4982456140350877,0.8105263157894737,1,2.0067210260785044,6.5546875,1.865210877803334,1.606689453125,-4.38671875,285,0.4982456140350877,0.8105263157894737,1,2.0067210260785044,489,>,0.7298112557097303,validation,f1_macro,0.44514697085831006,-0.22029876708984375,closest_to_zero_then_lower,0.7374903795926819,0.17078047027530396,15.0,positive_class_equal_width,0.05370743844808129,0.5198653770072762,0.5121292744233839,0.5,0.5078947368421053,0.7605263157894737,0.7605113892140092,0.7605912831453825,0.7605263157894737,1140.0,0.7586206896551724,0.7647058823529411,0.7526315789473684,570.0,0.762402088772846,0.7564766839378239,0.7684210526315789,570.0,0.7605113892140092,0.7605912831453825,0.7605263157894737,1140.0,0.7517543859649123,0.7509939172495873,0.7548678687942267,0.7517543859649123,1140.0,0.7372330547818013,0.7830374753451677,0.6964912280701754,570.0,0.7647547797173733,0.7266982622432859,0.8070175438596491,570.0,0.7509939172495873,0.7548678687942268,0.7517543859649123,1140.0,0.7605263157894737,0.7605113892140092,0.7586206896551724,0.762402088772846,0.7605113892140092,132.0,141.0,0.7605912831453825,0.7647058823529411,0.7564766839378239,0.7605912831453825,0.7605263157894737,0.7526315789473684,0.7684210526315789,0.7605263157894737,429.0,438.0,0.7517543859649123,0.7509939172495873,0.7372330547818013,0.7647547797173733,0.7509939172495873,110.0,173.0,0.7548678687942267,0.7830374753451677,0.7266982622432859,0.7548678687942268,0.5552631578947368,0.7517543859649123,0.6964912280701754,0.8070175438596491,0.7517543859649123,397.0,460.0,6.65625,2.0651386997155976,1.9208984375,-4.26953125,570.0,0.5491228070175439,0.8315789473684211,1.0,2.0487007945056384,6.65625,2.0651386997155976,1.9208984375,-4.26953125,570.0,0.5333333333333333,0.8315789473684211,1.0,2.0487007945056384,8.0
instance_level,40,73,,full,references,bdfb4fbc4f60dfe4d6a6482ebe67cd33090cee44460249adbaff35597bfb6741,1096f5f4e33fa5dabad4775a1b1cef8c257cd9cf2253a25380ee8fa09ab94620,b2e2614b0656a7a0d7d5d9032d1d7dee6b4f06a99bd8a2de8f0649da271d2bdd,b563429e9488e90d0227ddfc049ee8b418c5b9374aee0abdfb2b1e88142d0f85,/workspace/pair-aware/results_v3/bf16/instance_level/split_40/model_seed_73,True,v3,full,1,validation,f1_macro,>,closest_to_zero_then_lower,15,positive_class_equal_width,instance_level,neuralmind/bert-large-portuguese-cased,aa302f6ea73b759f7df9cad58bd272127b67ec28,bf16,256,6,2e-05,8,0.01,0.1,linear,1.0,2,f1_macro,32.0,10000,0,1,0,1,,,False,,,,150.19516280398238,6.4362568855285645,6.74609375,3,0.7489922428102029,5,2495,,2994,0,299,0.20715100615066318,15,positive_class_equal_width,0.1563596593421642,0.7157924691453058,0.5051019817494694,0.5,0.5228070175438596,0.7491228070175439,0.7489922428102029,0.7496422226608764,0.7491228070175439,570.0,0.7432675044883303,0.7610294117647058,0.7263157894736842,285.0,0.7547169811320755,0.738255033557047,0.7719298245614035,285.0,0.7489922428102029,0.7496422226608765,0.7491228070175439,570.0,0.7508771929824561,0.750766729483058,0.7513227513227513,0.7508771929824561,570.0,0.7455197132616488,0.7619047619047619,0.7298245614035088,285.0,0.7560137457044673,0.7407407407407407,0.7719298245614035,285.0,0.7507667294830581,0.7513227513227512,0.7508771929824561,570.0,0.7491228070175439,0.7489922428102029,0.7432675044883303,0.7547169811320755,0.7489922428102029,65,78,0.7496422226608764,0.7610294117647058,0.738255033557047,0.7496422226608765,0.7491228070175439,0.7263157894736842,0.7719298245614035,0.7491228070175439,207,220,0.7508771929824561,0.750766729483058,0.7455197132616488,0.7560137457044673,0.7507667294830581,65,77,0.7513227513227513,0.7619047619047619,0.7407407407407407,0.7513227513227512,0.5210526315789473,0.7508771929824561,0.7298245614035088,0.7719298245614035,0.7508771929824561,208,220,8.953125,3.2517600611636515,2.6875,-7.3125,285,0.5263157894736842,0.8175438596491228,2,3.458619106526906,8.953125,3.2517600611636515,2.6875,-7.3125,285,0.5298245614035088,0.8175438596491228,2,3.458619106526906,444,>,0.7489922428102029,validation,f1_macro,0.5058591067938315,0.0234375,closest_to_zero_then_lower,0.750766729483058,0.1770581905666097,15.0,positive_class_equal_width,0.1260764060581112,0.6048675912211862,0.49567597643540584,0.5,0.5087719298245614,0.7736842105263158,0.7736667949211236,0.7737684729064039,0.7736842105263158,1140.0,0.7716814159292036,0.7785714285714286,0.7649122807017544,570.0,0.7756521739130435,0.7689655172413793,0.7824561403508772,570.0,0.7736667949211236,0.7737684729064039,0.7736842105263158,1140.0,0.7728070175438596,0.7727928564338036,0.7728750473340538,0.7728070175438597,1140.0,0.770999115826702,0.7771836007130125,0.7649122807017544,570.0,0.7745865970409052,0.768566493955095,0.7807017543859649,570.0,0.7727928564338036,0.7728750473340537,0.7728070175438596,1140.0,0.7736842105263158,0.7736667949211236,0.7716814159292036,0.7756521739130435,0.7736667949211236,124.0,134.0,0.7737684729064039,0.7785714285714286,0.7689655172413793,0.7737684729064039,0.7736842105263158,0.7649122807017544,0.7824561403508772,0.7736842105263158,436.0,446.0,0.7728070175438596,0.7727928564338036,0.770999115826702,0.7745865970409052,0.7727928564338036,125.0,134.0,0.7728750473340538,0.7771836007130125,0.768566493955095,0.7728750473340537,0.5078947368421053,0.7728070175438597,0.7649122807017544,0.7807017543859649,0.7728070175438596,436.0,445.0,9.3203125,3.7654181095591763,3.885833740234375,-7.0234375,570.0,0.5736842105263158,0.8543859649122807,0.0,3.4373267456377565,9.3203125,3.7654181095591763,3.885833740234375,-7.0234375,570.0,0.5719298245614035,0.8543859649122807,0.0,3.4373267456377565,8.0
instance_level,40,101,,full,references,aeb5e45a2f3f728c5b5b61e285cc56f54794a897faa2fd7d227078454ef46e35,1096f5f4e33fa5dabad4775a1b1cef8c257cd9cf2253a25380ee8fa09ab94620,b2e2614b0656a7a0d7d5d9032d1d7dee6b4f06a99bd8a2de8f0649da271d2bdd,b563429e9488e90d0227ddfc049ee8b418c5b9374aee0abdfb2b1e88142d0f85,/workspace/pair-aware/results_v3/bf16/instance_level/split_40/model_seed_101,True,v3,full,1,validation,f1_macro,>,closest_to_zero_then_lower,15,positive_class_equal_width,instance_level,neuralmind/bert-large-portuguese-cased,aa302f6ea73b759f7df9cad58bd272127b67ec28,bf16,256,6,2e-05,8,0.01,0.1,linear,1.0,2,f1_macro,32.0,10000,0,1,0,1,,,False,,,,180.42201571096666,6.4362568855285645,6.74609375,6,0.7447585165420569,6,2994,,2994,0,299,0.24305898480746055,15,positive_class_equal_width,0.23875571204750956,1.3523756296470442,0.43633402096344526,0.5,0.4421052631578947,0.7456140350877193,0.7447585165420569,0.7489517819706499,0.7456140350877194,570.0,0.7595356550580431,0.720125786163522,0.8035087719298246,285.0,0.7299813780260708,0.7777777777777778,0.6877192982456141,285.0,0.7447585165420569,0.7489517819706498,0.7456140350877193,570.0,0.7491228070175439,0.7486392722226505,0.7510545905707195,0.7491228070175439,570.0,0.7596638655462185,0.7290322580645161,0.7929824561403509,285.0,0.7376146788990826,0.7730769230769231,0.7052631578947368,285.0,0.7486392722226505,0.7510545905707195,0.7491228070175439,570.0,0.7456140350877193,0.7447585165420569,0.7595356550580431,0.7299813780260708,0.7447585165420569,89,56,0.7489517819706499,0.720125786163522,0.7777777777777778,0.7489517819706498,0.7456140350877194,0.8035087719298246,0.6877192982456141,0.7456140350877193,229,196,0.7491228070175439,0.7486392722226505,0.7596638655462185,0.7376146788990826,0.7486392722226505,84,59,0.7510545905707195,0.7290322580645161,0.7730769230769231,0.7510545905707195,0.45614035087719296,0.7491228070175439,0.7929824561403509,0.7052631578947368,0.7491228070175439,226,201,14.6875,6.070719401041667,6.197265625,-12.171875,285,0.519298245614035,0.8456140350877193,2,6.426594884460454,14.6875,6.070719401041667,6.197265625,-12.171875,285,0.5368421052631579,0.8456140350877193,2,6.426594884460454,352,>,0.7447585165420569,validation,f1_macro,0.1919327864472368,-1.4375,closest_to_zero_then_lower,0.7486392722226505,0.22781059469609113,15.0,positive_class_equal_width,0.22298055287247381,1.2196323432235252,0.4474067954883782,0.5,0.44649122807017544,0.7587719298245614,0.7580792651165733,0.7617699164640279,0.7587719298245614,1140.0,0.7710241465445462,0.7337559429477021,0.8122807017543859,570.0,0.7451343836886005,0.7897838899803536,0.7052631578947368,570.0,0.7580792651165734,0.7617699164640279,0.7587719298245614,1140.0,0.7596491228070176,0.7594351392897961,0.7605762577839281,0.7596491228070176,1140.0,0.7666098807495741,0.7450331125827815,0.7894736842105263,570.0,0.7522603978300181,0.7761194029850746,0.7298245614035088,570.0,0.7594351392897961,0.760576257783928,0.7596491228070176,1140.0,0.7587719298245614,0.7580792651165733,0.7710241465445462,0.7451343836886005,0.7580792651165734,168.0,107.0,0.7617699164640279,0.7337559429477021,0.7897838899803536,0.7617699164640279,0.7587719298245614,0.8122807017543859,0.7052631578947368,0.7587719298245614,463.0,402.0,0.7596491228070176,0.7594351392897961,0.7666098807495741,0.7522603978300181,0.7594351392897961,154.0,120.0,0.7605762577839281,0.7450331125827815,0.7761194029850746,0.760576257783928,0.47017543859649125,0.7596491228070176,0.7894736842105263,0.7298245614035088,0.7596491228070176,450.0,416.0,14.734375,6.65912218595806,8.31640625,-12.734375,570.0,0.5508771929824562,0.843859649122807,3.0,6.439910306876593,14.734375,6.65912218595806,8.31640625,-12.734375,570.0,0.5526315789473685,0.843859649122807,3.0,6.439910306876593,8.0
instance_level,42,13,,full,references,2c12b24dfb46ff90b5b8782f0d33eab74e788c6b35ad43a1158ffea100214083,1096f5f4e33fa5dabad4775a1b1cef8c257cd9cf2253a25380ee8fa09ab94620,82f47319636cdabaf5a56f172f68023db0c21b5f83e97554f59db62e8bdb1c96,b563429e9488e90d0227ddfc049ee8b418c5b9374aee0abdfb2b1e88142d0f85,/workspace/pair-aware/results_v3/bf16/instance_level/split_42/model_seed_13,True,v3,full,1,validation,f1_macro,>,closest_to_zero_then_lower,15,positive_class_equal_width,instance_level,neuralmind/bert-large-portuguese-cased,aa302f6ea73b759f7df9cad58bd272127b67ec28,bf16,256,6,2e-05,8,0.01,0.1,linear,1.0,2,f1_macro,32.0,10000,0,1,0,1,,,False,,,,180.5243240710115,6.4362568855285645,6.74609375,5,0.7701612903225806,6,2994,,2994,0,299,0.20652852918778594,15,positive_class_equal_width,0.19789738019460654,0.9651162829506431,0.4133675544745789,0.5,0.41228070175438597,0.7719298245614035,0.7701612903225806,0.7805652588123213,0.7719298245614035,570.0,0.7903225806451613,0.7313432835820896,0.8596491228070176,285.0,0.75,0.8297872340425532,0.6842105263157895,285.0,0.7701612903225806,0.7805652588123214,0.7719298245614035,570.0,0.7807017543859649,0.7796702939894056,0.7860584161397169,0.7807017543859649,570.0,0.7947454844006568,0.7469135802469136,0.8491228070175438,285.0,0.7645951035781544,0.8252032520325203,0.712280701754386,285.0,0.7796702939894056,0.7860584161397169,0.7807017543859649,570.0,0.7719298245614035,0.7701612903225806,0.7903225806451613,0.75,0.7701612903225806,90,40,0.7805652588123213,0.7313432835820896,0.8297872340425532,0.7805652588123214,0.7719298245614035,0.8596491228070176,0.6842105263157895,0.7719298245614035,245,195,0.7807017543859649,0.7796702939894056,0.7947454844006568,0.7645951035781544,0.7796702939894056,82,43,0.7860584161397169,0.7469135802469136,0.8252032520325203,0.7860584161397169,0.43157894736842106,0.7807017543859649,0.8491228070175438,0.712280701754386,0.7807017543859649,242,203,12.578125,5.8295442280016445,6.76318359375,-10.6953125,285,0.5578947368421052,0.8912280701754386,0,5.123154972023496,12.578125,5.8295442280016445,6.76318359375,-10.6953125,285,0.5789473684210527,0.8912280701754386,0,5.123154972023496,348,>,0.7701612903225806,validation,f1_macro,0.32745319857557964,-0.7197265625,closest_to_zero_then_lower,0.7796702939894056,0.23279716868514766,15.0,positive_class_equal_width,0.22100778733382193,1.0718880223783815,0.4114819070471337,0.5,0.41228070175438597,0.7403508771929824,0.7383374689826303,0.7479834868212131,0.7403508771929825,1140.0,0.7612903225806451,0.7044776119402985,0.8280701754385965,570.0,0.7153846153846154,0.7914893617021277,0.6526315789473685,570.0,0.7383374689826303,0.7479834868212131,0.7403508771929824,1140.0,0.737719298245614,0.7365791456558279,0.7419074465586093,0.737719298245614,1140.0,0.7539094650205761,0.710077519379845,0.8035087719298246,570.0,0.7192488262910798,0.7737373737373737,0.6719298245614035,570.0,0.7365791456558279,0.7419074465586094,0.737719298245614,1140.0,0.7403508771929824,0.7383374689826303,0.7612903225806451,0.7153846153846154,0.7383374689826303,198.0,98.0,0.7479834868212131,0.7044776119402985,0.7914893617021277,0.7479834868212131,0.7403508771929825,0.8280701754385965,0.6526315789473685,0.7403508771929824,472.0,372.0,0.737719298245614,0.7365791456558279,0.7539094650205761,0.7192488262910798,0.7365791456558279,187.0,112.0,0.7419074465586093,0.710077519379845,0.7737373737373737,0.7419074465586094,0.4342105263157895,0.737719298245614,0.8035087719298246,0.6719298245614035,0.737719298245614,458.0,383.0,12.4375,5.33044786955181,5.474609375,-11.15625,570.0,0.512280701754386,0.8473684210526315,2.0,5.293050572107729,12.4375,5.33044786955181,5.474609375,-11.15625,570.0,0.5087719298245614,0.8473684210526315,2.0,5.293050572107729,8.0
instance_level,42,21,,full,references,414294e6102164cd43d162dea39aab41ccdf1b2f5f2a1dbcffa98312dc9146b6,1096f5f4e33fa5dabad4775a1b1cef8c257cd9cf2253a25380ee8fa09ab94620,82f47319636cdabaf5a56f172f68023db0c21b5f83e97554f59db62e8bdb1c96,b563429e9488e90d0227ddfc049ee8b418c5b9374aee0abdfb2b1e88142d0f85,/workspace/pair-aware/results_v3/bf16/instance_level/split_42/model_seed_21,True,v3,full,1,validation,f1_macro,>,closest_to_zero_then_lower,15,positive_class_equal_width,instance_level,neuralmind/bert-large-portuguese-cased,aa302f6ea73b759f7df9cad58bd272127b67ec28,bf16,256,6,2e-05,8,0.01,0.1,linear,1.0,2,f1_macro,32.0,10000,0,1,0,1,,,False,,,,180.31434409692883,6.4362568855285645,6.74609375,6,0.7643436300583741,6,2994,,2994,0,299,0.21889304579182595,15,positive_class_equal_width,0.21980775966011767,1.230772289529675,0.4488980134651574,0.5,0.45087719298245615,0.7649122807017544,0.7643436300583741,0.7674941882870675,0.7649122807017543,570.0,0.7759197324414716,0.7412140575079872,0.8140350877192982,285.0,0.7527675276752768,0.7937743190661478,0.7157894736842105,285.0,0.7643436300583742,0.7674941882870674,0.7649122807017544,570.0,0.7807017543859649,0.7806848787995383,0.7807881773399015,0.7807017543859649,570.0,0.7787610619469026,0.7857142857142857,0.7719298245614035,285.0,0.782608695652174,0.7758620689655172,0.7894736842105263,285.0,0.7806848787995383,0.7807881773399015,0.7807017543859649,570.0,0.7649122807017544,0.7643436300583741,0.7759197324414716,0.7527675276752768,0.7643436300583742,81,53,0.7674941882870675,0.7412140575079872,0.7937743190661478,0.7674941882870674,0.7649122807017543,0.8140350877192982,0.7157894736842105,0.7649122807017544,232,204,0.7807017543859649,0.7806848787995383,0.7787610619469026,0.782608695652174,0.7806848787995383,60,65,0.7807881773399015,0.7857142857142857,0.7758620689655172,0.7807881773399015,0.5087719298245614,0.7807017543859649,0.7719298245614035,0.7894736842105263,0.7807017543859649,220,225,14.984375,7.2394968133223685,8.7578125,-14.140625,285,0.5578947368421052,0.8842105263157894,1,6.524054592481558,14.984375,7.2394968133223685,8.7578125,-14.140625,285,0.5824561403508772,0.8842105263157894,1,6.524054592481558,320,>,0.7643436300583741,validation,f1_macro,0.0370471686690752,-3.2578125,closest_to_zero_then_lower,0.7806848787995383,0.22934660338006746,15.0,positive_class_equal_width,0.22645709943861114,1.3387166102097836,0.4528325185600336,0.5,0.45263157894736844,0.756140350877193,0.7555919560972449,0.7584600477042337,0.756140350877193,1140.0,0.7671691792294807,0.7339743589743589,0.8035087719298246,570.0,0.7440147329650092,0.7829457364341085,0.7087719298245614,570.0,0.7555919560972449,0.7584600477042337,0.756140350877193,1140.0,0.7482456140350877,0.7482438705715875,0.7482524908353878,0.7482456140350877,1140.0,0.7475813544415127,0.7495590828924162,0.7456140350877193,570.0,0.7489063867016623,0.7469458987783595,0.7508771929824561,570.0,0.7482438705715876,0.7482524908353878,0.7482456140350877,1140.0,0.756140350877193,0.7555919560972449,0.7671691792294807,0.7440147329650092,0.7555919560972449,166.0,112.0,0.7584600477042337,0.7339743589743589,0.7829457364341085,0.7584600477042337,0.756140350877193,0.8035087719298246,0.7087719298245614,0.756140350877193,458.0,404.0,0.7482456140350877,0.7482438705715875,0.7475813544415127,0.7489063867016623,0.7482438705715876,142.0,145.0,0.7482524908353878,0.7495590828924162,0.7469458987783595,0.7482524908353878,0.5026315789473684,0.7482456140350877,0.7456140350877193,0.7508771929824561,0.7482456140350877,425.0,428.0,15.125,6.87457275390625,8.3759765625,-14.4375,570.0,0.5421052631578948,0.8280701754385965,4.0,6.6827573614416975,15.125,6.87457275390625,8.3759765625,-14.4375,570.0,0.5333333333333333,0.8280701754385965,4.0,6.6827573614416975,8.0
instance_level,42,40,,full,references,8ef6196a21936258230ee9a57c3381a3b0535ef68d994baff4002707412309ef,1096f5f4e33fa5dabad4775a1b1cef8c257cd9cf2253a25380ee8fa09ab94620,82f47319636cdabaf5a56f172f68023db0c21b5f83e97554f59db62e8bdb1c96,b563429e9488e90d0227ddfc049ee8b418c5b9374aee0abdfb2b1e88142d0f85,/workspace/pair-aware/results_v3/bf16/instance_level/split_42/model_seed_40,True,v3,full,1,validation,f1_macro,>,closest_to_zero_then_lower,15,positive_class_equal_width,instance_level,neuralmind/bert-large-portuguese-cased,aa302f6ea73b759f7df9cad58bd272127b67ec28,bf16,256,6,2e-05,8,0.01,0.1,linear,1.0,2,f1_macro,32.0,10000,0,1,0,1,,,False,,,,150.07329884695355,6.4362568855285645,6.74609375,3,0.7754358317738599,5,2495,,2994,0,299,0.18612418570705908,15,positive_class_equal_width,0.145063557961809,0.6907573128718413,0.48362013299869505,0.5,0.5035087719298246,0.775438596491228,0.7754358317738599,0.7754521613868335,0.775438596491228,570.0,0.7746478873239436,0.7773851590106007,0.7719298245614035,285.0,0.7762237762237763,0.7735191637630662,0.7789473684210526,285.0,0.77543583177386,0.7754521613868334,0.775438596491228,570.0,0.7807017543859649,0.780668675792902,0.7808711934561939,0.7807017543859649,570.0,0.7779751332149201,0.7877697841726619,0.7684210526315789,285.0,0.7833622183708839,0.773972602739726,0.7929824561403509,285.0,0.780668675792902,0.780871193456194,0.7807017543859649,570.0,0.775438596491228,0.7754358317738599,0.7746478873239436,0.7762237762237763,0.77543583177386,63,65,0.7754521613868335,0.7773851590106007,0.7735191637630662,0.7754521613868334,0.775438596491228,0.7719298245614035,0.7789473684210526,0.775438596491228,220,222,0.7807017543859649,0.780668675792902,0.7779751332149201,0.7833622183708839,0.780668675792902,59,66,0.7808711934561939,0.7877697841726619,0.773972602739726,0.780871193456194,0.512280701754386,0.7807017543859649,0.7684210526315789,0.7929824561403509,0.7807017543859649,219,226,10.484375,4.320552678693804,4.40576171875,-7.6796875,285,0.5719298245614035,0.8666666666666667,1,3.8537491381640923,10.484375,4.320552678693804,4.40576171875,-7.6796875,285,0.5789473684210527,0.8666666666666667,1,3.8537491381640923,449,>,0.7754358317738599,validation,f1_macro,0.44625337943371696,-0.2158203125,closest_to_zero_then_lower,0.780668675792902,0.19416600730617345,15.0,positive_class_equal_width,0.15580689518674548,0.7205017528917071,0.45376953484894067,0.5,0.47543859649122805,0.756140350877193,0.7559931506849316,0.7567599254587863,0.756140350877193,1140.0,0.761986301369863,0.7441471571906354,0.7807017543859649,570.0,0.75,0.7693726937269373,0.7315789473684211,570.0,0.7559931506849314,0.7567599254587863,0.756140350877193,1140.0,0.7578947368421053,0.757820197044335,0.7582126348228042,0.7578947368421052,1140.0,0.7620689655172413,0.7491525423728813,0.775438596491228,570.0,0.7535714285714286,0.7672727272727272,0.7403508771929824,570.0,0.757820197044335,0.7582126348228042,0.7578947368421053,1140.0,0.756140350877193,0.7559931506849316,0.761986301369863,0.75,0.7559931506849314,153.0,125.0,0.7567599254587863,0.7441471571906354,0.7693726937269373,0.7567599254587863,0.756140350877193,0.7807017543859649,0.7315789473684211,0.756140350877193,445.0,417.0,0.7578947368421053,0.757820197044335,0.7620689655172413,0.7535714285714286,0.757820197044335,148.0,128.0,0.7582126348228042,0.7491525423728813,0.7672727272727272,0.7582126348228042,0.4824561403508772,0.7578947368421052,0.775438596491228,0.7403508771929824,0.7578947368421053,442.0,422.0,10.4375,4.050329964621025,4.25830078125,-7.84375,570.0,0.5526315789473685,0.8315789473684211,2.0,3.938432765912756,10.4375,4.050329964621025,4.25830078125,-7.84375,570.0,0.5561403508771929,0.8315789473684211,2.0,3.938432765912756,8.0
instance_level,42,42,,full,references,65888fec93514ec428a370e6318afde68aae92b26db0ee73f3b35e9af2223e17,1096f5f4e33fa5dabad4775a1b1cef8c257cd9cf2253a25380ee8fa09ab94620,82f47319636cdabaf5a56f172f68023db0c21b5f83e97554f59db62e8bdb1c96,b563429e9488e90d0227ddfc049ee8b418c5b9374aee0abdfb2b1e88142d0f85,/workspace/pair-aware/results_v3/bf16/instance_level/split_42/model_seed_42,True,v3,full,1,validation,f1_macro,>,closest_to_zero_then_lower,15,positive_class_equal_width,instance_level,neuralmind/bert-large-portuguese-cased,aa302f6ea73b759f7df9cad58bd272127b67ec28,bf16,256,6,2e-05,8,0.01,0.1,linear,1.0,2,f1_macro,32.0,10000,0,1,0,1,,,False,,,,181.04375803901348,6.4362568855285645,6.74609375,6,0.7766147522519047,6,2994,,2994,0,299,0.20832327011580398,15,positive_class_equal_width,0.2118300113081137,1.2711388270755009,0.44968847479597035,0.5,0.44912280701754387,0.7771929824561403,0.7766147522519047,0.7800930533439491,0.7771929824561403,570.0,0.7879799666110183,0.7515923566878981,0.8280701754385965,285.0,0.7652495378927912,0.80859375,0.7263157894736842,285.0,0.7766147522519047,0.7800930533439491,0.7771929824561403,570.0,0.7929824561403509,0.7929722608684946,0.7930401802755852,0.7929824561403509,570.0,0.7915194346289752,0.797153024911032,0.7859649122807018,285.0,0.794425087108014,0.7889273356401384,0.8,285.0,0.7929722608684945,0.7930401802755852,0.7929824561403509,570.0,0.7771929824561403,0.7766147522519047,0.7879799666110183,0.7652495378927912,0.7766147522519047,78,49,0.7800930533439491,0.7515923566878981,0.80859375,0.7800930533439491,0.7771929824561403,0.8280701754385965,0.7263157894736842,0.7771929824561403,236,207,0.7929824561403509,0.7929722608684946,0.7915194346289752,0.794425087108014,0.7929722608684945,57,61,0.7930401802755852,0.797153024911032,0.7889273356401384,0.7930401802755852,0.5070175438596491,0.7929824561403509,0.7859649122807018,0.8,0.7929824561403509,224,228,16.375,8.066016267475328,10.2734375,-14.125,285,0.5754385964912281,0.8947368421052632,0,6.933242901340224,16.375,8.066016267475328,10.2734375,-14.125,285,0.6105263157894737,0.8947368421052632,0,6.933242901340224,346,>,0.7766147522519047,validation,f1_macro,0.016657040009229063,-4.078125,closest_to_zero_then_lower,0.7929722608684946,0.22753043714352658,15.0,positive_class_equal_width,0.22310177020850344,1.3629165821939284,0.4280167888512197,0.5,0.4324561403508772,0.7570175438596491,0.7559039353900644,0.7617949594163733,0.7570175438596491,1140.0,0.772391125718981,0.7264296754250387,0.8245614035087719,570.0,0.7394167450611477,0.7971602434077079,0.6894736842105263,570.0,0.7559039353900644,0.7617949594163733,0.7570175438596491,1140.0,0.7578947368421053,0.757888030139339,0.7579233156028369,0.7578947368421053,1140.0,0.7591623036649214,0.7552083333333334,0.7631578947368421,570.0,0.7566137566137566,0.7606382978723404,0.7526315789473684,570.0,0.757888030139339,0.7579233156028369,0.7578947368421053,1140.0,0.7570175438596491,0.7559039353900644,0.772391125718981,0.7394167450611477,0.7559039353900644,177.0,100.0,0.7617949594163733,0.7264296754250387,0.7971602434077079,0.7617949594163733,0.7570175438596491,0.8245614035087719,0.6894736842105263,0.7570175438596491,470.0,393.0,0.7578947368421053,0.757888030139339,0.7591623036649214,0.7566137566137566,0.757888030139339,141.0,135.0,0.7579233156028369,0.7552083333333334,0.7606382978723404,0.7579233156028369,0.49473684210526314,0.7578947368421053,0.7631578947368421,0.7526315789473684,0.7578947368421053,435.0,429.0,16.65625,7.397053608141447,8.9765625,-15.125,570.0,0.5491228070175439,0.8368421052631579,5.0,7.101716311781874,16.65625,7.397053608141447,8.9765625,-15.125,570.0,0.5543859649122806,0.8368421052631579,5.0,7.101716311781874,8.0
instance_level,42,73,,full,references,7502e60940d2171be115a22dc6a7921d53b8990fa8606ae93ef89711a18b1db2,1096f5f4e33fa5dabad4775a1b1cef8c257cd9cf2253a25380ee8fa09ab94620,82f47319636cdabaf5a56f172f68023db0c21b5f83e97554f59db62e8bdb1c96,b563429e9488e90d0227ddfc049ee8b418c5b9374aee0abdfb2b1e88142d0f85,/workspace/pair-aware/results_v3/bf16/instance_level/split_42/model_seed_73,True,v3,full,1,validation,f1_macro,>,closest_to_zero_then_lower,15,positive_class_equal_width,instance_level,neuralmind/bert-large-portuguese-cased,aa302f6ea73b759f7df9cad58bd272127b67ec28,bf16,256,6,2e-05,8,0.01,0.1,linear,1.0,2,f1_macro,32.0,10000,0,1,0,1,,,False,,,,181.06114214996342,6.4362568855285645,6.74609375,6,0.7732480148022511,6,2994,,2994,0,299,0.211759987815312,15,positive_class_equal_width,0.20986944364129015,1.1796349184050912,0.45285388395686604,0.5,0.45614035087719296,0.7736842105263158,0.7732480148022511,0.7758064516129033,0.7736842105263158,570.0,0.7831932773109244,0.7516129032258064,0.8175438596491228,285.0,0.763302752293578,0.8,0.7298245614035088,285.0,0.7732480148022512,0.7758064516129032,0.7736842105263158,570.0,0.7807017543859649,0.780695679474039,0.7807328605200945,0.7807017543859649,570.0,0.7818499127399651,0.7777777777777778,0.7859649122807018,285.0,0.7795414462081128,0.7836879432624113,0.775438596491228,285.0,0.780695679474039,0.7807328605200945,0.7807017543859649,570.0,0.7736842105263158,0.7732480148022511,0.7831932773109244,0.763302752293578,0.7732480148022512,77,52,0.7758064516129033,0.7516129032258064,0.8,0.7758064516129032,0.7736842105263158,0.8175438596491228,0.7298245614035088,0.7736842105263158,233,208,0.7807017543859649,0.780695679474039,0.7818499127399651,0.7795414462081128,0.780695679474039,64,61,0.7807328605200945,0.7777777777777778,0.7836879432624113,0.7807328605200945,0.49473684210526314,0.7807017543859649,0.7859649122807018,0.775438596491228,0.7807017543859649,224,221,13.71875,6.932257401315789,9.2109375,-13.265625,285,0.5684210526315789,0.8912280701754386,0,6.065274661394485,13.71875,6.932257401315789,9.2109375,-13.265625,285,0.5789473684210527,0.8912280701754386,0,6.065274661394485,283,>,0.7732480148022511,validation,f1_macro,0.06325052199347327,-2.6953125,closest_to_zero_then_lower,0.780695679474039,0.24115625696920562,15.0,positive_class_equal_width,0.2379347789799639,1.3296562857103817,0.43968142540807403,0.5,0.4412280701754386,0.7464912280701754,0.7456125382303138,0.7499446024012908,0.7464912280701754,1140.0,0.7605633802816901,0.7205651491365777,0.8052631578947368,570.0,0.7306616961789375,0.7793240556660039,0.6877192982456141,570.0,0.7456125382303139,0.7499446024012909,0.7464912280701754,1140.0,0.7508771929824561,0.7507045507045507,0.7515740740740741,0.7508771929824561,1140.0,0.7572649572649572,0.7383333333333333,0.7771929824561403,570.0,0.7441441441441441,0.7648148148148148,0.724561403508772,570.0,0.7507045507045507,0.7515740740740741,0.7508771929824561,1140.0,0.7464912280701754,0.7456125382303138,0.7605633802816901,0.7306616961789375,0.7456125382303139,178.0,111.0,0.7499446024012908,0.7205651491365777,0.7793240556660039,0.7499446024012909,0.7464912280701754,0.8052631578947368,0.6877192982456141,0.7464912280701754,459.0,392.0,0.7508771929824561,0.7507045507045507,0.7572649572649572,0.7441441441441441,0.7507045507045507,157.0,127.0,0.7515740740740741,0.7383333333333333,0.7648148148148148,0.7515740740740741,0.47368421052631576,0.7508771929824561,0.7771929824561403,0.724561403508772,0.7508771929824561,443.0,413.0,13.78125,6.296301483689693,7.16357421875,-12.9375,570.0,0.5228070175438596,0.8526315789473684,2.0,6.3265219339768315,13.78125,6.296301483689693,7.16357421875,-12.9375,570.0,0.5298245614035088,0.8526315789473684,2.0,6.3265219339768315,8.0
instance_level,42,101,,full,references,01313a274b245cf34bc3bc8b783a52c3ea98e4337bbee584da4395b59e7f5d69,1096f5f4e33fa5dabad4775a1b1cef8c257cd9cf2253a25380ee8fa09ab94620,82f47319636cdabaf5a56f172f68023db0c21b5f83e97554f59db62e8bdb1c96,b563429e9488e90d0227ddfc049ee8b418c5b9374aee0abdfb2b1e88142d0f85,/workspace/pair-aware/results_v3/bf16/instance_level/split_42/model_seed_101,True,v3,full,1,validation,f1_macro,>,closest_to_zero_then_lower,15,positive_class_equal_width,instance_level,neuralmind/bert-large-portuguese-cased,aa302f6ea73b759f7df9cad58bd272127b67ec28,bf16,256,6,2e-05,8,0.01,0.1,linear,1.0,2,f1_macro,32.0,10000,0,1,0,1,,,False,,,,181.23605563899036,6.4362568855285645,6.74609375,6,0.7662169454937939,6,2994,,2994,0,299,0.21930408489026432,15,positive_class_equal_width,0.2153728752119441,1.2385237550852992,0.457138577553219,0.5,0.45614035087719296,0.7666666666666667,0.7662169454937939,0.7687344913151364,0.7666666666666666,570.0,0.7764705882352941,0.7451612903225806,0.8105263157894737,285.0,0.7559633027522936,0.7923076923076923,0.7228070175438597,285.0,0.7662169454937938,0.7687344913151364,0.7666666666666667,570.0,0.7771929824561403,0.7770770268314389,0.777770923805764,0.7771929824561403,570.0,0.7821612349914236,0.7651006711409396,0.8,285.0,0.7719928186714542,0.7904411764705882,0.7543859649122807,285.0,0.777077026831439,0.7777709238057638,0.7771929824561403,570.0,0.7666666666666667,0.7662169454937939,0.7764705882352941,0.7559633027522936,0.7662169454937938,79,54,0.7687344913151364,0.7451612903225806,0.7923076923076923,0.7687344913151364,0.7666666666666666,0.8105263157894737,0.7228070175438597,0.7666666666666667,231,206,0.7771929824561403,0.7770770268314389,0.7821612349914236,0.7719928186714542,0.777077026831439,70,57,0.777770923805764,0.7651006711409396,0.7904411764705882,0.7777709238057638,0.47719298245614034,0.7771929824561403,0.8,0.7543859649122807,0.7771929824561403,228,215,14.890625,6.914859169407895,8.328125,-12.390625,285,0.5614035087719298,0.8596491228070176,1,6.441247194023153,14.890625,6.914859169407895,8.328125,-12.390625,285,0.5754385964912281,0.8596491228070176,1,6.441247194023153,337,>,0.7662169454937939,validation,f1_macro,0.17795368213941537,-1.5302734375,closest_to_zero_then_lower,0.7770770268314389,0.2346626356717377,15.0,positive_class_equal_width,0.22798268287230797,1.3036068469589908,0.44555447970534034,0.5,0.44035087719298244,0.7491228070175439,0.7482269941682317,0.7527195294058875,0.7491228070175439,1140.0,0.7632450331125827,0.7225705329153606,0.8087719298245614,570.0,0.7332089552238806,0.7828685258964143,0.6894736842105263,570.0,0.7482269941682318,0.7527195294058874,0.7491228070175439,1140.0,0.7473684210526316,0.7472159258894254,0.7479667773266361,0.7473684210526316,1140.0,0.7534246575342466,0.7357859531772575,0.7719298245614035,570.0,0.7410071942446043,0.7601476014760148,0.7228070175438597,570.0,0.7472159258894254,0.7479667773266361,0.7473684210526316,1140.0,0.7491228070175439,0.7482269941682317,0.7632450331125827,0.7332089552238806,0.7482269941682318,177.0,109.0,0.7527195294058875,0.7225705329153606,0.7828685258964143,0.7527195294058874,0.7491228070175439,0.8087719298245614,0.6894736842105263,0.7491228070175439,461.0,393.0,0.7473684210526316,0.7472159258894254,0.7534246575342466,0.7410071942446043,0.7472159258894254,158.0,130.0,0.7479667773266361,0.7357859531772575,0.7601476014760148,0.7479667773266361,0.47543859649122805,0.7473684210526316,0.7719298245614035,0.7228070175438597,0.7473684210526316,440.0,412.0,14.65625,6.509255526358621,7.234046936035156,-12.84375,570.0,0.531578947368421,0.8526315789473684,2.0,6.5100221068362885,14.65625,6.509255526358621,7.234046936035156,-12.84375,570.0,0.5280701754385965,0.8526315789473684,2.0,6.5100221068362885,8.0
instance_level,73,13,,full,references,0f761707b688e069e6cf3de1b80e2b0695751e25faf6cb265a8e82fbedb762b5,1096f5f4e33fa5dabad4775a1b1cef8c257cd9cf2253a25380ee8fa09ab94620,02b3b3662d75591a1230da3154149693de487b7678fe08b814a8a10fb13ba588,b563429e9488e90d0227ddfc049ee8b418c5b9374aee0abdfb2b1e88142d0f85,/workspace/pair-aware/results_v3/bf16/instance_level/split_73/model_seed_13,True,v3,full,1,validation,f1_macro,>,closest_to_zero_then_lower,15,positive_class_equal_width,instance_level,neuralmind/bert-large-portuguese-cased,aa302f6ea73b759f7df9cad58bd272127b67ec28,bf16,256,6,2e-05,8,0.01,0.1,linear,1.0,2,f1_macro,32.0,10000,0,1,0,1,,,False,,,,180.6459756080294,6.4362568855285645,6.74609375,5,0.7823891625615764,6,2994,,2994,0,299,0.19803224097807323,15,positive_class_equal_width,0.19236806807299273,0.9408026149823838,0.4761795901813475,0.5,0.4824561403508772,0.7824561403508772,0.7823891625615764,0.7828043143297381,0.7824561403508772,570.0,0.7862068965517242,0.7728813559322034,0.8,285.0,0.7785714285714286,0.7927272727272727,0.7649122807017544,285.0,0.7823891625615763,0.7828043143297381,0.7824561403508772,570.0,0.787719298245614,0.7877186448711753,0.7877228405397418,0.787719298245614,570.0,0.7873462214411248,0.7887323943661971,0.7859649122807018,285.0,0.7880910683012259,0.7867132867132867,0.7894736842105263,285.0,0.7877186448711754,0.7877228405397418,0.787719298245614,570.0,0.7824561403508772,0.7823891625615764,0.7862068965517242,0.7785714285714286,0.7823891625615763,67,57,0.7828043143297381,0.7728813559322034,0.7927272727272727,0.7828043143297381,0.7824561403508772,0.8,0.7649122807017544,0.7824561403508772,228,218,0.787719298245614,0.7877186448711753,0.7873462214411248,0.7880910683012259,0.7877186448711754,60,61,0.7877228405397418,0.7887323943661971,0.7867132867132867,0.7877228405397418,0.5017543859649123,0.787719298245614,0.7859649122807018,0.7894736842105263,0.787719298245614,224,225,15.21875,6.5749160498903505,8.11328125,-11.96875,285,0.5894736842105263,0.8596491228070176,1,5.782388995088487,15.21875,6.5749160498903505,8.11328125,-11.96875,285,0.5929824561403508,0.8596491228070176,1,5.782388995088487,430,>,0.7823891625615764,validation,f1_macro,0.27933675383420425,-0.94775390625,closest_to_zero_then_lower,0.7877186448711753,0.20666757670206254,15.0,positive_class_equal_width,0.1992146788351119,0.9876244314232256,0.454091804123808,0.5,0.45526315789473687,0.7710526315789473,0.7705935008431002,0.7732400659015386,0.7710526315789474,1140.0,0.7808564231738035,0.748792270531401,0.8157894736842105,570.0,0.7603305785123967,0.7976878612716763,0.7263157894736842,570.0,0.7705935008431002,0.7732400659015387,0.7710526315789473,1140.0,0.7763157894736842,0.7762081641294097,0.7768483540205073,0.7763157894736843,1140.0,0.7811158798283262,0.7647058823529411,0.7982456140350878,570.0,0.7713004484304933,0.7889908256880734,0.7543859649122807,570.0,0.7762081641294096,0.7768483540205073,0.7763157894736842,1140.0,0.7710526315789473,0.7705935008431002,0.7808564231738035,0.7603305785123967,0.7705935008431002,156.0,105.0,0.7732400659015386,0.748792270531401,0.7976878612716763,0.7732400659015387,0.7710526315789474,0.8157894736842105,0.7263157894736842,0.7710526315789473,465.0,414.0,0.7763157894736842,0.7762081641294097,0.7811158798283262,0.7713004484304933,0.7762081641294096,140.0,115.0,0.7768483540205073,0.7647058823529411,0.7889908256880734,0.7768483540205073,0.4780701754385965,0.7763157894736843,0.7982456140350878,0.7543859649122807,0.7763157894736842,455.0,430.0,14.796875,6.32520254034745,7.6953125,-11.515625,570.0,0.5771929824561404,0.8280701754385965,2.0,5.871420991199345,14.796875,6.32520254034745,7.6953125,-11.515625,570.0,0.5842105263157895,0.8280701754385965,2.0,5.871420991199345,8.0
instance_level,73,21,,full,references,9a72c66ad21ab1713e4bb444c784a8f22867c4a924c4493eb9b761797526c96b,1096f5f4e33fa5dabad4775a1b1cef8c257cd9cf2253a25380ee8fa09ab94620,02b3b3662d75591a1230da3154149693de487b7678fe08b814a8a10fb13ba588,b563429e9488e90d0227ddfc049ee8b418c5b9374aee0abdfb2b1e88142d0f85,/workspace/pair-aware/results_v3/bf16/instance_level/split_73/model_seed_21,True,v3,full,1,validation,f1_macro,>,closest_to_zero_then_lower,15,positive_class_equal_width,instance_level,neuralmind/bert-large-portuguese-cased,aa302f6ea73b759f7df9cad58bd272127b67ec28,bf16,256,6,2e-05,8,0.01,0.1,linear,1.0,2,f1_macro,32.0,10000,0,1,0,1,,,False,,,,150.37501561897807,6.4362568855285645,6.74609375,3,0.7684210526315789,5,2495,,2994,0,299,0.17096728822923904,15,positive_class_equal_width,0.10482540053123368,0.5616920791307397,0.4891523131363899,0.5,0.5,0.7684210526315789,0.7684210526315789,0.7684210526315789,0.7684210526315789,570.0,0.7684210526315789,0.7684210526315789,0.7684210526315789,285.0,0.7684210526315789,0.7684210526315789,0.7684210526315789,285.0,0.7684210526315789,0.7684210526315789,0.7684210526315789,570.0,0.7771929824561403,0.7769451437269481,0.7784304511278195,0.7771929824561403,570.0,0.7695099818511797,0.7969924812030075,0.743859649122807,285.0,0.7843803056027164,0.7598684210526315,0.8105263157894737,285.0,0.7769451437269481,0.7784304511278195,0.7771929824561403,570.0,0.7684210526315789,0.7684210526315789,0.7684210526315789,0.7684210526315789,0.7684210526315789,66,66,0.7684210526315789,0.7684210526315789,0.7684210526315789,0.7684210526315789,0.7684210526315789,0.7684210526315789,0.7684210526315789,0.7684210526315789,219,219,0.7771929824561403,0.7769451437269481,0.7695099818511797,0.7843803056027164,0.7769451437269481,54,73,0.7784304511278195,0.7969924812030075,0.7598684210526315,0.7784304511278195,0.5333333333333333,0.7771929824561403,0.743859649122807,0.8105263157894737,0.7771929824561403,212,231,8.2734375,3.2058401843957736,3.412109375,-6.12890625,285,0.5684210526315789,0.8280701754385965,0,3.0385897242487174,8.2734375,3.2058401843957736,3.412109375,-6.12890625,285,0.5789473684210527,0.8280701754385965,0,3.0385897242487174,478,>,0.7684210526315789,validation,f1_macro,0.42298125849959023,-0.310546875,closest_to_zero_then_lower,0.7769451437269481,0.17049390604090625,15.0,positive_class_equal_width,0.10930511142065615,0.5523275797118562,0.46237900215435457,0.5,0.47017543859649125,0.7736842105263158,0.7734827223969614,0.7746614609073836,0.7736842105263158,1140.0,0.7802385008517888,0.7582781456953642,0.8035087719298246,570.0,0.7667269439421338,0.7910447761194029,0.743859649122807,570.0,0.7734827223969613,0.7746614609073835,0.7736842105263158,1140.0,0.787719298245614,0.787702962677953,0.787807881773399,0.787719298245614,1140.0,0.7895652173913044,0.7827586206896552,0.7964912280701755,570.0,0.7858407079646018,0.7928571428571428,0.7789473684210526,570.0,0.7877029626779531,0.787807881773399,0.787719298245614,1140.0,0.7736842105263158,0.7734827223969614,0.7802385008517888,0.7667269439421338,0.7734827223969613,146.0,112.0,0.7746614609073836,0.7582781456953642,0.7910447761194029,0.7746614609073835,0.7736842105263158,0.8035087719298246,0.743859649122807,0.7736842105263158,458.0,424.0,0.787719298245614,0.787702962677953,0.7895652173913044,0.7858407079646018,0.7877029626779531,126.0,116.0,0.787807881773399,0.7827586206896552,0.7928571428571428,0.787807881773399,0.49122807017543857,0.787719298245614,0.7964912280701755,0.7789473684210526,0.787719298245614,454.0,444.0,8.5546875,3.2819823549504865,3.3262939453125,-6.625,570.0,0.5719298245614035,0.8421052631578947,1.0,3.053396832269414,8.5546875,3.2819823549504865,3.3262939453125,-6.625,570.0,0.5964912280701754,0.8421052631578947,1.0,3.053396832269414,8.0
instance_level,73,40,,full,references,503788769d120d119ebc1a846f5963616fe7c3d3eabb1edf208eac4ea573b30c,1096f5f4e33fa5dabad4775a1b1cef8c257cd9cf2253a25380ee8fa09ab94620,02b3b3662d75591a1230da3154149693de487b7678fe08b814a8a10fb13ba588,b563429e9488e90d0227ddfc049ee8b418c5b9374aee0abdfb2b1e88142d0f85,/workspace/pair-aware/results_v3/bf16/instance_level/split_73/model_seed_40,True,v3,full,1,validation,f1_macro,>,closest_to_zero_then_lower,15,positive_class_equal_width,instance_level,neuralmind/bert-large-portuguese-cased,aa302f6ea73b759f7df9cad58bd272127b67ec28,bf16,256,6,2e-05,8,0.01,0.1,linear,1.0,2,f1_macro,32.0,10000,0,1,0,1,,,False,,,,150.31598937592935,6.4362568855285645,6.74609375,3,0.7666487110427087,5,2495,,2994,0,299,0.18257378483969824,15,positive_class_equal_width,0.13952580109227838,0.6130531196695199,0.49955996123319596,0.5,0.5087719298245614,0.7666666666666667,0.7666487110427087,0.7667487684729064,0.7666666666666666,570.0,0.7646017699115044,0.7714285714285715,0.7578947368421053,285.0,0.768695652173913,0.7620689655172413,0.775438596491228,285.0,0.7666487110427088,0.7667487684729063,0.7666666666666667,570.0,0.7789473684210526,0.7789228723404256,0.7790710564238998,0.7789473684210526,570.0,0.78125,0.7731958762886598,0.7894736842105263,285.0,0.776595744680851,0.7849462365591398,0.7684210526315789,285.0,0.7789228723404256,0.7790710564238997,0.7789473684210526,570.0,0.7666666666666667,0.7666487110427087,0.7646017699115044,0.768695652173913,0.7666487110427088,64,69,0.7667487684729064,0.7714285714285715,0.7620689655172413,0.7667487684729063,0.7666666666666666,0.7578947368421053,0.775438596491228,0.7666666666666667,216,221,0.7789473684210526,0.7789228723404256,0.78125,0.776595744680851,0.7789228723404256,66,60,0.7790710564238998,0.7731958762886598,0.7849462365591398,0.7790710564238997,0.48947368421052634,0.7789473684210526,0.7894736842105263,0.7684210526315789,0.7789473684210526,225,219,10.0390625,3.4691690009936953,3.95703125,-7.421875,285,0.5789473684210527,0.8210526315789474,0,3.487657133376601,10.0390625,3.4691690009936953,3.95703125,-7.421875,285,0.5894736842105263,0.8210526315789474,0,3.487657133376601,462,>,0.7666487110427087,validation,f1_macro,0.5460120309726187,0.1845703125,closest_to_zero_then_lower,0.7789228723404256,0.18496988635421507,15.0,positive_class_equal_width,0.1339987638883533,0.6095600130465522,0.48471495111252805,0.5,0.4780701754385965,0.7657894736842106,0.7656767836178526,0.7663017500578213,0.7657894736842106,1140.0,0.7708154506437769,0.7546218487394958,0.787719298245614,570.0,0.7605381165919283,0.7779816513761468,0.743859649122807,570.0,0.7656767836178526,0.7663017500578213,0.7657894736842106,1140.0,0.762280701754386,0.7620300239325667,0.7633905251737856,0.762280701754386,1140.0,0.7697536108751062,0.7462932454695222,0.7947368421052632,570.0,0.7543064369900272,0.7804878048780488,0.7298245614035088,570.0,0.7620300239325668,0.7633905251737855,0.762280701754386,1140.0,0.7657894736842106,0.7656767836178526,0.7708154506437769,0.7605381165919283,0.7656767836178526,146.0,121.0,0.7663017500578213,0.7546218487394958,0.7779816513761468,0.7663017500578213,0.7657894736842106,0.787719298245614,0.743859649122807,0.7657894736842106,449.0,424.0,0.762280701754386,0.7620300239325667,0.7697536108751062,0.7543064369900272,0.7620300239325668,154.0,117.0,0.7633905251737856,0.7462932454695222,0.7804878048780488,0.7633905251737855,0.4675438596491228,0.762280701754386,0.7947368421052632,0.7298245614035088,0.762280701754386,453.0,416.0,9.671875,3.5027902168140077,3.7037353515625,-7.0,570.0,0.5701754385964912,0.8175438596491228,0.0,3.409259273849109,9.671875,3.5027902168140077,3.7037353515625,-7.0,570.0,0.5614035087719298,0.8175438596491228,0.0,3.409259273849109,8.0
instance_level,73,42,,full,references,a89d038c429e45cca952ff6c4823c27f99f9bb4f4f38acb3baaf5261dbc14013,1096f5f4e33fa5dabad4775a1b1cef8c257cd9cf2253a25380ee8fa09ab94620,02b3b3662d75591a1230da3154149693de487b7678fe08b814a8a10fb13ba588,b563429e9488e90d0227ddfc049ee8b418c5b9374aee0abdfb2b1e88142d0f85,/workspace/pair-aware/results_v3/bf16/instance_level/split_73/model_seed_42,True,v3,full,1,validation,f1_macro,>,closest_to_zero_then_lower,15,positive_class_equal_width,instance_level,neuralmind/bert-large-portuguese-cased,aa302f6ea73b759f7df9cad58bd272127b67ec28,bf16,256,6,2e-05,8,0.01,0.1,linear,1.0,2,f1_macro,32.0,10000,0,1,0,1,,,False,,,,150.31391899997834,6.4362568855285645,6.74609375,3,0.7786748844375964,5,2495,,2994,0,299,0.17766251406120845,15,positive_class_equal_width,0.12577544186091966,0.6093396359734375,0.45122362085400963,0.5,0.4649122807017544,0.7789473684210526,0.7786748844375964,0.7803278688524591,0.7789473684210526,570.0,0.7864406779661017,0.760655737704918,0.8140350877192982,285.0,0.7709090909090909,0.8,0.743859649122807,285.0,0.7786748844375962,0.7803278688524591,0.7789473684210526,570.0,0.7824561403508772,0.7819299263226747,0.7852090351934958,0.7824561403508772,570.0,0.7926421404682275,0.7571884984025559,0.8315789473684211,285.0,0.7712177121771218,0.8132295719844358,0.7333333333333333,285.0,0.7819299263226746,0.7852090351934958,0.7824561403508772,570.0,0.7789473684210526,0.7786748844375964,0.7864406779661017,0.7709090909090909,0.7786748844375962,73,53,0.7803278688524591,0.760655737704918,0.8,0.7803278688524591,0.7789473684210526,0.8140350877192982,0.743859649122807,0.7789473684210526,232,212,0.7824561403508772,0.7819299263226747,0.7926421404682275,0.7712177121771218,0.7819299263226746,76,48,0.7852090351934958,0.7571884984025559,0.8132295719844358,0.7852090351934958,0.45087719298245615,0.7824561403508772,0.8315789473684211,0.7333333333333333,0.7824561403508772,237,209,9.5625,3.4824811835038036,3.68359375,-8.25,285,0.5859649122807018,0.8456140350877193,0,3.394864156904799,9.5625,3.4824811835038036,3.68359375,-8.25,285,0.5929824561403508,0.8456140350877193,0,3.394864156904799,462,>,0.7786748844375964,validation,f1_macro,0.5263427730278142,0.10546875,closest_to_zero_then_lower,0.7819299263226747,0.18504898916788426,15.0,positive_class_equal_width,0.13641047385835348,0.6170689824608026,0.41972431826725837,0.5,0.4166666666666667,0.7605263157894737,0.7588516746411483,0.76796992481203,0.7605263157894737,1140.0,0.7789473684210526,0.7233082706766917,0.843859649122807,570.0,0.738755980861244,0.8126315789473684,0.6771929824561403,570.0,0.7588516746411483,0.7679699248120301,0.7605263157894737,1140.0,0.7587719298245614,0.7567079913858332,0.7678614097968937,0.7587719298245614,1140.0,0.7791164658634538,0.7185185185185186,0.8508771929824561,570.0,0.7342995169082126,0.8172043010752689,0.6666666666666666,570.0,0.7567079913858333,0.7678614097968937,0.7587719298245614,1140.0,0.7605263157894737,0.7588516746411483,0.7789473684210526,0.738755980861244,0.7588516746411483,184.0,89.0,0.76796992481203,0.7233082706766917,0.8126315789473684,0.7679699248120301,0.7605263157894737,0.843859649122807,0.6771929824561403,0.7605263157894737,481.0,386.0,0.7587719298245614,0.7567079913858332,0.7791164658634538,0.7342995169082126,0.7567079913858333,190.0,85.0,0.7678614097968937,0.7185185185185186,0.8172043010752689,0.7678614097968937,0.40789473684210525,0.7587719298245614,0.8508771929824561,0.6666666666666666,0.7587719298245614,485.0,380.0,9.65625,3.554415702819824,3.54443359375,-7.6015625,570.0,0.5561403508771929,0.8596491228070176,1.0,3.388641274487137,9.65625,3.554415702819824,3.54443359375,-7.6015625,570.0,0.5508771929824562,0.8596491228070176,1.0,3.388641274487137,8.0
instance_level,73,73,,full,references,f62c0d31e31dc6d147d0182ace65605b1c56cb23954bf43a6efe6e88ce741382,1096f5f4e33fa5dabad4775a1b1cef8c257cd9cf2253a25380ee8fa09ab94620,02b3b3662d75591a1230da3154149693de487b7678fe08b814a8a10fb13ba588,b563429e9488e90d0227ddfc049ee8b418c5b9374aee0abdfb2b1e88142d0f85,/workspace/pair-aware/results_v3/bf16/instance_level/split_73/model_seed_73,True,v3,full,1,validation,f1_macro,>,closest_to_zero_then_lower,15,positive_class_equal_width,instance_level,neuralmind/bert-large-portuguese-cased,aa302f6ea73b759f7df9cad58bd272127b67ec28,bf16,256,6,2e-05,8,0.01,0.1,linear,1.0,2,f1_macro,32.0,10000,0,1,0,1,,,False,,,,181.4447019690415,6.4362568855285645,6.74609375,6,0.7680755573091339,6,2994,,2994,0,299,0.22012876153259284,15,positive_class_equal_width,0.2215440605302341,1.2241260197176635,0.4609151044484012,0.5,0.4614035087719298,0.7684210526315789,0.7680755573091339,0.7700300962336359,0.7684210526315789,570.0,0.777027027027027,0.749185667752443,0.8070175438596491,285.0,0.7591240875912408,0.7908745247148289,0.7298245614035088,285.0,0.7680755573091338,0.770030096233636,0.7684210526315789,570.0,0.7719298245614035,0.7719270166453265,0.7719432166557909,0.7719298245614035,570.0,0.7711267605633803,0.773851590106007,0.7684210526315789,285.0,0.7727272727272727,0.7700348432055749,0.775438596491228,285.0,0.7719270166453265,0.771943216655791,0.7719298245614035,570.0,0.7684210526315789,0.7680755573091339,0.777027027027027,0.7591240875912408,0.7680755573091338,77,55,0.7700300962336359,0.749185667752443,0.7908745247148289,0.770030096233636,0.7684210526315789,0.8070175438596491,0.7298245614035088,0.7684210526315789,230,208,0.7719298245614035,0.7719270166453265,0.7711267605633803,0.7727272727272727,0.7719270166453265,64,66,0.7719432166557909,0.773851590106007,0.7700348432055749,0.771943216655791,0.5035087719298246,0.7719298245614035,0.7684210526315789,0.775438596491228,0.7719298245614035,219,221,15.25,7.010378707082648,8.94140625,-13.734375,285,0.5614035087719298,0.8280701754385965,0,6.5989262444425485,15.25,7.010378707082648,8.94140625,-13.734375,285,0.5719298245614035,0.8280701754385965,0,6.5989262444425485,339,>,0.7680755573091339,validation,f1_macro,0.08269734267503884,-2.40625,closest_to_zero_then_lower,0.7719270166453265,0.22126758437015215,15.0,positive_class_equal_width,0.21667436899157866,1.2414194648186294,0.42224924629950183,0.5,0.4236842105263158,0.7657894736842106,0.7644174172291531,0.7721291017896139,0.7657894736842106,1140.0,0.78239608801956,0.730593607305936,0.8421052631578947,570.0,0.7464387464387464,0.8136645962732919,0.6894736842105263,570.0,0.7644174172291532,0.772129101789614,0.7657894736842106,1140.0,0.7745614035087719,0.7742694266745459,0.7759893446858013,0.7745614035087719,1140.0,0.7823878069432684,0.7561374795417348,0.8105263157894737,570.0,0.7661510464058234,0.7958412098298677,0.7385964912280701,570.0,0.7742694266745458,0.7759893446858013,0.7745614035087719,1140.0,0.7657894736842106,0.7644174172291531,0.78239608801956,0.7464387464387464,0.7644174172291532,177.0,90.0,0.7721291017896139,0.730593607305936,0.8136645962732919,0.772129101789614,0.7657894736842106,0.8421052631578947,0.6894736842105263,0.7657894736842106,480.0,393.0,0.7745614035087719,0.7742694266745459,0.7823878069432684,0.7661510464058234,0.7742694266745458,149.0,108.0,0.7759893446858013,0.7561374795417348,0.7958412098298677,0.7759893446858013,0.46403508771929824,0.7745614035087719,0.8105263157894737,0.7385964912280701,0.7745614035087719,462.0,421.0,15.1875,6.927722034119723,8.7109375,-14.109375,570.0,0.5684210526315789,0.8473684210526315,1.0,6.62745124333911,15.1875,6.927722034119723,8.7109375,-14.109375,570.0,0.5789473684210527,0.8473684210526315,1.0,6.62745124333911,8.0
instance_level,73,101,,full,references,2a5f348a90bdd3c20334a70bcfddce750f7a4d416025bae59a42e76145aaa2a0,1096f5f4e33fa5dabad4775a1b1cef8c257cd9cf2253a25380ee8fa09ab94620,02b3b3662d75591a1230da3154149693de487b7678fe08b814a8a10fb13ba588,b563429e9488e90d0227ddfc049ee8b418c5b9374aee0abdfb2b1e88142d0f85,/workspace/pair-aware/results_v3/bf16/instance_level/split_73/model_seed_101,True,v3,full,1,validation,f1_macro,>,closest_to_zero_then_lower,15,positive_class_equal_width,instance_level,neuralmind/bert-large-portuguese-cased,aa302f6ea73b759f7df9cad58bd272127b67ec28,bf16,256,6,2e-05,8,0.01,0.1,linear,1.0,2,f1_macro,32.0,10000,0,1,0,1,,,False,,,,90.97729535098188,6.4362568855285645,6.74609375,1,0.7288676236044657,3,1497,,2994,0,299,0.1935694930615888,15,positive_class_equal_width,0.10237088242618304,0.5868630623351051,0.41703741981100406,0.5,0.4,0.7315789473684211,0.7288676236044657,0.7412280701754386,0.7315789473684211,570.0,0.7559808612440191,0.6929824561403509,0.8315789473684211,285.0,0.7017543859649122,0.7894736842105263,0.631578947368421,285.0,0.7288676236044657,0.7412280701754386,0.7315789473684211,570.0,0.7421052631578947,0.742085417468257,0.742179802955665,0.7421052631578947,570.0,0.7443478260869565,0.7379310344827587,0.7508771929824561,285.0,0.7398230088495575,0.7464285714285714,0.7333333333333333,285.0,0.742085417468257,0.742179802955665,0.7421052631578947,570.0,0.7315789473684211,0.7288676236044657,0.7559808612440191,0.7017543859649122,0.7288676236044657,105,48,0.7412280701754386,0.6929824561403509,0.7894736842105263,0.7412280701754386,0.7315789473684211,0.8315789473684211,0.631578947368421,0.7315789473684211,237,180,0.7421052631578947,0.742085417468257,0.7443478260869565,0.7398230088495575,0.742085417468257,76,71,0.742179802955665,0.7379310344827587,0.7464285714285714,0.742179802955665,0.49122807017543857,0.7421052631578947,0.7508771929824561,0.7333333333333333,0.7421052631578947,214,209,5.875,1.7806004574424341,1.705078125,-3.2161865234375,285,0.49122807017543857,0.7964912280701755,2,1.9520783997440663,5.875,1.7806004574424341,1.705078125,-3.2161865234375,285,0.5228070175438596,0.7964912280701755,2,1.9520783997440663,502,>,0.7288676236044657,validation,f1_macro,0.3348068975998014,-0.6865234375,closest_to_zero_then_lower,0.742085417468257,0.1885861888214318,15.0,positive_class_equal_width,0.10179008086199094,0.5749866494181313,0.4031126689858933,0.5,0.37456140350877193,0.737719298245614,0.7335263780429363,0.7536861432545796,0.737719298245614,1140.0,0.7669524551831645,0.6900420757363254,0.8631578947368421,570.0,0.7001003009027081,0.8173302107728337,0.612280701754386,570.0,0.7335263780429363,0.7536861432545796,0.737719298245614,1140.0,0.7464912280701754,0.7461941838670836,0.747650589555908,0.7464912280701754,1140.0,0.7548770144189991,0.7307060755336617,0.7807017543859649,570.0,0.737511353315168,0.7645951035781544,0.712280701754386,570.0,0.7461941838670836,0.7476505895559081,0.7464912280701754,1140.0,0.737719298245614,0.7335263780429363,0.7669524551831645,0.7001003009027081,0.7335263780429363,221.0,78.0,0.7536861432545796,0.6900420757363254,0.8173302107728337,0.7536861432545796,0.737719298245614,0.8631578947368421,0.612280701754386,0.737719298245614,492.0,349.0,0.7464912280701754,0.7461941838670836,0.7548770144189991,0.737511353315168,0.7461941838670836,164.0,125.0,0.747650589555908,0.7307060755336617,0.7645951035781544,0.7476505895559081,0.46578947368421053,0.7464912280701754,0.7807017543859649,0.712280701754386,0.7464912280701754,445.0,406.0,6.1015625,1.854066949141653,1.662109375,-4.396484375,570.0,0.49473684210526314,0.8157894736842105,2.0,1.9326331024558911,6.1015625,1.854066949141653,1.662109375,-4.396484375,570.0,0.5175438596491229,0.8157894736842105,2.0,1.9326331024558911,8.0
instance_level,101,13,,full,references,06225cdc03f50593cd5a7c655963353358a833df305262ee40592fe0311ec99f,1096f5f4e33fa5dabad4775a1b1cef8c257cd9cf2253a25380ee8fa09ab94620,19cfd33b81c6deff489e458f0eee040d005eaea9718d148a3418985c56da9eda,b563429e9488e90d0227ddfc049ee8b418c5b9374aee0abdfb2b1e88142d0f85,/workspace/pair-aware/results_v3/bf16/instance_level/split_101/model_seed_13,True,v3,full,1,validation,f1_macro,>,closest_to_zero_then_lower,15,positive_class_equal_width,instance_level,neuralmind/bert-large-portuguese-cased,aa302f6ea73b759f7df9cad58bd272127b67ec28,bf16,256,6,2e-05,8,0.01,0.1,linear,1.0,2,f1_macro,32.0,10000,0,1,0,1,,,False,,,,179.09543499001302,6.4362568855285645,6.74609375,4,0.7566965666563563,6,2994,,2994,0,299,0.2166163642427754,15,positive_class_equal_width,0.2023710180398212,0.9103188372192748,0.4232432865956215,0.5,0.4298245614035088,0.7578947368421053,0.7566965666563563,0.7630769230769231,0.7578947368421053,570.0,0.7737704918032787,0.7261538461538461,0.8280701754385965,285.0,0.7396226415094339,0.8,0.6877192982456141,285.0,0.7566965666563563,0.7630769230769231,0.7578947368421053,570.0,0.7771929824561403,0.7753948972848194,0.7863629426129426,0.7771929824561403,570.0,0.7552986512524085,0.8376068376068376,0.6877192982456141,285.0,0.7954911433172303,0.7351190476190477,0.8666666666666667,285.0,0.7753948972848194,0.7863629426129426,0.7771929824561403,570.0,0.7578947368421053,0.7566965666563563,0.7737704918032787,0.7396226415094339,0.7566965666563563,89,49,0.7630769230769231,0.7261538461538461,0.8,0.7630769230769231,0.7578947368421053,0.8280701754385965,0.6877192982456141,0.7578947368421053,236,196,0.7771929824561403,0.7753948972848194,0.7552986512524085,0.7954911433172303,0.7753948972848194,38,89,0.7863629426129426,0.8376068376068376,0.7351190476190477,0.7863629426129426,0.5894736842105263,0.7771929824561403,0.6877192982456141,0.8666666666666667,0.7771929824561403,196,247,12.5,5.114543392783717,6.260772705078125,-11.59375,285,0.5473684210526316,0.8385964912280702,1,4.992839193125879,12.5,5.114543392783717,6.260772705078125,-11.59375,285,0.5754385964912281,0.8385964912280702,1,4.992839193125879,395,>,0.7566965666563563,validation,f1_macro,0.019271137919768803,-3.9296875,closest_to_zero_then_lower,0.7753948972848194,0.23557431513589153,15.0,positive_class_equal_width,0.2133425138977083,1.0217031372460232,0.4228825414047102,0.5,0.4298245614035088,0.7333333333333333,0.7320136096504795,0.7380219780219781,0.7333333333333334,1140.0,0.7508196721311475,0.7046153846153846,0.8035087719298246,570.0,0.7132075471698113,0.7714285714285715,0.6631578947368421,570.0,0.7320136096504793,0.738021978021978,0.7333333333333333,1140.0,0.7298245614035088,0.7282781975601376,0.7351781394880065,0.7298245614035088,1140.0,0.7077798861480076,0.7706611570247934,0.6543859649122807,570.0,0.7487765089722676,0.6996951219512195,0.8052631578947368,570.0,0.7282781975601376,0.7351781394880065,0.7298245614035088,1140.0,0.7333333333333333,0.7320136096504795,0.7508196721311475,0.7132075471698113,0.7320136096504793,192.0,112.0,0.7380219780219781,0.7046153846153846,0.7714285714285715,0.738021978021978,0.7333333333333334,0.8035087719298246,0.6631578947368421,0.7333333333333333,458.0,378.0,0.7298245614035088,0.7282781975601376,0.7077798861480076,0.7487765089722676,0.7282781975601376,111.0,197.0,0.7351781394880065,0.7706611570247934,0.6996951219512195,0.7351781394880065,0.5754385964912281,0.7298245614035088,0.6543859649122807,0.8052631578947368,0.7298245614035088,373.0,459.0,12.328125,4.57005615234375,4.507080078125,-10.703125,570.0,0.49298245614035086,0.8368421052631579,3.0,4.70634042823092,12.328125,4.57005615234375,4.507080078125,-10.703125,570.0,0.48771929824561405,0.8368421052631579,3.0,4.70634042823092,8.0
instance_level,101,21,,full,references,c63e9a0db86f3b7fe36c609eadecaaf554082150c9cfe209773521ea986f2eff,1096f5f4e33fa5dabad4775a1b1cef8c257cd9cf2253a25380ee8fa09ab94620,19cfd33b81c6deff489e458f0eee040d005eaea9718d148a3418985c56da9eda,b563429e9488e90d0227ddfc049ee8b418c5b9374aee0abdfb2b1e88142d0f85,/workspace/pair-aware/results_v3/bf16/instance_level/split_101/model_seed_21,True,v3,full,1,validation,f1_macro,>,closest_to_zero_then_lower,15,positive_class_equal_width,instance_level,neuralmind/bert-large-portuguese-cased,aa302f6ea73b759f7df9cad58bd272127b67ec28,bf16,256,6,2e-05,8,0.01,0.1,linear,1.0,2,f1_macro,32.0,10000,0,1,0,1,,,False,,,,179.95962401200086,6.4362568855285645,6.74609375,4,0.7657835792075385,6,2994,,2994,0,299,0.1878580237416601,15,positive_class_equal_width,0.15731070807834358,0.6796233504535741,0.4476011582996213,0.5,0.43859649122807015,0.7666666666666667,0.7657835792075385,0.77075,0.7666666666666666,570.0,0.7801652892561983,0.7375,0.8280701754385965,285.0,0.7514018691588785,0.804,0.7052631578947368,285.0,0.7657835792075385,0.7707499999999999,0.7666666666666667,570.0,0.7771929824561403,0.7771374211483935,0.7774696835255841,0.7771929824561403,570.0,0.7736185383244206,0.7862318840579711,0.7614035087719299,285.0,0.7806563039723662,0.7687074829931972,0.7929824561403509,285.0,0.7771374211483935,0.7774696835255841,0.7771929824561403,570.0,0.7666666666666667,0.7657835792075385,0.7801652892561983,0.7514018691588785,0.7657835792075385,84,49,0.77075,0.7375,0.804,0.7707499999999999,0.7666666666666666,0.8280701754385965,0.7052631578947368,0.7666666666666667,236,201,0.7771929824561403,0.7771374211483935,0.7736185383244206,0.7806563039723662,0.7771374211483935,59,68,0.7774696835255841,0.7862318840579711,0.7687074829931972,0.7774696835255841,0.5157894736842106,0.7771929824561403,0.7614035087719299,0.7929824561403509,0.7771929824561403,217,226,10.671875,4.174444713927151,4.51171875,-9.078125,285,0.5719298245614035,0.8350877192982457,1,3.9603930423481946,10.671875,4.174444713927151,4.51171875,-9.078125,285,0.5824561403508772,0.8350877192982457,1,3.9603930423481946,441,>,0.7657835792075385,validation,f1_macro,0.22371607247291161,-1.244140625,closest_to_zero_then_lower,0.7771374211483935,0.21595096317274887,15.0,positive_class_equal_width,0.18075520068511647,0.7677802176625114,0.4489192128388947,0.5,0.44912280701754387,0.7350877192982456,0.7344002172443906,0.7375472730891719,0.7350877192982457,1140.0,0.7479131886477463,0.7133757961783439,0.7859649122807018,570.0,0.7208872458410351,0.76171875,0.6842105263157895,570.0,0.7344002172443908,0.7375472730891719,0.7350877192982456,1140.0,0.7342105263157894,0.7341514079385151,0.7344190431008191,0.7342105263157894,1140.0,0.730186999109528,0.7414104882459313,0.7192982456140351,570.0,0.7381158167675022,0.727427597955707,0.7491228070175439,570.0,0.734151407938515,0.7344190431008191,0.7342105263157894,1140.0,0.7350877192982456,0.7344002172443906,0.7479131886477463,0.7208872458410351,0.7344002172443908,180.0,122.0,0.7375472730891719,0.7133757961783439,0.76171875,0.7375472730891719,0.7350877192982457,0.7859649122807018,0.6842105263157895,0.7350877192982456,448.0,390.0,0.7342105263157894,0.7341514079385151,0.730186999109528,0.7381158167675022,0.734151407938515,143.0,160.0,0.7344190431008191,0.7414104882459313,0.727427597955707,0.7344190431008191,0.5149122807017544,0.7342105263157894,0.7192982456140351,0.7491228070175439,0.7342105263157894,410.0,427.0,10.421875,3.6344594051963406,3.197998046875,-8.96875,570.0,0.5070175438596491,0.8052631578947368,0.0,3.821317798251039,10.421875,3.6344594051963406,3.197998046875,-8.96875,570.0,0.5052631578947369,0.8052631578947368,0.0,3.821317798251039,8.0
instance_level,101,40,,full,references,ac3284e8c3936b6428d0a75d27f88122aab318d381fe25ecd8a2114e87da9243,1096f5f4e33fa5dabad4775a1b1cef8c257cd9cf2253a25380ee8fa09ab94620,19cfd33b81c6deff489e458f0eee040d005eaea9718d148a3418985c56da9eda,b563429e9488e90d0227ddfc049ee8b418c5b9374aee0abdfb2b1e88142d0f85,/workspace/pair-aware/results_v3/bf16/instance_level/split_101/model_seed_40,True,v3,full,1,validation,f1_macro,>,closest_to_zero_then_lower,15,positive_class_equal_width,instance_level,neuralmind/bert-large-portuguese-cased,aa302f6ea73b759f7df9cad58bd272127b67ec28,bf16,256,6,2e-05,8,0.01,0.1,linear,1.0,2,f1_macro,32.0,10000,0,1,0,1,,,False,,,,150.28112641209736,6.4362568855285645,6.74609375,3,0.7757955865272939,5,2495,,2994,0,299,0.18101024810801827,15,positive_class_equal_width,0.1428029042668851,0.6141556390643614,0.4307204242316628,0.5,0.42105263157894735,0.7771929824561403,0.7757955865272939,0.784280303030303,0.7771929824561403,570.0,0.7934959349593496,0.7393939393939394,0.856140350877193,285.0,0.758095238095238,0.8291666666666667,0.6982456140350877,285.0,0.7757955865272937,0.784280303030303,0.7771929824561403,570.0,0.7842105263157895,0.784060984060984,0.785,0.7842105263157895,570.0,0.7897435897435897,0.77,0.8105263157894737,285.0,0.7783783783783784,0.8,0.7578947368421053,285.0,0.784060984060984,0.785,0.7842105263157895,570.0,0.7771929824561403,0.7757955865272939,0.7934959349593496,0.758095238095238,0.7757955865272937,86,41,0.784280303030303,0.7393939393939394,0.8291666666666667,0.784280303030303,0.7771929824561403,0.856140350877193,0.6982456140350877,0.7771929824561403,244,199,0.7842105263157895,0.784060984060984,0.7897435897435897,0.7783783783783784,0.784060984060984,69,54,0.785,0.77,0.8,0.785,0.47368421052631576,0.7842105263157895,0.8105263157894737,0.7578947368421053,0.7842105263157895,231,216,9.359375,3.895955082408169,4.45703125,-8.140625,285,0.5859649122807018,0.8421052631578947,1,3.610710389405946,9.359375,3.895955082408169,4.45703125,-8.140625,285,0.5894736842105263,0.8421052631578947,1,3.610710389405946,452,>,0.7757955865272939,validation,f1_macro,0.3115315769505153,-0.79296875,closest_to_zero_then_lower,0.784060984060984,0.22006364554518004,15.0,positive_class_equal_width,0.18648019787852455,0.7470930887585977,0.43941613947600433,0.5,0.42719298245614035,0.7254385964912281,0.7239754283826779,0.7303222215583738,0.7254385964912281,1140.0,0.7440719542109566,0.6967840735068913,0.7982456140350878,570.0,0.7038789025543992,0.7638603696098563,0.6526315789473685,570.0,0.7239754283826779,0.7303222215583737,0.7254385964912281,1140.0,0.7280701754385965,0.7279286547942758,0.7285456968022108,0.7280701754385965,1140.0,0.7341337907375644,0.7181208053691275,0.7508771929824561,570.0,0.7217235188509874,0.7389705882352942,0.7052631578947368,570.0,0.7279286547942758,0.7285456968022107,0.7280701754385965,1140.0,0.7254385964912281,0.7239754283826779,0.7440719542109566,0.7038789025543992,0.7239754283826779,198.0,115.0,0.7303222215583738,0.6967840735068913,0.7638603696098563,0.7303222215583737,0.7254385964912281,0.7982456140350878,0.6526315789473685,0.7254385964912281,455.0,372.0,0.7280701754385965,0.7279286547942758,0.7341337907375644,0.7217235188509874,0.7279286547942758,168.0,142.0,0.7285456968022108,0.7181208053691275,0.7389705882352942,0.7285456968022107,0.47719298245614034,0.7280701754385965,0.7508771929824561,0.7052631578947368,0.7280701754385965,428.0,402.0,9.5234375,3.296483598675644,2.809326171875,-7.296875,570.0,0.4842105263157895,0.8263157894736842,3.0,3.5425822682047325,9.5234375,3.296483598675644,2.809326171875,-7.296875,570.0,0.48947368421052634,0.8263157894736842,3.0,3.5425822682047325,8.0
instance_level,101,42,,full,references,1b32b389f2c8ef1adaaa10f76310cfdf269395c08180768c9ff3655f617a1d01,1096f5f4e33fa5dabad4775a1b1cef8c257cd9cf2253a25380ee8fa09ab94620,19cfd33b81c6deff489e458f0eee040d005eaea9718d148a3418985c56da9eda,b563429e9488e90d0227ddfc049ee8b418c5b9374aee0abdfb2b1e88142d0f85,/workspace/pair-aware/results_v3/bf16/instance_level/split_101/model_seed_42,True,v3,full,1,validation,f1_macro,>,closest_to_zero_then_lower,15,positive_class_equal_width,instance_level,neuralmind/bert-large-portuguese-cased,aa302f6ea73b759f7df9cad58bd272127b67ec28,bf16,256,6,2e-05,8,0.01,0.1,linear,1.0,2,f1_macro,32.0,10000,0,1,0,1,,,False,,,,150.11936678690836,6.4362568855285645,6.74609375,3,0.7751035707240086,5,2495,,2994,0,299,0.17507267641159452,15,positive_class_equal_width,0.12687356781801826,0.5862047019627228,0.44857269658525717,0.5,0.4614035087719298,0.775438596491228,0.7751035707240086,0.7770897065926853,0.775438596491228,570.0,0.7837837837837838,0.755700325732899,0.8140350877192982,285.0,0.7664233576642335,0.7984790874524715,0.7368421052631579,285.0,0.7751035707240087,0.7770897065926853,0.775438596491228,570.0,0.7842105263157895,0.7842098621417732,0.7842140254112084,0.7842105263157895,570.0,0.7838312829525483,0.7852112676056338,0.7824561403508772,285.0,0.7845884413309983,0.7832167832167832,0.7859649122807018,285.0,0.7842098621417734,0.7842140254112085,0.7842105263157895,570.0,0.775438596491228,0.7751035707240086,0.7837837837837838,0.7664233576642335,0.7751035707240087,75,53,0.7770897065926853,0.755700325732899,0.7984790874524715,0.7770897065926853,0.775438596491228,0.8140350877192982,0.7368421052631579,0.775438596491228,232,210,0.7842105263157895,0.7842098621417732,0.7838312829525483,0.7845884413309983,0.7842098621417734,61,62,0.7842140254112084,0.7852112676056338,0.7832167832167832,0.7842140254112085,0.5017543859649123,0.7842105263157895,0.7824561403508772,0.7859649122807018,0.7842105263157895,223,224,9.0625,3.5803641804477624,4.18359375,-6.921875,285,0.5754385964912281,0.8456140350877193,0,3.3339590617046975,9.0625,3.5803641804477624,4.18359375,-6.921875,285,0.5964912280701754,0.8456140350877193,0,3.3339590617046975,455,>,0.7751035707240086,validation,f1_macro,0.28856909426193905,-0.90234375,closest_to_zero_then_lower,0.7842098621417732,0.2141145418557877,15.0,positive_class_equal_width,0.16290466624095107,0.7210864998066008,0.43778146401989626,0.5,0.4412280701754386,0.7324561403508771,0.7315288033226496,0.7357128812681213,0.7324561403508771,1140.0,0.7473073736536868,0.7080062794348508,0.7912280701754386,570.0,0.7157502329916123,0.7634194831013916,0.6736842105263158,570.0,0.7315288033226496,0.7357128812681213,0.7324561403508771,1140.0,0.724561403508772,0.7245580124101251,0.7245724627867178,0.724561403508772,1140.0,0.7235915492957746,0.726148409893993,0.7210526315789474,570.0,0.7255244755244755,0.7229965156794426,0.7280701754385965,570.0,0.7245580124101251,0.7245724627867178,0.724561403508772,1140.0,0.7324561403508771,0.7315288033226496,0.7473073736536868,0.7157502329916123,0.7315288033226496,186.0,119.0,0.7357128812681213,0.7080062794348508,0.7634194831013916,0.7357128812681213,0.7324561403508771,0.7912280701754386,0.6736842105263158,0.7324561403508771,451.0,384.0,0.724561403508772,0.7245580124101251,0.7235915492957746,0.7255244755244755,0.7245580124101251,155.0,159.0,0.7245724627867178,0.726148409893993,0.7229965156794426,0.7245724627867178,0.5035087719298246,0.724561403508772,0.7210526315789474,0.7280701754385965,0.724561403508772,411.0,415.0,9.109375,2.9803405494020696,2.58258056640625,-6.5234375,570.0,0.4964912280701754,0.8105263157894737,0.0,3.2546696307668865,9.109375,2.9803405494020696,2.58258056640625,-6.5234375,570.0,0.48947368421052634,0.8105263157894737,0.0,3.2546696307668865,8.0
instance_level,101,73,,full,references,8aa47b6c269f481bdeb03656a300f088265bd65ea01620eb69d76de8bf1b15f6,1096f5f4e33fa5dabad4775a1b1cef8c257cd9cf2253a25380ee8fa09ab94620,19cfd33b81c6deff489e458f0eee040d005eaea9718d148a3418985c56da9eda,b563429e9488e90d0227ddfc049ee8b418c5b9374aee0abdfb2b1e88142d0f85,/workspace/pair-aware/results_v3/bf16/instance_level/split_101/model_seed_73,True,v3,full,1,validation,f1_macro,>,closest_to_zero_then_lower,15,positive_class_equal_width,instance_level,neuralmind/bert-large-portuguese-cased,aa302f6ea73b759f7df9cad58bd272127b67ec28,bf16,256,6,2e-05,8,0.01,0.1,linear,1.0,2,f1_macro,32.0,10000,0,1,0,1,,,False,,,,150.2310661179945,6.4362568855285645,6.74609375,3,0.7699197939230724,5,2495,,2994,0,299,0.17668164997502456,15,positive_class_equal_width,0.12350167476292934,0.5624570964962718,0.4722995126835224,0.5,0.4666666666666667,0.7701754385964912,0.7699197939230724,0.7713815789473684,0.7701754385964912,570.0,0.7775891341256367,0.7532894736842105,0.8035087719298246,285.0,0.7622504537205081,0.7894736842105263,0.7368421052631579,285.0,0.7699197939230724,0.7713815789473685,0.7701754385964912,570.0,0.775438596491228,0.7752615172311825,0.7763094517654905,0.775438596491228,570.0,0.7689530685920578,0.79182156133829,0.7473684210526316,285.0,0.7815699658703071,0.760797342192691,0.8035087719298246,285.0,0.7752615172311824,0.7763094517654905,0.775438596491228,570.0,0.7701754385964912,0.7699197939230724,0.7775891341256367,0.7622504537205081,0.7699197939230724,75,56,0.7713815789473684,0.7532894736842105,0.7894736842105263,0.7713815789473685,0.7701754385964912,0.8035087719298246,0.7368421052631579,0.7701754385964912,229,210,0.775438596491228,0.7752615172311825,0.7689530685920578,0.7815699658703071,0.7752615172311824,56,72,0.7763094517654905,0.79182156133829,0.760797342192691,0.7763094517654905,0.5280701754385965,0.775438596491228,0.7473684210526316,0.8035087719298246,0.775438596491228,213,229,7.0078125,3.1555915698670503,3.7373046875,-6.78125,285,0.5719298245614035,0.8596491228070176,0,2.8859801248882047,7.0078125,3.1555915698670503,3.7373046875,-6.78125,285,0.5719298245614035,0.8596491228070176,0,2.8859801248882047,411,>,0.7699197939230724,validation,f1_macro,0.24944724346334116,-1.1015625,closest_to_zero_then_lower,0.7752615172311825,0.20494418253634636,15.0,positive_class_equal_width,0.15738867763186284,0.6638378056875069,0.47533342677324025,0.5,0.4728070175438597,0.7429824561403509,0.742792261744796,0.74370328981691,0.7429824561403509,1140.0,0.7497865072587532,0.7304492512479202,0.7701754385964912,570.0,0.7357980162308386,0.7569573283858998,0.7157894736842105,570.0,0.742792261744796,0.74370328981691,0.7429824561403509,1140.0,0.7429824561403509,0.7427399634158083,0.743902062253804,0.7429824561403509,1140.0,0.7348416289592761,0.7588785046728972,0.712280701754386,570.0,0.7506382978723404,0.7289256198347107,0.7736842105263158,570.0,0.7427399634158082,0.743902062253804,0.7429824561403509,1140.0,0.7429824561403509,0.742792261744796,0.7497865072587532,0.7357980162308386,0.742792261744796,162.0,131.0,0.74370328981691,0.7304492512479202,0.7569573283858998,0.74370328981691,0.7429824561403509,0.7701754385964912,0.7157894736842105,0.7429824561403509,439.0,408.0,0.7429824561403509,0.7427399634158083,0.7348416289592761,0.7506382978723404,0.7427399634158082,129.0,164.0,0.743902062253804,0.7588785046728972,0.7289256198347107,0.743902062253804,0.5307017543859649,0.7429824561403509,0.712280701754386,0.7736842105263158,0.7429824561403509,406.0,441.0,6.96875,2.755536102830318,2.65179443359375,-5.8359375,570.0,0.5105263157894737,0.8122807017543859,3.0,2.845201947373988,6.96875,2.755536102830318,2.65179443359375,-5.8359375,570.0,0.5157894736842106,0.8122807017543859,3.0,2.845201947373988,8.0
instance_level,101,101,,full,references,3f77aec5eaa60b4380ef09e47f59e3378acb299bbbfdba76fe67ac54917b9571,1096f5f4e33fa5dabad4775a1b1cef8c257cd9cf2253a25380ee8fa09ab94620,19cfd33b81c6deff489e458f0eee040d005eaea9718d148a3418985c56da9eda,b563429e9488e90d0227ddfc049ee8b418c5b9374aee0abdfb2b1e88142d0f85,/workspace/pair-aware/results_v3/bf16/instance_level/split_101/model_seed_101,True,v3,full,1,validation,f1_macro,>,closest_to_zero_then_lower,15,positive_class_equal_width,instance_level,neuralmind/bert-large-portuguese-cased,aa302f6ea73b759f7df9cad58bd272127b67ec28,bf16,256,6,2e-05,8,0.01,0.1,linear,1.0,2,f1_macro,32.0,10000,0,1,0,1,,,False,,,,150.07164259406272,6.4362568855285645,6.74609375,3,0.7684182015167931,5,2495,,2994,0,299,0.17465177686038932,15,positive_class_equal_width,0.11241086985094247,0.5574469134315566,0.48848329470570967,0.5,0.4964912280701754,0.7684210526315789,0.7684182015167931,0.7684342719247486,0.7684210526315789,570.0,0.7692307692307693,0.7665505226480837,0.7719298245614035,285.0,0.7676056338028169,0.7703180212014135,0.7649122807017544,285.0,0.7684182015167931,0.7684342719247486,0.7684210526315789,570.0,0.775438596491228,0.7751617873651772,0.7768017321373337,0.775438596491228,570.0,0.7830508474576271,0.7573770491803279,0.8105263157894737,285.0,0.7672727272727272,0.7962264150943397,0.7403508771929824,285.0,0.7751617873651772,0.7768017321373337,0.775438596491228,570.0,0.7684210526315789,0.7684182015167931,0.7692307692307693,0.7676056338028169,0.7684182015167931,67,65,0.7684342719247486,0.7665505226480837,0.7703180212014135,0.7684342719247486,0.7684210526315789,0.7719298245614035,0.7649122807017544,0.7684210526315789,220,218,0.775438596491228,0.7751617873651772,0.7830508474576271,0.7672727272727272,0.7751617873651772,74,54,0.7768017321373337,0.7573770491803279,0.7962264150943397,0.7768017321373337,0.4649122807017544,0.775438596491228,0.8105263157894737,0.7403508771929824,0.775438596491228,231,211,8.7578125,3.238887893944456,3.41552734375,-7.734375,285,0.5649122807017544,0.8526315789473684,0,3.133552464120566,8.7578125,3.238887893944456,3.41552734375,-7.734375,285,0.5824561403508772,0.8526315789473684,0,3.133552464120566,470,>,0.7684182015167931,validation,f1_macro,0.5813030906443133,0.328125,closest_to_zero_then_lower,0.7751617873651772,0.19791534405226632,15.0,positive_class_equal_width,0.12832664875210145,0.6342998760068497,0.4835788838010046,0.5,0.48596491228070177,0.7421052631578947,0.7420544520927483,0.7422961767351314,0.7421052631578948,1140.0,0.745674740484429,0.735494880546075,0.756140350877193,570.0,0.7384341637010676,0.7490974729241877,0.7280701754385965,570.0,0.7420544520927482,0.7422961767351313,0.7421052631578947,1140.0,0.7412280701754386,0.7408929216692259,0.7424826510817744,0.7412280701754386,1140.0,0.7502116850127011,0.7250409165302782,0.7771929824561403,570.0,0.7315741583257507,0.7599243856332704,0.7052631578947368,570.0,0.7408929216692259,0.7424826510817744,0.7412280701754386,1140.0,0.7421052631578947,0.7420544520927483,0.745674740484429,0.7384341637010676,0.7420544520927482,155.0,139.0,0.7422961767351314,0.735494880546075,0.7490974729241877,0.7422961767351313,0.7421052631578948,0.756140350877193,0.7280701754385965,0.7421052631578947,431.0,415.0,0.7412280701754386,0.7408929216692259,0.7502116850127011,0.7315741583257507,0.7408929216692259,168.0,127.0,0.7424826510817744,0.7250409165302782,0.7599243856332704,0.7424826510817744,0.46403508771929824,0.7412280701754386,0.7771929824561403,0.7052631578947368,0.7412280701754386,443.0,402.0,8.921875,2.823764988414028,2.45751953125,-5.1484375,570.0,0.5052631578947369,0.8210526315789474,0.0,2.929372157896227,8.921875,2.823764988414028,2.45751953125,-5.1484375,570.0,0.5035087719298246,0.8210526315789474,0.0,2.929372157896227,8.0
true_pair,13,13,1.0,full,references,ae3fbc13ceb71dd781c3475c10aee6c1db4768adc06a6ff4ddbcd58e36c24eb8,04d3a52a5e31c6d6147e1ad27ff811d65b48a51109e0f23edf8389739df518a7,9ce99da3bd3c0afda70f6d676fc22c54e49d0829cdc88be60b0a15fded3d53d6,bb43d0ad549b7e57213aab7dca185a96972dab5a6e0ad093afcd5ecde5eef177,/workspace/pair-aware/results_v3/bf16/true_pair/lambda_1p0/split_13/model_seed_13,True,v3,full,1,validation,f1_macro,>,closest_to_zero_then_lower,15,positive_class_equal_width,true_pair,neuralmind/bert-large-portuguese-cased,aa302f6ea73b759f7df9cad58bd272127b67ec28,bf16,256,6,2e-05,8,0.01,0.1,linear,1.0,2,f1_macro,32.0,10000,0,1,0,1,4.0,1.0,False,,,,181.09152599598747,6.43624210357666,6.74609375,4,0.8051282051282052,6,2994,1.0,2994,0,299,0.18367052128703554,15,positive_class_equal_width,0.18141129602052544,0.962765983099773,0.4695136538016542,0.5,0.47368421052631576,0.8052631578947368,0.8051282051282052,0.8061111111111111,0.8052631578947369,570.0,0.8102564102564103,0.79,0.8315789473684211,285.0,0.8,0.8222222222222222,0.7789473684210526,285.0,0.805128205128205,0.8061111111111111,0.8052631578947368,570.0,0.8070175438596491,0.8069581280788177,0.8073959938366718,0.8070175438596492,570.0,0.8103448275862069,0.7966101694915254,0.8245614035087719,285.0,0.8035714285714286,0.8181818181818182,0.7894736842105263,285.0,0.8069581280788176,0.8073959938366718,0.8070175438596491,570.0,0.8052631578947368,0.8051282051282052,0.8102564102564103,0.8,0.805128205128205,63,48,0.8061111111111111,0.79,0.8222222222222222,0.8061111111111111,0.8052631578947369,0.8315789473684211,0.7789473684210526,0.8052631578947368,237,222,0.8070175438596491,0.8069581280788177,0.8103448275862069,0.8035714285714286,0.8069581280788176,60,50,0.8073959938366718,0.7966101694915254,0.8181818181818182,0.8073959938366718,0.4824561403508772,0.8070175438596492,0.8245614035087719,0.7894736842105263,0.8070175438596491,235,225,15.453125,7.452858801055373,9.6328125,-12.015625,285,0.6350877192982456,0.8947368421052632,0,6.029292344191135,15.453125,7.452858801055373,9.6328125,-12.015625,285,0.6385964912280702,0.8947368421052632,0,6.029292344191135,395,>,0.8051282051282052,validation,f1_macro,0.2877678157610531,-0.90625,closest_to_zero_then_lower,0.8069581280788177,0.20914591214657555,15.0,positive_class_equal_width,0.19745109896047153,1.029540649127234,0.47992692049744795,0.5,0.48157894736842105,0.769298245614035,0.7692199338187242,0.7696642719110889,0.7692982456140351,1140.0,0.7734711455641688,0.7597292724196277,0.787719298245614,570.0,0.7649687220732797,0.7795992714025501,0.7508771929824561,570.0,0.7692199338187243,0.7696642719110889,0.769298245614035,1140.0,0.7649122807017544,0.7649093863882597,0.764925327193706,0.7649122807017543,1140.0,0.7640845070422535,0.7667844522968198,0.7614035087719299,570.0,0.7657342657342657,0.7630662020905923,0.7684210526315789,570.0,0.7649093863882597,0.764925327193706,0.7649122807017544,1140.0,0.769298245614035,0.7692199338187242,0.7734711455641688,0.7649687220732797,0.7692199338187243,142.0,121.0,0.7696642719110889,0.7597292724196277,0.7795992714025501,0.7696642719110889,0.7692982456140351,0.787719298245614,0.7508771929824561,0.769298245614035,449.0,428.0,0.7649122807017544,0.7649093863882597,0.7640845070422535,0.7657342657342657,0.7649093863882597,132.0,136.0,0.764925327193706,0.7667844522968198,0.7630662020905923,0.764925327193706,0.5035087719298246,0.7649122807017543,0.7614035087719299,0.7684210526315789,0.7649122807017544,434.0,438.0,16.046875,6.74792266310307,7.740234375,-11.9609375,570.0,0.5649122807017544,0.8631578947368421,1.0,6.002589033847787,16.046875,6.74792266310307,7.740234375,-11.9609375,570.0,0.5596491228070175,0.8631578947368421,1.0,6.002589033847787,
true_pair,13,21,1.0,full,references,813cda7170d9916681b332d78906e909b39ffe45d340f0b9295f7d8da223f2a0,04d3a52a5e31c6d6147e1ad27ff811d65b48a51109e0f23edf8389739df518a7,9ce99da3bd3c0afda70f6d676fc22c54e49d0829cdc88be60b0a15fded3d53d6,bb43d0ad549b7e57213aab7dca185a96972dab5a6e0ad093afcd5ecde5eef177,/workspace/pair-aware/results_v3/bf16/true_pair/lambda_1p0/split_13/model_seed_21,True,v3,full,1,validation,f1_macro,>,closest_to_zero_then_lower,15,positive_class_equal_width,true_pair,neuralmind/bert-large-portuguese-cased,aa302f6ea73b759f7df9cad58bd272127b67ec28,bf16,256,6,2e-05,8,0.01,0.1,linear,1.0,2,f1_macro,32.0,10000,0,1,0,1,4.0,1.0,False,,,,181.1952655899804,6.43624210357666,6.74609375,6,0.7835703635561015,6,2994,1.0,2994,0,299,0.21006175588853232,15,positive_class_equal_width,0.21287856797439267,1.3808430666416018,0.44475317602829695,0.5,0.4456140350877193,0.7842105263157895,0.7835703635561015,0.7876133758596631,0.7842105263157895,570.0,0.7953410981697171,0.7563291139240507,0.8385964912280702,285.0,0.7717996289424861,0.8188976377952756,0.7298245614035088,285.0,0.7835703635561015,0.7876133758596632,0.7842105263157895,570.0,0.8,0.7999113180356945,0.8005328005328005,0.8,570.0,0.7956989247311828,0.8131868131868132,0.7789473684210526,285.0,0.8041237113402062,0.7878787878787878,0.8210526315789474,285.0,0.7999113180356945,0.8005328005328004,0.8,570.0,0.7842105263157895,0.7835703635561015,0.7953410981697171,0.7717996289424861,0.7835703635561015,77,46,0.7876133758596631,0.7563291139240507,0.8188976377952756,0.7876133758596632,0.7842105263157895,0.8385964912280702,0.7298245614035088,0.7842105263157895,239,208,0.8,0.7999113180356945,0.7956989247311828,0.8041237113402062,0.7999113180356945,51,63,0.8005328005328005,0.8131868131868132,0.7878787878787878,0.8005328005328004,0.5210526315789473,0.8,0.7789473684210526,0.8210526315789474,0.8,222,234,17.265625,8.88054563288103,13.5625,-13.84375,285,0.5929824561403508,0.8736842105263158,0,7.7776152855367044,17.265625,8.88054563288103,13.5625,-13.84375,285,0.6175438596491228,0.8736842105263158,0,7.7776152855367044,327,>,0.7835703635561015,validation,f1_macro,0.0023231625226312834,-6.0625,closest_to_zero_then_lower,0.7999113180356945,0.23017877326610478,15.0,positive_class_equal_width,0.22595980571520558,1.4572508102591473,0.45167906068993907,0.5,0.4482456140350877,0.7552631578947369,0.7546058656651126,0.7580276834910196,0.7552631578947369,1140.0,0.7673060884070059,0.7313195548489666,0.8070175438596491,570.0,0.7419056429232193,0.7847358121330724,0.7035087719298245,570.0,0.7546058656651127,0.7580276834910195,0.7552631578947369,1140.0,0.756140350877193,0.755217424886074,0.7600625000000001,0.756140350877193,1140.0,0.7401869158878505,0.792,0.6947368421052632,570.0,0.7702479338842976,0.728125,0.8175438596491228,570.0,0.755217424886074,0.7600625000000001,0.756140350877193,1140.0,0.7552631578947369,0.7546058656651126,0.7673060884070059,0.7419056429232193,0.7546058656651127,169.0,110.0,0.7580276834910196,0.7313195548489666,0.7847358121330724,0.7580276834910195,0.7552631578947369,0.8070175438596491,0.7035087719298245,0.7552631578947369,460.0,401.0,0.756140350877193,0.755217424886074,0.7401869158878505,0.7702479338842976,0.755217424886074,104.0,174.0,0.7600625000000001,0.792,0.728125,0.7600625000000001,0.5614035087719298,0.756140350877193,0.6947368421052632,0.8175438596491228,0.756140350877193,396.0,466.0,17.421875,7.972316862407483,10.033203125,-15.625,570.0,0.5456140350877193,0.8192982456140351,3.0,7.719794675808217,17.421875,7.972316862407483,10.033203125,-15.625,570.0,0.5456140350877193,0.8192982456140351,3.0,7.719794675808217,
true_pair,13,40,1.0,full,references,165d273cc8758525b7efbb0fc74212692a7f57feb48f57ae2872bf5cdfdcd8fa,04d3a52a5e31c6d6147e1ad27ff811d65b48a51109e0f23edf8389739df518a7,9ce99da3bd3c0afda70f6d676fc22c54e49d0829cdc88be60b0a15fded3d53d6,bb43d0ad549b7e57213aab7dca185a96972dab5a6e0ad093afcd5ecde5eef177,/workspace/pair-aware/results_v3/bf16/true_pair/lambda_1p0/split_13/model_seed_40,True,v3,full,1,validation,f1_macro,>,closest_to_zero_then_lower,15,positive_class_equal_width,true_pair,neuralmind/bert-large-portuguese-cased,aa302f6ea73b759f7df9cad58bd272127b67ec28,bf16,256,6,2e-05,8,0.01,0.1,linear,1.0,2,f1_macro,32.0,10000,0,1,0,1,4.0,1.0,False,,,,180.62327549699694,6.43624210357666,6.74609375,5,0.8122662562524048,6,2994,1.0,2994,0,299,0.18047033278848265,15,positive_class_equal_width,0.18056136763576314,1.135920893949314,0.4888838805319009,0.5,0.49122807017543857,0.8122807017543859,0.8122662562524048,0.8123768472906403,0.812280701754386,570.0,0.8139130434782609,0.8068965517241379,0.8210526315789474,285.0,0.8106194690265487,0.8178571428571428,0.8035087719298246,285.0,0.8122662562524048,0.8123768472906404,0.8122807017543859,570.0,0.8157894736842105,0.8157208440200875,0.8162606036693628,0.8157894736842106,570.0,0.8121645796064401,0.8284671532846716,0.7964912280701755,285.0,0.8192771084337349,0.8040540540540541,0.8350877192982457,285.0,0.8157208440200875,0.8162606036693628,0.8157894736842105,570.0,0.8122807017543859,0.8122662562524048,0.8139130434782609,0.8106194690265487,0.8122662562524048,56,51,0.8123768472906403,0.8068965517241379,0.8178571428571428,0.8123768472906404,0.812280701754386,0.8210526315789474,0.8035087719298246,0.8122807017543859,234,229,0.8157894736842105,0.8157208440200875,0.8121645796064401,0.8192771084337349,0.8157208440200875,47,58,0.8162606036693628,0.8284671532846716,0.8040540540540541,0.8162606036693628,0.519298245614035,0.8157894736842106,0.7964912280701755,0.8350877192982457,0.8157894736842105,227,238,16.21875,9.23550233004386,13.078125,-15.296875,285,0.6385964912280702,0.8631578947368421,1,7.072943609567928,16.21875,9.23550233004386,13.078125,-15.296875,285,0.6456140350877193,0.8631578947368421,1,7.072943609567928,273,>,0.8122662562524048,validation,f1_macro,0.03234433238115709,-3.3984375,closest_to_zero_then_lower,0.8157208440200875,0.23029271611055985,15.0,positive_class_equal_width,0.22965105581793444,1.4271278405975174,0.48081954615698946,0.5,0.4789473684210526,0.756140350877193,0.7560322211136976,0.7565952565952566,0.7561403508771929,1140.0,0.761168384879725,0.7457912457912458,0.7771929824561403,570.0,0.7508960573476703,0.7673992673992674,0.7350877192982456,570.0,0.7560322211136977,0.7565952565952566,0.756140350877193,1140.0,0.7684210526315789,0.768189884649512,0.7694960507286683,0.7684210526315789,1140.0,0.7608695652173914,0.7865168539325843,0.7368421052631579,570.0,0.7755102040816326,0.7524752475247525,0.8,570.0,0.768189884649512,0.7694960507286684,0.7684210526315789,1140.0,0.756140350877193,0.7560322211136976,0.761168384879725,0.7508960573476703,0.7560322211136977,151.0,127.0,0.7565952565952566,0.7457912457912458,0.7673992673992674,0.7565952565952566,0.7561403508771929,0.7771929824561403,0.7350877192982456,0.756140350877193,443.0,419.0,0.7684210526315789,0.768189884649512,0.7608695652173914,0.7755102040816326,0.768189884649512,114.0,150.0,0.7694960507286683,0.7865168539325843,0.7524752475247525,0.7694960507286684,0.531578947368421,0.7684210526315789,0.7368421052631579,0.8,0.7684210526315789,420.0,456.0,16.546875,7.8594096936677635,10.16796875,-15.0625,570.0,0.543859649122807,0.843859649122807,5.0,7.53748206692603,16.546875,7.8594096936677635,10.16796875,-15.0625,570.0,0.5684210526315789,0.843859649122807,5.0,7.53748206692603,
true_pair,13,42,1.0,full,references,2f44280e7d966bd4fa3f26ebad3a176f7b427dafe14d940be1827554c10438dc,04d3a52a5e31c6d6147e1ad27ff811d65b48a51109e0f23edf8389739df518a7,9ce99da3bd3c0afda70f6d676fc22c54e49d0829cdc88be60b0a15fded3d53d6,bb43d0ad549b7e57213aab7dca185a96972dab5a6e0ad093afcd5ecde5eef177,/workspace/pair-aware/results_v3/bf16/true_pair/lambda_1p0/split_13/model_seed_42,True,v3,full,1,validation,f1_macro,>,closest_to_zero_then_lower,15,positive_class_equal_width,true_pair,neuralmind/bert-large-portuguese-cased,aa302f6ea73b759f7df9cad58bd272127b67ec28,bf16,256,6,2e-05,8,0.01,0.1,linear,1.0,2,f1_macro,32.0,10000,0,1,0,1,4.0,1.0,False,,,,150.90247943706345,6.43624210357666,6.74609375,3,0.8069795219741653,5,2495,1.0,2994,0,299,0.16865318025334455,15,positive_class_equal_width,0.15370732317189068,0.7104717635328388,0.4839354417664107,0.5,0.48596491228070177,0.8070175438596491,0.8069795219741653,0.8072596444104927,0.8070175438596492,570.0,0.8096885813148789,0.7986348122866894,0.8210526315789474,285.0,0.8042704626334519,0.8158844765342961,0.7929824561403509,285.0,0.8069795219741653,0.8072596444104927,0.8070175438596491,570.0,0.8140350877192982,0.8140327981877278,0.8140505534283006,0.8140350877192982,570.0,0.8133802816901409,0.8162544169611308,0.8105263157894737,285.0,0.8146853146853147,0.8118466898954704,0.8175438596491228,285.0,0.8140327981877278,0.8140505534283006,0.8140350877192982,570.0,0.8070175438596491,0.8069795219741653,0.8096885813148789,0.8042704626334519,0.8069795219741653,59,51,0.8072596444104927,0.7986348122866894,0.8158844765342961,0.8072596444104927,0.8070175438596492,0.8210526315789474,0.7929824561403509,0.8070175438596491,234,226,0.8140350877192982,0.8140327981877278,0.8133802816901409,0.8146853146853147,0.8140327981877278,52,54,0.8140505534283006,0.8162544169611308,0.8118466898954704,0.8140505534283006,0.5035087719298246,0.8140350877192982,0.8105263157894737,0.8175438596491228,0.8140350877192982,231,233,12.9375,5.978017813699287,6.7421875,-10.140625,285,0.631578947368421,0.887719298245614,0,4.605709730500325,12.9375,5.978017813699287,6.7421875,-10.140625,285,0.6456140350877193,0.887719298245614,0,4.605709730500325,419,>,0.8069795219741653,validation,f1_macro,0.3296074716331437,-0.7099609375,closest_to_zero_then_lower,0.8140327981877278,0.19866365750092901,15.0,positive_class_equal_width,0.17703184771323266,0.8263883360554023,0.4819670345546035,0.5,0.4807017543859649,0.7736842105263158,0.7735998940818218,0.7740925231801143,0.7736842105263158,1140.0,0.7779690189328744,0.7635135135135135,0.7929824561403509,570.0,0.7692307692307693,0.7846715328467153,0.7543859649122807,570.0,0.7735998940818218,0.7740925231801145,0.7736842105263158,1140.0,0.775438596491228,0.7754213158907273,0.7755233990147783,0.775438596491228,1140.0,0.7734513274336283,0.7803571428571429,0.7666666666666667,570.0,0.7773913043478261,0.7706896551724138,0.7842105263157895,570.0,0.7754213158907273,0.7755233990147784,0.775438596491228,1140.0,0.7736842105263158,0.7735998940818218,0.7779690189328744,0.7692307692307693,0.7735998940818218,140.0,118.0,0.7740925231801143,0.7635135135135135,0.7846715328467153,0.7740925231801145,0.7736842105263158,0.7929824561403509,0.7543859649122807,0.7736842105263158,452.0,430.0,0.775438596491228,0.7754213158907273,0.7734513274336283,0.7773913043478261,0.7754213158907273,123.0,133.0,0.7755233990147783,0.7803571428571429,0.7706896551724138,0.7755233990147784,0.5087719298245614,0.775438596491228,0.7666666666666667,0.7842105263157895,0.775438596491228,437.0,447.0,13.390625,5.2752629062585665,5.71923828125,-10.140625,570.0,0.5701754385964912,0.8385964912280702,3.0,4.830224987409463,13.390625,5.2752629062585665,5.71923828125,-10.140625,570.0,0.5789473684210527,0.8385964912280702,3.0,4.830224987409463,
true_pair,13,73,1.0,full,references,a7aeb868ad55eac7c54ff86495ffa0c5d54f1b6f710eecc96cd1c8f5f4c9f36b,04d3a52a5e31c6d6147e1ad27ff811d65b48a51109e0f23edf8389739df518a7,9ce99da3bd3c0afda70f6d676fc22c54e49d0829cdc88be60b0a15fded3d53d6,bb43d0ad549b7e57213aab7dca185a96972dab5a6e0ad093afcd5ecde5eef177,/workspace/pair-aware/results_v3/bf16/true_pair/lambda_1p0/split_13/model_seed_73,True,v3,full,1,validation,f1_macro,>,closest_to_zero_then_lower,15,positive_class_equal_width,true_pair,neuralmind/bert-large-portuguese-cased,aa302f6ea73b759f7df9cad58bd272127b67ec28,bf16,256,6,2e-05,8,0.01,0.1,linear,1.0,2,f1_macro,32.0,10000,0,1,0,1,4.0,1.0,False,,,,121.32283869397361,6.43624210357666,6.74609375,2,0.7660611185000262,4,1996,1.0,2994,0,299,0.16494295382020085,15,positive_class_equal_width,0.11662377634164728,0.5354183812097143,0.4455439747613958,0.5,0.44912280701754387,0.7666666666666667,0.7660611185000262,0.7694566082802548,0.7666666666666666,570.0,0.7779632721202003,0.7420382165605095,0.8175438596491228,285.0,0.7541589648798521,0.796875,0.7157894736842105,285.0,0.7660611185000262,0.7694566082802548,0.7666666666666667,570.0,0.8140350877192982,0.8134471217379491,0.8180446627847533,0.8140350877192983,570.0,0.8029739776951673,0.8537549407114624,0.7578947368421053,285.0,0.8239202657807309,0.7823343848580442,0.8701754385964913,285.0,0.8134471217379491,0.8180446627847533,0.8140350877192982,570.0,0.7666666666666667,0.7660611185000262,0.7779632721202003,0.7541589648798521,0.7660611185000262,81,52,0.7694566082802548,0.7420382165605095,0.796875,0.7694566082802548,0.7666666666666666,0.8175438596491228,0.7157894736842105,0.7666666666666667,233,204,0.8140350877192982,0.8134471217379491,0.8029739776951673,0.8239202657807309,0.8134471217379491,37,69,0.8180446627847533,0.8537549407114624,0.7823343848580442,0.8180446627847533,0.5561403508771929,0.8140350877192983,0.7578947368421053,0.8701754385964913,0.8140350877192982,216,248,8.453125,3.563226907295093,4.1640625,-5.078125,285,0.5578947368421052,0.8807017543859649,1,2.82554819005678,8.453125,3.563226907295093,4.1640625,-5.078125,285,0.6421052631578947,0.8807017543859649,1,2.82554819005678,444,>,0.7660611185000262,validation,f1_macro,0.2011847182392799,-1.37890625,closest_to_zero_then_lower,0.8134471217379491,0.17959761631262441,15.0,positive_class_equal_width,0.11559440210289765,0.5747416317950249,0.4449346005253921,0.5,0.45,0.7605263157894737,0.7599261311172668,0.763157894736842,0.7605263157894737,1140.0,0.7719298245614035,0.7368421052631579,0.8105263157894737,570.0,0.7479224376731302,0.7894736842105263,0.7105263157894737,570.0,0.7599261311172668,0.7631578947368421,0.7605263157894737,1140.0,0.7614035087719299,0.7602812798604733,0.7663919000301114,0.7614035087719299,1140.0,0.743879472693032,0.8028455284552846,0.6929824561403509,570.0,0.7766830870279147,0.7299382716049383,0.8298245614035088,570.0,0.7602812798604733,0.7663919000301115,0.7614035087719299,1140.0,0.7605263157894737,0.7599261311172668,0.7719298245614035,0.7479224376731302,0.7599261311172668,165.0,108.0,0.763157894736842,0.7368421052631579,0.7894736842105263,0.7631578947368421,0.7605263157894737,0.8105263157894737,0.7105263157894737,0.7605263157894737,462.0,405.0,0.7614035087719299,0.7602812798604733,0.743879472693032,0.7766830870279147,0.7602812798604733,97.0,175.0,0.7663919000301114,0.8028455284552846,0.7299382716049383,0.7663919000301115,0.5684210526315789,0.7614035087719299,0.6929824561403509,0.8298245614035088,0.7614035087719299,395.0,473.0,8.6875,3.2327991268091036,3.294921875,-6.1875,570.0,0.5491228070175439,0.8596491228070176,0.0,2.986830997220061,8.6875,3.2327991268091036,3.294921875,-6.1875,570.0,0.5561403508771929,0.8596491228070176,0.0,2.986830997220061,
true_pair,13,101,1.0,full,references,62e8e8e5092184e0e74080be2be5208549cadf9a067c0a30bae8d974f71f043e,04d3a52a5e31c6d6147e1ad27ff811d65b48a51109e0f23edf8389739df518a7,9ce99da3bd3c0afda70f6d676fc22c54e49d0829cdc88be60b0a15fded3d53d6,bb43d0ad549b7e57213aab7dca185a96972dab5a6e0ad093afcd5ecde5eef177,/workspace/pair-aware/results_v3/bf16/true_pair/lambda_1p0/split_13/model_seed_101,True,v3,full,1,validation,f1_macro,>,closest_to_zero_then_lower,15,positive_class_equal_width,true_pair,neuralmind/bert-large-portuguese-cased,aa302f6ea73b759f7df9cad58bd272127b67ec28,bf16,256,6,2e-05,8,0.01,0.1,linear,1.0,2,f1_macro,32.0,10000,0,1,0,1,4.0,1.0,False,,,,121.2274321509758,6.43624210357666,6.74609375,2,0.7947058805421563,4,1996,1.0,2994,0,299,0.16572726583549904,15,positive_class_equal_width,0.1247675562514118,0.5824899416621522,0.48120707294491505,0.5,0.48771929824561405,0.7947368421052632,0.7947058805421563,0.7949147531290037,0.7947368421052632,570.0,0.7972270363951474,0.7876712328767124,0.8070175438596491,285.0,0.7921847246891652,0.802158273381295,0.7824561403508772,285.0,0.7947058805421563,0.7949147531290037,0.7947368421052632,570.0,0.8070175438596491,0.8069581280788177,0.8073959938366718,0.8070175438596492,570.0,0.8035714285714286,0.8181818181818182,0.7894736842105263,285.0,0.8103448275862069,0.7966101694915254,0.8245614035087719,285.0,0.8069581280788176,0.8073959938366718,0.8070175438596491,570.0,0.7947368421052632,0.7947058805421563,0.7972270363951474,0.7921847246891652,0.7947058805421563,62,55,0.7949147531290037,0.7876712328767124,0.802158273381295,0.7949147531290037,0.7947368421052632,0.8070175438596491,0.7824561403508772,0.7947368421052632,230,223,0.8070175438596491,0.8069581280788177,0.8035714285714286,0.8103448275862069,0.8069581280788176,50,60,0.8073959938366718,0.8181818181818182,0.7966101694915254,0.8073959938366718,0.5175438596491229,0.8070175438596492,0.7894736842105263,0.8245614035087719,0.8070175438596491,225,235,9.8671875,4.408948503460801,5.09375,-6.0546875,285,0.6105263157894737,0.887719298245614,0,3.4869056062547212,9.8671875,4.408948503460801,5.09375,-6.0546875,285,0.6280701754385964,0.887719298245614,0,3.4869056062547212,464,>,0.7947058805421563,validation,f1_macro,0.35615269173009984,-0.59210205078125,closest_to_zero_then_lower,0.8069581280788177,0.18743156693404742,15.0,positive_class_equal_width,0.1518066284342361,0.6495386121019096,0.4848880683913043,0.5,0.49122807017543857,0.7666666666666667,0.7666487110427087,0.7667487684729064,0.7666666666666666,1140.0,0.768695652173913,0.7620689655172413,0.775438596491228,570.0,0.7646017699115044,0.7714285714285715,0.7578947368421053,570.0,0.7666487110427088,0.7667487684729063,0.7666666666666667,1140.0,0.762280701754386,0.7621663234473335,0.7627862154035927,0.762280701754386,1140.0,0.7569506726457399,0.7743119266055046,0.7403508771929824,570.0,0.7673819742489271,0.7512605042016807,0.7842105263157895,570.0,0.7621663234473335,0.7627862154035926,0.762280701754386,1140.0,0.7666666666666667,0.7666487110427087,0.768695652173913,0.7646017699115044,0.7666487110427088,138.0,128.0,0.7667487684729064,0.7620689655172413,0.7714285714285715,0.7667487684729063,0.7666666666666666,0.775438596491228,0.7578947368421053,0.7666666666666667,442.0,432.0,0.762280701754386,0.7621663234473335,0.7569506726457399,0.7673819742489271,0.7621663234473335,123.0,148.0,0.7627862154035927,0.7743119266055046,0.7512605042016807,0.7627862154035926,0.5219298245614035,0.762280701754386,0.7403508771929824,0.7842105263157895,0.762280701754386,422.0,447.0,10.390625,3.992590412340666,4.0625,-6.1640625,570.0,0.5526315789473685,0.8631578947368421,0.0,3.5858288105399585,10.390625,3.992590412340666,4.0625,-6.1640625,570.0,0.5543859649122806,0.8631578947368421,0.0,3.5858288105399585,
true_pair,21,13,1.0,full,references,212ebb69e8a01cfee8a400ca2ca394cee5a2baa6edf1a67e6b0c067b62f0bc29,04d3a52a5e31c6d6147e1ad27ff811d65b48a51109e0f23edf8389739df518a7,777957b527fbf66016b0c688daf6670149d9247f4acbb5d1d1a9c08a11b46d65,bb43d0ad549b7e57213aab7dca185a96972dab5a6e0ad093afcd5ecde5eef177,/workspace/pair-aware/results_v3/bf16/true_pair/lambda_1p0/split_21/model_seed_13,True,v3,full,1,validation,f1_macro,>,closest_to_zero_then_lower,15,positive_class_equal_width,true_pair,neuralmind/bert-large-portuguese-cased,aa302f6ea73b759f7df9cad58bd272127b67ec28,bf16,256,6,2e-05,8,0.01,0.1,linear,1.0,2,f1_macro,32.0,10000,0,1,0,1,4.0,1.0,False,,,,122.96408505307045,6.43624210357666,6.74609375,2,0.7751617873651772,4,1996,1.0,2994,0,299,0.16703623986923197,15,positive_class_equal_width,0.10260952973420075,0.5299005971344704,0.4892064916204739,0.5,0.4649122807017544,0.775438596491228,0.7751617873651772,0.7768017321373337,0.775438596491228,570.0,0.7830508474576271,0.7573770491803279,0.8105263157894737,285.0,0.7672727272727272,0.7962264150943397,0.7403508771929824,285.0,0.7751617873651772,0.7768017321373337,0.775438596491228,570.0,0.787719298245614,0.787702962677953,0.787807881773399,0.787719298245614,570.0,0.7858407079646018,0.7928571428571428,0.7789473684210526,285.0,0.7895652173913044,0.7827586206896552,0.7964912280701755,285.0,0.7877029626779531,0.787807881773399,0.787719298245614,570.0,0.775438596491228,0.7751617873651772,0.7830508474576271,0.7672727272727272,0.7751617873651772,74,54,0.7768017321373337,0.7573770491803279,0.7962264150943397,0.7768017321373337,0.775438596491228,0.8105263157894737,0.7403508771929824,0.775438596491228,231,211,0.787719298245614,0.787702962677953,0.7858407079646018,0.7895652173913044,0.7877029626779531,58,63,0.787807881773399,0.7928571428571428,0.7827586206896552,0.787807881773399,0.5087719298245614,0.787719298245614,0.7789473684210526,0.7964912280701755,0.787719298245614,222,227,7.8515625,3.031688382332785,3.32470703125,-3.189453125,285,0.5614035087719298,0.8842105263157894,0,2.544070022454028,7.8515625,3.031688382332785,3.32470703125,-3.189453125,285,0.5789473684210527,0.8842105263157894,0,2.544070022454028,469,>,0.7751617873651772,validation,f1_macro,0.37011155286261094,-0.53173828125,closest_to_zero_then_lower,0.787702962677953,0.17453563533393854,15.0,positive_class_equal_width,0.11360533199998889,0.5551673422610117,0.5056001740129625,0.5,0.49473684210526314,0.7666666666666667,0.7666602029603775,0.7666962174940898,0.7666666666666666,1140.0,0.7678883071553229,0.7638888888888888,0.7719298245614035,570.0,0.7654320987654321,0.7695035460992907,0.7614035087719299,570.0,0.7666602029603775,0.7666962174940898,0.7666666666666667,1140.0,0.7736842105263158,0.7734827223969614,0.7746614609073836,0.7736842105263158,1140.0,0.7667269439421338,0.7910447761194029,0.743859649122807,570.0,0.7802385008517888,0.7582781456953642,0.8035087719298246,570.0,0.7734827223969613,0.7746614609073835,0.7736842105263158,1140.0,0.7666666666666667,0.7666602029603775,0.7678883071553229,0.7654320987654321,0.7666602029603775,136.0,130.0,0.7666962174940898,0.7638888888888888,0.7695035460992907,0.7666962174940898,0.7666666666666666,0.7719298245614035,0.7614035087719299,0.7666666666666667,440.0,434.0,0.7736842105263158,0.7734827223969614,0.7667269439421338,0.7802385008517888,0.7734827223969613,112.0,146.0,0.7746614609073836,0.7910447761194029,0.7582781456953642,0.7746614609073835,0.5298245614035088,0.7736842105263158,0.743859649122807,0.8035087719298246,0.7736842105263158,424.0,458.0,8.2421875,3.1017779032389323,3.34521484375,-7.0390625,570.0,0.5631578947368421,0.8491228070175438,2.0,2.826317300458847,8.2421875,3.1017779032389323,3.34521484375,-7.0390625,570.0,0.5771929824561404,0.8491228070175438,2.0,2.826317300458847,
true_pair,21,21,1.0,full,references,bad57a697c8a9d8d69793697cccd245e43d7960bc3762883b22cd633cdc620c7,04d3a52a5e31c6d6147e1ad27ff811d65b48a51109e0f23edf8389739df518a7,777957b527fbf66016b0c688daf6670149d9247f4acbb5d1d1a9c08a11b46d65,bb43d0ad549b7e57213aab7dca185a96972dab5a6e0ad093afcd5ecde5eef177,/workspace/pair-aware/results_v3/bf16/true_pair/lambda_1p0/split_21/model_seed_21,True,v3,full,1,validation,f1_macro,>,closest_to_zero_then_lower,15,positive_class_equal_width,true_pair,neuralmind/bert-large-portuguese-cased,aa302f6ea73b759f7df9cad58bd272127b67ec28,bf16,256,6,2e-05,8,0.01,0.1,linear,1.0,2,f1_macro,32.0,10000,0,1,0,1,4.0,1.0,False,,,,91.45904123096261,6.43624210357666,6.74609375,1,0.7568139097744361,3,1497,1.0,2994,0,299,0.1791141161077705,15,positive_class_equal_width,0.12354137555207913,0.5572848226362633,0.4447543505006438,0.5,0.43333333333333335,0.7578947368421053,0.7568139097744361,0.7625625148844963,0.7578947368421053,570.0,0.7730263157894737,0.7275541795665634,0.8245614035087719,285.0,0.7406015037593985,0.7975708502024291,0.6912280701754386,285.0,0.7568139097744361,0.7625625148844962,0.7578947368421053,570.0,0.7719298245614035,0.7715247715247715,0.7738719636945282,0.7719298245614035,570.0,0.7811447811447811,0.7508090614886731,0.8140350877192982,285.0,0.7619047619047619,0.7969348659003831,0.7298245614035088,285.0,0.7715247715247715,0.773871963694528,0.7719298245614035,570.0,0.7578947368421053,0.7568139097744361,0.7730263157894737,0.7406015037593985,0.7568139097744361,88,50,0.7625625148844963,0.7275541795665634,0.7975708502024291,0.7625625148844962,0.7578947368421053,0.8245614035087719,0.6912280701754386,0.7578947368421053,235,197,0.7719298245614035,0.7715247715247715,0.7811447811447811,0.7619047619047619,0.7715247715247715,77,53,0.7738719636945282,0.7508090614886731,0.7969348659003831,0.773871963694528,0.45789473684210524,0.7719298245614035,0.8140350877192982,0.7298245614035088,0.7719298245614035,232,208,7.5546875,2.7477100439238966,2.9619407653808594,-3.99609375,285,0.5368421052631579,0.8596491228070176,1,2.445725604207067,7.5546875,2.7477100439238966,2.9619407653808594,-3.99609375,285,0.5614035087719298,0.8596491228070176,1,2.445725604207067,464,>,0.7568139097744361,validation,f1_macro,0.4021572988590203,-0.396484375,closest_to_zero_then_lower,0.7715247715247715,0.18086982094618734,15.0,positive_class_equal_width,0.11582708590867428,0.5670286618630025,0.47197764858638536,0.5,0.46842105263157896,0.756140350877193,0.7558969239869862,0.7571661660548077,0.756140350877193,1140.0,0.7636054421768708,0.740924092409241,0.787719298245614,570.0,0.7481884057971014,0.7734082397003745,0.724561403508772,570.0,0.755896923986986,0.7571661660548077,0.756140350877193,1140.0,0.7631578947368421,0.763157165765361,0.7631611346400078,0.7631578947368421,1140.0,0.7635726795096323,0.7622377622377622,0.7649122807017544,570.0,0.7627416520210897,0.7640845070422535,0.7614035087719299,570.0,0.7631571657653611,0.7631611346400078,0.7631578947368421,1140.0,0.756140350877193,0.7558969239869862,0.7636054421768708,0.7481884057971014,0.755896923986986,157.0,121.0,0.7571661660548077,0.740924092409241,0.7734082397003745,0.7571661660548077,0.756140350877193,0.787719298245614,0.724561403508772,0.756140350877193,449.0,413.0,0.7631578947368421,0.763157165765361,0.7635726795096323,0.7627416520210897,0.7631571657653611,136.0,134.0,0.7631611346400078,0.7622377622377622,0.7640845070422535,0.7631611346400078,0.4982456140350877,0.7631578947368421,0.7649122807017544,0.7614035087719299,0.7631578947368421,436.0,434.0,7.75,2.824590729830558,2.96923828125,-5.6953125,570.0,0.5403508771929825,0.8578947368421053,1.0,2.6101800831929083,7.75,2.824590729830558,2.96923828125,-5.6953125,570.0,0.5543859649122806,0.8578947368421053,1.0,2.6101800831929083,
true_pair,21,40,1.0,full,references,077ef4f82b18811ecef9f6a1e1df3acfbec13d3a05afa44254f39ac91a864829,04d3a52a5e31c6d6147e1ad27ff811d65b48a51109e0f23edf8389739df518a7,777957b527fbf66016b0c688daf6670149d9247f4acbb5d1d1a9c08a11b46d65,bb43d0ad549b7e57213aab7dca185a96972dab5a6e0ad093afcd5ecde5eef177,/workspace/pair-aware/results_v3/bf16/true_pair/lambda_1p0/split_21/model_seed_40,True,v3,full,1,validation,f1_macro,>,closest_to_zero_then_lower,15,positive_class_equal_width,true_pair,neuralmind/bert-large-portuguese-cased,aa302f6ea73b759f7df9cad58bd272127b67ec28,bf16,256,6,2e-05,8,0.01,0.1,linear,1.0,2,f1_macro,32.0,10000,0,1,0,1,4.0,1.0,False,,,,180.58077130594756,6.43624210357666,6.74609375,4,0.7730128203149358,6,2994,1.0,2994,0,299,0.21426339601259645,15,positive_class_equal_width,0.2157165991842689,1.1892175965118994,0.44152237415875917,0.5,0.4456140350877193,0.7736842105263158,0.7730128203149358,0.7769610286056015,0.7736842105263158,570.0,0.7853577371048253,0.7468354430379747,0.8280701754385965,285.0,0.7606679035250464,0.8070866141732284,0.7192982456140351,285.0,0.7730128203149358,0.7769610286056015,0.7736842105263158,570.0,0.7824561403508772,0.7824561403508772,0.7824561403508772,0.7824561403508772,570.0,0.7824561403508772,0.7824561403508772,0.7824561403508772,285.0,0.7824561403508772,0.7824561403508772,0.7824561403508772,285.0,0.7824561403508772,0.7824561403508772,0.7824561403508772,570.0,0.7736842105263158,0.7730128203149358,0.7853577371048253,0.7606679035250464,0.7730128203149358,80,49,0.7769610286056015,0.7468354430379747,0.8070866141732284,0.7769610286056015,0.7736842105263158,0.8280701754385965,0.7192982456140351,0.7736842105263158,236,205,0.7824561403508772,0.7824561403508772,0.7824561403508772,0.7824561403508772,0.7824561403508772,62,62,0.7824561403508772,0.7824561403508772,0.7824561403508772,0.7824561403508772,0.5,0.7824561403508772,0.7824561403508772,0.7824561403508772,0.7824561403508772,223,223,14.578125,6.856626704701206,8.10546875,-13.84375,285,0.5649122807017544,0.8596491228070176,1,6.07540498989766,14.578125,6.856626704701206,8.10546875,-13.84375,285,0.5789473684210527,0.8596491228070176,1,6.07540498989766,341,>,0.7730128203149358,validation,f1_macro,0.022629200033037252,-3.765625,closest_to_zero_then_lower,0.7824561403508772,0.21859574636882223,15.0,positive_class_equal_width,0.21654101676109852,1.1643388511003254,0.4771953653969951,0.5,0.47543859649122805,0.7614035087719299,0.7612594855622351,0.7620358143380765,0.7614035087719297,1140.0,0.7671232876712328,0.7491638795986622,0.7859649122807018,570.0,0.7553956834532374,0.7749077490774908,0.7368421052631579,570.0,0.7612594855622351,0.7620358143380765,0.7614035087719299,1140.0,0.7587719298245614,0.7580792651165733,0.7617699164640279,0.7587719298245614,1140.0,0.7451343836886005,0.7897838899803536,0.7052631578947368,570.0,0.7710241465445462,0.7337559429477021,0.8122807017543859,570.0,0.7580792651165734,0.7617699164640279,0.7587719298245614,1140.0,0.7614035087719299,0.7612594855622351,0.7671232876712328,0.7553956834532374,0.7612594855622351,150.0,122.0,0.7620358143380765,0.7491638795986622,0.7749077490774908,0.7620358143380765,0.7614035087719297,0.7859649122807018,0.7368421052631579,0.7614035087719299,448.0,420.0,0.7587719298245614,0.7580792651165733,0.7451343836886005,0.7710241465445462,0.7580792651165734,107.0,168.0,0.7617699164640279,0.7897838899803536,0.7337559429477021,0.7617699164640279,0.5535087719298246,0.7587719298245614,0.7052631578947368,0.8122807017543859,0.7587719298245614,402.0,463.0,14.796875,6.782416628118147,8.3798828125,-13.765625,570.0,0.5561403508771929,0.8368421052631579,5.0,6.355352099651945,14.796875,6.782416628118147,8.3798828125,-13.765625,570.0,0.5526315789473685,0.8368421052631579,5.0,6.355352099651945,
true_pair,21,42,1.0,full,references,2687643b1a9f69cebbfb35f68ef111ef27d7889f8c608faddfe149882b335ff9,04d3a52a5e31c6d6147e1ad27ff811d65b48a51109e0f23edf8389739df518a7,777957b527fbf66016b0c688daf6670149d9247f4acbb5d1d1a9c08a11b46d65,bb43d0ad549b7e57213aab7dca185a96972dab5a6e0ad093afcd5ecde5eef177,/workspace/pair-aware/results_v3/bf16/true_pair/lambda_1p0/split_21/model_seed_42,True,v3,full,1,validation,f1_macro,>,closest_to_zero_then_lower,15,positive_class_equal_width,true_pair,neuralmind/bert-large-portuguese-cased,aa302f6ea73b759f7df9cad58bd272127b67ec28,bf16,256,6,2e-05,8,0.01,0.1,linear,1.0,2,f1_macro,32.0,10000,0,1,0,1,4.0,1.0,False,,,,150.87902175006457,6.43624210357666,6.74609375,3,0.7664775478280301,5,2495,1.0,2994,0,299,0.21309043883927395,15,positive_class_equal_width,0.20361927860678616,0.9717279927916589,0.41156805145527914,0.5,0.4087719298245614,0.7684210526315789,0.7664775478280301,0.7776645738082806,0.7684210526315789,570.0,0.7877813504823151,0.7270029673590505,0.8596491228070176,285.0,0.7451737451737451,0.8283261802575107,0.6771929824561403,285.0,0.7664775478280301,0.7776645738082806,0.7684210526315789,570.0,0.7736842105263158,0.7730968743346118,0.7765475716560509,0.7736842105263158,570.0,0.7846410684474123,0.7484076433121019,0.8245614035087719,285.0,0.7615526802218114,0.8046875,0.7228070175438597,285.0,0.7730968743346119,0.7765475716560509,0.7736842105263158,570.0,0.7684210526315789,0.7664775478280301,0.7877813504823151,0.7451737451737451,0.7664775478280301,92,40,0.7776645738082806,0.7270029673590505,0.8283261802575107,0.7776645738082806,0.7684210526315789,0.8596491228070176,0.6771929824561403,0.7684210526315789,245,193,0.7736842105263158,0.7730968743346118,0.7846410684474123,0.7615526802218114,0.7730968743346119,79,50,0.7765475716560509,0.7484076433121019,0.8046875,0.7765475716560509,0.44912280701754387,0.7736842105263158,0.8245614035087719,0.7228070175438597,0.7736842105263158,235,206,14.0,5.507700923451206,6.00390625,-7.765625,285,0.5508771929824562,0.8596491228070176,1,4.917734827936509,14.0,5.507700923451206,6.00390625,-7.765625,285,0.5614035087719298,0.8596491228070176,1,4.917734827936509,418,>,0.7664775478280301,validation,f1_macro,0.17441027833079015,-1.5546875,closest_to_zero_then_lower,0.7730968743346118,0.20835815861103182,15.0,positive_class_equal_width,0.19598336555515591,0.9032812320098096,0.4436903402866617,0.5,0.44035087719298244,0.7578947368421053,0.7570302461203915,0.7616181043849679,0.7578947368421052,1140.0,0.7715231788079471,0.7304075235109718,0.8175438596491228,570.0,0.7425373134328358,0.7928286852589641,0.6982456140350877,570.0,0.7570302461203914,0.7616181043849679,0.7578947368421053,1140.0,0.7614035087719299,0.7613917582891123,0.761455011144085,0.7614035087719297,1140.0,0.7630662020905923,0.7577854671280276,0.7684210526315789,570.0,0.7597173144876325,0.7651245551601423,0.7543859649122807,570.0,0.7613917582891124,0.761455011144085,0.7614035087719299,1140.0,0.7578947368421053,0.7570302461203915,0.7715231788079471,0.7425373134328358,0.7570302461203914,172.0,104.0,0.7616181043849679,0.7304075235109718,0.7928286852589641,0.7616181043849679,0.7578947368421052,0.8175438596491228,0.6982456140350877,0.7578947368421053,466.0,398.0,0.7614035087719299,0.7613917582891123,0.7630662020905923,0.7597173144876325,0.7613917582891124,140.0,132.0,0.761455011144085,0.7577854671280276,0.7651245551601423,0.761455011144085,0.49298245614035086,0.7614035087719297,0.7684210526315789,0.7543859649122807,0.7614035087719299,438.0,430.0,13.90625,5.617997072454084,6.240234375,-11.375,570.0,0.543859649122807,0.8526315789473684,0.0,5.107634296279798,13.90625,5.617997072454084,6.240234375,-11.375,570.0,0.5578947368421052,0.8526315789473684,0.0,5.107634296279798,
true_pair,21,73,1.0,full,references,34c32d4505257bf70763d8389353875985d3932bc4361a25fd28ddd6637ccd2e,04d3a52a5e31c6d6147e1ad27ff811d65b48a51109e0f23edf8389739df518a7,777957b527fbf66016b0c688daf6670149d9247f4acbb5d1d1a9c08a11b46d65,bb43d0ad549b7e57213aab7dca185a96972dab5a6e0ad093afcd5ecde5eef177,/workspace/pair-aware/results_v3/bf16/true_pair/lambda_1p0/split_21/model_seed_73,True,v3,full,1,validation,f1_macro,>,closest_to_zero_then_lower,15,positive_class_equal_width,true_pair,neuralmind/bert-large-portuguese-cased,aa302f6ea73b759f7df9cad58bd272127b67ec28,bf16,256,6,2e-05,8,0.01,0.1,linear,1.0,2,f1_macro,32.0,10000,0,1,0,1,4.0,1.0,False,,,,179.90490055503324,6.43624210357666,6.74609375,4,0.7788139351532473,6,2994,1.0,2994,0,299,0.20418983290968845,15,positive_class_equal_width,0.1990869693416987,1.1155065045520332,0.47286937104485716,0.5,0.47543859649122805,0.7789473684210526,0.7788139351532473,0.779622110602377,0.7789473684210526,570.0,0.7842465753424658,0.7658862876254181,0.8035087719298246,285.0,0.7733812949640287,0.7933579335793358,0.7543859649122807,285.0,0.7788139351532473,0.7796221106023771,0.7789473684210526,570.0,0.7929824561403509,0.7929595153664302,0.7931123674389388,0.7929824561403509,570.0,0.7907801418439716,0.7992831541218638,0.7824561403508772,285.0,0.7951388888888888,0.7869415807560137,0.8035087719298246,285.0,0.7929595153664303,0.7931123674389386,0.7929824561403509,570.0,0.7789473684210526,0.7788139351532473,0.7842465753424658,0.7733812949640287,0.7788139351532473,70,56,0.779622110602377,0.7658862876254181,0.7933579335793358,0.7796221106023771,0.7789473684210526,0.8035087719298246,0.7543859649122807,0.7789473684210526,229,215,0.7929824561403509,0.7929595153664302,0.7907801418439716,0.7951388888888888,0.7929595153664303,56,62,0.7931123674389388,0.7992831541218638,0.7869415807560137,0.7931123674389386,0.5105263157894737,0.7929824561403509,0.7824561403508772,0.8035087719298246,0.7929824561403509,223,229,15.625,7.561037083675987,9.44140625,-12.796875,285,0.5824561403508772,0.8596491228070176,0,6.416205168462246,15.625,7.561037083675987,9.44140625,-12.796875,285,0.6,0.8596491228070176,0,6.416205168462246,381,>,0.7788139351532473,validation,f1_macro,0.07531230632362355,-2.5078125,closest_to_zero_then_lower,0.7929595153664302,0.20723784723507183,15.0,positive_class_equal_width,0.19967814580764198,1.140268660084861,0.5065183996226533,0.5,0.5070175438596491,0.775438596491228,0.7754275372132822,0.7754928640914185,0.775438596491228,1140.0,0.773851590106007,0.7793594306049823,0.7684210526315789,570.0,0.7770034843205574,0.7716262975778547,0.7824561403508772,570.0,0.7754275372132822,0.7754928640914185,0.775438596491228,1140.0,0.7763157894736842,0.7757939185932168,0.7789126213592232,0.7763157894736843,1140.0,0.7649769585253456,0.8058252427184466,0.7280701754385965,570.0,0.7866108786610879,0.752,0.8245614035087719,570.0,0.7757939185932167,0.7789126213592232,0.7763157894736842,1140.0,0.775438596491228,0.7754275372132822,0.773851590106007,0.7770034843205574,0.7754275372132822,124.0,132.0,0.7754928640914185,0.7793594306049823,0.7716262975778547,0.7754928640914185,0.775438596491228,0.7684210526315789,0.7824561403508772,0.775438596491228,438.0,446.0,0.7763157894736842,0.7757939185932168,0.7649769585253456,0.7866108786610879,0.7757939185932167,100.0,155.0,0.7789126213592232,0.8058252427184466,0.752,0.7789126213592232,0.5482456140350878,0.7763157894736843,0.7280701754385965,0.8245614035087719,0.7763157894736842,415.0,470.0,15.703125,7.426360093501576,9.6953125,-13.78125,570.0,0.5877192982456141,0.8649122807017544,2.0,6.554871513525298,15.703125,7.426360093501576,9.6953125,-13.78125,570.0,0.5824561403508772,0.8649122807017544,2.0,6.554871513525298,
true_pair,21,101,1.0,full,references,da7a5d5f1e825e5a44d593685115db8341bf52c4bca6a9be7b243e30b6be7dbd,04d3a52a5e31c6d6147e1ad27ff811d65b48a51109e0f23edf8389739df518a7,777957b527fbf66016b0c688daf6670149d9247f4acbb5d1d1a9c08a11b46d65,bb43d0ad549b7e57213aab7dca185a96972dab5a6e0ad093afcd5ecde5eef177,/workspace/pair-aware/results_v3/bf16/true_pair/lambda_1p0/split_21/model_seed_101,True,v3,full,1,validation,f1_macro,>,closest_to_zero_then_lower,15,positive_class_equal_width,true_pair,neuralmind/bert-large-portuguese-cased,aa302f6ea73b759f7df9cad58bd272127b67ec28,bf16,256,6,2e-05,8,0.01,0.1,linear,1.0,2,f1_macro,32.0,10000,0,1,0,1,4.0,1.0,False,,,,150.86074206302874,6.43624210357666,6.74609375,3,0.7762501893172524,5,2495,1.0,2994,0,299,0.20016495147684044,15,positive_class_equal_width,0.18824729725266431,0.9129622968620269,0.4300154853585035,0.5,0.43508771929824563,0.7771929824561403,0.7762501893172524,0.7819450010018032,0.7771929824561403,570.0,0.7907742998352554,0.7453416149068323,0.8421052631578947,285.0,0.7617260787992496,0.8185483870967742,0.712280701754386,285.0,0.7762501893172525,0.7819450010018033,0.7771929824561403,570.0,0.7842105263157895,0.7841567149704913,0.7844942324755989,0.7842105263157895,570.0,0.7807486631016043,0.7934782608695652,0.7684210526315789,285.0,0.7875647668393783,0.7755102040816326,0.8,285.0,0.7841567149704913,0.7844942324755989,0.7842105263157895,570.0,0.7771929824561403,0.7762501893172524,0.7907742998352554,0.7617260787992496,0.7762501893172525,82,45,0.7819450010018032,0.7453416149068323,0.8185483870967742,0.7819450010018033,0.7771929824561403,0.8421052631578947,0.712280701754386,0.7771929824561403,240,203,0.7842105263157895,0.7841567149704913,0.7807486631016043,0.7875647668393783,0.7841567149704913,57,66,0.7844942324755989,0.7934782608695652,0.7755102040816326,0.7844942324755989,0.5157894736842106,0.7842105263157895,0.7684210526315789,0.8,0.7842105263157895,219,228,14.328125,6.057470703125,6.51171875,-7.7109375,285,0.5649122807017544,0.8631578947368421,0,5.113162109702611,14.328125,6.057470703125,6.51171875,-7.7109375,285,0.5894736842105263,0.8631578947368421,0,5.113162109702611,409,>,0.7762501893172524,validation,f1_macro,0.05320620747238809,-2.87890625,closest_to_zero_then_lower,0.7841567149704913,0.19959268479725142,15.0,positive_class_equal_width,0.18695052627343242,0.899698180357783,0.46246602035027573,0.5,0.45964912280701753,0.7684210526315789,0.7680433824232129,0.7701806781005254,0.7684210526315789,1140.0,0.7774030354131535,0.7483766233766234,0.8087719298245614,570.0,0.7586837294332724,0.7919847328244275,0.7280701754385965,570.0,0.768043382423213,0.7701806781005255,0.7684210526315789,1140.0,0.7666666666666667,0.7659289357655399,0.7700714454931983,0.7666666666666666,1140.0,0.7527881040892194,0.8003952569169961,0.7105263157894737,570.0,0.7790697674418605,0.7397476340694006,0.8228070175438597,570.0,0.7659289357655399,0.7700714454931983,0.7666666666666667,1140.0,0.7684210526315789,0.7680433824232129,0.7774030354131535,0.7586837294332724,0.768043382423213,155.0,109.0,0.7701806781005254,0.7483766233766234,0.7919847328244275,0.7701806781005255,0.7684210526315789,0.8087719298245614,0.7280701754385965,0.7684210526315789,461.0,415.0,0.7666666666666667,0.7659289357655399,0.7527881040892194,0.7790697674418605,0.7659289357655399,101.0,165.0,0.7700714454931983,0.8003952569169961,0.7397476340694006,0.7700714454931983,0.5561403508771929,0.7666666666666666,0.7105263157894737,0.8228070175438597,0.7666666666666667,405.0,469.0,14.265625,6.155179769951,6.980712890625,-12.546875,570.0,0.5666666666666667,0.8473684210526315,1.0,5.515281460266396,14.265625,6.155179769951,6.980712890625,-12.546875,570.0,0.5614035087719298,0.8473684210526315,1.0,5.515281460266396,
true_pair,40,13,1.0,full,references,886b455554f3b8719a1cad2a81dee181b1ef4622e15308c3da393c62bc1c02af,04d3a52a5e31c6d6147e1ad27ff811d65b48a51109e0f23edf8389739df518a7,b2e2614b0656a7a0d7d5d9032d1d7dee6b4f06a99bd8a2de8f0649da271d2bdd,bb43d0ad549b7e57213aab7dca185a96972dab5a6e0ad093afcd5ecde5eef177,/workspace/pair-aware/results_v3/bf16/true_pair/lambda_1p0/split_40/model_seed_13,True,v3,full,1,validation,f1_macro,>,closest_to_zero_then_lower,15,positive_class_equal_width,true_pair,neuralmind/bert-large-portuguese-cased,aa302f6ea73b759f7df9cad58bd272127b67ec28,bf16,256,6,2e-05,8,0.01,0.1,linear,1.0,2,f1_macro,32.0,10000,0,1,0,1,4.0,1.0,False,,,,182.24916953593493,6.43624210357666,6.74609375,5,0.753791852299794,6,2994,1.0,2994,0,299,0.2338423690786412,15,positive_class_equal_width,0.23472934468833337,1.5149804076279512,0.44498689396053265,0.5,0.45087719298245615,0.7543859649122807,0.753791852299794,0.7568652801432105,0.7543859649122807,570.0,0.7658862876254181,0.731629392971246,0.8035087719298246,285.0,0.7416974169741697,0.7821011673151751,0.7052631578947368,285.0,0.753791852299794,0.7568652801432105,0.7543859649122807,570.0,0.7649122807017544,0.7646776101745045,0.7659732265361368,0.7649122807017543,570.0,0.7721088435374149,0.7491749174917491,0.7964912280701755,285.0,0.7572463768115942,0.7827715355805244,0.7333333333333333,285.0,0.7646776101745046,0.7659732265361366,0.7649122807017544,570.0,0.7543859649122807,0.753791852299794,0.7658862876254181,0.7416974169741697,0.753791852299794,84,56,0.7568652801432105,0.731629392971246,0.7821011673151751,0.7568652801432105,0.7543859649122807,0.8035087719298246,0.7052631578947368,0.7543859649122807,229,201,0.7649122807017544,0.7646776101745045,0.7721088435374149,0.7572463768115942,0.7646776101745046,76,58,0.7659732265361368,0.7491749174917491,0.7827715355805244,0.7659732265361366,0.46842105263157896,0.7649122807017543,0.7964912280701755,0.7333333333333333,0.7649122807017544,227,209,18.09375,7.446982293379934,8.875,-14.046875,285,0.5263157894736842,0.8315789473684211,1,7.201737529248718,18.09375,7.446982293379934,8.875,-14.046875,285,0.5473684210526316,0.8315789473684211,1,7.201737529248718,375,>,0.753791852299794,validation,f1_macro,0.08449275397500923,-2.3828125,closest_to_zero_then_lower,0.7646776101745045,0.22616637570190828,15.0,positive_class_equal_width,0.22136117431356628,1.4052492355709802,0.4390629854282675,0.5,0.44035087719298244,0.7631578947368421,0.7623121972916873,0.7669572493724163,0.763157894736842,1140.0,0.7764900662251656,0.7351097178683386,0.8228070175438597,570.0,0.7481343283582089,0.798804780876494,0.7035087719298245,570.0,0.7623121972916873,0.7669572493724163,0.7631578947368421,1140.0,0.7631578947368421,0.7628944441191967,0.7643327067669172,0.7631578947368421,1140.0,0.7707979626485568,0.7467105263157895,0.7964912280701755,570.0,0.7549909255898367,0.7819548872180451,0.7298245614035088,570.0,0.7628944441191967,0.7643327067669172,0.7631578947368421,1140.0,0.7631578947368421,0.7623121972916873,0.7764900662251656,0.7481343283582089,0.7623121972916873,169.0,101.0,0.7669572493724163,0.7351097178683386,0.798804780876494,0.7669572493724163,0.763157894736842,0.8228070175438597,0.7035087719298245,0.7631578947368421,469.0,401.0,0.7631578947368421,0.7628944441191967,0.7707979626485568,0.7549909255898367,0.7628944441191967,154.0,116.0,0.7643327067669172,0.7467105263157895,0.7819548872180451,0.7643327067669172,0.4666666666666667,0.7631578947368421,0.7964912280701755,0.7298245614035088,0.7631578947368421,454.0,416.0,18.3125,7.925299125805235,9.328125,-15.3125,570.0,0.5561403508771929,0.8491228070175438,1.0,7.4572860450996945,18.3125,7.925299125805235,9.328125,-15.3125,570.0,0.5578947368421052,0.8491228070175438,1.0,7.4572860450996945,
true_pair,40,21,1.0,full,references,d67796dc173b9536302f017c1f3ced2a65ba37e60697e2e6e0a34728d8232e34,04d3a52a5e31c6d6147e1ad27ff811d65b48a51109e0f23edf8389739df518a7,b2e2614b0656a7a0d7d5d9032d1d7dee6b4f06a99bd8a2de8f0649da271d2bdd,bb43d0ad549b7e57213aab7dca185a96972dab5a6e0ad093afcd5ecde5eef177,/workspace/pair-aware/results_v3/bf16/true_pair/lambda_1p0/split_40/model_seed_21,True,v3,full,1,validation,f1_macro,>,closest_to_zero_then_lower,15,positive_class_equal_width,true_pair,neuralmind/bert-large-portuguese-cased,aa302f6ea73b759f7df9cad58bd272127b67ec28,bf16,256,6,2e-05,8,0.01,0.1,linear,1.0,2,f1_macro,32.0,10000,0,1,0,1,4.0,1.0,False,,,,180.5011331109563,6.43624210357666,6.74609375,6,0.7372369817368409,6,2994,1.0,2994,0,299,0.24785954527315987,15,positive_class_equal_width,0.24763946340199772,1.6580332206875041,0.4259955288300572,0.5,0.4280701754385965,0.7385964912280701,0.7372369817368409,0.7436387408226893,0.7385964912280701,570.0,0.7561374795417348,0.7085889570552147,0.8105263157894737,285.0,0.718336483931947,0.7786885245901639,0.6666666666666666,285.0,0.737236981736841,0.7436387408226893,0.7385964912280701,570.0,0.7649122807017544,0.7644947644947645,0.7668043001153145,0.7649122807017543,570.0,0.7545787545787546,0.789272030651341,0.7228070175438597,285.0,0.7744107744107744,0.7443365695792881,0.8070175438596491,285.0,0.7644947644947645,0.7668043001153145,0.7649122807017544,570.0,0.7385964912280701,0.7372369817368409,0.7561374795417348,0.718336483931947,0.737236981736841,95,54,0.7436387408226893,0.7085889570552147,0.7786885245901639,0.7436387408226893,0.7385964912280701,0.8105263157894737,0.6666666666666666,0.7385964912280701,231,190,0.7649122807017544,0.7644947644947645,0.7545787545787546,0.7744107744107744,0.7644947644947645,55,79,0.7668043001153145,0.789272030651341,0.7443365695792881,0.7668043001153145,0.5421052631578948,0.7649122807017543,0.7228070175438597,0.8070175438596491,0.7649122807017544,206,230,18.59375,7.601699936180784,7.681640625,-14.90625,285,0.5052631578947369,0.7894736842105263,3,7.682444564624003,18.59375,7.601699936180784,7.681640625,-14.90625,285,0.5543859649122806,0.7894736842105263,3,7.682444564624003,339,>,0.7372369817368409,validation,f1_macro,0.0015247863912257495,-6.484375,closest_to_zero_then_lower,0.7644947644947645,0.22819921892703146,15.0,positive_class_equal_width,0.22666077738803875,1.521739074277868,0.43241926186999285,0.5,0.43333333333333335,0.756140350877193,0.7550516917293233,0.7607763753274589,0.756140350877193,1140.0,0.7713815789473685,0.7260061919504643,0.8228070175438597,570.0,0.7387218045112782,0.7955465587044535,0.6894736842105263,570.0,0.7550516917293234,0.7607763753274589,0.756140350877193,1140.0,0.7675438596491229,0.7671810877983931,0.7692218350754936,0.7675438596491229,1140.0,0.7579908675799086,0.7904761904761904,0.7280701754385965,570.0,0.7763713080168776,0.7479674796747967,0.8070175438596491,570.0,0.7671810877983932,0.7692218350754936,0.7675438596491229,1140.0,0.756140350877193,0.7550516917293233,0.7713815789473685,0.7387218045112782,0.7550516917293234,177.0,101.0,0.7607763753274589,0.7260061919504643,0.7955465587044535,0.7607763753274589,0.756140350877193,0.8228070175438597,0.6894736842105263,0.756140350877193,469.0,393.0,0.7675438596491229,0.7671810877983931,0.7579908675799086,0.7763713080168776,0.7671810877983932,110.0,155.0,0.7692218350754936,0.7904761904761904,0.7479674796747967,0.7692218350754936,0.5394736842105263,0.7675438596491229,0.7280701754385965,0.8070175438596491,0.7675438596491229,415.0,460.0,18.46875,8.26921172560307,10.291015625,-17.75,570.0,0.5421052631578948,0.8210526315789474,4.0,8.006849168190495,18.46875,8.26921172560307,10.291015625,-17.75,570.0,0.5649122807017544,0.8210526315789474,4.0,8.006849168190495,
true_pair,40,40,1.0,full,references,2238008ac7c23732f11fd0c559bd648b6597e18f6009a2e634c42ba7d3bd218f,04d3a52a5e31c6d6147e1ad27ff811d65b48a51109e0f23edf8389739df518a7,b2e2614b0656a7a0d7d5d9032d1d7dee6b4f06a99bd8a2de8f0649da271d2bdd,bb43d0ad549b7e57213aab7dca185a96972dab5a6e0ad093afcd5ecde5eef177,/workspace/pair-aware/results_v3/bf16/true_pair/lambda_1p0/split_40/model_seed_40,True,v3,full,1,validation,f1_macro,>,closest_to_zero_then_lower,15,positive_class_equal_width,true_pair,neuralmind/bert-large-portuguese-cased,aa302f6ea73b759f7df9cad58bd272127b67ec28,bf16,256,6,2e-05,8,0.01,0.1,linear,1.0,2,f1_macro,32.0,10000,0,1,0,1,4.0,1.0,False,,,,180.54102582205087,6.43624210357666,6.74609375,5,0.7288598398734802,6,2994,1.0,2994,0,299,0.2626238291466997,15,positive_class_equal_width,0.2621773282745247,1.7779450284096046,0.4378490971486029,0.5,0.44035087719298244,0.7298245614035088,0.7288598398734802,0.7331426644519102,0.7298245614035088,570.0,0.7450331125827815,0.7053291536050157,0.7894736842105263,285.0,0.7126865671641791,0.7609561752988048,0.6701754385964912,285.0,0.7288598398734802,0.7331426644519102,0.7298245614035088,570.0,0.7368421052631579,0.736517719568567,0.7380142282709559,0.7368421052631579,570.0,0.7272727272727273,0.7547169811320755,0.7017543859649122,285.0,0.7457627118644068,0.7213114754098361,0.7719298245614035,285.0,0.736517719568567,0.7380142282709558,0.7368421052631579,570.0,0.7298245614035088,0.7288598398734802,0.7450331125827815,0.7126865671641791,0.7288598398734802,94,60,0.7331426644519102,0.7053291536050157,0.7609561752988048,0.7331426644519102,0.7298245614035088,0.7894736842105263,0.6701754385964912,0.7298245614035088,225,191,0.7368421052631579,0.736517719568567,0.7272727272727273,0.7457627118644068,0.736517719568567,65,85,0.7380142282709559,0.7547169811320755,0.7213114754098361,0.7380142282709558,0.5350877192982456,0.7368421052631579,0.7017543859649122,0.7719298245614035,0.7368421052631579,200,220,18.8125,7.45741759183114,5.4921875,-16.515625,285,0.4842105263157895,0.8070175438596491,0,8.13840982216297,18.8125,7.45741759183114,5.4921875,-16.515625,285,0.5052631578947369,0.8070175438596491,0,8.13840982216297,342,>,0.7288598398734802,validation,f1_macro,0.002359660682063044,-6.046875,closest_to_zero_then_lower,0.736517719568567,0.23029906350730964,15.0,positive_class_equal_width,0.22853449016574623,1.5097885050516775,0.4485038559603407,0.5,0.45087719298245615,0.756140350877193,0.755550481926224,0.7586367648338534,0.7561403508771929,1140.0,0.7675585284280937,0.7332268370607029,0.8052631578947368,570.0,0.7435424354243543,0.7840466926070039,0.7070175438596491,570.0,0.755550481926224,0.7586367648338533,0.756140350877193,1140.0,0.7657894736842106,0.7652821464677038,0.7681074603140107,0.7657894736842106,1140.0,0.7543698252069917,0.793036750483559,0.7192982456140351,570.0,0.7761944677284157,0.7431781701444623,0.8122807017543859,570.0,0.7652821464677038,0.7681074603140107,0.7657894736842106,1140.0,0.756140350877193,0.755550481926224,0.7675585284280937,0.7435424354243543,0.755550481926224,167.0,111.0,0.7586367648338534,0.7332268370607029,0.7840466926070039,0.7586367648338533,0.7561403508771929,0.8052631578947368,0.7070175438596491,0.756140350877193,459.0,403.0,0.7657894736842106,0.7652821464677038,0.7543698252069917,0.7761944677284157,0.7652821464677038,107.0,160.0,0.7681074603140107,0.793036750483559,0.7431781701444623,0.7681074603140107,0.5464912280701755,0.7657894736842106,0.7192982456140351,0.8122807017543859,0.7657894736842106,410.0,463.0,18.9375,8.348765537195039,9.92578125,-17.4375,570.0,0.5456140350877193,0.8666666666666667,2.0,7.894351058335185,18.9375,8.348765537195039,9.92578125,-17.4375,570.0,0.5561403508771929,0.8666666666666667,2.0,7.894351058335185,
true_pair,40,42,1.0,full,references,d59427de3f2009b6bbe818f1bfaa61fd410a479ca0fc39b991ca4217cefe68b6,04d3a52a5e31c6d6147e1ad27ff811d65b48a51109e0f23edf8389739df518a7,b2e2614b0656a7a0d7d5d9032d1d7dee6b4f06a99bd8a2de8f0649da271d2bdd,bb43d0ad549b7e57213aab7dca185a96972dab5a6e0ad093afcd5ecde5eef177,/workspace/pair-aware/results_v3/bf16/true_pair/lambda_1p0/split_40/model_seed_42,True,v3,full,1,validation,f1_macro,>,closest_to_zero_then_lower,15,positive_class_equal_width,true_pair,neuralmind/bert-large-portuguese-cased,aa302f6ea73b759f7df9cad58bd272127b67ec28,bf16,256,6,2e-05,8,0.01,0.1,linear,1.0,2,f1_macro,32.0,10000,0,1,0,1,4.0,1.0,False,,,,150.91308801597916,6.43624210357666,6.74609375,3,0.7488994519594222,5,2495,1.0,2994,0,299,0.2238401490844451,15,positive_class_equal_width,0.2079750302622702,0.946278138428575,0.5317098798423527,0.5,0.5298245614035088,0.7491228070175439,0.7488994519594222,0.7500123554413364,0.7491228070175439,570.0,0.7414104882459313,0.7649253731343284,0.7192982456140351,285.0,0.7563884156729132,0.7350993377483444,0.7789473684210526,285.0,0.7488994519594221,0.7500123554413363,0.7491228070175439,570.0,0.7508771929824561,0.7505701078582434,0.7521187751314569,0.7508771929824561,570.0,0.7418181818181818,0.769811320754717,0.7157894736842105,285.0,0.7593220338983051,0.7344262295081967,0.7859649122807018,285.0,0.7505701078582434,0.7521187751314569,0.7508771929824561,570.0,0.7491228070175439,0.7488994519594222,0.7414104882459313,0.7563884156729132,0.7488994519594221,63,80,0.7500123554413364,0.7649253731343284,0.7350993377483444,0.7500123554413363,0.7491228070175439,0.7192982456140351,0.7789473684210526,0.7491228070175439,205,222,0.7508771929824561,0.7505701078582434,0.7418181818181818,0.7593220338983051,0.7505701078582434,61,81,0.7521187751314569,0.769811320754717,0.7344262295081967,0.7521187751314569,0.5350877192982456,0.7508771929824561,0.7157894736842105,0.7859649122807018,0.7508771929824561,204,224,13.28125,4.930409213952851,4.51953125,-8.6171875,285,0.519298245614035,0.8280701754385965,1,4.916636465270625,13.28125,4.930409213952851,4.51953125,-8.6171875,285,0.519298245614035,0.8280701754385965,1,4.916636465270625,427,>,0.7488994519594222,validation,f1_macro,0.4580153550222089,-0.1683349609375,closest_to_zero_then_lower,0.7505701078582434,0.21329779141538527,15.0,positive_class_equal_width,0.19886219493559637,0.8842932784534095,0.5324757195813207,0.5,0.5333333333333333,0.7543859649122807,0.7541127568643522,0.7555216165413534,0.7543859649122807,1140.0,0.7459165154264973,0.7725563909774437,0.7210526315789474,570.0,0.7623089983022071,0.7384868421052632,0.787719298245614,570.0,0.7541127568643522,0.7555216165413534,0.7543859649122807,1140.0,0.7578947368421053,0.7575335371868219,0.759440680695062,0.7578947368421053,1140.0,0.7481751824817519,0.779467680608365,0.7192982456140351,570.0,0.7668918918918919,0.739413680781759,0.7964912280701755,570.0,0.7575335371868218,0.759440680695062,0.7578947368421053,1140.0,0.7543859649122807,0.7541127568643522,0.7459165154264973,0.7623089983022071,0.7541127568643522,121.0,159.0,0.7555216165413534,0.7725563909774437,0.7384868421052632,0.7555216165413534,0.7543859649122807,0.7210526315789474,0.787719298245614,0.7543859649122807,411.0,449.0,0.7578947368421053,0.7575335371868219,0.7481751824817519,0.7668918918918919,0.7575335371868218,116.0,160.0,0.759440680695062,0.779467680608365,0.739413680781759,0.759440680695062,0.5385964912280702,0.7578947368421053,0.7192982456140351,0.7964912280701755,0.7578947368421053,410.0,454.0,13.375,5.326446372584293,6.189453125,-10.125,570.0,0.5403508771929825,0.8543859649122807,2.0,4.923068556911758,13.375,5.326446372584293,6.189453125,-10.125,570.0,0.5473684210526316,0.8543859649122807,2.0,4.923068556911758,
true_pair,40,73,1.0,full,references,da9146d4b164327ba38689dc47dc70e2a4421ad119d112505a0d179e7453ec0f,04d3a52a5e31c6d6147e1ad27ff811d65b48a51109e0f23edf8389739df518a7,b2e2614b0656a7a0d7d5d9032d1d7dee6b4f06a99bd8a2de8f0649da271d2bdd,bb43d0ad549b7e57213aab7dca185a96972dab5a6e0ad093afcd5ecde5eef177,/workspace/pair-aware/results_v3/bf16/true_pair/lambda_1p0/split_40/model_seed_73,True,v3,full,1,validation,f1_macro,>,closest_to_zero_then_lower,15,positive_class_equal_width,true_pair,neuralmind/bert-large-portuguese-cased,aa302f6ea73b759f7df9cad58bd272127b67ec28,bf16,256,6,2e-05,8,0.01,0.1,linear,1.0,2,f1_macro,32.0,10000,0,1,0,1,4.0,1.0,False,,,,121.2336410760181,6.43624210357666,6.74609375,2,0.7413401905914385,4,1996,1.0,2994,0,299,0.2057937958052399,15,positive_class_equal_width,0.16358834151354715,0.6825771581755352,0.5353555029382219,0.5,0.5543859649122806,0.7421052631578947,0.7413401905914385,0.7450039868434167,0.7421052631578948,570.0,0.7272727272727273,0.7716535433070866,0.6877192982456141,285.0,0.7554076539101497,0.7183544303797469,0.7964912280701755,285.0,0.7413401905914386,0.7450039868434167,0.7421052631578947,570.0,0.7508771929824561,0.7505055237719471,0.7523810703360128,0.7508771929824561,570.0,0.7408759124087592,0.7718631178707225,0.712280701754386,285.0,0.7601351351351351,0.7328990228013029,0.7894736842105263,285.0,0.7505055237719471,0.7523810703360126,0.7508771929824561,570.0,0.7421052631578947,0.7413401905914385,0.7272727272727273,0.7554076539101497,0.7413401905914386,58,89,0.7450039868434167,0.7716535433070866,0.7183544303797469,0.7450039868434167,0.7421052631578948,0.6877192982456141,0.7964912280701755,0.7421052631578947,196,227,0.7508771929824561,0.7505055237719471,0.7408759124087592,0.7601351351351351,0.7505055237719471,60,82,0.7523810703360128,0.7718631178707225,0.7328990228013029,0.7523810703360126,0.5385964912280702,0.7508771929824561,0.712280701754386,0.7894736842105263,0.7508771929824561,203,225,8.3359375,2.9968857346919546,2.849609375,-6.7265625,285,0.5052631578947369,0.8245614035087719,0,3.039681722601565,8.3359375,2.9968857346919546,2.849609375,-6.7265625,285,0.5263157894736842,0.8245614035087719,0,3.039681722601565,467,>,0.7413401905914385,validation,f1_macro,0.5488548582208074,0.196044921875,closest_to_zero_then_lower,0.7505055237719471,0.1846732106116017,15.0,positive_class_equal_width,0.12827252057863253,0.6052655515535503,0.538782513576821,0.5,0.5473684210526316,0.7543859649122807,0.753833624846146,0.7566897734048896,0.7543859649122807,1140.0,0.7421731123388582,0.7810077519379846,0.7070175438596491,570.0,0.7654941373534339,0.7323717948717948,0.8017543859649123,570.0,0.753833624846146,0.7566897734048896,0.7543859649122807,1140.0,0.7543859649122807,0.7540832049306625,0.7556449118465822,0.7543859649122807,1140.0,0.7454545454545455,0.7735849056603774,0.7192982456140351,570.0,0.7627118644067796,0.7377049180327869,0.7894736842105263,570.0,0.7540832049306626,0.7556449118465822,0.7543859649122807,1140.0,0.7543859649122807,0.753833624846146,0.7421731123388582,0.7654941373534339,0.753833624846146,113.0,167.0,0.7566897734048896,0.7810077519379846,0.7323717948717948,0.7566897734048896,0.7543859649122807,0.7070175438596491,0.8017543859649123,0.7543859649122807,403.0,457.0,0.7543859649122807,0.7540832049306625,0.7454545454545455,0.7627118644067796,0.7540832049306626,120.0,160.0,0.7556449118465822,0.7735849056603774,0.7377049180327869,0.7556449118465822,0.5350877192982456,0.7543859649122807,0.7192982456140351,0.7894736842105263,0.7543859649122807,410.0,450.0,8.5,3.2973995811060854,3.431640625,-5.9296875,570.0,0.531578947368421,0.8473684210526315,0.0,3.044235672719497,8.5,3.2973995811060854,3.431640625,-5.9296875,570.0,0.5350877192982456,0.8473684210526315,0.0,3.044235672719497,
true_pair,40,101,1.0,full,references,5fb5e52af4b45072ed27401e5d04ce03484488e7cad77c58f22a3047309c69d5,04d3a52a5e31c6d6147e1ad27ff811d65b48a51109e0f23edf8389739df518a7,b2e2614b0656a7a0d7d5d9032d1d7dee6b4f06a99bd8a2de8f0649da271d2bdd,bb43d0ad549b7e57213aab7dca185a96972dab5a6e0ad093afcd5ecde5eef177,/workspace/pair-aware/results_v3/bf16/true_pair/lambda_1p0/split_40/model_seed_101,True,v3,full,1,validation,f1_macro,>,closest_to_zero_then_lower,15,positive_class_equal_width,true_pair,neuralmind/bert-large-portuguese-cased,aa302f6ea73b759f7df9cad58bd272127b67ec28,bf16,256,6,2e-05,8,0.01,0.1,linear,1.0,2,f1_macro,32.0,10000,0,1,0,1,4.0,1.0,False,,,,179.88793428300414,6.43624210357666,6.74609375,4,0.7344919810840576,6,2994,1.0,2994,0,299,0.24770229404519425,15,positive_class_equal_width,0.2440088204218473,1.29657302002676,0.45385711283268676,0.5,0.45263157894736844,0.7350877192982456,0.7344919810840576,0.737216756112105,0.7350877192982457,570.0,0.7470686767169179,0.7147435897435898,0.7824561403508772,285.0,0.7219152854511971,0.7596899224806202,0.6877192982456141,285.0,0.7344919810840576,0.737216756112105,0.7350877192982456,570.0,0.7491228070175439,0.748713664291814,0.7507559234658472,0.7491228070175439,570.0,0.7385740402193784,0.7709923664122137,0.7087719298245614,285.0,0.7588532883642496,0.7305194805194806,0.7894736842105263,285.0,0.7487136642918141,0.7507559234658472,0.7491228070175439,570.0,0.7350877192982456,0.7344919810840576,0.7470686767169179,0.7219152854511971,0.7344919810840576,89,62,0.737216756112105,0.7147435897435898,0.7596899224806202,0.737216756112105,0.7350877192982457,0.7824561403508772,0.6877192982456141,0.7350877192982456,223,196,0.7491228070175439,0.748713664291814,0.7385740402193784,0.7588532883642496,0.7487136642918141,60,83,0.7507559234658472,0.7709923664122137,0.7305194805194806,0.7507559234658472,0.5403508771929825,0.7491228070175439,0.7087719298245614,0.7894736842105263,0.7491228070175439,202,225,15.53125,5.966223787006579,5.5,-13.234375,285,0.5017543859649123,0.8105263157894737,2,6.348226778564413,15.53125,5.966223787006579,5.5,-13.234375,285,0.519298245614035,0.8105263157894737,2,6.348226778564413,406,>,0.7344919810840576,validation,f1_macro,0.02865266930959345,-3.5234375,closest_to_zero_then_lower,0.748713664291814,0.21778298043068958,15.0,positive_class_equal_width,0.21312240016139677,1.1306688577960868,0.4578697005361182,0.5,0.4605263157894737,0.7675438596491229,0.7671810877983931,0.7692218350754936,0.7675438596491229,1140.0,0.7763713080168776,0.7479674796747967,0.8070175438596491,570.0,0.7579908675799086,0.7904761904761904,0.7280701754385965,570.0,0.7671810877983932,0.7692218350754936,0.7675438596491229,1140.0,0.7631578947368421,0.7628045472479779,0.764735388464349,0.7631578947368421,1140.0,0.7536496350364964,0.785171102661597,0.724561403508772,570.0,0.7719594594594594,0.744299674267101,0.8017543859649123,570.0,0.7628045472479779,0.764735388464349,0.7631578947368421,1140.0,0.7675438596491229,0.7671810877983931,0.7763713080168776,0.7579908675799086,0.7671810877983932,155.0,110.0,0.7692218350754936,0.7479674796747967,0.7904761904761904,0.7692218350754936,0.7675438596491229,0.8070175438596491,0.7280701754385965,0.7675438596491229,460.0,415.0,0.7631578947368421,0.7628045472479779,0.7536496350364964,0.7719594594594594,0.7628045472479779,113.0,157.0,0.764735388464349,0.785171102661597,0.744299674267101,0.764735388464349,0.5385964912280702,0.7631578947368421,0.724561403508772,0.8017543859649123,0.7631578947368421,413.0,457.0,15.609375,6.662153049937466,7.89306640625,-14.234375,570.0,0.5649122807017544,0.8491228070175438,2.0,6.193019957938585,15.609375,6.662153049937466,7.89306640625,-14.234375,570.0,0.5526315789473685,0.8491228070175438,2.0,6.193019957938585,
true_pair,42,13,1.0,full,references,1b06e399ec7fbfac424cc1c60e60d2579980490945abeba54352bc1438912293,04d3a52a5e31c6d6147e1ad27ff811d65b48a51109e0f23edf8389739df518a7,82f47319636cdabaf5a56f172f68023db0c21b5f83e97554f59db62e8bdb1c96,bb43d0ad549b7e57213aab7dca185a96972dab5a6e0ad093afcd5ecde5eef177,/workspace/pair-aware/results_v3/bf16/true_pair/lambda_1p0/split_42/model_seed_13,True,v3,full,1,validation,f1_macro,>,closest_to_zero_then_lower,15,positive_class_equal_width,true_pair,neuralmind/bert-large-portuguese-cased,aa302f6ea73b759f7df9cad58bd272127b67ec28,bf16,256,6,2e-05,8,0.01,0.1,linear,1.0,2,f1_macro,32.0,10000,0,1,0,1,4.0,1.0,False,,,,180.5483850389719,6.43624210357666,6.74609375,4,0.7745392516779768,6,2994,1.0,2994,0,299,0.2100501416472991,15,positive_class_equal_width,0.20413858556937764,1.1402651344771035,0.43986188576718394,0.5,0.4368421052631579,0.775438596491228,0.7745392516779768,0.7799046653905342,0.775438596491228,570.0,0.7887788778877888,0.7445482866043613,0.8385964912280702,285.0,0.7602996254681648,0.8152610441767069,0.712280701754386,285.0,0.7745392516779768,0.7799046653905342,0.775438596491228,570.0,0.7842105263157895,0.7839704935308237,0.7854793233082706,0.7842105263157895,570.0,0.7767695099818511,0.8045112781954887,0.7508771929824561,285.0,0.7911714770797963,0.7664473684210527,0.8175438596491228,285.0,0.7839704935308237,0.7854793233082706,0.7842105263157895,570.0,0.775438596491228,0.7745392516779768,0.7887788778877888,0.7602996254681648,0.7745392516779768,82,46,0.7799046653905342,0.7445482866043613,0.8152610441767069,0.7799046653905342,0.775438596491228,0.8385964912280702,0.712280701754386,0.775438596491228,239,203,0.7842105263157895,0.7839704935308237,0.7767695099818511,0.7911714770797963,0.7839704935308237,52,71,0.7854793233082706,0.8045112781954887,0.7664473684210527,0.7854793233082706,0.5333333333333333,0.7842105263157895,0.7508771929824561,0.8175438596491228,0.7842105263157895,214,233,15.546875,6.937976556075247,7.78125,-13.390625,285,0.5649122807017544,0.8771929824561403,0,6.100420900506749,15.546875,6.937976556075247,7.78125,-13.390625,285,0.5859649122807018,0.8771929824561403,0,6.100420900506749,351,>,0.7745392516779768,validation,f1_macro,0.013020490113842825,-4.328125,closest_to_zero_then_lower,0.7839704935308237,0.2368007373479461,15.0,positive_class_equal_width,0.23166364075943596,1.2798004045529943,0.4336193615453643,0.5,0.4342105263157895,0.737719298245614,0.7365791456558279,0.7419074465586093,0.737719298245614,1140.0,0.7539094650205761,0.710077519379845,0.8035087719298246,570.0,0.7192488262910798,0.7737373737373737,0.6719298245614035,570.0,0.7365791456558279,0.7419074465586094,0.737719298245614,1140.0,0.7543859649122807,0.7541127568643522,0.7555216165413534,0.7543859649122807,1140.0,0.7459165154264973,0.7725563909774437,0.7210526315789474,570.0,0.7623089983022071,0.7384868421052632,0.787719298245614,570.0,0.7541127568643522,0.7555216165413534,0.7543859649122807,1140.0,0.737719298245614,0.7365791456558279,0.7539094650205761,0.7192488262910798,0.7365791456558279,187.0,112.0,0.7419074465586093,0.710077519379845,0.7737373737373737,0.7419074465586094,0.737719298245614,0.8035087719298246,0.6719298245614035,0.737719298245614,458.0,383.0,0.7543859649122807,0.7541127568643522,0.7459165154264973,0.7623089983022071,0.7541127568643522,121.0,159.0,0.7555216165413534,0.7725563909774437,0.7384868421052632,0.7555216165413534,0.5333333333333333,0.7543859649122807,0.7210526315789474,0.787719298245614,0.7543859649122807,411.0,449.0,15.390625,6.294087781404194,5.90771484375,-14.015625,570.0,0.5087719298245614,0.8298245614035088,2.0,6.3533791243626965,15.390625,6.294087781404194,5.90771484375,-14.015625,570.0,0.5368421052631579,0.8298245614035088,2.0,6.3533791243626965,
true_pair,42,21,1.0,full,references,ab0d9519bbb40437c6b68671cf04c120e804d9da6fab6ed98e799f352eaa07c9,04d3a52a5e31c6d6147e1ad27ff811d65b48a51109e0f23edf8389739df518a7,82f47319636cdabaf5a56f172f68023db0c21b5f83e97554f59db62e8bdb1c96,bb43d0ad549b7e57213aab7dca185a96972dab5a6e0ad093afcd5ecde5eef177,/workspace/pair-aware/results_v3/bf16/true_pair/lambda_1p0/split_42/model_seed_21,True,v3,full,1,validation,f1_macro,>,closest_to_zero_then_lower,15,positive_class_equal_width,true_pair,neuralmind/bert-large-portuguese-cased,aa302f6ea73b759f7df9cad58bd272127b67ec28,bf16,256,6,2e-05,8,0.01,0.1,linear,1.0,2,f1_macro,32.0,10000,0,1,0,1,4.0,1.0,False,,,,181.565611399943,6.43624210357666,6.74609375,6,0.7796702939894056,6,2994,1.0,2994,0,299,0.21280658105114084,15,positive_class_equal_width,0.21545197670967403,1.4443683670510585,0.42895315835580544,0.5,0.43157894736842106,0.7807017543859649,0.7796702939894056,0.7860584161397169,0.7807017543859649,570.0,0.7947454844006568,0.7469135802469136,0.8491228070175438,285.0,0.7645951035781544,0.8252032520325203,0.712280701754386,285.0,0.7796702939894056,0.7860584161397169,0.7807017543859649,570.0,0.7894736842105263,0.7894322057899987,0.7897019504441789,0.7894736842105263,570.0,0.7923875432525952,0.7815699658703071,0.8035087719298246,285.0,0.7864768683274022,0.7978339350180506,0.775438596491228,285.0,0.7894322057899986,0.7897019504441789,0.7894736842105263,570.0,0.7807017543859649,0.7796702939894056,0.7947454844006568,0.7645951035781544,0.7796702939894056,82,43,0.7860584161397169,0.7469135802469136,0.8252032520325203,0.7860584161397169,0.7807017543859649,0.8491228070175438,0.712280701754386,0.7807017543859649,242,203,0.7894736842105263,0.7894322057899987,0.7923875432525952,0.7864768683274022,0.7894322057899986,64,56,0.7897019504441789,0.7815699658703071,0.7978339350180506,0.7897019504441789,0.48596491228070177,0.7894736842105263,0.8035087719298246,0.775438596491228,0.7894736842105263,229,221,18.0,8.74205322265625,11.9375,-16.515625,285,0.5824561403508772,0.8771929824561403,0,7.684182234725622,18.0,8.74205322265625,11.9375,-16.515625,285,0.6035087719298246,0.8771929824561403,0,7.684182234725622,319,>,0.7796702939894056,validation,f1_macro,0.008061991528271643,-4.8125,closest_to_zero_then_lower,0.7894322057899987,0.23273074766866436,15.0,positive_class_equal_width,0.23303529045262994,1.547295902509115,0.4218245272959032,0.5,0.4236842105263158,0.7535087719298246,0.7520647724396705,0.7595554799247474,0.7535087719298246,1140.0,0.7709861450692747,0.7199391171993912,0.8298245614035088,570.0,0.7331433998100665,0.7991718426501035,0.6771929824561403,570.0,0.7520647724396705,0.7595554799247474,0.7535087719298246,1140.0,0.769298245614035,0.7692582972582973,0.7694848694848695,0.7692982456140351,1140.0,0.7722943722943723,0.7623931623931623,0.7824561403508772,570.0,0.7662222222222222,0.7765765765765765,0.756140350877193,570.0,0.7692582972582972,0.7694848694848695,0.769298245614035,1140.0,0.7535087719298246,0.7520647724396705,0.7709861450692747,0.7331433998100665,0.7520647724396705,184.0,97.0,0.7595554799247474,0.7199391171993912,0.7991718426501035,0.7595554799247474,0.7535087719298246,0.8298245614035088,0.6771929824561403,0.7535087719298246,473.0,386.0,0.769298245614035,0.7692582972582973,0.7722943722943723,0.7662222222222222,0.7692582972582972,139.0,124.0,0.7694848694848695,0.7623931623931623,0.7765765765765765,0.7694848694848695,0.4868421052631579,0.7692982456140351,0.7824561403508772,0.756140350877193,0.769298245614035,446.0,431.0,17.96875,8.027555124383223,9.0556640625,-16.34375,570.0,0.531578947368421,0.8456140350877193,4.0,7.686924873077485,17.96875,8.027555124383223,9.0556640625,-16.34375,570.0,0.5666666666666667,0.8456140350877193,4.0,7.686924873077485,
true_pair,42,40,1.0,full,references,90c03554fc4b0729f48245259ea4689d0ee6f3fa4722b45ff82f35d44e13a780,04d3a52a5e31c6d6147e1ad27ff811d65b48a51109e0f23edf8389739df518a7,82f47319636cdabaf5a56f172f68023db0c21b5f83e97554f59db62e8bdb1c96,bb43d0ad549b7e57213aab7dca185a96972dab5a6e0ad093afcd5ecde5eef177,/workspace/pair-aware/results_v3/bf16/true_pair/lambda_1p0/split_42/model_seed_40,True,v3,full,1,validation,f1_macro,>,closest_to_zero_then_lower,15,positive_class_equal_width,true_pair,neuralmind/bert-large-portuguese-cased,aa302f6ea73b759f7df9cad58bd272127b67ec28,bf16,256,6,2e-05,8,0.01,0.1,linear,1.0,2,f1_macro,32.0,10000,0,1,0,1,4.0,1.0,False,,,,180.5352853279328,6.43624210357666,6.74609375,5,0.7751617873651772,6,2994,1.0,2994,0,299,0.2136977880599736,15,positive_class_equal_width,0.21672229303692075,1.4671516730165393,0.46686838924090074,0.5,0.4649122807017544,0.775438596491228,0.7751617873651772,0.7768017321373337,0.775438596491228,570.0,0.7830508474576271,0.7573770491803279,0.8105263157894737,285.0,0.7672727272727272,0.7962264150943397,0.7403508771929824,285.0,0.7751617873651772,0.7768017321373337,0.775438596491228,570.0,0.7771929824561403,0.7771922966829692,0.7771963951541416,0.7771929824561403,570.0,0.7775831873905429,0.7762237762237763,0.7789473684210526,285.0,0.7768014059753954,0.778169014084507,0.775438596491228,285.0,0.7771922966829692,0.7771963951541415,0.7771929824561403,570.0,0.775438596491228,0.7751617873651772,0.7830508474576271,0.7672727272727272,0.7751617873651772,74,54,0.7768017321373337,0.7573770491803279,0.7962264150943397,0.7768017321373337,0.775438596491228,0.8105263157894737,0.7403508771929824,0.775438596491228,231,211,0.7771929824561403,0.7771922966829692,0.7775831873905429,0.7768014059753954,0.7771922966829692,64,63,0.7771963951541416,0.7762237762237763,0.778169014084507,0.7771963951541415,0.4982456140350877,0.7771929824561403,0.7789473684210526,0.775438596491228,0.7771929824561403,222,221,18.34375,8.964429139254387,11.203125,-16.796875,285,0.5684210526315789,0.8807017543859649,0,7.929952010768036,18.34375,8.964429139254387,11.203125,-16.796875,285,0.5789473684210527,0.8807017543859649,0,7.929952010768036,316,>,0.7751617873651772,validation,f1_macro,0.06903792817478999,-2.6015625,closest_to_zero_then_lower,0.7771922966829692,0.23434284147344434,15.0,positive_class_equal_width,0.23053573637241898,1.5978107755384503,0.4625777770022954,0.5,0.4605263157894737,0.7482456140350877,0.7478527252759957,0.7498025551684089,0.7482456140350877,1140.0,0.7578059071729958,0.7300813008130081,0.787719298245614,570.0,0.7378995433789954,0.7695238095238095,0.7087719298245614,570.0,0.7478527252759956,0.7498025551684089,0.7482456140350877,1140.0,0.7508771929824561,0.7508764262124537,0.7508802816901409,0.7508771929824561,1140.0,0.7513134851138353,0.75,0.7526315789473684,570.0,0.7504393673110721,0.7517605633802817,0.7491228070175439,570.0,0.7508764262124537,0.7508802816901409,0.7508771929824561,1140.0,0.7482456140350877,0.7478527252759957,0.7578059071729958,0.7378995433789954,0.7478527252759956,166.0,121.0,0.7498025551684089,0.7300813008130081,0.7695238095238095,0.7498025551684089,0.7482456140350877,0.787719298245614,0.7087719298245614,0.7482456140350877,449.0,404.0,0.7508771929824561,0.7508764262124537,0.7513134851138353,0.7504393673110721,0.7508764262124537,143.0,141.0,0.7508802816901409,0.75,0.7517605633802817,0.7508802816901409,0.4982456140350877,0.7508771929824561,0.7526315789473684,0.7491228070175439,0.7508771929824561,429.0,427.0,18.46875,8.323621247944079,9.210205078125,-16.953125,570.0,0.531578947368421,0.8403508771929824,3.0,8.256798832268673,18.46875,8.323621247944079,9.210205078125,-16.953125,570.0,0.5350877192982456,0.8403508771929824,3.0,8.256798832268673,
true_pair,42,42,1.0,full,references,27c3d76470a703a4ffa914e046f8ca78f2bff1ac9d4a47e9f1ea343943d78c36,04d3a52a5e31c6d6147e1ad27ff811d65b48a51109e0f23edf8389739df518a7,82f47319636cdabaf5a56f172f68023db0c21b5f83e97554f59db62e8bdb1c96,bb43d0ad549b7e57213aab7dca185a96972dab5a6e0ad093afcd5ecde5eef177,/workspace/pair-aware/results_v3/bf16/true_pair/lambda_1p0/split_42/model_seed_42,True,v3,full,1,validation,f1_macro,>,closest_to_zero_then_lower,15,positive_class_equal_width,true_pair,neuralmind/bert-large-portuguese-cased,aa302f6ea73b759f7df9cad58bd272127b67ec28,bf16,256,6,2e-05,8,0.01,0.1,linear,1.0,2,f1_macro,32.0,10000,0,1,0,1,4.0,1.0,False,,,,180.64041143492796,6.43624210357666,6.74609375,4,0.7789446469023933,6,2994,1.0,2994,0,299,0.20570145726269107,15,positive_class_equal_width,0.20522006442160146,1.107821679435868,0.5081967536348972,0.5,0.5035087719298246,0.7789473684210526,0.7789446469023933,0.7789611061178758,0.7789473684210526,570.0,0.778169014084507,0.7809187279151943,0.775438596491228,285.0,0.7797202797202797,0.7770034843205574,0.7824561403508772,285.0,0.7789446469023933,0.778961106117876,0.7789473684210526,570.0,0.7912280701754386,0.791083391083391,0.7920370370370371,0.7912280701754386,570.0,0.7855855855855856,0.8074074074074075,0.7649122807017544,285.0,0.7965811965811965,0.7766666666666666,0.8175438596491228,285.0,0.791083391083391,0.792037037037037,0.7912280701754386,570.0,0.7789473684210526,0.7789446469023933,0.778169014084507,0.7797202797202797,0.7789446469023933,62,64,0.7789611061178758,0.7809187279151943,0.7770034843205574,0.778961106117876,0.7789473684210526,0.775438596491228,0.7824561403508772,0.7789473684210526,221,223,0.7912280701754386,0.791083391083391,0.7855855855855856,0.7965811965811965,0.791083391083391,52,67,0.7920370370370371,0.8074074074074075,0.7766666666666666,0.792037037037037,0.5263157894736842,0.7912280701754386,0.7649122807017544,0.8175438596491228,0.7912280701754386,218,233,15.453125,7.222839141310307,8.984375,-12.359375,285,0.5754385964912281,0.8912280701754386,1,6.172743025491529,15.453125,7.222839141310307,8.984375,-12.359375,285,0.6,0.8912280701754386,1,6.172743025491529,357,>,0.7789446469023933,validation,f1_macro,0.1999321064241851,-1.38671875,closest_to_zero_then_lower,0.791083391083391,0.23446460073263553,15.0,positive_class_equal_width,0.23096583243829966,1.252175491378912,0.5021343836087364,0.5,0.5052631578947369,0.7508771929824561,0.7508702918825083,0.7509049940898345,0.7508771929824561,1140.0,0.7495590828924162,0.7535460992907801,0.7456140350877193,570.0,0.7521815008726004,0.7482638888888888,0.756140350877193,570.0,0.7508702918825083,0.7509049940898345,0.7508771929824561,1140.0,0.7526315789473684,0.7525028408128573,0.7531583103039874,0.7526315789473684,1140.0,0.7468581687612208,0.7647058823529411,0.7298245614035088,570.0,0.758147512864494,0.7416107382550335,0.775438596491228,570.0,0.7525028408128573,0.7531583103039873,0.7526315789473684,1140.0,0.7508771929824561,0.7508702918825083,0.7495590828924162,0.7521815008726004,0.7508702918825083,139.0,145.0,0.7509049940898345,0.7535460992907801,0.7482638888888888,0.7509049940898345,0.7508771929824561,0.7456140350877193,0.756140350877193,0.7508771929824561,425.0,431.0,0.7526315789473684,0.7525028408128573,0.7468581687612208,0.758147512864494,0.7525028408128573,128.0,154.0,0.7531583103039874,0.7647058823529411,0.7416107382550335,0.7531583103039873,0.5228070175438596,0.7526315789473684,0.7298245614035088,0.775438596491228,0.7526315789473684,416.0,442.0,15.4375,6.627754987750137,7.49755859375,-13.640625,570.0,0.5350877192982456,0.8368421052631579,0.0,6.5013405360274605,15.4375,6.627754987750137,7.49755859375,-13.640625,570.0,0.5385964912280702,0.8368421052631579,0.0,6.5013405360274605,
true_pair,42,73,1.0,full,references,d01619c3d1fa59a1d4450432161cb8326fa751ef0758ad5ea1eb012782ebd3b5,04d3a52a5e31c6d6147e1ad27ff811d65b48a51109e0f23edf8389739df518a7,82f47319636cdabaf5a56f172f68023db0c21b5f83e97554f59db62e8bdb1c96,bb43d0ad549b7e57213aab7dca185a96972dab5a6e0ad093afcd5ecde5eef177,/workspace/pair-aware/results_v3/bf16/true_pair/lambda_1p0/split_42/model_seed_73,True,v3,full,1,validation,f1_macro,>,closest_to_zero_then_lower,15,positive_class_equal_width,true_pair,neuralmind/bert-large-portuguese-cased,aa302f6ea73b759f7df9cad58bd272127b67ec28,bf16,256,6,2e-05,8,0.01,0.1,linear,1.0,2,f1_macro,32.0,10000,0,1,0,1,4.0,1.0,False,,,,180.4362796950154,6.43624210357666,6.74609375,4,0.7643097643097643,6,2994,1.0,2994,0,299,0.2116147588614795,15,positive_class_equal_width,0.20618114927257072,1.0254220129931562,0.40152470308601557,0.5,0.4,0.7666666666666667,0.7643097643097643,0.7777777777777778,0.7666666666666666,570.0,0.7878787878787878,0.7222222222222222,0.8666666666666667,285.0,0.7407407407407407,0.8333333333333334,0.6666666666666666,285.0,0.7643097643097642,0.7777777777777778,0.7666666666666667,570.0,0.7859649122807018,0.785751257024549,0.7871101716913265,0.7859649122807018,570.0,0.7925170068027211,0.768976897689769,0.8175438596491228,285.0,0.7789855072463768,0.8052434456928839,0.7543859649122807,285.0,0.785751257024549,0.7871101716913265,0.7859649122807018,570.0,0.7666666666666667,0.7643097643097643,0.7878787878787878,0.7407407407407407,0.7643097643097642,95,38,0.7777777777777778,0.7222222222222222,0.8333333333333334,0.7777777777777778,0.7666666666666666,0.8666666666666667,0.6666666666666666,0.7666666666666667,247,190,0.7859649122807018,0.785751257024549,0.7925170068027211,0.7789855072463768,0.785751257024549,70,52,0.7871101716913265,0.768976897689769,0.8052434456928839,0.7871101716913265,0.46842105263157896,0.7859649122807018,0.8175438596491228,0.7543859649122807,0.7859649122807018,233,215,13.609375,5.979783871299342,6.64453125,-10.578125,285,0.5508771929824562,0.8771929824561403,1,5.211385064523216,13.609375,5.979783871299342,6.64453125,-10.578125,285,0.5894736842105263,0.8771929824561403,1,5.211385064523216,394,>,0.7643097643097643,validation,f1_macro,0.10818895456207034,-2.109375,closest_to_zero_then_lower,0.785751257024549,0.23320808768582812,15.0,positive_class_equal_width,0.22371039050731495,1.118051459549069,0.381358916229558,0.5,0.38333333333333336,0.7429824561403509,0.7394358890749826,0.7569732203599481,0.7429824561403509,1140.0,0.769835035349568,0.6970128022759602,0.8596491228070176,570.0,0.7090367428003972,0.816933638443936,0.6263157894736842,570.0,0.7394358890749826,0.7569732203599481,0.7429824561403509,1140.0,0.7491228070175439,0.7481180702339897,0.7531621814360245,0.7491228070175439,1140.0,0.764026402640264,0.721183800623053,0.8122807017543859,570.0,0.7322097378277154,0.785140562248996,0.6859649122807018,570.0,0.7481180702339896,0.7531621814360244,0.7491228070175439,1140.0,0.7429824561403509,0.7394358890749826,0.769835035349568,0.7090367428003972,0.7394358890749826,213.0,80.0,0.7569732203599481,0.6970128022759602,0.816933638443936,0.7569732203599481,0.7429824561403509,0.8596491228070176,0.6263157894736842,0.7429824561403509,490.0,357.0,0.7491228070175439,0.7481180702339897,0.764026402640264,0.7322097378277154,0.7481180702339896,179.0,107.0,0.7531621814360245,0.721183800623053,0.785140562248996,0.7531621814360244,0.4368421052631579,0.7491228070175439,0.8122807017543859,0.6859649122807018,0.7491228070175439,463.0,391.0,13.90625,5.5358831840648985,5.498046875,-11.109375,570.0,0.5017543859649123,0.8473684210526315,1.0,5.278704531927827,13.90625,5.5358831840648985,5.498046875,-11.109375,570.0,0.5210526315789473,0.8473684210526315,1.0,5.278704531927827,
true_pair,42,101,1.0,full,references,a565e27e9104a848782134bc03636d04fb77848cce4c1244b31deca202d26142,04d3a52a5e31c6d6147e1ad27ff811d65b48a51109e0f23edf8389739df518a7,82f47319636cdabaf5a56f172f68023db0c21b5f83e97554f59db62e8bdb1c96,bb43d0ad549b7e57213aab7dca185a96972dab5a6e0ad093afcd5ecde5eef177,/workspace/pair-aware/results_v3/bf16/true_pair/lambda_1p0/split_42/model_seed_101,True,v3,full,1,validation,f1_macro,>,closest_to_zero_then_lower,15,positive_class_equal_width,true_pair,neuralmind/bert-large-portuguese-cased,aa302f6ea73b759f7df9cad58bd272127b67ec28,bf16,256,6,2e-05,8,0.01,0.1,linear,1.0,2,f1_macro,32.0,10000,0,1,0,1,4.0,1.0,False,,,,150.136732931016,6.43624210357666,6.74609375,3,0.7701690720887928,5,2495,1.0,2994,0,299,0.20303105603269342,15,positive_class_equal_width,0.19792872762893982,0.9542665449914195,0.4922112469426782,0.5,0.49473684210526314,0.7701754385964912,0.7701690720887928,0.7702053782505911,0.7701754385964912,570.0,0.7713787085514834,0.7673611111111112,0.775438596491228,285.0,0.7689594356261023,0.7730496453900709,0.7649122807017544,285.0,0.7701690720887928,0.7702053782505911,0.7701754385964912,570.0,0.7842105263157895,0.7836505080864904,0.7871840167197452,0.7842105263157895,570.0,0.7946577629382304,0.7579617834394905,0.8350877192982457,285.0,0.7726432532347505,0.81640625,0.7333333333333333,285.0,0.7836505080864904,0.7871840167197452,0.7842105263157895,570.0,0.7701754385964912,0.7701690720887928,0.7713787085514834,0.7689594356261023,0.7701690720887928,67,64,0.7702053782505911,0.7673611111111112,0.7730496453900709,0.7702053782505911,0.7701754385964912,0.775438596491228,0.7649122807017544,0.7701754385964912,221,218,0.7842105263157895,0.7836505080864904,0.7946577629382304,0.7726432532347505,0.7836505080864904,76,47,0.7871840167197452,0.7579617834394905,0.81640625,0.7871840167197452,0.44912280701754387,0.7842105263157895,0.8350877192982457,0.7333333333333333,0.7842105263157895,238,209,13.6875,6.193722587719298,6.87890625,-11.15625,285,0.5649122807017544,0.887719298245614,1,5.267872476831539,13.6875,6.193722587719298,6.87890625,-11.15625,285,0.5859649122807018,0.887719298245614,1,5.267872476831539,376,>,0.7701690720887928,validation,f1_macro,0.862930226964697,1.83984375,closest_to_zero_then_lower,0.7836505080864904,0.234114579206511,15.0,positive_class_equal_width,0.22112870940273174,1.1000162737448116,0.481635059133527,0.5,0.47982456140350876,0.737719298245614,0.7376124938513753,0.7381069824367776,0.737719298245614,1140.0,0.7429062768701634,0.7284991568296796,0.7578947368421053,570.0,0.7323187108325873,0.7477148080438757,0.7175438596491228,570.0,0.7376124938513754,0.7381069824367776,0.737719298245614,1140.0,0.7350877192982456,0.7340267734638632,0.7388995233269526,0.7350877192982457,1140.0,0.7508250825082509,0.7087227414330218,0.7982456140350878,570.0,0.7172284644194756,0.7690763052208835,0.6719298245614035,570.0,0.7340267734638634,0.7388995233269527,0.7350877192982456,1140.0,0.737719298245614,0.7376124938513753,0.7429062768701634,0.7323187108325873,0.7376124938513754,161.0,138.0,0.7381069824367776,0.7284991568296796,0.7477148080438757,0.7381069824367776,0.737719298245614,0.7578947368421053,0.7175438596491228,0.737719298245614,432.0,409.0,0.7350877192982456,0.7340267734638632,0.7508250825082509,0.7172284644194756,0.7340267734638634,187.0,115.0,0.7388995233269526,0.7087227414330218,0.7690763052208835,0.7388995233269527,0.4368421052631579,0.7350877192982457,0.7982456140350878,0.6719298245614035,0.7350877192982456,455.0,383.0,13.703125,5.367712616502193,5.418212890625,-11.828125,570.0,0.512280701754386,0.8245614035087719,1.0,5.617437748766409,13.703125,5.367712616502193,5.418212890625,-11.828125,570.0,0.5052631578947369,0.8245614035087719,1.0,5.617437748766409,
true_pair,73,13,1.0,full,references,6ce8cb4fd4fc62076f73c8daed1855b2e16e39afa4f041b6ce011b99951d6b4b,04d3a52a5e31c6d6147e1ad27ff811d65b48a51109e0f23edf8389739df518a7,02b3b3662d75591a1230da3154149693de487b7678fe08b814a8a10fb13ba588,bb43d0ad549b7e57213aab7dca185a96972dab5a6e0ad093afcd5ecde5eef177,/workspace/pair-aware/results_v3/bf16/true_pair/lambda_1p0/split_73/model_seed_13,True,v3,full,1,validation,f1_macro,>,closest_to_zero_then_lower,15,positive_class_equal_width,true_pair,neuralmind/bert-large-portuguese-cased,aa302f6ea73b759f7df9cad58bd272127b67ec28,bf16,256,6,2e-05,8,0.01,0.1,linear,1.0,2,f1_macro,32.0,10000,0,1,0,1,4.0,1.0,False,,,,151.02726473892108,6.43624210357666,6.74609375,3,0.7821879815100155,5,2495,1.0,2994,0,299,0.2026485674934241,15,positive_class_equal_width,0.19603318385094998,1.0215818475096525,0.4649947418034029,0.5,0.4649122807017544,0.7824561403508772,0.7821879815100155,0.7838540055675843,0.7824561403508772,570.0,0.7898305084745763,0.7639344262295082,0.8175438596491228,285.0,0.7745454545454545,0.8037735849056604,0.7473684210526316,285.0,0.7821879815100155,0.7838540055675843,0.7824561403508772,570.0,0.7842105263157895,0.783917228370919,0.7857620320855614,0.7842105263157895,570.0,0.7918781725888325,0.7647058823529411,0.8210526315789474,285.0,0.7759562841530054,0.8068181818181818,0.7473684210526316,285.0,0.7839172283709189,0.7857620320855615,0.7842105263157895,570.0,0.7824561403508772,0.7821879815100155,0.7898305084745763,0.7745454545454545,0.7821879815100155,72,52,0.7838540055675843,0.7639344262295082,0.8037735849056604,0.7838540055675843,0.7824561403508772,0.8175438596491228,0.7473684210526316,0.7824561403508772,233,213,0.7842105263157895,0.783917228370919,0.7918781725888325,0.7759562841530054,0.7839172283709189,72,51,0.7857620320855614,0.7647058823529411,0.8068181818181818,0.7857620320855615,0.4631578947368421,0.7842105263157895,0.8210526315789474,0.7473684210526316,0.7842105263157895,234,213,14.5625,6.41464201274671,8.0,-11.53125,285,0.5929824561403508,0.8350877192982457,1,5.825076809168655,14.5625,6.41464201274671,8.0,-11.53125,285,0.5964912280701754,0.8350877192982457,1,5.825076809168655,399,>,0.7821879815100155,validation,f1_macro,0.5043944180978035,0.017578125,closest_to_zero_then_lower,0.783917228370919,0.21956080941542686,15.0,positive_class_equal_width,0.21511956406508612,1.0770454517466055,0.436670376883514,0.5,0.43157894736842106,0.756140350877193,0.754993366916219,0.7610283047274917,0.756140350877193,1140.0,0.7717569786535303,0.7253086419753086,0.8245614035087719,570.0,0.7382297551789078,0.7967479674796748,0.6877192982456141,570.0,0.7549933669162191,0.7610283047274917,0.756140350877193,1140.0,0.756140350877193,0.754993366916219,0.7610283047274917,0.756140350877193,1140.0,0.7717569786535303,0.7253086419753086,0.8245614035087719,570.0,0.7382297551789078,0.7967479674796748,0.6877192982456141,570.0,0.7549933669162191,0.7610283047274917,0.756140350877193,1140.0,0.756140350877193,0.754993366916219,0.7717569786535303,0.7382297551789078,0.7549933669162191,178.0,100.0,0.7610283047274917,0.7253086419753086,0.7967479674796748,0.7610283047274917,0.756140350877193,0.8245614035087719,0.6877192982456141,0.756140350877193,470.0,392.0,0.756140350877193,0.754993366916219,0.7717569786535303,0.7382297551789078,0.7549933669162191,178.0,100.0,0.7610283047274917,0.7253086419753086,0.7967479674796748,0.7610283047274917,0.43157894736842106,0.756140350877193,0.8245614035087719,0.6877192982456141,0.756140350877193,470.0,392.0,14.390625,6.379260146827028,8.10784912109375,-13.84375,570.0,0.5508771929824562,0.8596491228070176,0.0,5.9466304964493935,14.390625,6.379260146827028,8.10784912109375,-13.84375,570.0,0.5508771929824562,0.8596491228070176,0.0,5.9466304964493935,
true_pair,73,21,1.0,full,references,930595b7de1d4fe2b83c198bec7e3c2848f3e5aa05d9cd7ca77881a6de020969,04d3a52a5e31c6d6147e1ad27ff811d65b48a51109e0f23edf8389739df518a7,02b3b3662d75591a1230da3154149693de487b7678fe08b814a8a10fb13ba588,bb43d0ad549b7e57213aab7dca185a96972dab5a6e0ad093afcd5ecde5eef177,/workspace/pair-aware/results_v3/bf16/true_pair/lambda_1p0/split_73/model_seed_21,True,v3,full,1,validation,f1_macro,>,closest_to_zero_then_lower,15,positive_class_equal_width,true_pair,neuralmind/bert-large-portuguese-cased,aa302f6ea73b759f7df9cad58bd272127b67ec28,bf16,256,6,2e-05,8,0.01,0.1,linear,1.0,2,f1_macro,32.0,10000,0,1,0,1,4.0,1.0,False,,,,180.3076028759824,6.43624210357666,6.74609375,5,0.7524113477362135,6,2994,1.0,2994,0,299,0.23125854430720694,15,positive_class_equal_width,0.23259032638879784,1.307095745395462,0.47280438808021213,0.5,0.47017543859649125,0.7526315789473684,0.7524113477362135,0.7535336562222003,0.7526315789473684,570.0,0.7597955706984668,0.7384105960264901,0.7824561403508772,285.0,0.7450271247739603,0.7686567164179104,0.7228070175438597,285.0,0.7524113477362135,0.7535336562222003,0.7526315789473684,570.0,0.7736842105263158,0.7736500734182749,0.7738494136197891,0.7736842105263158,570.0,0.7708703374777975,0.7805755395683454,0.7614035087719299,285.0,0.7764298093587522,0.7671232876712328,0.7859649122807018,285.0,0.7736500734182749,0.7738494136197891,0.7736842105263158,570.0,0.7526315789473684,0.7524113477362135,0.7597955706984668,0.7450271247739603,0.7524113477362135,79,62,0.7535336562222003,0.7384105960264901,0.7686567164179104,0.7535336562222003,0.7526315789473684,0.7824561403508772,0.7228070175438597,0.7526315789473684,223,206,0.7736842105263158,0.7736500734182749,0.7708703374777975,0.7764298093587522,0.7736500734182749,61,68,0.7738494136197891,0.7805755395683454,0.7671232876712328,0.7738494136197891,0.512280701754386,0.7736842105263158,0.7614035087719299,0.7859649122807018,0.7736842105263158,217,224,16.328125,7.413489412006579,10.296875,-14.734375,285,0.5473684210526316,0.8245614035087719,0,7.180080759422527,16.328125,7.413489412006579,10.296875,-14.734375,285,0.5789473684210527,0.8245614035087719,0,7.180080759422527,370,>,0.7524113477362135,validation,f1_macro,0.05921025074128593,-2.765625,closest_to_zero_then_lower,0.7736500734182749,0.21340487471012318,15.0,positive_class_equal_width,0.20844547351804144,1.2325752441781688,0.4519414592700799,0.5,0.45,0.7728070175438596,0.7722376115727916,0.7755626439836967,0.7728070175438597,1140.0,0.783625730994152,0.748006379585327,0.8228070175438597,570.0,0.7608494921514312,0.8031189083820662,0.7228070175438597,570.0,0.7722376115727916,0.7755626439836966,0.7728070175438596,1140.0,0.775438596491228,0.7754358317738599,0.7754521613868335,0.775438596491228,1140.0,0.7762237762237763,0.7735191637630662,0.7789473684210526,570.0,0.7746478873239436,0.7773851590106007,0.7719298245614035,570.0,0.77543583177386,0.7754521613868334,0.775438596491228,1140.0,0.7728070175438596,0.7722376115727916,0.783625730994152,0.7608494921514312,0.7722376115727916,158.0,101.0,0.7755626439836967,0.748006379585327,0.8031189083820662,0.7755626439836966,0.7728070175438597,0.8228070175438597,0.7228070175438597,0.7728070175438596,469.0,412.0,0.775438596491228,0.7754358317738599,0.7762237762237763,0.7746478873239436,0.77543583177386,130.0,126.0,0.7754521613868335,0.7735191637630662,0.7773851590106007,0.7754521613868334,0.4964912280701754,0.775438596491228,0.7789473684210526,0.7719298245614035,0.775438596491228,444.0,440.0,16.671875,7.572312900476288,9.70703125,-12.96875,570.0,0.5754385964912281,0.8473684210526315,1.0,6.831024614459675,16.671875,7.572312900476288,9.70703125,-12.96875,570.0,0.5754385964912281,0.8473684210526315,1.0,6.831024614459675,
true_pair,73,40,1.0,full,references,3e803f422c2d83d3a094a67f6a4ff3dc5f4b565cddfd67ec8487afcf49f97d36,04d3a52a5e31c6d6147e1ad27ff811d65b48a51109e0f23edf8389739df518a7,02b3b3662d75591a1230da3154149693de487b7678fe08b814a8a10fb13ba588,bb43d0ad549b7e57213aab7dca185a96972dab5a6e0ad093afcd5ecde5eef177,/workspace/pair-aware/results_v3/bf16/true_pair/lambda_1p0/split_73/model_seed_40,True,v3,full,1,validation,f1_macro,>,closest_to_zero_then_lower,15,positive_class_equal_width,true_pair,neuralmind/bert-large-portuguese-cased,aa302f6ea73b759f7df9cad58bd272127b67ec28,bf16,256,6,2e-05,8,0.01,0.1,linear,1.0,2,f1_macro,32.0,10000,0,1,0,1,4.0,1.0,False,,,,180.4168011599686,6.43624210357666,6.74609375,5,0.7820025661271219,6,2994,1.0,2994,0,299,0.2063943218098487,15,positive_class_equal_width,0.20239465274314572,1.2526285604385095,0.45545853357353444,0.5,0.4543859649122807,0.7824561403508772,0.7820025661271219,0.7848266272703572,0.7824561403508772,570.0,0.7919463087248322,0.7588424437299035,0.8280701754385965,285.0,0.7720588235294118,0.8108108108108109,0.7368421052631579,285.0,0.782002566127122,0.7848266272703572,0.7824561403508772,570.0,0.787719298245614,0.7871683860037832,0.7907294984076434,0.787719298245614,570.0,0.7979966611018364,0.7611464968152867,0.8385964912280702,285.0,0.7763401109057301,0.8203125,0.7368421052631579,285.0,0.7871683860037832,0.7907294984076434,0.787719298245614,570.0,0.7824561403508772,0.7820025661271219,0.7919463087248322,0.7720588235294118,0.782002566127122,75,49,0.7848266272703572,0.7588424437299035,0.8108108108108109,0.7848266272703572,0.7824561403508772,0.8280701754385965,0.7368421052631579,0.7824561403508772,236,210,0.787719298245614,0.7871683860037832,0.7979966611018364,0.7763401109057301,0.7871683860037832,75,46,0.7907294984076434,0.7611464968152867,0.8203125,0.7907294984076434,0.44912280701754387,0.787719298245614,0.8385964912280702,0.7368421052631579,0.787719298245614,239,210,17.4375,8.224646210252192,11.703125,-15.734375,285,0.5929824561403508,0.8280701754385965,0,7.62863791536723,17.4375,8.224646210252192,11.703125,-15.734375,285,0.6035087719298246,0.8280701754385965,0,7.62863791536723,384,>,0.7820025661271219,validation,f1_macro,0.6226887995543804,0.5009765625,closest_to_zero_then_lower,0.7871683860037832,0.21266577622280264,15.0,positive_class_equal_width,0.20670810691665803,1.3320252146558744,0.4319639647423093,0.5,0.4324561403508772,0.7763157894736842,0.7752906264421171,0.7814519188264764,0.7763157894736842,1140.0,0.790468364831553,0.7434312210200927,0.843859649122807,570.0,0.7601128880526811,0.8194726166328601,0.7087719298245614,570.0,0.7752906264421171,0.7814519188264765,0.7763157894736842,1140.0,0.7763157894736842,0.7750053984772811,0.7829064919594997,0.7763157894736842,1140.0,0.7921760391198044,0.7397260273972602,0.8526315789473684,570.0,0.7578347578347578,0.8260869565217391,0.7,570.0,0.7750053984772811,0.7829064919594996,0.7763157894736842,1140.0,0.7763157894736842,0.7752906264421171,0.790468364831553,0.7601128880526811,0.7752906264421171,166.0,89.0,0.7814519188264764,0.7434312210200927,0.8194726166328601,0.7814519188264765,0.7763157894736842,0.843859649122807,0.7087719298245614,0.7763157894736842,481.0,404.0,0.7763157894736842,0.7750053984772811,0.7921760391198044,0.7578347578347578,0.7750053984772811,171.0,84.0,0.7829064919594997,0.7397260273972602,0.8260869565217391,0.7829064919594996,0.4236842105263158,0.7763157894736842,0.8526315789473684,0.7,0.7763157894736842,486.0,399.0,17.421875,8.306933165433113,11.001953125,-15.953125,570.0,0.5771929824561404,0.843859649122807,3.0,7.443697917264664,17.421875,8.306933165433113,11.001953125,-15.953125,570.0,0.5736842105263158,0.843859649122807,3.0,7.443697917264664,
true_pair,73,42,1.0,full,references,da3c26c503abc5ef07c6fdd871939a863752a21883151b2ac892e158def5f024,04d3a52a5e31c6d6147e1ad27ff811d65b48a51109e0f23edf8389739df518a7,02b3b3662d75591a1230da3154149693de487b7678fe08b814a8a10fb13ba588,bb43d0ad549b7e57213aab7dca185a96972dab5a6e0ad093afcd5ecde5eef177,/workspace/pair-aware/results_v3/bf16/true_pair/lambda_1p0/split_73/model_seed_42,True,v3,full,1,validation,f1_macro,>,closest_to_zero_then_lower,15,positive_class_equal_width,true_pair,neuralmind/bert-large-portuguese-cased,aa302f6ea73b759f7df9cad58bd272127b67ec28,bf16,256,6,2e-05,8,0.01,0.1,linear,1.0,2,f1_macro,32.0,10000,0,1,0,1,4.0,1.0,False,,,,150.64477661903948,6.43624210357666,6.74609375,3,0.7627716411146496,5,2495,1.0,2994,0,299,0.21102175831350348,15,positive_class_equal_width,0.19722947667978513,0.933835385039554,0.45525769223977197,0.5,0.45964912280701753,0.7631578947368421,0.7627716411146496,0.7648830177456132,0.7631578947368421,570.0,0.7723440134907251,0.7435064935064936,0.8035087719298246,285.0,0.753199268738574,0.7862595419847328,0.7228070175438597,285.0,0.7627716411146496,0.7648830177456132,0.7631578947368421,570.0,0.7666666666666667,0.7666084804152467,0.7669328601005619,0.7666666666666666,570.0,0.770293609671848,0.7585034013605442,0.7824561403508772,285.0,0.7629233511586453,0.7753623188405797,0.7508771929824561,285.0,0.7666084804152468,0.7669328601005619,0.7666666666666667,570.0,0.7631578947368421,0.7627716411146496,0.7723440134907251,0.753199268738574,0.7627716411146496,79,56,0.7648830177456132,0.7435064935064936,0.7862595419847328,0.7648830177456132,0.7631578947368421,0.8035087719298246,0.7228070175438597,0.7631578947368421,229,206,0.7666666666666667,0.7666084804152467,0.770293609671848,0.7629233511586453,0.7666084804152468,71,62,0.7669328601005619,0.7585034013605442,0.7753623188405797,0.7669328601005619,0.4842105263157895,0.7666666666666666,0.7824561403508772,0.7508771929824561,0.7666666666666667,223,214,14.265625,5.623743318256579,6.09375,-12.53125,285,0.5578947368421052,0.8421052631578947,1,5.328174259808248,14.265625,5.623743318256579,6.09375,-12.53125,285,0.5614035087719298,0.8421052631578947,1,5.328174259808248,429,>,0.7627716411146496,validation,f1_macro,0.2934044820389496,-0.87890625,closest_to_zero_then_lower,0.7666084804152467,0.20833459411934996,15.0,positive_class_equal_width,0.19386788711252934,0.9279367045318613,0.42500187798367384,0.5,0.4192982456140351,0.7596491228070176,0.7580735104590066,0.7665941928225612,0.7596491228070175,1140.0,0.7775974025974026,0.7235649546827795,0.8403508771929824,570.0,0.7385496183206107,0.8096234309623431,0.6789473684210526,570.0,0.7580735104590066,0.7665941928225612,0.7596491228070176,1140.0,0.762280701754386,0.7618039798026058,0.7643973453222008,0.762280701754386,1140.0,0.7724601175482787,0.7407407407407407,0.8070175438596491,570.0,0.751147842056933,0.7880539499036608,0.7175438596491228,570.0,0.761803979802606,0.7643973453222007,0.762280701754386,1140.0,0.7596491228070176,0.7580735104590066,0.7775974025974026,0.7385496183206107,0.7580735104590066,183.0,91.0,0.7665941928225612,0.7235649546827795,0.8096234309623431,0.7665941928225612,0.7596491228070175,0.8403508771929824,0.6789473684210526,0.7596491228070176,479.0,387.0,0.762280701754386,0.7618039798026058,0.7724601175482787,0.751147842056933,0.761803979802606,161.0,110.0,0.7643973453222008,0.7407407407407407,0.7880539499036608,0.7643973453222007,0.45526315789473687,0.762280701754386,0.8070175438596491,0.7175438596491228,0.762280701754386,460.0,409.0,14.21875,5.84284309253358,6.17236328125,-12.65625,570.0,0.5491228070175439,0.8473684210526315,1.0,5.315154739951971,14.21875,5.84284309253358,6.17236328125,-12.65625,570.0,0.5614035087719298,0.8473684210526315,1.0,5.315154739951971,
true_pair,73,73,1.0,full,references,aa24b688b65a447265dc743685fc2436fe109076a4aed3642642b278c967b7c5,04d3a52a5e31c6d6147e1ad27ff811d65b48a51109e0f23edf8389739df518a7,02b3b3662d75591a1230da3154149693de487b7678fe08b814a8a10fb13ba588,bb43d0ad549b7e57213aab7dca185a96972dab5a6e0ad093afcd5ecde5eef177,/workspace/pair-aware/results_v3/bf16/true_pair/lambda_1p0/split_73/model_seed_73,True,v3,full,1,validation,f1_macro,>,closest_to_zero_then_lower,15,positive_class_equal_width,true_pair,neuralmind/bert-large-portuguese-cased,aa302f6ea73b759f7df9cad58bd272127b67ec28,bf16,256,6,2e-05,8,0.01,0.1,linear,1.0,2,f1_macro,32.0,10000,0,1,0,1,4.0,1.0,False,,,,180.57520533702336,6.43624210357666,6.74609375,4,0.7853703703703703,6,2994,1.0,2994,0,299,0.20279074664644717,15,positive_class_equal_width,0.20192862653715365,1.0832990662946642,0.45153528863637077,0.5,0.4473684210526316,0.7859649122807018,0.7853703703703703,0.7891690009337068,0.7859649122807018,570.0,0.7966666666666666,0.7587301587301587,0.8385964912280702,285.0,0.774074074074074,0.8196078431372549,0.7333333333333333,285.0,0.7853703703703703,0.7891690009337068,0.7859649122807018,570.0,0.787719298245614,0.7867208445817446,0.7932098765432098,0.787719298245614,570.0,0.8013136288998358,0.7530864197530864,0.856140350877193,285.0,0.7721280602636534,0.8333333333333334,0.7192982456140351,285.0,0.7867208445817446,0.79320987654321,0.787719298245614,570.0,0.7859649122807018,0.7853703703703703,0.7966666666666666,0.774074074074074,0.7853703703703703,76,46,0.7891690009337068,0.7587301587301587,0.8196078431372549,0.7891690009337068,0.7859649122807018,0.8385964912280702,0.7333333333333333,0.7859649122807018,239,209,0.787719298245614,0.7867208445817446,0.8013136288998358,0.7721280602636534,0.7867208445817446,80,41,0.7932098765432098,0.7530864197530864,0.8333333333333334,0.79320987654321,0.43157894736842106,0.787719298245614,0.856140350877193,0.7192982456140351,0.787719298245614,244,205,15.078125,7.306351939418859,9.19140625,-10.5546875,285,0.5894736842105263,0.856140350877193,1,6.262956756797295,15.078125,7.306351939418859,9.19140625,-10.5546875,285,0.5894736842105263,0.856140350877193,1,6.262956756797295,372,>,0.7853703703703703,validation,f1_macro,0.7306743976944328,0.998046875,closest_to_zero_then_lower,0.7867208445817446,0.2141364159283646,15.0,positive_class_equal_width,0.20892627898099014,1.1735229539315686,0.4270826308584036,0.5,0.4236842105263158,0.7710526315789473,0.7697114078532171,0.7775177968745568,0.7710526315789474,1140.0,0.7872860635696821,0.7351598173515982,0.8473684210526315,570.0,0.7521367521367521,0.8198757763975155,0.6947368421052632,570.0,0.7697114078532171,0.7775177968745568,0.7710526315789473,1140.0,0.7710526315789473,0.7691682874434345,0.7802021056918589,0.7710526315789474,1140.0,0.7900241351568785,0.7295690936106983,0.8614035087719298,570.0,0.7483124397299904,0.8308351177730193,0.6807017543859649,570.0,0.7691682874434345,0.7802021056918589,0.7710526315789473,1140.0,0.7710526315789473,0.7697114078532171,0.7872860635696821,0.7521367521367521,0.7697114078532171,174.0,87.0,0.7775177968745568,0.7351598173515982,0.8198757763975155,0.7775177968745568,0.7710526315789474,0.8473684210526315,0.6947368421052632,0.7710526315789473,483.0,396.0,0.7710526315789473,0.7691682874434345,0.7900241351568785,0.7483124397299904,0.7691682874434345,182.0,79.0,0.7802021056918589,0.7295690936106983,0.8308351177730193,0.7802021056918589,0.40964912280701754,0.7710526315789474,0.8614035087719298,0.6807017543859649,0.7710526315789473,491.0,388.0,15.34375,7.12713906806812,8.693359375,-14.265625,570.0,0.5649122807017544,0.8596491228070176,3.0,6.344455587267087,15.34375,7.12713906806812,8.693359375,-14.265625,570.0,0.5614035087719298,0.8596491228070176,3.0,6.344455587267087,
true_pair,73,101,1.0,full,references,a6e715a06de133eabbce62f8243909c1fc2ca25840fb46e1ad37fe42424d8741,04d3a52a5e31c6d6147e1ad27ff811d65b48a51109e0f23edf8389739df518a7,02b3b3662d75591a1230da3154149693de487b7678fe08b814a8a10fb13ba588,bb43d0ad549b7e57213aab7dca185a96972dab5a6e0ad093afcd5ecde5eef177,/workspace/pair-aware/results_v3/bf16/true_pair/lambda_1p0/split_73/model_seed_101,True,v3,full,1,validation,f1_macro,>,closest_to_zero_then_lower,15,positive_class_equal_width,true_pair,neuralmind/bert-large-portuguese-cased,aa302f6ea73b759f7df9cad58bd272127b67ec28,bf16,256,6,2e-05,8,0.01,0.1,linear,1.0,2,f1_macro,32.0,10000,0,1,0,1,4.0,1.0,False,,,,181.15010724402964,6.43624210357666,6.74609375,6,0.7746367500247109,6,2994,1.0,2994,0,299,0.2183321973581696,15,positive_class_equal_width,0.21751637654244754,1.5017423870886148,0.4439722848306369,0.5,0.44035087719298244,0.775438596491228,0.7746367500247109,0.7794152543431291,0.775438596491228,570.0,0.7880794701986755,0.7460815047021944,0.8350877192982457,285.0,0.7611940298507462,0.8127490039840638,0.7157894736842105,285.0,0.7746367500247109,0.7794152543431291,0.775438596491228,570.0,0.7771929824561403,0.7764436662126981,0.7809598682240191,0.7771929824561403,570.0,0.7893864013266998,0.7484276729559748,0.8350877192982457,285.0,0.7635009310986964,0.8134920634920635,0.7192982456140351,285.0,0.776443666212698,0.7809598682240191,0.7771929824561403,570.0,0.775438596491228,0.7746367500247109,0.7880794701986755,0.7611940298507462,0.7746367500247109,81,47,0.7794152543431291,0.7460815047021944,0.8127490039840638,0.7794152543431291,0.775438596491228,0.8350877192982457,0.7157894736842105,0.775438596491228,238,204,0.7771929824561403,0.7764436662126981,0.7893864013266998,0.7635009310986964,0.776443666212698,80,47,0.7809598682240191,0.7484276729559748,0.8134920634920635,0.7809598682240191,0.4421052631578947,0.7771929824561403,0.8350877192982457,0.7192982456140351,0.7771929824561403,238,205,17.9375,8.648400450589364,11.9765625,-15.640625,285,0.5649122807017544,0.8456140350877193,0,7.853432542685247,17.9375,8.648400450589364,11.9765625,-15.640625,285,0.5684210526315789,0.8456140350877193,0,7.853432542685247,316,>,0.7746367500247109,validation,f1_macro,0.48047867804790706,-0.078125,closest_to_zero_then_lower,0.7764436662126981,0.221842949183137,15.0,positive_class_equal_width,0.21874070744098736,1.462209524850998,0.4326545851511695,0.5,0.43508771929824563,0.7631578947368421,0.7621557130537723,0.7676693047485474,0.763157894736842,1140.0,0.7775947281713345,0.7329192546583851,0.8280701754385965,570.0,0.7467166979362101,0.8024193548387096,0.6982456140350877,570.0,0.7621557130537723,0.7676693047485474,0.7631578947368421,1140.0,0.7649122807017544,0.7640225534872944,0.76896875,0.7649122807017543,1140.0,0.7785123966942149,0.7359375,0.8263157894736842,570.0,0.7495327102803738,0.802,0.7035087719298245,570.0,0.7640225534872943,0.7689687500000001,0.7649122807017544,1140.0,0.7631578947368421,0.7621557130537723,0.7775947281713345,0.7467166979362101,0.7621557130537723,172.0,98.0,0.7676693047485474,0.7329192546583851,0.8024193548387096,0.7676693047485474,0.763157894736842,0.8280701754385965,0.6982456140350877,0.7631578947368421,472.0,398.0,0.7649122807017544,0.7640225534872944,0.7785123966942149,0.7495327102803738,0.7640225534872943,169.0,99.0,0.76896875,0.7359375,0.802,0.7689687500000001,0.43859649122807015,0.7649122807017543,0.8263157894736842,0.7035087719298245,0.7649122807017544,471.0,401.0,18.09375,8.549048882200006,10.87109375,-15.53125,570.0,0.5578947368421052,0.8526315789473684,5.0,7.861186387644398,18.09375,8.549048882200006,10.87109375,-15.53125,570.0,0.5596491228070175,0.8526315789473684,5.0,7.861186387644398,
true_pair,101,13,1.0,full,references,038276b7ff7cadea1199bbe5c940b4c7acac972e44769d4d26f92314633e4109,04d3a52a5e31c6d6147e1ad27ff811d65b48a51109e0f23edf8389739df518a7,19cfd33b81c6deff489e458f0eee040d005eaea9718d148a3418985c56da9eda,bb43d0ad549b7e57213aab7dca185a96972dab5a6e0ad093afcd5ecde5eef177,/workspace/pair-aware/results_v3/bf16/true_pair/lambda_1p0/split_101/model_seed_13,True,v3,full,1,validation,f1_macro,>,closest_to_zero_then_lower,15,positive_class_equal_width,true_pair,neuralmind/bert-large-portuguese-cased,aa302f6ea73b759f7df9cad58bd272127b67ec28,bf16,256,6,2e-05,8,0.01,0.1,linear,1.0,2,f1_macro,32.0,10000,0,1,0,1,4.0,1.0,False,,,,179.72690452903043,6.43624210357666,6.74609375,4,0.7615365783365511,6,2994,1.0,2994,0,299,0.22652941333854879,15,positive_class_equal_width,0.22862301789023437,1.2353948343609944,0.4149668020057989,0.5,0.41754385964912283,0.7631578947368421,0.7615365783365511,0.7705148324389997,0.763157894736842,570.0,0.7811993517017828,0.7259036144578314,0.8456140350877193,285.0,0.7418738049713193,0.8151260504201681,0.6807017543859649,285.0,0.7615365783365511,0.7705148324389998,0.7631578947368421,570.0,0.775438596491228,0.7753390237593762,0.7759277759277758,0.775438596491228,570.0,0.7706093189964157,0.7875457875457875,0.7543859649122807,285.0,0.7800687285223368,0.7643097643097643,0.7964912280701755,285.0,0.7753390237593762,0.775927775927776,0.775438596491228,570.0,0.7631578947368421,0.7615365783365511,0.7811993517017828,0.7418738049713193,0.7615365783365511,91,44,0.7705148324389997,0.7259036144578314,0.8151260504201681,0.7705148324389998,0.763157894736842,0.8456140350877193,0.6807017543859649,0.7631578947368421,241,194,0.775438596491228,0.7753390237593762,0.7706093189964157,0.7800687285223368,0.7753390237593762,58,70,0.7759277759277758,0.7875457875457875,0.7643097643097643,0.775927775927776,0.5210526315789473,0.775438596491228,0.7543859649122807,0.7964912280701755,0.775438596491228,215,227,15.828125,7.0149892706620065,8.6640625,-13.96875,285,0.5578947368421052,0.8526315789473684,0,6.705746599373406,15.828125,7.0149892706620065,8.6640625,-13.96875,285,0.5789473684210527,0.8526315789473684,0,6.705746599373406,367,>,0.7615365783365511,validation,f1_macro,0.008711384457705506,-4.734375,closest_to_zero_then_lower,0.7753390237593762,0.2547876127853705,15.0,positive_class_equal_width,0.25180874630281513,1.4254261763143892,0.4181293048539754,0.5,0.4219298245614035,0.7271929824561404,0.7255200401957452,0.7328703163301039,0.7271929824561403,1140.0,0.7469487388120423,0.6965098634294385,0.8052631578947368,570.0,0.7040913415794482,0.7692307692307693,0.6491228070175439,570.0,0.7255200401957452,0.7328703163301039,0.7271929824561404,1140.0,0.743859649122807,0.7436576680918174,0.7446306611172178,0.743859649122807,1140.0,0.7364620938628159,0.758364312267658,0.7157894736842105,570.0,0.7508532423208191,0.7308970099667774,0.7719298245614035,570.0,0.7436576680918175,0.7446306611172178,0.743859649122807,1140.0,0.7271929824561404,0.7255200401957452,0.7469487388120423,0.7040913415794482,0.7255200401957452,200.0,111.0,0.7328703163301039,0.6965098634294385,0.7692307692307693,0.7328703163301039,0.7271929824561403,0.8052631578947368,0.6491228070175439,0.7271929824561404,459.0,370.0,0.743859649122807,0.7436576680918174,0.7364620938628159,0.7508532423208191,0.7436576680918175,130.0,162.0,0.7446306611172178,0.758364312267658,0.7308970099667774,0.7446306611172178,0.5280701754385965,0.743859649122807,0.7157894736842105,0.7719298245614035,0.743859649122807,408.0,440.0,15.78125,6.260537077251233,5.22021484375,-11.546875,570.0,0.4789473684210526,0.8298245614035088,2.0,6.419344759250897,15.78125,6.260537077251233,5.22021484375,-11.546875,570.0,0.5052631578947369,0.8298245614035088,2.0,6.419344759250897,
true_pair,101,21,1.0,full,references,e57ce8afbc016ad1e5b5aafb5cdc972df1207fa60de7aee0ce98ca7ff950d94f,04d3a52a5e31c6d6147e1ad27ff811d65b48a51109e0f23edf8389739df518a7,19cfd33b81c6deff489e458f0eee040d005eaea9718d148a3418985c56da9eda,bb43d0ad549b7e57213aab7dca185a96972dab5a6e0ad093afcd5ecde5eef177,/workspace/pair-aware/results_v3/bf16/true_pair/lambda_1p0/split_101/model_seed_21,True,v3,full,1,validation,f1_macro,>,closest_to_zero_then_lower,15,positive_class_equal_width,true_pair,neuralmind/bert-large-portuguese-cased,aa302f6ea73b759f7df9cad58bd272127b67ec28,bf16,256,6,2e-05,8,0.01,0.1,linear,1.0,2,f1_macro,32.0,10000,0,1,0,1,4.0,1.0,False,,,,121.15471074194647,6.43624210357666,6.74609375,2,0.7609320388349514,4,1996,1.0,2994,0,299,0.19315879978383102,15,positive_class_equal_width,0.1554942719226619,0.6644244531430943,0.40610586503596885,0.5,0.40350877192982454,0.7631578947368421,0.7609320388349514,0.7733375959079284,0.763157894736842,570.0,0.784,0.7205882352941176,0.8596491228070176,285.0,0.7378640776699029,0.8260869565217391,0.6666666666666666,285.0,0.7609320388349514,0.7733375959079284,0.7631578947368421,570.0,0.7771929824561403,0.7766919311104326,0.7797033392963626,0.7771929824561403,570.0,0.7872696817420436,0.7532051282051282,0.8245614035087719,285.0,0.7661141804788214,0.8062015503875969,0.7298245614035088,285.0,0.7766919311104324,0.7797033392963626,0.7771929824561403,570.0,0.7631578947368421,0.7609320388349514,0.784,0.7378640776699029,0.7609320388349514,95,40,0.7733375959079284,0.7205882352941176,0.8260869565217391,0.7733375959079284,0.763157894736842,0.8596491228070176,0.6666666666666666,0.7631578947368421,245,190,0.7771929824561403,0.7766919311104326,0.7872696817420436,0.7661141804788214,0.7766919311104324,77,50,0.7797033392963626,0.7532051282051282,0.8062015503875969,0.7797033392963626,0.45263157894736844,0.7771929824561403,0.8245614035087719,0.7298245614035088,0.7771929824561403,235,208,8.359375,3.4672164113898027,3.80859375,-7.390625,285,0.5578947368421052,0.8631578947368421,0,3.2325724534481863,8.359375,3.4672164113898027,3.80859375,-7.390625,285,0.5859649122807018,0.8631578947368421,0,3.2325724534481863,448,>,0.7609320388349514,validation,f1_macro,0.25460162278743526,-1.07421875,closest_to_zero_then_lower,0.7766919311104326,0.22091449083121031,15.0,positive_class_equal_width,0.1784316888621677,0.7436290550627919,0.39536767183027366,0.5,0.3868421052631579,0.7201754385964912,0.7165458911781281,0.7320613510067833,0.7201754385964912,1140.0,0.7486209613869188,0.6795422031473534,0.8333333333333334,570.0,0.6844708209693373,0.7845804988662132,0.6070175438596491,570.0,0.7165458911781282,0.7320613510067833,0.7201754385964912,1140.0,0.7271929824561404,0.7268042945064193,0.7284933338698842,0.7271929824561404,1140.0,0.7371090448013525,0.7112561174551386,0.7649122807017544,570.0,0.7164995442114859,0.74573055028463,0.6894736842105263,570.0,0.7268042945064191,0.7284933338698842,0.7271929824561404,1140.0,0.7201754385964912,0.7165458911781281,0.7486209613869188,0.6844708209693373,0.7165458911781282,224.0,95.0,0.7320613510067833,0.6795422031473534,0.7845804988662132,0.7320613510067833,0.7201754385964912,0.8333333333333334,0.6070175438596491,0.7201754385964912,475.0,346.0,0.7271929824561404,0.7268042945064193,0.7371090448013525,0.7164995442114859,0.7268042945064191,177.0,134.0,0.7284933338698842,0.7112561174551386,0.74573055028463,0.7284933338698842,0.46228070175438596,0.7271929824561404,0.7649122807017544,0.6894736842105263,0.7271929824561404,436.0,393.0,8.75,3.0294128685666806,2.6923828125,-5.9140625,570.0,0.4666666666666667,0.8473684210526315,3.0,3.1143485605838133,8.75,3.0294128685666806,2.6923828125,-5.9140625,570.0,0.4807017543859649,0.8473684210526315,3.0,3.1143485605838133,
true_pair,101,40,1.0,full,references,49c6a5cd2ce95c1b8b016bb57e6b04ff969f9e6fdd10f3de962a6c56ffc09b6c,04d3a52a5e31c6d6147e1ad27ff811d65b48a51109e0f23edf8389739df518a7,19cfd33b81c6deff489e458f0eee040d005eaea9718d148a3418985c56da9eda,bb43d0ad549b7e57213aab7dca185a96972dab5a6e0ad093afcd5ecde5eef177,/workspace/pair-aware/results_v3/bf16/true_pair/lambda_1p0/split_101/model_seed_40,True,v3,full,1,validation,f1_macro,>,closest_to_zero_then_lower,15,positive_class_equal_width,true_pair,neuralmind/bert-large-portuguese-cased,aa302f6ea73b759f7df9cad58bd272127b67ec28,bf16,256,6,2e-05,8,0.01,0.1,linear,1.0,2,f1_macro,32.0,10000,0,1,0,1,4.0,1.0,False,,,,180.52559964510147,6.43624210357666,6.74609375,5,0.7580037869045,6,2994,1.0,2994,0,299,0.23093295823284923,15,positive_class_equal_width,0.2326937042301532,1.3351610658931756,0.4180188039452355,0.5,0.41754385964912283,0.7596491228070176,0.7580037869045,0.7669079680064796,0.7596491228070175,570.0,0.7779578606158833,0.7228915662650602,0.8421052631578947,285.0,0.7380497131931166,0.8109243697478992,0.6771929824561403,285.0,0.7580037869045,0.7669079680064798,0.7596491228070176,570.0,0.7807017543859649,0.7805497805497805,0.7814814814814814,0.7807017543859649,570.0,0.7863247863247863,0.7666666666666667,0.8070175438596491,285.0,0.7747747747747747,0.7962962962962963,0.7543859649122807,285.0,0.7805497805497805,0.7814814814814816,0.7807017543859649,570.0,0.7596491228070176,0.7580037869045,0.7779578606158833,0.7380497131931166,0.7580037869045,92,45,0.7669079680064796,0.7228915662650602,0.8109243697478992,0.7669079680064798,0.7596491228070175,0.8421052631578947,0.6771929824561403,0.7596491228070176,240,193,0.7807017543859649,0.7805497805497805,0.7863247863247863,0.7747747747747747,0.7805497805497805,70,55,0.7814814814814814,0.7666666666666667,0.7962962962962963,0.7814814814814816,0.47368421052631576,0.7807017543859649,0.8070175438596491,0.7543859649122807,0.7807017543859649,230,215,15.53125,7.20251893160636,9.28125,-14.796875,285,0.5508771929824562,0.8280701754385965,0,7.106111882709516,15.53125,7.20251893160636,9.28125,-14.796875,285,0.5789473684210527,0.8280701754385965,0,7.106111882709516,331,>,0.7580037869045,validation,f1_macro,0.019271137919768803,-3.9296875,closest_to_zero_then_lower,0.7805497805497805,0.24834675959213567,15.0,positive_class_equal_width,0.24398602290151386,1.4480860637939148,0.4326267840833687,0.5,0.4324561403508772,0.7412280701754386,0.7400420972565668,0.745711992626289,0.7412280701754386,1140.0,0.7576006573541495,0.7125193199381762,0.8087719298245614,570.0,0.7224835371589841,0.7789046653144016,0.6736842105263158,570.0,0.7400420972565668,0.7457119926262888,0.7412280701754386,1140.0,0.7421052631578947,0.742085417468257,0.742179802955665,0.7421052631578947,1140.0,0.7443478260869565,0.7379310344827587,0.7508771929824561,570.0,0.7398230088495575,0.7464285714285714,0.7333333333333333,570.0,0.742085417468257,0.742179802955665,0.7421052631578947,1140.0,0.7412280701754386,0.7400420972565668,0.7576006573541495,0.7224835371589841,0.7400420972565668,186.0,109.0,0.745711992626289,0.7125193199381762,0.7789046653144016,0.7457119926262888,0.7412280701754386,0.8087719298245614,0.6736842105263158,0.7412280701754386,461.0,384.0,0.7421052631578947,0.742085417468257,0.7443478260869565,0.7398230088495575,0.742085417468257,152.0,142.0,0.742179802955665,0.7379310344827587,0.7464285714285714,0.742179802955665,0.49122807017543857,0.7421052631578947,0.7508771929824561,0.7333333333333333,0.7421052631578947,428.0,418.0,15.609375,6.611042116399397,6.616119384765625,-14.96875,570.0,0.5052631578947369,0.8087719298245614,3.0,6.786826351085824,15.609375,6.611042116399397,6.616119384765625,-14.96875,570.0,0.5157894736842106,0.8087719298245614,3.0,6.786826351085824,
true_pair,101,42,1.0,full,references,a4378b03db206ae5ff86e3f31625d24f60b88b3c40d1417d69a6f56ae26e7168,04d3a52a5e31c6d6147e1ad27ff811d65b48a51109e0f23edf8389739df518a7,19cfd33b81c6deff489e458f0eee040d005eaea9718d148a3418985c56da9eda,bb43d0ad549b7e57213aab7dca185a96972dab5a6e0ad093afcd5ecde5eef177,/workspace/pair-aware/results_v3/bf16/true_pair/lambda_1p0/split_101/model_seed_42,True,v3,full,1,validation,f1_macro,>,closest_to_zero_then_lower,15,positive_class_equal_width,true_pair,neuralmind/bert-large-portuguese-cased,aa302f6ea73b759f7df9cad58bd272127b67ec28,bf16,256,6,2e-05,8,0.01,0.1,linear,1.0,2,f1_macro,32.0,10000,0,1,0,1,4.0,1.0,False,,,,121.20755062904209,6.43624210357666,6.74609375,2,0.7548035560653857,4,1996,1.0,2994,0,299,0.19271083074784612,15,positive_class_equal_width,0.16705868086324072,0.6502099765188023,0.3970914474844472,0.5,0.387719298245614,0.7578947368421053,0.7548035560653857,0.7715904523590349,0.7578947368421053,570.0,0.7823343848580442,0.7106017191977078,0.8701754385964913,285.0,0.7272727272727273,0.832579185520362,0.6456140350877193,285.0,0.7548035560653857,0.7715904523590349,0.7578947368421053,570.0,0.7929824561403509,0.7929799074165271,0.7929968850420458,0.7929824561403509,570.0,0.7922535211267606,0.7950530035335689,0.7894736842105263,285.0,0.7937062937062938,0.7909407665505227,0.7964912280701755,285.0,0.7929799074165271,0.7929968850420458,0.7929824561403509,570.0,0.7578947368421053,0.7548035560653857,0.7823343848580442,0.7272727272727273,0.7548035560653857,101,37,0.7715904523590349,0.7106017191977078,0.832579185520362,0.7715904523590349,0.7578947368421053,0.8701754385964913,0.6456140350877193,0.7578947368421053,248,184,0.7929824561403509,0.7929799074165271,0.7922535211267606,0.7937062937062938,0.7929799074165271,58,60,0.7929968850420458,0.7950530035335689,0.7909407665505227,0.7929968850420458,0.5035087719298246,0.7929824561403509,0.7894736842105263,0.7964912280701755,0.7929824561403509,225,227,9.578125,3.762274598238761,4.01953125,-7.625,285,0.543859649122807,0.8631578947368421,1,3.4876536977208046,9.578125,3.762274598238761,4.01953125,-7.625,285,0.6,0.8631578947368421,1,3.4876536977208046,460,>,0.7548035560653857,validation,f1_macro,0.18010666408646392,-1.515625,closest_to_zero_then_lower,0.7929799074165271,0.21817500697790393,15.0,positive_class_equal_width,0.18181303371348184,0.7637046435577863,0.40784347858411263,0.5,0.41228070175438597,0.7298245614035088,0.7277295285359802,0.7371228961575103,0.7298245614035088,1140.0,0.7516129032258064,0.6955223880597015,0.8175438596491228,570.0,0.7038461538461539,0.7787234042553192,0.6421052631578947,570.0,0.7277295285359802,0.7371228961575104,0.7298245614035088,1140.0,0.7385964912280701,0.7385836175373364,0.7386435001046683,0.7385964912280703,1140.0,0.7367491166077739,0.7419928825622776,0.7315789473684211,570.0,0.740418118466899,0.7352941176470589,0.7456140350877193,570.0,0.7385836175373364,0.7386435001046683,0.7385964912280701,1140.0,0.7298245614035088,0.7277295285359802,0.7516129032258064,0.7038461538461539,0.7277295285359802,204.0,104.0,0.7371228961575103,0.6955223880597015,0.7787234042553192,0.7371228961575104,0.7298245614035088,0.8175438596491228,0.6421052631578947,0.7298245614035088,466.0,366.0,0.7385964912280701,0.7385836175373364,0.7367491166077739,0.740418118466899,0.7385836175373364,145.0,153.0,0.7386435001046683,0.7419928825622776,0.7352941176470589,0.7386435001046683,0.5070175438596491,0.7385964912280703,0.7315789473684211,0.7456140350877193,0.7385964912280701,417.0,425.0,9.9375,3.348570607837878,3.0224609375,-7.6484375,570.0,0.4807017543859649,0.8192982456140351,3.0,3.3512331721665554,9.9375,3.348570607837878,3.0224609375,-7.6484375,570.0,0.5,0.8192982456140351,3.0,3.3512331721665554,
true_pair,101,73,1.0,full,references,a7d362613ab05b525bf28dabc0f824c22c9c45689052f13539ac0254abc9b01e,04d3a52a5e31c6d6147e1ad27ff811d65b48a51109e0f23edf8389739df518a7,19cfd33b81c6deff489e458f0eee040d005eaea9718d148a3418985c56da9eda,bb43d0ad549b7e57213aab7dca185a96972dab5a6e0ad093afcd5ecde5eef177,/workspace/pair-aware/results_v3/bf16/true_pair/lambda_1p0/split_101/model_seed_73,True,v3,full,1,validation,f1_macro,>,closest_to_zero_then_lower,15,positive_class_equal_width,true_pair,neuralmind/bert-large-portuguese-cased,aa302f6ea73b759f7df9cad58bd272127b67ec28,bf16,256,6,2e-05,8,0.01,0.1,linear,1.0,2,f1_macro,32.0,10000,0,1,0,1,4.0,1.0,False,,,,179.68447945604566,6.43624210357666,6.74609375,4,0.782284594817708,6,2994,1.0,2994,0,299,0.20455630852664533,15,positive_class_equal_width,0.20172805697748597,1.182420504080223,0.4775649070138614,0.5,0.47192982456140353,0.7824561403508772,0.782284594817708,0.7833491830206623,0.7824561403508772,570.0,0.78839590443686,0.7674418604651163,0.8105263157894737,285.0,0.776173285198556,0.7992565055762082,0.7543859649122807,285.0,0.7822845948177081,0.7833491830206621,0.7824561403508772,570.0,0.7859649122807018,0.7858700070206555,0.7864727864727865,0.7859649122807018,570.0,0.7903780068728522,0.7744107744107744,0.8070175438596491,285.0,0.7813620071684588,0.7985347985347986,0.7649122807017544,285.0,0.7858700070206556,0.7864727864727865,0.7859649122807018,570.0,0.7824561403508772,0.782284594817708,0.78839590443686,0.776173285198556,0.7822845948177081,70,54,0.7833491830206623,0.7674418604651163,0.7992565055762082,0.7833491830206621,0.7824561403508772,0.8105263157894737,0.7543859649122807,0.7824561403508772,231,215,0.7859649122807018,0.7858700070206555,0.7903780068728522,0.7813620071684588,0.7858700070206556,67,55,0.7864727864727865,0.7744107744107744,0.7985347985347986,0.7864727864727865,0.4789473684210526,0.7859649122807018,0.8070175438596491,0.7649122807017544,0.7859649122807018,230,218,15.78125,7.567822693941886,10.6171875,-14.890625,285,0.5929824561403508,0.8421052631578947,1,7.0106701669330915,15.78125,7.567822693941886,10.6171875,-14.890625,285,0.6,0.8421052631578947,1,7.0106701669330915,355,>,0.782284594817708,validation,f1_macro,0.3640989756121607,-0.5576171875,closest_to_zero_then_lower,0.7858700070206555,0.24307046040207372,15.0,positive_class_equal_width,0.23997943249481815,1.3915098019003884,0.4710049147842813,0.5,0.4692982456140351,0.7429824561403509,0.7427399634158083,0.743902062253804,0.7429824561403509,1140.0,0.7506382978723404,0.7289256198347107,0.7736842105263158,570.0,0.7348416289592761,0.7588785046728972,0.712280701754386,570.0,0.7427399634158082,0.743902062253804,0.7429824561403509,1140.0,0.7403508771929824,0.7401709401709402,0.7410185185185185,0.7403508771929825,1140.0,0.747008547008547,0.7283333333333334,0.7666666666666667,570.0,0.7333333333333333,0.7537037037037037,0.7140350877192982,570.0,0.7401709401709402,0.7410185185185185,0.7403508771929824,1140.0,0.7429824561403509,0.7427399634158083,0.7506382978723404,0.7348416289592761,0.7427399634158082,164.0,129.0,0.743902062253804,0.7289256198347107,0.7588785046728972,0.743902062253804,0.7429824561403509,0.7736842105263158,0.712280701754386,0.7429824561403509,441.0,406.0,0.7403508771929824,0.7401709401709402,0.747008547008547,0.7333333333333333,0.7401709401709402,163.0,133.0,0.7410185185185185,0.7283333333333334,0.7537037037037037,0.7410185185185185,0.47368421052631576,0.7403508771929825,0.7666666666666667,0.7140350877192982,0.7403508771929824,437.0,407.0,15.984375,6.68860580712034,6.9853515625,-14.09375,570.0,0.5140350877192983,0.8245614035087719,1.0,6.775344928767477,15.984375,6.68860580712034,6.9853515625,-14.09375,570.0,0.512280701754386,0.8245614035087719,1.0,6.775344928767477,
true_pair,101,101,1.0,full,references,22d52e183fb578740752f66af7cf1b876f70e59683778b85fd9abac883bef709,04d3a52a5e31c6d6147e1ad27ff811d65b48a51109e0f23edf8389739df518a7,19cfd33b81c6deff489e458f0eee040d005eaea9718d148a3418985c56da9eda,bb43d0ad549b7e57213aab7dca185a96972dab5a6e0ad093afcd5ecde5eef177,/workspace/pair-aware/results_v3/bf16/true_pair/lambda_1p0/split_101/model_seed_101,True,v3,full,1,validation,f1_macro,>,closest_to_zero_then_lower,15,positive_class_equal_width,true_pair,neuralmind/bert-large-portuguese-cased,aa302f6ea73b759f7df9cad58bd272127b67ec28,bf16,256,6,2e-05,8,0.01,0.1,linear,1.0,2,f1_macro,32.0,10000,0,1,0,1,4.0,1.0,False,,,,121.20957900001667,6.43624210357666,6.74609375,2,0.7588408052845641,4,1996,1.0,2994,0,299,0.1847403615431344,15,positive_class_equal_width,0.12641348938123395,0.5942049019941601,0.42610125073393024,0.5,0.4421052631578947,0.7596491228070176,0.7588408052845641,0.7631775980832585,0.7596491228070175,570.0,0.7728026533996684,0.7327044025157232,0.8175438596491228,285.0,0.74487895716946,0.7936507936507936,0.7017543859649122,285.0,0.7588408052845641,0.7631775980832584,0.7596491228070176,570.0,0.7719298245614035,0.7715895640165713,0.7735599014131607,0.7719298245614035,570.0,0.7627737226277372,0.7946768060836502,0.7333333333333333,285.0,0.7804054054054054,0.752442996742671,0.8105263157894737,285.0,0.7715895640165713,0.7735599014131607,0.7719298245614035,570.0,0.7596491228070176,0.7588408052845641,0.7728026533996684,0.74487895716946,0.7588408052845641,85,52,0.7631775980832585,0.7327044025157232,0.7936507936507936,0.7631775980832584,0.7596491228070175,0.8175438596491228,0.7017543859649122,0.7596491228070176,233,200,0.7719298245614035,0.7715895640165713,0.7627737226277372,0.7804054054054054,0.7715895640165713,54,76,0.7735599014131607,0.7946768060836502,0.752442996742671,0.7735599014131607,0.5385964912280702,0.7719298245614035,0.7333333333333333,0.8105263157894737,0.7719298245614035,209,231,7.7109375,2.9997182946456107,2.935546875,-5.49609375,285,0.543859649122807,0.856140350877193,1,2.7246188300349132,7.7109375,2.9997182946456107,2.935546875,-5.49609375,285,0.5614035087719298,0.856140350877193,1,2.7246188300349132,480,>,0.7588408052845641,validation,f1_macro,0.21304953207082516,-1.306640625,closest_to_zero_then_lower,0.7715895640165713,0.21105347591083892,15.0,positive_class_equal_width,0.14978209430960648,0.6716048040453002,0.44643852632920655,0.5,0.4614035087719298,0.724561403508772,0.7241504734661669,0.7259075314895778,0.724561403508772,1140.0,0.7347972972972973,0.7084690553745928,0.7631578947368421,570.0,0.7135036496350365,0.7433460076045627,0.6859649122807018,570.0,0.7241504734661669,0.7259075314895778,0.724561403508772,1140.0,0.7324561403508771,0.7316879122201996,0.7351492469931098,0.7324561403508771,1140.0,0.7173308619091752,0.7603143418467584,0.6789473684210526,570.0,0.746044962531224,0.7099841521394612,0.7859649122807018,570.0,0.7316879122201996,0.7351492469931098,0.7324561403508771,1140.0,0.724561403508772,0.7241504734661669,0.7347972972972973,0.7135036496350365,0.7241504734661669,179.0,135.0,0.7259075314895778,0.7084690553745928,0.7433460076045627,0.7259075314895778,0.724561403508772,0.7631578947368421,0.6859649122807018,0.724561403508772,435.0,391.0,0.7324561403508771,0.7316879122201996,0.7173308619091752,0.746044962531224,0.7316879122201996,122.0,183.0,0.7351492469931098,0.7603143418467584,0.7099841521394612,0.7351492469931098,0.5535087719298246,0.7324561403508771,0.6789473684210526,0.7859649122807018,0.7324561403508771,387.0,448.0,8.6484375,2.602621647349575,2.352783203125,-6.35546875,570.0,0.47719298245614034,0.8140350877192982,1.0,2.7785444341446857,8.6484375,2.602621647349575,2.352783203125,-6.35546875,570.0,0.49473684210526314,0.8140350877192982,1.0,2.7785444341446857,
shuffled_pair,13,13,1.0,full,references,15eb4ba3261bedb38514b6c0c8c73e7e74a4af3b31d838c905a9d67c71338807,6f73fce89770788c038461239046424942c8678ffe34d4964a5048cccb1d236b,9ce99da3bd3c0afda70f6d676fc22c54e49d0829cdc88be60b0a15fded3d53d6,bb43d0ad549b7e57213aab7dca185a96972dab5a6e0ad093afcd5ecde5eef177,/workspace/pair-aware/results_v3/bf16/shuffled_pair/lambda_1p0/split_13/model_seed_13,True,v3,full,1,validation,f1_macro,>,closest_to_zero_then_lower,15,positive_class_equal_width,shuffled_pair,neuralmind/bert-large-portuguese-cased,aa302f6ea73b759f7df9cad58bd272127b67ec28,bf16,256,6,2e-05,8,0.01,0.1,linear,1.0,2,f1_macro,32.0,10000,0,1,0,1,4.0,1.0,False,,,,150.92810769099742,6.43624210357666,6.74609375,3,0.7925508290564548,5,2495,1.0,2994,0,299,0.17137118426907227,15,positive_class_equal_width,0.13986157611138428,0.6218775011085657,0.44292269270501944,0.5,0.4543859649122807,0.7929824561403509,0.7925508290564548,0.7954412841872649,0.7929824561403509,570.0,0.802013422818792,0.7684887459807074,0.8385964912280702,285.0,0.7830882352941176,0.8223938223938224,0.7473684210526316,285.0,0.7925508290564548,0.7954412841872649,0.7929824561403509,570.0,0.8017543859649123,0.8017391304347826,0.8018472906403942,0.8017543859649123,570.0,0.8034782608695652,0.7965517241379311,0.8105263157894737,285.0,0.8,0.8071428571428572,0.7929824561403509,285.0,0.8017391304347826,0.8018472906403941,0.8017543859649123,570.0,0.7929824561403509,0.7925508290564548,0.802013422818792,0.7830882352941176,0.7925508290564548,72,46,0.7954412841872649,0.7684887459807074,0.8223938223938224,0.7954412841872649,0.7929824561403509,0.8385964912280702,0.7473684210526316,0.7929824561403509,239,213,0.8017543859649123,0.8017391304347826,0.8034782608695652,0.8,0.8017391304347826,59,54,0.8018472906403942,0.7965517241379311,0.8071428571428572,0.8018472906403941,0.49122807017543857,0.8017543859649123,0.8105263157894737,0.7929824561403509,0.8017543859649123,231,226,10.7265625,4.489586974026864,5.0859375,-4.58203125,285,0.6035087719298246,0.8912280701754386,0,3.638392119909283,10.7265625,4.489586974026864,5.0859375,-4.58203125,285,0.6105263157894737,0.8912280701754386,0,3.638392119909283,462,>,0.7925508290564548,validation,f1_macro,0.3259495159352553,-0.7265625,closest_to_zero_then_lower,0.8017391304347826,0.1888507965190553,15.0,positive_class_equal_width,0.1404638595321336,0.669551232777032,0.441669205961608,0.5,0.4394736842105263,0.7535087719298246,0.7526024470996009,0.7572788694910648,0.7535087719298246,1140.0,0.7675765095119934,0.7261345852895149,0.8140350877192982,570.0,0.7376283846872083,0.7884231536926147,0.6929824561403509,570.0,0.7526024470996008,0.7572788694910648,0.7535087719298246,1140.0,0.7587719298245614,0.758749468056044,0.7588683381622581,0.7587719298245614,1140.0,0.7610773240660296,0.7538726333907056,0.7684210526315789,570.0,0.7564216120460585,0.7638640429338104,0.7491228070175439,570.0,0.758749468056044,0.758868338162258,0.7587719298245614,1140.0,0.7535087719298246,0.7526024470996009,0.7675765095119934,0.7376283846872083,0.7526024470996008,175.0,106.0,0.7572788694910648,0.7261345852895149,0.7884231536926147,0.7572788694910648,0.7535087719298246,0.8140350877192982,0.6929824561403509,0.7535087719298246,464.0,395.0,0.7587719298245614,0.758749468056044,0.7610773240660296,0.7564216120460585,0.758749468056044,143.0,132.0,0.7588683381622581,0.7538726333907056,0.7638640429338104,0.758868338162258,0.4903508771929825,0.7587719298245614,0.7684210526315789,0.7491228070175439,0.7587719298245614,438.0,427.0,11.203125,3.985866653710081,3.931640625,-8.49609375,570.0,0.5491228070175439,0.8473684210526315,1.0,3.82692055125211,11.203125,3.985866653710081,3.931640625,-8.49609375,570.0,0.5526315789473685,0.8473684210526315,1.0,3.82692055125211,
shuffled_pair,13,21,1.0,full,references,f0ffa1f3c531c3a45fceb7713b2351f92b5f93db87a2bdf3b5a0d87b185ae999,6f73fce89770788c038461239046424942c8678ffe34d4964a5048cccb1d236b,9ce99da3bd3c0afda70f6d676fc22c54e49d0829cdc88be60b0a15fded3d53d6,bb43d0ad549b7e57213aab7dca185a96972dab5a6e0ad093afcd5ecde5eef177,/workspace/pair-aware/results_v3/bf16/shuffled_pair/lambda_1p0/split_13/model_seed_21,True,v3,full,1,validation,f1_macro,>,closest_to_zero_then_lower,15,positive_class_equal_width,shuffled_pair,neuralmind/bert-large-portuguese-cased,aa302f6ea73b759f7df9cad58bd272127b67ec28,bf16,256,6,2e-05,8,0.01,0.1,linear,1.0,2,f1_macro,32.0,10000,0,1,0,1,4.0,1.0,False,,,,179.5156025030883,6.43624210357666,6.74609375,4,0.7859227425531653,6,2994,1.0,2994,0,299,0.18611145304298674,15,positive_class_equal_width,0.17165079446094075,0.8074549868969897,0.48684090618923476,0.5,0.48596491228070177,0.7859649122807018,0.7859227425531653,0.7861904116509161,0.7859649122807018,570.0,0.7889273356401384,0.7781569965870307,0.8,285.0,0.7829181494661922,0.7942238267148014,0.7719298245614035,285.0,0.7859227425531653,0.7861904116509161,0.7859649122807018,570.0,0.7964912280701755,0.7955827067669172,0.8018575851393188,0.7964912280701755,570.0,0.7819548872180451,0.8421052631578947,0.7298245614035088,285.0,0.8092105263157895,0.7616099071207431,0.8631578947368421,285.0,0.7955827067669172,0.8018575851393189,0.7964912280701755,570.0,0.7859649122807018,0.7859227425531653,0.7889273356401384,0.7829181494661922,0.7859227425531653,65,57,0.7861904116509161,0.7781569965870307,0.7942238267148014,0.7861904116509161,0.7859649122807018,0.8,0.7719298245614035,0.7859649122807018,228,220,0.7964912280701755,0.7955827067669172,0.7819548872180451,0.8092105263157895,0.7955827067669172,39,77,0.8018575851393188,0.8421052631578947,0.7616099071207431,0.8018575851393189,0.5666666666666667,0.7964912280701755,0.7298245614035088,0.8631578947368421,0.7964912280701755,208,246,13.984375,6.366387189898575,7.6640625,-10.40625,285,0.5929824561403508,0.8421052631578947,2,5.328867723281334,13.984375,6.366387189898575,7.6640625,-10.40625,285,0.6,0.8421052631578947,2,5.328867723281334,426,>,0.7859227425531653,validation,f1_macro,0.09367800267455072,-2.26953125,closest_to_zero_then_lower,0.7955827067669172,0.2020822555264479,15.0,positive_class_equal_width,0.18201824960408164,0.8853429597944138,0.49005298518276785,0.5,0.48596491228070177,0.7666666666666667,0.7666206947505818,0.7668769482879708,0.7666666666666666,1140.0,0.7698961937716263,0.7593856655290102,0.7807017543859649,570.0,0.7633451957295374,0.7743682310469314,0.7526315789473684,570.0,0.7666206947505818,0.7668769482879709,0.7666666666666667,1140.0,0.7517543859649123,0.7502320623003084,0.758045485663088,0.7517543859649123,1140.0,0.730732635585157,0.7983367983367984,0.6736842105263158,570.0,0.7697314890154597,0.7177541729893778,0.8298245614035088,570.0,0.7502320623003084,0.7580454856630882,0.7517543859649123,1140.0,0.7666666666666667,0.7666206947505818,0.7698961937716263,0.7633451957295374,0.7666206947505818,141.0,125.0,0.7668769482879708,0.7593856655290102,0.7743682310469314,0.7668769482879709,0.7666666666666666,0.7807017543859649,0.7526315789473684,0.7666666666666667,445.0,429.0,0.7517543859649123,0.7502320623003084,0.730732635585157,0.7697314890154597,0.7502320623003084,97.0,186.0,0.758045485663088,0.7983367983367984,0.7177541729893778,0.7580454856630882,0.5780701754385965,0.7517543859649123,0.6736842105263158,0.8298245614035088,0.7517543859649123,384.0,473.0,14.03125,5.654274468672903,5.94580078125,-12.65625,570.0,0.5578947368421052,0.8385964912280702,3.0,5.363004136940723,14.03125,5.654274468672903,5.94580078125,-12.65625,570.0,0.5350877192982456,0.8385964912280702,3.0,5.363004136940723,
shuffled_pair,13,40,1.0,full,references,8a85740810708f022bf547470240c7057b722bb07274da566c8f5b39268914f3,6f73fce89770788c038461239046424942c8678ffe34d4964a5048cccb1d236b,9ce99da3bd3c0afda70f6d676fc22c54e49d0829cdc88be60b0a15fded3d53d6,bb43d0ad549b7e57213aab7dca185a96972dab5a6e0ad093afcd5ecde5eef177,/workspace/pair-aware/results_v3/bf16/shuffled_pair/lambda_1p0/split_13/model_seed_40,True,v3,full,1,validation,f1_macro,>,closest_to_zero_then_lower,15,positive_class_equal_width,shuffled_pair,neuralmind/bert-large-portuguese-cased,aa302f6ea73b759f7df9cad58bd272127b67ec28,bf16,256,6,2e-05,8,0.01,0.1,linear,1.0,2,f1_macro,32.0,10000,0,1,0,1,4.0,1.0,False,,,,150.86612490797415,6.43624210357666,6.74609375,3,0.8017488942445312,5,2495,1.0,2994,0,299,0.15931981026434555,15,positive_class_equal_width,0.1314797536061964,0.5792025126101934,0.5105542406920128,0.5,0.5052631578947369,0.8017543859649123,0.8017488942445312,0.8017878250591017,0.8017543859649123,570.0,0.800705467372134,0.8049645390070922,0.7964912280701755,285.0,0.8027923211169284,0.7986111111111112,0.8070175438596491,285.0,0.8017488942445311,0.8017878250591017,0.8017543859649123,570.0,0.8122807017543859,0.81202555638771,0.8139854426619133,0.8122807017543859,570.0,0.8189509306260575,0.7908496732026143,0.8491228070175438,285.0,0.8051001821493625,0.8371212121212122,0.775438596491228,285.0,0.81202555638771,0.8139854426619133,0.8122807017543859,570.0,0.8017543859649123,0.8017488942445312,0.800705467372134,0.8027923211169284,0.8017488942445311,55,58,0.8017878250591017,0.8049645390070922,0.7986111111111112,0.8017878250591017,0.8017543859649123,0.7964912280701755,0.8070175438596491,0.8017543859649123,227,230,0.8122807017543859,0.81202555638771,0.8189509306260575,0.8051001821493625,0.81202555638771,64,43,0.8139854426619133,0.7908496732026143,0.8371212121212122,0.8139854426619133,0.4631578947368421,0.8122807017543859,0.8491228070175438,0.775438596491228,0.8122807017543859,242,221,10.53125,4.884832656592653,5.767578125,-7.5390625,285,0.6210526315789474,0.8982456140350877,0,3.7581340576670166,10.53125,4.884832656592653,5.767578125,-7.5390625,285,0.6385964912280702,0.8982456140350877,0,3.7581340576670166,424,>,0.8017488942445312,validation,f1_macro,0.759938752041015,1.15234375,closest_to_zero_then_lower,0.81202555638771,0.18827149702933835,15.0,positive_class_equal_width,0.15234896862544406,0.6851320186594846,0.5225027360464596,0.5,0.5201754385964912,0.769298245614035,0.7692043006117448,0.7697374302881577,0.7692982456140351,1140.0,0.7645478961504029,0.7806215722120659,0.7491228070175439,570.0,0.7738607050730868,0.7588532883642496,0.7894736842105263,570.0,0.7692043006117448,0.7697374302881577,0.769298245614035,1140.0,0.769298245614035,0.7690549678755167,0.7704377633055256,0.7692982456140351,1140.0,0.7765505522514868,0.7528830313014827,0.8017543859649123,570.0,0.7615593834995467,0.7879924953095685,0.7368421052631579,570.0,0.7690549678755166,0.7704377633055255,0.769298245614035,1140.0,0.769298245614035,0.7692043006117448,0.7645478961504029,0.7738607050730868,0.7692043006117448,120.0,143.0,0.7697374302881577,0.7806215722120659,0.7588532883642496,0.7697374302881577,0.7692982456140351,0.7491228070175439,0.7894736842105263,0.769298245614035,427.0,450.0,0.769298245614035,0.7690549678755167,0.7765505522514868,0.7615593834995467,0.7690549678755166,150.0,113.0,0.7704377633055256,0.7528830313014827,0.7879924953095685,0.7704377633055255,0.4675438596491228,0.7692982456140351,0.8017543859649123,0.7368421052631579,0.769298245614035,457.0,420.0,10.75,4.296112515633566,4.67333984375,-9.25,570.0,0.5649122807017544,0.8333333333333334,1.0,3.9429398504276336,10.75,4.296112515633566,4.67333984375,-9.25,570.0,0.5561403508771929,0.8333333333333334,1.0,3.9429398504276336,
shuffled_pair,13,42,1.0,full,references,87acd23ecb1f369b79f111e4caa1bf3aa2c155adfefffd0d5871933f0f5cd9b5,6f73fce89770788c038461239046424942c8678ffe34d4964a5048cccb1d236b,9ce99da3bd3c0afda70f6d676fc22c54e49d0829cdc88be60b0a15fded3d53d6,bb43d0ad549b7e57213aab7dca185a96972dab5a6e0ad093afcd5ecde5eef177,/workspace/pair-aware/results_v3/bf16/shuffled_pair/lambda_1p0/split_13/model_seed_42,True,v3,full,1,validation,f1_macro,>,closest_to_zero_then_lower,15,positive_class_equal_width,shuffled_pair,neuralmind/bert-large-portuguese-cased,aa302f6ea73b759f7df9cad58bd272127b67ec28,bf16,256,6,2e-05,8,0.01,0.1,linear,1.0,2,f1_macro,32.0,10000,0,1,0,1,4.0,1.0,False,,,,181.19735158002004,6.43624210357666,6.74609375,6,0.7941279067972673,6,2994,1.0,2994,0,299,0.19258943118795788,15,positive_class_equal_width,0.19351517757243197,1.1911437706996284,0.446009245809106,0.5,0.4456140350877193,0.7947368421052632,0.7941279067972673,0.7982657231137247,0.7947368421052632,570.0,0.8053244592346089,0.7658227848101266,0.8491228070175438,285.0,0.7829313543599258,0.8307086614173228,0.7403508771929824,285.0,0.7941279067972673,0.7982657231137247,0.7947368421052632,570.0,0.8175438596491228,0.8175236406619385,0.817684661715257,0.8175438596491228,570.0,0.8156028368794326,0.8243727598566308,0.8070175438596491,285.0,0.8194444444444444,0.8109965635738832,0.8280701754385965,285.0,0.8175236406619385,0.817684661715257,0.8175438596491228,570.0,0.7947368421052632,0.7941279067972673,0.8053244592346089,0.7829313543599258,0.7941279067972673,74,43,0.7982657231137247,0.7658227848101266,0.8307086614173228,0.7982657231137247,0.7947368421052632,0.8491228070175438,0.7403508771929824,0.7947368421052632,242,211,0.8175438596491228,0.8175236406619385,0.8156028368794326,0.8194444444444444,0.8175236406619385,49,55,0.817684661715257,0.8243727598566308,0.8109965635738832,0.817684661715257,0.5105263157894737,0.8175438596491228,0.8070175438596491,0.8280701754385965,0.8175438596491228,230,236,18.3125,9.244752796909266,12.421875,-15.28125,285,0.6140350877192983,0.8947368421052632,0,7.4238651887621545,18.3125,9.244752796909266,12.421875,-15.28125,285,0.6421052631578947,0.8947368421052632,0,7.4238651887621545,365,>,0.7941279067972673,validation,f1_macro,0.013636835281429876,-4.28125,closest_to_zero_then_lower,0.8175236406619385,0.21070664346102463,15.0,positive_class_equal_width,0.20659438475404845,1.3100709469492422,0.452061575836749,0.5,0.45,0.7763157894736842,0.7757551774172273,0.7791068580542264,0.7763157894736843,1140.0,0.7869674185463659,0.7511961722488039,0.8263157894736842,570.0,0.7645429362880887,0.8070175438596491,0.7263157894736842,570.0,0.7757551774172272,0.7791068580542265,0.7763157894736842,1140.0,0.7736842105263158,0.7733766053646223,0.7751782531194296,0.7736842105263158,1140.0,0.7650273224043715,0.7954545454545454,0.7368421052631579,570.0,0.7817258883248731,0.7549019607843137,0.8105263157894737,570.0,0.7733766053646224,0.7751782531194297,0.7736842105263158,1140.0,0.7763157894736842,0.7757551774172273,0.7869674185463659,0.7645429362880887,0.7757551774172272,156.0,99.0,0.7791068580542264,0.7511961722488039,0.8070175438596491,0.7791068580542265,0.7763157894736843,0.8263157894736842,0.7263157894736842,0.7763157894736842,471.0,414.0,0.7736842105263158,0.7733766053646223,0.7650273224043715,0.7817258883248731,0.7733766053646224,108.0,150.0,0.7751782531194296,0.7954545454545454,0.7549019607843137,0.7751782531194297,0.5368421052631579,0.7736842105263158,0.7368421052631579,0.8105263157894737,0.7736842105263158,420.0,462.0,18.46875,8.279669671309621,10.197265625,-18.0625,570.0,0.5736842105263158,0.856140350877193,1.0,7.602825991185787,18.46875,8.279669671309621,10.197265625,-18.0625,570.0,0.5807017543859649,0.856140350877193,1.0,7.602825991185787,
shuffled_pair,13,73,1.0,full,references,74c0ffd29b41821d98ea23f5602ac7cb4c24f03accc9908ae0d587418ff18502,6f73fce89770788c038461239046424942c8678ffe34d4964a5048cccb1d236b,9ce99da3bd3c0afda70f6d676fc22c54e49d0829cdc88be60b0a15fded3d53d6,bb43d0ad549b7e57213aab7dca185a96972dab5a6e0ad093afcd5ecde5eef177,/workspace/pair-aware/results_v3/bf16/shuffled_pair/lambda_1p0/split_13/model_seed_73,True,v3,full,1,validation,f1_macro,>,closest_to_zero_then_lower,15,positive_class_equal_width,shuffled_pair,neuralmind/bert-large-portuguese-cased,aa302f6ea73b759f7df9cad58bd272127b67ec28,bf16,256,6,2e-05,8,0.01,0.1,linear,1.0,2,f1_macro,32.0,10000,0,1,0,1,4.0,1.0,False,,,,91.30692856002133,6.43624210357666,6.74609375,1,0.766665948494763,3,1497,1.0,2994,0,299,0.16966305003851925,15,positive_class_equal_width,0.06707873235457257,0.514880049240917,0.5327242290526111,0.5,0.4982456140350877,0.7666666666666667,0.766665948494763,0.7666699497685413,0.7666666666666666,570.0,0.7670753064798599,0.7657342657342657,0.7684210526315789,285.0,0.7662565905096661,0.7676056338028169,0.7649122807017544,285.0,0.766665948494763,0.7666699497685414,0.7666666666666667,570.0,0.7719298245614035,0.7717499784379197,0.7727895861379046,0.7719298245614035,570.0,0.7781569965870307,0.7574750830564784,0.8,285.0,0.7653429602888087,0.7881040892193308,0.743859649122807,285.0,0.7717499784379197,0.7727895861379047,0.7719298245614035,570.0,0.7666666666666667,0.766665948494763,0.7670753064798599,0.7662565905096661,0.766665948494763,67,66,0.7666699497685413,0.7657342657342657,0.7676056338028169,0.7666699497685414,0.7666666666666666,0.7684210526315789,0.7649122807017544,0.7666666666666667,219,218,0.7719298245614035,0.7717499784379197,0.7781569965870307,0.7653429602888087,0.7717499784379197,73,57,0.7727895861379046,0.7574750830564784,0.7881040892193308,0.7727895861379047,0.47192982456140353,0.7719298245614035,0.8,0.743859649122807,0.7719298245614035,228,212,5.15625,1.9225517942194352,1.958984375,-2.583984375,285,0.5473684210526316,0.8666666666666667,0,1.7352716750958856,5.15625,1.9225517942194352,1.958984375,-2.583984375,285,0.5578947368421052,0.8666666666666667,0,1.7352716750958856,495,>,0.766665948494763,validation,f1_macro,0.5559174577936432,0.224609375,closest_to_zero_then_lower,0.7717499784379197,0.17930657606955488,15.0,positive_class_equal_width,0.05958021329988439,0.542743482982547,0.5315872709399658,0.5,0.4885964912280702,0.7447368421052631,0.7447036433639032,0.7448642106851517,0.7447368421052631,1140.0,0.7476149176062445,0.7392795883361921,0.756140350877193,570.0,0.7417923691215617,0.7504488330341114,0.7333333333333333,570.0,0.7447036433639032,0.7448642106851519,0.7447368421052631,1140.0,0.7412280701754386,0.7407091293054197,0.74317481593179,0.7412280701754386,1140.0,0.7523089840470193,0.7214170692431562,0.7859649122807018,570.0,0.72910927456382,0.7649325626204239,0.6964912280701754,570.0,0.7407091293054197,0.74317481593179,0.7412280701754386,1140.0,0.7447368421052631,0.7447036433639032,0.7476149176062445,0.7417923691215617,0.7447036433639032,152.0,139.0,0.7448642106851517,0.7392795883361921,0.7504488330341114,0.7448642106851519,0.7447368421052631,0.756140350877193,0.7333333333333333,0.7447368421052631,431.0,418.0,0.7412280701754386,0.7407091293054197,0.7523089840470193,0.72910927456382,0.7407091293054197,173.0,122.0,0.74317481593179,0.7214170692431562,0.7649325626204239,0.74317481593179,0.45526315789473687,0.7412280701754386,0.7859649122807018,0.6964912280701754,0.7412280701754386,448.0,397.0,5.55078125,1.78682447734632,1.408935546875,-4.8671875,570.0,0.5157894736842106,0.8473684210526315,0.0,1.8601421125183173,5.55078125,1.78682447734632,1.408935546875,-4.8671875,570.0,0.5017543859649123,0.8473684210526315,0.0,1.8601421125183173,
shuffled_pair,13,101,1.0,full,references,ec28ae8a73e088921e3ca5bd06272e1a2435743501cc7c1552be4d5ea7cde56d,6f73fce89770788c038461239046424942c8678ffe34d4964a5048cccb1d236b,9ce99da3bd3c0afda70f6d676fc22c54e49d0829cdc88be60b0a15fded3d53d6,bb43d0ad549b7e57213aab7dca185a96972dab5a6e0ad093afcd5ecde5eef177,/workspace/pair-aware/results_v3/bf16/shuffled_pair/lambda_1p0/split_13/model_seed_101,True,v3,full,1,validation,f1_macro,>,closest_to_zero_then_lower,15,positive_class_equal_width,shuffled_pair,neuralmind/bert-large-portuguese-cased,aa302f6ea73b759f7df9cad58bd272127b67ec28,bf16,256,6,2e-05,8,0.01,0.1,linear,1.0,2,f1_macro,32.0,10000,0,1,0,1,4.0,1.0,False,,,,180.7332011969993,6.43624210357666,6.74609375,4,0.7997534668721109,6,2994,1.0,2994,0,299,0.17802549653303842,15,positive_class_equal_width,0.16643232347022396,0.8242431735512994,0.4679903803216773,0.5,0.4649122807017544,0.8,0.7997534668721109,0.8014846891432106,0.8,570.0,0.8067796610169492,0.780327868852459,0.8350877192982457,285.0,0.7927272727272727,0.8226415094339623,0.7649122807017544,285.0,0.799753466872111,0.8014846891432106,0.8,570.0,0.8052631578947368,0.8052481723739899,0.8053571428571429,0.8052631578947369,570.0,0.8069565217391305,0.8,0.8140350877192982,285.0,0.8035398230088495,0.8107142857142857,0.7964912280701755,285.0,0.80524817237399,0.8053571428571429,0.8052631578947368,570.0,0.8,0.7997534668721109,0.8067796610169492,0.7927272727272727,0.799753466872111,67,47,0.8014846891432106,0.780327868852459,0.8226415094339623,0.8014846891432106,0.8,0.8350877192982457,0.7649122807017544,0.8,238,218,0.8052631578947368,0.8052481723739899,0.8069565217391305,0.8035398230088495,0.80524817237399,58,53,0.8053571428571429,0.8,0.8107142857142857,0.8053571428571429,0.49122807017543857,0.8052631578947369,0.8140350877192982,0.7964912280701755,0.8052631578947368,232,227,14.140625,6.818382718270285,8.2578125,-9.5078125,285,0.6140350877192983,0.8982456140350877,1,5.300927299384356,14.140625,6.818382718270285,8.2578125,-9.5078125,285,0.6280701754385964,0.8982456140350877,1,5.300927299384356,400,>,0.7997534668721109,validation,f1_macro,0.3139453676293908,-0.78173828125,closest_to_zero_then_lower,0.8052481723739899,0.21018675163696393,15.0,positive_class_equal_width,0.19561698510617204,0.9514188185254776,0.49051221942624507,0.5,0.4956140350877193,0.7657894736842106,0.7657849681626685,0.7658099268949596,0.7657894736842106,1140.0,0.7668122270742358,0.7634782608695653,0.7701754385964912,570.0,0.7647577092511013,0.768141592920354,0.7614035087719299,570.0,0.7657849681626686,0.7658099268949597,0.7657894736842106,1140.0,0.7649122807017544,0.764876820449991,0.7650721888242831,0.7649122807017543,1140.0,0.7619893428063943,0.7715827338129496,0.7526315789473684,570.0,0.7677642980935875,0.7585616438356164,0.7771929824561403,570.0,0.7648768204499908,0.765072188824283,0.7649122807017544,1140.0,0.7657894736842106,0.7657849681626685,0.7668122270742358,0.7647577092511013,0.7657849681626686,136.0,131.0,0.7658099268949596,0.7634782608695653,0.768141592920354,0.7658099268949597,0.7657894736842106,0.7701754385964912,0.7614035087719299,0.7657894736842106,439.0,434.0,0.7649122807017544,0.764876820449991,0.7619893428063943,0.7677642980935875,0.7648768204499908,127.0,141.0,0.7650721888242831,0.7715827338129496,0.7585616438356164,0.765072188824283,0.512280701754386,0.7649122807017543,0.7526315789473684,0.7771929824561403,0.7649122807017544,429.0,443.0,14.03125,6.119896521484643,6.53515625,-11.640625,570.0,0.5614035087719298,0.8368421052631579,2.0,5.645858612096514,14.03125,6.119896521484643,6.53515625,-11.640625,570.0,0.5578947368421052,0.8368421052631579,2.0,5.645858612096514,
shuffled_pair,21,13,1.0,full,references,368f2b379d142116d455e42a8d6fc71c84645d9074bc3080f48408761e01ac18,6f73fce89770788c038461239046424942c8678ffe34d4964a5048cccb1d236b,777957b527fbf66016b0c688daf6670149d9247f4acbb5d1d1a9c08a11b46d65,bb43d0ad549b7e57213aab7dca185a96972dab5a6e0ad093afcd5ecde5eef177,/workspace/pair-aware/results_v3/bf16/shuffled_pair/lambda_1p0/split_21/model_seed_13,True,v3,full,1,validation,f1_macro,>,closest_to_zero_then_lower,15,positive_class_equal_width,shuffled_pair,neuralmind/bert-large-portuguese-cased,aa302f6ea73b759f7df9cad58bd272127b67ec28,bf16,256,6,2e-05,8,0.01,0.1,linear,1.0,2,f1_macro,32.0,10000,0,1,0,1,4.0,1.0,False,,,,150.6473016809905,6.43624210357666,6.74609375,3,0.7972966704702531,5,2495,1.0,2994,0,299,0.16955950122415894,15,positive_class_equal_width,0.13054675193667561,0.6028743835186002,0.4184649288090054,0.5,0.43157894736842106,0.7982456140350878,0.7972966704702531,0.8039370671484494,0.7982456140350878,570.0,0.8111658456486043,0.7623456790123457,0.8666666666666667,285.0,0.783427495291902,0.8455284552845529,0.7298245614035088,285.0,0.7972966704702531,0.8039370671484494,0.7982456140350878,570.0,0.8105263157894737,0.8099272561103632,0.814491091133527,0.8105263157894738,570.0,0.8205980066445183,0.7791798107255521,0.8666666666666667,285.0,0.7992565055762082,0.849802371541502,0.7543859649122807,285.0,0.8099272561103632,0.814491091133527,0.8105263157894737,570.0,0.7982456140350878,0.7972966704702531,0.8111658456486043,0.783427495291902,0.7972966704702531,77,38,0.8039370671484494,0.7623456790123457,0.8455284552845529,0.8039370671484494,0.7982456140350878,0.8666666666666667,0.7298245614035088,0.7982456140350878,247,208,0.8105263157894737,0.8099272561103632,0.8205980066445183,0.7992565055762082,0.8099272561103632,70,38,0.814491091133527,0.7791798107255521,0.849802371541502,0.814491091133527,0.443859649122807,0.8105263157894738,0.8666666666666667,0.7543859649122807,0.8105263157894737,247,215,10.953125,3.949901701274671,3.8046875,-6.453125,285,0.6140350877192983,0.8736842105263158,0,3.3450410278376417,10.953125,3.949901701274671,3.8046875,-6.453125,285,0.6350877192982456,0.8736842105263158,0,3.3450410278376417,489,>,0.7972966704702531,validation,f1_macro,0.46781798872397673,-0.12890625,closest_to_zero_then_lower,0.8099272561103632,0.18195383922540323,15.0,positive_class_equal_width,0.13162996811691433,0.6209484676524119,0.44854304398511,0.5,0.4692982456140351,0.762280701754386,0.7620564166746895,0.7632733451764888,0.762280701754386,1140.0,0.7693617021276595,0.7471074380165289,0.7929824561403509,570.0,0.7547511312217194,0.7794392523364486,0.7315789473684211,570.0,0.7620564166746895,0.7632733451764888,0.762280701754386,1140.0,0.7640350877192983,0.763921553532593,0.764543982730707,0.7640350877192983,1140.0,0.769098712446352,0.7529411764705882,0.7859649122807018,570.0,0.758744394618834,0.7761467889908257,0.7421052631578947,570.0,0.7639215535325931,0.764543982730707,0.7640350877192983,1140.0,0.762280701754386,0.7620564166746895,0.7693617021276595,0.7547511312217194,0.7620564166746895,153.0,118.0,0.7632733451764888,0.7471074380165289,0.7794392523364486,0.7632733451764888,0.762280701754386,0.7929824561403509,0.7315789473684211,0.762280701754386,452.0,417.0,0.7640350877192983,0.763921553532593,0.769098712446352,0.758744394618834,0.7639215535325931,147.0,122.0,0.764543982730707,0.7529411764705882,0.7761467889908257,0.764543982730707,0.4780701754385965,0.7640350877192983,0.7859649122807018,0.7421052631578947,0.7640350877192983,448.0,423.0,10.9609375,3.87276825486568,3.951171875,-8.3203125,570.0,0.5596491228070175,0.8543859649122807,2.0,3.6713274039558668,10.9609375,3.87276825486568,3.951171875,-8.3203125,570.0,0.5596491228070175,0.8543859649122807,2.0,3.6713274039558668,
shuffled_pair,21,21,1.0,full,references,b9c856f03a29202d62ff50fd11a11e38d2d1c102ccfd314df4584916172b7d9d,6f73fce89770788c038461239046424942c8678ffe34d4964a5048cccb1d236b,777957b527fbf66016b0c688daf6670149d9247f4acbb5d1d1a9c08a11b46d65,bb43d0ad549b7e57213aab7dca185a96972dab5a6e0ad093afcd5ecde5eef177,/workspace/pair-aware/results_v3/bf16/shuffled_pair/lambda_1p0/split_21/model_seed_21,True,v3,full,1,validation,f1_macro,>,closest_to_zero_then_lower,15,positive_class_equal_width,shuffled_pair,neuralmind/bert-large-portuguese-cased,aa302f6ea73b759f7df9cad58bd272127b67ec28,bf16,256,6,2e-05,8,0.01,0.1,linear,1.0,2,f1_macro,32.0,10000,0,1,0,1,4.0,1.0,False,,,,121.24985555000603,6.43624210357666,6.74609375,2,0.7644221279115673,4,1996,1.0,2994,0,299,0.1759154689526815,15,positive_class_equal_width,0.09834034703722888,0.5419255440895019,0.4475902766910815,0.5,0.4543859649122807,0.7649122807017544,0.7644221279115673,0.7671355324088442,0.7649122807017543,570.0,0.7751677852348994,0.7427652733118971,0.8105263157894737,285.0,0.7536764705882353,0.7915057915057915,0.7192982456140351,285.0,0.7644221279115673,0.7671355324088442,0.7649122807017544,570.0,0.775438596491228,0.7754358317738599,0.7754521613868335,0.775438596491228,570.0,0.7762237762237763,0.7735191637630662,0.7789473684210526,285.0,0.7746478873239436,0.7773851590106007,0.7719298245614035,285.0,0.77543583177386,0.7754521613868334,0.775438596491228,570.0,0.7649122807017544,0.7644221279115673,0.7751677852348994,0.7536764705882353,0.7644221279115673,80,54,0.7671355324088442,0.7427652733118971,0.7915057915057915,0.7671355324088442,0.7649122807017543,0.8105263157894737,0.7192982456140351,0.7649122807017544,231,205,0.775438596491228,0.7754358317738599,0.7762237762237763,0.7746478873239436,0.77543583177386,65,63,0.7754521613868335,0.7735191637630662,0.7773851590106007,0.7754521613868334,0.4964912280701754,0.775438596491228,0.7789473684210526,0.7719298245614035,0.775438596491228,222,220,7.140625,2.461648827268366,2.4375,-5.19921875,285,0.5578947368421052,0.8456140350877193,1,2.3831685632074273,7.140625,2.461648827268366,2.4375,-5.19921875,285,0.5684210526315789,0.8456140350877193,1,2.3831685632074273,464,>,0.7644221279115673,validation,f1_macro,0.38861802670584894,-0.453125,closest_to_zero_then_lower,0.7754358317738599,0.17733750481779237,15.0,positive_class_equal_width,0.09683037948470002,0.5460148772219664,0.4578835134283435,0.5,0.45087719298245615,0.7526315789473684,0.7520332226733639,0.7550937954525677,0.7526315789473684,1140.0,0.7642140468227425,0.7300319488817891,0.8017543859649123,570.0,0.7398523985239852,0.7801556420233463,0.7035087719298245,570.0,0.7520332226733639,0.7550937954525677,0.7526315789473684,1140.0,0.7578947368421053,0.7578917561311928,0.7579074377316211,0.7578947368421053,1140.0,0.7570422535211268,0.7597173144876325,0.7543859649122807,570.0,0.7587412587412588,0.7560975609756098,0.7614035087719299,570.0,0.7578917561311928,0.7579074377316212,0.7578947368421053,1140.0,0.7526315789473684,0.7520332226733639,0.7642140468227425,0.7398523985239852,0.7520332226733639,169.0,113.0,0.7550937954525677,0.7300319488817891,0.7801556420233463,0.7550937954525677,0.7526315789473684,0.8017543859649123,0.7035087719298245,0.7526315789473684,457.0,401.0,0.7578947368421053,0.7578917561311928,0.7570422535211268,0.7587412587412588,0.7578917561311928,136.0,140.0,0.7579074377316211,0.7597173144876325,0.7560975609756098,0.7579074377316212,0.5035087719298246,0.7578947368421053,0.7543859649122807,0.7614035087719299,0.7578947368421053,430.0,434.0,6.7109375,2.501915168762207,2.39208984375,-5.7734375,570.0,0.5263157894736842,0.8456140350877193,2.0,2.380810272520349,6.7109375,2.501915168762207,2.39208984375,-5.7734375,570.0,0.5385964912280702,0.8456140350877193,2.0,2.380810272520349,
shuffled_pair,21,40,1.0,full,references,f31c8a17c6f1f1e2be2a371c68259ebf403218953260d90fbb33c009a47ab62d,6f73fce89770788c038461239046424942c8678ffe34d4964a5048cccb1d236b,777957b527fbf66016b0c688daf6670149d9247f4acbb5d1d1a9c08a11b46d65,bb43d0ad549b7e57213aab7dca185a96972dab5a6e0ad093afcd5ecde5eef177,/workspace/pair-aware/results_v3/bf16/shuffled_pair/lambda_1p0/split_21/model_seed_40,True,v3,full,1,validation,f1_macro,>,closest_to_zero_then_lower,15,positive_class_equal_width,shuffled_pair,neuralmind/bert-large-portuguese-cased,aa302f6ea73b759f7df9cad58bd272127b67ec28,bf16,256,6,2e-05,8,0.01,0.1,linear,1.0,2,f1_macro,32.0,10000,0,1,0,1,4.0,1.0,False,,,,179.90086526505183,6.43624210357666,6.74609375,4,0.7752498517499713,6,2994,1.0,2994,0,299,0.20445569398330612,15,positive_class_equal_width,0.19258861119160034,0.9782967261487158,0.39982204122927784,0.5,0.4070175438596491,0.7771929824561403,0.7752498517499713,0.7871225260150989,0.7771929824561403,570.0,0.7961476725521669,0.7337278106508875,0.8701754385964913,285.0,0.7543520309477756,0.8405172413793104,0.6842105263157895,285.0,0.7752498517499713,0.787122526015099,0.7771929824561403,570.0,0.7842105263157895,0.7833938364099792,0.7885625,0.7842105263157895,570.0,0.7966942148760331,0.753125,0.8456140350877193,285.0,0.7700934579439253,0.824,0.7228070175438597,285.0,0.7833938364099792,0.7885624999999999,0.7842105263157895,570.0,0.7771929824561403,0.7752498517499713,0.7961476725521669,0.7543520309477756,0.7752498517499713,90,37,0.7871225260150989,0.7337278106508875,0.8405172413793104,0.787122526015099,0.7771929824561403,0.8701754385964913,0.6842105263157895,0.7771929824561403,248,195,0.7842105263157895,0.7833938364099792,0.7966942148760331,0.7700934579439253,0.7833938364099792,79,44,0.7885625,0.753125,0.824,0.7885624999999999,0.43859649122807015,0.7842105263157895,0.8456140350877193,0.7228070175438597,0.7842105263157895,241,206,13.84375,5.85896574321546,6.7333984375,-10.5703125,285,0.5684210526315789,0.856140350877193,0,5.173841977594451,13.84375,5.85896574321546,6.7333984375,-10.5703125,285,0.5789473684210527,0.856140350877193,0,5.173841977594451,426,>,0.7752498517499713,validation,f1_macro,0.17781086947804958,-1.53125,closest_to_zero_then_lower,0.7833938364099792,0.21026767358163487,15.0,positive_class_equal_width,0.1967530651280151,0.9494298349106075,0.42282972349980796,0.5,0.42543859649122806,0.7570175438596491,0.7556591546571234,0.7628629889037539,0.7570175438596491,1140.0,0.7738775510204081,0.7236641221374046,0.8315789473684211,570.0,0.7374407582938388,0.8020618556701031,0.6824561403508772,570.0,0.7556591546571234,0.7628629889037538,0.7570175438596491,1140.0,0.7640350877192983,0.7638124578800424,0.7650343708967329,0.7640350877192983,1140.0,0.7710638297872341,0.7487603305785124,0.7947368421052632,570.0,0.7565610859728507,0.7813084112149533,0.7333333333333333,570.0,0.7638124578800424,0.7650343708967329,0.7640350877192983,1140.0,0.7570175438596491,0.7556591546571234,0.7738775510204081,0.7374407582938388,0.7556591546571234,181.0,96.0,0.7628629889037539,0.7236641221374046,0.8020618556701031,0.7628629889037538,0.7570175438596491,0.8315789473684211,0.6824561403508772,0.7570175438596491,474.0,389.0,0.7640350877192983,0.7638124578800424,0.7710638297872341,0.7565610859728507,0.7638124578800424,152.0,117.0,0.7650343708967329,0.7487603305785124,0.7813084112149533,0.7650343708967329,0.4692982456140351,0.7640350877192983,0.7947368421052632,0.7333333333333333,0.7640350877192983,453.0,418.0,13.59375,5.8176693029571,7.060546875,-13.359375,570.0,0.5543859649122806,0.8456140350877193,0.0,5.5558903125735775,13.59375,5.8176693029571,7.060546875,-13.359375,570.0,0.5684210526315789,0.8456140350877193,0.0,5.5558903125735775,
shuffled_pair,21,42,1.0,full,references,6fdf4d140f832f9cf0d91d3b4c12d53528a176aef418835c759b6301b6935043,6f73fce89770788c038461239046424942c8678ffe34d4964a5048cccb1d236b,777957b527fbf66016b0c688daf6670149d9247f4acbb5d1d1a9c08a11b46d65,bb43d0ad549b7e57213aab7dca185a96972dab5a6e0ad093afcd5ecde5eef177,/workspace/pair-aware/results_v3/bf16/shuffled_pair/lambda_1p0/split_21/model_seed_42,True,v3,full,1,validation,f1_macro,>,closest_to_zero_then_lower,15,positive_class_equal_width,shuffled_pair,neuralmind/bert-large-portuguese-cased,aa302f6ea73b759f7df9cad58bd272127b67ec28,bf16,256,6,2e-05,8,0.01,0.1,linear,1.0,2,f1_macro,32.0,10000,0,1,0,1,4.0,1.0,False,,,,180.76588943402749,6.43624210357666,6.74609375,5,0.779446588928683,6,2994,1.0,2994,0,299,0.2067033791124347,15,positive_class_equal_width,0.2019505197992247,1.163895874736853,0.4167996450658145,0.5,0.4245614035087719,0.7807017543859649,0.779446588928683,0.7872404757105422,0.7807017543859649,570.0,0.7960848287112561,0.7439024390243902,0.856140350877193,285.0,0.7628083491461101,0.8305785123966942,0.7052631578947368,285.0,0.7794465889286831,0.7872404757105422,0.7807017543859649,570.0,0.7842105263157895,0.7842098621417732,0.7842140254112084,0.7842105263157895,570.0,0.7838312829525483,0.7852112676056338,0.7824561403508772,285.0,0.7845884413309983,0.7832167832167832,0.7859649122807018,285.0,0.7842098621417734,0.7842140254112085,0.7842105263157895,570.0,0.7807017543859649,0.779446588928683,0.7960848287112561,0.7628083491461101,0.7794465889286831,84,41,0.7872404757105422,0.7439024390243902,0.8305785123966942,0.7872404757105422,0.7807017543859649,0.856140350877193,0.7052631578947368,0.7807017543859649,244,201,0.7842105263157895,0.7842098621417732,0.7838312829525483,0.7845884413309983,0.7842098621417734,61,62,0.7842140254112084,0.7852112676056338,0.7832167832167832,0.7842140254112085,0.5017543859649123,0.7842105263157895,0.7824561403508772,0.7859649122807018,0.7842105263157895,223,224,16.234375,7.471259080317982,9.04541015625,-9.390625,285,0.5754385964912281,0.8491228070175438,1,6.407633736484077,16.234375,7.471259080317982,9.04541015625,-9.390625,285,0.5859649122807018,0.8491228070175438,1,6.407633736484077,386,>,0.779446588928683,validation,f1_macro,0.01032815251930519,-4.5625,closest_to_zero_then_lower,0.7842098621417732,0.224013334877164,15.0,positive_class_equal_width,0.218800897036319,1.2247250653427133,0.45172356341359543,0.5,0.4535087719298246,0.7570175438596491,0.7564912156237975,0.759259029280545,0.7570175438596491,1140.0,0.7678122380553227,0.7351524879614767,0.8035087719298246,570.0,0.7451701931922723,0.7833655705996132,0.7105263157894737,570.0,0.7564912156237976,0.759259029280545,0.7570175438596491,1140.0,0.7473684210526316,0.7468002998417502,0.7496086762075134,0.7473684210526316,1140.0,0.7348066298342542,0.7732558139534884,0.7,570.0,0.7587939698492462,0.7259615384615384,0.7947368421052632,570.0,0.7468002998417502,0.7496086762075134,0.7473684210526316,1140.0,0.7570175438596491,0.7564912156237975,0.7678122380553227,0.7451701931922723,0.7564912156237976,165.0,112.0,0.759259029280545,0.7351524879614767,0.7833655705996132,0.759259029280545,0.7570175438596491,0.8035087719298246,0.7105263157894737,0.7570175438596491,458.0,405.0,0.7473684210526316,0.7468002998417502,0.7348066298342542,0.7587939698492462,0.7468002998417502,117.0,171.0,0.7496086762075134,0.7732558139534884,0.7259615384615384,0.7496086762075134,0.5473684210526316,0.7473684210526316,0.7,0.7947368421052632,0.7473684210526316,399.0,453.0,16.3125,7.159050469649466,8.73828125,-16.015625,570.0,0.5456140350877193,0.8473684210526315,4.0,6.90348841338267,16.3125,7.159050469649466,8.73828125,-16.015625,570.0,0.5368421052631579,0.8473684210526315,4.0,6.90348841338267,
shuffled_pair,21,73,1.0,full,references,78ad2b07bffbef4414e3b4f787e791e05d84d1ce69bfea46e30b3455f05863c6,6f73fce89770788c038461239046424942c8678ffe34d4964a5048cccb1d236b,777957b527fbf66016b0c688daf6670149d9247f4acbb5d1d1a9c08a11b46d65,bb43d0ad549b7e57213aab7dca185a96972dab5a6e0ad093afcd5ecde5eef177,/workspace/pair-aware/results_v3/bf16/shuffled_pair/lambda_1p0/split_21/model_seed_73,True,v3,full,1,validation,f1_macro,>,closest_to_zero_then_lower,15,positive_class_equal_width,shuffled_pair,neuralmind/bert-large-portuguese-cased,aa302f6ea73b759f7df9cad58bd272127b67ec28,bf16,256,6,2e-05,8,0.01,0.1,linear,1.0,2,f1_macro,32.0,10000,0,1,0,1,4.0,1.0,False,,,,91.42115912004374,6.43624210357666,6.74609375,1,0.7445378151260504,3,1497,1.0,2994,0,299,0.17384138068699215,15,positive_class_equal_width,0.06767041824180561,0.5232806991848353,0.46790164704399123,0.5,0.39473684210526316,0.7473684210526316,0.7445378151260504,0.758840579710145,0.7473684210526316,570.0,0.7714285714285715,0.7043478260869566,0.8526315789473684,285.0,0.7176470588235294,0.8133333333333334,0.6421052631578947,285.0,0.7445378151260504,0.758840579710145,0.7473684210526316,570.0,0.7543859649122807,0.753170429941231,0.7594976452119309,0.7543859649122807,570.0,0.7704918032786885,0.7230769230769231,0.8245614035087719,285.0,0.7358490566037735,0.7959183673469388,0.6842105263157895,285.0,0.753170429941231,0.759497645211931,0.7543859649122807,570.0,0.7473684210526316,0.7445378151260504,0.7714285714285715,0.7176470588235294,0.7445378151260504,102,42,0.758840579710145,0.7043478260869566,0.8133333333333334,0.758840579710145,0.7473684210526316,0.8526315789473684,0.6421052631578947,0.7473684210526316,243,183,0.7543859649122807,0.753170429941231,0.7704918032786885,0.7358490566037735,0.753170429941231,90,50,0.7594976452119309,0.7230769230769231,0.7959183673469388,0.759497645211931,0.4298245614035088,0.7543859649122807,0.8245614035087719,0.6842105263157895,0.7543859649122807,235,195,4.45703125,1.366337920071786,1.1181640625,-2.32421875,285,0.5157894736842106,0.8350877192982457,0,1.41378945923201,4.45703125,1.366337920071786,1.1181640625,-2.32421875,285,0.5333333333333333,0.8350877192982457,0,1.41378945923201,492,>,0.7445378151260504,validation,f1_macro,0.444820994535836,-0.22161865234375,closest_to_zero_then_lower,0.753170429941231,0.18022212157706466,15.0,positive_class_equal_width,0.05329793113640933,0.5405298050708256,0.48124131679748,0.5,0.42719298245614035,0.7324561403508771,0.7310303695102772,0.7374917848753659,0.7324561403508771,1140.0,0.7506132461161079,0.7029096477794793,0.8052631578947368,570.0,0.7114474929044465,0.7720739219712526,0.6596491228070176,570.0,0.7310303695102773,0.7374917848753659,0.7324561403508771,1140.0,0.7517543859649123,0.7516349429357763,0.7522396114409067,0.7517543859649123,1140.0,0.7570815450643776,0.7411764705882353,0.7736842105263158,570.0,0.7461883408071749,0.763302752293578,0.7298245614035088,570.0,0.7516349429357763,0.7522396114409067,0.7517543859649123,1140.0,0.7324561403508771,0.7310303695102772,0.7506132461161079,0.7114474929044465,0.7310303695102773,194.0,111.0,0.7374917848753659,0.7029096477794793,0.7720739219712526,0.7374917848753659,0.7324561403508771,0.8052631578947368,0.6596491228070176,0.7324561403508771,459.0,376.0,0.7517543859649123,0.7516349429357763,0.7570815450643776,0.7461883408071749,0.7516349429357763,154.0,129.0,0.7522396114409067,0.7411764705882353,0.763302752293578,0.7522396114409067,0.4780701754385965,0.7517543859649123,0.7736842105263158,0.7298245614035088,0.7517543859649123,441.0,416.0,4.45703125,1.3500986182898806,1.270751953125,-4.08984375,570.0,0.49473684210526314,0.8315789473684211,2.0,1.4342166985428266,4.45703125,1.3500986182898806,1.270751953125,-4.08984375,570.0,0.5280701754385965,0.8315789473684211,2.0,1.4342166985428266,
shuffled_pair,21,101,1.0,full,references,c43ced36c6b40f1961c379450bcbf27b5f0a91a96afe30ab2ec8a8270dea3326,6f73fce89770788c038461239046424942c8678ffe34d4964a5048cccb1d236b,777957b527fbf66016b0c688daf6670149d9247f4acbb5d1d1a9c08a11b46d65,bb43d0ad549b7e57213aab7dca185a96972dab5a6e0ad093afcd5ecde5eef177,/workspace/pair-aware/results_v3/bf16/shuffled_pair/lambda_1p0/split_21/model_seed_101,True,v3,full,1,validation,f1_macro,>,closest_to_zero_then_lower,15,positive_class_equal_width,shuffled_pair,neuralmind/bert-large-portuguese-cased,aa302f6ea73b759f7df9cad58bd272127b67ec28,bf16,256,6,2e-05,8,0.01,0.1,linear,1.0,2,f1_macro,32.0,10000,0,1,0,1,4.0,1.0,False,,,,150.96685515902936,6.43624210357666,6.74609375,3,0.7666602029603775,5,2495,1.0,2994,0,299,0.18239158191421348,15,positive_class_equal_width,0.1351056261929767,0.6033976305174525,0.4906443100442617,0.5,0.49473684210526314,0.7666666666666667,0.7666602029603775,0.7666962174940898,0.7666666666666666,570.0,0.7678883071553229,0.7638888888888888,0.7719298245614035,285.0,0.7654320987654321,0.7695035460992907,0.7614035087719299,285.0,0.7666602029603775,0.7666962174940898,0.7666666666666667,570.0,0.7701754385964912,0.7696586061060366,0.7726222420989863,0.7701754385964912,570.0,0.7805695142378559,0.7467948717948718,0.8175438596491228,285.0,0.7587476979742173,0.7984496124031008,0.7228070175438597,285.0,0.7696586061060365,0.7726222420989862,0.7701754385964912,570.0,0.7666666666666667,0.7666602029603775,0.7678883071553229,0.7654320987654321,0.7666602029603775,68,65,0.7666962174940898,0.7638888888888888,0.7695035460992907,0.7666962174940898,0.7666666666666666,0.7719298245614035,0.7614035087719299,0.7666666666666667,220,217,0.7701754385964912,0.7696586061060366,0.7805695142378559,0.7587476979742173,0.7696586061060365,79,52,0.7726222420989863,0.7467948717948718,0.7984496124031008,0.7726222420989862,0.45263157894736844,0.7701754385964912,0.8175438596491228,0.7228070175438597,0.7701754385964912,233,206,10.4375,3.733394422029194,3.734375,-4.76171875,285,0.543859649122807,0.8666666666666667,1,3.3908207258225374,10.4375,3.733394422029194,3.734375,-4.76171875,285,0.5614035087719298,0.8666666666666667,1,3.3908207258225374,481,>,0.7666602029603775,validation,f1_macro,0.6074157699697633,0.43646240234375,closest_to_zero_then_lower,0.7696586061060366,0.18695074407370155,15.0,positive_class_equal_width,0.14757858351786332,0.6182579050359057,0.5209769092703571,0.5,0.5280701754385965,0.7473684210526316,0.7471692068850803,0.7481505267448036,0.7473684210526316,1140.0,0.740072202166065,0.7620817843866171,0.7192982456140351,570.0,0.7542662116040956,0.7342192691029901,0.775438596491228,570.0,0.7471692068850803,0.7481505267448036,0.7473684210526316,1140.0,0.75,0.7499844173113283,0.7500623424122357,0.75,1140.0,0.7519582245430809,0.7461139896373057,0.7578947368421053,570.0,0.7480106100795756,0.7540106951871658,0.7421052631578947,570.0,0.7499844173113283,0.7500623424122357,0.75,1140.0,0.7473684210526316,0.7471692068850803,0.740072202166065,0.7542662116040956,0.7471692068850803,128.0,160.0,0.7481505267448036,0.7620817843866171,0.7342192691029901,0.7481505267448036,0.7473684210526316,0.7192982456140351,0.775438596491228,0.7473684210526316,410.0,442.0,0.75,0.7499844173113283,0.7519582245430809,0.7480106100795756,0.7499844173113283,147.0,138.0,0.7500623424122357,0.7461139896373057,0.7540106951871658,0.7500623424122357,0.4921052631578947,0.75,0.7578947368421053,0.7421052631578947,0.75,432.0,423.0,9.9375,3.7487855610094574,3.7720947265625,-8.390625,570.0,0.5333333333333333,0.8456140350877193,1.0,3.5363474933487633,9.9375,3.7487855610094574,3.7720947265625,-8.390625,570.0,0.5385964912280702,0.8456140350877193,1.0,3.5363474933487633,
shuffled_pair,40,13,1.0,full,references,1b716f47ea9256f0d036548748f9a3c53df3ca6e863b195479dcadf307d74feb,6f73fce89770788c038461239046424942c8678ffe34d4964a5048cccb1d236b,b2e2614b0656a7a0d7d5d9032d1d7dee6b4f06a99bd8a2de8f0649da271d2bdd,bb43d0ad549b7e57213aab7dca185a96972dab5a6e0ad093afcd5ecde5eef177,/workspace/pair-aware/results_v3/bf16/shuffled_pair/lambda_1p0/split_40/model_seed_13,True,v3,full,1,validation,f1_macro,>,closest_to_zero_then_lower,15,positive_class_equal_width,shuffled_pair,neuralmind/bert-large-portuguese-cased,aa302f6ea73b759f7df9cad58bd272127b67ec28,bf16,256,6,2e-05,8,0.01,0.1,linear,1.0,2,f1_macro,32.0,10000,0,1,0,1,4.0,1.0,False,,,,181.14784336392768,6.43624210357666,6.74609375,5,0.7481733220050977,6,2994,1.0,2994,0,299,0.23141319813770692,15,positive_class_equal_width,0.23056892847091975,1.3021642262622886,0.43999220178748444,0.5,0.43859649122807015,0.7491228070175439,0.7481733220050977,0.7529375,0.7491228070175439,570.0,0.7636363636363637,0.721875,0.8105263157894737,285.0,0.7327102803738318,0.784,0.6877192982456141,285.0,0.7481733220050978,0.7529375,0.7491228070175439,570.0,0.7666666666666667,0.7666487110427087,0.7667487684729064,0.7666666666666666,570.0,0.768695652173913,0.7620689655172413,0.775438596491228,285.0,0.7646017699115044,0.7714285714285715,0.7578947368421053,285.0,0.7666487110427088,0.7667487684729063,0.7666666666666667,570.0,0.7491228070175439,0.7481733220050977,0.7636363636363637,0.7327102803738318,0.7481733220050978,89,54,0.7529375,0.721875,0.784,0.7529375,0.7491228070175439,0.8105263157894737,0.6877192982456141,0.7491228070175439,231,196,0.7666666666666667,0.7666487110427087,0.768695652173913,0.7646017699115044,0.7666487110427088,69,64,0.7667487684729064,0.7620689655172413,0.7714285714285715,0.7667487684729063,0.49122807017543857,0.7666666666666666,0.775438596491228,0.7578947368421053,0.7666666666666667,221,216,17.234375,6.973508921840734,7.8828125,-14.875,285,0.5298245614035088,0.8350877192982457,1,6.88265602489896,17.234375,6.973508921840734,7.8828125,-14.875,285,0.5649122807017544,0.8350877192982457,1,6.88265602489896,402,>,0.7481733220050977,validation,f1_macro,0.0609751808649648,-2.734375,closest_to_zero_then_lower,0.7666487110427087,0.21749828939362886,15.0,positive_class_equal_width,0.21209981462444488,1.2315348737321428,0.4368918861911984,0.5,0.4421052631578947,0.7649122807017544,0.7641216635630044,0.7685122791254867,0.7649122807017543,1140.0,0.7777777777777778,0.7374213836477987,0.8228070175438597,570.0,0.750465549348231,0.7996031746031746,0.7070175438596491,570.0,0.7641216635630044,0.7685122791254867,0.7649122807017544,1140.0,0.7710526315789473,0.771022855388243,0.7711936957050605,0.7710526315789474,1140.0,0.7736339982653946,0.7650085763293311,0.7824561403508772,570.0,0.7684117125110914,0.77737881508079,0.7596491228070176,570.0,0.771022855388243,0.7711936957050605,0.7710526315789473,1140.0,0.7649122807017544,0.7641216635630044,0.7777777777777778,0.750465549348231,0.7641216635630044,167.0,101.0,0.7685122791254867,0.7374213836477987,0.7996031746031746,0.7685122791254867,0.7649122807017543,0.8228070175438597,0.7070175438596491,0.7649122807017544,469.0,403.0,0.7710526315789473,0.771022855388243,0.7736339982653946,0.7684117125110914,0.771022855388243,137.0,124.0,0.7711936957050605,0.7650085763293311,0.77737881508079,0.7711936957050605,0.4885964912280702,0.7710526315789474,0.7824561403508772,0.7596491228070176,0.7710526315789473,446.0,433.0,17.5,7.428015652037503,8.56622314453125,-16.171875,570.0,0.5561403508771929,0.8526315789473684,3.0,6.845637316921324,17.5,7.428015652037503,8.56622314453125,-16.171875,570.0,0.5666666666666667,0.8526315789473684,3.0,6.845637316921324,
shuffled_pair,40,21,1.0,full,references,57674fec039e14867a9e0edc92d78204c12a1e63ad1fa5426a2fa0629f306571,6f73fce89770788c038461239046424942c8678ffe34d4964a5048cccb1d236b,b2e2614b0656a7a0d7d5d9032d1d7dee6b4f06a99bd8a2de8f0649da271d2bdd,bb43d0ad549b7e57213aab7dca185a96972dab5a6e0ad093afcd5ecde5eef177,/workspace/pair-aware/results_v3/bf16/shuffled_pair/lambda_1p0/split_40/model_seed_21,True,v3,full,1,validation,f1_macro,>,closest_to_zero_then_lower,15,positive_class_equal_width,shuffled_pair,neuralmind/bert-large-portuguese-cased,aa302f6ea73b759f7df9cad58bd272127b67ec28,bf16,256,6,2e-05,8,0.01,0.1,linear,1.0,2,f1_macro,32.0,10000,0,1,0,1,4.0,1.0,False,,,,121.1504373550415,6.43624210357666,6.74609375,2,0.7472564017292983,4,1996,1.0,2994,0,299,0.18513277707419,15,positive_class_equal_width,0.09385028640791152,0.5667524703268685,0.48582672028272583,0.5,0.5210526315789473,0.7473684210526316,0.7472564017292983,0.7478077478077478,0.7473684210526316,570.0,0.7419354838709677,0.7582417582417582,0.7263157894736842,285.0,0.7525773195876289,0.7373737373737373,0.7684210526315789,285.0,0.7472564017292983,0.7478077478077478,0.7473684210526316,570.0,0.7578947368421053,0.7571292716965752,0.7611875163651326,0.7578947368421052,570.0,0.7434944237918215,0.7905138339920948,0.7017543859649122,285.0,0.770764119601329,0.7318611987381703,0.8140350877192982,285.0,0.7571292716965752,0.7611875163651326,0.7578947368421053,570.0,0.7473684210526316,0.7472564017292983,0.7419354838709677,0.7525773195876289,0.7472564017292983,66,78,0.7478077478077478,0.7582417582417582,0.7373737373737373,0.7478077478077478,0.7473684210526316,0.7263157894736842,0.7684210526315789,0.7473684210526316,207,219,0.7578947368421053,0.7571292716965752,0.7434944237918215,0.770764119601329,0.7571292716965752,53,85,0.7611875163651326,0.7905138339920948,0.7318611987381703,0.7611875163651326,0.5561403508771929,0.7578947368421052,0.7017543859649122,0.8140350877192982,0.7578947368421053,200,232,6.0859375,2.159051071970086,2.0703125,-5.11328125,285,0.5087719298245614,0.7929824561403509,2,2.2636615876876043,6.0859375,2.159051071970086,2.0703125,-5.11328125,285,0.5368421052631579,0.7929824561403509,2,2.2636615876876043,421,>,0.7472564017292983,validation,f1_macro,0.38861802670584894,-0.453125,closest_to_zero_then_lower,0.7571292716965752,0.18612449696615074,15.0,positive_class_equal_width,0.08523012441934591,0.5674118805113295,0.48942170761739767,0.5,0.5131578947368421,0.7412280701754386,0.7411832611832612,0.7413952413952414,0.7412280701754386,1140.0,0.7377777777777778,0.7477477477477478,0.7280701754385965,570.0,0.7445887445887446,0.7350427350427351,0.7543859649122807,570.0,0.741183261183261,0.7413952413952415,0.7412280701754386,1140.0,0.7421052631578947,0.7412379443564301,0.7453953279424977,0.7421052631578948,1140.0,0.7262569832402235,0.7738095238095238,0.6842105263157895,570.0,0.7562189054726368,0.7169811320754716,0.8,570.0,0.7412379443564301,0.7453953279424977,0.7421052631578947,1140.0,0.7412280701754386,0.7411832611832612,0.7377777777777778,0.7445887445887446,0.741183261183261,140.0,155.0,0.7413952413952414,0.7477477477477478,0.7350427350427351,0.7413952413952415,0.7412280701754386,0.7280701754385965,0.7543859649122807,0.7412280701754386,415.0,430.0,0.7421052631578947,0.7412379443564301,0.7262569832402235,0.7562189054726368,0.7412379443564301,114.0,180.0,0.7453953279424977,0.7738095238095238,0.7169811320754716,0.7453953279424977,0.5578947368421052,0.7421052631578948,0.6842105263157895,0.8,0.7421052631578947,390.0,456.0,5.9453125,2.155099775080095,2.035888671875,-5.46484375,570.0,0.5070175438596491,0.8350877192982457,1.0,2.239730514159136,5.9453125,2.155099775080095,2.035888671875,-5.46484375,570.0,0.5105263157894737,0.8350877192982457,1.0,2.239730514159136,
shuffled_pair,40,40,1.0,full,references,f064bada848d9e4ace52ebe44317e38bb3bc6e17acd0591c67380f2c9a88b31a,6f73fce89770788c038461239046424942c8678ffe34d4964a5048cccb1d236b,b2e2614b0656a7a0d7d5d9032d1d7dee6b4f06a99bd8a2de8f0649da271d2bdd,bb43d0ad549b7e57213aab7dca185a96972dab5a6e0ad093afcd5ecde5eef177,/workspace/pair-aware/results_v3/bf16/shuffled_pair/lambda_1p0/split_40/model_seed_40,True,v3,full,1,validation,f1_macro,>,closest_to_zero_then_lower,15,positive_class_equal_width,shuffled_pair,neuralmind/bert-large-portuguese-cased,aa302f6ea73b759f7df9cad58bd272127b67ec28,bf16,256,6,2e-05,8,0.01,0.1,linear,1.0,2,f1_macro,32.0,10000,0,1,0,1,4.0,1.0,False,,,,181.74568890896626,6.43624210357666,6.74609375,6,0.7411292191241214,6,2994,1.0,2994,0,299,0.24697936778133167,15,positive_class_equal_width,0.2430743553865879,1.6082736582112924,0.4389998802689224,0.5,0.43859649122807015,0.7421052631578947,0.7411292191241214,0.7458125,0.7421052631578948,570.0,0.7570247933884298,0.715625,0.8035087719298246,285.0,0.7252336448598131,0.776,0.6807017543859649,285.0,0.7411292191241216,0.7458125,0.7421052631578947,570.0,0.7473684210526316,0.7473404255319149,0.7474781066400621,0.7473684210526316,570.0,0.7446808510638298,0.7526881720430108,0.7368421052631579,285.0,0.75,0.7422680412371134,0.7578947368421053,285.0,0.7473404255319148,0.7474781066400621,0.7473684210526316,570.0,0.7421052631578947,0.7411292191241214,0.7570247933884298,0.7252336448598131,0.7411292191241216,91,56,0.7458125,0.715625,0.776,0.7458125,0.7421052631578948,0.8035087719298246,0.6807017543859649,0.7421052631578947,229,194,0.7473684210526316,0.7473404255319149,0.7446808510638298,0.75,0.7473404255319148,69,75,0.7474781066400621,0.7526881720430108,0.7422680412371134,0.7474781066400621,0.5105263157894737,0.7473684210526316,0.7368421052631579,0.7578947368421053,0.7473684210526316,210,216,19.0625,7.854699492872807,8.544921875,-15.515625,285,0.5157894736842106,0.8350877192982457,2,7.916972629276711,19.0625,7.854699492872807,8.544921875,-15.515625,285,0.5298245614035088,0.8350877192982457,2,7.916972629276711,362,>,0.7411292191241214,validation,f1_macro,0.013742320495902367,-4.2734375,closest_to_zero_then_lower,0.7473404255319149,0.21470120883023955,15.0,positive_class_equal_width,0.21150033463978452,1.392392124051551,0.4552668982245891,0.5,0.4570175438596491,0.7710526315789473,0.7706288703583645,0.773070614172447,0.7710526315789474,1140.0,0.7804878048780488,0.7495961227786753,0.8140350877192982,570.0,0.7607699358386801,0.7965451055662188,0.7280701754385965,570.0,0.7706288703583645,0.773070614172447,0.7710526315789473,1140.0,0.7807017543859649,0.780634236453202,0.7810477657935285,0.7807017543859649,1140.0,0.7767857142857143,0.7909090909090909,0.7631578947368421,570.0,0.7844827586206896,0.7711864406779662,0.7982456140350878,570.0,0.780634236453202,0.7810477657935285,0.7807017543859649,1140.0,0.7710526315789473,0.7706288703583645,0.7804878048780488,0.7607699358386801,0.7706288703583645,155.0,106.0,0.773070614172447,0.7495961227786753,0.7965451055662188,0.773070614172447,0.7710526315789474,0.8140350877192982,0.7280701754385965,0.7710526315789473,464.0,415.0,0.7807017543859649,0.780634236453202,0.7767857142857143,0.7844827586206896,0.780634236453202,115.0,135.0,0.7810477657935285,0.7909090909090909,0.7711864406779662,0.7810477657935285,0.5175438596491229,0.7807017543859649,0.7631578947368421,0.7982456140350878,0.7807017543859649,435.0,455.0,19.21875,8.80961839107045,10.53369140625,-17.03125,570.0,0.5701754385964912,0.8578947368421053,3.0,7.910071623675178,19.21875,8.80961839107045,10.53369140625,-17.03125,570.0,0.5789473684210527,0.8578947368421053,3.0,7.910071623675178,
shuffled_pair,40,42,1.0,full,references,b35448141f056ac5ab1117a2af8bac582d1cb758a6b29d726a3ec02a0f7b06f6,6f73fce89770788c038461239046424942c8678ffe34d4964a5048cccb1d236b,b2e2614b0656a7a0d7d5d9032d1d7dee6b4f06a99bd8a2de8f0649da271d2bdd,bb43d0ad549b7e57213aab7dca185a96972dab5a6e0ad093afcd5ecde5eef177,/workspace/pair-aware/results_v3/bf16/shuffled_pair/lambda_1p0/split_40/model_seed_42,True,v3,full,1,validation,f1_macro,>,closest_to_zero_then_lower,15,positive_class_equal_width,shuffled_pair,neuralmind/bert-large-portuguese-cased,aa302f6ea73b759f7df9cad58bd272127b67ec28,bf16,256,6,2e-05,8,0.01,0.1,linear,1.0,2,f1_macro,32.0,10000,0,1,0,1,4.0,1.0,False,,,,180.95321578299627,6.43624210357666,6.74609375,5,0.7412379443564301,6,2994,1.0,2994,0,299,0.2331430651034207,15,positive_class_equal_width,0.2278575178897583,1.2796134424608399,0.4524555378656647,0.5,0.4421052631578947,0.7421052631578947,0.7412379443564301,0.7453953279424977,0.7421052631578948,570.0,0.7562189054726368,0.7169811320754716,0.8,285.0,0.7262569832402235,0.7738095238095238,0.6842105263157895,285.0,0.7412379443564301,0.7453953279424977,0.7421052631578947,570.0,0.7543859649122807,0.7541922844716058,0.7551902579999753,0.7543859649122807,570.0,0.7610921501706485,0.7408637873754153,0.7824561403508772,285.0,0.7472924187725631,0.7695167286245354,0.7263157894736842,285.0,0.7541922844716059,0.7551902579999753,0.7543859649122807,570.0,0.7421052631578947,0.7412379443564301,0.7562189054726368,0.7262569832402235,0.7412379443564301,90,57,0.7453953279424977,0.7169811320754716,0.7738095238095238,0.7453953279424977,0.7421052631578948,0.8,0.6842105263157895,0.7421052631578947,228,195,0.7543859649122807,0.7541922844716058,0.7610921501706485,0.7472924187725631,0.7541922844716059,78,62,0.7551902579999753,0.7408637873754153,0.7695167286245354,0.7551902579999753,0.47192982456140353,0.7543859649122807,0.7824561403508772,0.7263157894736842,0.7543859649122807,223,207,16.703125,6.514245659008361,7.1640625,-13.625,285,0.5157894736842106,0.8175438596491228,1,6.718215511929555,16.703125,6.514245659008361,7.1640625,-13.625,285,0.5368421052631579,0.8175438596491228,1,6.718215511929555,407,>,0.7412379443564301,validation,f1_macro,0.2999247435763424,-0.84765625,closest_to_zero_then_lower,0.7541922844716058,0.22371580333593927,15.0,positive_class_equal_width,0.21673559465167247,1.1678236553648256,0.4654078914415842,0.5,0.46403508771929824,0.7570175438596491,0.7567028450927986,0.7583542427889449,0.7570175438596491,1140.0,0.7654530059271804,0.7397708674304418,0.7929824561403509,570.0,0.7479526842584168,0.776937618147448,0.7210526315789474,570.0,0.7567028450927986,0.7583542427889449,0.7570175438596491,1140.0,0.7596491228070176,0.7595751231527094,0.7599691833590139,0.7596491228070175,1140.0,0.7637931034482759,0.7508474576271187,0.7771929824561403,570.0,0.7553571428571428,0.769090909090909,0.7421052631578947,570.0,0.7595751231527095,0.7599691833590139,0.7596491228070176,1140.0,0.7570175438596491,0.7567028450927986,0.7654530059271804,0.7479526842584168,0.7567028450927986,159.0,118.0,0.7583542427889449,0.7397708674304418,0.776937618147448,0.7583542427889449,0.7570175438596491,0.7929824561403509,0.7210526315789474,0.7570175438596491,452.0,411.0,0.7596491228070176,0.7595751231527094,0.7637931034482759,0.7553571428571428,0.7595751231527095,147.0,127.0,0.7599691833590139,0.7508474576271187,0.769090909090909,0.7599691833590139,0.4824561403508772,0.7596491228070175,0.7771929824561403,0.7421052631578947,0.7596491228070176,443.0,423.0,16.84375,7.16658790989926,8.048828125,-14.1875,570.0,0.5456140350877193,0.8491228070175438,2.0,6.683778337074538,16.84375,7.16658790989926,8.048828125,-14.1875,570.0,0.5508771929824562,0.8491228070175438,2.0,6.683778337074538,
shuffled_pair,40,73,1.0,full,references,a41909055e32894ed050bb9d7754adfd0319b3edee68f7ca4ad03008b3374d2e,6f73fce89770788c038461239046424942c8678ffe34d4964a5048cccb1d236b,b2e2614b0656a7a0d7d5d9032d1d7dee6b4f06a99bd8a2de8f0649da271d2bdd,bb43d0ad549b7e57213aab7dca185a96972dab5a6e0ad093afcd5ecde5eef177,/workspace/pair-aware/results_v3/bf16/shuffled_pair/lambda_1p0/split_40/model_seed_73,True,v3,full,1,validation,f1_macro,>,closest_to_zero_then_lower,15,positive_class_equal_width,shuffled_pair,neuralmind/bert-large-portuguese-cased,aa302f6ea73b759f7df9cad58bd272127b67ec28,bf16,256,6,2e-05,8,0.01,0.1,linear,1.0,2,f1_macro,32.0,10000,0,1,0,1,4.0,1.0,False,,,,121.18454832397401,6.43624210357666,6.74609375,2,0.7449538509962692,4,1996,1.0,2994,0,299,0.17239249225694922,15,positive_class_equal_width,0.03469988346605118,0.522331391729529,0.4992352346809697,0.5,0.5508771929824562,0.7456140350877193,0.7449538509962692,0.7481837181528662,0.7456140350877194,570.0,0.7319778188539742,0.7734375,0.6947368421052632,285.0,0.7579298831385642,0.7229299363057324,0.7964912280701755,285.0,0.7449538509962692,0.7481837181528662,0.7456140350877193,570.0,0.756140350877193,0.7525137518390449,0.7720888261142498,0.7561403508771929,570.0,0.7225548902195609,0.8379629629629629,0.6350877192982456,285.0,0.7824726134585289,0.7062146892655368,0.8771929824561403,285.0,0.7525137518390449,0.7720888261142499,0.756140350877193,570.0,0.7456140350877193,0.7449538509962692,0.7319778188539742,0.7579298831385642,0.7449538509962692,58,87,0.7481837181528662,0.7734375,0.7229299363057324,0.7481837181528662,0.7456140350877194,0.6947368421052632,0.7964912280701755,0.7456140350877193,198,227,0.756140350877193,0.7525137518390449,0.7225548902195609,0.7824726134585289,0.7525137518390449,35,104,0.7720888261142498,0.8379629629629629,0.7062146892655368,0.7720888261142499,0.6210526315789474,0.7561403508771929,0.6350877192982456,0.8771929824561403,0.756140350877193,181,250,5.40625,1.7794292249177632,1.580078125,-3.9609375,285,0.5157894736842106,0.8315789473684211,0,1.8377476447129428,5.40625,1.7794292249177632,1.580078125,-3.9609375,285,0.5333333333333333,0.8315789473684211,0,1.8377476447129428,485,>,0.7449538509962692,validation,f1_macro,0.3935015448390402,-0.4326171875,closest_to_zero_then_lower,0.7525137518390449,0.16415970273664954,15.0,positive_class_equal_width,0.03897166904147349,0.5021259056860965,0.4992124035111672,0.5,0.5552631578947368,0.7587719298245614,0.7580329584580795,0.7619721996316966,0.7587719298245614,1140.0,0.744661095636026,0.7909270216962525,0.7035087719298245,570.0,0.771404821280133,0.7330173775671406,0.8140350877192982,570.0,0.7580329584580795,0.7619721996316966,0.7587719298245614,1140.0,0.7578947368421053,0.7548035560653857,0.7715904523590349,0.7578947368421053,1140.0,0.7272727272727273,0.832579185520362,0.6456140350877193,570.0,0.7823343848580442,0.7106017191977078,0.8701754385964913,570.0,0.7548035560653857,0.7715904523590349,0.7578947368421053,1140.0,0.7587719298245614,0.7580329584580795,0.744661095636026,0.771404821280133,0.7580329584580795,106.0,169.0,0.7619721996316966,0.7909270216962525,0.7330173775671406,0.7619721996316966,0.7587719298245614,0.7035087719298245,0.8140350877192982,0.7587719298245614,401.0,464.0,0.7578947368421053,0.7548035560653857,0.7272727272727273,0.7823343848580442,0.7548035560653857,74.0,202.0,0.7715904523590349,0.832579185520362,0.7106017191977078,0.7715904523590349,0.612280701754386,0.7578947368421053,0.6456140350877193,0.8701754385964913,0.7578947368421053,368.0,496.0,5.6796875,1.8994189881441885,1.7900390625,-4.2109375,570.0,0.5403508771929825,0.8596491228070176,1.0,1.8387511327139852,5.6796875,1.8994189881441885,1.7900390625,-4.2109375,570.0,0.5350877192982456,0.8596491228070176,1.0,1.8387511327139852,
shuffled_pair,40,101,1.0,full,references,86e28015fd94a8fd483252ad492f6b08e49109af9abcb062253d0cdf3b3c1fa2,6f73fce89770788c038461239046424942c8678ffe34d4964a5048cccb1d236b,b2e2614b0656a7a0d7d5d9032d1d7dee6b4f06a99bd8a2de8f0649da271d2bdd,bb43d0ad549b7e57213aab7dca185a96972dab5a6e0ad093afcd5ecde5eef177,/workspace/pair-aware/results_v3/bf16/shuffled_pair/lambda_1p0/split_40/model_seed_101,True,v3,full,1,validation,f1_macro,>,closest_to_zero_then_lower,15,positive_class_equal_width,shuffled_pair,neuralmind/bert-large-portuguese-cased,aa302f6ea73b759f7df9cad58bd272127b67ec28,bf16,256,6,2e-05,8,0.01,0.1,linear,1.0,2,f1_macro,32.0,10000,0,1,0,1,4.0,1.0,False,,,,91.56033233006019,6.43624210357666,6.74609375,1,0.7365794143744455,3,1497,1.0,2994,0,299,0.18780130678953935,15,positive_class_equal_width,0.04610754418860749,0.5613640323713884,0.4810358234391914,0.5,0.46842105263157896,0.7368421052631579,0.7365794143744455,0.7377906329958839,0.7368421052631579,570.0,0.7448979591836735,0.7227722772277227,0.7684210526315789,285.0,0.7282608695652174,0.7528089887640449,0.7052631578947368,285.0,0.7365794143744455,0.7377906329958839,0.7368421052631579,570.0,0.7385964912280701,0.7382411953436335,0.7398989898989898,0.7385964912280701,570.0,0.7478849407783418,0.7222222222222222,0.775438596491228,285.0,0.7285974499089253,0.7575757575757576,0.7017543859649122,285.0,0.7382411953436335,0.73989898989899,0.7385964912280701,570.0,0.7368421052631579,0.7365794143744455,0.7448979591836735,0.7282608695652174,0.7365794143744455,84,66,0.7377906329958839,0.7227722772277227,0.7528089887640449,0.7377906329958839,0.7368421052631579,0.7684210526315789,0.7052631578947368,0.7368421052631579,219,201,0.7385964912280701,0.7382411953436335,0.7478849407783418,0.7285974499089253,0.7382411953436335,85,64,0.7398989898989898,0.7222222222222222,0.7575757575757576,0.73989898989899,0.4631578947368421,0.7385964912280701,0.775438596491228,0.7017543859649122,0.7385964912280701,221,200,4.2890625,1.170174046566612,1.02294921875,-4.1171875,285,0.49122807017543857,0.8315789473684211,0,1.3070773186066267,4.2890625,1.170174046566612,1.02294921875,-4.1171875,285,0.49473684210526314,0.8315789473684211,0,1.3070773186066267,519,>,0.7365794143744455,validation,f1_macro,0.5068355116069857,0.02734375,closest_to_zero_then_lower,0.7382411953436335,0.17513934006829493,15.0,positive_class_equal_width,0.044289519356092,0.5294522283912594,0.4827980077980786,0.5,0.4789473684210526,0.7473684210526316,0.7472564017292983,0.7478077478077478,0.7473684210526316,1140.0,0.7525773195876289,0.7373737373737373,0.7684210526315789,570.0,0.7419354838709677,0.7582417582417582,0.7263157894736842,570.0,0.7472564017292983,0.7478077478077478,0.7473684210526316,1140.0,0.7482456140350877,0.74803447949228,0.7490804821330961,0.7482456140350877,1140.0,0.7553282182438192,0.7346600331674958,0.7771929824561403,570.0,0.7407407407407407,0.7635009310986964,0.7192982456140351,570.0,0.74803447949228,0.7490804821330962,0.7482456140350877,1140.0,0.7473684210526316,0.7472564017292983,0.7525773195876289,0.7419354838709677,0.7472564017292983,156.0,132.0,0.7478077478077478,0.7373737373737373,0.7582417582417582,0.7478077478077478,0.7473684210526316,0.7684210526315789,0.7263157894736842,0.7473684210526316,438.0,414.0,0.7482456140350877,0.74803447949228,0.7553282182438192,0.7407407407407407,0.74803447949228,160.0,127.0,0.7490804821330961,0.7346600331674958,0.7635009310986964,0.7490804821330962,0.4710526315789474,0.7482456140350877,0.7771929824561403,0.7192982456140351,0.7482456140350877,443.0,410.0,4.5078125,1.28372713055527,1.188232421875,-2.77734375,570.0,0.5210526315789473,0.8245614035087719,0.0,1.2760164923271933,4.5078125,1.28372713055527,1.188232421875,-2.77734375,570.0,0.5228070175438596,0.8245614035087719,0.0,1.2760164923271933,
shuffled_pair,42,13,1.0,full,references,20fb57a2dae96e306c02004180c7ece3b4a8165a80d3953bf1c889cf0ee6afd6,6f73fce89770788c038461239046424942c8678ffe34d4964a5048cccb1d236b,82f47319636cdabaf5a56f172f68023db0c21b5f83e97554f59db62e8bdb1c96,bb43d0ad549b7e57213aab7dca185a96972dab5a6e0ad093afcd5ecde5eef177,/workspace/pair-aware/results_v3/bf16/shuffled_pair/lambda_1p0/split_42/model_seed_13,True,v3,full,1,validation,f1_macro,>,closest_to_zero_then_lower,15,positive_class_equal_width,shuffled_pair,neuralmind/bert-large-portuguese-cased,aa302f6ea73b759f7df9cad58bd272127b67ec28,bf16,256,6,2e-05,8,0.01,0.1,linear,1.0,2,f1_macro,32.0,10000,0,1,0,1,4.0,1.0,False,,,,121.19251394504681,6.43624210357666,6.74609375,2,0.7771374211483935,4,1996,1.0,2994,0,299,0.1684460629740817,15,positive_class_equal_width,0.085820179398012,0.5267653550223318,0.45469223483417665,0.5,0.5157894736842106,0.7771929824561403,0.7771374211483935,0.7774696835255841,0.7771929824561403,570.0,0.7736185383244206,0.7862318840579711,0.7614035087719299,285.0,0.7806563039723662,0.7687074829931972,0.7929824561403509,285.0,0.7771374211483935,0.7774696835255841,0.7771929824561403,570.0,0.7807017543859649,0.7806200524048661,0.7811205365949891,0.7807017543859649,570.0,0.776386404293381,0.791970802919708,0.7614035087719299,285.0,0.7848537005163512,0.7702702702702703,0.8,285.0,0.7806200524048661,0.7811205365949891,0.7807017543859649,570.0,0.7771929824561403,0.7771374211483935,0.7736185383244206,0.7806563039723662,0.7771374211483935,59,68,0.7774696835255841,0.7862318840579711,0.7687074829931972,0.7774696835255841,0.7771929824561403,0.7614035087719299,0.7929824561403509,0.7771929824561403,217,226,0.7807017543859649,0.7806200524048661,0.776386404293381,0.7848537005163512,0.7806200524048661,57,68,0.7811205365949891,0.791970802919708,0.7702702702702703,0.7811205365949891,0.519298245614035,0.7807017543859649,0.7614035087719299,0.8,0.7807017543859649,217,228,5.828125,2.3668764198035523,2.6689453125,-4.212890625,285,0.5719298245614035,0.8736842105263158,0,2.1292193219571605,5.828125,2.3668764198035523,2.6689453125,-4.212890625,285,0.5754385964912281,0.8736842105263158,0,2.1292193219571605,496,>,0.7771374211483935,validation,f1_macro,0.4687906266262437,-0.125,closest_to_zero_then_lower,0.7806200524048661,0.18088047653558118,15.0,positive_class_equal_width,0.09538135639292769,0.5589254574725067,0.45247428440567417,0.5,0.5105263157894737,0.7543859649122807,0.7543587470449172,0.7544987621475816,0.7543859649122807,1140.0,0.75177304964539,0.7598566308243727,0.743859649122807,570.0,0.7569444444444444,0.7491408934707904,0.7649122807017544,570.0,0.7543587470449172,0.7544987621475816,0.7543859649122807,1140.0,0.7552631578947369,0.7552207792207792,0.7554400554400554,0.7552631578947369,1140.0,0.752,0.7621621621621621,0.7421052631578947,570.0,0.7584415584415585,0.7487179487179487,0.7684210526315789,570.0,0.7552207792207791,0.7554400554400554,0.7552631578947369,1140.0,0.7543859649122807,0.7543587470449172,0.75177304964539,0.7569444444444444,0.7543587470449172,134.0,146.0,0.7544987621475816,0.7598566308243727,0.7491408934707904,0.7544987621475816,0.7543859649122807,0.743859649122807,0.7649122807017544,0.7543859649122807,424.0,436.0,0.7552631578947369,0.7552207792207792,0.752,0.7584415584415585,0.7552207792207791,132.0,147.0,0.7554400554400554,0.7621621621621621,0.7487179487179487,0.7554400554400554,0.5131578947368421,0.7552631578947369,0.7421052631578947,0.7684210526315789,0.7552631578947369,423.0,438.0,5.796875,2.189341356461508,2.3623046875,-4.5439453125,570.0,0.5368421052631579,0.8508771929824561,0.0,2.2053090856514994,5.796875,2.189341356461508,2.3623046875,-4.5439453125,570.0,0.5385964912280702,0.8508771929824561,0.0,2.2053090856514994,
shuffled_pair,42,21,1.0,full,references,1e82cc9ff9881be8eb640ddf99f445f45ecbd54bf1d30fe93602144f6b128e90,6f73fce89770788c038461239046424942c8678ffe34d4964a5048cccb1d236b,82f47319636cdabaf5a56f172f68023db0c21b5f83e97554f59db62e8bdb1c96,bb43d0ad549b7e57213aab7dca185a96972dab5a6e0ad093afcd5ecde5eef177,/workspace/pair-aware/results_v3/bf16/shuffled_pair/lambda_1p0/split_42/model_seed_21,True,v3,full,1,validation,f1_macro,>,closest_to_zero_then_lower,15,positive_class_equal_width,shuffled_pair,neuralmind/bert-large-portuguese-cased,aa302f6ea73b759f7df9cad58bd272127b67ec28,bf16,256,6,2e-05,8,0.01,0.1,linear,1.0,2,f1_macro,32.0,10000,0,1,0,1,4.0,1.0,False,,,,91.50972790108062,6.43624210357666,6.74609375,1,0.76997082662017,3,1497,1.0,2994,0,299,0.16772788628716565,15,positive_class_equal_width,0.05216898347823531,0.514694661316925,0.4813632637363733,0.5,0.47017543859649125,0.7701754385964912,0.76997082662017,0.7711401601265198,0.7701754385964912,570.0,0.7768313458262351,0.7549668874172185,0.8,285.0,0.7631103074141049,0.7873134328358209,0.7403508771929824,285.0,0.76997082662017,0.7711401601265198,0.7701754385964912,570.0,0.7789473684210526,0.7789446469023933,0.7789611061178758,0.7789473684210526,570.0,0.7797202797202797,0.7770034843205574,0.7824561403508772,285.0,0.778169014084507,0.7809187279151943,0.775438596491228,285.0,0.7789446469023933,0.778961106117876,0.7789473684210526,570.0,0.7701754385964912,0.76997082662017,0.7768313458262351,0.7631103074141049,0.76997082662017,74,57,0.7711401601265198,0.7549668874172185,0.7873134328358209,0.7711401601265198,0.7701754385964912,0.8,0.7403508771929824,0.7701754385964912,228,211,0.7789473684210526,0.7789446469023933,0.7797202797202797,0.778169014084507,0.7789446469023933,64,62,0.7789611061178758,0.7770034843205574,0.7809187279151943,0.778961106117876,0.4964912280701754,0.7789473684210526,0.7824561403508772,0.775438596491228,0.7789473684210526,223,221,6.046875,1.8831493444610061,1.7763671875,-4.20703125,285,0.5508771929824562,0.8912280701754386,0,1.791169936576672,6.046875,1.8831493444610061,1.7763671875,-4.20703125,285,0.5684210526315789,0.8912280701754386,0,1.791169936576672,489,>,0.76997082662017,validation,f1_macro,0.45102423978150774,-0.196533203125,closest_to_zero_then_lower,0.7789446469023933,0.18295575651834192,15.0,positive_class_equal_width,0.06506411807614527,0.552075749732058,0.46073734426461654,0.5,0.4307017543859649,0.7342105263157894,0.7329279805529633,0.7387975861343945,0.7342105263157894,1140.0,0.7514356029532404,0.7057010785824345,0.8035087719298246,570.0,0.7144203581526861,0.7718940936863544,0.6649122807017543,570.0,0.7329279805529633,0.7387975861343945,0.7342105263157894,1140.0,0.7359649122807017,0.7357157985943968,0.7368579593728277,0.7359649122807017,1140.0,0.7438297872340426,0.7223140495867768,0.7666666666666667,570.0,0.7276018099547511,0.7514018691588785,0.7052631578947368,570.0,0.7357157985943967,0.7368579593728276,0.7359649122807017,1140.0,0.7342105263157894,0.7329279805529633,0.7514356029532404,0.7144203581526861,0.7329279805529633,191.0,112.0,0.7387975861343945,0.7057010785824345,0.7718940936863544,0.7387975861343945,0.7342105263157894,0.8035087719298246,0.6649122807017543,0.7342105263157894,458.0,379.0,0.7359649122807017,0.7357157985943968,0.7438297872340426,0.7276018099547511,0.7357157985943967,168.0,133.0,0.7368579593728277,0.7223140495867768,0.7514018691588785,0.7368579593728276,0.4692982456140351,0.7359649122807017,0.7666666666666667,0.7052631578947368,0.7359649122807017,437.0,402.0,6.265625,1.7664243020509418,1.610107421875,-4.6796875,570.0,0.49298245614035086,0.8140350877192982,5.0,1.8973388273287273,6.265625,1.7664243020509418,1.610107421875,-4.6796875,570.0,0.5035087719298246,0.8140350877192982,5.0,1.8973388273287273,
shuffled_pair,42,40,1.0,full,references,68c4588b3252cba0a9daed24dc7f0bb2e5dab6ea9d066e454876b222ae85e785,6f73fce89770788c038461239046424942c8678ffe34d4964a5048cccb1d236b,82f47319636cdabaf5a56f172f68023db0c21b5f83e97554f59db62e8bdb1c96,bb43d0ad549b7e57213aab7dca185a96972dab5a6e0ad093afcd5ecde5eef177,/workspace/pair-aware/results_v3/bf16/shuffled_pair/lambda_1p0/split_42/model_seed_40,True,v3,full,1,validation,f1_macro,>,closest_to_zero_then_lower,15,positive_class_equal_width,shuffled_pair,neuralmind/bert-large-portuguese-cased,aa302f6ea73b759f7df9cad58bd272127b67ec28,bf16,256,6,2e-05,8,0.01,0.1,linear,1.0,2,f1_macro,32.0,10000,0,1,0,1,4.0,1.0,False,,,,185.7407642210601,6.43624210357666,6.74609375,4,0.7712087342069187,6,2994,1.0,2994,0,299,0.1993739598002658,15,positive_class_equal_width,0.1848778708730852,0.887466169055731,0.44359019881858036,0.5,0.443859649122807,0.7719298245614035,0.7712087342069187,0.7754018029700378,0.7719298245614035,570.0,0.7840531561461794,0.7444794952681388,0.8280701754385965,285.0,0.758364312267658,0.8063241106719368,0.7157894736842105,285.0,0.7712087342069187,0.7754018029700378,0.7719298245614035,570.0,0.7894736842105263,0.7894710922879937,0.7894879403110033,0.7894736842105263,570.0,0.7887323943661971,0.7915194346289752,0.7859649122807018,285.0,0.7902097902097902,0.7874564459930313,0.7929824561403509,285.0,0.7894710922879937,0.7894879403110033,0.7894736842105263,570.0,0.7719298245614035,0.7712087342069187,0.7840531561461794,0.758364312267658,0.7712087342069187,81,49,0.7754018029700378,0.7444794952681388,0.8063241106719368,0.7754018029700378,0.7719298245614035,0.8280701754385965,0.7157894736842105,0.7719298245614035,236,204,0.7894736842105263,0.7894710922879937,0.7887323943661971,0.7902097902097902,0.7894710922879937,59,61,0.7894879403110033,0.7915194346289752,0.7874564459930313,0.7894879403110033,0.5035087719298246,0.7894736842105263,0.7859649122807018,0.7929824561403509,0.7894736842105263,224,226,14.21875,5.982547800164474,6.03125,-11.1640625,285,0.5649122807017544,0.8736842105263158,1,5.166413880467723,14.21875,5.982547800164474,6.03125,-11.1640625,285,0.5964912280701754,0.8736842105263158,1,5.166413880467723,438,>,0.7712087342069187,validation,f1_macro,0.18832397890980307,-1.4609375,closest_to_zero_then_lower,0.7894710922879937,0.21798799940892002,15.0,positive_class_equal_width,0.19764033397547268,0.9980269496711679,0.42866589336628885,0.5,0.43508771929824563,0.7473684210526316,0.7462994272573571,0.7516091464636345,0.7473684210526316,1140.0,0.7627677100494233,0.718944099378882,0.8122807017543859,570.0,0.7298311444652908,0.7842741935483871,0.6824561403508772,570.0,0.7462994272573571,0.7516091464636346,0.7473684210526316,1140.0,0.7578947368421053,0.757820197044335,0.7582126348228042,0.7578947368421052,1140.0,0.7620689655172413,0.7491525423728813,0.775438596491228,570.0,0.7535714285714286,0.7672727272727272,0.7403508771929824,570.0,0.757820197044335,0.7582126348228042,0.7578947368421053,1140.0,0.7473684210526316,0.7462994272573571,0.7627677100494233,0.7298311444652908,0.7462994272573571,181.0,107.0,0.7516091464636345,0.718944099378882,0.7842741935483871,0.7516091464636346,0.7473684210526316,0.8122807017543859,0.6824561403508772,0.7473684210526316,463.0,389.0,0.7578947368421053,0.757820197044335,0.7620689655172413,0.7535714285714286,0.757820197044335,148.0,128.0,0.7582126348228042,0.7491525423728813,0.7672727272727272,0.7582126348228042,0.4824561403508772,0.7578947368421052,0.775438596491228,0.7403508771929824,0.7578947368421053,442.0,422.0,14.421875,5.363622605173211,5.52978515625,-10.109375,570.0,0.5280701754385965,0.8456140350877193,1.0,5.30080205650789,14.421875,5.363622605173211,5.52978515625,-10.109375,570.0,0.5491228070175439,0.8456140350877193,1.0,5.30080205650789,
shuffled_pair,42,42,1.0,full,references,548cdf392cbdc447c7abd7edaa540728f13336b02209dca95aeca77b8583d3e8,6f73fce89770788c038461239046424942c8678ffe34d4964a5048cccb1d236b,82f47319636cdabaf5a56f172f68023db0c21b5f83e97554f59db62e8bdb1c96,bb43d0ad549b7e57213aab7dca185a96972dab5a6e0ad093afcd5ecde5eef177,/workspace/pair-aware/results_v3/bf16/shuffled_pair/lambda_1p0/split_42/model_seed_42,True,v3,full,1,validation,f1_macro,>,closest_to_zero_then_lower,15,positive_class_equal_width,shuffled_pair,neuralmind/bert-large-portuguese-cased,aa302f6ea73b759f7df9cad58bd272127b67ec28,bf16,256,6,2e-05,8,0.01,0.1,linear,1.0,2,f1_macro,32.0,10000,0,1,0,1,4.0,1.0,False,,,,180.56625847297255,6.43624210357666,6.74609375,4,0.7701407722309612,6,2994,1.0,2994,0,299,0.19946161742959176,15,positive_class_equal_width,0.18190342210279997,0.8209751940085429,0.490922280087057,0.5,0.48771929824561405,0.7701754385964912,0.7701407722309612,0.7703385237015867,0.7701754385964912,570.0,0.7729636048526863,0.7636986301369864,0.7824561403508772,285.0,0.7673179396092362,0.7769784172661871,0.7578947368421053,285.0,0.7701407722309612,0.7703385237015867,0.7701754385964912,570.0,0.7771929824561403,0.7771922966829692,0.7771963951541416,0.7771929824561403,570.0,0.7775831873905429,0.7762237762237763,0.7789473684210526,285.0,0.7768014059753954,0.778169014084507,0.775438596491228,285.0,0.7771922966829692,0.7771963951541415,0.7771929824561403,570.0,0.7701754385964912,0.7701407722309612,0.7729636048526863,0.7673179396092362,0.7701407722309612,69,62,0.7703385237015867,0.7636986301369864,0.7769784172661871,0.7703385237015867,0.7701754385964912,0.7824561403508772,0.7578947368421053,0.7701754385964912,223,216,0.7771929824561403,0.7771922966829692,0.7775831873905429,0.7768014059753954,0.7771922966829692,64,63,0.7771963951541416,0.7762237762237763,0.778169014084507,0.7771963951541415,0.4982456140350877,0.7771929824561403,0.7789473684210526,0.775438596491228,0.7771929824561403,222,221,13.703125,5.56554169236568,6.046875,-9.328125,285,0.5649122807017544,0.8736842105263158,1,4.956193238813037,13.703125,5.56554169236568,6.046875,-9.328125,285,0.5789473684210527,0.8736842105263158,1,4.956193238813037,434,>,0.7701407722309612,validation,f1_macro,0.4090437372322073,-0.367919921875,closest_to_zero_then_lower,0.7771922966829692,0.2158445132807962,15.0,positive_class_equal_width,0.19701258605848007,0.9014647005540993,0.47333359636553196,0.5,0.4675438596491228,0.75,0.7497363720324042,0.7510578584432404,0.75,1140.0,0.7578589634664401,0.7347611202635914,0.7824561403508772,570.0,0.7416137805983681,0.7673545966228893,0.7175438596491228,570.0,0.7497363720324042,0.7510578584432404,0.75,1140.0,0.7517543859649123,0.7516532968559839,0.7521649592596131,0.7517543859649123,1140.0,0.7566638005159071,0.7419898819561551,0.7719298245614035,570.0,0.7466427931960609,0.7623400365630713,0.7315789473684211,570.0,0.7516532968559839,0.7521649592596132,0.7517543859649123,1140.0,0.75,0.7497363720324042,0.7578589634664401,0.7416137805983681,0.7497363720324042,161.0,124.0,0.7510578584432404,0.7347611202635914,0.7673545966228893,0.7510578584432404,0.75,0.7824561403508772,0.7175438596491228,0.75,446.0,409.0,0.7517543859649123,0.7516532968559839,0.7566638005159071,0.7466427931960609,0.7516532968559839,153.0,130.0,0.7521649592596131,0.7419898819561551,0.7623400365630713,0.7521649592596132,0.47982456140350876,0.7517543859649123,0.7719298245614035,0.7315789473684211,0.7517543859649123,440.0,417.0,14.0625,5.093734085350706,5.59765625,-8.609375,570.0,0.5350877192982456,0.8228070175438597,3.0,5.000512565100805,14.0625,5.093734085350706,5.59765625,-8.609375,570.0,0.5421052631578948,0.8228070175438597,3.0,5.000512565100805,
shuffled_pair,42,73,1.0,full,references,8ef4f0609339f21562ba8ccf6e61c548d5c8e4cbe3460993b83255b0c0a6f780,6f73fce89770788c038461239046424942c8678ffe34d4964a5048cccb1d236b,82f47319636cdabaf5a56f172f68023db0c21b5f83e97554f59db62e8bdb1c96,bb43d0ad549b7e57213aab7dca185a96972dab5a6e0ad093afcd5ecde5eef177,/workspace/pair-aware/results_v3/bf16/shuffled_pair/lambda_1p0/split_42/model_seed_73,True,v3,full,1,validation,f1_macro,>,closest_to_zero_then_lower,15,positive_class_equal_width,shuffled_pair,neuralmind/bert-large-portuguese-cased,aa302f6ea73b759f7df9cad58bd272127b67ec28,bf16,256,6,2e-05,8,0.01,0.1,linear,1.0,2,f1_macro,32.0,10000,0,1,0,1,4.0,1.0,False,,,,180.44319599703886,6.43624210357666,6.74609375,4,0.7820025661271219,6,2994,1.0,2994,0,299,0.1970259054304634,15,positive_class_equal_width,0.17360996289313244,0.8628111835375868,0.44940104277316534,0.5,0.4543859649122807,0.7824561403508772,0.7820025661271219,0.7848266272703572,0.7824561403508772,570.0,0.7919463087248322,0.7588424437299035,0.8280701754385965,285.0,0.7720588235294118,0.8108108108108109,0.7368421052631579,285.0,0.782002566127122,0.7848266272703572,0.7824561403508772,570.0,0.7824561403508772,0.7821879815100155,0.7838540055675843,0.7824561403508772,570.0,0.7898305084745763,0.7639344262295082,0.8175438596491228,285.0,0.7745454545454545,0.8037735849056604,0.7473684210526316,285.0,0.7821879815100155,0.7838540055675843,0.7824561403508772,570.0,0.7824561403508772,0.7820025661271219,0.7919463087248322,0.7720588235294118,0.782002566127122,75,49,0.7848266272703572,0.7588424437299035,0.8108108108108109,0.7848266272703572,0.7824561403508772,0.8280701754385965,0.7368421052631579,0.7824561403508772,236,210,0.7824561403508772,0.7821879815100155,0.7898305084745763,0.7745454545454545,0.7821879815100155,72,52,0.7838540055675843,0.7639344262295082,0.8037735849056604,0.7838540055675843,0.4649122807017544,0.7824561403508772,0.8175438596491228,0.7473684210526316,0.7824561403508772,233,213,13.484375,5.5646923399808115,6.296875,-11.96875,285,0.5824561403508772,0.887719298245614,0,4.862735307824032,13.484375,5.5646923399808115,6.296875,-11.96875,285,0.5789473684210527,0.887719298245614,0,4.862735307824032,433,>,0.7820025661271219,validation,f1_macro,0.4080408559621469,-0.3720703125,closest_to_zero_then_lower,0.7821879815100155,0.21104104783925526,15.0,positive_class_equal_width,0.18518973336641398,0.9145357370329947,0.4415156990206797,0.5,0.44912280701754387,0.7543859649122807,0.7537485457895013,0.7570474223726115,0.7543859649122806,1140.0,0.7662771285475793,0.7308917197452229,0.8052631578947368,570.0,0.7412199630314233,0.783203125,0.7035087719298245,570.0,0.7537485457895013,0.7570474223726115,0.7543859649122807,1140.0,0.7552631578947369,0.7548812207386857,0.7568641114982578,0.7552631578947369,1140.0,0.7645569620253164,0.7365853658536585,0.7947368421052632,570.0,0.7452054794520548,0.7771428571428571,0.7157894736842105,570.0,0.7548812207386856,0.7568641114982579,0.7552631578947369,1140.0,0.7543859649122807,0.7537485457895013,0.7662771285475793,0.7412199630314233,0.7537485457895013,169.0,111.0,0.7570474223726115,0.7308917197452229,0.783203125,0.7570474223726115,0.7543859649122806,0.8052631578947368,0.7035087719298245,0.7543859649122807,459.0,401.0,0.7552631578947369,0.7548812207386857,0.7645569620253164,0.7452054794520548,0.7548812207386856,162.0,117.0,0.7568641114982578,0.7365853658536585,0.7771428571428571,0.7568641114982579,0.4605263157894737,0.7552631578947369,0.7947368421052632,0.7157894736842105,0.7552631578947369,453.0,408.0,13.625,5.140102252625582,5.476318359375,-9.0,570.0,0.531578947368421,0.8298245614035088,1.0,4.861091971794109,13.625,5.140102252625582,5.476318359375,-9.0,570.0,0.5333333333333333,0.8298245614035088,1.0,4.861091971794109,
shuffled_pair,42,101,1.0,full,references,4ec9f0fdc34bea6f68a595b8bf5b92a7ad6bfbbd1b3ed8875f4c58d68eaa82d1,6f73fce89770788c038461239046424942c8678ffe34d4964a5048cccb1d236b,82f47319636cdabaf5a56f172f68023db0c21b5f83e97554f59db62e8bdb1c96,bb43d0ad549b7e57213aab7dca185a96972dab5a6e0ad093afcd5ecde5eef177,/workspace/pair-aware/results_v3/bf16/shuffled_pair/lambda_1p0/split_42/model_seed_101,True,v3,full,1,validation,f1_macro,>,closest_to_zero_then_lower,15,positive_class_equal_width,shuffled_pair,neuralmind/bert-large-portuguese-cased,aa302f6ea73b759f7df9cad58bd272127b67ec28,bf16,256,6,2e-05,8,0.01,0.1,linear,1.0,2,f1_macro,32.0,10000,0,1,0,1,4.0,1.0,False,,,,179.81200001493562,6.43624210357666,6.74609375,4,0.7679382155546782,6,2994,1.0,2994,0,299,0.2040082220130503,15,positive_class_equal_width,0.19726851423172193,0.8668163334759647,0.45083306031968273,0.5,0.4543859649122807,0.7684210526315789,0.7679382155546782,0.7706737513811468,0.7684210526315789,570.0,0.7785234899328859,0.7459807073954984,0.8140350877192982,285.0,0.7573529411764706,0.7953667953667953,0.7228070175438597,285.0,0.7679382155546782,0.7706737513811468,0.7684210526315789,570.0,0.7771929824561403,0.7771593746055884,0.7773603035379915,0.7771929824561403,570.0,0.779896013864818,0.7705479452054794,0.7894736842105263,285.0,0.7744227353463587,0.7841726618705036,0.7649122807017544,285.0,0.7771593746055884,0.7773603035379916,0.7771929824561403,570.0,0.7684210526315789,0.7679382155546782,0.7785234899328859,0.7573529411764706,0.7679382155546782,79,53,0.7706737513811468,0.7459807073954984,0.7953667953667953,0.7706737513811468,0.7684210526315789,0.8140350877192982,0.7228070175438597,0.7684210526315789,232,206,0.7771929824561403,0.7771593746055884,0.779896013864818,0.7744227353463587,0.7771593746055884,67,60,0.7773603035379915,0.7705479452054794,0.7841726618705036,0.7773603035379916,0.48771929824561405,0.7771929824561403,0.7894736842105263,0.7649122807017544,0.7771929824561403,225,218,14.0625,5.660208504660088,6.1585693359375,-10.1953125,285,0.5508771929824562,0.8807017543859649,0,4.755713345099199,14.0625,5.660208504660088,6.1585693359375,-10.1953125,285,0.5614035087719298,0.8807017543859649,0,4.755713345099199,449,>,0.7679382155546782,validation,f1_macro,0.17895588769009546,-1.5234375,closest_to_zero_then_lower,0.7771593746055884,0.21917726037187896,15.0,positive_class_equal_width,0.20037542807983127,0.9405702934141692,0.4404638553402932,0.5,0.443859649122807,0.7473684210526316,0.7465696748138176,0.7505268014114537,0.7473684210526317,1140.0,0.760797342192691,0.722397476340694,0.8035087719298246,570.0,0.7323420074349443,0.7786561264822134,0.6912280701754386,570.0,0.7465696748138176,0.7505268014114537,0.7473684210526316,1140.0,0.7508771929824561,0.750864924095985,0.750926621433585,0.7508771929824561,1140.0,0.7526132404181185,0.7474048442906575,0.7578947368421053,570.0,0.7491166077738516,0.7544483985765125,0.743859649122807,570.0,0.750864924095985,0.750926621433585,0.7508771929824561,1140.0,0.7473684210526316,0.7465696748138176,0.760797342192691,0.7323420074349443,0.7465696748138176,176.0,112.0,0.7505268014114537,0.722397476340694,0.7786561264822134,0.7505268014114537,0.7473684210526317,0.8035087719298246,0.6912280701754386,0.7473684210526316,458.0,394.0,0.7508771929824561,0.750864924095985,0.7526132404181185,0.7491166077738516,0.750864924095985,146.0,138.0,0.750926621433585,0.7474048442906575,0.7544483985765125,0.750926621433585,0.49298245614035086,0.7508771929824561,0.7578947368421053,0.743859649122807,0.7508771929824561,432.0,424.0,14.03125,5.059559845506099,4.904296875,-10.015625,570.0,0.519298245614035,0.8456140350877193,1.0,4.926227713384052,14.03125,5.059559845506099,4.904296875,-10.015625,570.0,0.5298245614035088,0.8456140350877193,1.0,4.926227713384052,
shuffled_pair,73,13,1.0,full,references,8e5037c4e5de5f7c8865476645e1538d12b2839d042e643bbe56c647009e19aa,6f73fce89770788c038461239046424942c8678ffe34d4964a5048cccb1d236b,02b3b3662d75591a1230da3154149693de487b7678fe08b814a8a10fb13ba588,bb43d0ad549b7e57213aab7dca185a96972dab5a6e0ad093afcd5ecde5eef177,/workspace/pair-aware/results_v3/bf16/shuffled_pair/lambda_1p0/split_73/model_seed_13,True,v3,full,1,validation,f1_macro,>,closest_to_zero_then_lower,15,positive_class_equal_width,shuffled_pair,neuralmind/bert-large-portuguese-cased,aa302f6ea73b759f7df9cad58bd272127b67ec28,bf16,256,6,2e-05,8,0.01,0.1,linear,1.0,2,f1_macro,32.0,10000,0,1,0,1,4.0,1.0,False,,,,180.50806265394203,6.43624210357666,6.74609375,6,0.7837946187649372,6,2994,1.0,2994,0,299,0.20129628375629122,15,positive_class_equal_width,0.20105309381817654,1.249560689660287,0.4549344437861933,0.5,0.45614035087719296,0.7842105263157895,0.7837946187649372,0.7864143920595533,0.7842105263157895,570.0,0.7932773109243697,0.7612903225806451,0.8280701754385965,285.0,0.7743119266055046,0.8115384615384615,0.7403508771929824,285.0,0.7837946187649373,0.7864143920595533,0.7842105263157895,570.0,0.7894736842105263,0.7893466049078546,0.7901738883609573,0.7894736842105263,570.0,0.7945205479452054,0.7759197324414716,0.8140350877192982,285.0,0.7841726618705036,0.8044280442804428,0.7649122807017544,285.0,0.7893466049078546,0.7901738883609573,0.7894736842105263,570.0,0.7842105263157895,0.7837946187649372,0.7932773109243697,0.7743119266055046,0.7837946187649373,74,49,0.7864143920595533,0.7612903225806451,0.8115384615384615,0.7864143920595533,0.7842105263157895,0.8280701754385965,0.7403508771929824,0.7842105263157895,236,211,0.7894736842105263,0.7893466049078546,0.7945205479452054,0.7841726618705036,0.7893466049078546,67,53,0.7901738883609573,0.7759197324414716,0.8044280442804428,0.7901738883609573,0.47543859649122805,0.7894736842105263,0.8140350877192982,0.7649122807017544,0.7894736842105263,232,218,17.96875,8.617247678522478,10.9921875,-13.515625,285,0.5859649122807018,0.8596491228070176,0,7.3581693332809675,17.96875,8.617247678522478,10.9921875,-13.515625,285,0.6,0.8596491228070176,0,7.3581693332809675,363,>,0.7837946187649372,validation,f1_macro,0.15304215724489625,-1.7109375,closest_to_zero_then_lower,0.7893466049078546,0.2106942019255124,15.0,positive_class_equal_width,0.20609409535008016,1.2981147814354232,0.442487087527212,0.5,0.4456140350877193,0.775438596491228,0.7747724108551302,0.7787364198146118,0.775438596491228,1140.0,0.7870216306156406,0.7484177215189873,0.8298245614035088,570.0,0.7625231910946196,0.8090551181102362,0.7210526315789474,570.0,0.7747724108551302,0.7787364198146118,0.775438596491228,1140.0,0.781578947368421,0.7812960593072449,0.7830433854445438,0.781578947368421,1140.0,0.7891617273497037,0.762684124386252,0.8175438596491228,570.0,0.7734303912647862,0.8034026465028355,0.7456140350877193,570.0,0.7812960593072449,0.7830433854445438,0.781578947368421,1140.0,0.775438596491228,0.7747724108551302,0.7870216306156406,0.7625231910946196,0.7747724108551302,159.0,97.0,0.7787364198146118,0.7484177215189873,0.8090551181102362,0.7787364198146118,0.775438596491228,0.8298245614035088,0.7210526315789474,0.775438596491228,473.0,411.0,0.781578947368421,0.7812960593072449,0.7891617273497037,0.7734303912647862,0.7812960593072449,145.0,104.0,0.7830433854445438,0.762684124386252,0.8034026465028355,0.7830433854445438,0.46403508771929824,0.781578947368421,0.8175438596491228,0.7456140350877193,0.781578947368421,466.0,425.0,18.125,8.49402069627193,10.640625,-16.3125,570.0,0.5771929824561404,0.8350877192982457,1.0,7.567829006981663,18.125,8.49402069627193,10.640625,-16.3125,570.0,0.5912280701754385,0.8350877192982457,1.0,7.567829006981663,
shuffled_pair,73,21,1.0,full,references,eed38baaec53e0655eabba0e211838641d52ee185dab4f7b479c93975b44d0dd,6f73fce89770788c038461239046424942c8678ffe34d4964a5048cccb1d236b,02b3b3662d75591a1230da3154149693de487b7678fe08b814a8a10fb13ba588,bb43d0ad549b7e57213aab7dca185a96972dab5a6e0ad093afcd5ecde5eef177,/workspace/pair-aware/results_v3/bf16/shuffled_pair/lambda_1p0/split_73/model_seed_21,True,v3,full,1,validation,f1_macro,>,closest_to_zero_then_lower,15,positive_class_equal_width,shuffled_pair,neuralmind/bert-large-portuguese-cased,aa302f6ea73b759f7df9cad58bd272127b67ec28,bf16,256,6,2e-05,8,0.01,0.1,linear,1.0,2,f1_macro,32.0,10000,0,1,0,1,4.0,1.0,False,,,,121.23756873991806,6.43624210357666,6.74609375,2,0.7591086185994429,4,1996,1.0,2994,0,299,0.17150925023455416,15,positive_class_equal_width,0.063326515051273,0.5238837661167379,0.4999883331454307,0.5,0.45263157894736844,0.7596491228070176,0.7591086185994429,0.7620005963029219,0.7596491228070175,570.0,0.7705192629815746,0.7371794871794872,0.8070175438596491,285.0,0.7476979742173112,0.7868217054263565,0.712280701754386,285.0,0.7591086185994429,0.7620005963029219,0.7596491228070176,570.0,0.7719298245614035,0.7719270166453265,0.7719432166557909,0.7719298245614035,570.0,0.7711267605633803,0.773851590106007,0.7684210526315789,285.0,0.7727272727272727,0.7700348432055749,0.775438596491228,285.0,0.7719270166453265,0.771943216655791,0.7719298245614035,570.0,0.7596491228070176,0.7591086185994429,0.7705192629815746,0.7476979742173112,0.7591086185994429,82,55,0.7620005963029219,0.7371794871794872,0.7868217054263565,0.7620005963029219,0.7596491228070175,0.8070175438596491,0.712280701754386,0.7596491228070176,230,203,0.7719298245614035,0.7719270166453265,0.7711267605633803,0.7727272727272727,0.7719270166453265,64,66,0.7719432166557909,0.773851590106007,0.7700348432055749,0.771943216655791,0.5035087719298246,0.7719298245614035,0.7684210526315789,0.775438596491228,0.7719298245614035,219,221,6.46875,2.059670779579564,2.185546875,-3.17529296875,285,0.5508771929824562,0.8421052631578947,2,2.014583669842854,6.46875,2.059670779579564,2.185546875,-3.17529296875,285,0.5649122807017544,0.8421052631578947,2,2.014583669842854,495,>,0.7591086185994429,validation,f1_macro,0.3993430562286849,-0.408203125,closest_to_zero_then_lower,0.7719270166453265,0.1723175159761612,15.0,positive_class_equal_width,0.07771759331887486,0.5212050488309153,0.48225741765678193,0.5,0.4263157894736842,0.7421052631578947,0.7406974153297683,0.7474798957979386,0.7421052631578947,1140.0,0.7598039215686274,0.7110091743119266,0.8157894736842105,570.0,0.7215909090909091,0.7839506172839507,0.6684210526315789,570.0,0.7406974153297683,0.7474798957979386,0.7421052631578947,1140.0,0.7526315789473684,0.752539419112689,0.7530084829354902,0.7526315789473683,1140.0,0.7573149741824441,0.7432432432432432,0.7719298245614035,570.0,0.7477638640429338,0.7627737226277372,0.7333333333333333,570.0,0.752539419112689,0.7530084829354903,0.7526315789473684,1140.0,0.7421052631578947,0.7406974153297683,0.7598039215686274,0.7215909090909091,0.7406974153297683,189.0,105.0,0.7474798957979386,0.7110091743119266,0.7839506172839507,0.7474798957979386,0.7421052631578947,0.8157894736842105,0.6684210526315789,0.7421052631578947,465.0,381.0,0.7526315789473684,0.752539419112689,0.7573149741824441,0.7477638640429338,0.752539419112689,152.0,130.0,0.7530084829354902,0.7432432432432432,0.7627737226277372,0.7530084829354903,0.4807017543859649,0.7526315789473683,0.7719298245614035,0.7333333333333333,0.7526315789473684,440.0,418.0,7.03125,2.0872252882572644,1.79400634765625,-4.94921875,570.0,0.512280701754386,0.8508771929824561,0.0,2.0899961309077035,7.03125,2.0872252882572644,1.79400634765625,-4.94921875,570.0,0.5298245614035088,0.8508771929824561,0.0,2.0899961309077035,
shuffled_pair,73,40,1.0,full,references,7acb593ec48043deb2954b35d16206f985f7222c7a550d3d5e10ce28c6a99f87,6f73fce89770788c038461239046424942c8678ffe34d4964a5048cccb1d236b,02b3b3662d75591a1230da3154149693de487b7678fe08b814a8a10fb13ba588,bb43d0ad549b7e57213aab7dca185a96972dab5a6e0ad093afcd5ecde5eef177,/workspace/pair-aware/results_v3/bf16/shuffled_pair/lambda_1p0/split_73/model_seed_40,True,v3,full,1,validation,f1_macro,>,closest_to_zero_then_lower,15,positive_class_equal_width,shuffled_pair,neuralmind/bert-large-portuguese-cased,aa302f6ea73b759f7df9cad58bd272127b67ec28,bf16,256,6,2e-05,8,0.01,0.1,linear,1.0,2,f1_macro,32.0,10000,0,1,0,1,4.0,1.0,False,,,,180.33102174196392,6.43624210357666,6.74609375,4,0.7715247715247715,6,2994,1.0,2994,0,299,0.20521654672419645,15,positive_class_equal_width,0.19828673634175037,1.0152964189889735,0.4556899024930193,0.5,0.45789473684210524,0.7719298245614035,0.7715247715247715,0.7738719636945282,0.7719298245614035,570.0,0.7811447811447811,0.7508090614886731,0.8140350877192982,285.0,0.7619047619047619,0.7969348659003831,0.7298245614035088,285.0,0.7715247715247715,0.773871963694528,0.7719298245614035,570.0,0.7807017543859649,0.7806200524048661,0.7811205365949891,0.7807017543859649,570.0,0.776386404293381,0.791970802919708,0.7614035087719299,285.0,0.7848537005163512,0.7702702702702703,0.8,285.0,0.7806200524048661,0.7811205365949891,0.7807017543859649,570.0,0.7719298245614035,0.7715247715247715,0.7811447811447811,0.7619047619047619,0.7715247715247715,77,53,0.7738719636945282,0.7508090614886731,0.7969348659003831,0.773871963694528,0.7719298245614035,0.8140350877192982,0.7298245614035088,0.7719298245614035,232,208,0.7807017543859649,0.7806200524048661,0.776386404293381,0.7848537005163512,0.7806200524048661,57,68,0.7811205365949891,0.791970802919708,0.7702702702702703,0.7811205365949891,0.519298245614035,0.7807017543859649,0.7614035087719299,0.8,0.7807017543859649,217,228,15.390625,6.52185850979989,7.6484375,-13.15625,285,0.5754385964912281,0.8070175438596491,0,6.2099451723717305,15.390625,6.52185850979989,7.6484375,-13.15625,285,0.5824561403508772,0.8070175438596491,0,6.2099451723717305,430,>,0.7715247715247715,validation,f1_macro,0.06853749303199023,-2.609375,closest_to_zero_then_lower,0.7806200524048661,0.2117549327695706,15.0,positive_class_equal_width,0.20295529312850757,1.0369633859352494,0.41749374934459454,0.5,0.4105263157894737,0.7649122807017544,0.7630150884737464,0.7736759768009768,0.7649122807017543,1140.0,0.784219001610306,0.7247023809523809,0.8543859649122807,570.0,0.7418111753371869,0.8226495726495726,0.6754385964912281,570.0,0.7630150884737464,0.7736759768009768,0.7649122807017544,1140.0,0.769298245614035,0.7692938075909432,0.7693189688341671,0.7692982456140351,1140.0,0.7703056768558952,0.7669565217391304,0.7736842105263158,570.0,0.7682819383259912,0.7716814159292036,0.7649122807017544,570.0,0.7692938075909432,0.769318968834167,0.769298245614035,1140.0,0.7649122807017544,0.7630150884737464,0.784219001610306,0.7418111753371869,0.7630150884737464,185.0,83.0,0.7736759768009768,0.7247023809523809,0.8226495726495726,0.7736759768009768,0.7649122807017543,0.8543859649122807,0.6754385964912281,0.7649122807017544,487.0,385.0,0.769298245614035,0.7692938075909432,0.7703056768558952,0.7682819383259912,0.7692938075909432,134.0,129.0,0.7693189688341671,0.7669565217391304,0.7716814159292036,0.769318968834167,0.4956140350877193,0.7692982456140351,0.7736842105263158,0.7649122807017544,0.769298245614035,441.0,436.0,15.640625,6.415549386175055,6.66455078125,-13.421875,570.0,0.5526315789473685,0.8315789473684211,3.0,6.2077375663040915,15.640625,6.415549386175055,6.66455078125,-13.421875,570.0,0.5754385964912281,0.8315789473684211,3.0,6.2077375663040915,
shuffled_pair,73,42,1.0,full,references,4378a8f09ed0be8363c4a9e9f179c0a05796ee8bf6ca7d11fabaf39079c5b732,6f73fce89770788c038461239046424942c8678ffe34d4964a5048cccb1d236b,02b3b3662d75591a1230da3154149693de487b7678fe08b814a8a10fb13ba588,bb43d0ad549b7e57213aab7dca185a96972dab5a6e0ad093afcd5ecde5eef177,/workspace/pair-aware/results_v3/bf16/shuffled_pair/lambda_1p0/split_73/model_seed_42,True,v3,full,1,validation,f1_macro,>,closest_to_zero_then_lower,15,positive_class_equal_width,shuffled_pair,neuralmind/bert-large-portuguese-cased,aa302f6ea73b759f7df9cad58bd272127b67ec28,bf16,256,6,2e-05,8,0.01,0.1,linear,1.0,2,f1_macro,32.0,10000,0,1,0,1,4.0,1.0,False,,,,180.30367379903328,6.43624210357666,6.74609375,5,0.7787730560244452,6,2994,1.0,2994,0,299,0.20624836293160398,15,positive_class_equal_width,0.19880076030573474,1.1025658327781545,0.4707842743729157,0.5,0.47192982456140353,0.7789473684210526,0.7787730560244452,0.7798293173930764,0.7789473684210526,570.0,0.7849829351535836,0.7641196013289037,0.8070175438596491,285.0,0.7725631768953068,0.7955390334572491,0.7508771929824561,285.0,0.7787730560244452,0.7798293173930764,0.7789473684210526,570.0,0.7807017543859649,0.7806200524048661,0.7811205365949891,0.7807017543859649,570.0,0.7848537005163512,0.7702702702702703,0.8,285.0,0.776386404293381,0.791970802919708,0.7614035087719299,285.0,0.7806200524048661,0.7811205365949891,0.7807017543859649,570.0,0.7789473684210526,0.7787730560244452,0.7849829351535836,0.7725631768953068,0.7787730560244452,71,55,0.7798293173930764,0.7641196013289037,0.7955390334572491,0.7798293173930764,0.7789473684210526,0.8070175438596491,0.7508771929824561,0.7789473684210526,230,214,0.7807017543859649,0.7806200524048661,0.7848537005163512,0.776386404293381,0.7806200524048661,68,57,0.7811205365949891,0.7702702702702703,0.791970802919708,0.7811205365949891,0.4807017543859649,0.7807017543859649,0.8,0.7614035087719299,0.7807017543859649,228,217,17.140625,7.56977753220943,9.76171875,-13.359375,285,0.5859649122807018,0.8210526315789474,1,6.82866910617426,17.140625,7.56977753220943,9.76171875,-13.359375,285,0.5859649122807018,0.8210526315789474,1,6.82866910617426,400,>,0.7787730560244452,validation,f1_macro,0.36795135364884046,-0.541015625,closest_to_zero_then_lower,0.7806200524048661,0.20861287356591746,15.0,positive_class_equal_width,0.20559367838917367,1.1337033151675724,0.42974686521408745,0.5,0.43157894736842106,0.7719298245614035,0.7708571057489819,0.7771190906353508,0.7719298245614035,1140.0,0.7865353037766831,0.7391975308641975,0.8403508771929824,570.0,0.7551789077212806,0.8150406504065041,0.7035087719298245,570.0,0.7708571057489818,0.7771190906353508,0.7719298245614035,1140.0,0.7771929824561403,0.7764436662126981,0.7809598682240191,0.7771929824561403,1140.0,0.7893864013266998,0.7484276729559748,0.8350877192982457,570.0,0.7635009310986964,0.8134920634920635,0.7192982456140351,570.0,0.776443666212698,0.7809598682240191,0.7771929824561403,1140.0,0.7719298245614035,0.7708571057489819,0.7865353037766831,0.7551789077212806,0.7708571057489818,169.0,91.0,0.7771190906353508,0.7391975308641975,0.8150406504065041,0.7771190906353508,0.7719298245614035,0.8403508771929824,0.7035087719298245,0.7719298245614035,479.0,401.0,0.7771929824561403,0.7764436662126981,0.7893864013266998,0.7635009310986964,0.776443666212698,160.0,94.0,0.7809598682240191,0.7484276729559748,0.8134920634920635,0.7809598682240191,0.4421052631578947,0.7771929824561403,0.8350877192982457,0.7192982456140351,0.7771929824561403,476.0,410.0,17.09375,7.5456184253358005,9.328125,-15.34375,570.0,0.5736842105263158,0.8508771929824561,2.0,6.719998680724571,17.09375,7.5456184253358005,9.328125,-15.34375,570.0,0.5807017543859649,0.8508771929824561,2.0,6.719998680724571,
shuffled_pair,73,73,1.0,full,references,d9f6c00ca4df0d2cbcaf16bee05d6b733c27c83f25af4edf7a5315c656e92f3c,6f73fce89770788c038461239046424942c8678ffe34d4964a5048cccb1d236b,02b3b3662d75591a1230da3154149693de487b7678fe08b814a8a10fb13ba588,bb43d0ad549b7e57213aab7dca185a96972dab5a6e0ad093afcd5ecde5eef177,/workspace/pair-aware/results_v3/bf16/shuffled_pair/lambda_1p0/split_73/model_seed_73,True,v3,full,1,validation,f1_macro,>,closest_to_zero_then_lower,15,positive_class_equal_width,shuffled_pair,neuralmind/bert-large-portuguese-cased,aa302f6ea73b759f7df9cad58bd272127b67ec28,bf16,256,6,2e-05,8,0.01,0.1,linear,1.0,2,f1_macro,32.0,10000,0,1,0,1,4.0,1.0,False,,,,181.09615317801945,6.43624210357666,6.74609375,5,0.7840982228367479,6,2994,1.0,2994,0,299,0.19701513277718616,15,positive_class_equal_width,0.18810106751633296,1.0269935511408497,0.46774425652751767,0.5,0.47719298245614034,0.7842105263157895,0.7840982228367479,0.7848030990919859,0.7842105263157895,570.0,0.7890222984562607,0.7718120805369127,0.8070175438596491,285.0,0.7791741472172352,0.7977941176470589,0.7614035087719299,285.0,0.784098222836748,0.7848030990919858,0.7842105263157895,570.0,0.787719298245614,0.7875303055041265,0.7887466640308392,0.787719298245614,570.0,0.7938671209540034,0.7715231788079471,0.8175438596491228,285.0,0.7811934900542495,0.8059701492537313,0.7578947368421053,285.0,0.7875303055041264,0.7887466640308393,0.787719298245614,570.0,0.7842105263157895,0.7840982228367479,0.7890222984562607,0.7791741472172352,0.784098222836748,68,55,0.7848030990919859,0.7718120805369127,0.7977941176470589,0.7848030990919858,0.7842105263157895,0.8070175438596491,0.7614035087719299,0.7842105263157895,230,217,0.787719298245614,0.7875303055041265,0.7938671209540034,0.7811934900542495,0.7875303055041264,69,52,0.7887466640308392,0.7715231788079471,0.8059701492537313,0.7887466640308393,0.47017543859649125,0.787719298245614,0.8175438596491228,0.7578947368421053,0.787719298245614,233,216,16.390625,7.084027635005483,9.015625,-12.859375,285,0.5859649122807018,0.8280701754385965,0,6.383475217380078,16.390625,7.084027635005483,9.015625,-12.859375,285,0.5929824561403508,0.8280701754385965,0,6.383475217380078,415,>,0.7840982228367479,validation,f1_macro,0.5674572805084486,0.271484375,closest_to_zero_then_lower,0.7875303055041265,0.21365136133118448,15.0,positive_class_equal_width,0.20036864529453238,1.0898668828350282,0.4412322062599953,0.5,0.44649122807017544,0.7605263157894737,0.7598386886429983,0.763544627762089,0.7605263157894737,1140.0,0.7726894254787677,0.7353407290015848,0.8140350877192982,570.0,0.7469879518072289,0.7917485265225933,0.7070175438596491,570.0,0.7598386886429983,0.763544627762089,0.7605263157894737,1140.0,0.7614035087719299,0.7603939035208372,0.7658848427168904,0.7614035087719297,1140.0,0.7759472817133443,0.7313664596273292,0.8263157894736842,570.0,0.7448405253283302,0.8004032258064516,0.6964912280701754,570.0,0.7603939035208372,0.7658848427168904,0.7614035087719299,1140.0,0.7605263157894737,0.7598386886429983,0.7726894254787677,0.7469879518072289,0.7598386886429983,167.0,106.0,0.763544627762089,0.7353407290015848,0.7917485265225933,0.763544627762089,0.7605263157894737,0.8140350877192982,0.7070175438596491,0.7605263157894737,464.0,403.0,0.7614035087719299,0.7603939035208372,0.7759472817133443,0.7448405253283302,0.7603939035208372,173.0,99.0,0.7658848427168904,0.7313664596273292,0.8004032258064516,0.7658848427168904,0.43508771929824563,0.7614035087719297,0.8263157894736842,0.6964912280701754,0.7614035087719299,471.0,397.0,16.40625,6.821064464669479,7.61962890625,-14.03125,570.0,0.5596491228070175,0.8491228070175438,0.0,6.3288935760577045,16.40625,6.821064464669479,7.61962890625,-14.03125,570.0,0.5596491228070175,0.8491228070175438,0.0,6.3288935760577045,
shuffled_pair,73,101,1.0,full,references,b4ce23e6259e0e60b337e17254db90d363b080f9368ff3e8ec14c660df222910,6f73fce89770788c038461239046424942c8678ffe34d4964a5048cccb1d236b,02b3b3662d75591a1230da3154149693de487b7678fe08b814a8a10fb13ba588,bb43d0ad549b7e57213aab7dca185a96972dab5a6e0ad093afcd5ecde5eef177,/workspace/pair-aware/results_v3/bf16/shuffled_pair/lambda_1p0/split_73/model_seed_101,True,v3,full,1,validation,f1_macro,>,closest_to_zero_then_lower,15,positive_class_equal_width,shuffled_pair,neuralmind/bert-large-portuguese-cased,aa302f6ea73b759f7df9cad58bd272127b67ec28,bf16,256,6,2e-05,8,0.01,0.1,linear,1.0,2,f1_macro,32.0,10000,0,1,0,1,4.0,1.0,False,,,,181.0579066349892,6.43624210357666,6.74609375,5,0.7769946181737526,6,2994,1.0,2994,0,299,0.20493838598508468,15,positive_class_equal_width,0.20207990081788113,1.1042989900227476,0.46765325720136414,0.5,0.47017543859649125,0.7771929824561403,0.7769946181737526,0.7781827616882475,0.7771929824561403,570.0,0.7836456558773425,0.7615894039735099,0.8070175438596491,285.0,0.7703435804701627,0.7947761194029851,0.7473684210526316,285.0,0.7769946181737526,0.7781827616882475,0.7771929824561403,570.0,0.7859649122807018,0.7859622771594602,0.7859789955799609,0.7859649122807018,570.0,0.7867132867132867,0.7839721254355401,0.7894736842105263,285.0,0.7852112676056338,0.7879858657243817,0.7824561403508772,285.0,0.7859622771594603,0.7859789955799609,0.7859649122807018,570.0,0.7771929824561403,0.7769946181737526,0.7836456558773425,0.7703435804701627,0.7769946181737526,72,55,0.7781827616882475,0.7615894039735099,0.7947761194029851,0.7781827616882475,0.7771929824561403,0.8070175438596491,0.7473684210526316,0.7771929824561403,230,213,0.7859649122807018,0.7859622771594602,0.7867132867132867,0.7852112676056338,0.7859622771594603,62,60,0.7859789955799609,0.7839721254355401,0.7879858657243817,0.7859789955799609,0.4964912280701754,0.7859649122807018,0.7894736842105263,0.7824561403508772,0.7859649122807018,225,223,15.5,7.147741806297971,9.3828125,-12.1875,285,0.5754385964912281,0.8526315789473684,0,6.378820266123655,15.5,7.147741806297971,9.3828125,-12.1875,285,0.5929824561403508,0.8526315789473684,0,6.378820266123655,389,>,0.7769946181737526,validation,f1_macro,0.20024470996061125,-1.384765625,closest_to_zero_then_lower,0.7859622771594602,0.1987723923373239,15.0,positive_class_equal_width,0.18600501305521266,1.0747342313077317,0.44003096687725385,0.5,0.44473684210526315,0.7850877192982456,0.7844293629899254,0.788613440272208,0.7850877192982456,1140.0,0.7963424771404821,0.7567140600315956,0.8403508771929824,570.0,0.7725162488393686,0.8205128205128205,0.7298245614035088,570.0,0.7844293629899254,0.788613440272208,0.7850877192982456,1140.0,0.7859649122807018,0.785751257024549,0.7871101716913265,0.7859649122807018,1140.0,0.7925170068027211,0.768976897689769,0.8175438596491228,570.0,0.7789855072463768,0.8052434456928839,0.7543859649122807,570.0,0.785751257024549,0.7871101716913265,0.7859649122807018,1140.0,0.7850877192982456,0.7844293629899254,0.7963424771404821,0.7725162488393686,0.7844293629899254,154.0,91.0,0.788613440272208,0.7567140600315956,0.8205128205128205,0.788613440272208,0.7850877192982456,0.8403508771929824,0.7298245614035088,0.7850877192982456,479.0,416.0,0.7859649122807018,0.785751257024549,0.7925170068027211,0.7789855072463768,0.785751257024549,140.0,104.0,0.7871101716913265,0.768976897689769,0.8052434456928839,0.7871101716913265,0.46842105263157896,0.7859649122807018,0.8175438596491228,0.7543859649122807,0.7859649122807018,466.0,430.0,15.5625,7.2641856277198125,8.703125,-13.125,570.0,0.5912280701754385,0.8421052631578947,1.0,6.345001304391621,15.5625,7.2641856277198125,8.703125,-13.125,570.0,0.5947368421052631,0.8421052631578947,1.0,6.345001304391621,
shuffled_pair,101,13,1.0,full,references,5f67feaebca2b7aa9c147e918cbf811f4320baa582c0501baa19ec662faff4a7,6f73fce89770788c038461239046424942c8678ffe34d4964a5048cccb1d236b,19cfd33b81c6deff489e458f0eee040d005eaea9718d148a3418985c56da9eda,bb43d0ad549b7e57213aab7dca185a96972dab5a6e0ad093afcd5ecde5eef177,/workspace/pair-aware/results_v3/bf16/shuffled_pair/lambda_1p0/split_101/model_seed_13,True,v3,full,1,validation,f1_macro,>,closest_to_zero_then_lower,15,positive_class_equal_width,shuffled_pair,neuralmind/bert-large-portuguese-cased,aa302f6ea73b759f7df9cad58bd272127b67ec28,bf16,256,6,2e-05,8,0.01,0.1,linear,1.0,2,f1_macro,32.0,10000,0,1,0,1,4.0,1.0,False,,,,150.66510105400812,6.43624210357666,6.74609375,3,0.7858700070206555,5,2495,1.0,2994,0,299,0.16886401447924473,15,positive_class_equal_width,0.11645657712365001,0.5682226134401837,0.5258472365548562,0.5,0.5210526315789473,0.7859649122807018,0.7858700070206555,0.7864727864727865,0.7859649122807018,570.0,0.7813620071684588,0.7985347985347986,0.7649122807017544,285.0,0.7903780068728522,0.7744107744107744,0.8070175438596491,285.0,0.7858700070206556,0.7864727864727865,0.7859649122807018,570.0,0.7894736842105263,0.7894088669950738,0.7898305084745763,0.7894736842105263,570.0,0.7857142857142857,0.8,0.7719298245614035,285.0,0.7931034482758621,0.7796610169491526,0.8070175438596491,285.0,0.789408866995074,0.7898305084745764,0.7894736842105263,570.0,0.7859649122807018,0.7858700070206555,0.7813620071684588,0.7903780068728522,0.7858700070206556,55,67,0.7864727864727865,0.7985347985347986,0.7744107744107744,0.7864727864727865,0.7859649122807018,0.7649122807017544,0.8070175438596491,0.7859649122807018,218,230,0.7894736842105263,0.7894088669950738,0.7857142857142857,0.7931034482758621,0.789408866995074,55,65,0.7898305084745763,0.8,0.7796610169491526,0.7898305084745764,0.5175438596491229,0.7894736842105263,0.7719298245614035,0.8070175438596491,0.7894736842105263,220,230,9.9453125,3.8881962558679413,4.083984375,-6.6875,285,0.6035087719298246,0.8526315789473684,0,3.469524348816889,9.9453125,3.8881962558679413,4.083984375,-6.6875,285,0.6105263157894737,0.8526315789473684,0,3.469524348816889,470,>,0.7858700070206555,validation,f1_macro,0.5141563717930645,0.056640625,closest_to_zero_then_lower,0.7894088669950738,0.20888555882227308,15.0,positive_class_equal_width,0.1604992323424818,0.6976083162906319,0.5359625195463223,0.5,0.5219298245614035,0.7342105263157894,0.734082642083181,0.7346619381697633,0.7342105263157894,1140.0,0.7282511210762331,0.744954128440367,0.712280701754386,570.0,0.7399141630901288,0.7243697478991596,0.756140350877193,570.0,0.734082642083181,0.7346619381697632,0.7342105263157894,1140.0,0.7350877192982456,0.7349702545911392,0.7355052355052355,0.7350877192982457,1140.0,0.7293906810035843,0.7454212454212454,0.7140350877192982,570.0,0.7405498281786942,0.7255892255892256,0.756140350877193,570.0,0.7349702545911393,0.7355052355052355,0.7350877192982456,1140.0,0.7342105263157894,0.734082642083181,0.7282511210762331,0.7399141630901288,0.734082642083181,139.0,164.0,0.7346619381697633,0.744954128440367,0.7243697478991596,0.7346619381697632,0.7342105263157894,0.712280701754386,0.756140350877193,0.7342105263157894,406.0,431.0,0.7350877192982456,0.7349702545911392,0.7293906810035843,0.7405498281786942,0.7349702545911393,139.0,163.0,0.7355052355052355,0.7454212454212454,0.7255892255892256,0.7355052355052355,0.5210526315789473,0.7350877192982457,0.7140350877192982,0.756140350877193,0.7350877192982456,407.0,431.0,9.984375,3.2554025850797954,2.6455078125,-6.53125,570.0,0.5017543859649123,0.8333333333333334,0.0,3.3615372140621282,9.984375,3.2554025850797954,2.6455078125,-6.53125,570.0,0.5035087719298246,0.8333333333333334,0.0,3.3615372140621282,
shuffled_pair,101,21,1.0,full,references,bf0ed9ad950513eb2137ffe848a0ebf40979b28413372d27c06d3f47941144b0,6f73fce89770788c038461239046424942c8678ffe34d4964a5048cccb1d236b,19cfd33b81c6deff489e458f0eee040d005eaea9718d148a3418985c56da9eda,bb43d0ad549b7e57213aab7dca185a96972dab5a6e0ad093afcd5ecde5eef177,/workspace/pair-aware/results_v3/bf16/shuffled_pair/lambda_1p0/split_101/model_seed_21,True,v3,full,1,validation,f1_macro,>,closest_to_zero_then_lower,15,positive_class_equal_width,shuffled_pair,neuralmind/bert-large-portuguese-cased,aa302f6ea73b759f7df9cad58bd272127b67ec28,bf16,256,6,2e-05,8,0.01,0.1,linear,1.0,2,f1_macro,32.0,10000,0,1,0,1,4.0,1.0,False,,,,181.64912195899524,6.43624210357666,6.74609375,6,0.7797738083831225,6,2994,1.0,2994,0,299,0.21078156538653978,15,positive_class_equal_width,0.21200871815522243,1.3010496566915017,0.4320226459325644,0.5,0.43508771929824563,0.7807017543859649,0.7797738083831225,0.7855139250651173,0.7807017543859649,570.0,0.7940691927512356,0.7484472049689441,0.8456140350877193,285.0,0.7654784240150094,0.8225806451612904,0.7157894736842105,285.0,0.7797738083831225,0.7855139250651173,0.7807017543859649,570.0,0.7894736842105263,0.7892141756548536,0.7909062789978348,0.7894736842105263,570.0,0.7818181818181819,0.8113207547169812,0.7543859649122807,285.0,0.7966101694915254,0.7704918032786885,0.8245614035087719,285.0,0.7892141756548536,0.7909062789978349,0.7894736842105263,570.0,0.7807017543859649,0.7797738083831225,0.7940691927512356,0.7654784240150094,0.7797738083831225,81,44,0.7855139250651173,0.7484472049689441,0.8225806451612904,0.7855139250651173,0.7807017543859649,0.8456140350877193,0.7157894736842105,0.7807017543859649,241,204,0.7894736842105263,0.7892141756548536,0.7818181818181819,0.7966101694915254,0.7892141756548536,50,70,0.7909062789978348,0.8113207547169812,0.7704918032786885,0.7909062789978349,0.5350877192982456,0.7894736842105263,0.7543859649122807,0.8245614035087719,0.7894736842105263,215,235,16.578125,8.085480057565789,10.875,-15.796875,285,0.5964912280701754,0.8631578947368421,3,7.574218717905167,16.578125,8.085480057565789,10.875,-15.796875,285,0.6070175438596491,0.8631578947368421,3,7.574218717905167,335,>,0.7797738083831225,validation,f1_macro,0.0052201256935583955,-5.25,closest_to_zero_then_lower,0.7892141756548536,0.2653737811959609,15.0,positive_class_equal_width,0.2636064050024157,1.6215550094652924,0.42805865347934363,0.5,0.4298245614035088,0.7210526315789474,0.7196721311475409,0.7254945054945054,0.7210526315789474,1140.0,0.739344262295082,0.6938461538461539,0.7912280701754386,570.0,0.7,0.7571428571428571,0.6508771929824562,570.0,0.7196721311475409,0.7254945054945054,0.7210526315789474,1140.0,0.7359649122807017,0.7357939386753046,0.7365772899379435,0.7359649122807017,1140.0,0.729072907290729,0.7486136783733827,0.7105263157894737,570.0,0.7425149700598802,0.7245409015025042,0.7614035087719299,570.0,0.7357939386753046,0.7365772899379434,0.7359649122807017,1140.0,0.7210526315789474,0.7196721311475409,0.739344262295082,0.7,0.7196721311475409,199.0,119.0,0.7254945054945054,0.6938461538461539,0.7571428571428571,0.7254945054945054,0.7210526315789474,0.7912280701754386,0.6508771929824562,0.7210526315789474,451.0,371.0,0.7359649122807017,0.7357939386753046,0.729072907290729,0.7425149700598802,0.7357939386753046,136.0,165.0,0.7365772899379435,0.7486136783733827,0.7245409015025042,0.7365772899379434,0.525438596491228,0.7359649122807017,0.7105263157894737,0.7614035087719299,0.7359649122807017,405.0,434.0,16.859375,6.69144929584704,4.8818359375,-14.203125,570.0,0.47192982456140353,0.8052631578947368,4.0,7.289429858649514,16.859375,6.69144929584704,4.8818359375,-14.203125,570.0,0.5052631578947369,0.8052631578947368,4.0,7.289429858649514,
shuffled_pair,101,40,1.0,full,references,c24063cfcf2e15bfe1b8de05a6a048261a48649819c69e47b1488429e69de334,6f73fce89770788c038461239046424942c8678ffe34d4964a5048cccb1d236b,19cfd33b81c6deff489e458f0eee040d005eaea9718d148a3418985c56da9eda,bb43d0ad549b7e57213aab7dca185a96972dab5a6e0ad093afcd5ecde5eef177,/workspace/pair-aware/results_v3/bf16/shuffled_pair/lambda_1p0/split_101/model_seed_40,True,v3,full,1,validation,f1_macro,>,closest_to_zero_then_lower,15,positive_class_equal_width,shuffled_pair,neuralmind/bert-large-portuguese-cased,aa302f6ea73b759f7df9cad58bd272127b67ec28,bf16,256,6,2e-05,8,0.01,0.1,linear,1.0,2,f1_macro,32.0,10000,0,1,0,1,4.0,1.0,False,,,,121.10992707207333,6.43624210357666,6.74609375,2,0.7712962962962964,4,1996,1.0,2994,0,299,0.18724425394053512,15,positive_class_equal_width,0.1538818506885046,0.6326261432725168,0.43899659124854384,0.5,0.4473684210526316,0.7719298245614035,0.7712962962962964,0.7749766573295985,0.7719298245614035,570.0,0.7833333333333333,0.746031746031746,0.8245614035087719,285.0,0.7592592592592593,0.803921568627451,0.7192982456140351,285.0,0.7712962962962964,0.7749766573295984,0.7719298245614035,570.0,0.7789473684210526,0.7788139351532473,0.779622110602377,0.7789473684210526,570.0,0.7842465753424658,0.7658862876254181,0.8035087719298246,285.0,0.7733812949640287,0.7933579335793358,0.7543859649122807,285.0,0.7788139351532473,0.7796221106023771,0.7789473684210526,570.0,0.7719298245614035,0.7712962962962964,0.7833333333333333,0.7592592592592593,0.7712962962962964,80,50,0.7749766573295985,0.746031746031746,0.803921568627451,0.7749766573295984,0.7719298245614035,0.8245614035087719,0.7192982456140351,0.7719298245614035,235,205,0.7789473684210526,0.7788139351532473,0.7842465753424658,0.7733812949640287,0.7788139351532473,70,56,0.779622110602377,0.7658862876254181,0.7933579335793358,0.7796221106023771,0.47543859649122805,0.7789473684210526,0.8035087719298246,0.7543859649122807,0.7789473684210526,229,215,8.7734375,3.4887429220634596,3.791015625,-7.34375,285,0.5649122807017544,0.8701754385964913,1,3.2494501064810017,8.7734375,3.4887429220634596,3.791015625,-7.34375,285,0.5789473684210527,0.8701754385964913,1,3.2494501064810017,446,>,0.7712962962962964,validation,f1_macro,0.30259712898221225,-0.8349609375,closest_to_zero_then_lower,0.7788139351532473,0.22689209510577524,15.0,positive_class_equal_width,0.1871463106373549,0.7562911720534948,0.4536702090371662,0.5,0.4614035087719298,0.7175438596491228,0.7171224600512922,0.7188479211305285,0.7175438596491228,1140.0,0.7280405405405406,0.7019543973941368,0.756140350877193,570.0,0.7062043795620438,0.7357414448669202,0.6789473684210526,570.0,0.7171224600512922,0.7188479211305285,0.7175438596491228,1140.0,0.7166666666666667,0.7166664486506992,0.7166673335405773,0.7166666666666667,1140.0,0.7164179104477612,0.7170474516695958,0.7157894736842105,570.0,0.7169149868536372,0.7162872154115587,0.7175438596491228,570.0,0.7166664486506993,0.7166673335405773,0.7166666666666667,1140.0,0.7175438596491228,0.7171224600512922,0.7280405405405406,0.7062043795620438,0.7171224600512922,183.0,139.0,0.7188479211305285,0.7019543973941368,0.7357414448669202,0.7188479211305285,0.7175438596491228,0.756140350877193,0.6789473684210526,0.7175438596491228,431.0,387.0,0.7166666666666667,0.7166664486506992,0.7164179104477612,0.7169149868536372,0.7166664486506993,161.0,162.0,0.7166673335405773,0.7170474516695958,0.7162872154115587,0.7166673335405773,0.5008771929824561,0.7166666666666667,0.7157894736842105,0.7175438596491228,0.7166666666666667,408.0,409.0,8.625,2.882627841882538,2.349609375,-7.1171875,570.0,0.4649122807017544,0.8070175438596491,1.0,3.2094666140356525,8.625,2.882627841882538,2.349609375,-7.1171875,570.0,0.47192982456140353,0.8070175438596491,1.0,3.2094666140356525,
shuffled_pair,101,42,1.0,full,references,0973104656f74ddef92e7683eab77310a498f4f0ba13b561f6cd5d93e0dd1957,6f73fce89770788c038461239046424942c8678ffe34d4964a5048cccb1d236b,19cfd33b81c6deff489e458f0eee040d005eaea9718d148a3418985c56da9eda,bb43d0ad549b7e57213aab7dca185a96972dab5a6e0ad093afcd5ecde5eef177,/workspace/pair-aware/results_v3/bf16/shuffled_pair/lambda_1p0/split_101/model_seed_42,True,v3,full,1,validation,f1_macro,>,closest_to_zero_then_lower,15,positive_class_equal_width,shuffled_pair,neuralmind/bert-large-portuguese-cased,aa302f6ea73b759f7df9cad58bd272127b67ec28,bf16,256,6,2e-05,8,0.01,0.1,linear,1.0,2,f1_macro,32.0,10000,0,1,0,1,4.0,1.0,False,,,,181.84637255198322,6.43624210357666,6.74609375,5,0.7696586061060366,6,2994,1.0,2994,0,299,0.20811063521838175,15,positive_class_equal_width,0.2047533675686919,1.1605452081482337,0.45939250772363016,0.5,0.45263157894736844,0.7701754385964912,0.7696586061060366,0.7726222420989863,0.7701754385964912,570.0,0.7805695142378559,0.7467948717948718,0.8175438596491228,285.0,0.7587476979742173,0.7984496124031008,0.7228070175438597,285.0,0.7696586061060365,0.7726222420989862,0.7701754385964912,570.0,0.7894736842105263,0.7894710922879937,0.7894879403110033,0.7894736842105263,570.0,0.7887323943661971,0.7915194346289752,0.7859649122807018,285.0,0.7902097902097902,0.7874564459930313,0.7929824561403509,285.0,0.7894710922879937,0.7894879403110033,0.7894736842105263,570.0,0.7701754385964912,0.7696586061060366,0.7805695142378559,0.7587476979742173,0.7696586061060365,79,52,0.7726222420989863,0.7467948717948718,0.7984496124031008,0.7726222420989862,0.7701754385964912,0.8175438596491228,0.7228070175438597,0.7701754385964912,233,206,0.7894736842105263,0.7894710922879937,0.7887323943661971,0.7902097902097902,0.7894710922879937,59,61,0.7894879403110033,0.7915194346289752,0.7874564459930313,0.7894879403110033,0.5035087719298246,0.7894736842105263,0.7859649122807018,0.7929824561403509,0.7894736842105263,224,226,17.90625,8.161558345326206,10.328125,-16.25,285,0.5789473684210527,0.8701754385964913,1,7.371548294894391,17.90625,8.161558345326206,10.328125,-16.25,285,0.6105263157894737,0.8701754385964913,1,7.371548294894391,400,>,0.7696586061060366,validation,f1_macro,0.0869416567278917,-2.3515625,closest_to_zero_then_lower,0.7894710922879937,0.2571420822958854,15.0,positive_class_equal_width,0.2532053839679067,1.515538806437509,0.4606697794177762,0.5,0.4631578947368421,0.724561403508772,0.7241870313352381,0.725787284610814,0.724561403508772,1140.0,0.7343485617597293,0.7091503267973857,0.7614035087719299,570.0,0.7140255009107468,0.7424242424242424,0.6877192982456141,570.0,0.7241870313352381,0.7257872846108141,0.724561403508772,1140.0,0.7342105263157894,0.7342103217992627,0.7342112471875876,0.7342105263157894,1140.0,0.7344434706397897,0.7338003502626971,0.7350877192982456,570.0,0.7339771729587358,0.7346221441124781,0.7333333333333333,570.0,0.7342103217992627,0.7342112471875876,0.7342105263157894,1140.0,0.724561403508772,0.7241870313352381,0.7343485617597293,0.7140255009107468,0.7241870313352381,178.0,136.0,0.725787284610814,0.7091503267973857,0.7424242424242424,0.7257872846108141,0.724561403508772,0.7614035087719299,0.6877192982456141,0.724561403508772,434.0,392.0,0.7342105263157894,0.7342103217992627,0.7344434706397897,0.7339771729587358,0.7342103217992627,152.0,151.0,0.7342112471875876,0.7338003502626971,0.7346221441124781,0.7342112471875876,0.49912280701754386,0.7342105263157894,0.7350877192982456,0.7333333333333333,0.7342105263157894,419.0,418.0,17.78125,6.706046469169751,5.76953125,-15.953125,570.0,0.4842105263157895,0.8070175438596491,1.0,7.324683331486766,17.78125,6.706046469169751,5.76953125,-15.953125,570.0,0.4964912280701754,0.8070175438596491,1.0,7.324683331486766,
shuffled_pair,101,73,1.0,full,references,9d1058c0eeba11d80d2b9bfaea1ca8296d7bb9ea63636224f93b4d0adf343a59,6f73fce89770788c038461239046424942c8678ffe34d4964a5048cccb1d236b,19cfd33b81c6deff489e458f0eee040d005eaea9718d148a3418985c56da9eda,bb43d0ad549b7e57213aab7dca185a96972dab5a6e0ad093afcd5ecde5eef177,/workspace/pair-aware/results_v3/bf16/shuffled_pair/lambda_1p0/split_101/model_seed_73,True,v3,full,1,validation,f1_macro,>,closest_to_zero_then_lower,15,positive_class_equal_width,shuffled_pair,neuralmind/bert-large-portuguese-cased,aa302f6ea73b759f7df9cad58bd272127b67ec28,bf16,256,6,2e-05,8,0.01,0.1,linear,1.0,2,f1_macro,32.0,10000,0,1,0,1,4.0,1.0,False,,,,150.06409172108397,6.43624210357666,6.74609375,3,0.7746367500247109,5,2495,1.0,2994,0,299,0.188262882272143,15,positive_class_equal_width,0.16067879062073395,0.6946505798588168,0.43003752932387185,0.5,0.44035087719298244,0.775438596491228,0.7746367500247109,0.7794152543431291,0.775438596491228,570.0,0.7880794701986755,0.7460815047021944,0.8350877192982457,285.0,0.7611940298507462,0.8127490039840638,0.7157894736842105,285.0,0.7746367500247109,0.7794152543431291,0.775438596491228,570.0,0.7789473684210526,0.7789364819443247,0.7790023273282518,0.7789473684210526,570.0,0.7804878048780488,0.7750865051903114,0.7859649122807018,285.0,0.7773851590106007,0.7829181494661922,0.7719298245614035,285.0,0.7789364819443247,0.7790023273282518,0.7789473684210526,570.0,0.775438596491228,0.7746367500247109,0.7880794701986755,0.7611940298507462,0.7746367500247109,81,47,0.7794152543431291,0.7460815047021944,0.8127490039840638,0.7794152543431291,0.775438596491228,0.8350877192982457,0.7157894736842105,0.775438596491228,238,204,0.7789473684210526,0.7789364819443247,0.7804878048780488,0.7773851590106007,0.7789364819443247,65,61,0.7790023273282518,0.7750865051903114,0.7829181494661922,0.7790023273282518,0.49298245614035086,0.7789473684210526,0.7859649122807018,0.7719298245614035,0.7789473684210526,224,220,12.09375,4.67566271330181,5.25,-9.03125,285,0.5859649122807018,0.8491228070175438,0,4.402382660228056,12.09375,4.67566271330181,5.25,-9.03125,285,0.6,0.8491228070175438,0,4.402382660228056,451,>,0.7746367500247109,validation,f1_macro,0.23686910602444727,-1.169921875,closest_to_zero_then_lower,0.7789364819443247,0.2252609797401562,15.0,positive_class_equal_width,0.19234867832753472,0.8473336650774839,0.4238474551446954,0.5,0.42894736842105263,0.730701754385965,0.729335310071854,0.7354565416113011,0.730701754385965,1140.0,0.7485667485667485,0.7019969278033794,0.8017543859649123,570.0,0.7101038715769594,0.7689161554192229,0.6596491228070176,570.0,0.729335310071854,0.735456541611301,0.730701754385965,1140.0,0.7271929824561404,0.7271171816732718,0.7274456999004741,0.7271929824561403,1140.0,0.731665228645384,0.7198641765704584,0.743859649122807,570.0,0.7225691347011597,0.73502722323049,0.7105263157894737,570.0,0.7271171816732718,0.7274456999004741,0.7271929824561404,1140.0,0.730701754385965,0.729335310071854,0.7485667485667485,0.7101038715769594,0.729335310071854,194.0,113.0,0.7354565416113011,0.7019969278033794,0.7689161554192229,0.735456541611301,0.730701754385965,0.8017543859649123,0.6596491228070176,0.730701754385965,457.0,376.0,0.7271929824561404,0.7271171816732718,0.731665228645384,0.7225691347011597,0.7271171816732718,165.0,146.0,0.7274456999004741,0.7198641765704584,0.73502722323049,0.7274456999004741,0.48333333333333334,0.7271929824561403,0.743859649122807,0.7105263157894737,0.7271929824561404,424.0,405.0,11.765625,3.9932813912107235,3.406494140625,-8.21875,570.0,0.4964912280701754,0.8263157894736842,0.0,4.134338745086842,11.765625,3.9932813912107235,3.406494140625,-8.21875,570.0,0.48771929824561405,0.8263157894736842,0.0,4.134338745086842,
shuffled_pair,101,101,1.0,full,references,498e0e851fd75c62718ca2741247b565800090273e8017cb210f8f44102a9e6b,6f73fce89770788c038461239046424942c8678ffe34d4964a5048cccb1d236b,19cfd33b81c6deff489e458f0eee040d005eaea9718d148a3418985c56da9eda,bb43d0ad549b7e57213aab7dca185a96972dab5a6e0ad093afcd5ecde5eef177,/workspace/pair-aware/results_v3/bf16/shuffled_pair/lambda_1p0/split_101/model_seed_101,True,v3,full,1,validation,f1_macro,>,closest_to_zero_then_lower,15,positive_class_equal_width,shuffled_pair,neuralmind/bert-large-portuguese-cased,aa302f6ea73b759f7df9cad58bd272127b67ec28,bf16,256,6,2e-05,8,0.01,0.1,linear,1.0,2,f1_macro,32.0,10000,0,1,0,1,4.0,1.0,False,,,,150.74214359698817,6.43624210357666,6.74609375,3,0.7709116541353384,5,2495,1.0,2994,0,299,0.19140916639490152,15,positive_class_equal_width,0.16234507410978397,0.7010357787600602,0.4348134315110097,0.5,0.43333333333333335,0.7719298245614035,0.7709116541353384,0.7768516313407954,0.7719298245614035,570.0,0.7861842105263158,0.739938080495356,0.8385964912280702,285.0,0.7556390977443609,0.8137651821862348,0.7052631578947368,285.0,0.7709116541353384,0.7768516313407954,0.7719298245614035,570.0,0.7736842105263158,0.7725071855305536,0.7794679674142613,0.7736842105263158,570.0,0.7888707037643208,0.7392638036809815,0.8456140350877193,285.0,0.7561436672967864,0.819672131147541,0.7017543859649122,285.0,0.7725071855305536,0.7794679674142614,0.7736842105263158,570.0,0.7719298245614035,0.7709116541353384,0.7861842105263158,0.7556390977443609,0.7709116541353384,84,46,0.7768516313407954,0.739938080495356,0.8137651821862348,0.7768516313407954,0.7719298245614035,0.8385964912280702,0.7052631578947368,0.7719298245614035,239,201,0.7736842105263158,0.7725071855305536,0.7888707037643208,0.7561436672967864,0.7725071855305536,85,44,0.7794679674142613,0.7392638036809815,0.819672131147541,0.7794679674142614,0.4280701754385965,0.7736842105263158,0.8456140350877193,0.7017543859649122,0.7736842105263158,241,200,10.953125,4.462871993215461,5.265625,-9.7890625,285,0.5649122807017544,0.8491228070175438,0,4.229002183479325,10.953125,4.462871993215461,5.265625,-9.7890625,285,0.5649122807017544,0.8491228070175438,0,4.229002183479325,451,>,0.7709116541353384,validation,f1_macro,0.532668238993261,0.130859375,closest_to_zero_then_lower,0.7725071855305536,0.22633896474231213,15.0,positive_class_equal_width,0.194448621236535,0.8286765442505447,0.4274672324007211,0.5,0.4307017543859649,0.7236842105263158,0.7223508708718925,0.7280651103530733,0.7236842105263158,1140.0,0.7415914684167351,0.6964560862865947,0.7929824561403509,570.0,0.70311027332705,0.7596741344195519,0.6543859649122807,570.0,0.7223508708718925,0.7280651103530733,0.7236842105263158,1140.0,0.7236842105263158,0.7220654922366414,0.7290195411100712,0.7236842105263158,1140.0,0.7432762836185819,0.6940639269406392,0.8,570.0,0.7008547008547008,0.7639751552795031,0.6473684210526316,570.0,0.7220654922366413,0.7290195411100712,0.7236842105263158,1140.0,0.7236842105263158,0.7223508708718925,0.7415914684167351,0.70311027332705,0.7223508708718925,197.0,118.0,0.7280651103530733,0.6964560862865947,0.7596741344195519,0.7280651103530733,0.7236842105263158,0.7929824561403509,0.6543859649122807,0.7236842105263158,452.0,373.0,0.7236842105263158,0.7220654922366414,0.7432762836185819,0.7008547008547008,0.7220654922366413,201.0,114.0,0.7290195411100712,0.6940639269406392,0.7639751552795031,0.7290195411100712,0.4236842105263158,0.7236842105263158,0.8,0.6473684210526316,0.7236842105263158,456.0,369.0,11.53125,3.714959000704581,3.0419921875,-7.953125,570.0,0.4824561403508772,0.8035087719298246,1.0,4.000032114432532,11.53125,3.714959000704581,3.0419921875,-7.953125,570.0,0.4842105263157895,0.8035087719298246,1.0,4.000032114432532,
