id,pair_id,suffix,text,true_label,predicted_label,logit_non_pun,logit_pun,pun_score,probability_non_pun,probability_pun,correct
4.66.N,4.66,N,Eu adoro fiambre . E também queijo.,0,0,3.412109375,-3.962890625,-7.375,0.999373733997345,0.0006263342220336199,True
4.600.H,4.600,H,O que são quatro pontos pretos no chão? Fourmigas.,1,1,-3.32421875,3.724609375,7.048828125,0.0008676724974066019,0.9991323351860046,True
5.694.N,5.694,N,Qual cantora espirra muito? Anitta.,0,0,3.5703125,-3.94921875,-7.51953125,0.9994578957557678,0.0005420927191153169,True
5.443.N,5.443,N,O que o Doutor exclamou ao examinar o Silvio Santos que reclamava de uma dor nas costas? É dor na Lombar.,0,0,2.78515625,-3.12890625,-5.9140625,0.9973061084747314,0.0026939143426716328,True
5.3500.N,5.3500,N,Qual a bacteria que só pega em mulher? Salmonela.,0,1,-2.4296875,2.541015625,4.970703125,0.006890459917485714,0.9931095838546753,False
4.713.N,4.713,N,O que é um anão? É um Humano.,0,0,3.576171875,-3.91015625,-7.486328125,0.9994396567344666,0.000560383836273104,True
5.3787.H,5.3787,H,Qual ator estrangeiro já foi PM? Guiliano Algemma,1,1,-2.615234375,3.12890625,5.744140625,0.003191267605870962,0.9968087077140808,True
5.3868.N,5.3868,N,Qual marca de hotéis virou presidente? Trump.,0,0,2.521484375,-2.697265625,-5.21875,0.9946150183677673,0.005384938325732946,True
4.656.H,4.656,H,Por que é que o Pai Natal não vai entregar as prendas a tempo? Porque tem os trabalhadores duendes.,1,1,-3.353515625,3.873046875,7.2265625,0.0007264875457622111,0.9992734789848328,True
4.483.N,4.483,N,Porque é que há tantas mulheres feias? Porque a verdadeira beleza está no interior.,0,0,2.966796875,-3.091796875,-6.05859375,0.9976677298545837,0.0023322340566664934,True
4.473.H,4.473,H,Quem estiver desempregado fale com alguns bebés. Ouvi dizer que dão muito trabalho.,1,0,2.88671875,-2.83203125,-5.71875,0.9967268705368042,0.0032730645034462214,False
5.3656.H,5.3656,H,Qual vilão da Marvel data do período paleolítico?  Dormammute.,1,1,-2.533203125,3.0703125,5.603515625,0.0036713576409965754,0.9963286519050598,True
5.1441.H,5.1441,H,O que o escorregador falou para o outro? Aqui os ânus passam depressa.,1,1,-3.650390625,4.05078125,7.701171875,0.00045209232484921813,0.9995478987693787,True
4.665.H,4.665,H,O que disse a Selena Gomez quando encontrou o aspirador? Taki Taki Roomba!,1,1,-2.900390625,3.478515625,6.37890625,0.0016941033536568284,0.9983059167861938,True
5.4014.N,5.4014,N,Por que no interiorzão não dá pra ouvir música? Porque lá o silêncio impera.,0,0,3.4765625,-3.6953125,-7.171875,0.9992327690124512,0.0007672925130464137,True
5.1884.H,5.1884,H,Qual é o cantor favorito da Ludmila? Funk Aguiar ,1,1,-3.041015625,3.25390625,6.294921875,0.0018422533757984638,0.998157799243927,True
5.3981.H,5.3981,H,Qual o super herói dono de uma igreja? Homem de Fé rro.,1,1,-3.2890625,3.609375,6.8984375,0.001008343417197466,0.9989916682243347,True
5.614.H,5.614,H,Qual é o carro preferido do Wolverine? Logan.,1,0,3.189453125,-3.5234375,-6.712890625,0.9987863898277283,0.001213671755976975,False
5.2965.H,5.2965,H,Por que o Ciro Gomes fez implante? Problemas CaPillar.,1,1,-3.390625,3.763671875,7.154296875,0.0007808884838595986,0.9992190599441528,True
4.224.N,4.224,N,Vira-se um porta-moedas para uma carteira: nunca reparas em mim ...,0,0,2.7578125,-3.587890625,-6.345703125,0.998248815536499,0.0017511968035250902,True
5.3957.N,5.3957,N,Qual rapper que te convidava pro sexo oral? RM.,0,0,3.111328125,-3.39453125,-6.505859375,0.998507559299469,0.001492425100877881,True
5.1310.H,5.1310,H,Onde as aranhas compram material de construção? Teia Norte.,1,1,-2.189453125,2.505859375,4.6953125,0.009055264294147491,0.9909447431564331,True
5.3785.H,5.3785,H,Qual o jogo preferido dos estudantes que moram juntos? Riders República.,1,1,-3.111328125,3.298828125,6.41015625,0.0016420666361227632,0.9983579516410828,True
4.46.H,4.46,H,Estão dois gatinhos à procura da mãe. Qual é o filme? Mamma mia!,1,1,-2.77734375,3.375,6.15234375,0.002123966347426176,0.9978760480880737,True
5.2841.H,5.2841,H,Qual o ator que produz vinho? Vinícolas Cage ,1,1,-3.05859375,3.369140625,6.427734375,0.00161350064445287,0.9983865022659302,True
5.354.N,5.354,N,Por que Singapura foi na festa dos países? Pra socializar.,0,0,3.505859375,-3.849609375,-7.35546875,0.9993613362312317,0.000638679601252079,True
4.224.H,4.224,H,Vira-se um posta-moedas para uma carteira: nunca notas em mim...,1,1,-3.4375,3.740234375,7.177734375,0.000762813026085496,0.9992371797561646,True
5.3500.H,5.3500,H,Qual a bacteria que só prega em mulher? Salmo nelas.,1,1,-3.521484375,3.958984375,7.48046875,0.000563675130251795,0.9994363188743591,True
5.1598.N,5.1598,N,Qual é o animal que voa no deserto? Abutre.,0,0,3.66796875,-4.03125,-7.69921875,0.9995469450950623,0.0004529758298303932,True
5.1498.N,5.1498,N,O que o galo foi fazer na delegacia? Denunciar.,0,0,3.583984375,-4.08984375,-7.673828125,0.9995354413986206,0.00046461905003525317,True
4.660.H,4.660,H,"Como se chama um cão sem patas? Não se chama, vai-se buscar.",1,1,-0.1431884765625,0.2432861328125,0.386474609375,0.4045662581920624,0.5954337120056152,True
5.513.H,5.513,H,Qual o contrário de diagnóstico? Noite crente.,1,1,-3.22265625,3.40625,6.62890625,0.0013198636006563902,0.9986801743507385,True
4.609.H,4.609,H,Um fulano passou três dias na piscina e depois foi ao médico. Qual foi o diagnóstico? Nada demais.,1,1,-3.318359375,3.607421875,6.92578125,0.0009811718482524157,0.9990187883377075,True
5.2752.H,5.2752,H,"""""""Qual o poeta mais mortal da língua portuguesa? Mário Kitana""""""",1,0,0.10052490234375,-0.3447265625,-0.44525146484375,0.6095096468925476,0.3904903531074524,False
5.2189.N,5.2189,N,Quem é a cantora que trabalha com transporte público nos Estados Unidos?  Beyoncé,0,0,3.525390625,-3.93359375,-7.458984375,0.9994240999221802,0.0005759091582149267,True
5.3400.N,5.3400,N,Em qual série não gostam de uma banda de rock? Todo mundo odeia o Chris.,0,0,3.3125,-3.802734375,-7.115234375,0.9991880059242249,0.0008119703270494938,True
5.1303.H,5.1303,H,Qual o chá preferido dos britânicos para se acalmar? C'mon Mila.,1,1,-2.578125,3.048828125,5.626953125,0.003586615901440382,0.9964134097099304,True
5.41.H,5.41,H,Qual cantora brasileira só cria galinha? Ivete Sem Galo.,1,1,-3.52734375,3.849609375,7.376953125,0.0006251128506846726,0.9993749260902405,True
5.85.N,5.85,N,Qual é a tartaruga ninja que vive na Disney? O Miquelângelo.,0,1,-3.330078125,3.736328125,7.06640625,0.0008525666198693216,0.9991474151611328,False
5.4032.H,5.4032,H,"Por que quando eu gritava dentro da caverna, o som só se repetia uma vez ? Porque era um Eco nômico.",1,1,-3.462890625,4.015625,7.478515625,0.0005647764774039388,0.9994352459907532,True
5.674.N,5.674,N,Qual parente sempre deixa um pouco de comida no prato? A prima.,0,0,3.76953125,-4.078125,-7.84765625,0.9996095299720764,0.0003905139456037432,True
5.848.H,5.848,H,Qual personagem da Disney que ninguém gosta? Amarga Rida.,1,1,-3.560546875,3.998046875,7.55859375,0.0005213362746872008,0.9994786381721497,True
5.933.H,5.933,H,Qual é o nome do especialista em temperar carnes que não se esquecia do passado?  O Sal Dosista.,1,1,-3.28515625,3.66015625,6.9453125,0.0009622126235626638,0.9990378618240356,True
5.2329.H,5.2329,H,O que o videogame triste espera que a gente faça? Que o console.,1,1,-3.169921875,3.404296875,6.57421875,0.0013939500786364079,0.9986060261726379,True
2.10.N,2.10,N,Como o padre bateu o carro? Dando uma ré.,0,0,3.787109375,-4.078125,-7.865234375,0.999616265296936,0.00038371203118003905,True
5.2811.H,5.2811,H,Profissional que conhecia tudo a respeito de suínos? Ex Perito de Porco ,1,1,-3.76171875,4.046875,7.80859375,0.0004060639475937933,0.9995939135551453,True
5.2965.N,5.2965,N,Por que o Ciro Gomes fez implante? Ele estava careca.,0,0,3.35546875,-3.771484375,-7.126953125,0.9991975426673889,0.0008025182178243995,True
4.417.H,4.417,H,Porque é que os daltónicos têm péssima memória? Porque não sabem nada de cor.,1,0,2.90625,-3.294921875,-6.201171875,0.997977077960968,0.002022953238338232,False
5.553.H,5.553,H,O que a Minnie falou pro namorado dela quando encostou na fogueira? Mickey mou Zé.,1,1,-3.455078125,3.912109375,7.3671875,0.0006312434561550617,0.9993687272071838,True
5.306.H,5.306,H,Qual problema de saúde recorrente em matemáticos? Problema DIVISÃO,1,1,-3.259765625,3.318359375,6.578125,0.0013885232619941235,0.9986114501953125,True
5.1021.H,5.1021,H,Qual galaxia treina com nutricionista? A Milky Whey,1,1,-0.450439453125,0.2437744140625,0.6942138671875,0.33309632539749146,0.6669036746025085,True
5.1929.H,5.1929,H,Qual idioma favorece o tráfico de órgãos? Manda rim ,1,1,-3.474609375,3.943359375,7.41796875,0.0006000071880407631,0.9994000196456909,True
4.77.H,4.77,H,"Se o futuro depende dos teus sonhos, não percas tempo. Vai dormir.",1,0,3.240234375,-3.408203125,-6.6484375,0.9987056255340576,0.0012943680630996823,False
5.1100.N,5.1100,N,Qual é a regra de matemática preferida dos funkeiros? Regra de três.,0,0,3.271484375,-3.708984375,-6.98046875,0.9990710020065308,0.0009290034649893641,True
5.823.N,5.823,N,Qual a banda que não deve nada pra ninguém? Skank.,0,0,3.375,-3.830078125,-7.205078125,0.9992577433586121,0.0007422528578899801,True
5.3218.H,5.3218,H,Qual piloto nos enchia de orgulho? Emerson FittiProud.,1,1,-3.044921875,3.28515625,6.330078125,0.0017787249526008964,0.998221218585968,True
5.2306.H,5.2306,H,Qual jornalista se especializou em falar de lanche de rua no Rio? Ana Paula Podrão.,1,1,-3.162109375,3.396484375,6.55859375,0.0014158703852444887,0.9985841512680054,True
5.3272.N,5.3272,N,Qual a janta favorita do ET? Ovine de Codorna.,0,1,-3.38671875,3.478515625,6.865234375,0.0010423501953482628,0.998957633972168,False
5.3119.N,5.3119,N,Qual o nome da mãe do super-herói que nunca vai em praia com águas geladas? Martha Wayne.,0,0,2.64453125,-2.81640625,-5.4609375,0.9957684278488159,0.004231587518006563,True
5.1150.H,5.1150,H,O que a mãe do chinês falou para ele fazer quando brigarem com ele? Xing.,1,0,2.96875,-3.189453125,-6.158203125,0.9978883862495422,0.002111583948135376,False
4.616.N,4.616,N,Por que é que os hospitais não atendem telefones? Porque para isso há a Saúde 24.,0,1,0.035186767578125,0.381103515625,0.345916748046875,0.4143729507923126,0.5856270790100098,False
5.3704.N,5.3704,N,Onde o Sílvio conseguiu comprar novelas tão ruins? Na porta da Globo!,0,0,3.48828125,-3.7421875,-7.23046875,0.999276340007782,0.0007236571982502937,True
4.678.N,4.678,N,Acabei de abrir a conta da água e a conta da luz ao mesmo tempo . Fiquei em pânico .,0,0,3.482421875,-3.953125,-7.435546875,0.9994105100631714,0.0005895585636608303,True
5.2738.H,5.2738,H,Po que a gente se sente mais equilibrado ao entrar em um rodízio? Porque ali é um centro de massa,1,1,-2.65625,2.859375,5.515625,0.004007289186120033,0.9959927201271057,True
5.728.N,5.728,N,"Qual é o nome da doença que acomete vítimas de sequestro que não têm espelho no cativeiro? Síndrome de "" Estocolmo? """,0,1,-1.1318359375,0.99169921875,2.12353515625,0.10683028399944305,0.8931697010993958,False
5.62.N,5.62,N,Qual é a atriz que só usa roupa da Zara? Taís Araújo.,0,0,3.65625,-3.935546875,-7.591796875,0.9994956254959106,0.0005043190903961658,True
5.2985.N,5.2985,N,Qual animal é coach? O homem.,0,0,3.59765625,-4.24609375,-7.84375,0.9996079802513123,0.0003920417802873999,True
5.2501.N,5.2501,N,Sabe por que a Gisele Bündchen só anda com roupa amassada? Porque ela cansou de passar roupa.,0,0,3.23046875,-3.421875,-6.65234375,0.9987106323242188,0.0012893282109871507,True
5.1731.H,5.1731,H,Qual o tipo de investimento financeiro preferido da mulher que casou virgem? Day tarde,1,1,-2.9765625,3.16015625,6.13671875,0.002157342154532671,0.9978426694869995,True
5.3993.N,5.3993,N,Por que o cara sentia prazer em bater em si mesmo com um sapato? Porque era um masoquista.,0,0,3.423828125,-3.763671875,-7.1875,0.9992445707321167,0.0007554055191576481,True
5.3218.N,5.3218,N,Qual piloto nos enchia de orgulho? Emerson.,0,0,3.58203125,-4.1171875,-7.69921875,0.9995469450950623,0.0004529758298303932,True
5.1829.H,5.1829,H,Qual é a cidade americana com muitas embarcações? Nas Vegas,1,0,2.396484375,-2.275390625,-4.671875,0.9907320141792297,0.009268013760447502,False
5.2237.N,5.2237,N,"Qual o cantor que, ao descobrir que é corno, resolve partir pra briga com o amante? José Ricardo",0,0,3.5390625,-3.8671875,-7.40625,0.9993928670883179,0.0006070755771361291,True
5.2312.N,5.2312,N,Qual é o nome da banda favorita das pessoas cansadas? Capital Inicial,0,0,2.826171875,-3.388671875,-6.21484375,0.9980044960975647,0.001995538594201207,True
4.381.N,4.381,N,O que acontece quando metes um tomate no micro-ondas? Estraga o molho.,0,0,3.26953125,-3.453125,-6.72265625,0.998798131942749,0.001201891340315342,True
4.479.N,4.479,N,Qual é o osso que segura a cabeça? É o hioide.,0,0,3.37890625,-3.80078125,-7.1796875,0.9992387294769287,0.0007613258203491569,True
4.545.H,4.545,H,"Qual é o lema dos perus? ""Um por todos e todos peru"".",1,1,-3.208984375,3.68359375,6.892578125,0.0010142631363123655,0.9989857077598572,True
5.4098.H,5.4098,H,Qual molho é sempre servido em proporções exageradas? De Too Much.,1,1,-2.83203125,3.107421875,5.939453125,0.002626552479341626,0.9973734617233276,True
4.632.H,4.632,H,Nem todos os esqueletos ouvem. Só os que têm rádio.,1,1,-0.5859375,0.74072265625,1.32666015625,0.20971235632896423,0.7902876734733582,True
4.681.H,4.681,H,"Decidi adotar um Chihuahua. Para quem não sabe, é um animal doméxico.",1,0,0.218994140625,-0.305908203125,-0.52490234375,0.6282933950424194,0.37170663475990295,False
5.841.H,5.841,H,Qual escritor sempre usava roupas de frio? Edgar Alã Põe.,1,1,-3.37109375,3.908203125,7.279296875,0.0006891950615681708,0.9993108510971069,True
4.587.N,4.587,N,Porque é que não se pode contratar com um cleptomaníaco? Porque ele leva tudo literalmente.,0,1,-1.84765625,1.8564453125,3.7041015625,0.024030638858675957,0.9759693741798401,False
4.510.H,4.510,H,"No outro dia estava a lavar o carro com o meu filho, vira-se ele: Pai, porque é que não usas uma esponja?",1,0,3.66796875,-4.203125,-7.87109375,0.9996185302734375,0.0003814711526501924,False
4.607.N,4.607,N,Por que é que o treinador foi despedido? Porque não estava capacitado para o trabalho.,0,0,3.673828125,-4.046875,-7.720703125,0.9995566010475159,0.0004433519789017737,True
5.4014.H,5.4014,H,Por que no interiorzão não dá pra ouvir música? Porque lá o spotifaia.,1,1,-3.01171875,3.34765625,6.359375,0.0017274586716666818,0.9982725381851196,True
5.659.N,5.659,N,Qual planta trabalha muito? Samambaia.,0,0,3.423828125,-3.681640625,-7.10546875,0.999180018901825,0.0008199319709092379,True
5.2764.H,5.2764,H,Qual cantora q não come carne? A VegetaRhianna.,1,1,-3.0703125,3.326171875,6.396484375,0.001664633397012949,0.9983354210853577,True
5.3488.H,5.3488,H,Que órgão ajudou encontrar o governador de São Paulo? A Procurar Doria.,1,1,-3.068359375,3.744140625,6.8125,0.001098731067031622,0.9989012479782104,True
5.1149.H,5.1149,H,Qual personagem de dragon ball nasceu na Alemanha e não come carne? Vegeta Ariano.,1,1,-3.4375,3.8125,7.25,0.0007096704212017357,0.9992903470993042,True
5.1756.N,5.1756,N,Qual tipo de roupa o Goku gostaria de dar de presente para sua esposa? Vestido.,0,0,3.625,-3.921875,-7.546875,0.9994725584983826,0.0005274784634821117,True
5.2014.N,5.2014,N,Em que parte do casa todos se encontram? Na área de lazer,0,0,3.8359375,-4.25,-8.0859375,0.9996923208236694,0.0003077430883422494,True
4.404.N,4.404,N,O que são duas cenouras a discutir? Poluição sonora.,0,0,3.08984375,-3.263671875,-6.353515625,0.9982624650001526,0.0017375927418470383,True
5.823.H,5.823,H,Qual a banda que não deve nada pra ninguém? Jaquitou 5.,1,1,-3.015625,3.2421875,6.2578125,0.001911769388243556,0.9980881810188293,True
4.247.H,4.247,H,"Se algum dia te sentires triste por não receberes correio, vai ao Google e faz uma pesquisa. Vais ter milhares de correspondências.",1,0,2.7734375,-3.076171875,-5.849609375,0.9971272349357605,0.002872747601941228,False
4.697.H,4.697,H,"Como se diz ""terror"" em japonês? Aikimedu.",1,0,3.37109375,-3.4765625,-6.84765625,0.9989392161369324,0.0010608151787891984,False
4.341.N,4.341,N,Qual a semelhança entre o Adão e um homem? O Adão foi o primeiro homem que houve.,0,0,3.669921875,-4.3515625,-8.021484375,0.9996718168258667,0.0003282245306763798,True
4.20.N,4.20,N,Adoro mulheres com inteligência  . Têm centenas de pontos a seu favor.,0,1,-1.517578125,1.697265625,3.21484375,0.03861093148589134,0.9613890647888184,False
5.433.N,5.433,N,Qual passarinho mais resistente que existe? A Andorinha.,0,0,1.4150390625,-1.5732421875,-2.98828125,0.9520419239997864,0.04795810580253601,True
5.3934.N,5.3934,N,Qual a bebida do Rei? Cerveja,0,0,3.763671875,-4.265625,-8.029296875,0.9996743202209473,0.0003256710770074278,True
5.1141.H,5.1141,H,Qual é o cachorro é bom de briga? Jiu shih-tzu,1,0,3.35546875,-3.837890625,-7.193359375,0.9992489218711853,0.0007509957067668438,False
4.77.N,4.77,N,"Se o futuro depende dos teus sonhos, não percas tempo . Vai à luta.",0,0,2.298828125,-2.421875,-4.720703125,0.991169810295105,0.008830243721604347,True
5.480.N,5.480,N,Como morreu o rebanho dos judeus? Febre do gado,0,0,2.263671875,-2.509765625,-4.7734375,0.9916195869445801,0.008380454033613205,True
5.2988.N,5.2988,N,Qual microorganismo é sempre passado pra trás? Vírus.,0,0,3.47265625,-3.587890625,-7.060546875,0.9991424083709717,0.0008575725369155407,True
5.3820.N,5.3820,N,"A menina dormiu muito, qual o nome do filme? Alice no país das maravilhas.",0,0,3.71484375,-4.3046875,-8.01953125,0.9996711015701294,0.00032886600820347667,True
5.2501.H,5.2501,H,Sabe por que a Gisele Bündchen só anda com roupa amassada? Porque ela cansou de passar elas.,1,1,-1.66015625,1.634765625,3.294921875,0.035745806992053986,0.9642541408538818,True
4.472.N,4.472,N,Qual é a fruta mais comum nos churrascos? É o abacaxi.,0,0,3.8046875,-4.328125,-8.1328125,0.9997063279151917,0.00029365462251007557,True
5.2047.N,5.2047,N,"Qual conto mostra a história de alguém que acha a esposa linda, mas quando ela o procura de noite, ele nega? A pequena sereia.",0,0,2.216796875,-2.412109375,-4.62890625,0.9903290271759033,0.009670993313193321,True
5.1829.N,5.1829,N,Por que o oficial pediu licença bem no dia do bombardeio? Porque ele tinha medo.,0,0,3.669921875,-3.9453125,-7.615234375,0.9995073080062866,0.0004926422843709588,True
4.638.N,4.638,N,"O amor é como um jogo de sueca . Ou se tem um bom parceiro, ou o melhor mesmo é ter uma boa carta.",0,1,-0.93896484375,1.1708984375,2.10986328125,0.10814184695482254,0.8918581604957581,False
5.3018.N,5.3018,N,Qual a série que fala de quem é sua mãe? Realmente your mother.,0,1,-2.31640625,2.525390625,4.841796875,0.007831049151718616,0.9921689629554749,False
5.2549.N,5.2549,N,Qual mercado vende lagarto? Extra.,0,0,3.298828125,-3.591796875,-6.890625,0.9989836812019348,0.0010162440594285727,True
5.2306.N,5.2306,N,Qual jornalista se especializou em falar de lanche de rua no Rio? Márcio Canuto.,0,0,3.705078125,-4.17578125,-7.880859375,0.9996222257614136,0.00037776539102196693,True
4.587.H,4.587,H,Porque é que não se pode gozar com um cleptomaníaco? Porque ele leva tudo literalmente.,1,1,-3.07421875,2.9453125,6.01953125,0.0024249141570180655,0.9975751042366028,True
4.214.H,4.214,H,Chamei Maria a uma galinha e não consegui parar de rir. Era uma ave Maria cheia de graça.,1,1,-3.07421875,3.6015625,6.67578125,0.001259498530998826,0.9987404942512512,True
4.108.N,4.108,N,"Uma feminista perguntou-me de que forma eu via as relações lésbicas . Parece que "" em euforia "" não era a resposta correta ...",0,0,2.208984375,-1.9482421875,-4.1572265625,0.9845902919769287,0.01540972851216793,True
5.3359.N,5.3359,N,Qual o animal que trabalha bem como carpinteiro? Cupim.,0,0,3.41796875,-4.0234375,-7.44140625,0.9994138479232788,0.0005861161625944078,True
5.1891.H,5.1891,H,Qual Pais faz o Ar condicionado Funcionar? ArGelia ,1,1,-3.24609375,3.7265625,6.97265625,0.0009362827986478806,0.9990637898445129,True
4.112.N,4.112,N,Quando é que os informáticos vão ao dermatologista? Quando têm problemas de pele.,0,0,3.443359375,-3.81640625,-7.259765625,0.9992972612380981,0.0007027785759419203,True
5.4065.N,5.4065,N,Por que acharam melhor não colocar o Silvio Santos pra apresentar toda a programação do SBT? Porque seria chato.,0,0,3.71484375,-4.046875,-7.76171875,0.9995744824409485,0.00042554314131848514,True
5.3173.H,5.3173,H,Qual médico gosta de funk ? Dr. Drauzio Vrau Nelas.,1,1,-3.08203125,3.671875,6.75390625,0.0011649561347439885,0.998835027217865,True
5.3820.H,5.3820,H,"A menina dormiu muito, qual o nome do filme? A sleep no país das maravilhas.",1,1,-1.6416015625,1.66015625,3.3017578125,0.03551093861460686,0.9644890427589417,True
5.465.N,5.465,N,Qual estado brasileiro mais toma refrigerante? Paraná.,0,0,3.59375,-4.10546875,-7.69921875,0.9995469450950623,0.0004529758298303932,True
5.1643.H,5.1643,H,Qual é a série que se passa no norte do país? Fresh Prince of Belém.,1,1,-2.85546875,3.400390625,6.255859375,0.0019154998008161783,0.998084545135498,True
5.606.N,5.606,N,Qual a cantora que sempre aceita chá? Pink.,0,0,3.333984375,-3.732421875,-7.06640625,0.9991474151611328,0.0008525666198693216,True
5.2149.H,5.2149,H,"Qual o filme da Disney que o Faustão mais gosta? A Bela e Essa Fera, Bicho!",1,1,-1.94140625,2.12109375,4.0625,0.016914913430809975,0.9830850958824158,True
4.473.N,4.473,N,Quem estiver desempregado fale com alguns empresários da restauração . Ouvi dizer que têm falta de trabalhadores.,0,0,3.17578125,-3.2734375,-6.44921875,0.9984207153320312,0.0015792594058439136,True
5.700.N,5.700,N,Qual alimento respeita a igreja católica e a medicina oriental? Vinho.,0,0,3.701171875,-4.15234375,-7.853515625,0.9996117949485779,0.0003882333403453231,True
5.3004.H,5.3004,H,Qual refeição que volta mais rápido do que vai? Backfast.,1,1,-2.23828125,2.65234375,4.890625,0.007460643071681261,0.9925393462181091,True
5.3928.N,5.3928,N,Qual é o cantor que adora novas tecnologias? Túlio Abelha.,0,1,-1.3662109375,1.298828125,2.6650390625,0.06506811827421188,0.9349318742752075,False
5.3466.N,5.3466,N,Cantora que nunca tem data disponível pra show? Zizi Possi.,0,0,3.765625,-4.18359375,-7.94921875,0.9996471405029297,0.0003528132219798863,True
5.1233.N,5.1233,N,Por que a criança voltou da casa dos avós sem a mão? Porque era desastrada.,0,0,3.5078125,-3.775390625,-7.283203125,0.999313473701477,0.0006865099421702325,True
4.257.N,4.257,N,Um homem foi para a guerra e perdeu os dois pés . Qual é o filme? O pestinha.,0,1,-2.919921875,2.970703125,5.890625,0.0027576221618801355,0.9972423315048218,False
5.87.N,5.87,N,Qual a embarcação criada para salvar os dinossauros do dilúvio? A arca,0,0,3.666015625,-4.16015625,-7.826171875,0.9996010661125183,0.00039899128023535013,True
5.2347.N,5.2347,N,Qual nome se dá quando cai uma parte de um estádio? Tragédia.,0,0,3.490234375,-3.681640625,-7.171875,0.9992327690124512,0.0007672925130464137,True
4.572.H,4.572,H,O que é que um ator faz quando vê outro? Acena.,1,0,3.40625,-3.853515625,-7.259765625,0.9992972612380981,0.0007027785759419203,False
4.416.H,4.416,H,Que ator é o maior pão de Hollywood? O Bread Pitt.,1,1,-3.328125,3.544921875,6.873046875,0.0010342469904571772,0.9989657402038574,True
5.4.H,5.4,H,Qual é o sabor da bala preferida da galera do hospício? Dementos.,1,1,-3.3046875,3.62109375,6.92578125,0.0009811718482524157,0.9990187883377075,True
5.3992.N,5.3992,N,Qual carro tem TV a cabo? Gol.,0,0,3.765625,-4.328125,-8.09375,0.9996947050094604,0.00030534894904121757,True
5.3901.H,5.3901,H,Qual o time de futebol que me deixa cheio? Fullmenense.,1,1,-2.865234375,3.451171875,6.31640625,0.001803166582249105,0.9981968998908997,True
5.3143.H,5.3143,H,Qual o pós-sol dos heróis? Os Vinga Ardores.,1,1,-3.513671875,3.935546875,7.44921875,0.0005815576878376305,0.9994184970855713,True
5.1614.H,5.1614,H,O que dizer pra um cego que tenta ler mas não consegue? Segue o braille,1,1,-2.39453125,2.80859375,5.203125,0.005469274241477251,0.9945307374000549,True
5.3762.N,5.3762,N,Qual é o jogador de futebol que sempre se protege do sol? Ronaldinho,0,0,3.6328125,-4.44140625,-8.07421875,0.9996886253356934,0.0003113695129286498,True
4.542.N,4.542,N,Qual é o prato perfeito dos dentistas? Pasta frittata.,0,1,-3.009765625,3.232421875,6.2421875,0.0019418168812990189,0.9980581402778625,False
4.122.N,4.122,N,O que é um byte? São oito bites.,0,0,3.1953125,-3.357421875,-6.552734375,0.9985758066177368,0.0014241791795939207,True
5.3172.N,5.3172,N,Onde a vaca compra ovo de Páscoa? Na Cacau show.,0,0,3.376953125,-3.814453125,-7.19140625,0.9992475509643555,0.0007524627144448459,True
5.3793.H,5.3793,H,Qual rede das lojas é maior que o Trump? Mais que Donald.,1,1,-3.04296875,3.162109375,6.205078125,0.002015082398429513,0.9979848861694336,True
4.470.N,4.470,N,Porque é que o mar é grande? Porque os peixes fazem blue...blue...blue ...,0,0,0.93603515625,-0.5576171875,-1.49365234375,0.8166258931159973,0.18337418138980865,True
4.56.N,4.56,N,Porque é que os contabilistas são bons a fazer contas? Porque tabuada é com eles.,0,1,-2.107421875,2.390625,4.498046875,0.01100818533450365,0.9889918565750122,False
5.263.H,5.263,H,Qual é o nome do filme protagonizado por duas motos bem nervosas? Fúria de titãs.,1,0,1.818359375,-1.8994140625,-3.7177734375,0.9762879610061646,0.023712070658802986,False
5.872.N,5.872,N,Qual comediante vive com calor? Renato Aragão.,0,0,3.837890625,-4.390625,-8.228515625,0.9997331500053406,0.0002668610541149974,True
5.3659.H,5.3659,H,Qual integrante dos Castro Brothers gosta de te estudar na língua culta? Estudar-te,1,1,-1.1533203125,1.1953125,2.3486328125,0.08717449754476547,0.9128255248069763,True
5.281.H,5.281,H,Qual é o cantor que melhor improvisa com as ferramentas que tem à disposição? Sidney Magayver.,1,1,-2.580078125,2.802734375,5.3828125,0.004573863931000233,0.9954261183738708,True
2.5.N,2.5,N,Sabe por que não seria bom um filme só sobre números? Porque seria uma matemática.,0,1,-3.1875,3.80078125,6.98828125,0.0009217804181389511,0.9990781545639038,False
5.1613.N,5.1613,N,"Como se faz para uma laranja virar uma cobra? Faz cosquinha nela, aí nada acontece.",0,0,2.515625,-2.7109375,-5.2265625,0.9946568012237549,0.005343256518244743,True
5.85.H,5.85,H,Qual é a tartaruga ninja que vive na Disney?  O Mickeylângelo.,1,1,-3.328125,3.587890625,6.916015625,0.0009907910134643316,0.9990091323852539,True
4.420.N,4.420,N,Porque é que a Joana foi à farmácia? Foi comprar creme para os pontos negros.,0,0,3.58203125,-4.00390625,-7.5859375,0.9994926452636719,0.0005072812200523913,True
4.201.N,4.201,N,Era uma vez uma cidade onde quase todas as motos eram Yamaha . Qual é o filme? Pocahontas.,0,1,-3.259765625,3.6875,6.947265625,0.0009603368234820664,0.9990395903587341,False
5.979.N,5.979,N,Qual doce causa vômito em crianças latinas? Enjoa niña.,0,1,-2.443359375,3.0078125,5.451171875,0.004272936377674341,0.9957270622253418,False
4.120.N,4.120,N,Que nome se dá a um árabe com problemas de visão? Árabe.,0,0,3.59765625,-3.849609375,-7.447265625,0.9994173049926758,0.0005826939595863223,True
5.2752.N,5.2752,N,""" "" "" Qual o poeta mais mortal da língua portuguesa? Mário Quintana "" "" """,0,0,3.384765625,-3.951171875,-7.3359375,0.9993487000465393,0.0006512682302854955,True
5.1165.H,5.1165,H,Qual parte do corpo que ajuda os pedreiros? A Coluna ServeCal.,1,1,-3.509765625,3.87109375,7.380859375,0.0006226772093214095,0.9993773102760315,True
5.2282.N,5.2282,N,"Por que num determinado dia, o aluno do cursinho mentia pra todo mundo? Porque era dia da mentira.",0,0,3.55078125,-3.71484375,-7.265625,0.9993013143539429,0.0006986755761317909,True
5.1182.H,5.1182,H,Por que o Chico Buarque foi preso na saída do Santander? Por Assaltimbanco.,1,1,-3.4296875,3.935546875,7.365234375,0.0006324767600744963,0.9993675351142883,True
4.678.H,4.678,H,Acabei de abrir a conta da água e a conta da luz ao mesmo tempo. Fiquei em choque.,1,0,3.439453125,-3.92578125,-7.365234375,0.9993675351142883,0.0006324767600744963,False
5.793.H,5.793,H,Qual a rede social mais usada pelas mulheres no Oriente Médio? Faceburca.,1,1,-1.81640625,1.880859375,3.697265625,0.024191483855247498,0.9758085012435913,True
5.2452.H,5.2452,H,Qual é o salgado muito bom que não deixa ninguem transar? Empada foda.,1,1,-3.443359375,3.5390625,6.982421875,0.0009271923336200416,0.999072790145874,True
5.3645.N,5.3645,N,Qual é o desenho onde o personagem principal só consegue dinheiro em outro planeta? Pato Donald.,0,0,3.03125,-3.203125,-6.234375,0.9980429410934448,0.0019570167642086744,True
5.2861.N,5.2861,N,Qual religiosa não é bonita? A freira,0,0,3.763671875,-4.11328125,-7.876953125,0.9996206760406494,0.0003792433417402208,True
5.2149.N,5.2149,N,Qual o filme da Disney que o Faustão mais gosta? Cinderela!,0,0,3.7109375,-4.05859375,-7.76953125,0.9995778203010559,0.0004222329007461667,True
5.433.H,5.433,H,Qual passarinho mais resistente que existe? A AnDurinha.,1,1,-3.18359375,3.62890625,6.8125,0.001098731067031622,0.9989012479782104,True
4.17.N,4.17,N,Em que local do planeta se encontram mais leprosos? Na Ilha Sorokdo.,0,0,1.6455078125,-2.1484375,-3.7939453125,0.9779887795448303,0.022011231631040573,True
4.665.N,4.665,N,O que disse a Selena Gomez quando encontrou o aspirador? Aqui está!,0,0,2.57421875,-2.990234375,-5.564453125,0.9961829781532288,0.0038170500192791224,True
3.1.N,3.1,N,Qual o contrário de paixão? Indiferença.,0,0,3.51171875,-3.9140625,-7.42578125,0.9994046688079834,0.0005953406798653305,True
5.495.H,5.495,H,Qual pseudo celebridade agora canta rap? Jay Z Arruda.,1,1,-3.001953125,3.216796875,6.21875,0.0019877743907272816,0.9980121850967407,True
4.29.H,4.29,H,Qual é o único animal que anda com as patas? O pato.,1,0,3.625,-4.33203125,-7.95703125,0.9996498823165894,0.00035006855614483356,False
5.1560.H,5.1560,H,Como se chama a bicicleta que ficou em segundo lugar? A vicecleta.,1,0,0.45361328125,-0.365234375,-0.81884765625,0.6939917206764221,0.30600833892822266,False
5.3297.N,5.3297,N,Que apresentador guarda arquivos de voz dos convidados? Sílvio Santos.,0,0,3.90234375,-4.484375,-8.38671875,0.9997721314430237,0.0002278218453284353,True
5.3825.N,5.3825,N,Qual o mês do Popó? Agosto.,0,0,0.4580078125,-0.414794921875,-0.872802734375,0.7053285837173462,0.2946714460849762,True
5.3901.N,5.3901,N,Qual o time de futebol que me deixa cheio? Grêmio.,0,0,3.35546875,-3.939453125,-7.294921875,0.999321460723877,0.0006785172736272216,True
5.2449.H,5.2449,H,Qual é o pintor que vai para Aparecida a pé? O Romeiro Britto.,1,1,-2.330078125,2.2265625,4.556640625,0.010388216935098171,0.9896118640899658,True
4.311.H,4.311,H,Porque é que a Torre de Pisa está inclinada? Porque está em itálico.,1,0,2.740234375,-3.412109375,-6.15234375,0.9978760480880737,0.002123966347426176,False
5.479.N,5.479,N,Por que os mamíferos são os únicos animais que conseguem tossir? Porque só o leite que tem gordura.,0,0,2.896484375,-2.912109375,-5.80859375,0.9970073103904724,0.0029926649294793606,True
5.444.H,5.444,H,Por que a pessoa que vive rindo de si mesmo nunca é Barrada em lugar algum? Porque ela é Auto-risada.,1,1,-2.12109375,2.3203125,4.44140625,0.011642225086688995,0.9883578419685364,True
5.3037.N,5.3037,N,Qual cidade norte-americana que tem magia? Tampa.,0,0,3.505859375,-3.794921875,-7.30078125,0.9993255138397217,0.0006745559512637556,True
5.2360.H,5.2360,H,Por que a atleta foi presa por atentado ao pudor enquanto jogava? Porque estava jogando uma pelada.,1,0,2.466796875,-2.732421875,-5.19921875,0.9945095181465149,0.005490563344210386,False
5.3330.N,5.3330,N,Qual é o cara incentivador de suicidas? É o cara insensível!,0,0,3.357421875,-3.662109375,-7.01953125,0.9991065859794617,0.0008934456272982061,True
4.214.N,4.214,N,Chamei Maria a uma galinha e não consegui parar de rir . Era uma avé Maria cheia de graça.,0,1,-3.27734375,3.650390625,6.927734375,0.0009792591445147991,0.9990206956863403,False
5.3027.H,5.3027,H,Qual o estado americano preferido dos sadomasoquistas? Misurre.,1,1,-3.267578125,3.609375,6.876953125,0.001030219136737287,0.9989697933197021,True
5.1408.N,5.1408,N,Por qual pasta de dente você não paga nada? A Sorriso.,0,1,-2.232421875,2.373046875,4.60546875,0.009898063726723194,0.9901019334793091,False
5.2844.H,5.2844,H,Como o padre bateu o carro? Dando uma rezinha,1,0,3.419921875,-3.78515625,-7.205078125,0.9992577433586121,0.0007422528578899801,False
5.4012.H,5.4012,H,O que o hipopótamo fez com a casa dele? Hipopotecou.,1,1,-2.86328125,3.228515625,6.091796875,0.002256239764392376,0.9977437257766724,True
5.782.N,5.782,N,Qual a tartaruga ninja que mais gosta de dormir? O Leonardo.,0,0,3.1171875,-3.5546875,-6.671875,0.9987356066703796,0.0012644219677895308,True
5.1614.N,5.1614,N,O que dizer pra um cego que tenta ler mas não consegue? Leia em braille,0,0,1.4365234375,-0.9501953125,-2.38671875,0.915808916091919,0.08419107645750046,True
5.849.N,5.849,N,Por que a namorada do Mickey quando não está bem começa a tirar as coisas? Porque ela é Minnie Má Lista.,0,1,-3.49609375,3.783203125,7.279296875,0.0006891950615681708,0.9993108510971069,False
5.1279.N,5.1279,N,Qual ator mirim não lava os dentes? MaCarie Culkin.,0,1,-2.30078125,2.35546875,4.65625,0.009412589482963085,0.9905874133110046,False
4.445.N,4.445,N,De que material são compostas as pedras nos rins? De xisto.,0,0,3.294921875,-3.666015625,-6.9609375,0.9990527033805847,0.0009473090176470578,True
5.1560.N,5.1560,N,Como se chama a bicicleta que ficou em segundo lugar? Vice colocada.,0,0,2.7890625,-3.056640625,-5.845703125,0.9971160888671875,0.002883958863094449,True
5.1189.N,5.1189,N,Que elemento químico a gente avalia depois de usar? Hélio.,0,0,3.876953125,-4.25390625,-8.130859375,0.9997057318687439,0.00029422855004668236,True
5.806.N,5.806,N,"Em qual época o Brasileiro foi mais magro? Na época do movimento "" Caras Pintadas "".",0,0,3.650390625,-4.16015625,-7.810546875,0.9995947480201721,0.0004052719159517437,True
5.2507.N,5.2507,N,Qual é o aparelho que nunca para de mexer? A biruta.,0,1,-1.8876953125,1.830078125,3.7177734375,0.023712070658802986,0.9762879610061646,False
5.2638.H,5.2638,H,Quem é a pessoa que só escreve histórias sobre felinos depressivos? Agatha Triste.,1,1,-3.44921875,3.916015625,7.365234375,0.0006324767600744963,0.9993675351142883,True
5.3658.N,5.3658,N,Qual comediante se formou em uma escola agrotécnica? Rony Rios,0,0,3.830078125,-4.51953125,-8.349609375,0.999763548374176,0.00023643295571673661,True
4.226.H,4.226,H,Porque é que o Power Point está feliz? Porque teve um diapositivo.,1,1,-3.232421875,3.79296875,7.025390625,0.000888230511918664,0.9991117119789124,True
5.2491.N,5.2491,N,Qual é a dupla sertaneja favorita dos velhos? Leandro e Leonardo.,0,0,3.66796875,-4.15625,-7.82421875,0.9996002316474915,0.0003997710009571165,True
4.493.H,4.493,H,Que nome se dá a uma pessoa alérgica a arroz? Basmatica.,1,1,-1.73828125,1.9609375,3.69921875,0.024145422503352165,0.9758545756340027,True
5.2780.H,5.2780,H,Qual quadro que a minha mulher adora fazer resenha? A mô analisa.,1,1,-3.21484375,3.646484375,6.861328125,0.0010464255465194583,0.9989535808563232,True
4.697.N,4.697,N,"Como se diz "" terror "" em japonês? Hora.",0,0,3.451171875,-3.6640625,-7.115234375,0.9991880059242249,0.0008119703270494938,True
5.403.H,5.403,H,Qual figura religiosa não sabe a quem pertence? Madre Teresa de Qual que Tá?,1,1,-3.109375,3.560546875,6.669921875,0.0012668907875195146,0.9987331032752991,True
5.1001.N,5.1001,N,"O filho pediu para o pai levá-lo para ver boosa nova e o pai concordou . Qual é o nome da música? "" Eu sei que vou te amar...""",0,0,3.603515625,-4.03125,-7.634765625,0.9995168447494507,0.0004831183759961277,True
5.993.N,5.993,N,Qual o super-herói fala sueco? Volverine,0,0,3.4921875,-3.9921875,-7.484375,0.999438464641571,0.0005614786641672254,True
5.578.H,5.578,H,Como se chama o cara que ficou rico vendendo pipoca? Milhonário.,1,0,3.017578125,-3.04296875,-6.060546875,0.9976722598075867,0.0023276936262845993,False
5.700.H,5.700,H,Qual alimento respeita a igreja católica e a medicina oriental? Amémdo-in.,1,1,-3.404296875,3.8984375,7.302734375,0.000673240574542433,0.9993268251419067,True
4.120.H,4.120,H,Que nome se dá a um árabe com problemas de visão? Estarábico.,1,0,0.2017822265625,-0.23486328125,-0.4366455078125,0.6074594259262085,0.3925405442714691,False
5.3421.H,5.3421,H,Qual a escola de samba favorita do genitor de alguém que é feliz sozinho? Mocidade independente do Pai de Miguel.,1,1,-2.904296875,2.6796875,5.583984375,0.0037434976547956467,0.9962564706802368,True
5.1937.N,5.1937,N,Qual apresentador é o mais duas caras? Marcos Mion.,0,0,3.837890625,-4.23828125,-8.076171875,0.9996892213821411,0.0003107621450908482,True
5.1110.N,5.1110,N,"O que o psicanalista adora dizer no meio do sexo? Vai, me fode.",0,1,-2.025390625,1.921875,3.947265625,0.018941707909107208,0.9810583591461182,False
5.4029.N,5.4029,N,"Qual pássaro quer fazer fuxico sobre uma mulher, mas esquece o que ia falar? Sabiá",0,0,3.541015625,-3.876953125,-7.41796875,0.9994000196456909,0.0006000071880407631,True
5.358.N,5.358,N,Qual cidade incentiva o uso do tato? Curitiba.,0,0,3.740234375,-4.2109375,-7.951171875,0.999647855758667,0.0003521250910125673,True
5.2200.N,5.2200,N,Qual é o filme favorito da cabra? A bruxa de blair,0,1,-2.84765625,2.791015625,5.638671875,0.003544978564605117,0.9964550733566284,False
4.418.H,4.418,H,"Qual é o masculino de ""tábua""? Eu até dizia, mas é tabu.",1,0,3.455078125,-3.791015625,-7.24609375,0.9992875456809998,0.0007124459370970726,False
5.1831.N,5.1831,N,"Qual jogador tentou acertar o cantor, mas errou? Messi.",0,0,3.390625,-3.6484375,-7.0390625,0.9991238713264465,0.0008761798962950706,True
5.2144.H,5.2144,H,Porque não se paga bandido com cheque? Porque o crime não compensa. ,1,0,2.9453125,-3.103515625,-6.048828125,0.9976449608802795,0.0023550675250589848,False
5.2058.H,5.2058,H,Como você chama um droid pirata? Arrrr2-D2 ,1,1,-2.8984375,3.025390625,5.923828125,0.0026678042486310005,0.9973322153091431,True
5.1001.H,5.1001,H,"O filho pediu para o pai levá-lo para ver tartarugas e o pai concordou. Qual é o nome da música? ""Eu sei que vou Tamar...""",1,1,-3.025390625,3.259765625,6.28515625,0.0018602984491735697,0.9981397390365601,True
4.250.H,4.250,H,Qual é a especialidade de um médico bipolar? Otorrino otochorando.,1,1,-3.521484375,3.880859375,7.40234375,0.000609450158663094,0.9993904829025269,True
4.491.N,4.491,N,Não há muitos elefantes em Moçambique . Mas no Zimbabué há.,0,0,2.0546875,-1.9931640625,-4.0478515625,0.9828397631645203,0.01716023124754429,True
4.446.N,4.446,N,Qual é a banda preferida dos obesos? A banda Queen.,0,0,2.986328125,-3.56640625,-6.552734375,0.9985758066177368,0.0014241791795939207,True
4.324.H,4.324,H,Quais são as escadas que demoram mais a subir? São as escadas em caracol.,1,1,-1.349609375,1.1396484375,2.4892578125,0.07661467790603638,0.9233852624893188,True
5.2938.H,5.2938,H,Qual é a comida do pássaro gigante que toca trompete? O alpistão.,1,1,-1.70703125,1.505859375,3.212890625,0.03868349641561508,0.9613164663314819,True
2.5.H,2.5,H,Sabe por que não seria bom um filme só sobre números? Porque seria uma má temática.,1,0,3.2265625,-3.234375,-6.4609375,0.9984391331672668,0.001560889300890267,False
5.3172.H,5.3172,H,Onde a vaca compra ovo de Páscoa? Na cowcow show.,1,1,-0.89306640625,0.59814453125,1.4912109375,0.18374003469944,0.8162599205970764,True
5.3890.H,5.3890,H,Qual cantora pop sempre te convida pra tomar uma xícara de café? Madonna Florinda.,1,1,-2.95703125,3.236328125,6.193359375,0.0020387868862599134,0.997961163520813,True
5.1314.N,5.1314,N,Por que a manicure foi demitida? Porque ela estava chengando atrasada.,0,1,-1.314453125,1.7646484375,3.0791015625,0.04397757351398468,0.9560223817825317,False
5.2861.H,5.2861,H,Qual religiosa não é bonita? A freia ,1,1,-3.205078125,3.73046875,6.935546875,0.000971645989920944,0.9990283250808716,True
5.3732.H,5.3732,H,Qual caneta gosta de dar dura nas pessoas? Caneta de enquadro.,1,1,-1.271484375,1.31640625,2.587890625,0.0699218362569809,0.9300782084465027,True
4.542.H,4.542,H,Qual é o prato perfeito dos dentistas? Pasta al dente.,1,1,-3.123046875,3.6328125,6.755859375,0.0011626856867223978,0.9988372921943665,True
5.2010.H,5.2010,H,Qual é a padroeira de quem vive dando voltas? Nossa Senhora de GuadaLoop ,1,1,-3.26171875,3.66796875,6.9296875,0.0009773502824828029,0.9990226030349731,True
5.2609.N,5.2609,N,O que o anão estava fazendo com a bola de futebol? Chutes.,0,0,2.853515625,-3.046875,-5.900390625,0.9972690939903259,0.0027308969292789698,True
5.2895.H,5.2895,H,Qual cantor só vê notícias pela internet? Ig Pop ,1,0,3.556640625,-4.02734375,-7.583984375,0.9994916915893555,0.0005082725547254086,False
5.162.N,5.162,N,O que são dois pontinhos marrons no palco? Bruno e Marrone.,0,0,3.376953125,-3.79296875,-7.169921875,0.999231219291687,0.0007687913021072745,True
5.3962.H,5.3962,H,Qual passarinho grita muito? João de Berro.,1,0,0.23046875,-0.5390625,-0.76953125,0.6834195256233215,0.31658053398132324,False
5.793.N,5.793,N,Qual a rede social mais usada pelas mulheres no Oriente Médio? Instagram.,0,0,3.3984375,-3.859375,-7.2578125,0.9992958307266235,0.0007041515200398862,True
5.1272.H,5.1272,H,Qual rato que mais trabalha pela cultura do Brasil? MinC Mouse.,1,1,-2.76953125,3.013671875,5.783203125,0.0030693872831761837,0.9969306588172913,True
4.40.N,4.40,N,"Hoje no trânsito disse "" amo-te "" a um semáforo . O semáforo mudou.",0,0,3.298828125,-3.4765625,-6.775390625,0.9988597631454468,0.0011402228847146034,True
5.2467.N,5.2467,N,Qual Rapper só toca em aniversários? Dr Dre,0,0,3.544921875,-4.1015625,-7.646484375,0.9995225667953491,0.00047749257646501064,True
5.4025.H,5.4025,H,Nome de cervejaria em homenagem a um grande cantor brasileiro? CauBEER PeiCHOPPS.,1,1,-3.232421875,3.609375,6.841796875,0.0010670424671843648,0.9989328980445862,True
5.495.N,5.495,N,Qual pseudo celebridade agora canta rap? Carol Conká.,0,1,-1.009765625,1.3427734375,2.3525390625,0.0868641585111618,0.913135826587677,False
4.204.N,4.204,N,Como é que os drogados espirram? Achim!,0,0,0.401123046875,-0.2366943359375,-0.6378173828125,0.6542599201202393,0.34574007987976074,True
5.2959.N,5.2959,N,Qual empresa responsável por encher o avião?  Azul.,0,0,3.904296875,-4.375,-8.279296875,0.9997463822364807,0.00025365117471665144,True
5.226.H,5.226,H,Um homem TODO DIA molha e coloca para secar um OB. Por que? PORQUE ELE ESTÁ OB SECADO,1,1,-3.14453125,3.537109375,6.681640625,0.0012521495809778571,0.9987478256225586,True
5.578.N,5.578,N,Como se chama o cara que ficou rico vendendo tomate? Milhonário.,0,0,2.896484375,-2.904296875,-5.80078125,0.9969839453697205,0.0030160662718117237,True
5.3119.H,5.3119,H,Qual o nome da mãe do super-herói que nunca vai em praia com águas geladas? Martha Kent.,1,0,2.3515625,-2.533203125,-4.884765625,0.9924958944320679,0.00750415725633502,False
4.435.N,4.435,N,"Como é que se diz "" médico estagiário "" em japonês? Kenshui",0,0,3.671875,-3.98046875,-7.65234375,0.9995253086090088,0.00047470431309193373,True
5.3934.H,5.3934,H,Qual a bebida do Rei? Luwhisk 15,1,1,-0.64599609375,0.6083984375,1.25439453125,0.22194035351276398,0.7780596613883972,True
5.615.H,5.615,H,Qual e a marca preferida de carro dos jogadores de futebol? Chevrolé!,1,0,2.681640625,-2.876953125,-5.55859375,0.996160626411438,0.0038393947761505842,False
5.806.H,5.806,H,"Em qual época o Brasileiro foi mais magro? Na época do movimento ""Dietas Já"".",1,0,3.525390625,-3.95703125,-7.482421875,0.9994373917579651,0.0005625758203677833,False
5.1657.N,5.1657,N,Qual é a lanchonete favorita dos góticos? KFC.,0,1,-0.72021484375,0.71435546875,1.4345703125,0.19238758087158203,0.807612419128418,False
4.635.H,4.635,H,Por que é que o Mozart vai à igreja? Porque Amadeus.,1,1,-3.466796875,3.85546875,7.322265625,0.0006602274952456355,0.999339759349823,True
5.3511.N,5.3511,N,Qual ex-piloto era um índio pronto pro ataque? Nenhum.,0,0,3.736328125,-4.31640625,-8.052734375,0.999681830406189,0.00031812931410968304,True
4.283.N,4.283,N,Qual é o carro que consegue transportar mais porcos? É o Nissan Qashqai.,0,1,-0.195068359375,0.04547119140625,0.24053955078125,0.4401533901691437,0.5598466396331787,False
5.1825.H,5.1825,H,Qual é o jogador de futebol mais míope? Quasimiro,1,1,-3.189453125,3.568359375,6.7578125,0.0011604195460677147,0.9988395571708679,True
5.2058.N,5.2058,N,Como você chama um droid pirata? R2-D2,0,1,-2.416015625,2.591796875,5.0078125,0.006641112733632326,0.9933589100837708,False
4.389.H,4.389,H,Qual é a semelhança entre um careca e o Museu do Louvre? Ambos têm a Mona Lisa.,1,0,3.037109375,-3.431640625,-6.46875,0.9984512329101562,0.001548761036247015,False
5.3231.H,5.3231,H,Por que o rapaz não mostrou os slides em sua apresentação na empresa? Porque ele Esxcel de levar.,1,1,-2.861328125,3.34375,6.205078125,0.002015082398429513,0.9979848861694336,True
5.3065.H,5.3065,H,Que personagem infantil só faz boquete? Oralcio.,1,1,-2.91015625,3.515625,6.42578125,0.001616650028154254,0.9983834028244019,True
5.2008.H,5.2008,H,Em qual cidade todas as pedras preciosas e incomuns são protegidas? Guardá-la Rara ,1,1,-3.291015625,3.783203125,7.07421875,0.0008459375239908695,0.9991540908813477,True
5.234.N,5.234,N,Por que o pai de santo doou as calças? PORQUE É DANDO QUE SE RECEBE,0,0,1.9287109375,-1.4501953125,-3.37890625,0.9670388102531433,0.03296124190092087,True
5.2841.N,5.2841,N,Qual o ator que produz vinho? Nicholas Cage,0,0,3.552734375,-4.1953125,-7.748046875,0.9995686411857605,0.0004313984827604145,True
5.3776.H,5.3776,H,Qual é a banda mais consumida no dia a dia ? Pearl Jam com Arroz ,1,1,-3.271484375,3.37890625,6.650390625,0.0012918456923216581,0.9987081289291382,True
5.2021.N,5.2021,N,Qual é o cantor que faz buracos no céu? Ca Wando,0,1,-3.26953125,3.662109375,6.931640625,0.0009754452621564269,0.999024510383606,False
5.650.H,5.650,H,Em que país só se anda de carro grande? Jamais Ka.,1,1,-3.3359375,3.76171875,7.09765625,0.0008263575728051364,0.9991735816001892,True
5.1387.H,5.1387,H,Qual cantora escreveu Sitio do Picapau Amarelo? A Demi Lobato.,1,1,-3.15625,3.447265625,6.603515625,0.001353758736513555,0.9986461997032166,True
5.3509.H,5.3509,H,Qual é o cantor que tem problemas respiratórios? Erasma Carlos.,1,0,3.6328125,-4.0546875,-7.6875,0.9995417594909668,0.0004583129193633795,False
2.19.N,2.19,N,Todos morrem uma só vez . A Alanis também.,0,0,2.953125,-3.091796875,-6.044921875,0.9976357221603394,0.002364262705668807,True
5.3058.N,5.3058,N,Qual assassino possui um vasto conhecimento? John Wick.,0,0,3.6796875,-4.375,-8.0546875,0.9996825456619263,0.000317508791340515,True
5.3733.N,5.3733,N,Qual é o esporte de praia que deixa a bola bêbada? Frescobol.,0,0,2.375,-2.490234375,-4.865234375,0.9923490285873413,0.007651031482964754,True
4.174.N,4.174,N,O que é que o Xutos e Pontapés e um micro-ondas têm em comum? Nada!,0,0,3.5,-3.919921875,-7.419921875,0.9994012117385864,0.0005988371558487415,True
5.2250.N,5.2250,N,Qual fantasia que a vaca usou no Halloween? Vaca,0,0,2.58203125,-3.009765625,-5.591796875,0.9962855577468872,0.00371447391808033,True
5.1408.H,5.1408,H,Por qual pasta de dente você não paga nada? A Colgrátis.,1,1,-1.6240234375,1.7744140625,3.3984375,0.032344333827495575,0.9676556587219238,True
4.151.N,4.151,N,Qual é a sobremesa que nunca sai direita? É a pavlova.,0,0,3.28515625,-3.80859375,-7.09375,0.9991704225540161,0.0008295892039313912,True
5.3839.H,5.3839,H,Qual o filme favorito do ator Jim Carney? Acém Ventura.,1,1,-3.00390625,3.62890625,6.6328125,0.001314724562689662,0.9986853003501892,True
5.2397.H,5.2397,H,Qual o Podcast favorito desse canal? PODCASTRO.,1,1,-3.240234375,3.3359375,6.576171875,0.0013912338763475418,0.9986087679862976,True
5.2014.H,5.2014,H,Em que parte do casa todos se encontram? Na área de ser visto ,1,0,2.166015625,-2.35546875,-4.521484375,0.9892441034317017,0.010755925439298153,False
4.523.N,4.523,N,Qual é o canal preferido dos dálmatas? É o Canal dos cães.,0,0,2.58203125,-2.732421875,-5.314453125,0.9951040744781494,0.004895880818367004,True
4.706.H,4.706,H,Qual é o lema do Instagram? Carpe DM.,1,1,-3.41796875,3.93359375,7.3515625,0.0006411777576431632,0.9993588328361511,True
5.4079.H,5.4079,H,Onde as pessoas andam sem roupa? Nudes erto.,1,1,-3.27734375,3.70703125,6.984375,0.0009253847529180348,0.9990745782852173,True
5.912.H,5.912,H,Qual é a parte do computador que não é do bem? O mouse.,1,0,3.23828125,-3.625,-6.86328125,0.9989556074142456,0.0010443860664963722,False
5.2449.N,5.2449,N,Qual é o pintor que vai para Aparecida a pé? O Di Cavalcanti.,0,0,3.431640625,-3.9375,-7.369140625,0.9993700385093689,0.0006300125969573855,True
5.3703.N,5.3703,N,Que atriz trabalha como lixeira? Mia Goth.,0,1,-2.998046875,3.28125,6.279296875,0.0018712104065343738,0.9981288313865662,False
5.2592.H,5.2592,H,Qual a composição do peido do Papa? 100% benzeno.,1,0,3.0234375,-3.345703125,-6.369140625,0.9982892870903015,0.0017106997547671199,False
5.1722.H,5.1722,H,Qual personagem do Monteiro Lobato era fã de Just Dance? Tia Anastasia.,1,0,2.583984375,-2.923828125,-5.5078125,0.9959613680839539,0.004038591869175434,False
5.3169.H,5.3169,H,Que rainha rosna como música? Queen Lati Fa.,1,1,-3.08203125,3.65234375,6.734375,0.0011879054363816977,0.9988120794296265,True
4.267.N,4.267,N,"Quando o menino chegou a casa, a mãe dele vira-se: Limpa os pés que estão cheios de Terra.",0,1,-1.0654296875,1.087890625,2.1533203125,0.10402136296033859,0.8959786295890808,False
5.1462.N,5.1462,N,Qual o jogo preferido da galera de Stranger Things? FIFA.,0,0,3.130859375,-3.591796875,-6.72265625,0.998798131942749,0.001201891340315342,True
5.1397.H,5.1397,H,Qual é o personagem da Marvel que é um pão? Breadpool.,1,1,-3.30859375,3.38671875,6.6953125,0.0012351678451523185,0.9987648725509644,True
4.259.H,4.259,H,O que é que acontece quando o Frodo morre? Passam-lhe uma certidão de Hobbit.,1,0,2.427734375,-2.537109375,-4.96484375,0.9930693507194519,0.006930672097951174,False
5.4012.N,5.4012,N,O que o hipopótamo fez com a casa dele? Vendeu.,0,0,3.68359375,-3.953125,-7.63671875,0.9995177984237671,0.00048217613948509097,True
5.3492.H,5.3492,H,"Qual a banda que, quando nasceu, era alimentada por criminosas? Mamou nas assassinas.",1,1,-3.072265625,3.046875,6.119140625,0.00219551520422101,0.9978044629096985,True
5.1937.H,5.1937,H,Qual é a nave que quem nasceu até a década de 70 não pode entrar? Millenial Falcon ,1,0,0.6416015625,-1.1044921875,-1.74609375,0.8514594435691833,0.14854057133197784,False
4.245.N,4.245,N,Que se diz a um homem que via mas agora já não vê? Tu vias.,0,0,0.95849609375,-0.9921875,-1.95068359375,0.8755211234092712,0.12447883933782578,True
5.1434.H,5.1434,H,Por que o queijo estava estudando matemática? Para encontrar o cheese da questão.,1,1,-3.59765625,4.015625,7.61328125,0.0004936049808748066,0.9995063543319702,True
5.3228.H,5.3228,H,Qual o nome do argentino que criou uma lei de incentivo? Juan E.,1,0,1.7978515625,-2.091796875,-3.8896484375,0.9799574017524719,0.02004261501133442,False
4.89.N,4.89,N,"Como é que se diz "" ano "" na Índia? वर्ष.",0,0,3.376953125,-3.81640625,-7.193359375,0.9992489218711853,0.0007509957067668438,True
4.416.N,4.416,N,Que ator é o maior pão de Hollywood? O William Pitt.,0,0,3.501953125,-3.958984375,-7.4609375,0.9994252920150757,0.0005747862160205841,True
4.71.N,4.71,N,Porque é que uma mulher pediu a noz-moscada ao filho na cozinha? Porque não tinha canela para pôr no bolo.,0,1,-1.51171875,1.15234375,2.6640625,0.06512755155563354,0.9348725080490112,False
4.733.H,4.733,H,Há anos que procurava um cavalo que bebesse vinho. Para encontrar um foi preciso ir a cascos de rolha.,1,1,-3.228515625,3.931640625,7.16015625,0.0007763300091028214,0.9992237091064453,True
4.162.H,4.162,H,"Porque é que o papel higiénico atravessou a estrada? Não conseguiu, ficou preso numa racha.",1,0,2.978515625,-3.59765625,-6.576171875,0.9986087679862976,0.0013912338763475418,False
4.276.H,4.276,H,Uma mulher tropeça e cai em cima de um cão. Qual é o filme? Senta em um dálmata.,1,1,-3.37890625,3.744140625,7.123046875,0.0008056567166931927,0.999194324016571,True
5.2548.H,5.2548,H,"O que o velho vaidoso disse em frente ao espelho? Vai, idoso!",1,0,2.85546875,-2.970703125,-5.826171875,0.9970593452453613,0.0029406724497675896,False
5.1870.N,5.1870,N,O que você precisa fazer quando perde a senha? Recorrer a recuperação de senha.,0,0,3.435546875,-3.7578125,-7.193359375,0.9992489218711853,0.0007509957067668438,True
5.3033.H,5.3033,H,Qual o único apresentador que usa aliança? Anel só o Rubens.,1,1,-0.499267578125,0.492431640625,0.99169921875,0.2705765962600708,0.7294234037399292,True
4.591.H,4.591,H,Alguém quer comprar um barómetro avariado? Sem pressão...,1,0,0.07763671875,-0.06341552734375,-0.14105224609375,0.5352047085762024,0.4647952616214752,False
4.193.N,4.193,N,"Hoje, vinte mulheres convidaram-me a sair do WC . Nunca mais entro no WC das mulheres.",0,0,2.65625,-3.24609375,-5.90234375,0.9972744584083557,0.002725582802668214,True
5.3732.N,5.3732,N,Qual caneta gosta de dar conhecimento às pessoas? Caneta de quadro.,0,0,2.232421875,-2.46484375,-4.697265625,0.9909622073173523,0.009037754498422146,True
5.3953.N,5.3953,N,"Que movimento político ficou de apurar os fatos históricos, mas mentiu de certa forma? Revisionismo.",0,0,3.5546875,-4.01171875,-7.56640625,0.9994826316833496,0.000517281296197325,True
5.1756.H,5.1756,H,O quê o ciclista foi fazer nos correios? Comprar um selim,1,0,3.376953125,-3.78125,-7.158203125,0.9992221593856812,0.0007778466097079217,False
4.96.H,4.96,H,Que nome se dá a um cacto engraçado? Ri-cardo.,1,1,-3.423828125,3.9140625,7.337890625,0.0006499983137473464,0.9993500113487244,True
4.125.N,4.125,N,O que é que os russos dizem quando mandam uma bola ao cão? Vai!,0,0,1.974609375,-1.888671875,-3.86328125,0.9794329404830933,0.020567096769809723,True
5.345.N,5.345,N,Qual banda que torce pra polícia não acertar? Police.,0,0,2.080078125,-2.05859375,-4.138671875,0.9843062162399292,0.01569378934800625,True
5.1233.H,5.1233,H,Por que a criança voltou da casa dos avós sem a mão? Porque era má neta.,1,1,-2.921875,3.162109375,6.083984375,0.0022738955449312925,0.9977261424064636,True
5.2922.H,5.2922,H,No que trabalha o trator quebrado? Ex tração,1,1,-2.78515625,3.216796875,6.001953125,0.0024678101763129234,0.9975321292877197,True
5.978.N,5.978,N,Qual é a novela em que Eva zoa Adão? Gênesis.,0,0,3.421875,-3.671875,-7.09375,0.9991704225540161,0.0008295892039313912,True
4.198.H,4.198,H,"Porque é que a febre tifóide é tão perigosa? Porque ou tu a curas, ou ela tifóide mesmo.",1,1,-3.48046875,3.716796875,7.197265625,0.0007480700151063502,0.9992519021034241,True
3.17.H,3.17,H,Que nome se dá a uma ferramenta perdida? Foice.,1,0,3.27734375,-3.904296875,-7.181640625,0.9992401599884033,0.0007598414085805416,False
4.267.H,4.267,H,"Quando o ET chegou a casa, a mãe dele vira-se: Limpa os pés que estão cheios de Terra.",1,1,-2.654296875,2.96875,5.623046875,0.0036006032023578882,0.9963994026184082,True
5.3272.H,5.3272,H,Qual a comida favorita do ET? Ovine de Codorna.,1,1,-3.423828125,3.53515625,6.958984375,0.0009491592063568532,0.9990507960319519,True
5.2944.N,5.2944,N,"Qual foi o aviso que Hermione deu para avisar que um colega reprovou na prova? "" Lucius reprovou . """,0,0,1.8583984375,-2.001953125,-3.8603515625,0.9793738126754761,0.020626192912459373,True
5.2612.H,5.2612,H,Qual música tem coreografia diurética? A dança do maisxixi.,1,1,-3.4140625,3.935546875,7.349609375,0.000642430386506021,0.9993575215339661,True
5.3635.H,5.3635,H,Qual é o nome do jogo de luta que só se pode jogar tomando tequila? Tequila of Fighters.,1,1,-2.134765625,2.27734375,4.412109375,0.011984203942120075,0.9880158305168152,True
5.2597.H,5.2597,H,Qual seria a profissão perfeita para o Tony Tornado? Promotor de eVENTOS.,1,0,2.779296875,-2.962890625,-5.7421875,0.9968024492263794,0.0031974869780242443,False
5.3421.N,5.3421,N,Qual a escola de samba favorita do Zeca Pagodinho? Mocidade independente de Padre Miguel.,0,0,3.4609375,-3.853515625,-7.314453125,0.9993345141410828,0.0006654022727161646,True
4.411.H,4.411,H,Alpinistas? Há por aí aos montes.,1,0,3.583984375,-3.775390625,-7.359375,0.9993638396263123,0.0006361912237480283,False
4.109.N,4.109,N,Que nome se dá a um cão que vai à missa? Cão crente.,0,0,3.2265625,-3.283203125,-6.509765625,0.998513400554657,0.0014866151614114642,True
4.311.N,4.311,N,Porque é que a escrita está inclinada? Porque está em itálico.,0,0,2.734375,-3.30859375,-6.04296875,0.9976310729980469,0.0023688741493970156,True
4.430.H,4.430,H,O que diz um testículo para o outro? Vamos mas é trabalhar que o patrão está teso.,1,0,1.62890625,-1.6328125,-3.26171875,0.9630919694900513,0.036908067762851715,False
4.437.H,4.437,H,"O que diz o fósforo para a caixa? Quando roço em ti, perco a cabeça.",1,0,2.48046875,-2.87890625,-5.359375,0.9953181147575378,0.004681822378188372,False
4.615.N,4.615,N,"A eletricidade está tão cara, tão cara, que a EDP decidiu mudar o nome para Luz de Ouro.",0,0,1.072265625,-1.2919921875,-2.3642578125,0.9140608906745911,0.08593913912773132,True
5.696.H,5.696,H,Qual é o super-herói de quem todo mundo lembra? The Flash Back.,1,1,-2.87109375,2.990234375,5.861328125,0.002839374355971813,0.9971606731414795,True
3.4.N,3.4,N,Qual é o animal que não vale mais nada? O tatu.,0,0,3.400390625,-3.865234375,-7.265625,0.9993013143539429,0.0006986755761317909,True
5.1100.H,5.1100,H,Qual é a regra de matemática preferida dos funkeiros? Regra de Sarrus.,1,1,-3.01171875,3.369140625,6.380859375,0.0016908030956983566,0.9983091354370117,True
5.3839.N,5.3839,N,Qual o filme favorito do ator Jim Carney? Ace Ventura.,0,0,3.5703125,-4.10546875,-7.67578125,0.9995362758636475,0.00046371284406632185,True
4.411.N,4.411,N,Alpinistas? Há por aí nos montes.,0,0,3.0703125,-3.103515625,-6.173828125,0.9979210495948792,0.002078914549201727,True
5.3395.H,5.3395,H,Qual o remédio que te convence a pedir um carro pra vc se deslocar? Vick vai por Uber.,1,1,-3.59375,3.888671875,7.482421875,0.0005625758203677833,0.9994373917579651,True
5.1495.N,5.1495,N,Qual o herói favorito de Deus? Clark Kent.,0,0,3.685546875,-4.1953125,-7.880859375,0.9996222257614136,0.00037776539102196693,True
5.2455.N,5.2455,N,Onde o Mickey gosta de morar? No prédio.,0,0,3.84375,-4.28125,-8.125,0.9997040629386902,0.00029595711384899914,True
5.444.N,5.444,N,Por que a pessoa que vive rindo de si mesmo nunca é Barrada em lugar algum? Porque ela é carismática.,0,0,3.458984375,-3.48828125,-6.947265625,0.9990395903587341,0.0009603368234820664,True
5.1337.N,5.1337,N,Qual autor o Harry Potter lê quando está doente? O Alvo Dumbledore.,0,1,-3.453125,3.724609375,7.177734375,0.000762813026085496,0.9992371797561646,False
5.3006.H,5.3006,H,Qual país só tem coisas sem utilidade? As tralha.,1,1,-2.857421875,3.3515625,6.208984375,0.0020072422921657562,0.997992753982544,True
5.203.N,5.203,N,Por que muitos jogadores do Corínthians não foram à festa de comemoração do título brasileiro? Porque a festa foi muito longe . Lá na casa do Fagner!,0,0,3.205078125,-3.427734375,-6.6328125,0.9986853003501892,0.001314724562689662,True
5.3330.H,5.3330,H,Qual é o cara incentivador de suicidas? É o cara Pópular!,1,1,-3.662109375,3.916015625,7.578125,0.0005112579092383385,0.9994887113571167,True
5.635.N,5.635,N,Qual é o policial que não gosta de gente com boca suja? Guarda municipal.,0,0,3.521484375,-3.7890625,-7.310546875,0.9993320107460022,0.0006680048536509275,True
5.2738.N,5.2738,N,Po que a gente se sente mais equilibrado ao entrar em um rodízio? Porque ali é um restaurante,0,0,3.2578125,-3.47265625,-6.73046875,0.998807430267334,0.001192549243569374,True
5.964.H,5.964,H,Qual é a cantora que tomou conta do Menino Jesus? Babá de Belém.,1,1,-3.234375,3.623046875,6.857421875,0.001050516963005066,0.9989494681358337,True
5.1287.H,5.1287,H,Qual cantor gosta de chocolate? Kit-Kat Stevens.,1,1,-3.556640625,3.732421875,7.2890625,0.0006825019372627139,0.9993175268173218,True
5.22.N,5.22,N,Quando é que o David Copperfield sabe quando tem gente chegando na casa dele? Olhando pelo interfone.,0,0,3.32421875,-3.61328125,-6.9375,0.9990302324295044,0.0009697519708424807,True
5.1361.H,5.1361,H,Qual é o melhor legume que existe? A Better raba.,1,1,-3.349609375,3.734375,7.083984375,0.0008377236081287265,0.9991623163223267,True
4.152.N,4.152,N,Já estreou o novo espetáculo com bonecos ao vivo . É uma peça de teatro.,0,0,3.765625,-4.0234375,-7.7890625,0.9995859265327454,0.00041406950913369656,True
5.3911.N,5.3911,N,Qual a cidade as pessoas rezam e fazem artesanato? Em Budas Artes.,0,1,-2.865234375,3.373046875,6.23828125,0.0019494020380079746,0.9980505704879761,False
5.958.H,5.958,H,Qual é a lenda que sempre conta os dias? O K Lendário.,1,1,-3.462890625,3.7734375,7.236328125,0.0007194324862211943,0.9992806315422058,True
5.7.H,5.7,H,Por que a feijoada estava triste? Porque colocaram ela na panela depressão.,1,1,-3.658203125,4.078125,7.736328125,0.0004364814085420221,0.9995635151863098,True
5.20.H,5.20,H,Qual é o estado americano que não cai duas vezes no mesmo lugar? Ohio.,1,1,-1.013671875,0.802734375,1.81640625,0.13986565172672272,0.8601343035697937,True
5.1202.H,5.1202,H,Porque os pãezinhos nos EUA são cor de abóbora?  Porque é um pumpkin nininho.,1,1,-3.3515625,3.626953125,6.978515625,0.0009308178559876978,0.9990691542625427,True
5.1287.N,5.1287,N,Qual cantor gosta de chocolate? Frank Sinatra.,0,0,3.783203125,-4.3984375,-8.181640625,0.9997202754020691,0.00027966435300186276,True
4.733.N,4.733,N,Há anos que procurava um Homem  que bebesse vinho . Para encontrar um foi preciso Ir perguntar .,0,1,-2.96875,3.4453125,6.4140625,0.0016356752021238208,0.998364269733429,False
4.708.H,4.708,H,Qual é a cantora preferida dos cirurgiões? É a Anastasia.,1,0,3.671875,-3.96875,-7.640625,0.9995197057723999,0.00048029725439846516,False
5.2789.H,5.2789,H,por que o beta não avança no relacionamento? porque se não ele gama. ,1,1,-3.220703125,3.40625,6.626953125,0.0013224405702203512,0.9986775517463684,True
4.385.H,4.385,H,"Dois gémeos foram presos por homicídio, mas passado um tempo libertaram o que estava mais gordo. Porque o que não mata, engorda.",1,1,0.164794921875,0.2314453125,0.066650390625,0.48334357142448425,0.5166564583778381,True
5.3511.H,5.3511,H,Qual ex-piloto era um índio pronto pro ataque? Mim Ka Salo.,1,1,-3.140625,3.59375,6.734375,0.0011879054363816977,0.9988120794296265,True
5.3668.N,5.3668,N,Por que o frango caipira não tem problemas jurídicos de identidade? Porque ele não tem hormônios.,0,0,2.6875,-2.716796875,-5.404296875,0.9955229759216309,0.0044770813547074795,True
5.3391.H,5.3391,H,Qual cantora famosa nasceu em La Paz? Bolívia Newton-John.,1,1,-2.28125,2.390625,4.671875,0.009268013760447502,0.9907320141792297,True
4.151.H,4.151,H,Qual é a sobremesa que nunca sai direita? É a torta.,1,0,3.333984375,-3.931640625,-7.265625,0.9993013143539429,0.0006986755761317909,False
5.3623.N,5.3623,N,Qual é o detetive que assiste tênis? Ace Ventura.,0,0,3.548828125,-4.0078125,-7.556640625,0.9994776844978333,0.0005223550251685083,True
5.3498.H,5.3498,H,Qual o sanduba do Tom Brady? X-egg Bündchen.,1,1,-2.5859375,2.9296875,5.515625,0.004007289186120033,0.9959927201271057,True
4.131.N,4.131,N,Qual é o jogo preferido das batatas fritas? É o Uno.,0,1,-0.9033203125,0.96337890625,1.86669921875,0.13392409682273865,0.866075873374939,False
5.848.N,5.848,N,Qual personagem da Disney que ninguém gosta? Jafar.,0,0,3.564453125,-3.9921875,-7.556640625,0.9994776844978333,0.0005223550251685083,True
5.1515.H,5.1515,H,Qual super herói que tem fetiche com a própria mãe? Édipool.,1,1,-3.03125,3.26953125,6.30078125,0.0018315102206543088,0.9981684684753418,True
5.3409.N,5.3409,N,Qual é a melhor coisa pra se desejar a um amigo no Natal? Boas Festas.,0,0,3.201171875,-3.5234375,-6.724609375,0.9988003969192505,0.0011995488312095404,True
5.30.H,5.30,H,Por que o elefante não pega fogo? Porque ele é cinza.,1,0,2.427734375,-2.095703125,-4.5234375,0.9892648458480835,0.01073516346514225,False
5.3872.H,5.3872,H,Qual atriz é a rainha do marketing brasileiro? Bruna Marketingne,1,1,-2.75,3.0859375,5.8359375,0.002912178635597229,0.9970878958702087,True
4.229.H,4.229,H,A minha amiga asiática ficou doente. Mas eu Coreia.,1,1,-2.748046875,2.6953125,5.443359375,0.0043063051998615265,0.9956936836242676,True
5.3370.H,5.3370,H,"Qual ator é a junção de um tigre, um super-herói e um cantor? Tony Thor Naldo.",1,1,-3.115234375,3.4375,6.552734375,0.0014241791795939207,0.9985758066177368,True
5.1808.H,5.1808,H,Qual é o animal preferido dos Beatles? Ornitorringo,1,1,-3.021484375,3.341796875,6.36328125,0.0017207356868311763,0.998279333114624,True
5.3478.H,5.3478,H,Com qual marcha o porco anda? Carré.,1,0,1.4716796875,-1.4033203125,-2.875,0.9465966820716858,0.053403329104185104,False
4.731.N,4.731,N,"Como é que uma Pessoa elogia uma mulher alta? Eh lá, hoje estás Espantosa!",0,0,0.47021484375,-0.1866455078125,-0.6568603515625,0.65855473279953,0.3414452373981476,True
4.502.N,4.502,N,"Segui as instruções na embalagem da lasanha que dizia para colocar o forno a 180 graus . Agora como é que eu abro a porta, se o forno está tão quente?",0,0,3.287109375,-3.77734375,-7.064453125,0.9991457462310791,0.0008542319992557168,True
4.343.N,4.343,N,Qual é a nacionalidade de um canalizador de bigode? É um mexicano.,0,0,3.3046875,-3.71875,-7.0234375,0.9991100430488586,0.0008899655658751726,True
5.1743.N,5.1743,N,"Quando o Superman morreu, como o vilão dele ficou? De folga.",0,0,2.7890625,-2.93359375,-5.72265625,0.9967396855354309,0.0032603461295366287,True
5.1250.N,5.1250,N,"Qual a carne que rapidamente disse "" ooooh ""? Picanha.",0,0,3.5,-3.931640625,-7.431640625,0.9994081258773804,0.0005918645765632391,True
5.3855.H,5.3855,H,Qual o nome que se dá para o assassinato em massa na galáxia do universo da Marvel? Crimes simulThanos.,1,1,-3.01953125,3.63671875,6.65625,0.0012843082658946514,0.9987157583236694,True
5.2188.H,5.2188,H,Cantor favorito dos pedreiros? Amado Batistaca ,1,0,2.640625,-2.90234375,-5.54296875,0.9961004257202148,0.0038996206130832434,False
4.374.N,4.374,N,Porque é que na Polónia ninguém se perde? Porque lá há muita sinalização.,0,0,3.21484375,-3.27734375,-6.4921875,0.9984869956970215,0.0015129382954910398,True
5.958.N,5.958,N,Qual é a lenda que sempre conta os dias? O calendário.,0,0,3.720703125,-4.03515625,-7.755859375,0.9995719790458679,0.00042804269469343126,True
4.174.H,4.174,H,O que é que o Xutos e Pontapés e um micro-ondas têm em comum? Tim!,1,0,2.98046875,-3.115234375,-6.095703125,0.9977524876594543,0.0022474629804491997,False
3.4.H,3.4,H,Qual é o animal que não vale mais nada? O javali.,1,0,3.33203125,-3.966796875,-7.298828125,0.9993242025375366,0.0006758737727068365,False
5.4025.N,5.4025,N,Nome de cervejaria em homenagem a um grande cantor brasileiro? Capitão Bock.,0,1,-3.150390625,3.34375,6.494140625,0.0015099906595423818,0.9984899759292603,False
5.4028.H,5.4028,H,Por que o piloto não gosta de passar no meio da nuvem com o avião? Porque ele tem Cloudstrofobia.,1,1,-2.7890625,2.978515625,5.767578125,0.0031175727490335703,0.996882438659668,True
5.3461.N,5.3461,N,Onde os artistas americanos dão chilique de tanto dar autógrafos? No tapete vermelho.,0,0,3.83984375,-4.26171875,-8.1015625,0.9996970891952515,0.00030297337798401713,True
4.73.N,4.73,N,Porque é que as loiras só fazem sexo uma vez por ano? Porque o sexo anual não engravida.,0,0,1.02734375,-1.2900390625,-2.3173828125,0.910306453704834,0.08969351649284363,True
4.73.H,4.73,H,Porque é que as loiras só fazem sexo uma vez por ano? Porque o sexo anal não engravida.,1,0,2.1328125,-2.25,-4.3828125,0.9876639246940613,0.01233609952032566,False
5.589.N,5.589,N,Qual é a fruta preferida do Neymar? A uva branca.,0,0,3.3203125,-3.912109375,-7.232421875,0.9992777705192566,0.0007222462445497513,True
5.3355.H,5.3355,H,O que mais excita o fazendeiro ? EmpôlGado no Pasto.,1,1,-3.4140625,3.79296875,7.20703125,0.0007408055826090276,0.9992591738700867,True
5.2136.N,5.2136,N,Qual é a massa servida nos EUA? Espaguete,0,0,3.787109375,-4.4765625,-8.263671875,0.999742329120636,0.0002576445695012808,True
5.1739.H,5.1739,H,Qual parte da bicicleta quem se chama Guilherme nunca precisa comprar? Guidão.,1,0,3.298828125,-3.560546875,-6.859375,0.9989515542984009,0.001048469333909452,False
4.713.H,4.713,H,O que é um anão? É um ano bissexto.,1,1,-1.6611328125,1.6416015625,3.302734375,0.03547750040888786,0.9645224213600159,True
4.551.H,4.551,H,Um iogurte fora de prazo mata uma família inteira. Qual é o filme? Activia Paranormal.,1,0,0.98193359375,-0.712890625,-1.69482421875,0.8448575139045715,0.15514244139194489,False
5.83.N,5.83,N,Qual é o animal que mais sofre com enfermidades? O gato.,0,0,3.611328125,-4.20703125,-7.818359375,0.9995978474617004,0.0004021193308290094,True
5.3793.N,5.3793,N,Qual rede das lojas é maior que o Trump? McDonald's.,0,0,3.716796875,-4.1640625,-7.880859375,0.9996222257614136,0.00037776539102196693,True
4.108.H,4.108,H,"Uma feminista perguntou-me de que forma eu via as relações lésbicas. Parece que ""em HD"" não era a resposta correta...",1,1,-1.640625,1.8515625,3.4921875,0.029535338282585144,0.9704646468162537,True
5.2070.H,5.2070,H,Qual é a banda favorita do império galáctico? Kylo R.E.M. ,1,1,-2.375,2.421875,4.796875,0.008187910541892052,0.9918121099472046,True
5.20.N,5.20,N,Qual é o estado americano que não cai duas vezes no mesmo lugar? Massachusetts.,0,0,0.77294921875,-0.9091796875,-1.68212890625,0.8431862592697144,0.15681377053260803,True
5.1956.H,5.1956,H,O que a vaca foi fazer na delegacia? Um bom leitinho de ocorrência ,1,1,-3.560546875,4.05078125,7.611328125,0.0004945695982314646,0.9995054006576538,True
5.2764.N,5.2764,N,Qual cantora não come carne? A VegetaRhianna.,0,1,-3.076171875,3.322265625,6.3984375,0.0016613906482234597,0.9983385801315308,False
5.30.N,5.30,N,Por que o elefante não pega fogo? Porque ele é branco.,0,0,3.509765625,-3.96875,-7.478515625,0.9994352459907532,0.0005647764774039388,True
5.2203.H,5.2203,H,Qual é o documento que não deixa claro quando a pessoa nasceu? Incertidão de nascimento.,1,1,-3.064453125,3.521484375,6.5859375,0.001377732609398663,0.9986222982406616,True
5.3166.H,5.3166,H,Por que o jardineiro estava passando necessidade? Andava meio sem grama.,1,1,-1.701171875,2.1328125,3.833984375,0.021165618672966957,0.9788343906402588,True
4.227.N,4.227,N,O que é que acontece quando o Aladino esfrega a lamparina mágica debaixo de água? Aparece o génio.,0,0,3.392578125,-3.63671875,-7.029296875,0.9991151690483093,0.0008847706485539675,True
4.201.H,4.201,H,Era uma vez uma cidade onde quase todas as motos eram Yamaha. Qual é o filme? Poca Hondas.,1,1,-3.263671875,3.595703125,6.859375,0.001048469333909452,0.9989515542984009,True
5.2144.N,5.2144,N,Porque não se paga bandido com cheque? Porque o crime não beneficia.,0,0,2.505859375,-2.47265625,-4.978515625,0.9931628704071045,0.006837205030024052,True
4.539.N,4.539,N,"Será que os meus amigos vão passar férias a países do médio oriente? Uns, sim . Os outros, não .",0,0,3.533203125,-3.779296875,-7.3125,0.9993333220481873,0.000666702282615006,True
5.2689.H,5.2689,H,Renata voltou do médico com o braço furado. Qual é o acontecimento histórico? Rê volta da Vacina.,1,1,-3.119140625,3.388671875,6.5078125,0.0014895172789692879,0.9985104203224182,True
5.2789.N,5.2789,N,por que o beta não avança no relacionamento? porque se não ele se machuca.,0,0,3.208984375,-3.560546875,-6.76953125,0.9988530874252319,0.0011469158343970776,True
5.2243.H,5.2243,H,Por que a mulher com carteira assinada nunca tira a lingerie? Porque ela tá de renda fixa ,1,1,-3.078125,3.658203125,6.736328125,0.001185590517707169,0.9988144636154175,True
5.3807.N,5.3807,N,Qual senador que proíbe piadas? Confúcio Moura.,0,0,3.580078125,-4.03125,-7.611328125,0.9995054006576538,0.0004945695982314646,True
5.2252.H,5.2252,H,Qual personagem de desenho falsifica assinaturas com caneta? Bic Vigarista ,1,1,-3.451171875,3.59765625,7.048828125,0.0008676724974066019,0.9991323351860046,True
5.2193.H,5.2193,H,Qual é a bala favorita dos pedreiros? Cimenthos,1,1,-3.078125,3.40234375,6.48046875,0.0015307450667023659,0.9984691739082336,True
4.617.H,4.617,H,Por que é que o Napoleão era sempre convidado para todas as festas? Porque era bom na party.,1,0,2.115234375,-2.15625,-4.271484375,0.9862311482429504,0.013768816366791725,False
5.2938.N,5.2938,N,Qual é a comida do pássaro gigante que toca trompete? O alpiste.,0,1,-2.59765625,2.833984375,5.431640625,0.004356845282018185,0.995643138885498,False
4.217.H,4.217,H,Quando estiveres triste abraça um sapato. Um sapato com sola.,1,1,-2.306640625,2.568359375,4.875,0.0075772409327328205,0.9924227595329285,True
5.1250.H,5.1250,H,"Qual a carne que rapidamente disse ""ooooh""? Carne disse oh já.",1,1,-3.357421875,3.78125,7.138671875,0.0007931760628707707,0.9992068409919739,True
4.166.N,4.166,N,Uma assistente de moda foi despedido . Qual é o filme? O Diabo Veste Prada.,0,0,0.35009765625,-0.34228515625,-0.6923828125,0.666496753692627,0.33350321650505066,True
4.388.H,4.388,H,Hoje passei por uma família de cães na rua. Foi ali em Family-cão.,1,1,-3.529296875,3.953125,7.482421875,0.0005625758203677833,0.9994373917579651,True
5.1046.H,5.1046,H,Qual o canal para fumantes infantis? Carlton Network.,1,0,2.294921875,-2.919921875,-5.21484375,0.994594156742096,0.005405900068581104,False
5.2360.N,5.2360,N,Por que a atleta foi presa por atentado ao pudor enquanto jogava? Porque estava jogando uma partida.,0,0,3.599609375,-3.966796875,-7.56640625,0.9994826316833496,0.000517281296197325,True
4.226.N,4.226,N,Porque é que o João Silva está feliz? Porque teve um dia positivo.,0,0,3.515625,-3.890625,-7.40625,0.9993928670883179,0.0006070755771361291,True
5.405.N,5.405,N,Onde ficam as maiores dúvidas dos dentistas? Na cabeça.,0,0,2.80078125,-3.0859375,-5.88671875,0.997231662273407,0.0027683854568749666,True
4.433.N,4.433,N,Hoje descobri que a minha torradeira não é à prova de água . Fiquei surpreendido.,0,0,3.1953125,-3.734375,-6.9296875,0.9990226030349731,0.0009773502824828029,True
5.1006.H,5.1006,H,Qual a concorrente mais desbocada da Marvel??? DC Gonçalves.,1,1,-3.15625,3.51171875,6.66796875,0.0012693642638623714,0.9987305998802185,True
4.322.H,4.322,H,Qual é a semelhança entre um sapato e uma PlayStation? Ambos são consola.,1,1,-3.5625,4.0703125,7.6328125,0.00048406238784082234,0.9995158910751343,True
5.1140.H,5.1140,H,Qual é a moeda preferida que quem fica em casa cuidando dos filhos? Do Lar,1,1,-2.29296875,2.41015625,4.703125,0.008985428139567375,0.9910145401954651,True
5.3521.H,5.3521,H,"O que o cara gritava quando foi preso por 171? ""Mentira daqui!""",1,1,-2.095703125,2.38671875,4.482421875,0.011179600842297077,0.9888203740119934,True
5.614.N,5.614,N,Qual é o carro preferido do Ricardo? Logan.,0,0,3.490234375,-3.912109375,-7.40234375,0.9993904829025269,0.000609450158663094,True
4.660.N,4.660,N,"Como se chama um cão sem donos? Não se chama, vai-se buscar.",0,0,0.346435546875,-0.2144775390625,-0.5609130859375,0.6366637945175171,0.3633362352848053,True
4.250.N,4.250,N,Qual é a especialidade de um médico bipolar? Otorrinolaringologista .,0,0,3.17578125,-3.609375,-6.78515625,0.9988707900047302,0.0011291545815765858,True
5.3787.N,5.3787,N,Qual ator estrangeiro já foi PM? Guiliano Gemma,0,1,-2.431640625,2.796875,5.228515625,0.005332885775715113,0.9946671724319458,False
4.259.N,4.259,N,O que é que acontece quando o Frodo morre? Passam-lhe uma certidão de óbito.,0,0,3.53125,-3.875,-7.40625,0.9993928670883179,0.0006070755771361291,True
5.3623.H,5.3623,H,Qual é o detetive que joga tênis? Ace Ventura.,1,0,3.44140625,-3.859375,-7.30078125,0.9993255138397217,0.0006745559512637556,False
4.435.H,4.435,H,"Como é que se diz ""médico estagiário"" em japonês? Otikuro Otimato",1,1,-2.93359375,3.189453125,6.123046875,0.002186974510550499,0.9978129863739014,True
5.3581.H,5.3581,H,Qual artista gosta de pintar os personagens de Toy Story usando cores bem vivas? O Andy Warhol.,1,0,3.51171875,-3.791015625,-7.302734375,0.9993268251419067,0.000673240574542433,False
5.2534.N,5.2534,N,Onde moram os dançarinos da Xuxa? São Paulo.,0,0,3.890625,-4.3828125,-8.2734375,0.9997448325157166,0.00025514140725135803,True
4.463.N,4.463,N,Qual é o melhos carro para o dia-a-dia e conforto? É o Volkswagen Bora!,0,0,3.283203125,-3.80078125,-7.083984375,0.9991623163223267,0.0008377236081287265,True
5.1678.H,5.1678,H,O que acontece com o homem do interior que cai e bate a cabeça? Cai e pira.,1,0,3.513671875,-3.787109375,-7.30078125,0.9993255138397217,0.0006745559512637556,False
4.333.N,4.333,N,Em quantas partes se parte o corpo do homem? Depende da força da pancada.,0,0,3.462890625,-3.99609375,-7.458984375,0.9994240999221802,0.0005759091582149267,True
5.2237.H,5.2237,H,"Qual o cantor que, ao descobrir que é corno, resolve partir pra briga com o amante? Pau no Ricardo ",1,1,-1.8818359375,1.7060546875,3.587890625,0.026912305504083633,0.973087728023529,True
5.1431.N,5.1431,N,Qual é o nome do X-Men que é ginecologista? Wolverine.,0,0,3.20703125,-3.314453125,-6.521484375,0.9985306262969971,0.001469321083277464,True
4.431.H,4.431,H,"""Ontem"" não tem H. ""Hoje"" tem H. Como as coisas mudam de um dia para o outro...",1,0,3.173828125,-3.458984375,-6.6328125,0.9986853003501892,0.001314724562689662,False
5.638.N,5.638,N,Onde o mineiro aprendeu inglês? No trem!,0,0,3.732421875,-4.171875,-7.904296875,0.9996309280395508,0.00036901768180541694,True
4.167.N,4.167,N,Qual é o passatempo preferido de um mexicano de 12 anos? Bricar às escondidas.,0,0,3.3359375,-3.931640625,-7.267578125,0.9993026256561279,0.0006973132840357721,True
5.1286.N,5.1286,N,Qual o nome do piloto do dirigível? Feodor Nenov.,0,0,1.7783203125,-2.015625,-3.7939453125,0.9779887795448303,0.022011231631040573,True
5.263.N,5.263,N,Qual é o nome do filme protagonizado por duas motos bem nervosas? A parede.,0,0,2.455078125,-2.884765625,-5.33984375,0.995226263999939,0.004773722030222416,True
4.213.H,4.213,H,Como é que se chama uma empregada doméstica chinesa? Lee-xívia.,1,1,-2.193359375,2.419921875,4.61328125,0.009821793995797634,0.9901782274246216,True
5.108.N,5.108,N,Qual é a lagoa que não sabe o alfabeto? Pampulha.,0,0,3.291015625,-3.427734375,-6.71875,0.998793363571167,0.0012065896298736334,True
5.2929.N,5.2929,N,Qual é a cantora mais conhecida por assédio? é a Lizzo,0,0,-0.012298583984375,-0.033050537109375,-0.020751953125,0.5051878094673157,0.49481216073036194,True
5.4098.N,5.4098,N,Qual molho é sempre servido em proporções exageradas? De tomate.,0,0,3.44921875,-4.00390625,-7.453125,0.9994207620620728,0.0005792917218059301,True
5.3027.N,5.3027,N,Qual o estado americano preferido dos sadomasoquistas? Nevada.,0,0,3.23046875,-3.7890625,-7.01953125,0.9991065859794617,0.0008934456272982061,True
4.616.H,4.616,H,Por que é que os hospitais não atendem plantinhas? Porque só têm médicos de plantão.,1,0,3.234375,-3.287109375,-6.521484375,0.9985306262969971,0.001469321083277464,False
5.638.H,5.638,H,Onde o mineiro aprendeu inglês? No Uai...zap!,1,1,-3.060546875,3.4375,6.498046875,0.0015041126171126962,0.9984959363937378,True
4.510.N,4.510,N,"No outro dia estava a lavar o carro com o meu filho, vira-se ele: Pai, porque é que usas uma esponja?",0,0,3.669921875,-4.203125,-7.873046875,0.9996192455291748,0.00038072714232839644,True
5.3890.N,5.3890,N,Qual cantora pop sempre te convida pra tomar uma xícara de café? Beyoncé.,0,0,3.228515625,-3.4765625,-6.705078125,0.9987768530845642,0.001223179162479937,True
4.472.H,4.472,H,Qual é a fruta mais comum nos churrascos? É o açaí.,1,0,3.740234375,-4.23828125,-7.978515625,0.999657392501831,0.0003426303737796843,False
5.683.N,5.683,N,Qual é a jornalista mais genérica do mundo? Lucy Morgan.,0,0,3.439453125,-3.927734375,-7.3671875,0.9993687272071838,0.0006312434561550617,True
5.3058.H,5.3058,H,Qual assassino possui um vasto conhecimento? John Wick Pédia.,1,1,-3.626953125,3.904296875,7.53125,0.0005357805639505386,0.999464213848114,True
5.1043.H,5.1043,H,Qual é o pokémon da umbanda? O pikaEXU,1,1,-3.048828125,3.412109375,6.4609375,0.001560889300890267,0.9984391331672668,True
4.417.N,4.417,N,Porque é que os daltónicos têm péssima memória? Porque não sabem nada decor.,0,1,-3.19140625,3.82421875,7.015625,0.0008969393093138933,0.9991030693054199,False
4.632.N,4.632,N,Nem todos os esqueletos ouvem . Só os que têm ouvidos.,0,0,2.466796875,-2.30078125,-4.767578125,0.9915707111358643,0.008429287001490593,True
5.87.H,5.87,H,Qual a embarcação criada para salvar os dinossauros do dilúvio?  A arca DINO É,1,1,-2.431640625,2.802734375,5.234375,0.005301895085722208,0.9946980476379395,True
5.872.H,5.872,H,Qual comediante vive com calor? Renato Abane.,1,0,3.56640625,-4.046875,-7.61328125,0.9995063543319702,0.0004936049808748066,False
5.2959.H,5.2959,H,Qual empresa responsável por encher o avião? Infla Aero.,1,1,-0.9658203125,0.880859375,1.8466796875,0.13626320660114288,0.8637367486953735,True
5.710.H,5.710,H,Como se faz para desenterrar um Jockey? É só escavá-lo.,1,1,0.10150146484375,0.11993408203125,0.0184326171875,0.49539196491241455,0.5046080350875854,True
5.2008.N,5.2008,N,Em qual cidade todas as pedras preciosas e incomuns são protegidas? Sertãozinho,0,0,3.626953125,-4.3125,-7.939453125,0.9996436834335327,0.00035627433680929244,True
5.200.H,5.200,H,"O que o pão disse para o padeiro quando este abriu o forno? ""Assôoo""!",1,1,-1.333984375,1.4873046875,2.8212890625,0.05618453398346901,0.9438154101371765,True
5.141.N,5.141,N,Qual o herói da ovelha? Batman.,0,0,2.955078125,-3.345703125,-6.30078125,0.9981684684753418,0.0018315102206543088,True
5.2183.N,5.2183,N,Qual é a hortaliça que faz sucesso no norte e nordeste? Macaxeira,0,0,3.119140625,-3.65625,-6.775390625,0.9988597631454468,0.0011402228847146034,True
4.312.H,4.312,H,Porque é que a mulher do Einstein usa bikini? Porque tem um bom físico.,1,0,3.748046875,-4.1484375,-7.896484375,0.9996280670166016,0.0003719108644872904,False
5.1449.H,5.1449,H,Po rque o carteiro foi à feira? Porque tinha uma carta na manga.,1,1,-3.3828125,3.857421875,7.240234375,0.0007166297291405499,0.9992833733558655,True
5.1272.N,5.1272,N,Qual rato que mais trabalha pela cultura do Brasil? Mickey Mouse.,0,0,1.83203125,-2.1796875,-4.01171875,0.9822195768356323,0.01778038963675499,True
5.1858.H,5.1858,H,Que cantora faz pequenas transmissões na internet? Avril Livinha.,1,1,-2.94921875,3.283203125,6.232421875,0.0019608354195952415,0.998039186000824,True
5.229.N,5.229,N,Qual inseto está muito gordo? Mosquito.,0,0,3.6015625,-4.0,-7.6015625,0.9995005130767822,0.0004994204500690103,True
5.1078.H,5.1078,H,Qual o bolo mais barulhento que existe? Bolo de Noises.,1,1,-1.9130859375,2.08984375,4.0029296875,0.017934536561369896,0.9820654988288879,True
5.1746.H,5.1746,H,Por que o ciclista ficou com medo de entrar na mata? Porque ele viu umacobra radical,1,1,-3.603515625,4.01171875,7.615234375,0.0004926422843709588,0.9995073080062866,True
4.583.H,4.583,H,"""Cada dia, temos de fazer com que as pequenas coisas contem"" - disse a professora de matemática de anões.",1,1,-1.6015625,1.466796875,3.068359375,0.04443143308162689,0.9555686116218567,True
5.3079.H,5.3079,H,Qual o cineasta mais odiado em Goiânia? Martin ScorCÉSIO.,1,1,-3.52734375,3.8359375,7.36328125,0.0006337125087156892,0.9993663430213928,True
5.3143.N,5.3143,N,Qual o grupo dos heróis? Os Vingadores.,0,0,3.818359375,-4.2265625,-8.044921875,0.999679446220398,0.0003206236578989774,True
5.841.N,5.841,N,Qual escritor usava roupas de frio? Edgar Alã Põe.,0,1,-3.384765625,3.9765625,7.361328125,0.0006349506438709795,0.9993650317192078,False
5.1657.H,5.1657,H,Qual é a lanchonete favorita dos góticos? Black Donald's.,1,0,3.435546875,-3.984375,-7.419921875,0.9994012117385864,0.0005988371558487415,False
4.217.N,4.217,N,Quando estiveres triste abraça um sapato . Um sapato consola.,0,0,2.82421875,-3.05078125,-5.875,0.9971990585327148,0.0028009265661239624,True
5.1858.N,5.1858,N,Qual é o cigarro que todos os comediantes gostam? Malboro.,0,1,-3.177734375,3.54296875,6.720703125,0.001204238273203373,0.998795747756958,False
5.75.H,5.75,H,Qual é o contrário de centopeia? Levantomãofoi.,1,1,-3.595703125,4.03125,7.626953125,0.0004869056574534625,0.9995131492614746,True
5.2606.H,5.2606,H,Qual a figura mitológica mais velha? Antígona.,1,0,3.71875,-4.28125,-8.0,0.9996646642684937,0.00033535013790242374,False
4.46.N,4.46,N,Estão dois gatinhos à procura da mãe . Qual é o filme? Os Aristogatos.,0,1,-2.40234375,2.623046875,5.025390625,0.006526149343699217,0.9934738278388977,False
5.2988.H,5.2988,H,Qual microorganismo é sempre passado pra trás? Protozotário.,1,0,1.8505859375,-1.9658203125,-3.81640625,0.9784671068191528,0.021532876417040825,False
4.186.H,4.186,H,Qual é a série preferida dos cagalhões? Prison Break.,1,1,-1.634765625,1.5400390625,3.1748046875,0.04012494906783104,0.9598750472068787,True
5.964.N,5.964,N,Qual é a cantora que tomou conta do Menino Jesus? Gal Costa.,0,0,3.65625,-4.12890625,-7.78515625,0.9995842576026917,0.00041568942833691835,True
5.5.N,5.5,N,Por que o celular foi para o centro de reabilitação? Porque a bateria estava perdendo-se.,0,1,-0.290283203125,0.329833984375,0.6201171875,0.34975484013557434,0.650245189666748,False
5.3018.H,5.3018,H,Qual a série que fala de fato quem é sua mãe? Realmente your mother.,1,1,-2.513671875,2.818359375,5.33203125,0.004810982849448919,0.9951889514923096,True
5.561.N,5.561,N,Qual personagem do Star Wars? xubaca.,0,1,-2.3203125,2.359375,4.6796875,0.009196552447974682,0.9908034801483154,False
5.2020.N,5.2020,N,O que o nordestino disse pro amigo que sempre aceitava desaforo calado? XIA ÔMI,0,1,-1.9833984375,1.9140625,3.8974609375,0.019889742136001587,0.9801102876663208,False
5.782.H,5.782,H,Qual a tartaruga ninja que mais gosta de dormir? O Fronhatelo.,1,1,-3.537109375,3.935546875,7.47265625,0.0005680935573764145,0.9994319081306458,True
4.446.H,4.446,H,Qual é a banda preferida dos obesos? A banda gástrica.,1,1,-2.171875,2.28515625,4.45703125,0.011463796719908714,0.9885361194610596,True
4.247.N,4.247,N,"Se algum dia te sentires triste por não receberes correio, vai ao Google e faz uma pesquisa . Vais ter milhares de explicações.",0,0,3.177734375,-3.55078125,-6.728515625,0.9988051652908325,0.0011948780156672,True
5.1061.N,5.1061,N,Qual doença temos que coletar esperma? Prostatite.,0,0,0.3984375,-0.77587890625,-1.17431640625,0.7639243006706238,0.23607563972473145,True
5.3381.N,5.3381,N,Qual cantora baiana gosta de heavy metal? Margareth Menezes.,0,0,3.796875,-4.27734375,-8.07421875,0.9996886253356934,0.0003113695129286498,True
5.553.N,5.553,N,O que a Minnie falou pro namorado dela quando encostou na fogueira? Mickey está quente.,0,1,-2.49609375,2.484375,4.98046875,0.006823954172432423,0.9931760430335999,False
5.3728.H,5.3728,H,"Como se chama o aquecedor que honesto, humilde e honrado? Aquecedor Hs.",1,1,-2.15625,2.25,4.40625,0.0120537793263793,0.9879462122917175,True
4.433.H,4.433,H,Hoje descobri que a minha torradeira não é à prova de água. Fiquei chocado.,1,0,3.13671875,-3.6328125,-6.76953125,0.9988530874252319,0.0011469158343970776,False
5.3253.H,5.3253,H,Como se chamam aqueles parentes que você não vê nunca? Os Trans Parentes.,1,1,-3.09765625,3.73828125,6.8359375,0.0010733063099905849,0.9989266991615295,True
5.2564.H,5.2564,H,Por que o Charlie Brown sofria de dores na cervical? Porque ele só olhava pro seum beagle.,1,1,-2.22265625,2.41796875,4.640625,0.00955939944833517,0.9904406070709229,True
4.655.N,4.655,N,Hoje a São acordou toda molhada . O que aconteceu? Choveu.,0,0,3.5390625,-3.673828125,-7.212890625,0.9992634654045105,0.000736480753403157,True
5.1171.H,5.1171,H,Qual cantora espera um dia ser rainha? Mariah QUÉ REI.,1,1,-3.455078125,3.82421875,7.279296875,0.0006891950615681708,0.9993108510971069,True
5.3877.H,5.3877,H,Qual o cantor favorito da xícara? Alexandre Pires.,1,0,3.30859375,-3.6875,-6.99609375,0.9990854263305664,0.0009146137163043022,False
5.674.H,5.674,H,Qual parente sempre deixa um pouco de comida no prato? A sobrinha.,1,0,3.681640625,-4.04296875,-7.724609375,0.9995583891868591,0.0004416242882143706,False
5.1670.H,5.1670,H,Qual é o app que os jardineiros fazem questão de cortar da vida social deles? Instagrama.,1,1,-1.2763671875,1.447265625,2.7236328125,0.06159316003322601,0.9384068250656128,True
5.2252.N,5.2252,N,Qual personagem de desenho falsifica notas com caneta? Bic Vigarista,0,1,-3.435546875,3.630859375,7.06640625,0.0008525666198693216,0.9991474151611328,False
5.122.N,5.122,N,Como chama a cerveja que você só toma de 2 em 2 anos? Skoll.,0,0,2.2421875,-2.1328125,-4.375,0.9875683188438416,0.012431650422513485,True
5.229.H,5.229,H,Qual inseto está muito gordo? Obesouro.,1,1,-3.443359375,3.68359375,7.126953125,0.0008025182178243995,0.9991975426673889,True
5.2743.H,5.2743,H,Qual o animal que sempre tá de brinks? Tira no Sarro,1,1,-3.09375,3.439453125,6.533203125,0.001452227937988937,0.9985477328300476,True
5.849.H,5.849,H,Por que a namorada do Mickey quando não está bem começa a organizar as coisas? Porque ela é Minnie Má Lista.,1,1,-3.587890625,3.908203125,7.49609375,0.0005549409543164074,0.9994450211524963,True
5.3116.H,5.3116,H,Qual tipo de carne que só vai bem com cerveja? CoStella Artois.,1,1,-2.529296875,2.71875,5.248046875,0.005230278242379427,0.9947697520256042,True
4.580.H,4.580,H,Que nome se dá ao karaté para amputados? Artes parciais.,1,1,-3.201171875,3.708984375,6.91015625,0.0009966078214347363,0.9990034699440002,True
5.2491.H,5.2491,H,Qual é a dupla sertaneja favorita dos leões? Leãodro e Leãonardo.,1,1,-3.150390625,3.46875,6.619140625,0.0013327986234799027,0.9986672401428223,True
5.3323.N,5.3323,N,Qual doce favorito do Bolsonaro? Cocada.,0,0,3.548828125,-4.078125,-7.626953125,0.9995131492614746,0.0004869056574534625,True
4.420.H,4.420,H,Porque é que a joaninha foi à farmácia? Foi comprar creme para os pontos negros.,1,0,2.552734375,-2.947265625,-5.5,0.9959298968315125,0.004070138093084097,False
4.635.N,4.635,N,Por que é que o Mozart vai à igreja? Porque crê.,0,0,3.658203125,-3.8125,-7.470703125,0.9994307160377502,0.0005692035192623734,True
5.3993.H,5.3993,H,Por que o cara sentia prazer em bater em si mesmo com um sapato? Porque era um calçadomasoquista.,1,1,-3.0,3.1796875,6.1796875,0.0020667945500463247,0.9979332685470581,True
2.18.N,2.18,N,Recolhi duas sacas de grãos para a salada.,0,0,3.009765625,-3.83203125,-6.841796875,0.9989328980445862,0.0010670424671843648,True
5.3094.N,5.3094,N,Qual o nome do cinema pra veganos? Cinemark.,0,0,3.615234375,-4.04296875,-7.658203125,0.9995280504226685,0.0004719322023447603,True
4.56.H,4.56,H,Porque é que os carpinteiros são bons a fazer contas? Porque tabuada é com eles.,1,1,-1.4755859375,1.73046875,3.2060546875,0.03893851116299629,0.9610614776611328,True
5.1182.N,5.1182,N,Por que o Chico Buarque foi preso na saída do Santander? Por quebrar o banco.,0,1,-1.2451171875,1.427734375,2.6728515625,0.06459445506334305,0.9354054927825928,False
2.18.H,2.18,H,Recolhi duas sacas de grãos para a Patrícia Pillar.,1,0,3.064453125,-3.591796875,-6.65625,0.9987157583236694,0.0012843082658946514,False
5.2564.N,5.2564,N,Por que o Charlie Brown sofria de dores na cervical? Porque ele só olhava pro céu.,0,0,3.51171875,-3.93359375,-7.4453125,0.9994162321090698,0.0005838325014337897,True
5.933.N,5.933,N,Qual é o nome do especialista em temperar carnes que não se esquecia do passado? Olívio.,0,1,-1.333984375,1.61328125,2.947265625,0.049865905195474625,0.9501341581344604,False
5.1073.N,5.1073,N,"Qual filme conta a história do casal mais perdido do mundo em beira-mar? "" Procurando; né, mô? """,0,1,-2.232421875,2.4453125,4.677734375,0.009214365854859352,0.9907855987548828,False
5.2188.N,5.2188,N,Cantor favorito dos pedreiros? Gusttavo Lima,0,0,3.677734375,-4.2265625,-7.904296875,0.9996309280395508,0.00036901768180541694,True
5.2606.N,5.2606,N,Qual a figura mitológica mais velha? Zeus.,0,0,3.765625,-4.28125,-8.046875,0.9996800422668457,0.0003199982747901231,True
4.466.N,4.466,N,Como é que as pombas se reproduzem? Uma em cima da outra!,0,0,3.04296875,-3.30859375,-6.3515625,0.9982590079307556,0.0017409835709258914,True
5.1739.N,5.1739,N,Qual é o pintor que vai para Aparecida a pé? O Edu de Barros.,0,0,3.361328125,-3.900390625,-7.26171875,0.9992985725402832,0.0007014082511886954,True
4.29.N,4.29,N,Qual é o único animal que tem quatro joelhos? O elefante.,0,0,3.642578125,-4.359375,-8.001953125,0.9996652603149414,0.0003346960002090782,True
5.2.N,5.2,N,Por que na China tem tanta gente? Porque lá eles comem com hashis.,0,0,1.80078125,-1.7275390625,-3.5283203125,0.9714828729629517,0.028517084196209908,True
5.2021.H,5.2021,H,Qual é o cantor que faz buracos no chão? Ca Wando ,1,1,-3.13671875,3.443359375,6.580078125,0.0013858177699148655,0.9986141920089722,True
5.683.H,5.683,H,Qual é a jornalista mais genérica do mundo? Ana Paula Padrão.,1,1,-0.8310546875,0.9892578125,1.8203125,0.13939638435840607,0.8606036305427551,True
5.1286.H,5.1286,H,Qual o nome do piloto do dirigível? José Pelin.,1,0,3.673828125,-4.2265625,-7.900390625,0.9996294975280762,0.00037046143552288413,False
5.607.H,5.607,H,Qual é a cantora mais tocada na papelaria? Ana Cartolina.,1,1,-3.263671875,3.625,6.888671875,0.0010182287078350782,0.998981773853302,True
4.52.N,4.52,N,O que é um ponto preto no oceano? É um bacalhau.,0,0,3.205078125,-3.9765625,-7.181640625,0.9992401599884033,0.0007598414085805416,True
5.4079.N,5.4079,N,Onde as pessoas andam sem roupa? Em casa.,0,0,3.873046875,-4.2421875,-8.115234375,0.9997010827064514,0.0002988606283906847,True
4.653.H,4.653,H,O Artur detesta chuva e o Paulo Bento.,1,1,-1.1767578125,1.23828125,2.4150390625,0.08203305304050446,0.9179669618606567,True
4.709.N,4.709,N,"Se a Terra é redonda, por que é que se chama "" planeta "" e não "" bola ""?",0,0,1.205078125,-1.6669921875,-2.8720703125,0.9464484453201294,0.053551625460386276,True
5.2302.H,5.2302,H,Por que uma parede ficou decepcionada com a outra? Porque ela era parede falsa.,1,0,2.302734375,-2.15625,-4.458984375,0.988558292388916,0.011441684328019619,False
3.17.N,3.17,N,Que nome se dá a uma ferramenta perdida? Marreta.,0,0,3.076171875,-3.685546875,-6.76171875,0.9988440275192261,0.0011559007689356804,True
5.3534.N,5.3534,N,Qual o telefone que já foi de outro planeta? Ex Marte Phone.,0,1,-3.3359375,3.634765625,6.970703125,0.0009381115669384599,0.9990618824958801,False
5.587.H,5.587,H,Por que não fico bronzeado em casa? Porque uso protetor só lar.,1,1,-3.13671875,3.51171875,6.6484375,0.0012943680630996823,0.9987056255340576,True
5.516.N,5.516,N,Para onde o José se mudou com a esperança de um mundo melhor? Europa.,0,0,3.66796875,-4.09765625,-7.765625,0.9995761513710022,0.00042388474685139954,True
5.1360.N,5.1360,N,Por que o anão foi surfar na cozinha? Porque lá tem fogão.,0,0,0.30419921875,-0.335693359375,-0.639892578125,0.6547291874885559,0.3452708423137665,True
5.2039.H,5.2039,H,Qual é o cachorro do Cazuza? O cão de nome Beija Flor ,1,0,2.66015625,-3.1796875,-5.83984375,0.9970991611480713,0.002900857711210847,False
5.1517.N,5.1517,N,"O que o pastor leva para comer na hora do almoço? Não sei, mas o judeu leva latkes.",0,1,-2.490234375,2.685546875,5.17578125,0.00562003580853343,0.9943799376487732,False
5.722.N,5.722,N,Qual a conta de e-mail que a mulher do filho nunca checa? Gmail.,0,0,2.75,-2.970703125,-5.720703125,0.9967333078384399,0.003266699379310012,True
5.1189.H,5.1189,H,Que elemento químico a gente avalia depois de usar? U berílio.,1,1,-2.53125,3.087890625,5.619140625,0.003614644054323435,0.9963853359222412,True
5.3700.H,5.3700,H,Qual remédio feito com peixe? Neosardinha.,1,1,-2.904296875,3.35546875,6.259765625,0.001908046193420887,0.998091995716095,True
3.1.H,3.1,H,Qual o contrário de paixão? Mãeteto.,1,1,-3.34375,3.37890625,6.72265625,0.001201891340315342,0.998798131942749,True
5.3209.N,5.3209,N,Qual rainha que bebe cerveja? Rainha Charlotte.,0,0,3.681640625,-3.9921875,-7.673828125,0.9995354413986206,0.00046461905003525317,True
4.71.H,4.71,H,Porque é que uma mulher partiu a perna ao filho na cozinha? Porque não tinha canela para pôr no bolo.,1,1,-2.76171875,2.48828125,5.25,0.005220125894993544,0.9947799444198608,True
5.3804.H,5.3804,H,Como falece quem peida muito? Infart.,1,0,0.79833984375,-0.7490234375,-1.54736328125,0.8245325684547424,0.17546740174293518,False
4.609.N,4.609,N,Um fulano passou três dias na piscina e depois foi ao médico . Qual foi o diagnóstico? Exercício demais.,0,0,3.611328125,-3.640625,-7.251953125,0.9992916584014893,0.000708286592271179,True
5.1202.N,5.1202,N,Porque os pãezinhos nos EUA são cor de abóbora? Porque é um Baguette de abóbora.,0,1,-3.255859375,3.6875,6.943359375,0.0009640919743105769,0.9990359544754028,False
5.3478.N,5.3478,N,Com qual marcha o porco anda? Devagar.,0,0,3.537109375,-3.828125,-7.365234375,0.9993675351142883,0.0006324767600744963,True
5.409.H,5.409,H,Qual a história sobre a princesa adolescente que não gostava de cobrir os pés? A Pequena Sem Meia,1,1,-1.9189453125,2.013671875,3.9326171875,0.019215846434235573,0.9807841777801514,True
5.3005.N,5.3005,N,Qual é a carne que volta muito mais rápido do que vai? Carne mal cozida.,0,0,3.36328125,-3.7734375,-7.13671875,0.9992052912712097,0.0007947254925966263,True
5.441.N,5.441,N,Por que todo fã de Nirvana também gosta do Jorge Ben Jor? Porque fã de Nirvana Curte MPB.,0,0,3.302734375,-3.359375,-6.662109375,0.9987232089042664,0.0012768144952133298,True
5.3355.N,5.3355,N,O que mais excita o fazendeiro? Lucros no Pasto.,0,0,0.491943359375,-0.393798828125,-0.8857421875,0.708010733127594,0.291989266872406,True
4.418.N,4.418,N,"Qual é o masculino de "" tábua ""? Eu digo, é tabu.",0,0,2.498046875,-2.607421875,-5.10546875,0.9939730763435364,0.006026952061802149,True
5.3700.N,5.3700,N,Qual remédio feito com peixe? Biotônico.,0,0,3.7265625,-3.9609375,-7.6875,0.9995417594909668,0.0004583129193633795,True
2.10.H,2.10,H,Como o padre bateu o carro? Dando uma rezinha.,1,0,3.6640625,-4.08203125,-7.74609375,0.9995678067207336,0.00043224156252108514,False
5.513.N,5.513,N,Qual o contrário de diagnóstico? Desconhecimento.,0,0,3.60546875,-3.943359375,-7.548828125,0.999473512172699,0.000526449759490788,True
4.278.N,4.278,N,Quando é que se celebra o Dia Mundial do Lúpus? 10 / maio.,0,0,1.7275390625,-2.068359375,-3.7958984375,0.9780307412147522,0.021969227120280266,True
5.2821.N,5.2821,N,Qual organização vai entrar com uma ação contra os crimes cometidos na língua portuguesa? OAB Cedário,0,1,-1.6708984375,1.6328125,3.3037109375,0.03544410318136215,0.9645559191703796,False
5.3487.H,5.3487,H,Por que os editores da coquetel querem muito ir à terra santa? Porque elas fazem cruzadinhas.,1,0,0.474609375,-0.625,-1.099609375,0.7501869201660156,0.24981310963630676,False
5.881.H,5.881,H,Como a manicure se refere a esposa do irmão dela? Unhadinha.,1,0,0.159423828125,-0.06781005859375,-0.22723388671875,0.5565652847290039,0.4434347152709961,False
4.662.N,4.662,N,"Decidi começar a usar um pano nas cuecas . Assim, sempre que me peido liberto gás cheiroso.",0,1,-1.6826171875,1.5830078125,3.265625,0.03676946461200714,0.963230550289154,False
5.1314.H,5.1314,H,Por que a manicure foi demitida? Porque ela estava pouco se lixando.,1,0,2.994140625,-3.17578125,-6.169921875,0.9979129433631897,0.0020870345178991556,False
4.66.H,4.66,H,Eu adoro fiambre. E o Nicolas Cage.,1,0,1.51953125,-1.763671875,-3.283203125,0.9638481140136719,0.0361519381403923,False
5.1361.N,5.1361,N,Qual é o melhor legume que existe? A beterraba.,0,0,3.408203125,-3.9765625,-7.384765625,0.9993797540664673,0.0006202511722221971,True
4.412.H,4.412,H,Porque é que o computador não pára de espirrar? Porque apanhou um vírus.,1,0,3.134765625,-3.43359375,-6.568359375,0.9985979199409485,0.001402130350470543,False
5.7.N,5.7,N,Por que a feijoada estava triste? Porque colocaram ela na panela de pressão.,0,0,1.912109375,-2.322265625,-4.234375,0.9857181310653687,0.014281933195888996,True
5.1377.N,5.1377,N,"Por que o professor de natação amava o emprego? Porque ele ensinou, ensinou, e o aluno nada.",0,1,-1.724609375,1.8046875,3.529296875,0.02849004417657852,0.9715099930763245,False
5.3942.H,5.3942,H,Qual a bebida preferida dos sindicalistas? YaCUT.,1,1,-3.171875,3.484375,6.65625,0.0012843082658946514,0.9987157583236694,True
5.3487.N,5.3487,N,Por que os editores da coquetel querem muito ir à terra santa? Porque elas fazem puzzles.,0,0,2.994140625,-3.09375,-6.087890625,0.9977349042892456,0.0022650505416095257,True
5.1141.N,5.1141,N,Qual o cachorro é bom de briga? Jiu shih-tzu,0,0,3.2734375,-3.712890625,-6.986328125,0.9990763664245605,0.0009235807810910046,True
5.2518.H,5.2518,H,Qual personagem da literatura chupava tudo o que via? San Chupança.,1,1,-3.318359375,3.896484375,7.21484375,0.0007350447122007608,0.9992648959159851,True
5.133.H,5.133,H,Qual cantor adora ventiladores? Hélice Cooper.,1,0,3.201171875,-3.6328125,-6.833984375,0.9989245533943176,0.0010754023678600788,False
5.810.N,5.810,N,Por que quando você elogiou eles nunca responderam? Porque eram lentos de contato.,0,0,2.779296875,-2.728515625,-5.5078125,0.9959613680839539,0.004038591869175434,True
5.1825.N,5.1825,N,Por que o cavaquinho andava tão arrogante? Porque ele disse: sou um sucesso!,0,0,3.544921875,-3.72265625,-7.267578125,0.9993026256561279,0.0006973132840357721,True
5.2182.H,5.2182,H,Qual é o ator que só interpreta médicos com roupa apertada? Reinaldo Jalequinho ,1,1,-2.04296875,1.7236328125,3.7666015625,0.022607609629631042,0.9773923754692078,True
5.405.H,5.405,H,Onde ficam as maiores dúvidas dos dentistas? In the ciso.,1,1,-3.025390625,3.626953125,6.65234375,0.0012893282109871507,0.9987106323242188,True
4.450.N,4.450,N,O que é que o fumador diz quando fuma uma ganza? Esta bate man ...,0,1,-3.501953125,3.962890625,7.46484375,0.0005725466180592775,0.9994274377822876,False
5.92.N,5.92,N,Qual o parente que não serve pra nada? Primo.,0,0,3.599609375,-3.865234375,-7.46484375,0.9994274377822876,0.0005725466180592775,True
5.1517.H,5.1517,H,"O que o pastor leva para comer na hora do almoço? Não sei, mas o judeu leva marmitzvah.",1,1,-2.787109375,3.16015625,5.947265625,0.0026061655953526497,0.9973938465118408,True
4.622.N,4.622,N,Que tamanho de roupa vestem as altas? Tamanho grande.,0,0,3.830078125,-4.0078125,-7.837890625,0.9996057152748108,0.00039434473728761077,True
4.591.N,4.591,N,Alguém quer comprar um aparelho avariado? Sem pressão ...,0,0,2.6015625,-2.677734375,-5.279296875,0.994929850101471,0.005070175044238567,True
5.1831.H,5.1831,H,"O que disse o filho de um apresentador ao nascer, que revelou a homosexualidade do pai? Gugu dá dá",1,1,-2.818359375,3.16015625,5.978515625,0.0025261850096285343,0.9974737763404846,True
5.1814.N,5.1814,N,Qual banda dos amigos perdedores? The killers.,0,0,3.140625,-3.443359375,-6.583984375,0.998619556427002,0.0013804222689941525,True
5.2125.N,5.2125,N,O que o rapaz fez com as fotos que tirou no ano novo? Guardou,0,0,3.7109375,-4.234375,-7.9453125,0.9996458292007446,0.00035419364576227963,True
5.3981.N,5.3981,N,Qual o super herói dono de uma igreja? Hulk.,0,0,3.60546875,-3.908203125,-7.513671875,0.99945467710495,0.0005452766199596226,True
5.218.H,5.218,H,Como se chama o demônio de camisola? Encosto de Renda.,1,1,-1.91015625,2.072265625,3.982421875,0.01829933375120163,0.9817007184028625,True
5.2895.N,5.2895,N,Qual cantor só vê notícias pela internet? Latino,0,0,3.744140625,-4.4921875,-8.236328125,0.9997351765632629,0.0002647848450578749,True
4.388.N,4.388,N,Hoje passei por uma família de cães na rua . Foi ali em Famalicão.,0,0,3.005859375,-3.21484375,-6.220703125,0.9980161190032959,0.0019839033484458923,True
5.3656.N,5.3656,N,Qual vilão da Marvel data do período paleolítico? Thanos.,0,0,3.546875,-3.978515625,-7.525390625,0.9994611144065857,0.0005389274447225034,True
5.670.H,5.670,H,Qual é a música em que o sobrinho do Michael Jackson nos convida a assistir a um moonwalk feito pelos Jackson Five? Tios em ré... vem!,1,1,-3.62109375,4.04296875,7.6640625,0.0004691763606388122,0.9995307922363281,True
4.89.H,4.89,H,"Como é que se diz ""ano"" na Índia? Indiano.",1,0,3.361328125,-3.71875,-7.080078125,0.9991589784622192,0.0008409994770772755,False
5.5.H,5.5,H,Por que o celular foi para o centro de reabilitação? Porque a bateria estava viciada.,1,1,-3.4921875,3.62890625,7.12109375,0.0008072304772213101,0.9991927742958069,True
5.1491.H,5.1491,H,Sabe qual é a música heavy metal de Chitãozinho e Xororó? Heavydências.,1,1,-3.224609375,3.501953125,6.7265625,0.0011972112115472555,0.9988027811050415,True
5.710.N,5.710,N,Como se faz para desenterrar um osso? É só escavá-lo.,0,0,3.55078125,-3.951171875,-7.501953125,0.9994482398033142,0.0005517006502486765,True
5.3166.N,5.3166,N,Por que o jardineiro estava passando necessidade? Andava meio sem dinheiro.,0,0,3.806640625,-4.109375,-7.916015625,0.9996352195739746,0.0003647200355771929,True
4.131.H,4.131,H,Qual é o jogo preferido das batatas fritas? É o Monop-óleo.,1,1,-3.630859375,3.869140625,7.5,0.000552778656128794,0.9994471669197083,True
5.740.H,5.740,H,"Qual número que quando cai, vira uma fruta? Pitomba.",1,0,2.2109375,-2.322265625,-4.533203125,0.9893680214881897,0.010631945915520191,False
5.4029.H,5.4029,H,"Qual pássaro quer fazer fuxico sobre uma mulher, mas esquece o que ia falar? Sabe a.",1,1,-3.005859375,3.517578125,6.5234375,0.0014664583140984178,0.9985334873199463,True
4.567.N,4.567,N,"O que é que a mulher do senhor diz quando o viagra perde o efeito? Foi-se o martelo, camarada.",0,1,-2.375,2.865234375,5.240234375,0.0052710832096636295,0.9947289824485779,False
4.227.H,4.227,H,O que é que acontece quando o Aladino esfrega a lamparina mágica debaixo de água? Aparece o hidrogénio.,1,0,2.861328125,-2.931640625,-5.79296875,0.9969603419303894,0.003039649687707424,False
5.3005.H,5.3005,H,Qual é a carne que volta muito mais rápido do que vai? Carne mó ida.,1,1,-3.384765625,3.8359375,7.220703125,0.0007307537016458809,0.9992693066596985,True
5.3342.N,5.3342,N,Qual o nervo que tem uma loja? O nervo ciático.,0,0,2.494140625,-2.478515625,-4.97265625,0.9931228756904602,0.006877107545733452,True
5.1462.H,5.1462,H,Qual o jogo preferido da galera de Stranger Things? Winning Eleven.,1,0,0.2203369140625,-0.55029296875,-0.7706298828125,0.683657169342041,0.31634286046028137,False
5.3094.H,5.3094,H,Qual o nome do cinema pra veganos? Quinoaplex.,1,1,-2.41015625,2.880859375,5.291015625,0.005011402070522308,0.9949886202812195,True
5.1298.N,5.1298,N,Qual político é mal arejado? Lula.,0,0,3.7578125,-4.1484375,-7.90625,0.9996316432952881,0.000368297885870561,True
5.1449.N,5.1449,N,Po rque o carteiro foi à feira? Porque tinha uma carta para entregar.,0,0,3.064453125,-3.509765625,-6.57421875,0.9986060261726379,0.0013939500786364079,True
4.206.N,4.206,N,O que diz um castor excitado? Bate os dentes,0,0,3.427734375,-4.02734375,-7.455078125,0.9994218349456787,0.0005781620275229216,True
5.1956.N,5.1956,N,Qual o sambista com menos pelos do Brasil? Dudu Nobre.,0,0,3.580078125,-4.1171875,-7.697265625,0.9995461106300354,0.0004538609937299043,True
5.1891.N,5.1891,N,Qual cantor escrevia na lousa? Gilberto Gil.,0,0,3.673828125,-4.21875,-7.892578125,0.999626636505127,0.0003733659686986357,True
5.2812.N,5.2812,N,Qual carro é a mistura de um prato árabe e um suco? Nenhum,0,0,3.166015625,-3.83203125,-6.998046875,0.9990872144699097,0.0009128306992352009,True
4.486.N,4.486,N,"Vira-se um computador grande para o pequeno: Olha só para ti, tão pequeno e já trabalhas.",0,0,3.138671875,-3.119140625,-6.2578125,0.9980881810188293,0.001911769388243556,True
5.2612.N,5.2612,N,Qual música tem coreografia diurética? A dança do gorila.,0,0,3.236328125,-3.673828125,-6.91015625,0.9990034699440002,0.0009966078214347363,True
5.200.N,5.200,N,"O que o pão disse para o padeiro quando este abriu o forno? "" Pronto ""!",0,0,3.271484375,-3.408203125,-6.6796875,0.998745322227478,0.0012545945355668664,True
5.75.N,5.75,N,Qual é o contrário de centopeia? Nenhum.,0,0,3.578125,-4.1484375,-7.7265625,0.999559223651886,0.0004407629603520036,True
5.1162.N,5.1162,N,Qual o bairro de São Paulo que só tem Japoneses? Liberdade,0,0,3.658203125,-4.203125,-7.861328125,0.9996147155761719,0.00038521323585882783,True
4.333.H,4.333,H,Em quantas partes se divide o cérebro do homem? Depende da força da pancada.,1,0,3.220703125,-3.669921875,-6.890625,0.9989836812019348,0.0010162440594285727,False
5.1221.H,5.1221,H,Qual o jornalista esportivo mais pesado? 1000 ton. Neves.,1,1,-3.291015625,3.404296875,6.6953125,0.0012351678451523185,0.9987648725509644,True
5.1245.N,5.1245,N,Por que a ovelha gosta de salgadinhos? Porque ela come.,0,0,3.548828125,-3.7109375,-7.259765625,0.9992972612380981,0.0007027785759419203,True
5.722.H,5.722,H,Qual a conta de e-mail que a mulher do filho nunca checa? Ig nora.,1,1,-3.265625,3.69140625,6.95703125,0.0009510131785646081,0.9990490078926086,True
5.587.N,5.587,N,Por que não fico bronzeado em casa? Porque uso protetor facial.,0,0,3.87109375,-4.19140625,-8.0625,0.9996849298477173,0.00031503866193816066,True
4.167.H,4.167,H,Qual é o passatempo preferido de um mexicano de 12 anos? Bater à piñata.,1,1,-2.392578125,2.177734375,4.5703125,0.010248602367937565,0.9897513389587402,True
5.3635.N,5.3635,N,Qual é o nome do jogo de luta que só se pode jogar tomando tequila? Tekken.,0,0,2.6953125,-2.845703125,-5.541015625,0.9960927367210388,0.003907214850187302,True
5.1360.H,5.1360,H,Por que o anão foi surfar na cozinha? Porque lá tem micro ondas.,1,0,3.03515625,-3.01171875,-6.046875,0.9976403713226318,0.0023596605751663446,False
4.193.H,4.193,H,"Hoje, vinte mulheres convidaram-me para sair. Nunca mais entro no WC das mulheres.",1,0,2.060546875,-2.478515625,-4.5390625,0.9894295334815979,0.01057048887014389,False
4.166.H,4.166,H,Um domador de ursos foi despedido. Qual é o filme? O ex-ursista.,1,1,-1.333984375,1.1201171875,2.4541015625,0.07913912832736969,0.9208608865737915,True
4.511.N,4.511,N,"Porque é que não há professores de Geografia daltónicos? Porque se houvesse, não viam a cor.",0,0,0.6787109375,-1.0517578125,-1.73046875,0.8494724035263062,0.15052764117717743,True
5.3287.H,5.3287,H,Qual o ingrediente presente na comida de quem apanhou? RepOlho Roxo.,1,1,-3.392578125,3.7421875,7.134765625,0.0007962778909131885,0.9992037415504456,True
5.1337.H,5.1337,H,Qual autor o Harry Potter lê quando está doente? O Saramago.,1,1,-0.389892578125,0.27001953125,0.659912109375,0.34075936675071716,0.6592406630516052,True
5.3704.H,5.3704,H,Onde o Sílvio conseguiu comprar novelas tão ruins? Na porta da espelunca!,1,1,-3.294921875,3.701171875,6.99609375,0.0009146137163043022,0.9990854263305664,True
4.638.H,4.638,H,"O amor é como um jogo de sueca. Ou se tem um bom parceiro, ou o melhor mesmo é ter uma boa mão.",1,1,-2.390625,2.646484375,5.037109375,0.006450607907027006,0.9935494065284729,True
5.1221.N,5.1221,N,Qual o jornalista esportivo mais pesado? Milton Neves.,0,0,3.841796875,-4.3984375,-8.240234375,0.9997362494468689,0.00026375282322987914,True
4.36.N,4.36,N,Uma loira viu um jogo de futebol que acabou 1-0 . Qual foi o seu jogador preferido? O Vidoso . Porque o golo foi dele.,0,0,0.016021728515625,-0.302734375,-0.318756103515625,0.5790210962295532,0.4209789037704468,True
5.2329.N,5.2329,N,O que o videogame espera que a gente faça? Que o console.,0,1,-3.01171875,3.32421875,6.3359375,0.0017683518817648292,0.9982317090034485,False
5.1054.H,5.1054,H,Por que o carbono alfa ficou nervoso?  Porque uma carboxila tirou amina dele.,1,1,-2.46484375,2.65234375,5.1171875,0.0059571536257863045,0.9940428137779236,True
4.338.N,4.338,N,Que nome se dá a um hipopótamo a dançar com uma tartaruga? Dançarino.,0,0,3.388671875,-3.673828125,-7.0625,0.9991440773010254,0.0008559006382711232,True
4.377.N,4.377,N,"Qual é o carro preferido das raparigas? É o Fiat, tipo.",0,0,1.2900390625,-1.234375,-2.5244140625,0.9258357286453247,0.07416428625583649,True
5.3381.H,5.3381,H,Qual cantora baiana gosta de heavy metal? Margadeath Menezes.,1,1,-3.328125,3.5,6.828125,0.001081715221516788,0.9989182949066162,True
5.2467.H,5.2467,H,Qual Rapper só toca em aniversários? Rapper Birthday,1,1,-2.740234375,2.642578125,5.3828125,0.004573863931000233,0.9954261183738708,True
5.2512.N,5.2512,N,Por que ninguém na Terra consegue entender a língua nativa do Super-Homem? Porque é diferente.,0,0,3.34765625,-3.328125,-6.67578125,0.9987404942512512,0.001259498530998826,True
5.1276.H,5.1276,H,Qual menina sempre bota pilha nos outros pra sair? A Vamnessa.,1,1,-2.31640625,2.80078125,5.1171875,0.0059571536257863045,0.9940428137779236,True
5.2047.H,5.2047,H,"Qual conto mostra a história de alguém que acha a esposa linda, mas quando ela o procura de noite, ele nega? ah, bela.... dorme, cida. ",1,1,-3.33203125,3.669921875,7.001953125,0.0009092752006836236,0.9990907907485962,True
5.1789.H,5.1789,H,Qual é o cineasta que tem melhor pontaria? Quentin Tarantiro.,1,1,-2.212890625,2.255859375,4.46875,0.011331753805279732,0.9886682629585266,True
5.659.H,5.659,H,Qual planta trabalha muito? Workídea.,1,1,-3.326171875,3.5859375,6.912109375,0.0009946650825440884,0.9990053772926331,True
5.3169.N,5.3169,N,Que rainha rosna como cantora? Queen Lati Fa.,0,1,-3.01953125,3.51953125,6.5390625,0.00144375569652766,0.9985561966896057,False
5.607.N,5.607,N,Qual é a cantora mais tocada na papelaria? Ana Carolina.,0,0,3.75,-4.23046875,-7.98046875,0.9996579885482788,0.00034196203341707587,True
5.4032.N,5.4032,N,"Por que quando eu gritava dentro da caverna, o som só se repetia uma vez? Porque era pouco eco.",0,0,3.443359375,-3.74609375,-7.189453125,0.9992461204528809,0.0007539328653365374,True
5.3855.N,5.3855,N,Qual o nome que se dá para o assassinato em massa na galáxia do universo da Marvel? Crimes simultâneos.,0,0,3.119140625,-3.095703125,-6.21484375,0.9980044960975647,0.001995538594201207,True
4.206.H,4.206,H,O que diz um castor excitado? Suck my dique!,1,1,-3.150390625,3.5859375,6.736328125,0.001185590517707169,0.9988144636154175,True
5.31.H,5.31,H,Qual é o poeta que sempre se atrasa?  Vinícius Demorais.,1,1,-3.263671875,3.806640625,7.0703125,0.0008492456981912255,0.9991507530212402,True
4.85.H,4.85,H,Porque é que nunca roubaram a mota do japonês? Porque ele compra Y-amaha.,1,1,-2.654296875,2.9140625,5.568359375,0.0038022249937057495,0.9961977601051331,True
5.2955.N,5.2955,N,"Qual o nome do jogo que Jô Soares adora jogar quando cheira cocaína? Pedra, papel e tesoura.",0,0,2.912109375,-3.228515625,-6.140625,0.9978510141372681,0.00214894930832088,True
5.2609.H,5.2609,H,O que o anão estava fazendo com a bola de futebol? Embaixadinhas.,1,1,-0.88525390625,0.853515625,1.73876953125,0.1494692862033844,0.8505306839942932,True
5.1884.N,5.1884,N,Como se referiam a Jesus quando ele ficava bravo? Zangado.,0,0,3.615234375,-3.8984375,-7.513671875,0.99945467710495,0.0005452766199596226,True
4.337.H,4.337,H,Porque é que a mão não pode medir mais do que 31 cm? Porque aí já seria um pé.,1,0,1.1845703125,-0.84716796875,-2.03173828125,0.8840892910957336,0.11591066420078278,False
5.2900.N,5.2900,N,Qual cineasta tem um haras? Tim Burton.,0,0,3.40625,-3.9140625,-7.3203125,0.9993384480476379,0.0006615174352191389,True
5.2282.H,5.2282,H,"Por que num determinado dia, o aluno do cursinho mentia pra todo mundo? Porque era dia dissimulado. ",1,0,0.2379150390625,-0.328857421875,-0.5667724609375,0.6380180716514587,0.36198189854621887,False
5.2811.N,5.2811,N,Profissional que conhecia tudo a respeito de suínos? Zootecnista,0,0,3.841796875,-4.11328125,-7.955078125,0.9996492862701416,0.0003507527580950409,True
4.160.N,4.160,N,O que diz uma banana suicida? Macacos me comam!,0,1,-2.396484375,2.5234375,4.919921875,0.007246802095323801,0.9927532076835632,False
5.1967.H,5.1967,H,Onde as bundas são conservadas? Na adega ,1,0,3.134765625,-3.544921875,-6.6796875,0.998745322227478,0.0012545945355668664,False
5.3804.N,5.3804,N,Como falece quem peida muito? Trombose.,0,0,3.38671875,-3.626953125,-7.013671875,0.9991012811660767,0.0008986912434920669,True
5.3581.N,5.3581,N,Qual pintor gosta de pintar os personagens de Toy Story usando cores bem vivas? O Andy Warhol.,0,0,3.490234375,-3.814453125,-7.3046875,0.9993281364440918,0.0006719278753735125,True
5.3868.H,5.3868,H,Qual marca de eletrodoméstico virou presidente? BrasTrump.,1,1,-2.935546875,3.189453125,6.125,0.002182716503739357,0.9978172779083252,True
5.417.H,5.417,H,Qual é o doce mais pagodeiro que existe? A bala 7 BELO.,1,1,-2.265625,2.685546875,4.951171875,0.007025407627224922,0.9929746389389038,True
5.2821.H,5.2821,H,Qual instituição vai entrar com uma ação contra os crimes cometidos na língua portuguesa? OAB Cedário ,1,1,-1.25390625,1.1865234375,2.4404296875,0.08014123141765594,0.9198587536811829,True
5.606.H,5.606,H,Qual a cantora que sempre aceita chá? Kesha.,1,0,3.4140625,-3.658203125,-7.072265625,0.999152421951294,0.000847589981276542,False
5.2743.N,5.2743,N,Qual o animal que sempre tá de brinks? Suricato,0,1,-2.880859375,3.189453125,6.0703125,0.0023051253519952297,0.9976949095726013,False
5.1498.H,5.1498,H,O que o galo foi fazer na delegacia? Soltar a franga.,1,0,0.389404296875,-0.25,-0.639404296875,0.6546187996864319,0.3453812003135681,False
5.1670.N,5.1670,N,Qual é o app que os jardineiros fazem questão de cortar da vida social deles? Twitter.,0,0,3.22265625,-3.33203125,-6.5546875,0.9985785484313965,0.001421404187567532,True
5.1006.N,5.1006,N,Qual a concorrente mais desbocada da Marvel??? A própria Marvel.,0,0,3.40234375,-3.8046875,-7.20703125,0.9992591738700867,0.0007408055826090276,True
5.2844.N,5.2844,N,Como o padre comprou o carro? Dando uma rezinha,0,0,3.216796875,-3.337890625,-6.5546875,0.9985785484313965,0.001421404187567532,True
5.2944.H,5.2944,H,"Qual foi o aviso que Hermione deu para avisar que um colega reprovou na prova? ""Lucius Mal Foi.""",1,1,-3.392578125,3.787109375,7.1796875,0.0007613258203491569,0.9992387294769287,True
5.3522.H,5.3522,H,O que é que tem abas e é gostoso de lamber? Absorvete.,1,1,-3.5078125,3.728515625,7.236328125,0.0007194324862211943,0.9992806315422058,True
4.339.N,4.339,N,Vendi o meu contrabaixo . Só estava em casa a apanhar pó.,0,0,2.72265625,-3.109375,-5.83203125,0.9970765113830566,0.002923542633652687,True
5.3323.H,5.3323,H,Qual doce favorito do Bolsonaro? Prende moleque.,1,1,-3.390625,3.513671875,6.904296875,0.0010024585062637925,0.9989975094795227,True
5.778.N,5.778,N,Por que o cara que não fazia exercícios prestou odonto? Pra ser dentista.,0,0,3.0625,-3.216796875,-6.279296875,0.9981288313865662,0.0018712104065343738,True
4.583.N,4.583,N,""" Cada dia, temos de fazer com que as pequenas coisas contem "" - disse a professora alto aos seus alunos.",0,0,-0.077880859375,-0.1710205078125,-0.0931396484375,0.5232681035995483,0.47673195600509644,True
5.979.H,5.979,H,Qual inseto causa vômito em crianças latinas? Enjoa niña.,1,1,-2.35546875,2.88671875,5.2421875,0.005260852165520191,0.9947391152381897,True
5.3848.H,5.3848,H,Qual dublador tbm é psicólogo? Freud Mascarenhas.,1,1,-3.23046875,3.646484375,6.876953125,0.001030219136737287,0.9989697933197021,True
5.62.H,5.62,H,Qual é a atriz que só usa roupa da Zara? Taís Zarauso.,1,1,-3.18359375,3.626953125,6.810546875,0.0011008767178282142,0.9988991022109985,True
5.621.H,5.621,H,O que é uma fofoca? A amimiga da babaleia.,1,1,-2.818359375,3.0,5.818359375,0.0029636684339493513,0.997036337852478,True
5.1110.H,5.1110,H,"O que o psicanalista adora dizer no meio do sexo? Vai, me Freud.",1,1,-3.48046875,4.21875,7.69921875,0.0004529758298303932,0.9995469450950623,True
5.54.N,5.54,N,Qual é o personagem histórico que fui eu que indiquei? Simone de Beauvoir.,0,0,3.427734375,-3.908203125,-7.3359375,0.9993487000465393,0.0006512682302854955,True
5.3409.H,5.3409,H,Qual é a melhor coisa pra se desejar a um voyeur no Natal? Boas Frestas.,1,1,-3.029296875,3.59375,6.623046875,0.0013276092940941453,0.998672366142273,True
5.2069.H,5.2069,H,Os imperador inca decretou que as lhamas seriam os únicos animais permitidos em Machu Picchu. Qual é o nome do filme? O Império Contra a Alpaca ,1,1,-2.99609375,3.15234375,6.1484375,0.002132261637598276,0.9978677034378052,True
5.4.N,5.4,N,Qual é o sabor da bala preferida da galera do hospício? M&Ms.,0,0,0.39892578125,-0.60009765625,-0.9990234375,0.7308664917945862,0.26913344860076904,True
4.751.H,4.751,H,"Como correu a primeira final de sempre da Liga dos Campeões com patos? Foi bem dispatada, cheia de quacks da bola e acabou empatada.",1,1,-3.669921875,3.99609375,7.666015625,0.0004682613362092525,0.9995317459106445,True
5.169.N,5.169,N,Em qual programa o Sílvio Santos exagera no laquê? Todos.,0,0,3.83984375,-4.390625,-8.23046875,0.9997336268424988,0.0002663404738996178,True
5.1802.H,5.1802,H,Qual é o celular dos veganos? Aipo ne,1,1,-3.060546875,3.46484375,6.525390625,0.0014636011328548193,0.9985363483428955,True
5.4048.H,5.4048,H,Qual a música preferida dos cachorros? Samba Cãosão.,1,1,-3.50390625,4.02734375,7.53125,0.0005357805639505386,0.999464213848114,True
5.3928.H,5.3928,H,Qual é o cantor que adora novas tecnologias? Beto Gadgets.,1,1,-2.31640625,2.8046875,5.12109375,0.005934066604822874,0.9940658807754517,True
5.2020.H,5.2020,H,O que o nordestino disse pro celular que sempre aceitava desaforo calado? XIA ÔMI ,1,1,-1.9169921875,1.8876953125,3.8046875,0.02178117260336876,0.9782188534736633,True
4.720.N,4.720,N,Um cacto liga para outro: Estou?,0,0,3.62109375,-4.04296875,-7.6640625,0.9995307922363281,0.0004691763606388122,True
5.3685.H,5.3685,H,Qual chefe que não consulta livro de receitas? O Chefe Decorzinha.,1,1,-3.412109375,3.830078125,7.2421875,0.0007152324542403221,0.9992848038673401,True
5.3038.N,5.3038,N,Qual cidade norte-americana odeia tanto sujeiras entrando no olho que até as tortura? São Francisco!,0,0,3.552734375,-3.775390625,-7.328125,0.9993435740470886,0.000656372751109302,True
5.3359.H,5.3359,H,Qual o animal que trabalha bem como carpinteiro? Rinocerrote.,1,1,-3.404296875,3.75,7.154296875,0.0007808884838595986,0.9992190599441528,True
5.3872.N,5.3872,N,Qual atriz é a rainha do marketing brasileiro? Bruna Marquesine,0,0,2.96484375,-3.248046875,-6.212890625,0.9980005621910095,0.001999432221055031,True
5.3728.N,5.3728,N,"Como se chama o aquecedor honesto, humilde e honrado? Aquecedor Hs.",0,1,-2.271484375,2.44140625,4.712890625,0.008898884057998657,0.991101086139679,False
4.341.H,4.341,H,Qual a semelhança entre o Adão e uma alface? O Adão foi o primeiro homem couve.,1,1,-3.49609375,3.955078125,7.451171875,0.0005804235697723925,0.9994195699691772,True
4.595.N,4.595,N,Para que servem óculos verdes? Para ver ao perto.,0,0,1.6240234375,-1.8544921875,-3.478515625,0.9700703024864197,0.029929745942354202,True
5.3461.H,5.3461,H,Onde os artistas americanos dão chilique de tanto dar autógrafos? Fan in Quito.,1,1,-0.56005859375,0.413330078125,0.973388671875,0.27420559525489807,0.7257944345474243,True
4.524.H,4.524,H,Partir o pescoço foi uma experiência aterrorizante. Mas agora consigo olhar para trás e sorrir.,1,0,3.314453125,-3.802734375,-7.1171875,0.999189555644989,0.000810387369710952,False
5.80.N,5.80,N,Qual é a cidade que só tem mulheres prostitutas? Porto de Galinhas.,0,0,3.595703125,-4.01953125,-7.615234375,0.9995073080062866,0.0004926422843709588,True
5.2689.N,5.2689,N,Renata voltou do médico com o braço furado . Qual é o acontecimento histórico? Guerra de canudos.,0,0,2.8515625,-2.955078125,-5.806640625,0.9970014691352844,0.0029984985012561083,True
4.385.N,4.385,N,"Dois gémeos foram presos por homicídio, mas passado um tempo libertaram o que estava mais gordo . Porque o irmão confessou.",0,0,3.3671875,-3.619140625,-6.986328125,0.9990763664245605,0.0009235807810910046,True
4.481.H,4.481,H,Porque é que o corcunda de Notre-Dame não seguiu a carreira de advogado? Porque nunca conseguiu estudar direito.,1,0,3.76953125,-4.0390625,-7.80859375,0.9995939135551453,0.0004060639475937933,False
4.703.H,4.703,H,Qual é o prazo de validade da maionese? 31 de maio.,1,0,3.54296875,-3.90234375,-7.4453125,0.9994162321090698,0.0005838325014337897,False
5.621.N,5.621,N,O que é uma fofoca? A disseminação de informação alheia.,0,0,3.115234375,-3.48828125,-6.603515625,0.9986461997032166,0.001353758736513555,True
5.2549.H,5.2549,H,Qual mercado vende lagarto? Iguanabara.,1,1,-0.1009521484375,0.1453857421875,0.246337890625,0.438725084066391,0.5612749457359314,True
5.3946.H,5.3946,H,O quê o seu Madruga usa pra tomar banho? A bucha do 71.,1,1,-1.82421875,1.4189453125,3.2431640625,0.037573304027318954,0.9624266624450684,True
4.170.N,4.170,N,Qual é o jogo preferido das crianças? O futebol.,0,0,3.7109375,-4.3046875,-8.015625,0.9996699094772339,0.0003301527467556298,True
5.1971.N,5.1971,N,Qual padre que toda vez eu vejo tenho ejaculação precoce? Marcelo Rossi.,0,0,3.451171875,-3.853515625,-7.3046875,0.9993281364440918,0.0006719278753735125,True
5.1434.N,5.1434,N,Por que o queijo estava estudando matemática? Para encontrar a variável da questão.,0,0,2.580078125,-3.146484375,-5.7265625,0.9967523813247681,0.0032476766500622034,True
5.1984.N,5.1984,N,Por que o eletricista ficou louco quando viu seu carro? Porque viu o arranhão,0,0,3.490234375,-3.951171875,-7.44140625,0.9994138479232788,0.0005861161625944078,True
4.734.H,4.734,H,"Numa aula de filosofia do 1° período: ""Penso, logo higiénico.""",1,1,-2.666015625,2.97265625,5.638671875,0.003544978564605117,0.9964550733566284,True
5.2548.N,5.2548,N,O que o velho vaidoso disse em frente ao espelho? Lindo!,0,0,3.76171875,-4.27734375,-8.0390625,0.9996775388717651,0.0003225071995984763,True
5.424.N,5.424,N,Qual deus grego me deixa puto? Ares.,0,0,3.373046875,-3.875,-7.248046875,0.9992889165878296,0.0007110568112693727,True
4.463.H,4.463,H,Qual é o melhos carro para te dar uma boleia? É o Volkswagen Bora!,1,0,0.38720703125,-0.51171875,-0.89892578125,0.7107287049293518,0.2892713248729706,False
5.1060.H,5.1060,H,"Havia um menino chamado TLER. O que o amigo dele diz quando ele fica em silêncio depois de ouvir uma piada? Ri, Tler.",1,1,-3.658203125,3.865234375,7.5234375,0.000539980421308428,0.9994600415229797,True
4.239.H,4.239,H,Porque é que é sempre Natal para um homem casado com uma mulher gorda? Porque todas as noites são com suada.,1,1,-3.607421875,4.03125,7.638671875,0.000481235736515373,0.9995187520980835,True
5.2182.N,5.2182,N,Qual é o ator que só interpreta médicos com roupa apertada? Caio Castro,0,0,3.740234375,-4.2265625,-7.966796875,0.9996533393859863,0.00034666777355596423,True
5.2250.H,5.2250,H,Qual fantasia que a vaca usou no Halloween? Muuuuuumia ,1,1,-2.37890625,2.76953125,5.1484375,0.005774930119514465,0.9942250847816467,True
4.499.H,4.499,H,Como é que o Pai Natal entrega as prendas tão rápido? Ele trenó muito.,1,1,-3.384765625,4.00390625,7.388671875,0.0006178345065563917,0.9993821382522583,True
4.125.H,4.125,H,O que é que os russos dizem quando mandam uma bola ao cão? Babushka!,1,1,-1.283203125,1.326171875,2.609375,0.06853749603033066,0.9314625263214111,True
5.1219.N,5.1219,N,O que é legal comer com as pessoas? Comida.,0,0,3.66015625,-4.12109375,-7.78125,0.9995827078819275,0.0004173157794866711,True
5.1445.N,5.1445,N,Qual seria a revista do cara que lê muito? Ela iria SER VEJA.,0,1,-0.2034912109375,0.70263671875,0.9061279296875,0.2877928614616394,0.7122071385383606,False
4.413.N,4.413,N,A minha mulher surda trocou-me por outro homem . Devia ter percebido os avisos ...,0,0,2.271484375,-2.619140625,-4.890625,0.9925393462181091,0.007460643071681261,True
5.1577.H,5.1577,H,O que é um fuio? Um buiaco na paiede.,1,1,-3.431640625,3.873046875,7.3046875,0.0006719278753735125,0.9993281364440918,True
5.2929.H,5.2929,H,Qual é a cantora mais conhecida por assédio? é a Palpa Fernandes,1,1,-3.16015625,3.552734375,6.712890625,0.001213671755976975,0.9987863898277283,True
4.257.H,4.257,H,Um homem foi para a guerra e perdeu os dois pés. Qual é o filme? O pés-tinha.,1,1,-3.75,4.34375,8.09375,0.00030534894904121757,0.9996947050094604,True
5.2095.N,5.2095,N,O que o rapaz falou quando viu batatinhas em um saquinho? Posso comer?,0,0,3.55078125,-3.740234375,-7.291015625,0.9993188381195068,0.0006811710773035884,True
5.3391.N,5.3391,N,Qual cantora famosa nasceu em La Paz? Shakira.,0,0,3.650390625,-4.17578125,-7.826171875,0.9996010661125183,0.00039899128023535013,True
5.2455.H,5.2455,H,Onde o Mickey gosta de morar? No condominnie.,1,1,-1.8193359375,2.2421875,4.0615234375,0.016931159421801567,0.9830688238143921,True
5.1558.H,5.1558,H,Qual é o cantor que é dificil de engolir? Zezé que amargo.,1,1,-2.38671875,2.498046875,4.884765625,0.00750415725633502,0.9924958944320679,True
5.1015.N,5.1015,N,O que são vários números 2 caindo do céu? Chuva.,0,0,2.923828125,-3.15625,-6.080078125,0.9977172613143921,0.00228277500718832,True
5.80.H,5.80,H,Qual é a cidade que só tem galináceas prostitutas? Ponto de Galinhas.,1,1,-3.369140625,3.283203125,6.65234375,0.0012893282109871507,0.9987106323242188,True
4.413.H,4.413,H,A minha mulher surda trocou-me por outro homem. Devia ter percebido os sinais...,1,0,2.0390625,-2.1640625,-4.203125,0.9852713346481323,0.014728614129126072,False
5.3238.H,5.3238,H,Qual queijo fabrica carro? Rockerford.,1,0,1.734375,-2.126953125,-3.861328125,0.979393482208252,0.020606474950909615,False
5.2222.H,5.2222,H,Qual instrumento já vem com comando de voz? Acorde: on ,1,1,-1.9375,2.265625,4.203125,0.014728614129126072,0.9852713346481323,True
5.890.H,5.890,H,Qual é a marca favorita dos afilhados? Adindas.,1,1,-1.4755859375,1.45703125,2.9326171875,0.05056452751159668,0.9494354724884033,True
4.312.N,4.312,N,Porque é que a mulher do Einstein usa bikini? Porque tem um bom corpo.,0,0,3.677734375,-4.0625,-7.740234375,0.9995651841163635,0.0004347805224824697,True
4.708.N,4.708,N,Qual é a cantora preferida dos cirurgiões? É a Mariza.,0,0,3.724609375,-4.02734375,-7.751953125,0.9995703101158142,0.00042971738730557263,True
5.1577.N,5.1577,N,O que é um furo? Um buraco na parede.,0,0,3.451171875,-3.947265625,-7.3984375,0.9993880987167358,0.0006118339952081442,True
5.141.H,5.141,H,Qual o herói da ovelha? Lã pião.,1,1,-3.36328125,3.87890625,7.2421875,0.0007152324542403221,0.9992848038673401,True
5.2039.N,5.2039,N,Qual é o cachorro do Cazuza? O rex Beija Flor,0,1,-3.2421875,3.5625,6.8046875,0.0011073390487581491,0.9988927245140076,False
5.2707.H,5.2707,H,Por que o tubo de pomada foi preso? Porque era um creminoso.,1,0,0.0799560546875,-0.04327392578125,-0.12322998046875,0.5307685732841492,0.46923142671585083,False
4.112.H,4.112,H,Quando é que os informáticos vão ao dermatologista? Quando têm problemas d'Apple.,1,1,-3.01171875,3.333984375,6.345703125,0.0017511968035250902,0.998248815536499,True
4.381.H,4.381,H,O que acontece quando metes um tomate no micro-ondas? Entalas o outro.,1,1,-0.98876953125,1.3603515625,2.34912109375,0.08713565766811371,0.9128643274307251,True
5.3703.H,5.3703,H,Que atriz trabalha como lixeira? Tony Colete.,1,1,-3.462890625,3.857421875,7.3203125,0.0006615174352191389,0.9993384480476379,True
5.978.H,5.978,H,Qual é a novela em que Eva zoa Adão? O Trolado do Paraíso.,1,1,-3.669921875,3.80859375,7.478515625,0.0005647764774039388,0.9994352459907532,True
4.720.H,4.720,H,Um cacto liga para outro: Aloe Vera?,1,0,2.796875,-3.150390625,-5.947265625,0.9973938465118408,0.0026061655953526497,False
4.337.N,4.337,N,Porque é que a mão não pode medir mais do que 31 cm? Porque aí já seria um remo.,0,1,-1.33984375,1.6630859375,3.0029296875,0.04729369282722473,0.9527063369750977,False
5.1150.N,5.1150,N,O que a mãe do chinês falou para ele fazer quando brigarem com ele? Desculpar-se.,0,0,3.63671875,-4.17578125,-7.8125,0.999595582485199,0.0004044815432280302,True
5.4065.H,5.4065,H,Por que acharam melhor não colocar o Silvio Santos pra apresentar toda a programação do SBT? Porque seria impor Silvio.,1,1,-3.337890625,3.841796875,7.1796875,0.0007613258203491569,0.9992387294769287,True
4.483.H,4.483,H,Porque é que há tantas mulheres feias no litoral? Porque a verdadeira beleza está no interior.,1,0,3.427734375,-3.669921875,-7.09765625,0.9991735816001892,0.0008263575728051364,False
5.409.N,5.409,N,Qual a história sobre a princesa adolescente que não gostava de cobrir os pés? A Pequena descalça,0,1,-0.90380859375,0.96337890625,1.8671875,0.13386750221252441,0.8661325573921204,False
4.450.H,4.450,H,O que é que o Robin diz quando fuma uma ganza? Esta batman...,1,1,-3.23828125,3.794921875,7.033203125,0.0008813242893666029,0.9991186261177063,True
4.328.N,4.328,N,Porque é que a mulher do Luís se divorciou dele? Queria um homem mais maduro.,0,0,3.484375,-3.654296875,-7.138671875,0.9992068409919739,0.0007931760628707707,True
4.703.N,4.703,N,Qual é o prazo de validade de maio? 31 de maio.,0,0,3.4453125,-3.63671875,-7.08203125,0.999160647392273,0.0008393599418923259,True
5.1789.N,5.1789,N,Um menino viajando de ônibus vomitou a viagem inteira . Qual é o nome do filme? Passando mal.,0,0,3.662109375,-3.880859375,-7.54296875,0.9994705319404602,0.0005295418086461723,True
5.3953.H,5.3953,H,"Que movimento político ficou de apurar os fatos históricos, mas mentiu de certa forma? Com omissão da verdade.",1,0,2.087890625,-1.8203125,-3.908203125,0.9803186058998108,0.019681409001350403,False
5.521.N,5.521,N,Qual ator que peida tão alto que ressoa? Francisco Xavier.,0,0,3.65234375,-4.18359375,-7.8359375,0.9996048808097839,0.00039511534851044416,True
5.3006.N,5.3006,N,Qual país só tem coisas sem utilidade? Irlanda.,0,0,3.2890625,-3.798828125,-7.087890625,0.9991655349731445,0.0008344602538272738,True
5.1140.N,5.1140,N,Qual é a moeda preferida que quem fica em casa cuidando dos cachorros? Do Lar,0,1,-2.47265625,2.490234375,4.962890625,0.006944126915186644,0.9930558800697327,False
4.186.N,4.186,N,Qual é a série preferida dos prisioneiros? Prison Break.,0,0,2.974609375,-3.41796875,-6.392578125,0.9983288645744324,0.0016711376374587417,True
5.3116.N,5.3116,N,Qual tipo de carne que só vai bem com cerveja? Vermelha.,0,0,3.455078125,-3.998046875,-7.453125,0.9994207620620728,0.0005792917218059301,True
5.1279.H,5.1279,H,Qual ator mirim não escova os dentes? MaCarie Culkin.,1,1,-2.359375,2.392578125,4.751953125,0.008560892194509506,0.9914391040802002,True
5.1684.H,5.1684,H,Qual cantor odeia a pia cheia? Caetano vê louça,1,1,-3.419921875,3.892578125,7.3125,0.000666702282615006,0.9993333220481873,True
5.881.N,5.881,N,Como a manicure se refere a esposa do irmão dela? Cunhada.,0,0,2.61328125,-3.173828125,-5.787109375,0.9969425797462463,0.003057457972317934,True
5.162.H,5.162,H,O que são dois pontinhos marrons no palco? Browno e Marrone.,1,0,3.013671875,-3.353515625,-6.3671875,0.9982859492301941,0.0017140385461971164,False
5.2780.N,5.2780,N,Qual quadro que a minha mulher adora fazer resenha? A Persistência do Tempo.,0,1,-1.93359375,2.267578125,4.201171875,0.01475698221474886,0.9852429628372192,False
5.3490.N,5.3490,N,Qual hotel se compraram os Beatles? Let Ibis.,0,1,-2.703125,3.1015625,5.8046875,0.003004342783242464,0.9969956874847412,False
5.696.N,5.696,N,Qual é o super-herói de quem todo mundo lembra? Superman.,0,0,3.583984375,-3.876953125,-7.4609375,0.9994252920150757,0.0005747862160205841,True
5.3400.H,5.3400,H,Em qual série não gostam de uma banda de rock? Todo mundo odeia o Kiss.,1,0,3.494140625,-4.0625,-7.556640625,0.9994776844978333,0.0005223550251685083,False
5.1219.H,5.1219,H,O que é legal comer com as pessoas? People ca.,1,1,-3.1875,3.5625,6.75,0.0011695101857185364,0.9988304972648621,True
5.1445.H,5.1445,H,Qual seria a revista do cara que bebe muito? Ela iria SER VEJA.,1,1,-0.35791015625,0.869140625,1.22705078125,0.22669801115989685,0.7733019590377808,True
4.562.N,4.562,N,Em que estado se encontra o rio Mississipi? No estado Minnessota.,0,1,-2.10546875,1.7529296875,3.8583984375,0.020665686577558517,0.9793343544006348,False
5.3600.H,5.3600,H,Qual o tom que a Cinderela canta suas músicas? Fá da Madrinha.,1,1,-3.142578125,3.345703125,6.48828125,0.0015188507968559861,0.9984812140464783,True
5.2812.H,5.2812,H,Qual carro é a mistura de um prato árabe e um suco? Homustang ,1,1,-2.87890625,3.080078125,5.958984375,0.002575881080701947,0.9974241256713867,True
5.3223.N,5.3223,N,Qual o contrário de vadia? Trabalhadora.,0,0,3.482421875,-3.552734375,-7.03515625,0.9991204142570496,0.0008796061738394201,True
5.358.H,5.358,H,Qual cidade incentiva o uso do tato? Toque-o.,1,0,0.9912109375,-1.1728515625,-2.1640625,0.896975576877594,0.1030244380235672,False
5.482.H,5.482,H,Qual doença se contrai quando come muito ovo? Poliomelete.,1,1,-3.279296875,3.6953125,6.974609375,0.0009344576974399388,0.9990655779838562,True
4.52.H,4.52,H,O que é um ponto preto no oceano? É um blackalhau.,1,1,-3.033203125,3.5703125,6.603515625,0.001353758736513555,0.9986461997032166,True
5.2893.H,5.2893,H,Qual dupla canta a meia luz? Sandy & Abajunior ,1,1,-3.048828125,3.345703125,6.39453125,0.0016678821993991733,0.9983320832252502,True
4.338.H,4.338,H,Que nome se dá a um hipopótamo a dançar com uma tartaruga? Hip hop tuga.,1,1,-3.205078125,3.265625,6.470703125,0.0015457439003512263,0.998454213142395,True
5.3547.H,5.3547,H,Qual a profissão de gente chata? Carpentelho.,1,1,-3.3359375,3.509765625,6.845703125,0.0010628867894411087,0.9989370703697205,True
4.600.N,4.600,N,O que são quatro pontos pretos no chão? Formigas.,0,0,2.861328125,-3.15625,-6.017578125,0.9975703358650208,0.002429643413051963,True
5.3498.N,5.3498,N,Qual o sanduiche do Tom Brady? X-egg Bündchen.,0,1,-2.462890625,2.796875,5.259765625,0.005169657990336418,0.994830310344696,False
5.2347.H,5.2347,H,Qual nome se dá quando cai uma parte de um estádio? Arquibanqueda.,1,0,1.056640625,-1.0048828125,-2.0615234375,0.8871068358421326,0.11289317160844803,False
4.229.N,4.229,N,A minha amiga asiática ficou doente . Mas eu salvei-a.,0,0,3.359375,-3.60546875,-6.96484375,0.9990563988685608,0.000943619292229414,True
4.85.N,4.85,N,Porque é que nunca roubaram a mota do japonês? Porque ele compra usada.,0,0,2.11328125,-1.6142578125,-3.7275390625,0.9765130281448364,0.023487044498324394,True
4.523.H,4.523,H,Qual é o canal preferido dos dálmatas? É o Canal da Mancha.,1,0,2.9375,-3.353515625,-6.291015625,0.9981505274772644,0.0018494504038244486,False
4.276.N,4.276,N,Uma mulher tropeça e cai em cima de um cão . Qual é o filme? Senta em um cão.,0,1,-0.9267578125,1.0927734375,2.01953125,0.11716748028993607,0.8828325867652893,False
5.2.H,5.2,H,Por que na China tem tanta gente? Porque lá eles comem com dois pauzinhos.,1,1,-2.04296875,2.419921875,4.462890625,0.011397586204111576,0.9886024594306946,True
5.1869.N,5.1869,N,Qual a doença mais bonita que existe? Sarda.,0,0,2.2578125,-2.6328125,-4.890625,0.9925393462181091,0.007460643071681261,True
5.3992.H,5.3992,H,Qual carro tem TV a cabo? PasSat.,1,1,-1.9990234375,1.8544921875,3.853515625,0.02076473832130432,0.9792352318763733,True
5.1743.H,5.1743,H,Por que o fã de Riders Republic nunca se machuca na neve? Porque ele esquiva dor,1,1,-3.470703125,3.9375,7.408203125,0.000605891749728471,0.9993940591812134,True
4.339.H,4.339,H,Vendi o meu aspirador. Só estava em casa a apanhar pó.,1,0,3.302734375,-3.6875,-6.990234375,0.9990800619125366,0.0009199836058542132,False
5.3658.H,5.3658,H,Qual comediante se formou em uma escola agrotécnica? Nil Agro,1,1,-2.880859375,3.369140625,6.25,0.0019267346942797303,0.9980732202529907,True
5.72.H,5.72,H,Qual é a roupa mais inapropriada para usar num avião? Tomara que caia.,1,0,3.220703125,-3.400390625,-6.62109375,0.9986698627471924,0.0013302015140652657,False
5.392.H,5.392,H,Qual apresentador jogava basquete? Chacrinha O'Neal,1,1,-1.7109375,1.5361328125,3.2470703125,0.03743230178952217,0.9625676870346069,True
5.3202.N,5.3202,N,Qual peixe cai melhor no almoço da sexta-feira santa? Bacalhau.,0,0,3.62890625,-4.24609375,-7.875,0.9996199607849121,0.0003799844707828015,True
4.239.N,4.239,N,Porque é que é sempre Natal para um homem casado com uma mulher interessante? Porque todas as noites são mágicas.,0,0,3.24609375,-3.373046875,-6.619140625,0.9986672401428223,0.0013327986234799027,True
5.1165.N,5.1165,N,Qual parte do corpo que ajuda os pedreiros? A mão.,0,0,3.267578125,-3.9140625,-7.181640625,0.9992401599884033,0.0007598414085805416,True
4.499.N,4.499,N,Como é que o Pai Natal entrega as prendas tão rápido? Ele praticou muito.,0,0,3.109375,-3.060546875,-6.169921875,0.9979129433631897,0.0020870345178991556,True
3.6.H,3.6,H,Por que o policial não gosta de sabão? Porque ele prefere detergente.,1,0,3.431640625,-3.935546875,-7.3671875,0.9993687272071838,0.0006312434561550617,False
4.580.N,4.580,N,Que nome se dá ao karaté para amputados? Artes marciais.,0,0,3.48828125,-3.63671875,-7.125,0.9991958737373352,0.0008040859247557819,True
4.204.H,4.204,H,Como é que os drogados espirram? Ha... Haa... Haaaa... XIXE!,1,1,-3.486328125,3.767578125,7.25390625,0.000706905557308346,0.9992930889129639,True
5.1073.H,5.1073,H,"Qual filme conta a história do casal mais perdido do mundo em ação? ""Procurando; né, mô?""",1,1,-2.48828125,2.80859375,5.296875,0.004982269834727049,0.9950177073478699,True
5.2222.N,5.2222,N,Qual instrumento já vem com comando de voz? Gaita,0,0,3.677734375,-4.3515625,-8.029296875,0.9996743202209473,0.0003256710770074278,True
4.122.H,4.122,H,O que é um byfe? São oito bifes.,1,0,2.8125,-3.173828125,-5.986328125,0.9974933862686157,0.002506575081497431,False
5.2703.H,5.2703,H,"Qual jogo antigo fica tentando as pessoas contra sua religião? Peque, man.",1,1,-2.921875,3.251953125,6.173828125,0.002078914549201727,0.9979210495948792,True
5.1171.N,5.1171,N,Qual cantora espera um dia ser rainha? Mariah Carey.,0,0,3.71484375,-4.16015625,-7.875,0.9996199607849121,0.0003799844707828015,True
5.1441.N,5.1441,N,O que o escorregador falou para o menino? Aqui os ânus passam depressa.,0,1,-3.59765625,3.984375,7.58203125,0.0005092656938359141,0.9994907379150391,False
5.515.H,5.515,H,"Qual personagem da Disney ia mudar de história, mas não mudou? Quasimudou.",1,1,-2.890625,3.220703125,6.111328125,0.002212696708738804,0.9977872371673584,True
5.3033.N,5.3033,N,Qual o único apresentador que usa aliança? Nelson Rubens.,0,0,3.80859375,-4.40234375,-8.2109375,0.9997283816337585,0.00027159214369021356,True
5.1585.N,5.1585,N,Qual é o infalível chá para calvície? Chapéu.,0,0,3.298828125,-3.494140625,-6.79296875,0.998879611492157,0.0011203773319721222,True
5.681.H,5.681,H,Qual matéria da escola pode machucar? Tabuada.,1,0,2.755859375,-3.2265625,-5.982421875,0.9974836707115173,0.002516360953450203,False
5.4028.N,5.4028,N,Por que o piloto não gosta de passar no meio da nuvem com o avião? Porque ele tem medo.,0,0,3.62890625,-3.943359375,-7.572265625,0.9994857311248779,0.0005142607842572033,True
5.3848.N,5.3848,N,Qual dublador tbm é psicólogo? Charles Emmanuel.,0,0,3.1171875,-3.35546875,-6.47265625,0.9984573125839233,0.0015427323523908854,True
5.3521.N,5.3521,N,"O que o cara gritava quando foi preso por 171? "" Mentira! """,0,0,3.5625,-3.845703125,-7.408203125,0.9993940591812134,0.000605891749728471,True
5.3173.N,5.3173,N,Qual médico gosta de funk? Dr. Drauzio Varela.,0,0,2.95703125,-3.35546875,-6.3125,0.9981897473335266,0.0018102108733728528,True
5.2032.N,5.2032,N,Qual é a denominação do cara que não come carne e não enxerga direito? Vegetariano,0,0,2.46875,-3.103515625,-5.572265625,0.9962126016616821,0.003787457710132003,True
4.656.N,4.656,N,Por que é que o Pai Natal não vai entregar as prendas a tempo? Porque tem os trabalhadores doentes.,0,0,3.080078125,-3.1796875,-6.259765625,0.998091995716095,0.001908046193420887,True
5.1491.N,5.1491,N,Sabe qual é a música heavy metal de Chitãozinho e Xororó? Evidências.,0,0,1.8994140625,-1.8310546875,-3.73046875,0.9765800833702087,0.023419944569468498,True
4.415.N,4.415,N,O meu papagaio obeso morreu . Foi um amigo que me tiraram dos ombros.,0,1,-2.771484375,2.94921875,5.720703125,0.003266699379310012,0.9967333078384399,False
5.740.N,5.740,N,"Qual número que quando cai, vira uma fruta? maçã.",0,0,3.515625,-3.724609375,-7.240234375,0.9992833733558655,0.0007166297291405499,True
5.695.H,5.695,H,Qual é o tipo de roupa que os magros não podem usar? As feitas de algordão.,1,1,-2.390625,2.67578125,5.06640625,0.006265534088015556,0.9937345385551453,True
5.2904.N,5.2904,N,Qual vegetal se manifesta quando batem na porta? quiabo,0,0,3.625,-4.34375,-7.96875,0.9996540546417236,0.00034599160426296294,True
5.1870.H,5.1870,H,Que médico só trabalha dentro de casa? Indoorcrinologista ,1,1,-2.125,2.34765625,4.47265625,0.011288074776530266,0.988711953163147,True
5.3534.H,5.3534,H,Qual o eletrônico que já foi de outro planeta? Ex Marte Phone.,1,1,-3.328125,3.6328125,6.9609375,0.0009473090176470578,0.9990527033805847,True
5.993.H,5.993,H,Qual o super-herói fala sueco? VOLVOrine,1,1,-3.267578125,3.55078125,6.818359375,0.001092319143936038,0.9989076852798462,True
4.672.H,4.672,H,Qual é o melhor óleo para lubrificar o sexo? Óleo Need Is Love.,1,1,-2.11328125,2.0625,4.17578125,0.015130727551877499,0.9848692417144775,True
5.714.H,5.714,H,Qual o cantor que cheira toda a cocaína que trouxeram? Seca pacotinho.,1,1,-3.525390625,3.82421875,7.349609375,0.000642430386506021,0.9993575215339661,True
5.2070.N,5.2070,N,Qual é a banda favorita do império galáctico? Beatles,0,0,3.01171875,-3.513671875,-6.525390625,0.9985363483428955,0.0014636011328548193,True
4.17.H,4.17,H,Em que local do planeta se encontram mais leprosos? Nas ilhas Caimão.,1,1,-3.376953125,3.83984375,7.216796875,0.0007336116395890713,0.9992664456367493,True
4.377.H,4.377,H,"Qual é o carro preferido das pitas? É o Fiat, tipo.",1,0,1.8369140625,-1.939453125,-3.7763671875,0.9776071906089783,0.02239282801747322,False
5.2032.H,5.2032,H,Qual é a denominação do cara que não come carne e não enxerga direito? Vesgano ,1,0,0.73583984375,-0.80126953125,-1.537109375,0.8230441212654114,0.17695587873458862,False
5.3037.H,5.3037,H,Qual cidade norte-americana que tem magia? Harry Portland.,1,1,-2.58203125,2.6796875,5.26171875,0.005159622523933649,0.9948403239250183,True
5.3328.N,5.3328,N,Como se chamam os jovens barbeiros? Iniciantes.,0,0,3.6640625,-3.599609375,-7.263671875,0.9993000030517578,0.0007000406621955335,True
4.212.H,4.212,H,Qual é a doença que os cegos nunca apanham? Conjunti vi-te!,1,1,-3.359375,3.775390625,7.134765625,0.0007962778909131885,0.9992037415504456,True
5.2395.N,5.2395,N,Qual é o remédio que se compra quando vai à padaria? Dramin.,0,0,1.96875,-2.0703125,-4.0390625,0.9826908707618713,0.017309093847870827,True
5.1021.N,5.1021,N,Qual galaxia treina com nutricionista? A Andrômeda,0,1,-2.01953125,2.45703125,4.4765625,0.011244559660553932,0.9887554049491882,False
5.1298.H,5.1298,H,Qual político é mal arejado? Brisola.,1,1,-3.349609375,3.736328125,7.0859375,0.0008360902429558337,0.9991638660430908,True
5.1303.N,5.1303,N,Qual o chá preferido dos britânicos para se acalmar? Erva-Cidreira.,0,1,-2.5859375,2.625,5.2109375,0.005426943767815828,0.9945730566978455,False
5.2193.N,5.2193,N,Qual é a bala favorita dos pedreiros? Trident,0,0,3.16015625,-3.5078125,-6.66796875,0.9987305998802185,0.0012693642638623714,True
4.278.H,4.278,H,Quando é que se celebra o Dia Mundial do Desmaio? 10/maio.,1,0,1.3701171875,-1.70703125,-3.0771484375,0.9559402465820312,0.04405976086854935,False
5.1684.N,5.1684,N,O juiz condenou um réu por um crime articulado dentro de uma loja . Por quê? Porque o réu matou o lojista.,0,0,0.047088623046875,-0.273681640625,-0.320770263671875,0.5795120000839233,0.42048802971839905,True
5.3079.N,5.3079,N,Qual o cineasta mais odiado em Goiânia? Martin Scorcese.,0,0,3.638671875,-4.25390625,-7.892578125,0.999626636505127,0.0003733659686986357,True
5.1397.N,5.1397,N,Qual é o personagem da Marvel que é um pão? Deadpool.,0,0,3.126953125,-3.4375,-6.564453125,0.9985923171043396,0.0014076103689149022,True
5.417.N,5.417,N,Qual é o doce mais gostoso que existe? A bala 7 BELO.,0,1,-1.9111328125,2.271484375,4.1826171875,0.015029196627438068,0.98497074842453,False
5.3600.N,5.3600,N,Qual o tom que a Cinderela canta suas músicas? Dó.,0,0,1.7724609375,-1.7138671875,-3.486328125,0.9702962636947632,0.02970374934375286,True
5.1746.N,5.1746,N,"Qual é a cirurgia mais demorada no ser humano? A cirurgia de hemorróida, porque é feita ao longo do dia.",0,0,3.68359375,-3.970703125,-7.654296875,0.9995262622833252,0.00047377843293361366,True
4.481.N,4.481,N,Porque é que o corcunda de Notre-Dame não seguiu a carreira de advogado? Porque nunca conseguiu estudar.,0,0,3.822265625,-4.0546875,-7.876953125,0.9996206760406494,0.0003792433417402208,True
4.307.H,4.307,H,Quanto tempo demora um gelado a derreter? Cerca de um Carte D'Or.,1,1,-2.73828125,3.37109375,6.109375,0.0022170129232108593,0.9977830052375793,True
5.2534.H,5.2534,H,Onde moram os dançarinos da Xuxa? Paquistão.,1,0,2.548828125,-2.96875,-5.517578125,0.9960004687309265,0.003999501001089811,False
5.3132.H,5.3132,H,Qual o exercício preferido das abelhas? Abee dominal.,1,1,-3.1171875,3.654296875,6.771484375,0.0011446805438026786,0.9988553524017334,True
4.681.N,4.681,N,"Decidi adotar um Chihuahua . Para quem não sabe, é um animal doméstico.",0,0,3.673828125,-3.962890625,-7.63671875,0.9995177984237671,0.00048217613948509097,True
5.2301.N,5.2301,N,"Por que o militar sempre ia no INSS, mas nunca aposentava? Porque era militar de reserva.",0,0,3.4765625,-3.53125,-7.0078125,0.9990960359573364,0.0009039677097462118,True
5.3962.N,5.3962,N,Qual passarinho grita muito? Arara.,0,0,3.421875,-3.73828125,-7.16015625,0.9992237091064453,0.0007763300091028214,True
5.388.N,5.388,N,Por que a serpente tem que fazer os deveres de casa? Porque a mãe dela pede.,0,0,3.341796875,-3.505859375,-6.84765625,0.9989392161369324,0.0010608151787891984,True
5.403.N,5.403,N,Qual figura religiosa não sabe a quem orar? Madre Teresa de Calcutá.,0,0,3.37109375,-3.783203125,-7.154296875,0.9992190599441528,0.0007808884838595986,True
4.328.H,4.328,H,Porque é que a mulher do Incrível Hulk se divorciou dele? Queria um homem mais maduro.,1,0,3.185546875,-3.2109375,-6.396484375,0.9983354210853577,0.001664633397012949,False
4.415.H,4.415,H,O meu papagaio obeso morreu. Foi um peso que me tiraram dos ombros.,1,1,-2.36328125,2.3359375,4.69921875,0.009020280092954636,0.9909797310829163,True
5.3038.H,5.3038,H,Qual cidade norte-americana odeia tanto sujeiras entrando no olho que até as tortura? Sofram Cisco!,1,1,-3.5,3.95703125,7.45703125,0.0005770346033386886,0.9994230270385742,True
5.3443.N,5.3443,N,Qual atriz é um cereal? Jennifer.,0,0,3.201171875,-3.60546875,-6.806640625,0.9988948702812195,0.0011051808251067996,True
4.572.N,4.572,N,O que é que um ator faz quando vê outro? Cumprimenta-o.,0,0,3.51171875,-3.998046875,-7.509765625,0.999452531337738,0.0005474096396937966,True
5.1558.N,5.1558,N,Qual é o cantor que é dificil de engolir? Zezé Di Camargo.,0,0,3.6875,-4.1171875,-7.8046875,0.9995923638343811,0.00040765260928310454,True
5.2985.H,5.2985,H,Qual animal é coach? O cão guru.,1,1,-3.185546875,3.291015625,6.4765625,0.001536726951599121,0.9984632730484009,True
4.511.H,4.511,H,"Porque é que não há professores de Geografia daltónicos? Porque se houvesse, não viam a coordenada.",1,1,-1.9814453125,2.103515625,4.0849609375,0.01654544100165367,0.9834545850753784,True
4.479.H,4.479,H,Qual é o osso que segura a cabeça? É o pesc-osso.,1,1,-3.51171875,3.9765625,7.48828125,0.0005592909874394536,0.9994407296180725,True
5.1821.N,5.1821,N,Por que o Tiger Woods teve que limpar um tanque enorme? Porque ele ganhou um golfinho.,0,1,-3.392578125,3.64453125,7.037109375,0.0008778914343565702,0.9991220831871033,False
4.545.N,4.545,N,"Qual é o lema dos perus? "" Um por todos e todos por um  "".",0,0,2.466796875,-2.748046875,-5.21484375,0.994594156742096,0.005405900068581104,True
5.4027.H,5.4027,H,Qual o nome do parente que mais gosta de você? A Tia Dora.,1,0,1.4697265625,-1.859375,-3.3291015625,0.9654138088226318,0.03458621725440025,False
5.3297.H,5.3297,H,Que apresentador guarda arquivos de voz dos convidados? Silvio Samples.,1,1,-2.75390625,3.12890625,5.8828125,0.0027791904285550117,0.9972207546234131,True
5.2136.H,5.2136,H,Qual é a massa servida nos EUA? Nova Nhoque ,1,1,-1.6064453125,1.541015625,3.1474609375,0.04119143635034561,0.9588085412979126,True
4.283.H,4.283,H,Qual é o carro que consegue transportar mais porcos? É o Nissan na vara.,1,1,-3.224609375,3.765625,6.990234375,0.0009199836058542132,0.9990800619125366,True
4.706.N,4.706,N,Qual é o lema do Instagram? Carpe diem.,0,0,1.349609375,-0.98193359375,-2.33154296875,0.9114558696746826,0.08854405581951141,True
5.1613.H,5.1613,H,"Como se faz para uma laranja virar uma cobra? Faz cosquinha nela, aí o suco ri.",1,1,-3.533203125,4.05859375,7.591796875,0.0005043190903961658,0.9994956254959106,True
5.2904.H,5.2904,H,Qual vegetal se manifesta quando batem na porta? Eu quiabo ,1,1,-3.1328125,3.134765625,6.267578125,0.0018932255916297436,0.9981067180633545,True
5.615.N,5.615,N,Qual e a marca preferida de carro dos jogadores de futebol? Toyota!,0,0,1.9736328125,-1.8681640625,-3.841796875,0.9789956212043762,0.021004365757107735,True
5.1310.N,5.1310,N,Onde as empresas compram material de construção? Telha Norte.,0,1,-1.4384765625,1.30078125,2.7392578125,0.06069619953632355,0.9393038749694824,False
5.589.H,5.589,H,Qual é a fruta preferida do Neymar? A uva parça.,1,1,-3.287109375,3.6484375,6.935546875,0.000971645989920944,0.9990283250808716,True
5.218.N,5.218,N,Como se chama o demônio de camisola? O Diabo Veste Prada.,0,1,-2.43359375,2.767578125,5.201171875,0.005479908548295498,0.9945201277732849,False
5.31.N,5.31,N,Qual é o poeta que sempre se atrasa? Fernando Pessoa.,0,0,3.712890625,-4.15625,-7.869140625,0.9996178150177002,0.00038221667637117207,True
5.2508.H,5.2508,H,Qual é o planeta que ama a todos? Amarte.,1,1,-3.330078125,3.5078125,6.837890625,0.001071214210242033,0.9989287257194519,True
5.2518.N,5.2518,N,Qual personagem da literatura chupava tudo o que via? Dom Quixote.,0,0,3.255859375,-3.78125,-7.037109375,0.9991220831871033,0.0008778914343565702,True
5.3488.N,5.3488,N,Que órgão ajudou o governador de São Paulo? A Procurar Doria.,0,1,-2.5234375,2.90234375,5.42578125,0.004382336512207985,0.9956176280975342,False
4.731.H,4.731,H,"Como é que uma sopinha de massa elogia uma mulher alta? Eh lá, hoje estás toda girafa!",1,1,-2.140625,2.416015625,4.556640625,0.010388216935098171,0.9896118640899658,True
5.1431.H,5.1431,H,Qual é o nome do X-Men que é ginecologista? Volver hímen.,1,1,-3.349609375,3.712890625,7.0625,0.0008559006382711232,0.9991440773010254,True
4.412.N,4.412,N,Porque é que o computador não pára de avariar? Porque apanhou um vírus.,0,0,3.419921875,-3.75390625,-7.173828125,0.9992341995239258,0.0007657963433302939,True
5.306.N,5.306,N,Qual problema de saúde recorrente em matemáticos? Problema de tendinite,0,0,3.4609375,-3.896484375,-7.357421875,0.9993625283241272,0.0006374341319315135,True
5.515.N,5.515,N,"Qual personagem da Disney ia mudar de história, mas não mudou? Cinderela.",0,0,3.6953125,-3.923828125,-7.619140625,0.9995092153549194,0.0004907225957140326,True
5.480.H,5.480,H,Como morreu o rebanho dos judeus? Em Gás Gado,1,1,-3.552734375,3.9921875,7.544921875,0.0005285091465339065,0.9994714856147766,True
5.2643.N,5.2643,N,Qual é o nome de um cabeleireiro? Salão de Beleza.,0,0,3.98828125,-4.1640625,-8.15234375,0.9997120499610901,0.0002879764942917973,True
4.389.N,4.389,N,Qual é a semelhança entre o da Vinci e o Museu do Louvre? Ambos têm a Mona Lisa.,0,0,3.599609375,-4.03515625,-7.634765625,0.9995168447494507,0.0004831183759961277,True
5.650.N,5.650,N,Em que país só se anda de carro grande? Brasil.,0,0,3.53515625,-3.984375,-7.51953125,0.9994578957557678,0.0005420927191153169,True
5.1967.N,5.1967,N,Que tipo de filme está sempre nas programações? Popular.,0,0,3.8515625,-4.17578125,-8.02734375,0.9996737241744995,0.0003263076359871775,True
5.3229.N,5.3229,N,Qual apresentador me dá tesão? Marcos Mion.,0,0,3.818359375,-4.234375,-8.052734375,0.999681830406189,0.00031812931410968304,True
5.3228.N,5.3228,N,Qual o nome do argentino que criou uma lei de incentivo? Juarez,0,0,3.166015625,-3.5859375,-6.751953125,0.9988327622413635,0.0011672310065478086,True
5.516.H,5.516,H,Para onde o José se mudou com a esperança de um mundo melhor? Nova Zé Landia.,1,1,-3.287109375,3.763671875,7.05078125,0.0008659809245727956,0.9991340041160583,True
5.1814.H,5.1814,H,Qual é o animal redundante? Pleo asno,1,1,-2.94140625,3.166015625,6.107421875,0.00222133775241673,0.9977787137031555,True
4.212.N,4.212,N,Qual é a doença que os cegos nunca apanham? Cegueira!,0,0,1.646484375,-1.5048828125,-3.1513671875,0.9589625000953674,0.04103744029998779,True
5.2069.N,5.2069,N,Os imperador inca decretou que as lhamas seriam os únicos animais permitidos em Machu Picchu . Qual é o nome do filme? O Império Contra Ataca,0,0,0.97412109375,-1.037109375,-2.01123046875,0.8819711804389954,0.11802884191274643,True
4.710.N,4.710,N,Comprei um pónei e chamei-lhe Mário . Pode-se dizer que tenho um cavalo pequeno.,0,0,3.173828125,-3.59375,-6.767578125,0.9988508224487305,0.0011491554323583841,True
4.437.N,4.437,N,"O que diz o senhor para a senhora? Quando roço em ti, perco a cabeça.",0,0,3.234375,-3.93359375,-7.16796875,0.9992296695709229,0.0007702932343818247,True
4.447.N,4.447,N,Para que é que se plantam plantas? Para depois colher.,0,0,2.65234375,-2.720703125,-5.373046875,0.9953814744949341,0.004618542734533548,True
5.2488.H,5.2488,H,Qual é o bloco do índio que não bebe nem fuma? Mim careta.,1,1,-3.595703125,3.958984375,7.5546875,0.0005233756965026259,0.9994766116142273,True
4.562.H,4.562,H,Em que estado se encontra o rio Mississipi? No estado líquido.,1,0,3.548828125,-3.98046875,-7.529296875,0.9994631409645081,0.0005368274287320673,False
5.345.H,5.345,H,Qual banda que torce pra polícia não acertar? ErrePM.,1,1,-3.423828125,3.71875,7.142578125,0.0007900861673988402,0.9992098808288574,True
5.2597.N,5.2597,N,Qual seria a profissão perfeita para o Tony Tornado? Promotor de festas.,0,0,3.4453125,-3.86328125,-7.30859375,0.9993307590484619,0.0006693099858239293,True
5.388.H,5.388,H,Por que a serpente tem que fazer os deveres de casa? Porque a mãe dela Cobra.,1,1,-3.38671875,3.6328125,7.01953125,0.0008934456272982061,0.9991065859794617,True
5.2638.N,5.2638,N,Quem é a pessoa que só escreve histórias sobre felinos depressivos? Maria Esther Maciel.,0,0,1.7998046875,-2.15234375,-3.9521484375,0.9811487793922424,0.018851181492209435,True
5.3277.N,5.3277,N,Qual cantor registrava a entrada de ets? Orlando Moraes.,0,0,3.0390625,-3.29296875,-6.33203125,0.9982247948646545,0.0017752605490386486,True
5.2922.N,5.2922,N,No que trabalha o trator quebrado? Plantação,0,0,3.23828125,-3.3046875,-6.54296875,0.9985619187355042,0.0014381353976204991,True
5.3776.N,5.3776,N,Qual é a banda mais consumida no dia a dia? Pearl Jam.,0,0,3.39453125,-3.92578125,-7.3203125,0.9993384480476379,0.0006615174352191389,True
4.431.N,4.431,N,""" Ontem "" não tem H. "" Hoje "" tem H. Como os dias mudam ...",0,0,2.986328125,-3.076171875,-6.0625,0.9976769089698792,0.002323162741959095,True
5.1472.H,5.1472,H,Qual o melhor pote da cozinha? O Topper ware.,1,1,-1.93359375,1.6552734375,3.5888671875,0.026886744424700737,0.9731132388114929,True
4.493.N,4.493,N,Que nome se dá a uma pessoa alérgica a glúten? Celíaca.,0,0,2.533203125,-2.826171875,-5.359375,0.9953181147575378,0.004681822378188372,True
4.655.H,4.655,H,Hoje a São acordou toda molhada. O que aconteceu? Inunda São.,1,1,-3.478515625,3.845703125,7.32421875,0.0006589401746168733,0.9993410706520081,True
5.2507.H,5.2507,H,Qual é o aparelho que nunca para de mexer? A balança.,1,0,3.375,-3.60546875,-6.98046875,0.9990710020065308,0.0009290034649893641,False
5.3253.N,5.3253,N,Como se chamam aqueles parentes que você não vê nunca? Os Distantes.,0,1,-0.70458984375,0.81640625,1.52099609375,0.17931488156318665,0.820685088634491,False
5.234.H,5.234,H,Por que o pai de santo abaixou as calças? PORQUE É DANDO QUE SE RECEBE,1,0,0.90625,-0.3359375,-1.2421875,0.7759445905685425,0.2240554541349411,False
5.2203.N,5.2203,N,Qual é o documento que não deixa claro quando a pessoa nasceu? Carteira de motorista.,0,0,3.396484375,-3.59765625,-6.994140625,0.9990836381912231,0.0009164001676253974,True
2.19.H,2.19,H,Todos morrem uma só vez. A Alanis Morrissette.,1,1,-3.13671875,3.6328125,6.76953125,0.0011469158343970776,0.9988530874252319,True
5.3065.N,5.3065,N,Que personagem infantil só faz dançar? Tchutchucão.,0,1,-2.845703125,3.19921875,6.044921875,0.002364262705668807,0.9976357221603394,False
5.3492.N,5.3492,N,"Qual a banda que, quando nasceu, era alimentada por criminosas? Legião Urbana.",0,0,3.0625,-3.302734375,-6.365234375,0.9982826709747314,0.0017173837404698133,True
4.595.H,4.595,H,Para que servem óculos verdes? Para verde perto.,1,1,-3.54296875,3.787109375,7.330078125,0.0006550929392687976,0.9993448853492737,True
4.335.H,4.335,H,O que fazem os triângulos quando estão cansados? Eles sin-cos-tan.,1,1,-3.017578125,3.65234375,6.669921875,0.0012668907875195146,0.9987331032752991,True
4.615.H,4.615,H,"A eletricidade está tão cara, tão cara, que a EDP decidiu mudar o nome para Luz Vuitton.",1,1,-1.4326171875,1.5625,2.9951171875,0.04764695465564728,0.9523531198501587,True
4.502.H,4.502,H,"Segui as instruções na embalagem da lasanha que dizia para colocar o forno a 180 graus. Agora como é que eu abro a porta, se o forno está virado para a parede?",1,0,3.2734375,-3.84765625,-7.12109375,0.9991927742958069,0.0008072304772213101,False
5.2512.H,5.2512,H,Por que ninguém na Terra consegue entender a língua nativa do Super-Homem? Porque é enkriptongrafada.,1,1,-3.212890625,3.62890625,6.841796875,0.0010670424671843648,0.9989328980445862,True
5.3229.H,5.3229,H,Qual apresentador me dá tesão? Otávio MeExcita.,1,1,-2.78515625,3.421875,6.20703125,0.0020111585035920143,0.9979888200759888,True
5.394.H,5.394,H,Qual apresentador está na pior? José Luís Da Pena.,1,0,1.462890625,-1.607421875,-3.0703125,0.9556514620780945,0.0443485826253891,False
4.160.H,4.160,H,O que diz uma banana suicida? Macacos me mordam!,1,1,-3.0703125,3.26171875,6.33203125,0.0017752605490386486,0.9982247948646545,True
4.215.H,4.215,H,O que diz a mãe bombista quando vai por o filho à escola? Lá vai o meu rebento...,1,0,0.53466796875,-0.66015625,-1.19482421875,0.767602801322937,0.23239724338054657,False
5.2010.N,5.2010,N,Qual é a padroeira de quem vive dando voltas? Nossa Senhora Aparecida,0,0,3.2890625,-3.529296875,-6.818359375,0.9989076852798462,0.001092319143936038,True
5.3509.N,5.3509,N,Qual é o cantor que teve problemas respiratórios? Erasma Carlos.,0,0,3.619140625,-4.109375,-7.728515625,0.9995600581169128,0.00043990332051180303,True
4.709.H,4.709,H,"Se a Terra é redonda, por que é que se chama ""planeta"" e não ""redondeta""?",1,1,-1.8984375,1.771484375,3.669921875,0.024845434352755547,0.9751545190811157,True
5.2900.H,5.2900,H,Qual cineasta tem um haras? O de Além? ,1,1,-2.0625,2.083984375,4.146484375,0.015573563054203987,0.9844264388084412,True
5.1060.N,5.1060,N,"Havia um menino chamado João . O que o amigo dele diz quando ele fica em silêncio depois de ouvir uma piada? Ri, João.",0,1,-0.7626953125,0.865234375,1.6279296875,0.16411416232585907,0.8358858227729797,False
4.551.N,4.551,N,Um iogurte fora de prazo mata uma família inteira . Qual é o filme? Iogurte Envenenado.,0,1,-2.19140625,2.400390625,4.591796875,0.010032951831817627,0.9899671077728271,False
5.3202.H,5.3202,H,Qual peixe cai melhor no almoço da sexta-feira santa? A-tum.,1,1,-2.927734375,3.59375,6.521484375,0.001469321083277464,0.9985306262969971,True
4.374.H,4.374,H,Porque é que na Polónia ninguém se perde? Porque lá há muitas polacas.,1,0,2.041015625,-2.3671875,-4.408203125,0.9879695177078247,0.012030542828142643,False
5.912.N,5.912,N,Qual é a parte do computador que não é do bem? O teclado.,0,0,3.23828125,-3.76171875,-7.0,0.9990890026092529,0.0009110511746257544,True
5.3196.N,5.3196,N,Qual o eletrodoméstico perfeito para misturar currículos? O liquidificador.,0,0,3.16796875,-3.630859375,-6.798828125,0.9988861680030823,0.001113839098252356,True
4.559.H,4.559,H,Porque é que os diabéticos não usam o Google Chrome? Porque não podem aceitar cookies.,1,0,3.0390625,-3.271484375,-6.310546875,0.9981862902641296,0.001813743612729013,False
3.6.N,3.6,N,Por que o policial não gosta de sabão? Porque ele tem alergia.,0,0,3.640625,-4.03125,-7.671875,0.9995344877243042,0.0004655269149225205,True
5.1732.N,5.1732,N,Onde os detentos escrevem as coisas no seu dia-a-dia? No caderno.,0,0,3.703125,-4.125,-7.828125,0.9996017813682556,0.000398213102016598,True
5.1802.N,5.1802,N,Por que ninguém na Terra consegue entender a língua nativa do Super-Homem? Porque é alienígena.,0,0,3.263671875,-3.2421875,-6.505859375,0.998507559299469,0.001492425100877881,True
5.3785.N,5.3785,N,Qual o jogo esportivo dos estudantes que moram juntos? Riders República.,0,1,-3.13671875,3.451171875,6.587890625,0.001375047955662012,0.9986249208450317,False
5.1276.N,5.1276,N,Qual menina sempre bota pilha nos outros pra sair? A Maria.,0,0,3.6796875,-3.951171875,-7.630859375,0.9995149374008179,0.00048500829143449664,True
5.2243.N,5.2243,N,Por que a mulher com carteira assinada nunca tira o investimento? Porque ela tá de renda fixa,0,0,1.8076171875,-1.458984375,-3.2666015625,0.9632651209831238,0.036734893918037415,True
5.1515.N,5.1515,N,Qual super herói que tem fetiche com a própria mãe? Deadpool.,0,0,3.1328125,-3.380859375,-6.513671875,0.9985191226005554,0.0014808279229328036,True
5.169.H,5.169,H,Em qual programa o Sílvio Santos exagera no laquê? Topetudo por Dinheiro.,1,1,-3.62890625,3.65625,7.28515625,0.0006851713405922055,0.9993147850036621,True
4.20.H,4.20,H,Adoro mulheres com sardas. Têm centenas de pontos a seu favor.,1,1,-0.5537109375,0.59326171875,1.14697265625,0.24104247987270355,0.7589575052261353,True
4.322.N,4.322,N,Qual é a semelhança entre um Game Boy e uma PlayStation? Ambos são consola.,0,1,-3.3515625,3.75390625,7.10546875,0.0008199319709092379,0.999180018901825,False
4.662.H,4.662,H,"Decidi começar a usar um pano nas cuecas. Assim, sempre que me peido liberto gás propano.",1,0,1.9287109375,-2.220703125,-4.1494140625,0.9844712615013123,0.01552871149033308,False
5.22.H,5.22,H,Quando é que o David Copperfield sabe quando tem gente chegando na casa dele? Olhando pelo olho mágico.,1,0,1.3125,-1.46875,-2.78125,0.9416541457176208,0.05834583938121796,False
5.2955.H,5.2955,H,Qual o nome do jogo que Jô Soares adora jogar quando cheira cocaína? Jô quer pó.,1,1,-3.587890625,3.890625,7.478515625,0.0005647764774039388,0.9994352459907532,True
5.3668.H,5.3668,H,Por que o frango caipira não tem problemas jurídicos de identidade? Porque ele não tem hormônimos.,1,1,-0.837890625,1.1103515625,1.9482421875,0.12474515289068222,0.8752548694610596,True
5.1821.H,5.1821,H,Qual é o militar que está sempre se elogiando? Sou gato,1,0,1.1962890625,-1.4140625,-2.6103515625,0.9315248131752014,0.06847517937421799,False
5.1808.N,5.1808,N,Qual personagem da literatura chupava tudo o que via? Bentinho.,0,0,3.236328125,-3.603515625,-6.83984375,0.9989308714866638,0.0010691264178603888,True
4.162.N,4.162,N,"Porque é que o papa formigas atravessou a estrada? Não conseguiu, ficou preso numa racha.",0,0,2.1171875,-2.396484375,-4.513671875,0.9891605973243713,0.01083937007933855,True
5.443.H,5.443,H,"O que o Doutor exclamou ao examinar o Silvio Santos que reclamava de uma dor nas costas? É você, Lombar.",1,1,-3.576171875,4.06640625,7.642578125,0.0004793605476152152,0.9995206594467163,True
4.567.H,4.567,H,"O que é que a mulher do comunista diz quando o viagra perde o efeito? Foice o martelo, camarada.",1,1,-3.22265625,3.615234375,6.837890625,0.001071214210242033,0.9989287257194519,True
5.226.N,5.226,N,Um homem TODO DIA molha e coloca para secar um OB . Por que? PORQUE ELE ESTÁ TRANSTORNADO,0,0,2.345703125,-2.263671875,-4.609375,0.9901401400566101,0.00985985528677702,True
5.890.N,5.890,N,Qual é a marca favorita dos afilhados? Nike.,0,0,3.4375,-3.943359375,-7.380859375,0.9993773102760315,0.0006226772093214095,True
5.1066.N,5.1066,N,Qual o sanduíche de queijo com mosquito? Queijo quente.,0,0,3.44921875,-3.806640625,-7.255859375,0.9992944002151489,0.0007055271998979151,True
4.156.N,4.156,N,Qual é a língua mais falada nas prisões portuguesas? É o português.,0,0,3.689453125,-4.08203125,-7.771484375,0.9995785355567932,0.00042140932055190206,True
5.4027.N,5.4027,N,Qual o nome do parente que mais gosta de você? A Tia Maria.,0,0,3.341796875,-3.765625,-7.107421875,0.9991816878318787,0.000818333588540554,True
5.3877.N,5.3877,N,Qual o cantor favorito da xícara? Roberto Carlos.,0,0,3.75,-4.24609375,-7.99609375,0.9996633529663086,0.0003366621967870742,True
5.561.H,5.561,H,Qual personagem do Star Wars de Umbanda? Exubacca.,1,1,-3.330078125,3.701171875,7.03125,0.0008830458391457796,0.9991169571876526,True
5.670.N,5.670,N,Qual é a música em que o sobrinho do Michael Jackson nos convida a assistir a um moonwalk feito pelos Jackson Five? Tears In Heaven!,0,0,2.58203125,-2.802734375,-5.384765625,0.9954350590705872,0.00456498097628355,True
4.371.N,4.371,N,A tua mãe é como a luz da TV . Está todo o dia apagada.,0,0,3.27734375,-3.615234375,-6.892578125,0.9989857077598572,0.0010142631363123655,True
5.392.N,5.392,N,Qual jogador jogava basquete? Shaquille O'Neal,0,0,0.5869140625,-0.8447265625,-1.431640625,0.8071568012237549,0.19284318387508392,True
5.3547.N,5.3547,N,Qual a profissão de gente chata? Carpinteiro.,0,0,3.501953125,-3.94140625,-7.443359375,0.9994150400161743,0.000584973196964711,True
4.734.N,4.734,N,"Numa aula de filosofia do 1 ° período: "" Penso, logo existo . """,0,0,2.984375,-3.021484375,-6.005859375,0.9975417852401733,0.002458212897181511,True
5.1078.N,5.1078,N,Qual o bolo mais barulhento que existe? Bolo de aniversário.,0,0,3.486328125,-3.802734375,-7.2890625,0.9993175268173218,0.0006825019372627139,True
5.3004.N,5.3004,N,Qual refeição que volta mais rápido do que vai? Almoço.,0,0,3.66796875,-4.0625,-7.73046875,0.9995608925819397,0.00043904531048610806,True
4.710.H,4.710,H,Comprei um pónei e chamei-lhe Mário. Pode-se dizer que tenho um cavalo Marinho.,1,0,1.2177734375,-1.26953125,-2.4873046875,0.9232470393180847,0.07675298303365707,False
5.1495.H,5.1495,H,Qual o herói favorito de Deus? Clark Crente.,1,1,-3.466796875,3.830078125,7.296875,0.0006771942134946585,0.999322772026062,True
4.335.N,4.335,N,O que fazem os triângulos quando estão cansados? Dormem.,0,0,3.353515625,-3.35546875,-6.708984375,0.9987816214561462,0.0012184162624180317,True
5.1585.H,5.1585,H,Qual é o melhor chá para calvície? Chapéu.,1,0,1.7158203125,-1.6259765625,-3.341796875,0.9658352136611938,0.03416481614112854,False
5.394.N,5.394,N,Qual apresentador está na pior? José Luís Datena.,0,0,3.328125,-3.826171875,-7.154296875,0.9992190599441528,0.0007808884838595986,True
5.72.N,5.72,N,Qual é a roupa mais inapropriada para usar num avião? Biquíni.,0,0,3.662109375,-4.0078125,-7.669921875,0.9995335340499878,0.00046643661335110664,True
5.133.N,5.133,N,Qual cantor adora cozinhar? Hélice Cooper.,0,0,3.609375,-4.109375,-7.71875,0.999555766582489,0.00044421834172680974,True
5.1061.H,5.1061,H,Qual doença temos que coletar esperma? Cataporra.,1,1,-1.76171875,1.998046875,3.759765625,0.02275915816426277,0.9772408604621887,True
5.482.N,5.482,N,Qual doença se contrai quando come muito ovo? Colesterol.,0,0,3.08984375,-3.10546875,-6.1953125,0.9979652166366577,0.002034817123785615,True
5.3466.H,5.3466,H,Cantora que nunca tem data disponível pra show? ZizimPossible.,1,1,-3.052734375,3.32421875,6.376953125,0.0016974094323813915,0.9983025789260864,True
4.470.H,4.470,H,Porque é que o mar é azul? Porque os peixes fazem blue... blue... blue...,1,0,0.494140625,-0.111572265625,-0.605712890625,0.6469622254371643,0.3530377745628357,False
5.3911.H,5.3911,H,Qual a cidade paulista as pessoas rezam e fazem artesanato? Em Budas Artes.,1,1,-3.017578125,3.484375,6.501953125,0.0014982575085014105,0.9985017776489258,True
5.1971.H,5.1971,H,Porque a fada madrinha estava com um isqueiro na mão indo em direção a uma vela no candelabro? Pra acenderela ,1,1,-2.70703125,2.978515625,5.685546875,0.003383191302418709,0.996616780757904,True
5.3825.H,5.3825,H,Qual o mês do Popó? Junho de Aço.,1,1,-3.32421875,3.546875,6.87109375,0.0010362669127061963,0.9989637136459351,True
5.1643.N,5.1643,N,Qual é a série que se passa no norte do país? 3%.,0,0,3.50390625,-3.79296875,-7.296875,0.999322772026062,0.0006771942134946585,True
5.479.H,5.479,H,Por que os mamíferos são os únicos animais que conseguem tossir?  Porque só o leite que tem lacTOSSE.,1,1,-3.5859375,3.8203125,7.40625,0.0006070755771361291,0.9993928670883179,True
5.1387.N,5.1387,N,Qual cantora escreveu Sitio do Picapau Amarelo? A Katy Perry.,0,0,3.4296875,-3.732421875,-7.162109375,0.9992251396179199,0.0007748163188807666,True
5.122.H,5.122,H,Como chama a cerveja que você só toma de 2 em 2 anos? Beer nal.,1,1,-2.8828125,3.388671875,6.271484375,0.0018858587136492133,0.9981141090393066,True
5.2488.N,5.2488,N,Qual é o bloco do índio que não bebe nem fuma? Bloquinho infantil.,0,0,3.423828125,-3.794921875,-7.21875,0.9992678761482239,0.0007321813027374446,True
5.1731.N,5.1731,N,Qual é o pote que toca música? O Spotted Fest.,0,1,-1.2919921875,1.0966796875,2.388671875,0.08404060453176498,0.9159594178199768,False
4.653.N,4.653,N,O Artur detesta chuva e o Paulo vento.,0,0,2.04296875,-2.37109375,-4.4140625,0.9880388379096985,0.011961097829043865,True
5.108.H,5.108,H,Qual é o lago que não sabe o alfabeto? Paranoá.,1,0,2.2734375,-2.37109375,-4.64453125,0.9904775619506836,0.009522486478090286,False
5.3231.N,5.3231,N,Por que o rapaz não mostrou os slides em sua apresentação na empresa? Porque ele esqueceu de levar.,0,0,3.68359375,-4.015625,-7.69921875,0.9995469450950623,0.0004529758298303932,True
5.2302.N,5.2302,N,Por que uma parede ficou decepcionada com a outra? Porque ela era quebrada.,0,0,3.603515625,-3.802734375,-7.40625,0.9993928670883179,0.0006070755771361291,True
5.1264.N,5.1264,N,Em qual seleção joga o atleta mais baladeiro? Brasil.,0,0,3.640625,-4.08984375,-7.73046875,0.9995608925819397,0.00043904531048610806,True
4.156.H,4.156,H,Qual é a língua mais falada nas prisões portuguesas? É o português corrente.,1,0,2.9921875,-2.861328125,-5.853515625,0.9971383810043335,0.00286157988011837,False
5.2095.H,5.2095,H,O que o rapaz falou quando viu batatinhas em um saquinho? É uma chips? ,1,1,-0.9208984375,1.1298828125,2.05078125,0.1139734610915184,0.8860265612602234,True
5.3209.H,5.3209,H,Qual rainha que bebe cerveja? Squeencariol.,1,1,-3.29296875,3.740234375,7.033203125,0.0008813242893666029,0.9991186261177063,True
5.2707.N,5.2707,N,Por que o tubo de pomada foi espremido? Porque era um creme.,0,0,3.751953125,-4.23828125,-7.990234375,0.9996613264083862,0.000338639976689592,True
5.1193.N,5.1193,N,Qual a sandália usada no exército? Sandália crocs.,0,1,-2.296875,2.53125,4.828125,0.007937993854284286,0.992061972618103,False
4.445.H,4.445,H,De que material são compostas as pedras nos rins? De xixisto.,1,1,-2.15234375,1.9794921875,4.1318359375,0.015799738466739655,0.9842001795768738,True
5.3957.H,5.3957,H,Qual rapper que te convidava pro sexo oral? Chupac.,1,1,-3.08984375,3.46484375,6.5546875,0.001421404187567532,0.9985785484313965,True
5.1149.N,5.1149,N,Qual personagem de dragon ball nasceu na Alemanha e não come carne? Kurilin.,0,0,2.845703125,-3.013671875,-5.859375,0.9971550703048706,0.0028449094388633966,True
5.3277.H,5.3277,H,Qual cantor registrava a entrada de ets? Ovinicius de Moraes.,1,0,1.8740234375,-1.9501953125,-3.82421875,0.9786311388015747,0.02136888913810253,False
5.3196.H,5.3196,H,Qual o eletrodoméstico perfeito para misturar currículos? O Linkedinficador.,1,0,1.671875,-1.8330078125,-3.5048828125,0.9708263874053955,0.02917362004518509,False
5.3591.H,5.3591,H,"O que o Fred Flintstone disse quando percebeu que instalou um programa indesejado? Ih, aba da Baidu.",1,1,-3.306640625,3.87109375,7.177734375,0.000762813026085496,0.9992371797561646,True
4.170.H,4.170,H,Qual é o jogo preferido das vesículas? O biliar.,1,1,-0.56591796875,0.17138671875,0.7373046875,0.3235938251018524,0.6764061450958252,True
5.203.H,5.203,H,Por que muitos jogadores do Corínthians não foram à festa de comemoração do título brasileiro? Porque a festa foi muito longe. Lá na casa do Carille!,1,1,-2.50390625,3.0625,5.56640625,0.003809630172327161,0.9961903095245361,True
5.3443.H,5.3443,H,Qual atriz é um cereal? Jennifer é Neston.,1,1,-2.52734375,2.59765625,5.125,0.005911069456487894,0.9940890073776245,True
5.281.N,5.281,N,Qual é o cantor que melhor improvisa com as ferramentas que tem à disposição? Zé Ramalho.,0,0,3.74609375,-4.29296875,-8.0390625,0.9996775388717651,0.0003225071995984763,True
5.695.N,5.695,N,Qual é o tipo de roupa que os magros não podem usar? As feitas de linho.,0,0,3.400390625,-3.7265625,-7.126953125,0.9991975426673889,0.0008025182178243995,True
5.1162.H,5.1162,H,Qual o bairro de São Paulo que só tem Japoneses? Japaquara,1,0,3.677734375,-4.2265625,-7.904296875,0.9996309280395508,0.00036901768180541694,False
5.2508.N,5.2508,N,Qual é o planeta que ama a todos? A terra.,0,0,3.552734375,-3.751953125,-7.3046875,0.9993281364440918,0.0006719278753735125,True
5.2703.N,5.2703,N,Qual jogo antigo fica tentando as pessoas contra sua religião? Pacman.,0,0,3.2578125,-3.41015625,-6.66796875,0.9987305998802185,0.0012693642638623714,True
4.672.N,4.672,N,Qual é o melhor óleo para lubrificar o sexo? Óleo corporal.,0,0,3.28125,-3.57421875,-6.85546875,0.9989474415779114,0.001052568550221622,True
5.3591.N,5.3591,N,"O que o Fred Flintstone disse quando percebeu que instalou um programa indesejado? Ah, não.",0,0,2.98828125,-3.341796875,-6.330078125,0.998221218585968,0.0017787249526008964,True
4.152.H,4.152,H,Já estreou o novo espetáculo com legos ao vivo. É uma peça de teatro.,1,0,3.6796875,-3.869140625,-7.548828125,0.999473512172699,0.000526449759490788,False
4.371.H,4.371,H,A tua mãe é como a luz da TV. Está todo o dia acesa.,1,0,3.380859375,-3.736328125,-7.1171875,0.999189555644989,0.000810387369710952,False
4.96.N,4.96,N,Que nome se dá a um cacto engraçado? Cacti.,0,0,3.0234375,-3.068359375,-6.091796875,0.9977437257766724,0.002256239764392376,True
5.1264.H,5.1264,H,Em qual seleção joga o atleta mais baladeiro? Agito.,1,1,-2.48046875,2.78515625,5.265625,0.005139611195772886,0.9948603510856628,True
5.2395.H,5.2395,H,Qual é o remédio que se compra quando vai à padaria? BuscoPão.,1,1,-3.583984375,3.853515625,7.4375,0.0005884087877348065,0.9994115829467773,True
4.617.N,4.617,N,Por que é que o Napoleão era sempre convidado para todas as festas? Porque era animado.,0,0,3.705078125,-3.97265625,-7.677734375,0.9995372295379639,0.0004628084134310484,True
4.343.H,4.343,H,Qual é a nacionalidade de um canalizador de bigode? É um mexe-cano.,1,1,-3.76953125,4.0703125,7.83984375,0.00039357561036013067,0.9996064305305481,True
5.1722.N,5.1722,N,"Qual é o bruxo-malvadão que ia, mas já voltou? Draco Malfoi.",0,1,-3.498046875,3.9140625,7.412109375,0.0006035309634171426,0.9993964433670044,False
5.1984.H,5.1984,H,Por que o eletricista ficou louco quando viu seu carro? Porque viu o Fio Rino ,1,1,-3.62109375,3.759765625,7.380859375,0.0006226772093214095,0.9993773102760315,True
5.2125.H,5.2125,H,O que o rapaz fez com as fotos que tirou no ano novo? Reveillou ,1,0,3.388671875,-3.568359375,-6.95703125,0.9990490078926086,0.0009510131785646081,False
5.2189.H,5.2189,H,Quem é a cantora que trabalha com transporte público nos Estados Unidos? Van USA ,1,1,-2.857421875,3.12109375,5.978515625,0.0025261850096285343,0.9974737763404846,True
4.539.H,4.539,H,"Será que os meus amigos vão passar férias a países do médio oriente? Uns, Irão. Os outros, Paquistão.",1,0,2.9765625,-3.0,-5.9765625,0.9974689483642578,0.0025311114732176065,False
5.3370.N,5.3370,N,"Qual ator é a junção de um tigre, um super-herói e um cantor? Lion.",0,0,2.865234375,-3.158203125,-6.0234375,0.9975844621658325,0.0024154833517968655,True
5.3659.N,5.3659,N,Qual integrante dos Castro Brothers gosta de te estudar na língua culta? Matheus Castro,0,0,3.57421875,-4.39453125,-7.96875,0.9996540546417236,0.00034599160426296294,True
4.559.N,4.559,N,Porque é que os conspiracionistas não usam o Google Chrome? Porque não podem aceitar cookies.,0,0,3.1015625,-3.3515625,-6.453125,0.9984269142150879,0.0015731120947748423,True
5.694.H,5.694,H,Qual cantora espirra muito? Atchimna Turner.,1,1,-3.21484375,3.666015625,6.880859375,0.0010262067662552,0.9989738464355469,True
4.307.N,4.307,N,Quanto tempo demora um gelado a derreter? Cerca de um quarto de hora.,0,0,3.759765625,-4.11328125,-7.873046875,0.9996192455291748,0.00038072714232839644,True
5.1193.H,5.1193,H,Qual a sandália usada no exército? Melíssia.,1,0,2.373046875,-2.818359375,-5.19140625,0.9944666028022766,0.005533387418836355,False
4.491.H,4.491,H,Não há muitos elefantes em Moçambique. Mas no Zimbabué.,1,1,-3.15625,3.755859375,6.912109375,0.0009946650825440884,0.9990053772926331,True
5.1929.N,5.1929,N,Qual joalheria não usa gasolina? Vivara.,0,0,2.8203125,-3.03515625,-5.85546875,0.9971439242362976,0.0028560124337673187,True
4.751.N,4.751,N,"Como correu a primeira final de sempre da Liga dos Campeões com patos? Foi bem disputada, cheia de craques da bola e acabou com a vitória do  Real Madrid.",0,0,1.431640625,-1.853515625,-3.28515625,0.9639160633087158,0.03608394414186478,True
4.447.H,4.447,H,Para que é que se plantam garfos? Para depois colher.,1,1,-0.494140625,0.3740234375,0.8681640625,0.29563647508621216,0.7043635845184326,True
5.1472.N,5.1472,N,Qual o melhor pote da cozinha? O de arroz.,0,0,3.685546875,-4.40234375,-8.087890625,0.9996929168701172,0.00030714282183907926,True
5.54.H,5.54,H,Qual é o personagem histórico que fui eu que indiquei? Pero Vaz de indica minha.,1,1,-3.2265625,3.6640625,6.890625,0.0010162440594285727,0.9989836812019348,True
4.198.N,4.198,N,"Porque é que a febre tifóide é tão perigosa? Porque ou tu a curas, ou ela agrava-se mesmo.",0,0,2.814453125,-2.97265625,-5.787109375,0.9969425797462463,0.003057457972317934,True
4.622.H,4.622,H,Que tamanho de roupa vestem as videntes? Tamanho médium.,1,1,-1.5751953125,1.5458984375,3.12109375,0.04224549978971481,0.9577545523643494,True
5.2312.H,5.2312,H,Qual é o nome da banda favorita das pessoas cansadas? Exausta samba,1,1,-3.4296875,3.890625,7.3203125,0.0006615174352191389,0.9993384480476379,True
4.36.H,4.36,H,Uma loira viu um jogo de futebol que acabou 1-0. Qual foi o seu jogador preferido? O Vidoso. Porque o golo foi do Vidoso.,1,0,2.732421875,-3.134765625,-5.8671875,0.9971771240234375,0.0028228326700627804,False
5.1869.H,5.1869,H,Que parte do corpo cuida das coisas? To no zelo,1,1,-3.291015625,3.4765625,6.767578125,0.0011491554323583841,0.9988508224487305,True
5.41.N,5.41,N,Qual cantora brasileira só cria galinha? Ivete.,0,0,3.625,-3.935546875,-7.560546875,0.9994797110557556,0.0005203195614740252,True
5.635.H,5.635,H,Qual é o policial que não gosta de gente com boca suja? Guarda napo.,1,1,-3.5,4.0859375,7.5859375,0.0005072812200523913,0.9994926452636719,True
5.1678.N,5.1678,N,Quem foi a primeira pessoa que comprou um apartamento na planta? O Roberto.,0,0,3.806640625,-4.27734375,-8.083984375,0.9996917247772217,0.00030834454810246825,True
5.3685.N,5.3685,N,Qual chefe que não consulta livro de receitas? O Chefe de cozinha.,0,0,3.615234375,-3.9140625,-7.529296875,0.9994631409645081,0.0005368274287320673,True
4.215.N,4.215,N,O que diz a mãe quando vai por o filho à escola? Lá vai o meu rebento ...,0,0,1.125,-1.34765625,-2.47265625,0.9222025275230408,0.07779745012521744,True
4.430.N,4.430,N,O que diz um empregado para o outro? Vamos mas é trabalhar que o patrão está teso.,0,0,2.658203125,-2.771484375,-5.4296875,0.9956346154212952,0.004365325439721346,True
5.3946.N,5.3946,N,O quê o seu Madruga usa pra tomar banho? A bucha.,0,0,2.681640625,-3.16015625,-5.841796875,0.997104823589325,0.0028952136635780334,True
5.3490.H,5.3490,H,Qual hotel se hospedavam os Beatles? Let Ibis.,1,1,-2.693359375,3.078125,5.771484375,0.0031054557766765356,0.9968944787979126,True
5.521.H,5.521,H,Qual ator que peida tão alto que ressoa? Francisco Cu Oco.,1,1,-2.1953125,2.353515625,4.548828125,0.010468839667737484,0.9895311594009399,True
5.3342.H,5.3342,H,Qual o nervo que tem uma loja? O nervo C&A tico.,1,1,-3.15625,3.634765625,6.791015625,0.0011225653579458594,0.9988774657249451,True
5.681.N,5.681,N,Qual matéria da escola pode machucar? Matemática.,0,0,3.1796875,-3.681640625,-6.861328125,0.9989535808563232,0.0010464255465194583,True
5.714.N,5.714,N,Qual o cantor que cheira toda a cocaína que trouxeram? Zeca pagodinho.,0,0,0.275634765625,-0.54638671875,-0.822021484375,0.694665253162384,0.3053347170352936,True
5.2893.N,5.2893,N,Qual dupla canta a meia luz? Zezé de Camargo e Luciano,0,0,3.6640625,-4.2109375,-7.875,0.9996199607849121,0.0003799844707828015,True
5.1245.H,5.1245,H,Por que a ovelha gosta de salgadinhos? Porque ela Éuma Sheeps.,1,1,-3.26953125,3.6328125,6.90234375,0.001004416262730956,0.9989956021308899,True
5.1046.N,5.1046,N,Qual o canal para fumantes infantis? Discovery Kids.,0,0,3.66015625,-4.1875,-7.84765625,0.9996095299720764,0.0003905139456037432,True
5.2397.N,5.2397,N,Qual o Podcast favorito desse canal? NLP - Data Hackers.,0,1,-3.158203125,3.732421875,6.890625,0.0010162440594285727,0.9989836812019348,False
5.2592.N,5.2592,N,Qual a composição do peido do Papa? 100% metano.,0,0,2.99609375,-3.20703125,-6.203125,0.9979810118675232,0.0020190137438476086,True
5.92.H,5.92,H,Qual o parente que não serve pra nada? Inú tio.,1,1,-3.1484375,3.44140625,6.58984375,0.001372368773445487,0.9986276626586914,True
5.2183.H,5.2183,H,Qual é a hortaliça que faz sucesso no norte e nordeste? Cebola Arroxa ,1,1,-3.48046875,3.970703125,7.451171875,0.0005804235697723925,0.9994195699691772,True
5.465.H,5.465,H,Qual estado brasileiro mais toma refrigerante? Fanta Catarina.,1,1,-3.359375,3.830078125,7.189453125,0.0007539328653365374,0.9992461204528809,True
4.486.H,4.486,H,"Vira-se um computador grande para o pequeno: Olha só para ti, tão pequeno e já computas.",1,0,0.3994140625,-0.300048828125,-0.699462890625,0.6680686473846436,0.33193132281303406,False
4.404.H,4.404,H,O que são duas cenouras a discutir? Poluição cenora.,1,1,-3.544921875,4.0859375,7.630859375,0.00048500829143449664,0.9995149374008179,True
5.2452.N,5.2452,N,Qual é o salgado muito bom que não deixa ninguem transar? Croquete.,0,0,3.12890625,-3.49609375,-6.625,0.9986749291419983,0.001325022429227829,True
5.3733.H,5.3733,H,Qual é o esporte de praia que deixa a bola bêbada? Altinha.,1,1,-3.421875,3.58984375,7.01171875,0.0009004466119222343,0.999099612236023,True
5.354.H,5.354,H,Por que Cuba foi na festa dos países? Pra socializar.,1,0,3.57421875,-3.869140625,-7.443359375,0.9994150400161743,0.000584973196964711,False
4.109.H,4.109,H,Que nome se dá a um cão que vai à missa? Cachorro crente.,1,0,2.583984375,-2.533203125,-5.1171875,0.9940428137779236,0.0059571536257863045,False
5.810.H,5.810,H,Por que quando você reclamou eles nunca responderam? Porque eram lentos de contato.,1,0,2.802734375,-2.880859375,-5.68359375,0.9966102242469788,0.003389783203601837,False
5.1732.H,5.1732,H,Por que algumas pessoas não ficavam acordadas de madrugada pra ver as Olimpíadas? Por medo do espírito olímpico,1,0,3.2578125,-3.384765625,-6.642578125,0.9986979961395264,0.0013019645120948553,False
5.2200.H,5.2200,H,Qual é o filme favorito da cabra? A bruxa de béé,1,1,-2.56640625,3.091796875,5.658203125,0.0034766506869345903,0.9965233206748962,True
5.728.H,5.728,H,"Qual é o nome da doença que acomete vítimas de sequestro que não têm espelho no cativeiro? Síndrome de ""ESTOU COMO?""",1,1,-1.20703125,1.0166015625,2.2236328125,0.09764823317527771,0.9023517370223999,True
5.3762.H,5.3762,H,Qual é o jogador de futebol que sempre se protege do sol? Frank de Boné ,1,1,-3.07421875,3.470703125,6.544921875,0.0014353330479934812,0.9985646605491638,True
5.83.H,5.83,H,Qual é o animal que mais sofre com enfermidades? O condor.,1,0,3.66796875,-4.25,-7.91796875,0.9996359348297119,0.00036400865064933896,False
5.441.H,5.441,H,Por que todo fã de Nirvana também gosta do Jorge Ben Jor? Porque fã de Nirvana Curte com Ben.,1,1,-3.16796875,3.419921875,6.587890625,0.001375047955662012,0.9986249208450317,True
5.3395.N,5.3395,N,Qual o remédio que te convence a pedir um carro pra vc se deslocar? Dipirona.,0,0,3.11328125,-3.421875,-6.53515625,0.9985505938529968,0.0014493984635919333,True
5.1598.H,5.1598,H,Qual é o animal que voa no deserto? Dronedário.,1,1,-2.935546875,3.51953125,6.455078125,0.0015700474614277482,0.9984299540519714,True
5.3132.N,5.3132,N,Qual o exercício preferido das abelhas? Voar.,0,0,2.646484375,-3.322265625,-5.96875,0.9974491000175476,0.0025509123224765062,True
4.466.H,4.466,H,Como é que as pombas se reproduzem? Uma em cima da outra e POMBA POMBA POMBA!,1,1,-3.404296875,3.98828125,7.392578125,0.0006154273287393153,0.9993845224380493,True
5.3645.H,5.3645,H,Qual é o desenho onde o personagem principal só consegue dinheiro em outro planeta? Rico em Marte.,1,1,-3.47265625,3.810546875,7.283203125,0.0006865099421702325,0.999313473701477,True
5.3807.H,5.3807,H,Qual senador que proíbe piadas? Ri não Calheiros.,1,1,-3.431640625,3.880859375,7.3125,0.000666702282615006,0.9993333220481873,True
4.607.H,4.607,H,Por que é que o motard foi despedido? Porque não estava capacetado para o trabalho.,1,1,-1.9609375,1.98828125,3.94921875,0.01890544965863228,0.9810945987701416,True
5.3287.N,5.3287,N,Qual o ingrediente principal na comida de quem apanhou? RepOlho Roxo.,0,1,-3.396484375,3.728515625,7.125,0.0008040859247557819,0.9991958737373352,False
5.3522.N,5.3522,N,O que é que tem abas e é gostoso de lamber? Absorvente.,0,0,0.2666015625,-0.021728515625,-0.288330078125,0.5715872645378113,0.4284127652645111,True
5.2643.H,5.2643,H,Qual é o nome de um cabeleireiro? Saulão de Beleza.,1,1,-1.4482421875,1.47265625,2.9208984375,0.05113009363412857,0.9488699436187744,True
5.3238.N,5.3238,N,Qual queijo dirige carro? Rockerford.,0,1,-1.9931640625,1.7998046875,3.79296875,0.02203226275742054,0.9779677391052246,False
4.213.N,4.213,N,Como é que se chama uma empregada doméstica chinesa? Lee.,0,0,2.87109375,-3.15234375,-6.0234375,0.9975844621658325,0.0024154833517968655,True
4.245.H,4.245,H,Que nome se dá a um homem que via mas agora já não vê? Tobias.,1,0,0.5810546875,-0.63623046875,-1.21728515625,0.7715854048728943,0.22841456532478333,False
4.40.H,4.40,H,"Hoje no trânsito disse ""amo-te"" a um semáforo. O semáforo ficou vermelho.",1,0,3.58984375,-3.984375,-7.57421875,0.9994866847991943,0.0005132578662596643,False
5.3223.H,5.3223,H,Qual o contrário de vadia? Voltenoite.,1,1,-2.9609375,3.3359375,6.296875,0.001838665222749114,0.9981613755226135,True
5.424.H,5.424,H,Qual deus grego me deixa puto? Mienerva.,1,1,-2.3359375,2.814453125,5.150390625,0.005763727240264416,0.9942362904548645,True
5.2301.H,5.2301,H,"Por que o militar sempre ia no futebol, mas nunca jogava? Porque era militar de reserva.",1,0,3.501953125,-3.64453125,-7.146484375,0.9992129802703857,0.0007870083791203797,False
4.324.N,4.324,N,Quais são as escadas que demoram mais a subir? São as escadas em pedra.,0,0,2.955078125,-3.291015625,-6.24609375,0.9980657696723938,0.0019342612940818071,True
5.1043.N,5.1043,N,Qual é o pokémon da umbanda? O Olorum,0,1,-2.79296875,2.92578125,5.71875,0.0032730645034462214,0.9967268705368042,False
5.3942.N,5.3942,N,Qual a bebida preferida dos sindicalistas? Café.,0,0,3.9375,-4.3125,-8.25,0.9997387528419495,0.0002611903182696551,True
5.1015.H,5.1015,H,O que são vários números 2 caindo do céu? Twova.,1,1,-2.9375,3.2578125,6.1953125,0.002034817123785615,0.9979652166366577,True
5.778.H,5.778,H,Por que o cara que não fazia exercícios prestou odonto?  Pra ser dentário.,1,0,2.595703125,-2.740234375,-5.3359375,0.9952077269554138,0.004792316816747189,False
5.3328.H,5.3328,H,Como se chamam os jovens barbeiros? Molecortes.,1,1,-3.30859375,3.64453125,6.953125,0.0009547316003590822,0.999045193195343,True
5.1377.H,5.1377,H,"Por que o professor de natação largou o emprego? Porque ele ensinou, ensinou, e o aluno nada.",1,1,-1.857421875,2.056640625,3.9140625,0.01956867426633835,0.9804313778877258,True
5.4048.N,5.4048,N,Qual a música preferida dos cachorros? Cão amigo.,0,0,0.133056640625,-0.187255859375,-0.3203125,0.5794004201889038,0.4205996096134186,True
4.524.N,4.524,N,Partir o pescoço foi uma experiência aterrorizante . Mas agora já estou a melhorar.,0,0,2.685546875,-3.19140625,-5.876953125,0.9972044825553894,0.0027954766992479563,True
5.1054.N,5.1054,N,Por que o carbono alfa ficou nervoso? Porque uma carboxila tirou a mulher dele.,0,1,-2.65234375,3.166015625,5.818359375,0.0029636684339493513,0.997036337852478,False
5.1066.H,5.1066,H,Qual o sanduíche de queijo com mosquito? Cheese-kungunya.,1,1,-3.146484375,3.49609375,6.642578125,0.0013019645120948553,0.9986979961395264,True
