id,pair_id,suffix,text,true_label,predicted_label,logit_non_pun,logit_pun,pun_score,probability_non_pun,probability_pun,correct
4.66.N,4.66,N,Eu adoro fiambre . E também queijo.,0,0,0.64453125,-0.52734375,-1.171875,0.7634837031364441,0.23651622235774994,True
4.600.H,4.600,H,O que são quatro pontos pretos no chão? Fourmigas.,1,1,-0.439453125,0.96875,1.408203125,0.19651760160923004,0.8034823536872864,True
5.694.N,5.694,N,Qual cantora espirra muito? Anitta.,0,0,0.83984375,-0.9609375,-1.80078125,0.858244001865387,0.14175598323345184,True
5.443.N,5.443,N,O que o Doutor exclamou ao examinar o Silvio Santos que reclamava de uma dor nas costas? É dor na Lombar.,0,1,-0.45703125,1.03125,1.48828125,0.18417984247207642,0.8158201575279236,False
5.3500.N,5.3500,N,Qual a bacteria que só pega em mulher? Salmonela.,0,0,0.486328125,-0.318359375,-0.8046875,0.6909762620925903,0.3090237081050873,True
4.713.N,4.713,N,O que é um anão? É um Humano.,0,0,0.1689453125,-0.00274658203125,-0.17169189453125,0.5428178310394287,0.4571821391582489,True
5.3787.H,5.3787,H,Qual ator estrangeiro já foi PM? Guiliano Algemma,1,1,-0.5234375,1.1015625,1.625,0.16451644897460938,0.8354835510253906,True
5.3868.N,5.3868,N,Qual marca de hotéis virou presidente? Trump.,0,0,0.83984375,-1.015625,-1.85546875,0.8647679686546326,0.1352320909500122,True
4.656.H,4.656,H,Por que é que o Pai Natal não vai entregar as prendas a tempo? Porque tem os trabalhadores duendes.,1,1,-0.546875,0.92578125,1.47265625,0.18653921782970428,0.8134608268737793,True
4.483.N,4.483,N,Porque é que há tantas mulheres feias? Porque a verdadeira beleza está no interior.,0,0,0.41015625,-0.42578125,-0.8359375,0.6976089477539062,0.30239108204841614,True
4.473.H,4.473,H,Quem estiver desempregado fale com alguns bebés. Ouvi dizer que dão muito trabalho.,1,0,0.279296875,-0.0400390625,-0.3193359375,0.5791624188423157,0.42083755135536194,False
5.3656.H,5.3656,H,Qual vilão da Marvel data do período paleolítico?  Dormammute.,1,1,-0.25390625,0.6328125,0.88671875,0.29178744554519653,0.7082125544548035,True
5.1441.H,5.1441,H,O que o escorregador falou para o outro? Aqui os ânus passam depressa.,1,1,-0.09912109375,0.42578125,0.52490234375,0.37170663475990295,0.6282933950424194,True
4.665.H,4.665,H,O que disse a Selena Gomez quando encontrou o aspirador? Taki Taki Roomba!,1,1,-0.5703125,1.15625,1.7265625,0.15102779865264893,0.8489722013473511,True
5.4014.N,5.4014,N,Por que no interiorzão não dá pra ouvir música? Porque lá o silêncio impera.,0,0,0.357421875,-0.25390625,-0.611328125,0.6482437252998352,0.3517563045024872,True
5.1884.H,5.1884,H,Qual é o cantor favorito da Ludmila? Funk Aguiar ,1,0,0.359375,-0.2041015625,-0.5634765625,0.6372565627098083,0.36274343729019165,False
5.3981.H,5.3981,H,Qual o super herói dono de uma igreja? Homem de Fé rro.,1,1,-0.82421875,1.4375,2.26171875,0.0943434089422226,0.9056565761566162,True
5.614.H,5.614,H,Qual é o carro preferido do Wolverine? Logan.,1,0,0.73046875,-0.8125,-1.54296875,0.8238958716392517,0.1761041283607483,False
5.2965.H,5.2965,H,Por que o Ciro Gomes fez implante? Problemas CaPillar.,1,1,-0.80859375,1.5703125,2.37890625,0.08479540795087814,0.9152045845985413,True
4.224.N,4.224,N,Vira-se um porta-moedas para uma carteira: nunca reparas em mim ...,0,0,0.369140625,-0.3203125,-0.689453125,0.6658452749252319,0.33415475487709045,True
5.3957.N,5.3957,N,Qual rapper que te convidava pro sexo oral? RM.,0,0,0.76171875,-0.6484375,-1.41015625,0.8037906289100647,0.19620943069458008,True
5.1310.H,5.1310,H,Onde as aranhas compram material de construção? Teia Norte.,1,1,-0.455078125,0.81640625,1.271484375,0.21900324523448944,0.7809967398643494,True
5.3785.H,5.3785,H,Qual o jogo preferido dos estudantes que moram juntos? Riders República.,1,1,-0.78125,1.5,2.28125,0.09268777072429657,0.907312273979187,True
4.46.H,4.46,H,Estão dois gatinhos à procura da mãe. Qual é o filme? Mamma mia!,1,0,0.271484375,0.01025390625,-0.26123046875,0.5649387836456299,0.4350612163543701,False
5.2841.H,5.2841,H,Qual o ator que produz vinho? Vinícolas Cage ,1,1,-0.328125,0.74609375,1.07421875,0.2546016275882721,0.7453983426094055,True
5.354.N,5.354,N,Por que Singapura foi na festa dos países? Pra socializar.,0,0,0.6171875,-0.490234375,-1.107421875,0.7516481280326843,0.2483518272638321,True
4.224.H,4.224,H,Vira-se um posta-moedas para uma carteira: nunca notas em mim...,1,1,-0.1005859375,0.31640625,0.4169921875,0.397236704826355,0.6027632355690002,True
5.3500.H,5.3500,H,Qual a bacteria que só prega em mulher? Salmo nelas.,1,1,-0.3046875,0.63671875,0.94140625,0.2806164026260376,0.7193835973739624,True
5.1598.N,5.1598,N,Qual é o animal que voa no deserto? Abutre.,0,0,0.625,-0.7109375,-1.3359375,0.7918210625648499,0.20817893743515015,True
5.1498.N,5.1498,N,O que o galo foi fazer na delegacia? Denunciar.,0,0,0.66015625,-0.6484375,-1.30859375,0.7872777581214905,0.2127222716808319,True
4.660.H,4.660,H,"Como se chama um cão sem patas? Não se chama, vai-se buscar.",1,1,-0.08447265625,0.37109375,0.45556640625,0.38803809881210327,0.611961841583252,True
5.513.H,5.513,H,Qual o contrário de diagnóstico? Noite crente.,1,1,-0.349609375,1.0078125,1.357421875,0.20465964078903198,0.795340359210968,True
4.609.H,4.609,H,Um fulano passou três dias na piscina e depois foi ao médico. Qual foi o diagnóstico? Nada demais.,1,0,0.458984375,-0.36328125,-0.822265625,0.6947170495986938,0.30528295040130615,False
5.2752.H,5.2752,H,"""""""Qual o poeta mais mortal da língua portuguesa? Mário Kitana""""""",1,1,-0.1611328125,0.58984375,0.7509765625,0.32060855627059937,0.6793914437294006,True
5.2189.N,5.2189,N,Quem é a cantora que trabalha com transporte público nos Estados Unidos?  Beyoncé,0,0,0.79296875,-0.9609375,-1.75390625,0.8524448275566101,0.1475551873445511,True
5.3400.N,5.3400,N,Em qual série não gostam de uma banda de rock? Todo mundo odeia o Chris.,0,0,0.5546875,-0.68359375,-1.23828125,0.7752646803855896,0.2247353047132492,True
5.1303.H,5.1303,H,Qual o chá preferido dos britânicos para se acalmar? C'mon Mila.,1,1,-0.63671875,1.078125,1.71484375,0.15253649652004242,0.8474634885787964,True
5.41.H,5.41,H,Qual cantora brasileira só cria galinha? Ivete Sem Galo.,1,1,-0.74609375,1.3203125,2.06640625,0.11240509152412415,0.8875949382781982,True
5.85.N,5.85,N,Qual é a tartaruga ninja que vive na Disney? O Miquelângelo.,0,1,-0.333984375,0.765625,1.099609375,0.24981310963630676,0.7501869201660156,False
5.4032.H,5.4032,H,"Por que quando eu gritava dentro da caverna, o som só se repetia uma vez ? Porque era um Eco nômico.",1,1,-0.57421875,1.3359375,1.91015625,0.12896330654621124,0.87103670835495,True
5.674.N,5.674,N,Qual parente sempre deixa um pouco de comida no prato? A prima.,0,0,0.76953125,-0.7421875,-1.51171875,0.8193157911300659,0.18068420886993408,True
5.848.H,5.848,H,Qual personagem da Disney que ninguém gosta? Amarga Rida.,1,1,-0.828125,1.3125,2.140625,0.10521053522825241,0.894789457321167,True
5.933.H,5.933,H,Qual é o nome do especialista em temperar carnes que não se esquecia do passado?  O Sal Dosista.,1,1,-0.578125,1.1640625,1.7421875,0.14903530478477478,0.8509647250175476,True
5.2329.H,5.2329,H,O que o videogame triste espera que a gente faça? Que o console.,1,1,0.15625,0.1806640625,0.0244140625,0.4938967525959015,0.5061032176017761,True
2.10.N,2.10,N,Como o padre bateu o carro? Dando uma ré.,0,0,0.484375,-0.462890625,-0.947265625,0.7205649614334106,0.27943503856658936,True
5.2811.H,5.2811,H,Profissional que conhecia tudo a respeito de suínos? Ex Perito de Porco ,1,1,-0.71484375,1.609375,2.32421875,0.08913693577051163,0.9108630418777466,True
5.2965.N,5.2965,N,Por que o Ciro Gomes fez implante? Ele estava careca.,0,0,0.578125,-0.57421875,-1.15234375,0.7599387168884277,0.24006126821041107,True
4.417.H,4.417,H,Porque é que os daltónicos têm péssima memória? Porque não sabem nada de cor.,1,1,0.083984375,0.123046875,0.0390625,0.4902355968952179,0.5097643733024597,True
5.553.H,5.553,H,O que a Minnie falou pro namorado dela quando encostou na fogueira? Mickey mou Zé.,1,1,-0.68359375,0.91796875,1.6015625,0.167763352394104,0.8322367072105408,True
5.306.H,5.306,H,Qual problema de saúde recorrente em matemáticos? Problema DIVISÃO,1,1,-0.359375,0.7265625,1.0859375,0.2523840367794037,0.7476159334182739,True
5.1021.H,5.1021,H,Qual galaxia treina com nutricionista? A Milky Whey,1,1,-0.255859375,0.76171875,1.017578125,0.26549944281578064,0.7345005869865417,True
5.1929.H,5.1929,H,Qual idioma favorece o tráfico de órgãos? Manda rim ,1,1,-0.828125,1.0859375,1.9140625,0.12852515280246735,0.8714748620986938,True
4.77.H,4.77,H,"Se o futuro depende dos teus sonhos, não percas tempo. Vai dormir.",1,0,0.482421875,-0.48828125,-0.970703125,0.7252596020698547,0.2747403383255005,False
5.1100.N,5.1100,N,Qual é a regra de matemática preferida dos funkeiros? Regra de três.,0,0,0.453125,-0.416015625,-0.869140625,0.7045668363571167,0.2954331338405609,True
5.823.N,5.823,N,Qual a banda que não deve nada pra ninguém? Skank.,0,0,0.80859375,-1.0234375,-1.83203125,0.86200350522995,0.13799647986888885,True
5.3218.H,5.3218,H,Qual piloto nos enchia de orgulho? Emerson FittiProud.,1,1,-0.66015625,1.421875,2.08203125,0.1108555942773819,0.8891444206237793,True
5.2306.H,5.2306,H,Qual jornalista se especializou em falar de lanche de rua no Rio? Ana Paula Podrão.,1,1,-0.419921875,0.86328125,1.283203125,0.21700546145439148,0.7829945087432861,True
5.3272.N,5.3272,N,Qual a janta favorita do ET? Ovine de Codorna.,0,1,-0.703125,1.140625,1.84375,0.13660839200019836,0.863391637802124,False
5.3119.N,5.3119,N,Qual o nome da mãe do super-herói que nunca vai em praia com águas geladas? Martha Wayne.,0,0,0.6171875,-0.66015625,-1.27734375,0.7819972634315491,0.21800270676612854,True
5.1150.H,5.1150,H,O que a mãe do chinês falou para ele fazer quando brigarem com ele? Xing.,1,0,0.408203125,-0.37890625,-0.787109375,0.6872103214263916,0.312789648771286,False
4.616.N,4.616,N,Por que é que os hospitais não atendem telefones? Porque para isso há a Saúde 24.,0,1,-0.39453125,0.765625,1.16015625,0.23863890767097473,0.7613611221313477,False
5.3704.N,5.3704,N,Onde o Sílvio conseguiu comprar novelas tão ruins? Na porta da Globo!,0,0,0.55859375,-0.48828125,-1.046875,0.740174412727356,0.2598256468772888,True
4.678.N,4.678,N,Acabei de abrir a conta da água e a conta da luz ao mesmo tempo . Fiquei em pânico .,0,0,0.5625,-0.36328125,-0.92578125,0.7162185907363892,0.28378137946128845,True
5.2738.H,5.2738,H,Po que a gente se sente mais equilibrado ao entrar em um rodízio? Porque ali é um centro de massa,1,1,-0.052978515625,0.4296875,0.482666015625,0.3816227912902832,0.6183772087097168,True
5.728.N,5.728,N,"Qual é o nome da doença que acomete vítimas de sequestro que não têm espelho no cativeiro? Síndrome de "" Estocolmo? """,0,1,0.06884765625,0.1396484375,0.07080078125,0.48230719566345215,0.5176928043365479,False
5.62.N,5.62,N,Qual é a atriz que só usa roupa da Zara? Taís Araújo.,0,0,0.953125,-1.0546875,-2.0078125,0.8816148638725281,0.11838508397340775,True
5.2985.N,5.2985,N,Qual animal é coach? O homem.,0,0,0.70703125,-0.828125,-1.53515625,0.8227594494819641,0.1772405207157135,True
5.2501.N,5.2501,N,Sabe por que a Gisele Bündchen só anda com roupa amassada? Porque ela cansou de passar roupa.,0,0,0.44921875,-0.310546875,-0.759765625,0.6813028454780579,0.31869712471961975,True
5.1731.H,5.1731,H,Qual o tipo de investimento financeiro preferido da mulher que casou virgem? Day tarde,1,1,-0.11767578125,0.33203125,0.44970703125,0.3894304633140564,0.6105695962905884,True
5.3993.N,5.3993,N,Por que o cara sentia prazer em bater em si mesmo com um sapato? Porque era um masoquista.,0,0,0.58203125,-0.443359375,-1.025390625,0.7360213398933411,0.2639786899089813,True
5.3218.N,5.3218,N,Qual piloto nos enchia de orgulho? Emerson.,0,0,0.79296875,-0.93359375,-1.7265625,0.8489722013473511,0.15102779865264893,True
5.1829.H,5.1829,H,Qual é a cidade americana com muitas embarcações? Nas Vegas,1,0,0.271484375,0.04443359375,-0.22705078125,0.5565201044082642,0.4434799253940582,False
5.2237.N,5.2237,N,"Qual o cantor que, ao descobrir que é corno, resolve partir pra briga com o amante? José Ricardo",0,0,0.765625,-0.80078125,-1.56640625,0.8272706270217896,0.17272931337356567,True
5.2312.N,5.2312,N,Qual é o nome da banda favorita das pessoas cansadas? Capital Inicial,0,0,0.71875,-0.9453125,-1.6640625,0.8407825827598572,0.15921741724014282,True
4.381.N,4.381,N,O que acontece quando metes um tomate no micro-ondas? Estraga o molho.,0,0,0.33203125,-0.21875,-0.55078125,0.6343168616294861,0.3656831681728363,True
4.479.N,4.479,N,Qual é o osso que segura a cabeça? É o hioide.,0,0,0.279296875,-0.2255859375,-0.5048828125,0.6236060857772827,0.3763938844203949,True
4.545.H,4.545,H,"Qual é o lema dos perus? ""Um por todos e todos peru"".",1,1,-0.44921875,0.94140625,1.390625,0.19930797815322876,0.8006919622421265,True
5.4098.H,5.4098,H,Qual molho é sempre servido em proporções exageradas? De Too Much.,1,1,-0.875,1.4296875,2.3046875,0.09073549509048462,0.9092645049095154,True
4.632.H,4.632,H,Nem todos os esqueletos ouvem. Só os que têm rádio.,1,1,-0.0218505859375,0.296875,0.3187255859375,0.4209863543510437,0.5790136456489563,True
4.681.H,4.681,H,"Decidi adotar um Chihuahua. Para quem não sabe, é um animal doméxico.",1,0,0.55859375,-0.359375,-0.91796875,0.7146279811859131,0.28537195920944214,False
5.841.H,5.841,H,Qual escritor sempre usava roupas de frio? Edgar Alã Põe.,1,1,-0.80859375,1.609375,2.41796875,0.08181270956993103,0.9181873202323914,True
4.587.N,4.587,N,Porque é que não se pode contratar com um cleptomaníaco? Porque ele leva tudo literalmente.,0,1,-0.0218505859375,0.203125,0.2249755859375,0.44399213790893555,0.5560078620910645,False
4.510.H,4.510,H,"No outro dia estava a lavar o carro com o meu filho, vira-se ele: Pai, porque é que não usas uma esponja?",1,0,0.5546875,-0.384765625,-0.939453125,0.7189891934394836,0.28101083636283875,False
4.607.N,4.607,N,Por que é que o treinador foi despedido? Porque não estava capacitado para o trabalho.,0,0,0.380859375,-0.3828125,-0.763671875,0.6821503639221191,0.3178495764732361,True
5.4014.H,5.4014,H,Por que no interiorzão não dá pra ouvir música? Porque lá o spotifaia.,1,1,-0.71875,1.1796875,1.8984375,0.13028542697429657,0.869714617729187,True
5.659.N,5.659,N,Qual planta trabalha muito? Samambaia.,0,0,0.796875,-0.81640625,-1.61328125,0.8338664174079895,0.1661335527896881,True
5.2764.H,5.2764,H,Qual cantora q não come carne? A VegetaRhianna.,1,1,-0.490234375,1.296875,1.787109375,0.14342749118804932,0.8565725088119507,True
5.3488.H,5.3488,H,Que órgão ajudou encontrar o governador de São Paulo? A Procurar Doria.,1,1,-0.609375,1.1015625,1.7109375,0.15304215252399445,0.8469578623771667,True
5.1149.H,5.1149,H,Qual personagem de dragon ball nasceu na Alemanha e não come carne? Vegeta Ariano.,1,1,-0.00022983551025390625,0.263671875,0.2639017105102539,0.43440482020378113,0.5655952095985413,True
5.1756.N,5.1756,N,Qual tipo de roupa o Goku gostaria de dar de presente para sua esposa? Vestido.,0,0,0.82421875,-0.8828125,-1.70703125,0.8464508652687073,0.1535491645336151,True
5.2014.N,5.2014,N,Em que parte do casa todos se encontram? Na área de lazer,0,0,0.64453125,-0.3671875,-1.01171875,0.7333563566207886,0.26664361357688904,True
4.404.N,4.404,N,O que são duas cenouras a discutir? Poluição sonora.,0,0,0.59765625,-0.5,-1.09765625,0.7498207092285156,0.25017932057380676,True
5.823.H,5.823,H,Qual a banda que não deve nada pra ninguém? Jaquitou 5.,1,1,-0.1728515625,0.484375,0.6572265625,0.3413628935813904,0.6586371064186096,True
4.247.H,4.247,H,"Se algum dia te sentires triste por não receberes correio, vai ao Google e faz uma pesquisa. Vais ter milhares de correspondências.",1,0,0.373046875,-0.109375,-0.482421875,0.6183196306228638,0.3816803991794586,False
4.697.H,4.697,H,"Como se diz ""terror"" em japonês? Aikimedu.",1,0,0.46875,-0.44140625,-0.91015625,0.7130321860313416,0.2869678735733032,False
4.341.N,4.341,N,Qual a semelhança entre o Adão e um homem? O Adão foi o primeiro homem que houve.,0,0,0.412109375,-0.31640625,-0.728515625,0.6744794845581055,0.3255205452442169,True
4.20.N,4.20,N,Adoro mulheres com inteligência  . Têm centenas de pontos a seu favor.,0,0,0.283203125,-0.2080078125,-0.4912109375,0.6203916072845459,0.3796083331108093,True
5.433.N,5.433,N,Qual passarinho mais resistente que existe? A Andorinha.,0,0,0.58203125,-0.54296875,-1.125,0.7549149990081787,0.2450850009918213,True
5.3934.N,5.3934,N,Qual a bebida do Rei? Cerveja,0,0,0.8125,-0.91796875,-1.73046875,0.8494724035263062,0.15052764117717743,True
5.1141.H,5.1141,H,Qual é o cachorro é bom de briga? Jiu shih-tzu,1,0,0.6328125,-0.7578125,-1.390625,0.8006919622421265,0.19930797815322876,False
4.77.N,4.77,N,"Se o futuro depende dos teus sonhos, não percas tempo . Vai à luta.",0,0,0.490234375,-0.376953125,-0.8671875,0.7041601538658142,0.2958398759365082,True
5.480.N,5.480,N,Como morreu o rebanho dos judeus? Febre do gado,0,0,0.44921875,-0.380859375,-0.830078125,0.6963714361190796,0.303628534078598,True
5.2988.N,5.2988,N,Qual microorganismo é sempre passado pra trás? Vírus.,0,0,0.78515625,-0.8125,-1.59765625,0.8316905498504639,0.16830943524837494,True
5.3820.N,5.3820,N,"A menina dormiu muito, qual o nome do filme? Alice no país das maravilhas.",0,0,0.72265625,-0.66015625,-1.3828125,0.7994423508644104,0.200557678937912,True
5.2501.H,5.2501,H,Sabe por que a Gisele Bündchen só anda com roupa amassada? Porque ela cansou de passar elas.,1,1,-0.055908203125,0.29296875,0.348876953125,0.41365480422973633,0.5863452553749084,True
4.472.N,4.472,N,Qual é a fruta mais comum nos churrascos? É o abacaxi.,0,0,0.6484375,-0.6953125,-1.34375,0.793105959892273,0.20689404010772705,True
5.2047.N,5.2047,N,"Qual conto mostra a história de alguém que acha a esposa linda, mas quando ela o procura de noite, ele nega? A pequena sereia.",0,0,0.439453125,-0.275390625,-0.71484375,0.671470582485199,0.328529417514801,True
5.1829.N,5.1829,N,Por que o oficial pediu licença bem no dia do bombardeio? Porque ele tinha medo.,0,0,0.55078125,-0.5234375,-1.07421875,0.7453983426094055,0.2546016275882721,True
4.638.N,4.638,N,"O amor é como um jogo de sueca . Ou se tem um bom parceiro, ou o melhor mesmo é ter uma boa carta.",0,1,-0.06591796875,0.609375,0.67529296875,0.3373126983642578,0.662687361240387,False
5.3018.N,5.3018,N,Qual a série que fala de quem é sua mãe? Realmente your mother.,0,1,-0.0184326171875,0.396484375,0.4149169921875,0.3977337181568146,0.602266252040863,False
5.2549.N,5.2549,N,Qual mercado vende lagarto? Extra.,0,0,0.5546875,-0.53515625,-1.08984375,0.7483522891998291,0.2516477108001709,True
5.2306.N,5.2306,N,Qual jornalista se especializou em falar de lanche de rua no Rio? Márcio Canuto.,0,0,0.57421875,-0.52734375,-1.1015625,0.7505527138710022,0.24944724142551422,True
4.587.H,4.587,H,Porque é que não se pode gozar com um cleptomaníaco? Porque ele leva tudo literalmente.,1,1,-0.0546875,0.306640625,0.361328125,0.41063809394836426,0.589361846446991,True
4.214.H,4.214,H,Chamei Maria a uma galinha e não consegui parar de rir. Era uma ave Maria cheia de graça.,1,0,0.1376953125,-0.02392578125,-0.16162109375,0.5403175354003906,0.459682434797287,False
4.108.N,4.108,N,"Uma feminista perguntou-me de que forma eu via as relações lésbicas . Parece que "" em euforia "" não era a resposta correta ...",0,0,0.212890625,0.0390625,-0.173828125,0.543347954750061,0.45665207505226135,True
5.3359.N,5.3359,N,Qual o animal que trabalha bem como carpinteiro? Cupim.,0,0,0.486328125,-0.58203125,-1.068359375,0.7442848086357117,0.2557152211666107,True
5.1891.H,5.1891,H,Qual Pais faz o Ar condicionado Funcionar? ArGelia ,1,1,-0.21875,0.6640625,0.8828125,0.2925952970981598,0.7074047327041626,True
4.112.N,4.112,N,Quando é que os informáticos vão ao dermatologista? Quando têm problemas de pele.,0,0,0.20703125,-0.154296875,-0.361328125,0.589361846446991,0.41063809394836426,True
5.4065.N,5.4065,N,Por que acharam melhor não colocar o Silvio Santos pra apresentar toda a programação do SBT? Porque seria chato.,0,0,0.578125,-0.67578125,-1.25390625,0.7779752612113953,0.22202469408512115,True
5.3173.H,5.3173,H,Qual médico gosta de funk ? Dr. Drauzio Vrau Nelas.,1,1,-0.8828125,1.671875,2.5546875,0.07211221009492874,0.9278878569602966,True
5.3820.H,5.3820,H,"A menina dormiu muito, qual o nome do filme? A sleep no país das maravilhas.",1,1,-0.0322265625,0.298828125,0.3310546875,0.4179839789867401,0.5820159912109375,True
5.465.N,5.465,N,Qual estado brasileiro mais toma refrigerante? Paraná.,0,0,0.74609375,-1.0859375,-1.83203125,0.86200350522995,0.13799647986888885,True
5.1643.H,5.1643,H,Qual é a série que se passa no norte do país? Fresh Prince of Belém.,1,1,-0.5234375,1.109375,1.6328125,0.16344544291496277,0.8365545868873596,True
5.606.N,5.606,N,Qual a cantora que sempre aceita chá? Pink.,0,0,0.71484375,-0.76953125,-1.484375,0.815232515335083,0.18476751446723938,True
5.2149.H,5.2149,H,"Qual o filme da Disney que o Faustão mais gosta? A Bela e Essa Fera, Bicho!",1,1,0.06494140625,0.271484375,0.20654296875,0.44854703545570374,0.5514529943466187,True
4.473.N,4.473,N,Quem estiver desempregado fale com alguns empresários da restauração . Ouvi dizer que têm falta de trabalhadores.,0,1,-0.01123046875,0.3828125,0.39404296875,0.4027444124221802,0.5972555875778198,False
5.700.N,5.700,N,Qual alimento respeita a igreja católica e a medicina oriental? Vinho.,0,0,0.92578125,-0.94921875,-1.875,0.8670357465744019,0.13296423852443695,True
5.3004.H,5.3004,H,Qual refeição que volta mais rápido do que vai? Backfast.,1,1,0.06884765625,0.09326171875,0.0244140625,0.4938967525959015,0.5061032176017761,True
5.3928.N,5.3928,N,Qual é o cantor que adora novas tecnologias? Túlio Abelha.,0,1,-0.93359375,1.609375,2.54296875,0.07290027290582657,0.9270997643470764,False
5.3466.N,5.3466,N,Cantora que nunca tem data disponível pra show? Zizi Possi.,0,0,0.7890625,-0.796875,-1.5859375,0.8300437331199646,0.16995622217655182,True
5.1233.N,5.1233,N,Por que a criança voltou da casa dos avós sem a mão? Porque era desastrada.,0,0,0.53515625,-0.4609375,-0.99609375,0.730289876461029,0.26971012353897095,True
4.257.N,4.257,N,Um homem foi para a guerra e perdeu os dois pés . Qual é o filme? O pestinha.,0,0,0.447265625,-0.3125,-0.759765625,0.6813028454780579,0.31869712471961975,True
5.87.N,5.87,N,Qual a embarcação criada para salvar os dinossauros do dilúvio? A arca,0,0,0.6015625,-0.671875,-1.2734375,0.7813306450843811,0.21866939961910248,True
5.2347.N,5.2347,N,Qual nome se dá quando cai uma parte de um estádio? Tragédia.,0,0,0.5859375,-0.546875,-1.1328125,0.7563575506210327,0.2436424344778061,True
4.572.H,4.572,H,O que é que um ator faz quando vê outro? Acena.,1,1,0.08642578125,0.1474609375,0.06103515625,0.48474597930908203,0.5152540802955627,True
4.416.H,4.416,H,Que ator é o maior pão de Hollywood? O Bread Pitt.,1,1,-0.81640625,1.203125,2.01953125,0.11716748028993607,0.8828325867652893,True
5.4.H,5.4,H,Qual é o sabor da bala preferida da galera do hospício? Dementos.,1,1,-0.040283203125,0.388671875,0.428955078125,0.39437589049339294,0.6056241393089294,True
5.3992.N,5.3992,N,Qual carro tem TV a cabo? Gol.,0,0,0.921875,-1.03125,-1.953125,0.8757869601249695,0.12421300262212753,True
5.3901.H,5.3901,H,Qual o time de futebol que me deixa cheio? Fullmenense.,1,1,0.1728515625,0.1796875,0.0068359375,0.498291015625,0.501708984375,True
5.3143.H,5.3143,H,Qual o pós-sol dos heróis? Os Vinga Ardores.,1,1,-0.875,1.5703125,2.4453125,0.07978201657533646,0.9202179908752441,True
5.1614.H,5.1614,H,O que dizer pra um cego que tenta ler mas não consegue? Segue o braille,1,1,-0.66015625,1.2890625,1.94921875,0.12463857978582382,0.875361442565918,True
5.3762.N,5.3762,N,Qual é o jogador de futebol que sempre se protege do sol? Ronaldinho,0,0,0.8828125,-0.94140625,-1.82421875,0.8610715270042419,0.13892842829227448,True
4.542.N,4.542,N,Qual é o prato perfeito dos dentistas? Pasta frittata.,0,1,-0.294921875,0.86328125,1.158203125,0.23899394273757935,0.7610060572624207,False
4.122.N,4.122,N,O que é um byte? São oito bites.,0,0,0.3359375,-0.337890625,-0.673828125,0.6623597741127014,0.3376401662826538,True
5.3172.N,5.3172,N,Onde a vaca compra ovo de Páscoa? Na Cacau show.,0,0,0.54296875,-0.28125,-0.82421875,0.6951311230659485,0.3048688769340515,True
5.3793.H,5.3793,H,Qual rede das lojas é maior que o Trump? Mais que Donald.,1,0,0.25390625,-0.1591796875,-0.4130859375,0.6018275618553162,0.39817240834236145,False
4.470.N,4.470,N,Porque é que o mar é grande? Porque os peixes fazem blue...blue...blue ...,0,1,-0.154296875,0.58984375,0.744140625,0.32209938764572144,0.6779006123542786,False
4.56.N,4.56,N,Porque é que os contabilistas são bons a fazer contas? Porque tabuada é com eles.,0,1,-0.024658203125,0.1455078125,0.170166015625,0.45756086707115173,0.5424391627311707,False
5.263.H,5.263,H,Qual é o nome do filme protagonizado por duas motos bem nervosas? Fúria de titãs.,1,0,0.369140625,-0.283203125,-0.65234375,0.6575384140014648,0.34246155619621277,False
5.872.N,5.872,N,Qual comediante vive com calor? Renato Aragão.,0,0,0.921875,-1.2109375,-2.1328125,0.8940516710281372,0.10594828426837921,True
5.3659.H,5.3659,H,Qual integrante dos Castro Brothers gosta de te estudar na língua culta? Estudar-te,1,0,0.4921875,-0.3359375,-0.828125,0.6959583163261414,0.30404168367385864,False
5.281.H,5.281,H,Qual é o cantor que melhor improvisa com as ferramentas que tem à disposição? Sidney Magayver.,1,1,-0.81640625,1.375,2.19140625,0.10052486509084702,0.8994751572608948,True
2.5.N,2.5,N,Sabe por que não seria bom um filme só sobre números? Porque seria uma matemática.,0,1,-0.064453125,0.498046875,0.5625,0.36296921968460083,0.6370307803153992,False
5.1613.N,5.1613,N,"Como se faz para uma laranja virar uma cobra? Faz cosquinha nela, aí nada acontece.",0,0,0.37109375,-0.287109375,-0.658203125,0.6588566303253174,0.3411433696746826,True
5.85.H,5.85,H,Qual é a tartaruga ninja que vive na Disney?  O Mickeylângelo.,1,1,-0.30859375,0.72265625,1.03125,0.2628418207168579,0.7371581792831421,True
4.420.N,4.420,N,Porque é que a Joana foi à farmácia? Foi comprar creme para os pontos negros.,0,0,0.3515625,-0.11279296875,-0.46435546875,0.6140469312667847,0.38595306873321533,True
4.201.N,4.201,N,Era uma vez uma cidade onde quase todas as motos eram Yamaha . Qual é o filme? Pocahontas.,0,1,-0.37890625,0.6640625,1.04296875,0.26057755947113037,0.7394223809242249,False
5.979.N,5.979,N,Qual doce causa vômito em crianças latinas? Enjoa niña.,0,1,-0.3046875,0.79296875,1.09765625,0.25017932057380676,0.7498207092285156,False
4.120.N,4.120,N,Que nome se dá a um árabe com problemas de visão? Árabe.,0,0,0.578125,-0.609375,-1.1875,0.7662936449050903,0.23370636999607086,True
5.2752.N,5.2752,N,""" "" "" Qual o poeta mais mortal da língua portuguesa? Mário Quintana "" "" """,0,0,0.6484375,-0.56640625,-1.21484375,0.7711548805236816,0.22884513437747955,True
5.1165.H,5.1165,H,Qual parte do corpo que ajuda os pedreiros? A Coluna ServeCal.,1,1,-0.70703125,1.5546875,2.26171875,0.0943434089422226,0.9056565761566162,True
5.2282.N,5.2282,N,"Por que num determinado dia, o aluno do cursinho mentia pra todo mundo? Porque era dia da mentira.",0,0,0.52734375,-0.369140625,-0.896484375,0.7102264761924744,0.28977349400520325,True
5.1182.H,5.1182,H,Por que o Chico Buarque foi preso na saída do Santander? Por Assaltimbanco.,1,1,-0.8671875,1.40625,2.2734375,0.09334688633680344,0.9066531658172607,True
4.678.H,4.678,H,Acabei de abrir a conta da água e a conta da luz ao mesmo tempo. Fiquei em choque.,1,0,0.478515625,-0.296875,-0.775390625,0.6846858263015747,0.3153141438961029,False
5.793.H,5.793,H,Qual a rede social mais usada pelas mulheres no Oriente Médio? Faceburca.,1,0,0.65234375,-0.72265625,-1.375,0.7981867790222168,0.2018132209777832,False
5.2452.H,5.2452,H,Qual é o salgado muito bom que não deixa ninguem transar? Empada foda.,1,1,-0.88671875,1.171875,2.05859375,0.11318691074848175,0.8868131041526794,True
5.3645.N,5.3645,N,Qual é o desenho onde o personagem principal só consegue dinheiro em outro planeta? Pato Donald.,0,0,0.7578125,-1.046875,-1.8046875,0.8587185740470886,0.14128142595291138,True
5.2861.N,5.2861,N,Qual religiosa não é bonita? A freira,0,0,0.85546875,-0.859375,-1.71484375,0.8474634885787964,0.15253649652004242,True
5.2149.N,5.2149,N,Qual o filme da Disney que o Faustão mais gosta? Cinderela!,0,0,0.84375,-1.0078125,-1.8515625,0.8643104434013367,0.13568954169750214,True
5.433.H,5.433,H,Qual passarinho mais resistente que existe? A AnDurinha.,1,1,-0.018310546875,0.322265625,0.340576171875,0.4156695306301117,0.5843304991722107,True
4.17.N,4.17,N,Em que local do planeta se encontram mais leprosos? Na Ilha Sorokdo.,0,1,-0.375,0.68359375,1.05859375,0.2575782835483551,0.7424216866493225,False
4.665.N,4.665,N,O que disse a Selena Gomez quando encontrou o aspirador? Aqui está!,0,0,0.59765625,-0.515625,-1.11328125,0.7527403235435486,0.24725967645645142,True
3.1.N,3.1,N,Qual o contrário de paixão? Indiferença.,0,0,0.65625,-0.71875,-1.375,0.7981867790222168,0.2018132209777832,True
5.495.H,5.495,H,Qual pseudo celebridade agora canta rap? Jay Z Arruda.,1,1,-0.2373046875,0.7265625,0.9638671875,0.27610456943511963,0.7238954305648804,True
4.29.H,4.29,H,Qual é o único animal que anda com as patas? O pato.,1,0,0.5234375,-0.65625,-1.1796875,0.7648915648460388,0.2351084053516388,False
5.1560.H,5.1560,H,Como se chama a bicicleta que ficou em segundo lugar? A vicecleta.,1,0,0.166015625,0.03662109375,-0.12939453125,0.5323035717010498,0.4676963984966278,False
5.3297.N,5.3297,N,Que apresentador guarda arquivos de voz dos convidados? Sílvio Santos.,0,0,0.87890625,-1.2109375,-2.08984375,0.8899121284484863,0.11008788645267487,True
5.3825.N,5.3825,N,Qual o mês do Popó? Agosto.,0,0,0.703125,-0.90625,-1.609375,0.8333246111869812,0.1666754186153412,True
5.3901.N,5.3901,N,Qual o time de futebol que me deixa cheio? Grêmio.,0,0,0.828125,-1.0546875,-1.8828125,0.8679338097572327,0.13206616044044495,True
5.2449.H,5.2449,H,Qual é o pintor que vai para Aparecida a pé? O Romeiro Britto.,1,1,-0.203125,0.7265625,0.9296875,0.28298813104629517,0.7170118689537048,True
4.311.H,4.311,H,Porque é que a Torre de Pisa está inclinada? Porque está em itálico.,1,0,0.251953125,-0.287109375,-0.5390625,0.6315943002700806,0.36840569972991943,False
5.479.N,5.479,N,Por que os mamíferos são os únicos animais que conseguem tossir? Porque só o leite que tem gordura.,0,1,-0.41015625,0.859375,1.26953125,0.21933749318122864,0.780662477016449,False
5.444.H,5.444,H,Por que a pessoa que vive rindo de si mesmo nunca é Barrada em lugar algum? Porque ela é Auto-risada.,1,1,-0.486328125,1.0703125,1.556640625,0.17412921786308289,0.8258707523345947,True
5.3037.N,5.3037,N,Qual cidade norte-americana que tem magia? Tampa.,0,0,0.640625,-0.69921875,-1.33984375,0.7924642562866211,0.2075357586145401,True
5.2360.H,5.2360,H,Por que a atleta foi presa por atentado ao pudor enquanto jogava? Porque estava jogando uma pelada.,1,0,0.275390625,0.09130859375,-0.18408203125,0.5458910465240479,0.4541090130805969,False
5.3330.N,5.3330,N,Qual é o cara incentivador de suicidas? É o cara insensível!,0,0,0.490234375,-0.57421875,-1.064453125,0.7435405850410461,0.25645938515663147,True
4.214.N,4.214,N,Chamei Maria a uma galinha e não consegui parar de rir . Era uma avé Maria cheia de graça.,0,1,-0.0164794921875,0.177734375,0.1942138671875,0.45159855484962463,0.548401415348053,False
5.3027.H,5.3027,H,Qual o estado americano preferido dos sadomasoquistas? Misurre.,1,1,-0.6328125,1.171875,1.8046875,0.14128142595291138,0.8587185740470886,True
5.1408.N,5.1408,N,Por qual pasta de dente você não paga nada? A Sorriso.,0,1,-0.4296875,1.1015625,1.53125,0.17781086266040802,0.8221890926361084,False
5.2844.H,5.2844,H,Como o padre bateu o carro? Dando uma rezinha,1,0,0.55859375,-0.482421875,-1.041015625,0.7390459179878235,0.2609540522098541,False
5.4012.H,5.4012,H,O que o hipopótamo fez com a casa dele? Hipopotecou.,1,1,0.08642578125,0.240234375,0.15380859375,0.4616234600543976,0.5383765697479248,True
5.782.N,5.782,N,Qual a tartaruga ninja que mais gosta de dormir? O Leonardo.,0,0,0.7890625,-0.953125,-1.7421875,0.8509647250175476,0.14903530478477478,True
5.1614.N,5.1614,N,O que dizer pra um cego que tenta ler mas não consegue? Leia em braille,0,0,0.3125,-0.185546875,-0.498046875,0.6220002174377441,0.37799975275993347,True
5.849.N,5.849,N,Por que a namorada do Mickey quando não está bem começa a tirar as coisas? Porque ela é Minnie Má Lista.,0,1,-0.78125,1.3828125,2.1640625,0.1030244380235672,0.896975576877594,False
5.1279.N,5.1279,N,Qual ator mirim não lava os dentes? MaCarie Culkin.,0,1,-0.6640625,1.1171875,1.78125,0.14414885640144348,0.8558511734008789,False
4.445.N,4.445,N,De que material são compostas as pedras nos rins? De xisto.,0,0,0.166015625,0.119140625,-0.046875,0.5117166042327881,0.4882833957672119,True
5.1560.N,5.1560,N,Como se chama a bicicleta que ficou em segundo lugar? Vice colocada.,0,0,0.482421875,-0.4375,-0.919921875,0.7150261998176575,0.2849738299846649,True
5.1189.N,5.1189,N,Que elemento químico a gente avalia depois de usar? Hélio.,0,0,0.6953125,-0.62109375,-1.31640625,0.7885831594467163,0.2114168405532837,True
5.806.N,5.806,N,"Em qual época o Brasileiro foi mais magro? Na época do movimento "" Caras Pintadas "".",0,0,0.48046875,-0.50390625,-0.984375,0.7279754281044006,0.272024542093277,True
5.2507.N,5.2507,N,Qual é o aparelho que nunca para de mexer? A biruta.,0,0,0.419921875,-0.515625,-0.935546875,0.7181993126869202,0.2818007171154022,True
5.2638.H,5.2638,H,Quem é a pessoa que só escreve histórias sobre felinos depressivos? Agatha Triste.,1,1,-0.8671875,1.5,2.3671875,0.08570926636457443,0.914290726184845,True
5.3658.N,5.3658,N,Qual comediante se formou em uma escola agrotécnica? Rony Rios,0,0,0.4375,-0.322265625,-0.759765625,0.6813028454780579,0.31869712471961975,True
4.226.H,4.226,H,Porque é que o Power Point está feliz? Porque teve um diapositivo.,1,1,-0.421875,1.0625,1.484375,0.18476751446723938,0.815232515335083,True
5.2491.N,5.2491,N,Qual é a dupla sertaneja favorita dos velhos? Leandro e Leonardo.,0,0,0.74609375,-0.96875,-1.71484375,0.8474634885787964,0.15253649652004242,True
4.493.H,4.493,H,Que nome se dá a uma pessoa alérgica a arroz? Basmatica.,1,1,0.1337890625,0.255859375,0.1220703125,0.4695202708244324,0.5304797887802124,True
5.2780.H,5.2780,H,Qual quadro que a minha mulher adora fazer resenha? A mô analisa.,1,1,-0.44140625,0.9453125,1.38671875,0.19993211328983307,0.8000679016113281,True
4.697.N,4.697,N,"Como se diz "" terror "" em japonês? Hora.",0,0,0.46875,-0.58984375,-1.05859375,0.7424216866493225,0.2575782835483551,True
5.403.H,5.403,H,Qual figura religiosa não sabe a quem pertence? Madre Teresa de Qual que Tá?,1,1,-0.71875,1.4453125,2.1640625,0.1030244380235672,0.896975576877594,True
5.1001.N,5.1001,N,"O filho pediu para o pai levá-lo para ver boosa nova e o pai concordou . Qual é o nome da música? "" Eu sei que vou te amar...""",0,0,0.51953125,-0.494140625,-1.013671875,0.733738124370575,0.26626187562942505,True
5.993.N,5.993,N,Qual o super-herói fala sueco? Volverine,0,0,0.75390625,-0.73046875,-1.484375,0.815232515335083,0.18476751446723938,True
5.578.H,5.578,H,Como se chama o cara que ficou rico vendendo pipoca? Milhonário.,1,1,0.0206298828125,0.267578125,0.2469482421875,0.43857482075691223,0.5614252090454102,True
5.700.H,5.700,H,Qual alimento respeita a igreja católica e a medicina oriental? Amémdo-in.,1,1,-0.7421875,1.2734375,2.015625,0.117572121322155,0.8824278712272644,True
4.120.H,4.120,H,Que nome se dá a um árabe com problemas de visão? Estarábico.,1,1,-0.072265625,0.3828125,0.455078125,0.3881540596485138,0.6118459105491638,True
5.3421.H,5.3421,H,Qual a escola de samba favorita do genitor de alguém que é feliz sozinho? Mocidade independente do Pai de Miguel.,1,1,-0.318359375,0.6796875,0.998046875,0.2693256139755249,0.7306743860244751,True
5.1937.N,5.1937,N,Qual apresentador é o mais duas caras? Marcos Mion.,0,0,0.77734375,-0.86328125,-1.640625,0.837619960308075,0.16238002479076385,True
5.1110.N,5.1110,N,"O que o psicanalista adora dizer no meio do sexo? Vai, me fode.",0,0,0.2021484375,-0.140625,-0.3427734375,0.58486407995224,0.41513592004776,True
5.4029.N,5.4029,N,"Qual pássaro quer fazer fuxico sobre uma mulher, mas esquece o que ia falar? Sabiá",0,0,0.59375,-0.5546875,-1.1484375,0.7592254281044006,0.24077458679676056,True
5.358.N,5.358,N,Qual cidade incentiva o uso do tato? Curitiba.,0,0,0.82421875,-0.98046875,-1.8046875,0.8587185740470886,0.14128142595291138,True
5.2200.N,5.2200,N,Qual é o filme favorito da cabra? A bruxa de blair,0,1,-0.337890625,0.6875,1.025390625,0.2639786899089813,0.7360213398933411,False
4.418.H,4.418,H,"Qual é o masculino de ""tábua""? Eu até dizia, mas é tabu.",1,0,0.5,-0.3828125,-0.8828125,0.7074047327041626,0.2925952970981598,False
5.1831.N,5.1831,N,"Qual jogador tentou acertar o cantor, mas errou? Messi.",0,0,0.8125,-0.9609375,-1.7734375,0.854884684085846,0.14511536061763763,True
5.2144.H,5.2144,H,Porque não se paga bandido com cheque? Porque o crime não compensa. ,1,0,0.466796875,-0.482421875,-0.94921875,0.7209580540657043,0.27904197573661804,False
5.2058.H,5.2058,H,Como você chama um droid pirata? Arrrr2-D2 ,1,1,-0.640625,1.0703125,1.7109375,0.15304215252399445,0.8469578623771667,True
5.1001.H,5.1001,H,"O filho pediu para o pai levá-lo para ver tartarugas e o pai concordou. Qual é o nome da música? ""Eu sei que vou Tamar...""",1,0,0.140625,-0.09619140625,-0.23681640625,0.5589289665222168,0.4410710036754608,False
4.250.H,4.250,H,Qual é a especialidade de um médico bipolar? Otorrino otochorando.,1,1,-0.56640625,1.2109375,1.77734375,0.14463143050670624,0.8553685545921326,True
4.491.N,4.491,N,Não há muitos elefantes em Moçambique . Mas no Zimbabué há.,0,0,0.296875,-0.193359375,-0.490234375,0.6201616525650024,0.37983837723731995,True
4.446.N,4.446,N,Qual é a banda preferida dos obesos? A banda Queen.,0,0,0.703125,-0.83984375,-1.54296875,0.8238958716392517,0.1761041283607483,True
4.324.H,4.324,H,Quais são as escadas que demoram mais a subir? São as escadas em caracol.,1,1,-0.396484375,0.76953125,1.166015625,0.2375759482383728,0.7624240517616272,True
5.2938.H,5.2938,H,Qual é a comida do pássaro gigante que toca trompete? O alpistão.,1,0,0.37109375,-0.375,-0.74609375,0.6783269047737122,0.32167303562164307,False
2.5.H,2.5,H,Sabe por que não seria bom um filme só sobre números? Porque seria uma má temática.,1,0,0.2060546875,0.03955078125,-0.16650390625,0.5415300726890564,0.4584699273109436,False
5.3172.H,5.3172,H,Onde a vaca compra ovo de Páscoa? Na cowcow show.,1,1,-0.054931640625,0.3671875,0.422119140625,0.39600980281829834,0.6039901971817017,True
5.3890.H,5.3890,H,Qual cantora pop sempre te convida pra tomar uma xícara de café? Madonna Florinda.,1,1,-0.404296875,1.0078125,1.412109375,0.195901557803154,0.8040984272956848,True
5.1314.N,5.1314,N,Por que a manicure foi demitida? Porque ela estava chengando atrasada.,0,1,-0.18359375,0.53515625,0.71875,0.32766830921173096,0.672331690788269,False
5.2861.H,5.2861,H,Qual religiosa não é bonita? A freia ,1,0,0.46875,-0.173828125,-0.642578125,0.6553360223770142,0.34466394782066345,False
5.3732.H,5.3732,H,Qual caneta gosta de dar dura nas pessoas? Caneta de enquadro.,1,0,0.158203125,0.0014190673828125,-0.1567840576171875,0.5391159057617188,0.46088409423828125,False
4.542.H,4.542,H,Qual é o prato perfeito dos dentistas? Pasta al dente.,1,0,0.2421875,0.10205078125,-0.14013671875,0.5349769592285156,0.46502307057380676,False
5.2010.H,5.2010,H,Qual é a padroeira de quem vive dando voltas? Nossa Senhora de GuadaLoop ,1,1,-0.54296875,1.09375,1.63671875,0.1629120260477066,0.8370879292488098,True
5.2609.N,5.2609,N,O que o anão estava fazendo com a bola de futebol? Chutes.,0,0,0.671875,-0.6171875,-1.2890625,0.7839884757995605,0.21601153910160065,True
5.2895.H,5.2895,H,Qual cantor só vê notícias pela internet? Ig Pop ,1,0,0.48046875,-0.298828125,-0.779296875,0.685528576374054,0.31447145342826843,False
5.162.N,5.162,N,O que são dois pontinhos marrons no palco? Bruno e Marrone.,0,0,0.546875,-0.5,-1.046875,0.740174412727356,0.2598256468772888,True
5.3962.H,5.3962,H,Qual passarinho grita muito? João de Berro.,1,1,-0.006317138671875,0.1328125,0.139129638671875,0.46527358889579773,0.5347263813018799,True
5.793.N,5.793,N,Qual a rede social mais usada pelas mulheres no Oriente Médio? Instagram.,0,0,0.91015625,-1.109375,-2.01953125,0.8828325867652893,0.11716748028993607,True
5.1272.H,5.1272,H,Qual rato que mais trabalha pela cultura do Brasil? MinC Mouse.,1,1,-0.462890625,1.0546875,1.517578125,0.17981843650341034,0.8201815485954285,True
4.40.N,4.40,N,"Hoje no trânsito disse "" amo-te "" a um semáforo . O semáforo mudou.",0,0,0.6171875,-0.44140625,-1.05859375,0.7424216866493225,0.2575782835483551,True
5.2467.N,5.2467,N,Qual Rapper só toca em aniversários? Dr Dre,0,0,0.63671875,-0.62109375,-1.2578125,0.7786493301391602,0.22135069966316223,True
5.4025.H,5.4025,H,Nome de cervejaria em homenagem a um grande cantor brasileiro? CauBEER PeiCHOPPS.,1,1,-0.859375,1.5546875,2.4140625,0.08210661262273788,0.9178933501243591,True
5.495.N,5.495,N,Qual pseudo celebridade agora canta rap? Carol Conká.,0,1,-0.75,1.4296875,2.1796875,0.10158944129943848,0.8984104990959167,False
4.204.N,4.204,N,Como é que os drogados espirram? Achim!,0,0,0.146484375,0.0260009765625,-0.1204833984375,0.530084490776062,0.46991556882858276,True
5.2959.N,5.2959,N,Qual empresa responsável por encher o avião?  Azul.,0,0,0.71875,-0.8671875,-1.5859375,0.8300437331199646,0.16995622217655182,True
5.226.H,5.226,H,Um homem TODO DIA molha e coloca para secar um OB. Por que? PORQUE ELE ESTÁ OB SECADO,1,1,-0.326171875,0.9765625,1.302734375,0.2137051820755005,0.7862948179244995,True
5.578.N,5.578,N,Como se chama o cara que ficou rico vendendo tomate? Milhonário.,0,1,-0.11376953125,0.5,0.61376953125,0.35119980573654175,0.648800253868103,False
5.3119.H,5.3119,H,Qual o nome da mãe do super-herói que nunca vai em praia com águas geladas? Martha Kent.,1,0,0.65625,-0.703125,-1.359375,0.7956580519676208,0.20434190332889557,False
4.435.N,4.435,N,"Como é que se diz "" médico estagiário "" em japonês? Kenshui",0,0,0.50390625,-0.62890625,-1.1328125,0.7563575506210327,0.2436424344778061,True
5.3934.H,5.3934,H,Qual a bebida do Rei? Luwhisk 15,1,0,0.0908203125,-0.11474609375,-0.20556640625,0.551211416721344,0.448788583278656,False
5.615.H,5.615,H,Qual e a marca preferida de carro dos jogadores de futebol? Chevrolé!,1,0,0.7265625,-0.71875,-1.4453125,0.8092760443687439,0.19072401523590088,False
5.806.H,5.806,H,"Em qual época o Brasileiro foi mais magro? Na época do movimento ""Dietas Já"".",1,0,0.498046875,-0.43359375,-0.931640625,0.7174080014228821,0.28259196877479553,False
5.1657.N,5.1657,N,Qual é a lanchonete favorita dos góticos? KFC.,0,0,0.447265625,-0.314453125,-0.76171875,0.6817267537117004,0.3182732164859772,True
4.635.H,4.635,H,Por que é que o Mozart vai à igreja? Porque Amadeus.,1,1,-0.09423828125,0.41796875,0.51220703125,0.37467628717422485,0.6253237724304199,True
5.3511.N,5.3511,N,Qual ex-piloto era um índio pronto pro ataque? Nenhum.,0,0,0.6640625,-0.69140625,-1.35546875,0.7950222492218018,0.20497773587703705,True
4.283.N,4.283,N,Qual é o carro que consegue transportar mais porcos? É o Nissan Qashqai.,0,1,-0.1982421875,0.498046875,0.6962890625,0.3326354920864105,0.6673644781112671,False
5.1825.H,5.1825,H,Qual é o jogador de futebol mais míope? Quasimiro,1,0,0.255859375,-0.1640625,-0.419921875,0.6034645438194275,0.3965354561805725,False
5.2058.N,5.2058,N,Como você chama um droid pirata? R2-D2,0,1,-0.337890625,0.5546875,0.892578125,0.29057809710502625,0.7094219326972961,False
4.389.H,4.389,H,Qual é a semelhança entre um careca e o Museu do Louvre? Ambos têm a Mona Lisa.,1,0,0.412109375,-0.369140625,-0.78125,0.685949444770813,0.314050555229187,False
5.3231.H,5.3231,H,Por que o rapaz não mostrou os slides em sua apresentação na empresa? Porque ele Esxcel de levar.,1,1,-0.66015625,1.25,1.91015625,0.12896330654621124,0.87103670835495,True
5.3065.H,5.3065,H,Que personagem infantil só faz boquete? Oralcio.,1,1,-0.14453125,0.87890625,1.0234375,0.2643583416938782,0.7356416583061218,True
5.2008.H,5.2008,H,Em qual cidade todas as pedras preciosas e incomuns são protegidas? Guardá-la Rara ,1,1,-0.6015625,1.3359375,1.9375,0.1259227693080902,0.8740772008895874,True
5.234.N,5.234,N,Por que o pai de santo doou as calças? PORQUE É DANDO QUE SE RECEBE,0,1,-0.08740234375,0.40625,0.49365234375,0.37903353571891785,0.6209664344787598,False
5.2841.N,5.2841,N,Qual o ator que produz vinho? Nicholas Cage,0,0,0.267578125,-0.04736328125,-0.31494140625,0.5780909061431885,0.42190903425216675,True
5.3776.H,5.3776,H,Qual é a banda mais consumida no dia a dia ? Pearl Jam com Arroz ,1,0,0.34765625,-0.1552734375,-0.5029296875,0.6231475472450256,0.37685245275497437,False
5.2021.N,5.2021,N,Qual é o cantor que faz buracos no céu? Ca Wando,0,1,-0.65625,1.21875,1.875,0.13296423852443695,0.8670357465744019,False
5.650.H,5.650,H,Em que país só se anda de carro grande? Jamais Ka.,1,1,-0.427734375,0.91796875,1.345703125,0.2065737545490265,0.7934262752532959,True
5.1387.H,5.1387,H,Qual cantora escreveu Sitio do Picapau Amarelo? A Demi Lobato.,1,0,0.283203125,-0.04443359375,-0.32763671875,0.5811842679977417,0.4188157320022583,False
5.3509.H,5.3509,H,Qual é o cantor que tem problemas respiratórios? Erasma Carlos.,1,1,-0.10986328125,0.5625,0.67236328125,0.3379678428173065,0.6620321273803711,True
2.19.N,2.19,N,Todos morrem uma só vez . A Alanis também.,0,0,0.5625,-0.365234375,-0.927734375,0.7166153788566589,0.2833845913410187,True
5.3058.N,5.3058,N,Qual assassino possui um vasto conhecimento? John Wick.,0,1,0.05029296875,0.05224609375,0.001953125,0.49951171875,0.50048828125,False
5.3733.N,5.3733,N,Qual é o esporte de praia que deixa a bola bêbada? Frescobol.,0,0,0.72265625,-0.6484375,-1.37109375,0.7975567579269409,0.2024431824684143,True
4.174.N,4.174,N,O que é que o Xutos e Pontapés e um micro-ondas têm em comum? Nada!,0,0,0.46484375,-0.1630859375,-0.6279296875,0.6520198583602905,0.3479801118373871,True
5.2250.N,5.2250,N,Qual fantasia que a vaca usou no Halloween? Vaca,0,0,0.58984375,-0.55859375,-1.1484375,0.7592254281044006,0.24077458679676056,True
5.1408.H,5.1408,H,Por qual pasta de dente você não paga nada? A Colgrátis.,1,1,-0.3671875,0.95703125,1.32421875,0.21011725068092346,0.7898827195167542,True
4.151.N,4.151,N,Qual é a sobremesa que nunca sai direita? É a pavlova.,0,0,0.48828125,-0.345703125,-0.833984375,0.6971967220306396,0.30280324816703796,True
5.3839.H,5.3839,H,Qual o filme favorito do ator Jim Carney? Acém Ventura.,1,1,-0.9140625,1.546875,2.4609375,0.07864238321781158,0.9213575720787048,True
5.2397.H,5.2397,H,Qual o Podcast favorito desse canal? PODCASTRO.,1,1,-0.53125,1.078125,1.609375,0.1666754186153412,0.8333246111869812,True
5.2014.H,5.2014,H,Em que parte do casa todos se encontram? Na área de ser visto ,1,1,0.0986328125,0.314453125,0.2158203125,0.4462534189224243,0.5537466406822205,True
4.523.N,4.523,N,Qual é o canal preferido dos dálmatas? É o Canal dos cães.,0,1,-0.193359375,0.6015625,0.794921875,0.31111282110214233,0.6888871788978577,False
4.706.H,4.706,H,Qual é o lema do Instagram? Carpe DM.,1,1,-0.5859375,1.03125,1.6171875,0.16559310257434845,0.8344069123268127,True
5.4079.H,5.4079,H,Onde as pessoas andam sem roupa? Nudes erto.,1,1,-0.67578125,1.3984375,2.07421875,0.11162799596786499,0.888372004032135,True
5.912.H,5.912,H,Qual é a parte do computador que não é do bem? O mouse.,1,0,0.62109375,-0.69140625,-1.3125,0.7879312038421631,0.2120688110589981,False
5.2449.N,5.2449,N,Qual é o pintor que vai para Aparecida a pé? O Di Cavalcanti.,0,0,0.7265625,-0.83203125,-1.55859375,0.826151430606842,0.17384852468967438,True
5.3703.N,5.3703,N,Que atriz trabalha como lixeira? Mia Goth.,0,1,-0.8828125,1.4296875,2.3125,0.09009299427270889,0.9099069833755493,False
5.2592.H,5.2592,H,Qual a composição do peido do Papa? 100% benzeno.,1,0,0.51953125,-0.33203125,-0.8515625,0.700894832611084,0.2991051971912384,False
5.1722.H,5.1722,H,Qual personagem do Monteiro Lobato era fã de Just Dance? Tia Anastasia.,1,0,0.240234375,0.0244140625,-0.2158203125,0.5537466406822205,0.4462534189224243,False
5.3169.H,5.3169,H,Que rainha rosna como música? Queen Lati Fa.,1,1,-0.8984375,1.4921875,2.390625,0.0838903859257698,0.9161096215248108,True
4.267.N,4.267,N,"Quando o menino chegou a casa, a mãe dele vira-se: Limpa os pés que estão cheios de Terra.",0,1,-0.00787353515625,0.486328125,0.49420166015625,0.3789042532444,0.6210957169532776,False
5.1462.N,5.1462,N,Qual o jogo preferido da galera de Stranger Things? FIFA.,0,0,0.76953125,-0.91796875,-1.6875,0.8438951373100281,0.1561048924922943,True
5.1397.H,5.1397,H,Qual é o personagem da Marvel que é um pão? Breadpool.,1,1,-0.9375,1.4609375,2.3984375,0.0832919254899025,0.9167081117630005,True
4.259.H,4.259,H,O que é que acontece quando o Frodo morre? Passam-lhe uma certidão de Hobbit.,1,0,0.1083984375,0.0654296875,-0.04296875,0.5107405185699463,0.4892594814300537,False
5.4012.N,5.4012,N,O que o hipopótamo fez com a casa dele? Vendeu.,0,0,0.58984375,-0.53125,-1.12109375,0.754191517829895,0.2458084672689438,True
5.3492.H,5.3492,H,"Qual a banda que, quando nasceu, era alimentada por criminosas? Mamou nas assassinas.",1,0,0.2119140625,-0.1484375,-0.3603515625,0.5891255140304565,0.41087445616722107,False
5.1937.H,5.1937,H,Qual é a nave que quem nasceu até a década de 70 não pode entrar? Millenial Falcon ,1,1,-0.5390625,1.109375,1.6484375,0.16132023930549622,0.8386797904968262,True
4.245.N,4.245,N,Que se diz a um homem que via mas agora já não vê? Tu vias.,0,1,-0.083984375,0.515625,0.599609375,0.3544330894947052,0.6455669403076172,False
5.1434.H,5.1434,H,Por que o queijo estava estudando matemática? Para encontrar o cheese da questão.,1,1,0.1923828125,0.2080078125,0.015625,0.49609383940696716,0.5039061903953552,True
5.3228.H,5.3228,H,Qual o nome do argentino que criou uma lei de incentivo? Juan E.,1,1,-0.35546875,0.80078125,1.15625,0.2393493503332138,0.760650634765625,True
4.89.N,4.89,N,"Como é que se diz "" ano "" na Índia? वर्ष.",0,0,0.6015625,-0.80078125,-1.40234375,0.802555501461029,0.19744445383548737,True
4.416.N,4.416,N,Que ator é o maior pão de Hollywood? O William Pitt.,0,0,0.75390625,-1.046875,-1.80078125,0.858244001865387,0.14175598323345184,True
4.71.N,4.71,N,Porque é que uma mulher pediu a noz-moscada ao filho na cozinha? Porque não tinha canela para pôr no bolo.,0,0,0.2353515625,-0.10888671875,-0.34423828125,0.58521968126297,0.41478031873703003,True
4.733.H,4.733,H,Há anos que procurava um cavalo que bebesse vinho. Para encontrar um foi preciso ir a cascos de rolha.,1,1,-0.490234375,1.1796875,1.669921875,0.15843459963798523,0.8415654301643372,True
4.162.H,4.162,H,"Porque é que o papel higiénico atravessou a estrada? Não conseguiu, ficou preso numa racha.",1,0,0.1630859375,0.08154296875,-0.08154296875,0.5203744769096375,0.47962555289268494,False
4.276.H,4.276,H,Uma mulher tropeça e cai em cima de um cão. Qual é o filme? Senta em um dálmata.,1,1,-0.296875,0.7578125,1.0546875,0.25832599401474,0.74167400598526,True
5.2548.H,5.2548,H,"O que o velho vaidoso disse em frente ao espelho? Vai, idoso!",1,0,0.63671875,-0.4453125,-1.08203125,0.7468782067298889,0.25312182307243347,False
5.1870.N,5.1870,N,O que você precisa fazer quando perde a senha? Recorrer a recuperação de senha.,0,0,0.1376953125,-0.006988525390625,-0.144683837890625,0.5361079573631287,0.46389198303222656,True
5.3033.H,5.3033,H,Qual o único apresentador que usa aliança? Anel só o Rubens.,1,0,0.19921875,-0.035400390625,-0.234619140625,0.5583872199058533,0.44161278009414673,False
4.591.H,4.591,H,Alguém quer comprar um barómetro avariado? Sem pressão...,1,1,0.10498046875,0.1396484375,0.03466796875,0.49133387207984924,0.5086660981178284,True
4.193.N,4.193,N,"Hoje, vinte mulheres convidaram-me a sair do WC . Nunca mais entro no WC das mulheres.",0,0,0.41796875,-0.251953125,-0.669921875,0.6614856719970703,0.3385143280029297,True
5.3732.N,5.3732,N,Qual caneta gosta de dar conhecimento às pessoas? Caneta de quadro.,0,0,0.26953125,-0.1318359375,-0.4013671875,0.5990160703659058,0.40098387002944946,True
5.3953.N,5.3953,N,"Que movimento político ficou de apurar os fatos históricos, mas mentiu de certa forma? Revisionismo.",0,0,0.453125,-0.431640625,-0.884765625,0.707808792591095,0.29219120740890503,True
5.1756.H,5.1756,H,O quê o ciclista foi fazer nos correios? Comprar um selim,1,0,0.6640625,-0.60546875,-1.26953125,0.780662477016449,0.21933749318122864,False
4.96.H,4.96,H,Que nome se dá a um cacto engraçado? Ri-cardo.,1,1,-0.74609375,1.234375,1.98046875,0.1212688684463501,0.8787311315536499,True
4.125.N,4.125,N,O que é que os russos dizem quando mandam uma bola ao cão? Vai!,0,0,0.41015625,-0.2431640625,-0.6533203125,0.6577582955360413,0.34224170446395874,True
5.345.N,5.345,N,Qual banda que torce pra polícia não acertar? Police.,0,0,0.51953125,-0.5859375,-1.10546875,0.7512834072113037,0.24871660768985748,True
5.1233.H,5.1233,H,Por que a criança voltou da casa dos avós sem a mão? Porque era má neta.,1,1,-0.126953125,0.51171875,0.638671875,0.34554681181907654,0.6544531583786011,True
5.2922.H,5.2922,H,No que trabalha o trator quebrado? Ex tração,1,1,-0.34375,1.015625,1.359375,0.20434190332889557,0.7956580519676208,True
5.978.N,5.978,N,Qual é a novela em que Eva zoa Adão? Gênesis.,0,0,0.625,-0.66796875,-1.29296875,0.7846492528915405,0.21535073220729828,True
4.198.H,4.198,H,"Porque é que a febre tifóide é tão perigosa? Porque ou tu a curas, ou ela tifóide mesmo.",1,1,-0.158203125,0.5703125,0.728515625,0.3255205452442169,0.6744794845581055,True
3.17.H,3.17,H,Que nome se dá a uma ferramenta perdida? Foice.,1,0,0.62890625,-0.74609375,-1.375,0.7981867790222168,0.2018132209777832,False
4.267.H,4.267,H,"Quando o ET chegou a casa, a mãe dele vira-se: Limpa os pés que estão cheios de Terra.",1,1,-0.033935546875,0.5078125,0.541748046875,0.36778104305267334,0.6322189569473267,True
5.3272.H,5.3272,H,Qual a comida favorita do ET? Ovine de Codorna.,1,1,-0.66015625,1.046875,1.70703125,0.1535491645336151,0.8464508652687073,True
5.2944.N,5.2944,N,"Qual foi o aviso que Hermione deu para avisar que um colega reprovou na prova? "" Lucius reprovou . """,0,0,0.373046875,-0.380859375,-0.75390625,0.6800292134284973,0.3199707269668579,True
5.2612.H,5.2612,H,Qual música tem coreografia diurética? A dança do maisxixi.,1,0,0.462890625,-0.20703125,-0.669921875,0.6614856719970703,0.3385143280029297,False
5.3635.H,5.3635,H,Qual é o nome do jogo de luta que só se pode jogar tomando tequila? Tequila of Fighters.,1,0,0.2099609375,-0.007293701171875,-0.217254638671875,0.5541010499000549,0.44589897990226746,False
5.2597.H,5.2597,H,Qual seria a profissão perfeita para o Tony Tornado? Promotor de eVENTOS.,1,0,0.494140625,-0.44140625,-0.935546875,0.7181993126869202,0.2818007171154022,False
5.3421.N,5.3421,N,Qual a escola de samba favorita do Zeca Pagodinho? Mocidade independente de Padre Miguel.,0,0,0.255859375,-0.2197265625,-0.4755859375,0.6167050004005432,0.3832949697971344,True
4.411.H,4.411,H,Alpinistas? Há por aí aos montes.,1,0,0.53515625,-0.640625,-1.17578125,0.7641884088516235,0.23581159114837646,False
4.109.N,4.109,N,Que nome se dá a um cão que vai à missa? Cão crente.,0,0,0.45703125,-0.3984375,-0.85546875,0.7017130851745605,0.29828691482543945,True
4.311.N,4.311,N,Porque é que a escrita está inclinada? Porque está em itálico.,0,0,0.365234375,-0.322265625,-0.6875,0.665410578250885,0.3345894515514374,True
4.430.H,4.430,H,O que diz um testículo para o outro? Vamos mas é trabalhar que o patrão está teso.,1,1,0.06494140625,0.10302734375,0.0380859375,0.49047964811325073,0.5095202922821045,True
4.437.H,4.437,H,"O que diz o fósforo para a caixa? Quando roço em ti, perco a cabeça.",1,0,0.33984375,-0.15234375,-0.4921875,0.6206215620040894,0.37937837839126587,False
4.615.N,4.615,N,"A eletricidade está tão cara, tão cara, que a EDP decidiu mudar o nome para Luz de Ouro.",0,0,0.322265625,-0.0703125,-0.392578125,0.5969031453132629,0.4030968248844147,True
5.696.H,5.696,H,Qual é o super-herói de quem todo mundo lembra? The Flash Back.,1,1,-0.53515625,0.921875,1.45703125,0.18892180919647217,0.8110781908035278,True
3.4.N,3.4,N,Qual é o animal que não vale mais nada? O tatu.,0,0,0.66015625,-0.8203125,-1.48046875,0.814643383026123,0.18535664677619934,True
5.1100.H,5.1100,H,Qual é a regra de matemática preferida dos funkeiros? Regra de Sarrus.,1,1,-0.6640625,1.171875,1.8359375,0.13753247261047363,0.8624675869941711,True
5.3839.N,5.3839,N,Qual o filme favorito do ator Jim Carney? Ace Ventura.,0,1,-0.90625,1.4140625,2.3203125,0.08945459872484207,0.9105454087257385,False
4.411.N,4.411,N,Alpinistas? Há por aí nos montes.,0,0,0.482421875,-0.6015625,-1.083984375,0.7472472190856934,0.25275272130966187,True
5.3395.H,5.3395,H,Qual o remédio que te convence a pedir um carro pra vc se deslocar? Vick vai por Uber.,1,1,-0.82421875,1.3359375,2.16015625,0.10338596999645233,0.8966140151023865,True
5.1495.N,5.1495,N,Qual o herói favorito de Deus? Clark Kent.,0,0,0.828125,-1.0703125,-1.8984375,0.869714617729187,0.13028542697429657,True
5.2455.N,5.2455,N,Onde o Mickey gosta de morar? No prédio.,0,0,0.8203125,-1.0546875,-1.875,0.8670357465744019,0.13296423852443695,True
5.444.N,5.444,N,Por que a pessoa que vive rindo de si mesmo nunca é Barrada em lugar algum? Porque ela é carismática.,0,0,0.322265625,-0.201171875,-0.5234375,0.6279512047767639,0.3720487952232361,True
5.1337.N,5.1337,N,Qual autor o Harry Potter lê quando está doente? O Alvo Dumbledore.,0,1,-0.8359375,1.53125,2.3671875,0.08570926636457443,0.914290726184845,False
5.3006.H,5.3006,H,Qual país só tem coisas sem utilidade? As tralha.,1,1,-0.640625,1.046875,1.6875,0.1561048924922943,0.8438951373100281,True
5.203.N,5.203,N,Por que muitos jogadores do Corínthians não foram à festa de comemoração do título brasileiro? Porque a festa foi muito longe . Lá na casa do Fagner!,0,0,0.5546875,-0.408203125,-0.962890625,0.723700225353241,0.2762998342514038,True
5.3330.H,5.3330,H,Qual é o cara incentivador de suicidas? É o cara Pópular!,1,1,-0.73046875,1.4375,2.16796875,0.10266400873661041,0.897335946559906,True
5.635.N,5.635,N,Qual é o policial que não gosta de gente com boca suja? Guarda municipal.,0,0,0.71875,-0.7890625,-1.5078125,0.8187368512153625,0.18126320838928223,True
5.2738.N,5.2738,N,Po que a gente se sente mais equilibrado ao entrar em um rodízio? Porque ali é um restaurante,0,0,0.49609375,-0.396484375,-0.892578125,0.7094219326972961,0.29057809710502625,True
5.964.H,5.964,H,Qual é a cantora que tomou conta do Menino Jesus? Babá de Belém.,1,0,0.359375,-0.2490234375,-0.6083984375,0.6475753784179688,0.35242462158203125,False
5.1287.H,5.1287,H,Qual cantor gosta de chocolate? Kit-Kat Stevens.,1,1,-0.76953125,1.2578125,2.02734375,0.11636176705360413,0.8836382627487183,True
5.22.N,5.22,N,Quando é que o David Copperfield sabe quando tem gente chegando na casa dele? Olhando pelo interfone.,0,0,0.392578125,-0.478515625,-0.87109375,0.7049732804298401,0.2950267791748047,True
5.1361.H,5.1361,H,Qual é o melhor legume que existe? A Better raba.,1,1,-0.88671875,1.515625,2.40234375,0.08299413323402405,0.9170058369636536,True
4.152.N,4.152,N,Já estreou o novo espetáculo com bonecos ao vivo . É uma peça de teatro.,0,0,0.52734375,-0.388671875,-0.916015625,0.7142295837402344,0.285770446062088,True
5.3911.N,5.3911,N,Qual a cidade as pessoas rezam e fazem artesanato? Em Budas Artes.,0,1,-0.6015625,1.28125,1.8828125,0.13206616044044495,0.8679338097572327,False
5.958.H,5.958,H,Qual é a lenda que sempre conta os dias? O K Lendário.,1,1,-0.7109375,1.5703125,2.28125,0.09268777072429657,0.907312273979187,True
5.7.H,5.7,H,Por que a feijoada estava triste? Porque colocaram ela na panela depressão.,1,1,-0.1259765625,0.498046875,0.6240234375,0.34886693954467773,0.6511330008506775,True
5.20.H,5.20,H,Qual é o estado americano que não cai duas vezes no mesmo lugar? Ohio.,1,0,0.546875,-0.76171875,-1.30859375,0.7872777581214905,0.2127222716808319,False
5.1202.H,5.1202,H,Porque os pãezinhos nos EUA são cor de abóbora?  Porque é um pumpkin nininho.,1,1,-0.74609375,1.2265625,1.97265625,0.12210386246442795,0.8778960704803467,True
5.1287.N,5.1287,N,Qual cantor gosta de chocolate? Frank Sinatra.,0,0,0.80078125,-1.1484375,-1.94921875,0.875361442565918,0.12463857978582382,True
4.733.N,4.733,N,Há anos que procurava um Homem  que bebesse vinho . Para encontrar um foi preciso Ir perguntar .,0,1,-0.234375,0.7578125,0.9921875,0.2704802453517914,0.729519784450531,False
4.708.H,4.708,H,Qual é a cantora preferida dos cirurgiões? É a Anastasia.,1,0,0.55078125,-0.5078125,-1.05859375,0.7424216866493225,0.2575782835483551,False
5.2789.H,5.2789,H,por que o beta não avança no relacionamento? porque se não ele gama. ,1,1,-0.019287109375,0.30859375,0.327880859375,0.4187563359737396,0.5812436938285828,True
4.385.H,4.385,H,"Dois gémeos foram presos por homicídio, mas passado um tempo libertaram o que estava mais gordo. Porque o que não mata, engorda.",1,0,0.140625,0.11181640625,-0.02880859375,0.5072016716003418,0.4927983582019806,False
5.3511.H,5.3511,H,Qual ex-piloto era um índio pronto pro ataque? Mim Ka Salo.,1,1,-0.9375,1.390625,2.328125,0.08882028609514236,0.9111796617507935,True
5.3668.N,5.3668,N,Por que o frango caipira não tem problemas jurídicos de identidade? Porque ele não tem hormônios.,0,0,0.330078125,-0.21484375,-0.544921875,0.6329566240310669,0.3670433759689331,True
5.3391.H,5.3391,H,Qual cantora famosa nasceu em La Paz? Bolívia Newton-John.,1,1,-0.150390625,0.478515625,0.62890625,0.34775859117507935,0.6522414088249207,True
4.151.H,4.151,H,Qual é a sobremesa que nunca sai direita? É a torta.,1,0,0.53515625,-0.380859375,-0.916015625,0.7142295837402344,0.285770446062088,False
5.3623.N,5.3623,N,Qual é o detetive que assiste tênis? Ace Ventura.,0,1,-0.69140625,1.1953125,1.88671875,0.13161905109882355,0.8683809638023376,False
5.3498.H,5.3498,H,Qual o sanduba do Tom Brady? X-egg Bündchen.,1,1,0.0022125244140625,0.46875,0.4665374755859375,0.385436087846756,0.6145638823509216,True
4.131.N,4.131,N,Qual é o jogo preferido das batatas fritas? É o Uno.,0,1,0.09228515625,0.10888671875,0.0166015625,0.49584969878196716,0.5041502714157104,False
5.848.N,5.848,N,Qual personagem da Disney que ninguém gosta? Jafar.,0,0,0.71875,-0.86328125,-1.58203125,0.8294920325279236,0.17050801217556,True
5.1515.H,5.1515,H,Qual super herói que tem fetiche com a própria mãe? Édipool.,1,1,-0.86328125,1.375,2.23828125,0.09636510908603668,0.9036349058151245,True
5.3409.N,5.3409,N,Qual é a melhor coisa pra se desejar a um amigo no Natal? Boas Festas.,0,0,0.6796875,-0.61328125,-1.29296875,0.7846492528915405,0.21535073220729828,True
5.30.H,5.30,H,Por que o elefante não pega fogo? Porque ele é cinza.,1,0,0.41015625,-0.4140625,-0.82421875,0.6951311230659485,0.3048688769340515,False
5.3872.H,5.3872,H,Qual atriz é a rainha do marketing brasileiro? Bruna Marketingne,1,1,-0.345703125,0.8984375,1.244140625,0.22371606528759003,0.7762839198112488,True
4.229.H,4.229,H,A minha amiga asiática ficou doente. Mas eu Coreia.,1,1,0.0274658203125,0.33203125,0.3045654296875,0.4244418144226074,0.5755582451820374,True
5.3370.H,5.3370,H,"Qual ator é a junção de um tigre, um super-herói e um cantor? Tony Thor Naldo.",1,1,-0.43359375,0.9140625,1.34765625,0.2062537968158722,0.7937461733818054,True
5.1808.H,5.1808,H,Qual é o animal preferido dos Beatles? Ornitorringo,1,1,-0.2021484375,0.58984375,0.7919921875,0.31174105405807495,0.688258945941925,True
5.3478.H,5.3478,H,Com qual marcha o porco anda? Carré.,1,0,0.41015625,-0.384765625,-0.794921875,0.6888871788978577,0.31111282110214233,False
4.731.N,4.731,N,"Como é que uma Pessoa elogia uma mulher alta? Eh lá, hoje estás Espantosa!",0,1,-0.244140625,0.59375,0.837890625,0.3019792139530182,0.6980208158493042,False
4.502.N,4.502,N,"Segui as instruções na embalagem da lasanha que dizia para colocar o forno a 180 graus . Agora como é que eu abro a porta, se o forno está tão quente?",0,0,0.466796875,-0.32421875,-0.791015625,0.68804931640625,0.3119506239891052,True
4.343.N,4.343,N,Qual é a nacionalidade de um canalizador de bigode? É um mexicano.,0,0,0.53125,-0.6640625,-1.1953125,0.7676898241043091,0.23231014609336853,True
5.1743.N,5.1743,N,"Quando o Superman morreu, como o vilão dele ficou? De folga.",0,0,0.447265625,-0.443359375,-0.890625,0.709019124507904,0.29098084568977356,True
5.1250.N,5.1250,N,"Qual a carne que rapidamente disse "" ooooh ""? Picanha.",0,0,0.64453125,-0.6640625,-1.30859375,0.7872777581214905,0.2127222716808319,True
5.3855.H,5.3855,H,Qual o nome que se dá para o assassinato em massa na galáxia do universo da Marvel? Crimes simulThanos.,1,1,-0.65234375,1.4609375,2.11328125,0.10781263560056686,0.8921873569488525,True
5.2188.H,5.2188,H,Cantor favorito dos pedreiros? Amado Batistaca ,1,1,0.09375,0.2373046875,0.1435546875,0.4641728401184082,0.5358271598815918,True
4.374.N,4.374,N,Porque é que na Polónia ninguém se perde? Porque lá há muita sinalização.,0,0,0.412109375,-0.2001953125,-0.6123046875,0.6484664082527161,0.3515336513519287,True
5.958.N,5.958,N,Qual é a lenda que sempre conta os dias? O calendário.,0,0,0.6875,-0.72265625,-1.41015625,0.8037906289100647,0.19620943069458008,True
4.174.H,4.174,H,O que é que o Xutos e Pontapés e um micro-ondas têm em comum? Tim!,1,0,0.359375,-0.0654296875,-0.4248046875,0.6046323776245117,0.3953676223754883,False
3.4.H,3.4,H,Qual é o animal que não vale mais nada? O javali.,1,0,0.578125,-0.72265625,-1.30078125,0.7859664559364319,0.2140335589647293,False
5.4025.N,5.4025,N,Nome de cervejaria em homenagem a um grande cantor brasileiro? Capitão Bock.,0,1,-0.55078125,0.8515625,1.40234375,0.19744445383548737,0.802555501461029,False
5.4028.H,5.4028,H,Por que o piloto não gosta de passar no meio da nuvem com o avião? Porque ele tem Cloudstrofobia.,1,1,-0.328125,0.8125,1.140625,0.2422056347131729,0.7577943801879883,True
5.3461.N,5.3461,N,Onde os artistas americanos dão chilique de tanto dar autógrafos? No tapete vermelho.,0,0,0.703125,-0.83203125,-1.53515625,0.8227594494819641,0.1772405207157135,True
4.73.N,4.73,N,Porque é que as loiras só fazem sexo uma vez por ano? Porque o sexo anual não engravida.,0,1,0.1630859375,0.193359375,0.0302734375,0.49243220686912537,0.5075677633285522,False
4.73.H,4.73,H,Porque é que as loiras só fazem sexo uma vez por ano? Porque o sexo anal não engravida.,1,0,0.3671875,-0.1943359375,-0.5615234375,0.6368049383163452,0.3631950616836548,False
5.589.N,5.589,N,Qual é a fruta preferida do Neymar? A uva branca.,0,0,0.7890625,-0.75,-1.5390625,0.8233283758163452,0.1766716092824936,True
5.3355.H,5.3355,H,O que mais excita o fazendeiro ? EmpôlGado no Pasto.,1,1,-0.88671875,1.59375,2.48046875,0.0772387906908989,0.9227612018585205,True
5.2136.N,5.2136,N,Qual é a massa servida nos EUA? Espaguete,0,0,0.67578125,-0.8359375,-1.51171875,0.8193157911300659,0.18068420886993408,True
5.1739.H,5.1739,H,Qual parte da bicicleta quem se chama Guilherme nunca precisa comprar? Guidão.,1,0,0.69921875,-0.69140625,-1.390625,0.8006919622421265,0.19930797815322876,False
4.713.H,4.713,H,O que é um anão? É um ano bissexto.,1,0,0.375,-0.1748046875,-0.5498046875,0.63409024477005,0.36590972542762756,False
4.551.H,4.551,H,Um iogurte fora de prazo mata uma família inteira. Qual é o filme? Activia Paranormal.,1,1,0.031982421875,0.4609375,0.428955078125,0.39437589049339294,0.6056241393089294,True
5.83.N,5.83,N,Qual é o animal que mais sofre com enfermidades? O gato.,0,0,0.625,-0.7890625,-1.4140625,0.804405927658081,0.19559407234191895,True
5.3793.N,5.3793,N,Qual rede das lojas é maior que o Trump? McDonald's.,0,0,0.73046875,-0.94921875,-1.6796875,0.842863142490387,0.15713685750961304,True
4.108.H,4.108,H,"Uma feminista perguntou-me de que forma eu via as relações lésbicas. Parece que ""em HD"" não era a resposta correta...",1,1,0.12158203125,0.158203125,0.03662109375,0.4908457398414612,0.509154200553894,True
5.2070.H,5.2070,H,Qual é a banda favorita do império galáctico? Kylo R.E.M. ,1,1,-0.765625,1.34375,2.109375,0.10818895697593689,0.8918110132217407,True
5.20.N,5.20,N,Qual é o estado americano que não cai duas vezes no mesmo lugar? Massachusetts.,0,0,0.5625,-0.78515625,-1.34765625,0.7937461733818054,0.2062537968158722,True
5.1956.H,5.1956,H,O que a vaca foi fazer na delegacia? Um bom leitinho de ocorrência ,1,0,0.2255859375,0.06591796875,-0.15966796875,0.5398324131965637,0.46016761660575867,False
5.2764.N,5.2764,N,Qual cantora não come carne? A VegetaRhianna.,0,1,-0.54296875,1.3515625,1.89453125,0.13072867691516876,0.8692712783813477,False
5.30.N,5.30,N,Por que o elefante não pega fogo? Porque ele é branco.,0,0,0.56640625,-0.625,-1.19140625,0.766992449760437,0.2330075204372406,True
5.2203.H,5.2203,H,Qual é o documento que não deixa claro quando a pessoa nasceu? Incertidão de nascimento.,1,1,0.03466796875,0.3046875,0.27001953125,0.4329022765159607,0.5670977234840393,True
5.3166.H,5.3166,H,Por que o jardineiro estava passando necessidade? Andava meio sem grama.,1,1,-0.2060546875,0.515625,0.7216796875,0.3270232081413269,0.6729767918586731,True
4.227.N,4.227,N,O que é que acontece quando o Aladino esfrega a lamparina mágica debaixo de água? Aparece o génio.,0,0,0.2255859375,-0.1796875,-0.4052734375,0.5999540090560913,0.4000459909439087,True
4.201.H,4.201,H,Era uma vez uma cidade onde quase todas as motos eram Yamaha. Qual é o filme? Poca Hondas.,1,1,-0.6796875,1.0703125,1.75,0.14804719388484955,0.8519527316093445,True
5.2144.N,5.2144,N,Porque não se paga bandido com cheque? Porque o crime não beneficia.,0,0,0.359375,-0.1708984375,-0.5302734375,0.6295468807220459,0.3704531192779541,True
4.539.N,4.539,N,"Será que os meus amigos vão passar férias a países do médio oriente? Uns, sim . Os outros, não .",0,0,0.51953125,-0.341796875,-0.861328125,0.7029380798339844,0.2970619201660156,True
5.2689.H,5.2689,H,Renata voltou do médico com o braço furado. Qual é o acontecimento histórico? Rê volta da Vacina.,1,1,-0.462890625,1.078125,1.541015625,0.17638768255710602,0.8236122727394104,True
5.2789.N,5.2789,N,por que o beta não avança no relacionamento? porque se não ele se machuca.,0,0,0.56640625,-0.53125,-1.09765625,0.7498207092285156,0.25017932057380676,True
5.2243.H,5.2243,H,Por que a mulher com carteira assinada nunca tira a lingerie? Porque ela tá de renda fixa ,1,1,-0.333984375,0.70703125,1.041015625,0.2609540522098541,0.7390459179878235,True
5.3807.N,5.3807,N,Qual senador que proíbe piadas? Confúcio Moura.,0,0,0.859375,-0.96484375,-1.82421875,0.8610715270042419,0.13892842829227448,True
5.2252.H,5.2252,H,Qual personagem de desenho falsifica assinaturas com caneta? Bic Vigarista ,1,0,0.2158203125,0.150390625,-0.0654296875,0.516351580619812,0.483648419380188,False
5.2193.H,5.2193,H,Qual é a bala favorita dos pedreiros? Cimenthos,1,1,-0.61328125,1.296875,1.91015625,0.12896330654621124,0.87103670835495,True
4.617.H,4.617,H,Por que é que o Napoleão era sempre convidado para todas as festas? Porque era bom na party.,1,1,-0.125,0.4375,0.5625,0.36296921968460083,0.6370307803153992,True
5.2938.N,5.2938,N,Qual é a comida do pássaro gigante que toca trompete? O alpiste.,0,0,0.5546875,-0.640625,-1.1953125,0.7676898241043091,0.23231014609336853,True
4.217.H,4.217,H,Quando estiveres triste abraça um sapato. Um sapato com sola.,1,0,0.4765625,-0.318359375,-0.794921875,0.6888871788978577,0.31111282110214233,False
5.1250.H,5.1250,H,"Qual a carne que rapidamente disse ""ooooh""? Carne disse oh já.",1,1,-0.5234375,0.97265625,1.49609375,0.1830088347196579,0.8169911503791809,True
4.166.N,4.166,N,Uma assistente de moda foi despedido . Qual é o filme? O Diabo Veste Prada.,0,0,0.1669921875,0.1318359375,-0.03515625,0.5087881684303284,0.49121183156967163,True
4.388.H,4.388,H,Hoje passei por uma família de cães na rua. Foi ali em Family-cão.,1,1,-0.72265625,1.2421875,1.96484375,0.12294380366802216,0.8770562410354614,True
5.1046.H,5.1046,H,Qual o canal para fumantes infantis? Carlton Network.,1,1,0.06591796875,0.1796875,0.11376953125,0.47158828377723694,0.5284117460250854,True
5.2360.N,5.2360,N,Por que a atleta foi presa por atentado ao pudor enquanto jogava? Porque estava jogando uma partida.,0,0,0.392578125,-0.0927734375,-0.4853515625,0.6190107464790344,0.3809892237186432,True
4.226.N,4.226,N,Porque é que o João Silva está feliz? Porque teve um dia positivo.,0,0,0.57421875,-0.47265625,-1.046875,0.740174412727356,0.2598256468772888,True
5.405.N,5.405,N,Onde ficam as maiores dúvidas dos dentistas? Na cabeça.,0,0,0.48046875,-0.51171875,-0.9921875,0.729519784450531,0.2704802453517914,True
4.433.N,4.433,N,Hoje descobri que a minha torradeira não é à prova de água . Fiquei surpreendido.,0,0,0.5859375,-0.51171875,-1.09765625,0.7498207092285156,0.25017932057380676,True
5.1006.H,5.1006,H,Qual a concorrente mais desbocada da Marvel??? DC Gonçalves.,1,1,-0.62890625,1.21875,1.84765625,0.1361483335494995,0.8638516664505005,True
4.322.H,4.322,H,Qual é a semelhança entre um sapato e uma PlayStation? Ambos são consola.,1,1,-0.55859375,1.21875,1.77734375,0.14463143050670624,0.8553685545921326,True
5.1140.H,5.1140,H,Qual é a moeda preferida que quem fica em casa cuidando dos filhos? Do Lar,1,0,0.44140625,-0.33203125,-0.7734375,0.684264063835144,0.31573596596717834,False
5.3521.H,5.3521,H,"O que o cara gritava quando foi preso por 171? ""Mentira daqui!""",1,0,0.2431640625,-0.0771484375,-0.3203125,0.5794004201889038,0.4205996096134186,False
5.614.N,5.614,N,Qual é o carro preferido do Ricardo? Logan.,0,0,0.77734375,-0.97265625,-1.75,0.8519527316093445,0.14804719388484955,True
4.660.N,4.660,N,"Como se chama um cão sem donos? Não se chama, vai-se buscar.",0,1,-0.05126953125,0.400390625,0.45166015625,0.3889661133289337,0.6110338568687439,False
4.250.N,4.250,N,Qual é a especialidade de um médico bipolar? Otorrinolaringologista .,0,0,0.53125,-0.56640625,-1.09765625,0.7498207092285156,0.25017932057380676,True
5.3787.N,5.3787,N,Qual ator estrangeiro já foi PM? Guiliano Gemma,0,1,-0.55859375,1.140625,1.69921875,0.15456733107566833,0.845432698726654,False
4.259.N,4.259,N,O que é que acontece quando o Frodo morre? Passam-lhe uma certidão de óbito.,0,0,0.39453125,-0.408203125,-0.802734375,0.6905590891838074,0.3094409108161926,True
5.3623.H,5.3623,H,Qual é o detetive que joga tênis? Ace Ventura.,1,1,-0.53125,0.9921875,1.5234375,0.17895591259002686,0.8210441470146179,True
4.435.H,4.435,H,"Como é que se diz ""médico estagiário"" em japonês? Otikuro Otimato",1,1,-0.271484375,0.58984375,0.861328125,0.2970619201660156,0.7029380798339844,True
5.3581.H,5.3581,H,Qual artista gosta de pintar os personagens de Toy Story usando cores bem vivas? O Andy Warhol.,1,0,0.69140625,-0.96875,-1.66015625,0.8402590155601501,0.15974101424217224,False
5.2534.N,5.2534,N,Onde moram os dançarinos da Xuxa? São Paulo.,0,0,0.8671875,-1.046875,-1.9140625,0.8714748620986938,0.12852515280246735,True
4.463.N,4.463,N,Qual é o melhos carro para o dia-a-dia e conforto? É o Volkswagen Bora!,0,1,0.0458984375,0.447265625,0.4013671875,0.40098387002944946,0.5990160703659058,False
5.1678.H,5.1678,H,O que acontece com o homem do interior que cai e bate a cabeça? Cai e pira.,1,1,-0.062255859375,0.212890625,0.275146484375,0.4316440522670746,0.568355917930603,True
4.333.N,4.333,N,Em quantas partes se parte o corpo do homem? Depende da força da pancada.,0,0,0.3359375,-0.341796875,-0.677734375,0.6632328629493713,0.33676716685295105,True
5.2237.H,5.2237,H,"Qual o cantor que, ao descobrir que é corno, resolve partir pra briga com o amante? Pau no Ricardo ",1,0,0.451171875,-0.333984375,-0.78515625,0.6867902874946594,0.3132096529006958,False
5.1431.N,5.1431,N,Qual é o nome do X-Men que é ginecologista? Wolverine.,0,0,0.6796875,-0.7734375,-1.453125,0.8104788661003113,0.18952107429504395,True
4.431.H,4.431,H,"""Ontem"" não tem H. ""Hoje"" tem H. Como as coisas mudam de um dia para o outro...",1,0,0.283203125,-0.06298828125,-0.34619140625,0.5856937170028687,0.41430628299713135,False
5.638.N,5.638,N,Onde o mineiro aprendeu inglês? No trem!,0,0,0.7421875,-0.79296875,-1.53515625,0.8227594494819641,0.1772405207157135,True
4.167.N,4.167,N,Qual é o passatempo preferido de um mexicano de 12 anos? Bricar às escondidas.,0,0,0.56640625,-0.6484375,-1.21484375,0.7711548805236816,0.22884513437747955,True
5.1286.N,5.1286,N,Qual o nome do piloto do dirigível? Feodor Nenov.,0,1,-0.458984375,0.90234375,1.361328125,0.2040245532989502,0.7959754467010498,False
5.263.N,5.263,N,Qual é o nome do filme protagonizado por duas motos bem nervosas? A parede.,0,0,0.546875,-0.51171875,-1.05859375,0.7424216866493225,0.2575782835483551,True
4.213.H,4.213,H,Como é que se chama uma empregada doméstica chinesa? Lee-xívia.,1,1,0.06982421875,0.1787109375,0.10888671875,0.4728051722049713,0.5271947979927063,True
5.108.N,5.108,N,Qual é a lagoa que não sabe o alfabeto? Pampulha.,0,0,0.79296875,-0.90234375,-1.6953125,0.8449215292930603,0.1550784558057785,True
5.2929.N,5.2929,N,Qual é a cantora mais conhecida por assédio? é a Lizzo,0,1,0.0230712890625,0.40234375,0.3792724609375,0.40630239248275757,0.5936976075172424,False
5.4098.N,5.4098,N,Qual molho é sempre servido em proporções exageradas? De tomate.,0,0,0.296875,-0.1806640625,-0.4775390625,0.6171665787696838,0.38283342123031616,True
5.3027.N,5.3027,N,Qual o estado americano preferido dos sadomasoquistas? Nevada.,0,0,0.53125,-0.66015625,-1.19140625,0.766992449760437,0.2330075204372406,True
4.616.H,4.616,H,Por que é que os hospitais não atendem plantinhas? Porque só têm médicos de plantão.,1,1,0.0751953125,0.15625,0.0810546875,0.4797474443912506,0.5202525854110718,True
5.638.H,5.638,H,Onde o mineiro aprendeu inglês? No Uai...zap!,1,1,-0.048583984375,0.32421875,0.372802734375,0.407863974571228,0.5921360850334167,True
4.510.N,4.510,N,"No outro dia estava a lavar o carro com o meu filho, vira-se ele: Pai, porque é que usas uma esponja?",0,0,0.52734375,-0.349609375,-0.876953125,0.7061904072761536,0.29380956292152405,True
5.3890.N,5.3890,N,Qual cantora pop sempre te convida pra tomar uma xícara de café? Beyoncé.,0,0,0.8359375,-1.015625,-1.8515625,0.8643104434013367,0.13568954169750214,True
4.472.H,4.472,H,Qual é a fruta mais comum nos churrascos? É o açaí.,1,0,0.61328125,-0.6796875,-1.29296875,0.7846492528915405,0.21535073220729828,False
5.683.N,5.683,N,Qual é a jornalista mais genérica do mundo? Lucy Morgan.,0,0,0.640625,-0.8515625,-1.4921875,0.8164063692092896,0.18359361588954926,True
5.3058.H,5.3058,H,Qual assassino possui um vasto conhecimento? John Wick Pédia.,1,1,-0.87890625,1.328125,2.20703125,0.0991208553314209,0.9008791446685791,True
5.1043.H,5.1043,H,Qual é o pokémon da umbanda? O pikaEXU,1,1,-0.4765625,0.93359375,1.41015625,0.19620943069458008,0.8037906289100647,True
4.417.N,4.417,N,Porque é que os daltónicos têm péssima memória? Porque não sabem nada decor.,0,1,-0.69140625,1.46875,2.16015625,0.10338596999645233,0.8966140151023865,False
4.632.N,4.632,N,Nem todos os esqueletos ouvem . Só os que têm ouvidos.,0,1,0.056884765625,0.10693359375,0.050048828125,0.48749038577079773,0.5125095844268799,False
5.87.H,5.87,H,Qual a embarcação criada para salvar os dinossauros do dilúvio?  A arca DINO É,1,1,-0.2890625,0.65625,0.9453125,0.2798284888267517,0.7201715111732483,True
5.872.H,5.872,H,Qual comediante vive com calor? Renato Abane.,1,1,-0.271484375,0.55859375,0.830078125,0.303628534078598,0.6963714361190796,True
5.2959.H,5.2959,H,Qual empresa responsável por encher o avião? Infla Aero.,1,1,-0.59375,1.28125,1.875,0.13296423852443695,0.8670357465744019,True
5.710.H,5.710,H,Como se faz para desenterrar um Jockey? É só escavá-lo.,1,0,0.15234375,0.03857421875,-0.11376953125,0.5284117460250854,0.47158828377723694,False
5.2008.N,5.2008,N,Em qual cidade todas as pedras preciosas e incomuns são protegidas? Sertãozinho,0,0,0.609375,-0.435546875,-1.044921875,0.7397986054420471,0.26020142436027527,True
5.200.H,5.200,H,"O que o pão disse para o padeiro quando este abriu o forno? ""Assôoo""!",1,0,0.1611328125,0.0869140625,-0.07421875,0.5185461640357971,0.4814538359642029,False
5.141.N,5.141,N,Qual o herói da ovelha? Batman.,0,0,0.7265625,-0.91796875,-1.64453125,0.8381505608558655,0.16184943914413452,True
5.2183.N,5.2183,N,Qual é a hortaliça que faz sucesso no norte e nordeste? Macaxeira,0,0,0.7578125,-0.82421875,-1.58203125,0.8294920325279236,0.17050801217556,True
4.312.H,4.312,H,Porque é que a mulher do Einstein usa bikini? Porque tem um bom físico.,1,0,0.5703125,-0.4921875,-1.0625,0.7431680560112,0.2568320035934448,False
5.1449.H,5.1449,H,Po rque o carteiro foi à feira? Porque tinha uma carta na manga.,1,1,0.058349609375,0.1982421875,0.139892578125,0.4650837779045105,0.5349162220954895,True
5.1272.N,5.1272,N,Qual rato que mais trabalha pela cultura do Brasil? Mickey Mouse.,0,0,0.703125,-0.9375,-1.640625,0.837619960308075,0.16238002479076385,True
5.1858.H,5.1858,H,Que cantora faz pequenas transmissões na internet? Avril Livinha.,1,1,-0.71484375,1.2890625,2.00390625,0.11879339814186096,0.8812065720558167,True
5.229.N,5.229,N,Qual inseto está muito gordo? Mosquito.,0,0,0.73046875,-0.796875,-1.52734375,0.8216173648834229,0.17838266491889954,True
5.1078.H,5.1078,H,Qual o bolo mais barulhento que existe? Bolo de Noises.,1,1,-0.54296875,1.1953125,1.73828125,0.14953136444091797,0.8504685759544373,True
5.1746.H,5.1746,H,Por que o ciclista ficou com medo de entrar na mata? Porque ele viu umacobra radical,1,1,-0.404296875,1.0,1.404296875,0.19713515043258667,0.8028648495674133,True
4.583.H,4.583,H,"""Cada dia, temos de fazer com que as pequenas coisas contem"" - disse a professora de matemática de anões.",1,1,-0.06591796875,0.349609375,0.41552734375,0.39758750796318054,0.6024125218391418,True
5.3079.H,5.3079,H,Qual o cineasta mais odiado em Goiânia? Martin ScorCÉSIO.,1,1,-0.80859375,1.4375,2.24609375,0.09568694978952408,0.9043130874633789,True
5.3143.N,5.3143,N,Qual o grupo dos heróis? Os Vingadores.,0,0,0.57421875,-0.671875,-1.24609375,0.7766229510307312,0.22337706387043,True
5.841.N,5.841,N,Qual escritor usava roupas de frio? Edgar Alã Põe.,0,1,-0.765625,1.578125,2.34375,0.08756384253501892,0.9124361872673035,False
5.1657.H,5.1657,H,Qual é a lanchonete favorita dos góticos? Black Donald's.,1,0,0.55078125,-0.734375,-1.28515625,0.7833262085914612,0.21667379140853882,False
4.217.N,4.217,N,Quando estiveres triste abraça um sapato . Um sapato consola.,0,0,0.5234375,-0.48828125,-1.01171875,0.7333563566207886,0.26664361357688904,True
5.1858.N,5.1858,N,Qual é o cigarro que todos os comediantes gostam? Malboro.,0,0,0.125,0.04248046875,-0.08251953125,0.520618200302124,0.479381799697876,True
5.75.H,5.75,H,Qual é o contrário de centopeia? Levantomãofoi.,1,1,-0.93359375,1.4140625,2.34765625,0.08725224435329437,0.9127477407455444,True
5.2606.H,5.2606,H,Qual a figura mitológica mais velha? Antígona.,1,0,0.62109375,-0.69921875,-1.3203125,0.7892336845397949,0.21076631546020508,False
4.46.N,4.46,N,Estão dois gatinhos à procura da mãe . Qual é o filme? Os Aristogatos.,0,0,0.3203125,-0.038330078125,-0.358642578125,0.5887117981910706,0.41128820180892944,True
5.2988.H,5.2988,H,Qual microorganismo é sempre passado pra trás? Protozotário.,1,1,-0.55859375,1.3671875,1.92578125,0.12721826136112213,0.8727816939353943,True
4.186.H,4.186,H,Qual é a série preferida dos cagalhões? Prison Break.,1,0,0.71484375,-0.8203125,-1.53515625,0.8227594494819641,0.1772405207157135,False
5.964.N,5.964,N,Qual é a cantora que tomou conta do Menino Jesus? Gal Costa.,0,0,0.7578125,-0.93359375,-1.69140625,0.8444089889526367,0.1555909812450409,True
5.5.N,5.5,N,Por que o celular foi para o centro de reabilitação? Porque a bateria estava perdendo-se.,0,0,0.2578125,-0.035888671875,-0.293701171875,0.5729020237922668,0.42709800601005554,True
5.3018.H,5.3018,H,Qual a série que fala de fato quem é sua mãe? Realmente your mother.,1,1,0.0157470703125,0.36328125,0.3475341796875,0.41398051381111145,0.5860195159912109,True
5.561.N,5.561,N,Qual personagem do Star Wars? xubaca.,0,0,0.5703125,-0.53125,-1.1015625,0.7505527138710022,0.24944724142551422,True
5.2020.N,5.2020,N,O que o nordestino disse pro amigo que sempre aceitava desaforo calado? XIA ÔMI,0,0,0.265625,-0.0341796875,-0.2998046875,0.5743947625160217,0.4256052076816559,True
5.782.H,5.782,H,Qual a tartaruga ninja que mais gosta de dormir? O Fronhatelo.,1,1,-0.609375,0.99609375,1.60546875,0.1672186702489853,0.8327813148498535,True
4.446.H,4.446,H,Qual é a banda preferida dos obesos? A banda gástrica.,1,1,-0.1142578125,0.61328125,0.7275390625,0.3257350027561188,0.6742650270462036,True
4.247.N,4.247,N,"Se algum dia te sentires triste por não receberes correio, vai ao Google e faz uma pesquisa . Vais ter milhares de explicações.",0,0,0.380859375,-0.057373046875,-0.438232421875,0.6078377962112427,0.3921622335910797,True
5.1061.N,5.1061,N,Qual doença temos que coletar esperma? Prostatite.,0,0,0.31640625,-0.05859375,-0.375,0.5926666259765625,0.4073334336280823,True
5.3381.N,5.3381,N,Qual cantora baiana gosta de heavy metal? Margareth Menezes.,0,0,0.91015625,-1.25,-2.16015625,0.8966140151023865,0.10338596999645233,True
5.553.N,5.553,N,O que a Minnie falou pro namorado dela quando encostou na fogueira? Mickey está quente.,0,0,0.365234375,-0.53515625,-0.900390625,0.7110297679901123,0.2889702320098877,True
5.3728.H,5.3728,H,"Como se chama o aquecedor que honesto, humilde e honrado? Aquecedor Hs.",1,1,-0.4140625,1.1171875,1.53125,0.17781086266040802,0.8221890926361084,True
4.433.H,4.433,H,Hoje descobri que a minha torradeira não é à prova de água. Fiquei chocado.,1,0,0.5390625,-0.486328125,-1.025390625,0.7360213398933411,0.2639786899089813,False
5.3253.H,5.3253,H,Como se chamam aqueles parentes que você não vê nunca? Os Trans Parentes.,1,1,-0.5234375,1.296875,1.8203125,0.13939638435840607,0.8606036305427551,True
5.2564.H,5.2564,H,Por que o Charlie Brown sofria de dores na cervical? Porque ele só olhava pro seum beagle.,1,1,-0.361328125,0.56640625,0.927734375,0.2833845913410187,0.7166153788566589,True
4.655.N,4.655,N,Hoje a São acordou toda molhada . O que aconteceu? Choveu.,0,0,0.50390625,-0.302734375,-0.806640625,0.6913931965827942,0.3086068332195282,True
5.1171.H,5.1171,H,Qual cantora espera um dia ser rainha? Mariah QUÉ REI.,1,1,-0.6171875,1.1875,1.8046875,0.14128142595291138,0.8587185740470886,True
5.3877.H,5.3877,H,Qual o cantor favorito da xícara? Alexandre Pires.,1,0,1.03125,-1.21875,-2.25,0.9046505093574524,0.09534946084022522,False
5.674.H,5.674,H,Qual parente sempre deixa um pouco de comida no prato? A sobrinha.,1,0,0.7890625,-0.76953125,-1.55859375,0.826151430606842,0.17384852468967438,False
5.1670.H,5.1670,H,Qual é o app que os jardineiros fazem questão de cortar da vida social deles? Instagrama.,1,0,0.53125,-0.431640625,-0.962890625,0.723700225353241,0.2762998342514038,False
5.2252.N,5.2252,N,Qual personagem de desenho falsifica notas com caneta? Bic Vigarista,0,0,0.296875,-0.0174560546875,-0.3143310546875,0.5779420733451843,0.4220579266548157,True
5.122.N,5.122,N,Como chama a cerveja que você só toma de 2 em 2 anos? Skoll.,0,0,0.79296875,-0.84375,-1.63671875,0.8370879292488098,0.1629120260477066,True
5.229.H,5.229,H,Qual inseto está muito gordo? Obesouro.,1,1,0.0830078125,0.326171875,0.2431640625,0.43950676918029785,0.5604932308197021,True
5.2743.H,5.2743,H,Qual o animal que sempre tá de brinks? Tira no Sarro,1,1,-0.875,1.28125,2.15625,0.103748619556427,0.896251380443573,True
5.849.H,5.849,H,Por que a namorada do Mickey quando não está bem começa a organizar as coisas? Porque ela é Minnie Má Lista.,1,1,-0.78515625,1.3984375,2.18359375,0.10123348236083984,0.8987665772438049,True
5.3116.H,5.3116,H,Qual tipo de carne que só vai bem com cerveja? CoStella Artois.,1,1,-0.5078125,1.046875,1.5546875,0.17441026866436005,0.8255897164344788,True
4.580.H,4.580,H,Que nome se dá ao karaté para amputados? Artes parciais.,1,1,-0.2119140625,0.61328125,0.8251953125,0.30466192960739136,0.6953380107879639,True
5.2491.H,5.2491,H,Qual é a dupla sertaneja favorita dos leões? Leãodro e Leãonardo.,1,1,-0.546875,1.0859375,1.6328125,0.16344544291496277,0.8365545868873596,True
5.3323.N,5.3323,N,Qual doce favorito do Bolsonaro? Cocada.,0,0,0.9140625,-1.109375,-2.0234375,0.8832359910011292,0.11676400899887085,True
4.420.H,4.420,H,Porque é que a joaninha foi à farmácia? Foi comprar creme para os pontos negros.,1,0,0.19140625,0.0673828125,-0.1240234375,0.5309662222862244,0.469033807516098,False
4.635.N,4.635,N,Por que é que o Mozart vai à igreja? Porque crê.,0,0,0.609375,-0.58984375,-1.19921875,0.7683857679367065,0.23161423206329346,True
5.3993.H,5.3993,H,Por que o cara sentia prazer em bater em si mesmo com um sapato? Porque era um calçadomasoquista.,1,1,-0.46484375,0.98046875,1.4453125,0.19072401523590088,0.8092760443687439,True
2.18.N,2.18,N,Recolhi duas sacas de grãos para a salada.,0,0,0.443359375,-0.474609375,-0.91796875,0.7146279811859131,0.28537195920944214,True
5.3094.N,5.3094,N,Qual o nome do cinema pra veganos? Cinemark.,0,0,0.68359375,-0.4765625,-1.16015625,0.7613611221313477,0.23863890767097473,True
4.56.H,4.56,H,Porque é que os carpinteiros são bons a fazer contas? Porque tabuada é com eles.,1,0,0.030517578125,0.01348876953125,-0.01702880859375,0.504257082939148,0.49574291706085205,False
5.1182.N,5.1182,N,Por que o Chico Buarque foi preso na saída do Santander? Por quebrar o banco.,0,0,0.33984375,-0.2373046875,-0.5771484375,0.6404110193252563,0.3595890402793884,True
2.18.H,2.18,H,Recolhi duas sacas de grãos para a Patrícia Pillar.,1,0,0.55078125,-0.49609375,-1.046875,0.740174412727356,0.2598256468772888,False
5.2564.N,5.2564,N,Por que o Charlie Brown sofria de dores na cervical? Porque ele só olhava pro céu.,0,0,0.443359375,-0.4765625,-0.919921875,0.7150261998176575,0.2849738299846649,True
5.933.N,5.933,N,Qual é o nome do especialista em temperar carnes que não se esquecia do passado? Olívio.,0,0,0.462890625,-0.44140625,-0.904296875,0.7118317484855652,0.2881683111190796,True
5.1073.N,5.1073,N,"Qual filme conta a história do casal mais perdido do mundo em beira-mar? "" Procurando; né, mô? """,0,1,0.11279296875,0.26171875,0.14892578125,0.46283721923828125,0.5371627807617188,False
5.2188.N,5.2188,N,Cantor favorito dos pedreiros? Gusttavo Lima,0,0,0.92578125,-1.1328125,-2.05859375,0.8868131041526794,0.11318691074848175,True
5.2606.N,5.2606,N,Qual a figura mitológica mais velha? Zeus.,0,0,0.76953125,-1.0625,-1.83203125,0.86200350522995,0.13799647986888885,True
4.466.N,4.466,N,Como é que as pombas se reproduzem? Uma em cima da outra!,0,0,0.40234375,-0.345703125,-0.748046875,0.6787529587745667,0.32124701142311096,True
5.1739.N,5.1739,N,Qual é o pintor que vai para Aparecida a pé? O Edu de Barros.,0,0,0.462890625,-0.5703125,-1.033203125,0.7375364303588867,0.2624635398387909,True
4.29.N,4.29,N,Qual é o único animal que tem quatro joelhos? O elefante.,0,0,0.578125,-0.734375,-1.3125,0.7879312038421631,0.2120688110589981,True
5.2.N,5.2,N,Por que na China tem tanta gente? Porque lá eles comem com hashis.,0,1,-0.216796875,0.50390625,0.720703125,0.32723817229270935,0.6727617979049683,False
5.2021.H,5.2021,H,Qual é o cantor que faz buracos no chão? Ca Wando ,1,1,-0.66796875,1.2265625,1.89453125,0.13072867691516876,0.8692712783813477,True
5.683.H,5.683,H,Qual é a jornalista mais genérica do mundo? Ana Paula Padrão.,1,1,-0.6953125,1.359375,2.0546875,0.11357959359884262,0.8864204287528992,True
5.1286.H,5.1286,H,Qual o nome do piloto do dirigível? José Pelin.,1,0,0.65234375,-0.7109375,-1.36328125,0.7962924242019653,0.2037075310945511,False
5.607.H,5.607,H,Qual é a cantora mais tocada na papelaria? Ana Cartolina.,1,1,-0.76171875,1.625,2.38671875,0.08419107645750046,0.915808916091919,True
4.52.N,4.52,N,O que é um ponto preto no oceano? É um bacalhau.,0,0,0.58203125,-0.6796875,-1.26171875,0.7793218493461609,0.2206781655550003,True
5.4079.N,5.4079,N,Onde as pessoas andam sem roupa? Em casa.,0,0,0.81640625,-0.8671875,-1.68359375,0.8433797955513,0.15662017464637756,True
4.653.H,4.653,H,O Artur detesta chuva e o Paulo Bento.,1,0,0.5703125,-0.515625,-1.0859375,0.7476159334182739,0.2523840367794037,False
4.709.N,4.709,N,"Se a Terra é redonda, por que é que se chama "" planeta "" e não "" bola ""?",0,0,0.326171875,-0.09423828125,-0.42041015625,0.6035813689231873,0.39641860127449036,True
5.2302.H,5.2302,H,Por que uma parede ficou decepcionada com a outra? Porque ela era parede falsa.,1,0,0.349609375,-0.016845703125,-0.366455078125,0.5906021595001221,0.4093979001045227,False
3.17.N,3.17,N,Que nome se dá a uma ferramenta perdida? Marreta.,0,0,0.609375,-0.62890625,-1.23828125,0.7752646803855896,0.2247353047132492,True
5.3534.N,5.3534,N,Qual o telefone que já foi de outro planeta? Ex Marte Phone.,0,1,-0.23828125,0.890625,1.12890625,0.2443629950284958,0.755636990070343,False
5.587.H,5.587,H,Por que não fico bronzeado em casa? Porque uso protetor só lar.,1,1,-0.5,0.98828125,1.48828125,0.18417984247207642,0.8158201575279236,True
5.516.N,5.516,N,Para onde o José se mudou com a esperança de um mundo melhor? Europa.,0,0,0.74609375,-0.734375,-1.48046875,0.814643383026123,0.18535664677619934,True
5.1360.N,5.1360,N,Por que o anão foi surfar na cozinha? Porque lá tem fogão.,0,0,0.447265625,-0.39453125,-0.841796875,0.6988435387611389,0.30115649104118347,True
5.2039.H,5.2039,H,Qual é o cachorro do Cazuza? O cão de nome Beija Flor ,1,0,0.5703125,-0.44921875,-1.01953125,0.7348812818527222,0.26511871814727783,False
5.1517.N,5.1517,N,"O que o pastor leva para comer na hora do almoço? Não sei, mas o judeu leva latkes.",0,1,-0.2353515625,0.66015625,0.8955078125,0.28997451066970825,0.7100254893302917,False
5.722.N,5.722,N,Qual a conta de e-mail que a mulher do filho nunca checa? Gmail.,0,0,0.73046875,-0.9921875,-1.72265625,0.8484706878662109,0.15152932703495026,True
5.1189.H,5.1189,H,Que elemento químico a gente avalia depois de usar? U berílio.,1,1,-0.12060546875,0.8359375,0.95654296875,0.2775708734989166,0.7224291563034058,True
5.3700.H,5.3700,H,Qual remédio feito com peixe? Neosardinha.,1,1,-0.2490234375,0.5546875,0.8037109375,0.30923226475715637,0.6907677054405212,True
3.1.H,3.1,H,Qual o contrário de paixão? Mãeteto.,1,1,-0.470703125,0.921875,1.392578125,0.19899648427963257,0.8010035157203674,True
5.3209.N,5.3209,N,Qual rainha que bebe cerveja? Rainha Charlotte.,0,0,0.90234375,-1.0625,-1.96484375,0.8770562410354614,0.12294380366802216,True
4.71.H,4.71,H,Porque é que uma mulher partiu a perna ao filho na cozinha? Porque não tinha canela para pôr no bolo.,1,0,0.23828125,-0.1376953125,-0.3759765625,0.5929023027420044,0.4070976674556732,False
5.3804.H,5.3804,H,Como falece quem peida muito? Infart.,1,1,-0.142578125,0.482421875,0.625,0.3486451208591461,0.6513549089431763,True
4.609.N,4.609,N,Um fulano passou três dias na piscina e depois foi ao médico . Qual foi o diagnóstico? Exercício demais.,0,0,0.484375,-0.337890625,-0.822265625,0.6947170495986938,0.30528295040130615,True
5.1202.N,5.1202,N,Porque os pãezinhos nos EUA são cor de abóbora? Porque é um Baguette de abóbora.,0,1,-0.609375,1.234375,1.84375,0.13660839200019836,0.863391637802124,False
5.3478.N,5.3478,N,Com qual marcha o porco anda? Devagar.,0,0,0.6875,-0.72265625,-1.41015625,0.8037906289100647,0.19620943069458008,True
5.409.H,5.409,H,Qual a história sobre a princesa adolescente que não gostava de cobrir os pés? A Pequena Sem Meia,1,1,-0.390625,0.80859375,1.19921875,0.23161423206329346,0.7683857679367065,True
5.3005.N,5.3005,N,Qual é a carne que volta muito mais rápido do que vai? Carne mal cozida.,0,0,0.5703125,-0.62109375,-1.19140625,0.766992449760437,0.2330075204372406,True
5.441.N,5.441,N,Por que todo fã de Nirvana também gosta do Jorge Ben Jor? Porque fã de Nirvana Curte MPB.,0,1,0.0966796875,0.11376953125,0.01708984375,0.49572762846946716,0.5042723417282104,False
5.3355.N,5.3355,N,O que mais excita o fazendeiro? Lucros no Pasto.,0,1,-0.21484375,0.66796875,0.8828125,0.2925952970981598,0.7074047327041626,False
4.418.N,4.418,N,"Qual é o masculino de "" tábua ""? Eu digo, é tabu.",0,0,0.279296875,-0.1787109375,-0.4580078125,0.6125414371490479,0.38745853304862976,True
5.3700.N,5.3700,N,Qual remédio feito com peixe? Biotônico.,0,0,0.60546875,-0.41796875,-1.0234375,0.7356416583061218,0.2643583416938782,True
2.10.H,2.10,H,Como o padre bateu o carro? Dando uma rezinha.,1,0,0.453125,-0.4296875,-0.8828125,0.7074047327041626,0.2925952970981598,False
5.513.N,5.513,N,Qual o contrário de diagnóstico? Desconhecimento.,0,0,0.55859375,-0.388671875,-0.947265625,0.7205649614334106,0.27943503856658936,True
4.278.N,4.278,N,Quando é que se celebra o Dia Mundial do Lúpus? 10 / maio.,0,0,0.44140625,-0.306640625,-0.748046875,0.6787529587745667,0.32124701142311096,True
5.2821.N,5.2821,N,Qual organização vai entrar com uma ação contra os crimes cometidos na língua portuguesa? OAB Cedário,0,1,-0.419921875,1.03125,1.451171875,0.1898212730884552,0.8101786971092224,False
5.3487.H,5.3487,H,Por que os editores da coquetel querem muito ir à terra santa? Porque elas fazem cruzadinhas.,1,0,0.357421875,-0.185546875,-0.54296875,0.6325027346611023,0.3674972355365753,False
5.881.H,5.881,H,Como a manicure se refere a esposa do irmão dela? Unhadinha.,1,0,0.52734375,-0.609375,-1.13671875,0.7570766806602478,0.2429232895374298,False
4.662.N,4.662,N,"Decidi começar a usar um pano nas cuecas . Assim, sempre que me peido liberto gás cheiroso.",0,1,-0.3046875,0.640625,0.9453125,0.2798284888267517,0.7201715111732483,False
5.1314.H,5.1314,H,Por que a manicure foi demitida? Porque ela estava pouco se lixando.,1,0,0.33984375,-0.271484375,-0.611328125,0.6482437252998352,0.3517563045024872,False
4.66.H,4.66,H,Eu adoro fiambre. E o Nicolas Cage.,1,0,0.5390625,-0.3984375,-0.9375,0.7185943722724915,0.28140559792518616,False
5.1361.N,5.1361,N,Qual é o melhor legume que existe? A beterraba.,0,0,0.734375,-0.75,-1.484375,0.815232515335083,0.18476751446723938,True
4.412.H,4.412,H,Porque é que o computador não pára de espirrar? Porque apanhou um vírus.,1,0,0.287109375,-0.296875,-0.583984375,0.641983687877655,0.3580162823200226,False
5.7.N,5.7,N,Por que a feijoada estava triste? Porque colocaram ela na panela de pressão.,0,0,0.412109375,-0.28125,-0.693359375,0.6667138338088989,0.3332861661911011,True
5.1377.N,5.1377,N,"Por que o professor de natação amava o emprego? Porque ele ensinou, ensinou, e o aluno nada.",0,0,0.267578125,0.087890625,-0.1796875,0.5448014140129089,0.45519861578941345,True
5.3942.H,5.3942,H,Qual a bebida preferida dos sindicalistas? YaCUT.,1,1,-0.45703125,1.0,1.45703125,0.18892180919647217,0.8110781908035278,True
5.3487.N,5.3487,N,Por que os editores da coquetel querem muito ir à terra santa? Porque elas fazem puzzles.,0,0,0.37109375,-0.1787109375,-0.5498046875,0.63409024477005,0.36590972542762756,True
5.1141.N,5.1141,N,Qual o cachorro é bom de briga? Jiu shih-tzu,0,0,0.6328125,-0.77734375,-1.41015625,0.8037906289100647,0.19620943069458008,True
5.2518.H,5.2518,H,Qual personagem da literatura chupava tudo o que via? San Chupança.,1,1,-0.82421875,1.546875,2.37109375,0.08540366590023041,0.9145963191986084,True
5.133.H,5.133,H,Qual cantor adora ventiladores? Hélice Cooper.,1,1,-0.416015625,0.9296875,1.345703125,0.2065737545490265,0.7934262752532959,True
5.810.N,5.810,N,Por que quando você elogiou eles nunca responderam? Porque eram lentos de contato.,0,1,-0.08642578125,0.4453125,0.53173828125,0.3701115548610687,0.6298884153366089,False
5.1825.N,5.1825,N,Por que o cavaquinho andava tão arrogante? Porque ele disse: sou um sucesso!,0,0,0.58203125,-0.65234375,-1.234375,0.7745833992958069,0.2254166156053543,True
5.2182.H,5.2182,H,Qual é o ator que só interpreta médicos com roupa apertada? Reinaldo Jalequinho ,1,1,-0.44921875,0.9453125,1.39453125,0.19868534803390503,0.801314651966095,True
5.405.H,5.405,H,Onde ficam as maiores dúvidas dos dentistas? In the ciso.,1,1,-0.7890625,1.3125,2.1015625,0.10894504189491272,0.8910549879074097,True
4.450.N,4.450,N,O que é que o fumador diz quando fuma uma ganza? Esta bate man ...,0,1,-0.640625,1.1484375,1.7890625,0.14318770170211792,0.8568122982978821,False
5.92.N,5.92,N,Qual o parente que não serve pra nada? Primo.,0,0,0.703125,-0.7265625,-1.4296875,0.8068526387214661,0.19314739108085632,True
5.1517.H,5.1517,H,"O que o pastor leva para comer na hora do almoço? Não sei, mas o judeu leva marmitzvah.",1,1,-0.5,1.0546875,1.5546875,0.17441026866436005,0.8255897164344788,True
4.622.N,4.622,N,Que tamanho de roupa vestem as altas? Tamanho grande.,0,0,0.63671875,-0.609375,-1.24609375,0.7766229510307312,0.22337706387043,True
4.591.N,4.591,N,Alguém quer comprar um aparelho avariado? Sem pressão ...,0,0,0.09814453125,0.055419921875,-0.042724609375,0.5106795430183411,0.48932045698165894,True
5.1831.H,5.1831,H,"O que disse o filho de um apresentador ao nascer, que revelou a homosexualidade do pai? Gugu dá dá",1,0,0.142578125,0.0146484375,-0.1279296875,0.5319388508796692,0.4680611491203308,False
5.1814.N,5.1814,N,Qual banda dos amigos perdedores? The killers.,0,0,0.58984375,-0.6875,-1.27734375,0.7819972634315491,0.21800270676612854,True
5.2125.N,5.2125,N,O que o rapaz fez com as fotos que tirou no ano novo? Guardou,0,0,0.61328125,-0.55078125,-1.1640625,0.7620701193809509,0.23792991042137146,True
5.3981.N,5.3981,N,Qual o super herói dono de uma igreja? Hulk.,0,0,0.8203125,-1.140625,-1.9609375,0.8766343593597412,0.1233656257390976,True
5.218.H,5.218,H,Como se chama o demônio de camisola? Encosto de Renda.,1,0,0.7734375,-0.921875,-1.6953125,0.8449215292930603,0.1550784558057785,False
5.2895.N,5.2895,N,Qual cantor só vê notícias pela internet? Latino,0,0,0.75,-0.94921875,-1.69921875,0.845432698726654,0.15456733107566833,True
4.388.N,4.388,N,Hoje passei por uma família de cães na rua . Foi ali em Famalicão.,0,1,-0.038330078125,0.283203125,0.321533203125,0.4203021228313446,0.579697847366333,False
5.3656.N,5.3656,N,Qual vilão da Marvel data do período paleolítico? Thanos.,0,0,0.5390625,-0.6484375,-1.1875,0.7662936449050903,0.23370636999607086,True
5.670.H,5.670,H,Qual é a música em que o sobrinho do Michael Jackson nos convida a assistir a um moonwalk feito pelos Jackson Five? Tios em ré... vem!,1,1,-0.578125,1.1875,1.765625,0.14608724415302277,0.8539127111434937,True
4.89.H,4.89,H,"Como é que se diz ""ano"" na Índia? Indiano.",1,0,0.65625,-0.79296875,-1.44921875,0.8098781704902649,0.1901218295097351,False
5.5.H,5.5,H,Por que o celular foi para o centro de reabilitação? Porque a bateria estava viciada.,1,0,0.435546875,-0.2236328125,-0.6591796875,0.6590760350227356,0.34092390537261963,False
5.1491.H,5.1491,H,Sabe qual é a música heavy metal de Chitãozinho e Xororó? Heavydências.,1,1,-0.84375,1.3671875,2.2109375,0.09877258539199829,0.9012274742126465,True
5.710.N,5.710,N,Como se faz para desenterrar um osso? É só escavá-lo.,0,0,0.1962890625,-0.00726318359375,-0.20355224609375,0.550713062286377,0.44928693771362305,True
5.3166.N,5.3166,N,Por que o jardineiro estava passando necessidade? Andava meio sem dinheiro.,0,0,0.322265625,-0.38671875,-0.708984375,0.6701767444610596,0.3298232853412628,True
4.131.H,4.131,H,Qual é o jogo preferido das batatas fritas? É o Monop-óleo.,1,1,-0.83203125,1.46875,2.30078125,0.09105828404426575,0.9089417457580566,True
5.740.H,5.740,H,"Qual número que quando cai, vira uma fruta? Pitomba.",1,0,0.6171875,-0.43359375,-1.05078125,0.7409248948097229,0.2590751051902771,False
5.4029.H,5.4029,H,"Qual pássaro quer fazer fuxico sobre uma mulher, mas esquece o que ia falar? Sabe a.",1,1,-0.56640625,1.0234375,1.58984375,0.16940589249134064,0.8305941224098206,True
4.567.N,4.567,N,"O que é que a mulher do senhor diz quando o viagra perde o efeito? Foi-se o martelo, camarada.",0,0,0.2265625,-0.0242919921875,-0.2508544921875,0.5623868107795715,0.43761318922042847,True
4.227.H,4.227,H,O que é que acontece quando o Aladino esfrega a lamparina mágica debaixo de água? Aparece o hidrogénio.,1,0,0.1630859375,0.0673828125,-0.095703125,0.523907482624054,0.47609245777130127,False
5.3005.H,5.3005,H,Qual é a carne que volta muito mais rápido do que vai? Carne mó ida.,1,1,-0.8515625,1.5625,2.4140625,0.08210661262273788,0.9178933501243591,True
5.3342.N,5.3342,N,Qual o nervo que tem uma loja? O nervo ciático.,0,0,0.50390625,-0.54296875,-1.046875,0.740174412727356,0.2598256468772888,True
5.1462.H,5.1462,H,Qual o jogo preferido da galera de Stranger Things? Winning Eleven.,1,0,0.263671875,-0.07470703125,-0.33837890625,0.5837966799736023,0.4162032902240753,False
5.3094.H,5.3094,H,Qual o nome do cinema pra veganos? Quinoaplex.,1,1,0.10595703125,0.287109375,0.18115234375,0.45483535528182983,0.5451646447181702,True
5.1298.N,5.1298,N,Qual político é mal arejado? Lula.,0,0,0.83203125,-1.1171875,-1.94921875,0.875361442565918,0.12463857978582382,True
5.1449.N,5.1449,N,Po rque o carteiro foi à feira? Porque tinha uma carta para entregar.,0,0,0.2314453125,-0.0002536773681640625,-0.23169898986816406,0.5576670169830322,0.44233301281929016,True
4.206.N,4.206,N,O que diz um castor excitado? Bate os dentes,0,0,0.52734375,-0.5546875,-1.08203125,0.7468782067298889,0.25312182307243347,True
5.1956.N,5.1956,N,Qual o sambista com menos pelos do Brasil? Dudu Nobre.,0,0,0.27734375,-0.0164794921875,-0.2938232421875,0.5729318261146545,0.4270681142807007,True
5.1891.N,5.1891,N,Qual cantor escrevia na lousa? Gilberto Gil.,0,0,0.84375,-1.046875,-1.890625,0.8688268065452576,0.13117322325706482,True
5.2812.N,5.2812,N,Qual carro é a mistura de um prato árabe e um suco? Nenhum,0,0,0.71484375,-0.48828125,-1.203125,0.7690802216529846,0.23091977834701538,True
4.486.N,4.486,N,"Vira-se um computador grande para o pequeno: Olha só para ti, tão pequeno e já trabalhas.",0,1,0.11572265625,0.12158203125,0.005859375,0.4985351860523224,0.50146484375,False
5.2612.N,5.2612,N,Qual música tem coreografia diurética? A dança do gorila.,0,0,0.6328125,-0.5234375,-1.15625,0.760650634765625,0.2393493503332138,True
5.200.N,5.200,N,"O que o pão disse para o padeiro quando este abriu o forno? "" Pronto ""!",0,0,0.490234375,-0.5078125,-0.998046875,0.7306743860244751,0.2693256139755249,True
5.75.N,5.75,N,Qual é o contrário de centopeia? Nenhum.,0,0,0.4765625,-0.458984375,-0.935546875,0.7181993126869202,0.2818007171154022,True
5.1162.N,5.1162,N,Qual o bairro de São Paulo que só tem Japoneses? Liberdade,0,0,0.66015625,-0.69921875,-1.359375,0.7956580519676208,0.20434190332889557,True
4.333.H,4.333,H,Em quantas partes se divide o cérebro do homem? Depende da força da pancada.,1,0,0.328125,-0.361328125,-0.689453125,0.6658452749252319,0.33415475487709045,False
5.1221.H,5.1221,H,Qual o jornalista esportivo mais pesado? 1000 ton. Neves.,1,1,-0.58203125,1.03125,1.61328125,0.1661335527896881,0.8338664174079895,True
5.1245.N,5.1245,N,Por que a ovelha gosta de salgadinhos? Porque ela come.,0,0,0.443359375,-0.44140625,-0.884765625,0.707808792591095,0.29219120740890503,True
5.722.H,5.722,H,Qual a conta de e-mail que a mulher do filho nunca checa? Ig nora.,1,1,-0.6328125,1.109375,1.7421875,0.14903530478477478,0.8509647250175476,True
5.587.N,5.587,N,Por que não fico bronzeado em casa? Porque uso protetor facial.,0,0,0.6171875,-0.60546875,-1.22265625,0.7725306153297424,0.22746935486793518,True
4.167.H,4.167,H,Qual é o passatempo preferido de um mexicano de 12 anos? Bater à piñata.,1,1,-0.5234375,1.1640625,1.6875,0.1561048924922943,0.8438951373100281,True
5.3635.N,5.3635,N,Qual é o nome do jogo de luta que só se pode jogar tomando tequila? Tekken.,0,0,0.4765625,-0.36328125,-0.83984375,0.6984323263168335,0.3015676736831665,True
5.1360.H,5.1360,H,Por que o anão foi surfar na cozinha? Porque lá tem micro ondas.,1,0,0.44140625,-0.38671875,-0.828125,0.6959583163261414,0.30404168367385864,False
4.193.H,4.193,H,"Hoje, vinte mulheres convidaram-me para sair. Nunca mais entro no WC das mulheres.",1,0,0.375,-0.2451171875,-0.6201171875,0.650245189666748,0.34975484013557434,False
4.166.H,4.166,H,Um domador de ursos foi despedido. Qual é o filme? O ex-ursista.,1,0,0.4765625,-0.322265625,-0.798828125,0.689723789691925,0.3102762699127197,False
4.511.N,4.511,N,"Porque é que não há professores de Geografia daltónicos? Porque se houvesse, não viam a cor.",0,1,-0.1103515625,0.640625,0.7509765625,0.32060855627059937,0.6793914437294006,False
5.3287.H,5.3287,H,Qual o ingrediente presente na comida de quem apanhou? RepOlho Roxo.,1,1,-0.55078125,0.90625,1.45703125,0.18892180919647217,0.8110781908035278,True
5.1337.H,5.1337,H,Qual autor o Harry Potter lê quando está doente? O Saramago.,1,0,0.765625,-0.95703125,-1.72265625,0.8484706878662109,0.15152932703495026,False
5.3704.H,5.3704,H,Onde o Sílvio conseguiu comprar novelas tão ruins? Na porta da espelunca!,1,1,-0.09326171875,0.58203125,0.67529296875,0.3373126983642578,0.662687361240387,True
4.638.H,4.638,H,"O amor é como um jogo de sueca. Ou se tem um bom parceiro, ou o melhor mesmo é ter uma boa mão.",1,1,-0.061279296875,0.400390625,0.461669921875,0.38658973574638367,0.613410234451294,True
5.1221.N,5.1221,N,Qual o jornalista esportivo mais pesado? Milton Neves.,0,0,0.84765625,-1.21875,-2.06640625,0.8875949382781982,0.11240509152412415,True
4.36.N,4.36,N,Uma loira viu um jogo de futebol que acabou 1-0 . Qual foi o seu jogador preferido? O Vidoso . Porque o golo foi dele.,0,0,0.361328125,-0.03125,-0.392578125,0.5969031453132629,0.4030968248844147,True
5.2329.N,5.2329,N,O que o videogame espera que a gente faça? Que o console.,0,1,-0.14453125,0.51953125,0.6640625,0.33982762694358826,0.6601723432540894,False
5.1054.H,5.1054,H,Por que o carbono alfa ficou nervoso?  Porque uma carboxila tirou amina dele.,1,1,-0.1806640625,0.60546875,0.7861328125,0.3129996359348297,0.6870003938674927,True
4.338.N,4.338,N,Que nome se dá a um hipopótamo a dançar com uma tartaruga? Dançarino.,0,0,0.67578125,-0.7421875,-1.41796875,0.8050197958946228,0.1949802041053772,True
4.377.N,4.377,N,"Qual é o carro preferido das raparigas? É o Fiat, tipo.",0,1,0.1630859375,0.171875,0.0087890625,0.497802734375,0.502197265625,False
5.3381.H,5.3381,H,Qual cantora baiana gosta de heavy metal? Margadeath Menezes.,1,1,-0.8984375,1.3984375,2.296875,0.09138209372758865,0.9086179733276367,True
5.2467.H,5.2467,H,Qual Rapper só toca em aniversários? Rapper Birthday,1,1,-0.53125,1.0,1.53125,0.17781086266040802,0.8221890926361084,True
5.2512.N,5.2512,N,Por que ninguém na Terra consegue entender a língua nativa do Super-Homem? Porque é diferente.,0,0,0.5703125,-0.5859375,-1.15625,0.760650634765625,0.2393493503332138,True
5.1276.H,5.1276,H,Qual menina sempre bota pilha nos outros pra sair? A Vamnessa.,1,1,-0.59375,1.15625,1.75,0.14804719388484955,0.8519527316093445,True
5.2047.H,5.2047,H,"Qual conto mostra a história de alguém que acha a esposa linda, mas quando ela o procura de noite, ele nega? ah, bela.... dorme, cida. ",1,1,-0.275390625,0.8203125,1.095703125,0.250545859336853,0.749454140663147,True
5.1789.H,5.1789,H,Qual é o cineasta que tem melhor pontaria? Quentin Tarantiro.,1,1,-0.6484375,1.3203125,1.96875,0.12252321094274521,0.8774768114089966,True
5.659.H,5.659,H,Qual planta trabalha muito? Workídea.,1,1,-0.75,1.2734375,2.0234375,0.11676400899887085,0.8832359910011292,True
5.3169.N,5.3169,N,Que rainha rosna como cantora? Queen Lati Fa.,0,1,-0.90625,1.53125,2.4375,0.08035746961832047,0.9196425676345825,False
5.607.N,5.607,N,Qual é a cantora mais tocada na papelaria? Ana Carolina.,0,0,0.91796875,-1.1484375,-2.06640625,0.8875949382781982,0.11240509152412415,True
5.4032.N,5.4032,N,"Por que quando eu gritava dentro da caverna, o som só se repetia uma vez? Porque era pouco eco.",0,0,0.353515625,-0.1611328125,-0.5146484375,0.6258955001831055,0.37410447001457214,True
5.3855.N,5.3855,N,Qual o nome que se dá para o assassinato em massa na galáxia do universo da Marvel? Crimes simultâneos.,0,0,0.58203125,-0.39453125,-0.9765625,0.7264255881309509,0.2735743820667267,True
4.206.H,4.206,H,O que diz um castor excitado? Suck my dique!,1,1,-0.298828125,0.671875,0.970703125,0.2747403383255005,0.7252596020698547,True
5.31.H,5.31,H,Qual é o poeta que sempre se atrasa?  Vinícius Demorais.,1,1,-0.7890625,1.46875,2.2578125,0.09467770159244537,0.9053223133087158,True
4.85.H,4.85,H,Porque é que nunca roubaram a mota do japonês? Porque ele compra Y-amaha.,1,1,-0.73046875,1.1328125,1.86328125,0.13432106375694275,0.8656789064407349,True
5.2955.N,5.2955,N,"Qual o nome do jogo que Jô Soares adora jogar quando cheira cocaína? Pedra, papel e tesoura.",0,0,0.423828125,-0.3203125,-0.744140625,0.6779006123542786,0.32209938764572144,True
5.2609.H,5.2609,H,O que o anão estava fazendo com a bola de futebol? Embaixadinhas.,1,0,0.48828125,-0.4375,-0.92578125,0.7162185907363892,0.28378137946128845,False
5.1884.N,5.1884,N,Como se referiam a Jesus quando ele ficava bravo? Zangado.,0,0,0.46484375,-0.5703125,-1.03515625,0.7379143238067627,0.2620856761932373,True
4.337.H,4.337,H,Porque é que a mão não pode medir mais do que 31 cm? Porque aí já seria um pé.,1,0,0.283203125,0.02783203125,-0.25537109375,0.5634980797767639,0.4365019202232361,False
5.2900.N,5.2900,N,Qual cineasta tem um haras? Tim Burton.,0,0,0.79296875,-1.0859375,-1.87890625,0.8674854636192322,0.1325145661830902,True
5.2282.H,5.2282,H,"Por que num determinado dia, o aluno do cursinho mentia pra todo mundo? Porque era dia dissimulado. ",1,0,0.138671875,0.07373046875,-0.06494140625,0.5162296295166016,0.48377034068107605,False
5.2811.N,5.2811,N,Profissional que conhecia tudo a respeito de suínos? Zootecnista,0,0,0.482421875,-0.29296875,-0.775390625,0.6846858263015747,0.3153141438961029,True
4.160.N,4.160,N,O que diz uma banana suicida? Macacos me comam!,0,0,0.251953125,-0.0517578125,-0.3037109375,0.5753494501113892,0.42465054988861084,True
5.1967.H,5.1967,H,Onde as bundas são conservadas? Na adega ,1,0,0.66796875,-0.6171875,-1.28515625,0.7833262085914612,0.21667379140853882,False
5.3804.N,5.3804,N,Como falece quem peida muito? Trombose.,0,0,0.50390625,-0.392578125,-0.896484375,0.7102264761924744,0.28977349400520325,True
5.3581.N,5.3581,N,Qual pintor gosta de pintar os personagens de Toy Story usando cores bem vivas? O Andy Warhol.,0,0,0.69921875,-0.9765625,-1.67578125,0.8423450589179993,0.15765488147735596,True
5.3868.H,5.3868,H,Qual marca de eletrodoméstico virou presidente? BrasTrump.,1,1,-0.5390625,1.046875,1.5859375,0.16995622217655182,0.8300437331199646,True
5.417.H,5.417,H,Qual é o doce mais pagodeiro que existe? A bala 7 BELO.,1,1,-0.62890625,1.3203125,1.94921875,0.12463857978582382,0.875361442565918,True
5.2821.H,5.2821,H,Qual instituição vai entrar com uma ação contra os crimes cometidos na língua portuguesa? OAB Cedário ,1,1,-0.384765625,1.015625,1.400390625,0.1977541297674179,0.8022459149360657,True
5.606.H,5.606,H,Qual a cantora que sempre aceita chá? Kesha.,1,0,0.72265625,-0.703125,-1.42578125,0.8062431216239929,0.1937568485736847,False
5.2743.N,5.2743,N,Qual o animal que sempre tá de brinks? Suricato,0,1,0.033447265625,0.138671875,0.105224609375,0.4737180769443512,0.5262818932533264,False
5.1498.H,5.1498,H,O que o galo foi fazer na delegacia? Soltar a franga.,1,0,0.1357421875,-0.059326171875,-0.195068359375,0.5486130118370056,0.451386958360672,False
5.1670.N,5.1670,N,Qual é o app que os jardineiros fazem questão de cortar da vida social deles? Twitter.,0,0,0.76171875,-0.828125,-1.58984375,0.8305941224098206,0.16940589249134064,True
5.1006.N,5.1006,N,Qual a concorrente mais desbocada da Marvel??? A própria Marvel.,0,0,0.5703125,-0.58203125,-1.15234375,0.7599387168884277,0.24006126821041107,True
5.2844.N,5.2844,N,Como o padre comprou o carro? Dando uma rezinha,0,0,0.54296875,-0.474609375,-1.017578125,0.7345005869865417,0.26549944281578064,True
5.2944.H,5.2944,H,"Qual foi o aviso que Hermione deu para avisar que um colega reprovou na prova? ""Lucius Mal Foi.""",1,1,-0.796875,1.3515625,2.1484375,0.10447732359170914,0.8955226540565491,True
5.3522.H,5.3522,H,O que é que tem abas e é gostoso de lamber? Absorvete.,1,1,-0.326171875,0.765625,1.091796875,0.2512800693511963,0.7487199306488037,True
4.339.N,4.339,N,Vendi o meu contrabaixo . Só estava em casa a apanhar pó.,0,0,0.302734375,-0.1171875,-0.419921875,0.6034645438194275,0.3965354561805725,True
5.3323.H,5.3323,H,Qual doce favorito do Bolsonaro? Prende moleque.,1,1,-0.2373046875,0.3359375,0.5732421875,0.36048904061317444,0.639510989189148,True
5.778.N,5.778,N,Por que o cara que não fazia exercícios prestou odonto? Pra ser dentista.,0,0,0.39453125,-0.2109375,-0.60546875,0.6469064354896545,0.3530935049057007,True
4.583.N,4.583,N,""" Cada dia, temos de fazer com que as pequenas coisas contem "" - disse a professora alto aos seus alunos.",0,1,-0.058837890625,0.306640625,0.365478515625,0.409633994102478,0.5903659462928772,False
5.979.H,5.979,H,Qual inseto causa vômito em crianças latinas? Enjoa niña.,1,1,-0.427734375,0.96875,1.396484375,0.19837458431720734,0.8016253709793091,True
5.3848.H,5.3848,H,Qual dublador tbm é psicólogo? Freud Mascarenhas.,1,1,-0.7890625,1.359375,2.1484375,0.10447732359170914,0.8955226540565491,True
5.62.H,5.62,H,Qual é a atriz que só usa roupa da Zara? Taís Zarauso.,1,1,-0.8046875,1.546875,2.3515625,0.08694165199995041,0.9130584001541138,True
5.621.H,5.621,H,O que é uma fofoca? A amimiga da babaleia.,1,1,0.064453125,0.2158203125,0.1513671875,0.46223029494285583,0.5377696752548218,True
5.1110.H,5.1110,H,"O que o psicanalista adora dizer no meio do sexo? Vai, me Freud.",1,1,-0.7578125,1.203125,1.9609375,0.1233656257390976,0.8766343593597412,True
5.54.N,5.54,N,Qual é o personagem histórico que fui eu que indiquei? Simone de Beauvoir.,0,0,0.796875,-0.90234375,-1.69921875,0.845432698726654,0.15456733107566833,True
5.3409.H,5.3409,H,Qual é a melhor coisa pra se desejar a um voyeur no Natal? Boas Frestas.,1,1,-0.73046875,1.390625,2.12109375,0.10706345736980438,0.8929365277290344,True
5.2069.H,5.2069,H,Os imperador inca decretou que as lhamas seriam os únicos animais permitidos em Machu Picchu. Qual é o nome do filme? O Império Contra a Alpaca ,1,0,0.05908203125,0.055419921875,-0.003662109375,0.50091552734375,0.4990845024585724,False
5.4.N,5.4,N,Qual é o sabor da bala preferida da galera do hospício? M&Ms.,0,1,-0.314453125,0.8046875,1.119140625,0.2461707442998886,0.753829300403595,False
4.751.H,4.751,H,"Como correu a primeira final de sempre da Liga dos Campeões com patos? Foi bem dispatada, cheia de quacks da bola e acabou empatada.",1,1,-0.39453125,1.09375,1.48828125,0.18417984247207642,0.8158201575279236,True
5.169.N,5.169,N,Em qual programa o Sílvio Santos exagera no laquê? Todos.,0,0,0.8359375,-0.90625,-1.7421875,0.8509647250175476,0.14903530478477478,True
5.1802.H,5.1802,H,Qual é o celular dos veganos? Aipo ne,1,0,0.228515625,0.1943359375,-0.0341796875,0.5085440874099731,0.49145591259002686,False
5.4048.H,5.4048,H,Qual a música preferida dos cachorros? Samba Cãosão.,1,1,-0.73046875,1.4453125,2.17578125,0.10194651782512665,0.8980534672737122,True
5.3928.H,5.3928,H,Qual é o cantor que adora novas tecnologias? Beto Gadgets.,1,1,-0.51171875,1.15625,1.66796875,0.15869519114494324,0.8413047790527344,True
5.2020.H,5.2020,H,O que o nordestino disse pro celular que sempre aceitava desaforo calado? XIA ÔMI ,1,0,0.326171875,-0.134765625,-0.4609375,0.6132365465164185,0.38676345348358154,False
4.720.N,4.720,N,Um cacto liga para outro: Estou?,0,0,0.54296875,-0.60546875,-1.1484375,0.7592254281044006,0.24077458679676056,True
5.3685.H,5.3685,H,Qual chefe que não consulta livro de receitas? O Chefe Decorzinha.,1,1,-0.73046875,1.46875,2.19921875,0.09982066601514816,0.9001793265342712,True
5.3038.N,5.3038,N,Qual cidade norte-americana odeia tanto sujeiras entrando no olho que até as tortura? São Francisco!,0,0,0.470703125,-0.50390625,-0.974609375,0.7260372638702393,0.27396270632743835,True
5.3359.H,5.3359,H,Qual o animal que trabalha bem como carpinteiro? Rinocerrote.,1,1,-0.376953125,0.70703125,1.083984375,0.25275272130966187,0.7472472190856934,True
5.3872.N,5.3872,N,Qual atriz é a rainha do marketing brasileiro? Bruna Marquesine,0,0,0.3046875,0.1533203125,-0.1513671875,0.5377696752548218,0.46223029494285583,True
5.3728.N,5.3728,N,"Como se chama o aquecedor honesto, humilde e honrado? Aquecedor Hs.",0,1,-0.458984375,1.1796875,1.638671875,0.1626458615064621,0.8373541235923767,False
4.341.H,4.341,H,Qual a semelhança entre o Adão e uma alface? O Adão foi o primeiro homem couve.,1,1,-0.56640625,1.0859375,1.65234375,0.16079244017601013,0.8392075896263123,True
4.595.N,4.595,N,Para que servem óculos verdes? Para ver ao perto.,0,0,0.357421875,0.005950927734375,-0.351470947265625,0.5869742631912231,0.41302576661109924,True
5.3461.H,5.3461,H,Onde os artistas americanos dão chilique de tanto dar autógrafos? Fan in Quito.,1,0,0.2314453125,-0.12890625,-0.3603515625,0.5891255140304565,0.41087445616722107,False
4.524.H,4.524,H,Partir o pescoço foi uma experiência aterrorizante. Mas agora consigo olhar para trás e sorrir.,1,0,0.486328125,-0.478515625,-0.96484375,0.724090576171875,0.275909423828125,False
5.80.N,5.80,N,Qual é a cidade que só tem mulheres prostitutas? Porto de Galinhas.,0,0,0.671875,-0.9296875,-1.6015625,0.8322367072105408,0.167763352394104,True
5.2689.N,5.2689,N,Renata voltou do médico com o braço furado . Qual é o acontecimento histórico? Guerra de canudos.,0,0,0.578125,-0.498046875,-1.076171875,0.7457688450813293,0.25423115491867065,True
4.385.N,4.385,N,"Dois gémeos foram presos por homicídio, mas passado um tempo libertaram o que estava mais gordo . Porque o irmão confessou.",0,0,0.267578125,-0.083984375,-0.3515625,0.5869964361190796,0.4130035638809204,True
4.481.H,4.481,H,Porque é que o corcunda de Notre-Dame não seguiu a carreira de advogado? Porque nunca conseguiu estudar direito.,1,0,0.5703125,-0.5546875,-1.125,0.7549149990081787,0.2450850009918213,False
4.703.H,4.703,H,Qual é o prazo de validade da maionese? 31 de maio.,1,0,0.69921875,-0.71875,-1.41796875,0.8050197958946228,0.1949802041053772,False
5.621.N,5.621,N,O que é uma fofoca? A disseminação de informação alheia.,0,0,0.44140625,-0.447265625,-0.888671875,0.7086160182952881,0.2913839817047119,True
5.2549.H,5.2549,H,Qual mercado vende lagarto? Iguanabara.,1,1,-0.2421875,0.78125,1.0234375,0.2643583416938782,0.7356416583061218,True
5.3946.H,5.3946,H,O quê o seu Madruga usa pra tomar banho? A bucha do 71.,1,0,0.263671875,-0.044677734375,-0.308349609375,0.576482355594635,0.4235176146030426,False
4.170.N,4.170,N,Qual é o jogo preferido das crianças? O futebol.,0,0,0.78125,-1.03125,-1.8125,0.859663724899292,0.14033626019954681,True
5.1971.N,5.1971,N,Qual padre que toda vez eu vejo tenho ejaculação precoce? Marcelo Rossi.,0,0,0.80078125,-0.98046875,-1.78125,0.8558511734008789,0.14414885640144348,True
5.1434.N,5.1434,N,Por que o queijo estava estudando matemática? Para encontrar a variável da questão.,0,0,0.5546875,-0.3203125,-0.875,0.7057850360870361,0.29421496391296387,True
5.1984.N,5.1984,N,Por que o eletricista ficou louco quando viu seu carro? Porque viu o arranhão,0,0,0.59765625,-0.546875,-1.14453125,0.7585106492042542,0.24148939549922943,True
4.734.H,4.734,H,"Numa aula de filosofia do 1° período: ""Penso, logo higiénico.""",1,1,-0.2490234375,0.82421875,1.0732421875,0.25478699803352356,0.7452130317687988,True
5.2548.N,5.2548,N,O que o velho vaidoso disse em frente ao espelho? Lindo!,0,0,0.75,-0.71875,-1.46875,0.8128673434257507,0.18713267147541046,True
5.424.N,5.424,N,Qual deus grego me deixa puto? Ares.,0,0,0.44921875,-0.578125,-1.02734375,0.7364006042480469,0.26359936594963074,True
4.463.H,4.463,H,Qual é o melhos carro para te dar uma boleia? É o Volkswagen Bora!,1,1,-0.1279296875,0.3359375,0.4638671875,0.38606885075569153,0.6139311790466309,True
5.1060.H,5.1060,H,"Havia um menino chamado TLER. O que o amigo dele diz quando ele fica em silêncio depois de ouvir uma piada? Ri, Tler.",1,1,-0.1064453125,0.4921875,0.5986328125,0.35465654730796814,0.6453434824943542,True
4.239.H,4.239,H,Porque é que é sempre Natal para um homem casado com uma mulher gorda? Porque todas as noites são com suada.,1,1,-0.71875,1.296875,2.015625,0.117572121322155,0.8824278712272644,True
5.2182.N,5.2182,N,Qual é o ator que só interpreta médicos com roupa apertada? Caio Castro,0,0,0.8984375,-1.015625,-1.9140625,0.8714748620986938,0.12852515280246735,True
5.2250.H,5.2250,H,Qual fantasia que a vaca usou no Halloween? Muuuuuumia ,1,1,-0.1962890625,0.49609375,0.6923828125,0.33350321650505066,0.666496753692627,True
4.499.H,4.499,H,Como é que o Pai Natal entrega as prendas tão rápido? Ele trenó muito.,1,1,-0.57421875,1.1015625,1.67578125,0.15765488147735596,0.8423450589179993,True
4.125.H,4.125,H,O que é que os russos dizem quando mandam uma bola ao cão? Babushka!,1,0,0.076171875,0.06298828125,-0.01318359375,0.5032958984375,0.4967041313648224,False
5.1219.N,5.1219,N,O que é legal comer com as pessoas? Comida.,0,0,0.81640625,-0.88671875,-1.703125,0.8459424376487732,0.1540575474500656,True
5.1445.N,5.1445,N,Qual seria a revista do cara que lê muito? Ela iria SER VEJA.,0,1,-0.10595703125,0.58203125,0.68798828125,0.33448073267936707,0.6655192375183105,False
4.413.N,4.413,N,A minha mulher surda trocou-me por outro homem . Devia ter percebido os avisos ...,0,0,0.345703125,-0.302734375,-0.6484375,0.6566582322120667,0.34334173798561096,True
5.1577.H,5.1577,H,O que é um fuio? Um buiaco na paiede.,1,1,-0.73828125,1.171875,1.91015625,0.12896330654621124,0.87103670835495,True
5.2929.H,5.2929,H,Qual é a cantora mais conhecida por assédio? é a Palpa Fernandes,1,1,-0.5234375,1.1640625,1.6875,0.1561048924922943,0.8438951373100281,True
4.257.H,4.257,H,Um homem foi para a guerra e perdeu os dois pés. Qual é o filme? O pés-tinha.,1,1,-0.75390625,1.5625,2.31640625,0.08977328985929489,0.9102267622947693,True
5.2095.N,5.2095,N,O que o rapaz falou quando viu batatinhas em um saquinho? Posso comer?,0,0,0.63671875,-0.6015625,-1.23828125,0.7752646803855896,0.2247353047132492,True
5.3391.N,5.3391,N,Qual cantora famosa nasceu em La Paz? Shakira.,0,0,0.9140625,-0.99609375,-1.91015625,0.87103670835495,0.12896330654621124,True
5.2455.H,5.2455,H,Onde o Mickey gosta de morar? No condominnie.,1,0,0.169921875,0.13671875,-0.033203125,0.5083000063896179,0.4916999638080597,False
5.1558.H,5.1558,H,Qual é o cantor que é dificil de engolir? Zezé que amargo.,1,1,-0.31640625,0.6328125,0.94921875,0.27904197573661804,0.7209580540657043,True
5.1015.N,5.1015,N,O que são vários números 2 caindo do céu? Chuva.,0,0,0.65625,-0.65625,-1.3125,0.7879312038421631,0.2120688110589981,True
5.80.H,5.80,H,Qual é a cidade que só tem galináceas prostitutas? Ponto de Galinhas.,1,1,-0.349609375,0.578125,0.927734375,0.2833845913410187,0.7166153788566589,True
4.413.H,4.413,H,A minha mulher surda trocou-me por outro homem. Devia ter percebido os sinais...,1,0,0.349609375,-0.259765625,-0.609375,0.6477982401847839,0.35220178961753845,False
5.3238.H,5.3238,H,Qual queijo fabrica carro? Rockerford.,1,1,-0.44921875,0.87109375,1.3203125,0.21076631546020508,0.7892336845397949,True
5.2222.H,5.2222,H,Qual instrumento já vem com comando de voz? Acorde: on ,1,0,0.07470703125,0.0213623046875,-0.0533447265625,0.5133330225944519,0.4866669774055481,False
5.890.H,5.890,H,Qual é a marca favorita dos afilhados? Adindas.,1,1,-0.3125,0.7421875,1.0546875,0.25832599401474,0.74167400598526,True
4.312.N,4.312,N,Porque é que a mulher do Einstein usa bikini? Porque tem um bom corpo.,0,0,0.5859375,-0.5234375,-1.109375,0.7520126104354858,0.24798743426799774,True
4.708.N,4.708,N,Qual é a cantora preferida dos cirurgiões? É a Mariza.,0,0,0.6328125,-0.6171875,-1.25,0.7772998809814453,0.22270013391971588,True
5.1577.N,5.1577,N,O que é um furo? Um buraco na parede.,0,0,0.470703125,-0.32421875,-0.794921875,0.6888871788978577,0.31111282110214233,True
5.141.H,5.141,H,Qual o herói da ovelha? Lã pião.,1,1,-0.6796875,1.140625,1.8203125,0.13939638435840607,0.8606036305427551,True
5.2039.N,5.2039,N,Qual é o cachorro do Cazuza? O rex Beija Flor,0,1,-0.390625,1.0078125,1.3984375,0.1980641782283783,0.8019358515739441,False
5.2707.H,5.2707,H,Por que o tubo de pomada foi preso? Porque era um creminoso.,1,0,0.51953125,-0.322265625,-0.841796875,0.6988435387611389,0.30115649104118347,False
4.112.H,4.112,H,Quando é que os informáticos vão ao dermatologista? Quando têm problemas d'Apple.,1,1,-0.8203125,1.3828125,2.203125,0.09947022050619125,0.9005298018455505,True
4.381.H,4.381,H,O que acontece quando metes um tomate no micro-ondas? Entalas o outro.,1,1,-0.1650390625,0.62890625,0.7939453125,0.3113221526145935,0.6886777877807617,True
5.3703.H,5.3703,H,Que atriz trabalha como lixeira? Tony Colete.,1,1,-0.88671875,1.484375,2.37109375,0.08540366590023041,0.9145963191986084,True
5.978.H,5.978,H,Qual é a novela em que Eva zoa Adão? O Trolado do Paraíso.,1,1,-0.66015625,1.1484375,1.80859375,0.14080817997455597,0.8591918349266052,True
4.720.H,4.720,H,Um cacto liga para outro: Aloe Vera?,1,0,0.69140625,-0.69140625,-1.3828125,0.7994423508644104,0.200557678937912,False
4.337.N,4.337,N,Porque é que a mão não pode medir mais do que 31 cm? Porque aí já seria um remo.,0,1,0.024169921875,0.28515625,0.260986328125,0.4351212680339813,0.5648787617683411,False
5.1150.N,5.1150,N,O que a mãe do chinês falou para ele fazer quando brigarem com ele? Desculpar-se.,0,0,0.6328125,-0.6171875,-1.25,0.7772998809814453,0.22270013391971588,True
5.4065.H,5.4065,H,Por que acharam melhor não colocar o Silvio Santos pra apresentar toda a programação do SBT? Porque seria impor Silvio.,1,1,-0.412109375,0.7265625,1.138671875,0.24256429076194763,0.75743567943573,True
4.483.H,4.483,H,Porque é que há tantas mulheres feias no litoral? Porque a verdadeira beleza está no interior.,1,0,0.400390625,-0.44140625,-0.841796875,0.6988435387611389,0.30115649104118347,False
5.409.N,5.409,N,Qual a história sobre a princesa adolescente que não gostava de cobrir os pés? A Pequena descalça,0,0,0.234375,-0.033935546875,-0.268310546875,0.5666781067848206,0.43332189321517944,True
4.450.H,4.450,H,O que é que o Robin diz quando fuma uma ganza? Esta batman...,1,1,-0.55078125,1.171875,1.72265625,0.15152932703495026,0.8484706878662109,True
4.328.N,4.328,N,Porque é que a mulher do Luís se divorciou dele? Queria um homem mais maduro.,0,0,0.61328125,-0.52734375,-1.140625,0.7577943801879883,0.2422056347131729,True
4.703.N,4.703,N,Qual é o prazo de validade de maio? 31 de maio.,0,0,0.6875,-0.66796875,-1.35546875,0.7950222492218018,0.20497773587703705,True
5.1789.N,5.1789,N,Um menino viajando de ônibus vomitou a viagem inteira . Qual é o nome do filme? Passando mal.,0,0,0.6484375,-0.68359375,-1.33203125,0.791176438331604,0.20882359147071838,True
5.3953.H,5.3953,H,"Que movimento político ficou de apurar os fatos históricos, mas mentiu de certa forma? Com omissão da verdade.",1,1,-0.1708984375,0.66015625,0.8310546875,0.30342209339141846,0.6965778470039368,True
5.521.N,5.521,N,Qual ator que peida tão alto que ressoa? Francisco Xavier.,0,0,0.625,-0.69921875,-1.32421875,0.7898827195167542,0.21011725068092346,True
5.3006.N,5.3006,N,Qual país só tem coisas sem utilidade? Irlanda.,0,0,0.7578125,-0.984375,-1.7421875,0.8509647250175476,0.14903530478477478,True
5.1140.N,5.1140,N,Qual é a moeda preferida que quem fica em casa cuidando dos cachorros? Do Lar,0,0,0.376953125,-0.2890625,-0.666015625,0.6606104373931885,0.3393895924091339,True
4.186.N,4.186,N,Qual é a série preferida dos prisioneiros? Prison Break.,0,0,0.69921875,-0.7734375,-1.47265625,0.8134608268737793,0.18653921782970428,True
5.3116.N,5.3116,N,Qual tipo de carne que só vai bem com cerveja? Vermelha.,0,0,0.72265625,-0.8515625,-1.57421875,0.8283842206001282,0.1716158092021942,True
5.1279.H,5.1279,H,Qual ator mirim não escova os dentes? MaCarie Culkin.,1,1,-0.75390625,1.234375,1.98828125,0.12043881416320801,0.879561185836792,True
5.1684.H,5.1684,H,Qual cantor odeia a pia cheia? Caetano vê louça,1,1,0.046142578125,0.427734375,0.381591796875,0.4057430326938629,0.5942569375038147,True
5.881.N,5.881,N,Como a manicure se refere a esposa do irmão dela? Cunhada.,0,0,0.515625,-0.51953125,-1.03515625,0.7379143238067627,0.2620856761932373,True
5.162.H,5.162,H,O que são dois pontinhos marrons no palco? Browno e Marrone.,1,0,0.353515625,-0.251953125,-0.60546875,0.6469064354896545,0.3530935049057007,False
5.2780.N,5.2780,N,Qual quadro que a minha mulher adora fazer resenha? A Persistência do Tempo.,0,1,-0.1435546875,0.65625,0.7998046875,0.3100672960281372,0.6899327635765076,False
5.3490.N,5.3490,N,Qual hotel se compraram os Beatles? Let Ibis.,0,1,-0.96875,1.4140625,2.3828125,0.0844927579164505,0.9155072569847107,False
5.696.N,5.696,N,Qual é o super-herói de quem todo mundo lembra? Superman.,0,0,0.7578125,-1.078125,-1.8359375,0.8624675869941711,0.13753247261047363,True
5.3400.H,5.3400,H,Em qual série não gostam de uma banda de rock? Todo mundo odeia o Kiss.,1,0,0.4765625,-0.58984375,-1.06640625,0.7439128756523132,0.25608712434768677,False
5.1219.H,5.1219,H,O que é legal comer com as pessoas? People ca.,1,1,-0.58984375,0.984375,1.57421875,0.1716158092021942,0.8283842206001282,True
5.1445.H,5.1445,H,Qual seria a revista do cara que bebe muito? Ela iria SER VEJA.,1,1,-0.1611328125,0.70703125,0.8681640625,0.29563647508621216,0.7043635845184326,True
4.562.N,4.562,N,Em que estado se encontra o rio Mississipi? No estado Minnessota.,0,1,-0.85546875,1.3203125,2.17578125,0.10194651782512665,0.8980534672737122,False
5.3600.H,5.3600,H,Qual o tom que a Cinderela canta suas músicas? Fá da Madrinha.,1,1,-0.44140625,0.90234375,1.34375,0.20689404010772705,0.793105959892273,True
5.2812.H,5.2812,H,Qual carro é a mistura de um prato árabe e um suco? Homustang ,1,0,0.392578125,-0.11865234375,-0.51123046875,0.6250948309898376,0.3749051094055176,False
5.3223.N,5.3223,N,Qual o contrário de vadia? Trabalhadora.,0,0,0.71484375,-0.64453125,-1.359375,0.7956580519676208,0.20434190332889557,True
5.358.H,5.358,H,Qual cidade incentiva o uso do tato? Toque-o.,1,0,0.34765625,-0.154296875,-0.501953125,0.6229182481765747,0.3770817816257477,False
5.482.H,5.482,H,Qual doença se contrai quando come muito ovo? Poliomelete.,1,1,0.07763671875,0.1552734375,0.07763671875,0.4806005656719208,0.5193994045257568,True
4.52.H,4.52,H,O que é um ponto preto no oceano? É um blackalhau.,1,1,0.0011444091796875,0.076171875,0.0750274658203125,0.48125192523002625,0.5187481045722961,True
5.2893.H,5.2893,H,Qual dupla canta a meia luz? Sandy & Abajunior ,1,1,0.0022735595703125,0.65234375,0.6500701904296875,0.3429737091064453,0.6570262908935547,True
4.338.H,4.338,H,Que nome se dá a um hipopótamo a dançar com uma tartaruga? Hip hop tuga.,1,0,0.21484375,-0.11572265625,-0.33056640625,0.5818971991539001,0.41810280084609985,False
5.3547.H,5.3547,H,Qual a profissão de gente chata? Carpentelho.,1,0,0.28515625,-0.2333984375,-0.5185546875,0.6268097758293152,0.3731902539730072,False
4.600.N,4.600,N,O que são quatro pontos pretos no chão? Formigas.,0,0,0.494140625,-0.494140625,-0.98828125,0.7287483215332031,0.2712516784667969,True
5.3498.N,5.3498,N,Qual o sanduiche do Tom Brady? X-egg Bündchen.,0,1,0.0244140625,0.4140625,0.3896484375,0.40380191802978516,0.5961980819702148,False
5.2347.H,5.2347,H,Qual nome se dá quando cai uma parte de um estádio? Arquibanqueda.,1,0,0.42578125,-0.3046875,-0.73046875,0.6749081611633301,0.3250918984413147,False
4.229.N,4.229,N,A minha amiga asiática ficou doente . Mas eu salvei-a.,0,0,0.6015625,-0.5078125,-1.109375,0.7520126104354858,0.24798743426799774,True
4.85.N,4.85,N,Porque é que nunca roubaram a mota do japonês? Porque ele compra usada.,0,1,-0.251953125,0.54296875,0.794921875,0.31111282110214233,0.6888871788978577,False
4.523.H,4.523,H,Qual é o canal preferido dos dálmatas? É o Canal da Mancha.,1,0,0.138671875,-0.07421875,-0.212890625,0.553022563457489,0.4469774663448334,False
4.276.N,4.276,N,Uma mulher tropeça e cai em cima de um cão . Qual é o filme? Senta em um cão.,0,0,0.6328125,-0.5546875,-1.1875,0.7662936449050903,0.23370636999607086,True
5.2.H,5.2,H,Por que na China tem tanta gente? Porque lá eles comem com dois pauzinhos.,1,1,0.040771484375,0.0986328125,0.057861328125,0.48553869128227234,0.5144612789154053,True
5.1869.N,5.1869,N,Qual a doença mais bonita que existe? Sarda.,0,0,0.50390625,-0.55078125,-1.0546875,0.74167400598526,0.25832599401474,True
5.3992.H,5.3992,H,Qual carro tem TV a cabo? PasSat.,1,1,-0.126953125,0.46484375,0.591796875,0.3562226891517639,0.6437773108482361,True
5.1743.H,5.1743,H,Por que o fã de Riders Republic nunca se machuca na neve? Porque ele esquiva dor,1,1,-0.150390625,0.419921875,0.5703125,0.36116471886634827,0.6388352513313293,True
4.339.H,4.339,H,Vendi o meu aspirador. Só estava em casa a apanhar pó.,1,0,0.39453125,-0.2138671875,-0.6083984375,0.6475753784179688,0.35242462158203125,False
5.3658.H,5.3658,H,Qual comediante se formou em uma escola agrotécnica? Nil Agro,1,1,-0.5703125,1.2734375,1.84375,0.13660839200019836,0.863391637802124,True
5.72.H,5.72,H,Qual é a roupa mais inapropriada para usar num avião? Tomara que caia.,1,0,0.5078125,-0.47265625,-0.98046875,0.7272012233734131,0.2727987766265869,False
5.392.H,5.392,H,Qual apresentador jogava basquete? Chacrinha O'Neal,1,1,-0.09912109375,0.2236328125,0.32275390625,0.4200047254562378,0.5799952149391174,True
5.3202.N,5.3202,N,Qual peixe cai melhor no almoço da sexta-feira santa? Bacalhau.,0,0,0.69921875,-0.7109375,-1.41015625,0.8037906289100647,0.19620943069458008,True
4.239.N,4.239,N,Porque é que é sempre Natal para um homem casado com uma mulher interessante? Porque todas as noites são mágicas.,0,0,0.34375,-0.279296875,-0.623046875,0.6509112119674683,0.3490888178348541,True
5.1165.N,5.1165,N,Qual parte do corpo que ajuda os pedreiros? A mão.,0,0,0.6171875,-0.5703125,-1.1875,0.7662936449050903,0.23370636999607086,True
4.499.N,4.499,N,Como é que o Pai Natal entrega as prendas tão rápido? Ele praticou muito.,0,0,0.39453125,-0.384765625,-0.779296875,0.685528576374054,0.31447145342826843,True
3.6.H,3.6,H,Por que o policial não gosta de sabão? Porque ele prefere detergente.,1,0,0.408203125,-0.369140625,-0.77734375,0.6851073503494263,0.31489264965057373,False
4.580.N,4.580,N,Que nome se dá ao karaté para amputados? Artes marciais.,0,0,0.67578125,-0.69921875,-1.375,0.7981867790222168,0.2018132209777832,True
4.204.H,4.204,H,Como é que os drogados espirram? Ha... Haa... Haaaa... XIXE!,1,1,-0.46484375,0.94921875,1.4140625,0.19559407234191895,0.804405927658081,True
5.1073.H,5.1073,H,"Qual filme conta a história do casal mais perdido do mundo em ação? ""Procurando; né, mô?""",1,1,0.07763671875,0.267578125,0.18994140625,0.45265692472457886,0.5473431348800659,True
5.2222.N,5.2222,N,Qual instrumento já vem com comando de voz? Gaita,0,0,0.65234375,-0.86328125,-1.515625,0.8198933005332947,0.18010665476322174,True
4.122.H,4.122,H,O que é um byfe? São oito bifes.,1,0,0.466796875,-0.357421875,-0.82421875,0.6951311230659485,0.3048688769340515,False
5.2703.H,5.2703,H,"Qual jogo antigo fica tentando as pessoas contra sua religião? Peque, man.",1,1,-0.197265625,0.3671875,0.564453125,0.36251774430274963,0.6374822854995728,True
5.1171.N,5.1171,N,Qual cantora espera um dia ser rainha? Mariah Carey.,0,0,0.8828125,-1.21875,-2.1015625,0.8910549879074097,0.10894504189491272,True
5.1441.N,5.1441,N,O que o escorregador falou para o menino? Aqui os ânus passam depressa.,0,1,-0.1025390625,0.42578125,0.5283203125,0.3709087371826172,0.6290912628173828,False
5.515.H,5.515,H,"Qual personagem da Disney ia mudar de história, mas não mudou? Quasimudou.",1,1,-0.23828125,0.5390625,0.77734375,0.31489264965057373,0.6851073503494263,True
5.3033.N,5.3033,N,Qual o único apresentador que usa aliança? Nelson Rubens.,0,0,0.8203125,-1.078125,-1.8984375,0.869714617729187,0.13028542697429657,True
5.1585.N,5.1585,N,Qual é o infalível chá para calvície? Chapéu.,0,0,0.76171875,-0.78515625,-1.546875,0.8244618773460388,0.1755380630493164,True
5.681.H,5.681,H,Qual matéria da escola pode machucar? Tabuada.,1,0,0.6640625,-0.6953125,-1.359375,0.7956580519676208,0.20434190332889557,False
5.4028.N,5.4028,N,Por que o piloto não gosta de passar no meio da nuvem com o avião? Porque ele tem medo.,0,0,0.53515625,-0.5546875,-1.08984375,0.7483522891998291,0.2516477108001709,True
5.3848.N,5.3848,N,Qual dublador tbm é psicólogo? Charles Emmanuel.,0,1,-0.2890625,0.87890625,1.16796875,0.2372223287820816,0.7627776861190796,False
5.3521.N,5.3521,N,"O que o cara gritava quando foi preso por 171? "" Mentira! """,0,0,0.4453125,-0.4140625,-0.859375,0.7025300860404968,0.29746994376182556,True
5.3173.N,5.3173,N,Qual médico gosta de funk? Dr. Drauzio Varela.,0,0,0.703125,-0.765625,-1.46875,0.8128673434257507,0.18713267147541046,True
5.2032.N,5.2032,N,Qual é a denominação do cara que não come carne e não enxerga direito? Vegetariano,0,0,0.48046875,-0.41015625,-0.890625,0.709019124507904,0.29098084568977356,True
4.656.N,4.656,N,Por que é que o Pai Natal não vai entregar as prendas a tempo? Porque tem os trabalhadores doentes.,0,0,0.07275390625,0.06689453125,-0.005859375,0.50146484375,0.4985351860523224,True
5.1491.N,5.1491,N,Sabe qual é a música heavy metal de Chitãozinho e Xororó? Evidências.,0,0,0.54296875,-0.46484375,-1.0078125,0.7325918078422546,0.2674081325531006,True
4.415.N,4.415,N,O meu papagaio obeso morreu . Foi um amigo que me tiraram dos ombros.,0,0,0.27734375,-0.263671875,-0.541015625,0.6320486664772034,0.36795133352279663,True
5.740.N,5.740,N,"Qual número que quando cai, vira uma fruta? maçã.",0,0,0.671875,-0.62890625,-1.30078125,0.7859664559364319,0.2140335589647293,True
5.695.H,5.695,H,Qual é o tipo de roupa que os magros não podem usar? As feitas de algordão.,1,1,-0.57421875,1.234375,1.80859375,0.14080817997455597,0.8591918349266052,True
5.2904.N,5.2904,N,Qual vegetal se manifesta quando batem na porta? quiabo,0,0,0.59765625,-0.53125,-1.12890625,0.755636990070343,0.2443629950284958,True
5.1870.H,5.1870,H,Que médico só trabalha dentro de casa? Indoorcrinologista ,1,1,0.1435546875,0.158203125,0.0146484375,0.4963379502296448,0.5036620497703552,True
5.3534.H,5.3534,H,Qual o eletrônico que já foi de outro planeta? Ex Marte Phone.,1,1,-0.1533203125,0.828125,0.9814453125,0.2726050913333893,0.7273949384689331,True
5.993.H,5.993,H,Qual o super-herói fala sueco? VOLVOrine,1,1,0.004669189453125,0.51171875,0.507049560546875,0.3758854568004608,0.6241145730018616,True
4.672.H,4.672,H,Qual é o melhor óleo para lubrificar o sexo? Óleo Need Is Love.,1,1,-0.78515625,1.3984375,2.18359375,0.10123348236083984,0.8987665772438049,True
5.714.H,5.714,H,Qual o cantor que cheira toda a cocaína que trouxeram? Seca pacotinho.,1,1,-1.046875,1.5703125,2.6171875,0.06804041564464569,0.9319595694541931,True
5.2070.N,5.2070,N,Qual é a banda favorita do império galáctico? Beatles,0,0,0.77734375,-1.0234375,-1.80078125,0.858244001865387,0.14175598323345184,True
4.17.H,4.17,H,Em que local do planeta se encontram mais leprosos? Nas ilhas Caimão.,1,1,-0.74609375,1.1796875,1.92578125,0.12721826136112213,0.8727816939353943,True
4.377.H,4.377,H,"Qual é o carro preferido das pitas? É o Fiat, tipo.",1,1,0.0673828125,0.29296875,0.2255859375,0.44384142756462097,0.5561585426330566,True
5.2032.H,5.2032,H,Qual é a denominação do cara que não come carne e não enxerga direito? Vesgano ,1,0,0.09716796875,0.0712890625,-0.02587890625,0.5064693689346313,0.49353063106536865,False
5.3037.H,5.3037,H,Qual cidade norte-americana que tem magia? Harry Portland.,1,0,0.2373046875,0.068359375,-0.1689453125,0.5421361923217773,0.45786383748054504,False
5.3328.N,5.3328,N,Como se chamam os jovens barbeiros? Iniciantes.,0,0,0.44921875,-0.333984375,-0.783203125,0.6863700151443481,0.31362995505332947,True
4.212.H,4.212,H,Qual é a doença que os cegos nunca apanham? Conjunti vi-te!,1,1,-0.46875,1.171875,1.640625,0.16238002479076385,0.837619960308075,True
5.2395.N,5.2395,N,Qual é o remédio que se compra quando vai à padaria? Dramin.,0,1,0.055419921875,0.08154296875,0.026123046875,0.49346959590911865,0.5065304040908813,False
5.1021.N,5.1021,N,Qual galaxia treina com nutricionista? A Andrômeda,0,1,-0.046630859375,0.57421875,0.620849609375,0.3495882749557495,0.6504117250442505,False
5.1298.H,5.1298,H,Qual político é mal arejado? Brisola.,1,0,0.6875,-0.703125,-1.390625,0.8006919622421265,0.19930797815322876,False
5.1303.N,5.1303,N,Qual o chá preferido dos britânicos para se acalmar? Erva-Cidreira.,0,1,-0.1484375,0.5234375,0.671875,0.3380771279335022,0.6619228720664978,False
5.2193.N,5.2193,N,Qual é a bala favorita dos pedreiros? Trident,0,0,0.439453125,-0.1875,-0.626953125,0.6517983078956604,0.348201721906662,True
4.278.H,4.278,H,Quando é que se celebra o Dia Mundial do Desmaio? 10/maio.,1,0,0.376953125,-0.1845703125,-0.5615234375,0.6368049383163452,0.3631950616836548,False
5.1684.N,5.1684,N,O juiz condenou um réu por um crime articulado dentro de uma loja . Por quê? Porque o réu matou o lojista.,0,0,0.419921875,-0.2041015625,-0.6240234375,0.6511330008506775,0.34886693954467773,True
5.3079.N,5.3079,N,Qual o cineasta mais odiado em Goiânia? Martin Scorcese.,0,1,-0.16796875,0.578125,0.74609375,0.32167303562164307,0.6783269047737122,False
5.1397.N,5.1397,N,Qual é o personagem da Marvel que é um pão? Deadpool.,0,0,0.65234375,-0.73828125,-1.390625,0.8006919622421265,0.19930797815322876,True
5.417.N,5.417,N,Qual é o doce mais gostoso que existe? A bala 7 BELO.,0,1,-0.54296875,1.2421875,1.78515625,0.14366760849952698,0.8563323616981506,False
5.3600.N,5.3600,N,Qual o tom que a Cinderela canta suas músicas? Dó.,0,0,0.45703125,-0.4921875,-0.94921875,0.7209580540657043,0.27904197573661804,True
5.1746.N,5.1746,N,"Qual é a cirurgia mais demorada no ser humano? A cirurgia de hemorróida, porque é feita ao longo do dia.",0,0,0.408203125,-0.271484375,-0.6796875,0.6636689305305481,0.3363310694694519,True
4.481.N,4.481,N,Porque é que o corcunda de Notre-Dame não seguiu a carreira de advogado? Porque nunca conseguiu estudar.,0,0,0.58203125,-0.59375,-1.17578125,0.7641884088516235,0.23581159114837646,True
4.307.H,4.307,H,Quanto tempo demora um gelado a derreter? Cerca de um Carte D'Or.,1,1,-0.87890625,1.46875,2.34765625,0.08725224435329437,0.9127477407455444,True
5.2534.H,5.2534,H,Onde moram os dançarinos da Xuxa? Paquistão.,1,0,0.7890625,-0.93359375,-1.72265625,0.8484706878662109,0.15152932703495026,False
5.3132.H,5.3132,H,Qual o exercício preferido das abelhas? Abee dominal.,1,1,-0.86328125,1.5,2.36328125,0.08601587265729904,0.9139840602874756,True
4.681.N,4.681,N,"Decidi adotar um Chihuahua . Para quem não sabe, é um animal doméstico.",0,0,0.70703125,-0.62109375,-1.328125,0.7905303239822388,0.20946967601776123,True
5.2301.N,5.2301,N,"Por que o militar sempre ia no INSS, mas nunca aposentava? Porque era militar de reserva.",0,0,0.455078125,-0.2890625,-0.744140625,0.6779006123542786,0.32209938764572144,True
5.3962.N,5.3962,N,Qual passarinho grita muito? Arara.,0,0,0.6796875,-0.7890625,-1.46875,0.8128673434257507,0.18713267147541046,True
5.388.N,5.388,N,Por que a serpente tem que fazer os deveres de casa? Porque a mãe dela pede.,0,0,0.6015625,-0.455078125,-1.056640625,0.7420480251312256,0.257951945066452,True
5.403.N,5.403,N,Qual figura religiosa não sabe a quem orar? Madre Teresa de Calcutá.,0,0,0.7578125,-0.91796875,-1.67578125,0.8423450589179993,0.15765488147735596,True
4.328.H,4.328,H,Porque é que a mulher do Incrível Hulk se divorciou dele? Queria um homem mais maduro.,1,0,0.52734375,-0.5,-1.02734375,0.7364006042480469,0.26359936594963074,False
4.415.H,4.415,H,O meu papagaio obeso morreu. Foi um peso que me tiraram dos ombros.,1,0,0.1142578125,-0.09521484375,-0.20947265625,0.5521775484085083,0.4478224515914917,False
5.3038.H,5.3038,H,Qual cidade norte-americana odeia tanto sujeiras entrando no olho que até as tortura? Sofram Cisco!,1,1,-0.8984375,1.4453125,2.34375,0.08756384253501892,0.9124361872673035,True
5.3443.N,5.3443,N,Qual atriz é um cereal? Jennifer.,0,0,0.703125,-0.85546875,-1.55859375,0.826151430606842,0.17384852468967438,True
4.572.N,4.572,N,O que é que um ator faz quando vê outro? Cumprimenta-o.,0,0,0.3984375,-0.294921875,-0.693359375,0.6667138338088989,0.3332861661911011,True
5.1558.N,5.1558,N,Qual é o cantor que é dificil de engolir? Zezé Di Camargo.,0,0,0.75390625,-0.9609375,-1.71484375,0.8474634885787964,0.15253649652004242,True
5.2985.H,5.2985,H,Qual animal é coach? O cão guru.,1,0,0.2060546875,-0.0111083984375,-0.2171630859375,0.5540784001350403,0.4459215998649597,False
4.511.H,4.511,H,"Porque é que não há professores de Geografia daltónicos? Porque se houvesse, não viam a coordenada.",1,1,-0.337890625,0.828125,1.166015625,0.2375759482383728,0.7624240517616272,True
4.479.H,4.479,H,Qual é o osso que segura a cabeça? É o pesc-osso.,1,1,-0.7890625,1.3359375,2.125,0.10669060796499252,0.8933094143867493,True
5.1821.N,5.1821,N,Por que o Tiger Woods teve que limpar um tanque enorme? Porque ele ganhou um golfinho.,0,0,0.455078125,-0.380859375,-0.8359375,0.6976089477539062,0.30239108204841614,True
4.545.N,4.545,N,"Qual é o lema dos perus? "" Um por todos e todos por um  "".",0,0,0.1923828125,-0.047607421875,-0.239990234375,0.559711217880249,0.4402887523174286,True
5.4027.H,5.4027,H,Qual o nome do parente que mais gosta de você? A Tia Dora.,1,0,0.451171875,-0.404296875,-0.85546875,0.7017130851745605,0.29828691482543945,False
5.3297.H,5.3297,H,Que apresentador guarda arquivos de voz dos convidados? Silvio Samples.,1,1,-0.86328125,1.3671875,2.23046875,0.09704755991697311,0.9029524326324463,True
5.2136.H,5.2136,H,Qual é a massa servida nos EUA? Nova Nhoque ,1,1,-0.40234375,0.76171875,1.1640625,0.23792991042137146,0.7620701193809509,True
4.283.H,4.283,H,Qual é o carro que consegue transportar mais porcos? É o Nissan na vara.,1,1,-0.671875,1.078125,1.75,0.14804719388484955,0.8519527316093445,True
4.706.N,4.706,N,Qual é o lema do Instagram? Carpe diem.,0,0,0.498046875,-0.5546875,-1.052734375,0.7412996292114258,0.2587003707885742,True
5.1613.H,5.1613,H,"Como se faz para uma laranja virar uma cobra? Faz cosquinha nela, aí o suco ri.",1,1,0.0198974609375,0.205078125,0.1851806640625,0.4538366496562958,0.5461633205413818,True
5.2904.H,5.2904,H,Qual vegetal se manifesta quando batem na porta? Eu quiabo ,1,1,0.07861328125,0.357421875,0.27880859375,0.4307458698749542,0.5692541599273682,True
5.615.N,5.615,N,Qual e a marca preferida de carro dos jogadores de futebol? Toyota!,0,0,0.78125,-0.8828125,-1.6640625,0.8407825827598572,0.15921741724014282,True
5.1310.N,5.1310,N,Onde as empresas compram material de construção? Telha Norte.,0,1,-0.294921875,0.66015625,0.955078125,0.2778647243976593,0.7221353054046631,False
5.589.H,5.589,H,Qual é a fruta preferida do Neymar? A uva parça.,1,1,-0.07080078125,0.474609375,0.54541015625,0.36692994832992554,0.6330700516700745,True
5.218.N,5.218,N,Como se chama o demônio de camisola? O Diabo Veste Prada.,0,1,-0.4765625,0.953125,1.4296875,0.19314739108085632,0.8068526387214661,False
5.31.N,5.31,N,Qual é o poeta que sempre se atrasa? Fernando Pessoa.,0,0,0.74609375,-1.0234375,-1.76953125,0.8543993234634399,0.14560063183307648,True
5.2508.H,5.2508,H,Qual é o planeta que ama a todos? Amarte.,1,1,-0.1298828125,0.40234375,0.5322265625,0.3699977397918701,0.6300022602081299,True
5.2518.N,5.2518,N,Qual personagem da literatura chupava tudo o que via? Dom Quixote.,0,0,0.73828125,-0.8671875,-1.60546875,0.8327813148498535,0.1672186702489853,True
5.3488.N,5.3488,N,Que órgão ajudou o governador de São Paulo? A Procurar Doria.,0,1,-0.306640625,0.6796875,0.986328125,0.2716379463672638,0.7283620238304138,False
4.731.H,4.731,H,"Como é que uma sopinha de massa elogia uma mulher alta? Eh lá, hoje estás toda girafa!",1,1,-0.0272216796875,0.21875,0.2459716796875,0.43881526589393616,0.5611847639083862,True
5.1431.H,5.1431,H,Qual é o nome do X-Men que é ginecologista? Volver hímen.,1,1,-0.703125,1.3359375,2.0390625,0.11516222357749939,0.8848377466201782,True
4.412.N,4.412,N,Porque é que o computador não pára de avariar? Porque apanhou um vírus.,0,0,0.365234375,-0.419921875,-0.78515625,0.6867902874946594,0.3132096529006958,True
5.306.N,5.306,N,Qual problema de saúde recorrente em matemáticos? Problema de tendinite,0,0,0.4609375,-0.291015625,-0.751953125,0.6796041131019592,0.3203958570957184,True
5.515.N,5.515,N,"Qual personagem da Disney ia mudar de história, mas não mudou? Cinderela.",0,0,0.71484375,-0.77734375,-1.4921875,0.8164063692092896,0.18359361588954926,True
5.480.H,5.480,H,Como morreu o rebanho dos judeus? Em Gás Gado,1,1,-0.65625,1.40625,2.0625,0.11279541254043579,0.8872045874595642,True
5.2643.N,5.2643,N,Qual é o nome de um cabeleireiro? Salão de Beleza.,0,0,0.609375,-0.5859375,-1.1953125,0.7676898241043091,0.23231014609336853,True
4.389.N,4.389,N,Qual é a semelhança entre o da Vinci e o Museu do Louvre? Ambos têm a Mona Lisa.,0,0,0.455078125,-0.330078125,-0.78515625,0.6867902874946594,0.3132096529006958,True
5.650.N,5.650,N,Em que país só se anda de carro grande? Brasil.,0,0,0.72265625,-1.015625,-1.73828125,0.8504685759544373,0.14953136444091797,True
5.1967.N,5.1967,N,Que tipo de filme está sempre nas programações? Popular.,0,0,0.71875,-0.859375,-1.578125,0.8289388418197632,0.1710611879825592,True
5.3229.N,5.3229,N,Qual apresentador me dá tesão? Marcos Mion.,0,0,0.84765625,-1.1484375,-1.99609375,0.8803863525390625,0.1196136623620987,True
5.3228.N,5.3228,N,Qual o nome do argentino que criou uma lei de incentivo? Juarez,0,0,0.51171875,-0.392578125,-0.904296875,0.7118317484855652,0.2881683111190796,True
5.516.H,5.516,H,Para onde o José se mudou com a esperança de um mundo melhor? Nova Zé Landia.,1,1,-0.828125,1.515625,2.34375,0.08756384253501892,0.9124361872673035,True
5.1814.H,5.1814,H,Qual é o animal redundante? Pleo asno,1,1,-0.251953125,0.62890625,0.880859375,0.2929997444152832,0.7070003151893616,True
4.212.N,4.212,N,Qual é a doença que os cegos nunca apanham? Cegueira!,0,0,0.498046875,-0.45703125,-0.955078125,0.7221353054046631,0.2778647243976593,True
5.2069.N,5.2069,N,Os imperador inca decretou que as lhamas seriam os únicos animais permitidos em Machu Picchu . Qual é o nome do filme? O Império Contra Ataca,0,0,0.0556640625,0.016845703125,-0.038818359375,0.5097033381462097,0.4902966320514679,True
4.710.N,4.710,N,Comprei um pónei e chamei-lhe Mário . Pode-se dizer que tenho um cavalo pequeno.,0,0,0.447265625,-0.345703125,-0.79296875,0.6884683966636658,0.31153157353401184,True
4.437.N,4.437,N,"O que diz o senhor para a senhora? Quando roço em ti, perco a cabeça.",0,0,0.326171875,-0.267578125,-0.59375,0.6442250609397888,0.3557748794555664,True
4.447.N,4.447,N,Para que é que se plantam plantas? Para depois colher.,0,0,0.203125,0.0311279296875,-0.1719970703125,0.5428935885429382,0.4571063816547394,True
5.2488.H,5.2488,H,Qual é o bloco do índio que não bebe nem fuma? Mim careta.,1,1,-0.65234375,1.0859375,1.73828125,0.14953136444091797,0.8504685759544373,True
4.562.H,4.562,H,Em que estado se encontra o rio Mississipi? No estado líquido.,1,0,0.1357421875,-0.1875,-0.3232421875,0.5801141858100891,0.4198858439922333,False
5.345.H,5.345,H,Qual banda que torce pra polícia não acertar? ErrePM.,1,1,-0.75,1.265625,2.015625,0.117572121322155,0.8824278712272644,True
5.2597.N,5.2597,N,Qual seria a profissão perfeita para o Tony Tornado? Promotor de festas.,0,0,0.734375,-0.87890625,-1.61328125,0.8338664174079895,0.1661335527896881,True
5.388.H,5.388,H,Por que a serpente tem que fazer os deveres de casa? Porque a mãe dela Cobra.,1,1,-0.0634765625,0.51953125,0.5830078125,0.3582407832145691,0.6417592167854309,True
5.2638.N,5.2638,N,Quem é a pessoa que só escreve histórias sobre felinos depressivos? Maria Esther Maciel.,0,1,0.10791015625,0.1708984375,0.06298828125,0.48425814509391785,0.5157418251037598,False
5.3277.N,5.3277,N,Qual cantor registrava a entrada de ets? Orlando Moraes.,0,0,0.6875,-0.68359375,-1.37109375,0.7975567579269409,0.2024431824684143,True
5.2922.N,5.2922,N,No que trabalha o trator quebrado? Plantação,0,0,0.72265625,-0.67578125,-1.3984375,0.8019358515739441,0.1980641782283783,True
5.3776.N,5.3776,N,Qual é a banda mais consumida no dia a dia? Pearl Jam.,0,0,0.8515625,-1.1015625,-1.953125,0.8757869601249695,0.12421300262212753,True
4.431.N,4.431,N,""" Ontem "" não tem H. "" Hoje "" tem H. Como os dias mudam ...",0,0,0.2197265625,0.036376953125,-0.183349609375,0.5457094311714172,0.4542905390262604,True
5.1472.H,5.1472,H,Qual o melhor pote da cozinha? O Topper ware.,1,1,-0.404296875,0.734375,1.138671875,0.24256429076194763,0.75743567943573,True
4.493.N,4.493,N,Que nome se dá a uma pessoa alérgica a glúten? Celíaca.,0,0,0.43359375,-0.322265625,-0.755859375,0.6804540753364563,0.3195458948612213,True
4.655.H,4.655,H,Hoje a São acordou toda molhada. O que aconteceu? Inunda São.,1,1,-0.53515625,1.203125,1.73828125,0.14953136444091797,0.8504685759544373,True
5.2507.H,5.2507,H,Qual é o aparelho que nunca para de mexer? A balança.,1,0,0.65234375,-0.8125,-1.46484375,0.8122723698616028,0.18772758543491364,False
5.3253.N,5.3253,N,Como se chamam aqueles parentes que você não vê nunca? Os Distantes.,0,1,0.051513671875,0.1640625,0.112548828125,0.47189247608184814,0.5281075239181519,False
5.234.H,5.234,H,Por que o pai de santo abaixou as calças? PORQUE É DANDO QUE SE RECEBE,1,1,-0.12255859375,0.396484375,0.51904296875,0.37307605147361755,0.6269239783287048,True
5.2203.N,5.2203,N,Qual é o documento que não deixa claro quando a pessoa nasceu? Carteira de motorista.,0,0,0.71875,-0.8515625,-1.5703125,0.8278281688690186,0.17217184603214264,True
2.19.H,2.19,H,Todos morrem uma só vez. A Alanis Morrissette.,1,1,-0.2734375,0.84375,1.1171875,0.2465333640575409,0.7534666657447815,True
5.3065.N,5.3065,N,Que personagem infantil só faz dançar? Tchutchucão.,0,0,0.240234375,-0.09912109375,-0.33935546875,0.5840339660644531,0.4159660339355469,True
5.3492.N,5.3492,N,"Qual a banda que, quando nasceu, era alimentada por criminosas? Legião Urbana.",0,0,0.76953125,-0.98046875,-1.75,0.8519527316093445,0.14804719388484955,True
4.595.H,4.595,H,Para que servem óculos verdes? Para verde perto.,1,1,-0.609375,1.3046875,1.9140625,0.12852515280246735,0.8714748620986938,True
4.335.H,4.335,H,O que fazem os triângulos quando estão cansados? Eles sin-cos-tan.,1,1,-0.84765625,1.5234375,2.37109375,0.08540366590023041,0.9145963191986084,True
4.615.H,4.615,H,"A eletricidade está tão cara, tão cara, que a EDP decidiu mudar o nome para Luz Vuitton.",1,0,0.2216796875,0.2216796875,0.0,0.5,0.5,False
4.502.H,4.502,H,"Segui as instruções na embalagem da lasanha que dizia para colocar o forno a 180 graus. Agora como é que eu abro a porta, se o forno está virado para a parede?",1,0,0.412109375,-0.322265625,-0.734375,0.6757646203041077,0.32423537969589233,False
5.2512.H,5.2512,H,Por que ninguém na Terra consegue entender a língua nativa do Super-Homem? Porque é enkriptongrafada.,1,1,-0.06640625,0.45703125,0.5234375,0.3720487952232361,0.6279512047767639,True
5.3229.H,5.3229,H,Qual apresentador me dá tesão? Otávio MeExcita.,1,1,-0.63671875,1.1796875,1.81640625,0.13986565172672272,0.8601343035697937,True
5.394.H,5.394,H,Qual apresentador está na pior? José Luís Da Pena.,1,1,-0.2734375,0.73046875,1.00390625,0.26817408204078674,0.7318258881568909,True
4.160.H,4.160,H,O que diz uma banana suicida? Macacos me mordam!,1,0,0.119140625,-0.005279541015625,-0.124420166015625,0.5310649871826172,0.4689350426197052,False
4.215.H,4.215,H,O que diz a mãe bombista quando vai por o filho à escola? Lá vai o meu rebento...,1,0,0.34375,-0.1962890625,-0.5400390625,0.6318215131759644,0.36817851662635803,False
5.2010.N,5.2010,N,Qual é a padroeira de quem vive dando voltas? Nossa Senhora Aparecida,0,0,0.66796875,-0.91796875,-1.5859375,0.8300437331199646,0.16995622217655182,True
5.3509.N,5.3509,N,Qual é o cantor que teve problemas respiratórios? Erasma Carlos.,0,1,-0.10400390625,0.578125,0.68212890625,0.3357863426208496,0.6642136573791504,False
4.709.H,4.709,H,"Se a Terra é redonda, por que é que se chama ""planeta"" e não ""redondeta""?",1,0,0.30078125,-0.18359375,-0.484375,0.6187804341316223,0.3812195360660553,False
5.2900.H,5.2900,H,Qual cineasta tem um haras? O de Além? ,1,1,-0.15234375,0.50390625,0.65625,0.3415825068950653,0.6584175229072571,True
5.1060.N,5.1060,N,"Havia um menino chamado João . O que o amigo dele diz quando ele fica em silêncio depois de ouvir uma piada? Ri, João.",0,0,0.380859375,-0.30859375,-0.689453125,0.6658452749252319,0.33415475487709045,True
4.551.N,4.551,N,Um iogurte fora de prazo mata uma família inteira . Qual é o filme? Iogurte Envenenado.,0,1,-0.310546875,0.7734375,1.083984375,0.25275272130966187,0.7472472190856934,False
5.3202.H,5.3202,H,Qual peixe cai melhor no almoço da sexta-feira santa? A-tum.,1,1,-0.2470703125,0.76953125,1.0166015625,0.2656899094581604,0.7343100905418396,True
4.374.H,4.374,H,Porque é que na Polónia ninguém se perde? Porque lá há muitas polacas.,1,0,0.341796875,-0.166015625,-0.5078125,0.6242935061454773,0.3757064640522003,False
5.912.N,5.912,N,Qual é a parte do computador que não é do bem? O teclado.,0,0,0.6875,-0.78125,-1.46875,0.8128673434257507,0.18713267147541046,True
5.3196.N,5.3196,N,Qual o eletrodoméstico perfeito para misturar currículos? O liquidificador.,0,0,0.69140625,-0.7578125,-1.44921875,0.8098781704902649,0.1901218295097351,True
4.559.H,4.559,H,Porque é que os diabéticos não usam o Google Chrome? Porque não podem aceitar cookies.,1,0,0.28515625,-0.2431640625,-0.5283203125,0.6290912628173828,0.3709087371826172,False
3.6.N,3.6,N,Por que o policial não gosta de sabão? Porque ele tem alergia.,0,0,0.482421875,-0.4375,-0.919921875,0.7150261998176575,0.2849738299846649,True
5.1732.N,5.1732,N,Onde os detentos escrevem as coisas no seu dia-a-dia? No caderno.,0,0,0.58203125,-0.5625,-1.14453125,0.7585106492042542,0.24148939549922943,True
5.1802.N,5.1802,N,Por que ninguém na Terra consegue entender a língua nativa do Super-Homem? Porque é alienígena.,0,0,0.498046875,-0.51953125,-1.017578125,0.7345005869865417,0.26549944281578064,True
5.3785.N,5.3785,N,Qual o jogo esportivo dos estudantes que moram juntos? Riders República.,0,1,-0.7578125,1.4921875,2.25,0.09534946084022522,0.9046505093574524,False
5.1276.N,5.1276,N,Qual menina sempre bota pilha nos outros pra sair? A Maria.,0,0,0.6875,-0.734375,-1.421875,0.8056321740150452,0.19436781108379364,True
5.2243.N,5.2243,N,Por que a mulher com carteira assinada nunca tira o investimento? Porque ela tá de renda fixa,0,1,-0.21875,0.5078125,0.7265625,0.3259495198726654,0.6740504503250122,False
5.1515.N,5.1515,N,Qual super herói que tem fetiche com a própria mãe? Deadpool.,0,0,0.69921875,-0.8359375,-1.53515625,0.8227594494819641,0.1772405207157135,True
5.169.H,5.169,H,Em qual programa o Sílvio Santos exagera no laquê? Topetudo por Dinheiro.,1,1,-0.8125,1.3515625,2.1640625,0.1030244380235672,0.896975576877594,True
4.20.H,4.20,H,Adoro mulheres com sardas. Têm centenas de pontos a seu favor.,1,0,0.1884765625,-0.04833984375,-0.23681640625,0.5589289665222168,0.4410710036754608,False
4.322.N,4.322,N,Qual é a semelhança entre um Game Boy e uma PlayStation? Ambos são consola.,0,1,-0.546875,1.1484375,1.6953125,0.1550784558057785,0.8449215292930603,False
4.662.H,4.662,H,"Decidi começar a usar um pano nas cuecas. Assim, sempre que me peido liberto gás propano.",1,1,-0.09619140625,0.44140625,0.53759765625,0.3687466084957123,0.6312534213066101,True
5.22.H,5.22,H,Quando é que o David Copperfield sabe quando tem gente chegando na casa dele? Olhando pelo olho mágico.,1,1,-0.291015625,0.64453125,0.935546875,0.2818007171154022,0.7181993126869202,True
5.2955.H,5.2955,H,Qual o nome do jogo que Jô Soares adora jogar quando cheira cocaína? Jô quer pó.,1,1,0.032958984375,0.154296875,0.121337890625,0.46970269083976746,0.5302973389625549,True
5.3668.H,5.3668,H,Por que o frango caipira não tem problemas jurídicos de identidade? Porque ele não tem hormônimos.,1,1,-0.29296875,0.72265625,1.015625,0.26588043570518494,0.7341195344924927,True
5.1821.H,5.1821,H,Qual é o militar que está sempre se elogiando? Sou gato,1,0,0.494140625,-0.51953125,-1.013671875,0.733738124370575,0.26626187562942505,False
5.1808.N,5.1808,N,Qual personagem da literatura chupava tudo o que via? Bentinho.,0,0,0.71484375,-0.71484375,-1.4296875,0.8068526387214661,0.19314739108085632,True
4.162.N,4.162,N,"Porque é que o papa formigas atravessou a estrada? Não conseguiu, ficou preso numa racha.",0,0,0.111328125,-0.034423828125,-0.145751953125,0.5363736152648926,0.46362635493278503,True
5.443.H,5.443,H,"O que o Doutor exclamou ao examinar o Silvio Santos que reclamava de uma dor nas costas? É você, Lombar.",1,1,-0.435546875,1.015625,1.451171875,0.1898212730884552,0.8101786971092224,True
4.567.H,4.567,H,"O que é que a mulher do comunista diz quando o viagra perde o efeito? Foice o martelo, camarada.",1,1,-0.21484375,0.57421875,0.7890625,0.3123700022697449,0.6876299977302551,True
5.226.N,5.226,N,Um homem TODO DIA molha e coloca para secar um OB . Por que? PORQUE ELE ESTÁ TRANSTORNADO,0,1,0.087890625,0.1728515625,0.0849609375,0.4787725508213043,0.5212274789810181,False
5.890.N,5.890,N,Qual é a marca favorita dos afilhados? Nike.,0,0,0.78125,-1.125,-1.90625,0.8705973029136658,0.12940272688865662,True
5.1066.N,5.1066,N,Qual o sanduíche de queijo com mosquito? Queijo quente.,0,0,0.67578125,-0.78125,-1.45703125,0.8110781908035278,0.18892180919647217,True
4.156.N,4.156,N,Qual é a língua mais falada nas prisões portuguesas? É o português.,0,0,0.6171875,-0.79296875,-1.41015625,0.8037906289100647,0.19620943069458008,True
5.4027.N,5.4027,N,Qual o nome do parente que mais gosta de você? A Tia Maria.,0,0,0.65625,-0.7265625,-1.3828125,0.7994423508644104,0.200557678937912,True
5.3877.N,5.3877,N,Qual o cantor favorito da xícara? Roberto Carlos.,0,0,0.96484375,-1.140625,-2.10546875,0.8914335370063782,0.10856641829013824,True
5.561.H,5.561,H,Qual personagem do Star Wars de Umbanda? Exubacca.,1,1,-0.04541015625,0.31640625,0.36181640625,0.41051995754241943,0.5894801020622253,True
5.670.N,5.670,N,Qual é a música em que o sobrinho do Michael Jackson nos convida a assistir a um moonwalk feito pelos Jackson Five? Tears In Heaven!,0,1,-0.2275390625,0.6953125,0.9228515625,0.28437721729278564,0.7156228423118591,False
4.371.N,4.371,N,A tua mãe é como a luz da TV . Está todo o dia apagada.,0,0,0.62109375,-0.54296875,-1.1640625,0.7620701193809509,0.23792991042137146,True
5.392.N,5.392,N,Qual jogador jogava basquete? Shaquille O'Neal,0,1,-0.10498046875,0.17578125,0.28076171875,0.43026700615882874,0.5697329640388489,False
5.3547.N,5.3547,N,Qual a profissão de gente chata? Carpinteiro.,0,0,0.6875,-0.74609375,-1.43359375,0.8074606657028198,0.19253934919834137,True
4.734.N,4.734,N,"Numa aula de filosofia do 1 ° período: "" Penso, logo existo . """,0,0,0.322265625,-0.1533203125,-0.4755859375,0.6167050004005432,0.3832949697971344,True
5.1078.N,5.1078,N,Qual o bolo mais barulhento que existe? Bolo de aniversário.,0,0,0.71484375,-0.86328125,-1.578125,0.8289388418197632,0.1710611879825592,True
5.3004.N,5.3004,N,Qual refeição que volta mais rápido do que vai? Almoço.,0,0,0.6875,-0.74609375,-1.43359375,0.8074606657028198,0.19253934919834137,True
4.710.H,4.710,H,Comprei um pónei e chamei-lhe Mário. Pode-se dizer que tenho um cavalo Marinho.,1,1,-0.0034332275390625,0.2470703125,0.2505035400390625,0.4376995265483856,0.562300443649292,True
5.1495.H,5.1495,H,Qual o herói favorito de Deus? Clark Crente.,1,1,-0.5234375,1.1171875,1.640625,0.16238002479076385,0.837619960308075,True
4.335.N,4.335,N,O que fazem os triângulos quando estão cansados? Dormem.,0,0,0.30078125,-0.390625,-0.69140625,0.666279673576355,0.33372029662132263,True
5.1585.H,5.1585,H,Qual é o melhor chá para calvície? Chapéu.,1,0,0.8359375,-0.78515625,-1.62109375,0.8349459171295166,0.1650540828704834,False
5.394.N,5.394,N,Qual apresentador está na pior? José Luís Datena.,0,0,0.65625,-0.84765625,-1.50390625,0.818156361579895,0.18184363842010498,True
5.72.N,5.72,N,Qual é a roupa mais inapropriada para usar num avião? Biquíni.,0,0,0.8125,-0.734375,-1.546875,0.8244618773460388,0.1755380630493164,True
5.133.N,5.133,N,Qual cantor adora cozinhar? Hélice Cooper.,0,0,0.71875,-0.70703125,-1.42578125,0.8062431216239929,0.1937568485736847,True
5.1061.H,5.1061,H,Qual doença temos que coletar esperma? Cataporra.,1,1,0.0380859375,0.2392578125,0.201171875,0.44987595081329346,0.5501240491867065,True
5.482.N,5.482,N,Qual doença se contrai quando come muito ovo? Colesterol.,0,0,0.73046875,-0.87890625,-1.609375,0.8333246111869812,0.1666754186153412,True
5.3466.H,5.3466,H,Cantora que nunca tem data disponível pra show? ZizimPossible.,1,1,-0.74609375,1.3359375,2.08203125,0.1108555942773819,0.8891444206237793,True
4.470.H,4.470,H,Porque é que o mar é azul? Porque os peixes fazem blue... blue... blue...,1,1,-0.1279296875,0.578125,0.7060546875,0.3304711878299713,0.6695287823677063,True
5.3911.H,5.3911,H,Qual a cidade paulista as pessoas rezam e fazem artesanato? Em Budas Artes.,1,1,-0.6328125,1.3125,1.9453125,0.1250653862953186,0.8749346137046814,True
5.1971.H,5.1971,H,Porque a fada madrinha estava com um isqueiro na mão indo em direção a uma vela no candelabro? Pra acenderela ,1,0,0.1005859375,0.059326171875,-0.041259765625,0.5103134512901306,0.489686518907547,False
5.3825.H,5.3825,H,Qual o mês do Popó? Junho de Aço.,1,1,-0.5546875,1.0625,1.6171875,0.16559310257434845,0.8344069123268127,True
5.1643.N,5.1643,N,Qual é a série que se passa no norte do país? 3%.,0,0,0.703125,-0.83203125,-1.53515625,0.8227594494819641,0.1772405207157135,True
5.479.H,5.479,H,Por que os mamíferos são os únicos animais que conseguem tossir?  Porque só o leite que tem lacTOSSE.,1,1,-0.91015625,1.65625,2.56640625,0.07133200019598007,0.9286680221557617,True
5.1387.N,5.1387,N,Qual cantora escreveu Sitio do Picapau Amarelo? A Katy Perry.,0,0,0.875,-1.0546875,-1.9296875,0.873214840888977,0.12678518891334534,True
5.122.H,5.122,H,Como chama a cerveja que você só toma de 2 em 2 anos? Beer nal.,1,1,-0.478515625,1.03125,1.509765625,0.18097351491451263,0.8190264105796814,True
5.2488.N,5.2488,N,Qual é o bloco do índio que não bebe nem fuma? Bloquinho infantil.,0,0,0.67578125,-0.69140625,-1.3671875,0.7969253659248352,0.2030746340751648,True
5.1731.N,5.1731,N,Qual é o pote que toca música? O Spotted Fest.,0,1,0.0284423828125,0.240234375,0.2117919921875,0.44724902510643005,0.5527509450912476,False
4.653.N,4.653,N,O Artur detesta chuva e o Paulo vento.,0,0,0.2578125,-0.09814453125,-0.35595703125,0.5880613923072815,0.4119386076927185,True
5.108.H,5.108,H,Qual é o lago que não sabe o alfabeto? Paranoá.,1,0,0.703125,-0.9453125,-1.6484375,0.8386797904968262,0.16132023930549622,False
5.3231.N,5.3231,N,Por que o rapaz não mostrou os slides em sua apresentação na empresa? Porque ele esqueceu de levar.,0,0,0.3203125,-0.1708984375,-0.4912109375,0.6203916072845459,0.3796083331108093,True
5.2302.N,5.2302,N,Por que uma parede ficou decepcionada com a outra? Porque ela era quebrada.,0,0,0.48046875,-0.35546875,-0.8359375,0.6976089477539062,0.30239108204841614,True
5.1264.N,5.1264,N,Em qual seleção joga o atleta mais baladeiro? Brasil.,0,0,0.8359375,-1.078125,-1.9140625,0.8714748620986938,0.12852515280246735,True
4.156.H,4.156,H,Qual é a língua mais falada nas prisões portuguesas? É o português corrente.,1,0,0.1787109375,0.034912109375,-0.143798828125,0.5358878970146179,0.46411213278770447,False
5.2095.H,5.2095,H,O que o rapaz falou quando viu batatinhas em um saquinho? É uma chips? ,1,1,-0.40234375,0.97265625,1.375,0.2018132209777832,0.7981867790222168,True
5.3209.H,5.3209,H,Qual rainha que bebe cerveja? Squeencariol.,1,1,-0.2734375,0.578125,0.8515625,0.2991051971912384,0.700894832611084,True
5.2707.N,5.2707,N,Por que o tubo de pomada foi espremido? Porque era um creme.,0,0,0.48046875,-0.359375,-0.83984375,0.6984323263168335,0.3015676736831665,True
5.1193.N,5.1193,N,Qual a sandália usada no exército? Sandália crocs.,0,1,0.11767578125,0.32421875,0.20654296875,0.44854703545570374,0.5514529943466187,False
4.445.H,4.445,H,De que material são compostas as pedras nos rins? De xixisto.,1,1,-0.09423828125,0.515625,0.60986328125,0.35209038853645325,0.6479096412658691,True
5.3957.H,5.3957,H,Qual rapper que te convidava pro sexo oral? Chupac.,1,1,-0.63671875,1.1640625,1.80078125,0.14175598323345184,0.858244001865387,True
5.1149.N,5.1149,N,Qual personagem de dragon ball nasceu na Alemanha e não come carne? Kurilin.,0,0,0.609375,-0.453125,-1.0625,0.7431680560112,0.2568320035934448,True
5.3277.H,5.3277,H,Qual cantor registrava a entrada de ets? Ovinicius de Moraes.,1,0,0.2197265625,0.216796875,-0.0029296875,0.500732421875,0.499267578125,False
5.3196.H,5.3196,H,Qual o eletrodoméstico perfeito para misturar currículos? O Linkedinficador.,1,0,0.388671875,-0.224609375,-0.61328125,0.6486889719963074,0.351311057806015,False
5.3591.H,5.3591,H,"O que o Fred Flintstone disse quando percebeu que instalou um programa indesejado? Ih, aba da Baidu.",1,1,-0.88671875,1.390625,2.27734375,0.09301679581403732,0.9069831967353821,True
4.170.H,4.170,H,Qual é o jogo preferido das vesículas? O biliar.,1,0,0.50390625,-0.384765625,-0.888671875,0.7086160182952881,0.2913839817047119,False
5.203.H,5.203,H,Por que muitos jogadores do Corínthians não foram à festa de comemoração do título brasileiro? Porque a festa foi muito longe. Lá na casa do Carille!,1,1,0.1513671875,0.177734375,0.0263671875,0.49340859055519104,0.5065914392471313,True
5.3443.H,5.3443,H,Qual atriz é um cereal? Jennifer é Neston.,1,1,-0.53125,0.98046875,1.51171875,0.18068420886993408,0.8193157911300659,True
5.281.N,5.281,N,Qual é o cantor que melhor improvisa com as ferramentas que tem à disposição? Zé Ramalho.,0,0,0.71484375,-1.046875,-1.76171875,0.8534248471260071,0.1465752124786377,True
5.695.N,5.695,N,Qual é o tipo de roupa que os magros não podem usar? As feitas de linho.,0,0,0.279296875,-0.2333984375,-0.5126953125,0.6254380941390991,0.3745618760585785,True
5.1162.H,5.1162,H,Qual o bairro de São Paulo que só tem Japoneses? Japaquara,1,0,0.546875,-0.578125,-1.125,0.7549149990081787,0.2450850009918213,False
5.2508.N,5.2508,N,Qual é o planeta que ama a todos? A terra.,0,0,0.67578125,-0.79296875,-1.46875,0.8128673434257507,0.18713267147541046,True
5.2703.N,5.2703,N,Qual jogo antigo fica tentando as pessoas contra sua religião? Pacman.,0,0,0.71484375,-0.921875,-1.63671875,0.8370879292488098,0.1629120260477066,True
4.672.N,4.672,N,Qual é o melhor óleo para lubrificar o sexo? Óleo corporal.,0,0,0.470703125,-0.2216796875,-0.6923828125,0.666496753692627,0.33350321650505066,True
5.3591.N,5.3591,N,"O que o Fred Flintstone disse quando percebeu que instalou um programa indesejado? Ah, não.",0,0,0.11767578125,0.060791015625,-0.056884765625,0.5142173767089844,0.485782653093338,True
4.152.H,4.152,H,Já estreou o novo espetáculo com legos ao vivo. É uma peça de teatro.,1,0,0.48046875,-0.291015625,-0.771484375,0.6838418841362,0.3161580562591553,False
4.371.H,4.371,H,A tua mãe é como a luz da TV. Está todo o dia acesa.,1,0,0.671875,-0.5546875,-1.2265625,0.7732163667678833,0.2267836481332779,False
4.96.N,4.96,N,Que nome se dá a um cacto engraçado? Cacti.,0,0,0.47265625,-0.447265625,-0.919921875,0.7150261998176575,0.2849738299846649,True
5.1264.H,5.1264,H,Em qual seleção joga o atleta mais baladeiro? Agito.,1,0,0.69140625,-0.703125,-1.39453125,0.801314651966095,0.19868534803390503,False
5.2395.H,5.2395,H,Qual é o remédio que se compra quando vai à padaria? BuscoPão.,1,1,-0.78125,1.3671875,2.1484375,0.10447732359170914,0.8955226540565491,True
4.617.N,4.617,N,Por que é que o Napoleão era sempre convidado para todas as festas? Porque era animado.,0,0,0.5234375,-0.5859375,-1.109375,0.7520126104354858,0.24798743426799774,True
4.343.H,4.343,H,Qual é a nacionalidade de um canalizador de bigode? É um mexe-cano.,1,1,-0.6171875,0.8984375,1.515625,0.18010665476322174,0.8198933005332947,True
5.1722.N,5.1722,N,"Qual é o bruxo-malvadão que ia, mas já voltou? Draco Malfoi.",0,1,-0.921875,1.4609375,2.3828125,0.0844927579164505,0.9155072569847107,False
5.1984.H,5.1984,H,Por que o eletricista ficou louco quando viu seu carro? Porque viu o Fio Rino ,1,1,-0.703125,1.1875,1.890625,0.13117322325706482,0.8688268065452576,True
5.2125.H,5.2125,H,O que o rapaz fez com as fotos que tirou no ano novo? Reveillou ,1,0,0.66015625,-0.50390625,-1.1640625,0.7620701193809509,0.23792991042137146,False
5.2189.H,5.2189,H,Quem é a cantora que trabalha com transporte público nos Estados Unidos? Van USA ,1,1,-0.3984375,0.93359375,1.33203125,0.20882359147071838,0.791176438331604,True
4.539.H,4.539,H,"Será que os meus amigos vão passar férias a países do médio oriente? Uns, Irão. Os outros, Paquistão.",1,0,0.4453125,-0.318359375,-0.763671875,0.6821503639221191,0.3178495764732361,False
5.3370.N,5.3370,N,"Qual ator é a junção de um tigre, um super-herói e um cantor? Lion.",0,0,0.181640625,-0.130859375,-0.3125,0.5774953961372375,0.42250460386276245,True
5.3659.N,5.3659,N,Qual integrante dos Castro Brothers gosta de te estudar na língua culta? Matheus Castro,0,0,0.828125,-0.81640625,-1.64453125,0.8381505608558655,0.16184943914413452,True
4.559.N,4.559,N,Porque é que os conspiracionistas não usam o Google Chrome? Porque não podem aceitar cookies.,0,0,0.31640625,-0.345703125,-0.662109375,0.6597340703010559,0.3402658998966217,True
5.694.H,5.694,H,Qual cantora espirra muito? Atchimna Turner.,1,1,-0.78515625,1.453125,2.23828125,0.09636510908603668,0.9036349058151245,True
4.307.N,4.307,N,Quanto tempo demora um gelado a derreter? Cerca de um quarto de hora.,0,0,0.34765625,-0.3671875,-0.71484375,0.671470582485199,0.328529417514801,True
5.1193.H,5.1193,H,Qual a sandália usada no exército? Melíssia.,1,0,0.640625,-0.341796875,-0.982421875,0.7275885343551636,0.2724114954471588,False
4.491.H,4.491,H,Não há muitos elefantes em Moçambique. Mas no Zimbabué.,1,1,0.08447265625,0.177734375,0.09326171875,0.4767014682292938,0.5232985615730286,True
5.1929.N,5.1929,N,Qual joalheria não usa gasolina? Vivara.,0,0,0.32421875,-0.01385498046875,-0.33807373046875,0.5837225317955017,0.4162774682044983,True
4.751.N,4.751,N,"Como correu a primeira final de sempre da Liga dos Campeões com patos? Foi bem disputada, cheia de craques da bola e acabou com a vitória do  Real Madrid.",0,0,0.369140625,0.09326171875,-0.27587890625,0.5685356259346008,0.43146440386772156,True
4.447.H,4.447,H,Para que é que se plantam garfos? Para depois colher.,1,1,-0.003509521484375,0.375,0.378509521484375,0.40648648142814636,0.593513548374176,True
5.1472.N,5.1472,N,Qual o melhor pote da cozinha? O de arroz.,0,0,0.67578125,-0.7265625,-1.40234375,0.802555501461029,0.19744445383548737,True
5.54.H,5.54,H,Qual é o personagem histórico que fui eu que indiquei? Pero Vaz de indica minha.,1,1,-0.765625,1.4609375,2.2265625,0.09739039093255997,0.9026095867156982,True
4.198.N,4.198,N,"Porque é que a febre tifóide é tão perigosa? Porque ou tu a curas, ou ela agrava-se mesmo.",0,0,0.2890625,-0.09814453125,-0.38720703125,0.5956101417541504,0.40438979864120483,True
4.622.H,4.622,H,Que tamanho de roupa vestem as videntes? Tamanho médium.,1,1,-0.326171875,0.77734375,1.103515625,0.24908174574375153,0.7509182095527649,True
5.2312.H,5.2312,H,Qual é o nome da banda favorita das pessoas cansadas? Exausta samba,1,1,-0.60546875,1.203125,1.80859375,0.14080817997455597,0.8591918349266052,True
4.36.H,4.36,H,Uma loira viu um jogo de futebol que acabou 1-0. Qual foi o seu jogador preferido? O Vidoso. Porque o golo foi do Vidoso.,1,0,0.443359375,-0.0849609375,-0.5283203125,0.6290912628173828,0.3709087371826172,False
5.1869.H,5.1869,H,Que parte do corpo cuida das coisas? To no zelo,1,1,-0.1025390625,0.326171875,0.4287109375,0.39443421363830566,0.6055657863616943,True
5.41.N,5.41,N,Qual cantora brasileira só cria galinha? Ivete.,0,0,0.83203125,-1.03125,-1.86328125,0.8656789064407349,0.13432106375694275,True
5.635.H,5.635,H,Qual é o policial que não gosta de gente com boca suja? Guarda napo.,1,1,-1.0390625,1.6953125,2.734375,0.06097518280148506,0.939024806022644,True
5.1678.N,5.1678,N,Quem foi a primeira pessoa que comprou um apartamento na planta? O Roberto.,0,0,0.6953125,-0.69921875,-1.39453125,0.801314651966095,0.19868534803390503,True
5.3685.N,5.3685,N,Qual chefe que não consulta livro de receitas? O Chefe de cozinha.,0,0,0.58984375,-0.6640625,-1.25390625,0.7779752612113953,0.22202469408512115,True
4.215.N,4.215,N,O que diz a mãe quando vai por o filho à escola? Lá vai o meu rebento ...,0,0,0.400390625,-0.24609375,-0.646484375,0.6562178134918213,0.3437821865081787,True
4.430.N,4.430,N,O que diz um empregado para o outro? Vamos mas é trabalhar que o patrão está teso.,0,0,0.095703125,0.068359375,-0.02734375,0.5068355202674866,0.4931645095348358,True
5.3946.N,5.3946,N,O quê o seu Madruga usa pra tomar banho? A bucha.,0,0,0.56640625,-0.55078125,-1.1171875,0.7534666657447815,0.2465333640575409,True
5.3490.H,5.3490,H,Qual hotel se hospedavam os Beatles? Let Ibis.,1,1,-0.98828125,1.3671875,2.35546875,0.08663206547498703,0.9133679866790771,True
5.521.H,5.521,H,Qual ator que peida tão alto que ressoa? Francisco Cu Oco.,1,1,-0.94140625,1.4609375,2.40234375,0.08299413323402405,0.9170058369636536,True
5.3342.H,5.3342,H,Qual o nervo que tem uma loja? O nervo C&A tico.,1,1,-0.765625,1.4921875,2.2578125,0.09467770159244537,0.9053223133087158,True
5.681.N,5.681,N,Qual matéria da escola pode machucar? Matemática.,0,0,0.8046875,-0.81640625,-1.62109375,0.8349459171295166,0.1650540828704834,True
5.714.N,5.714,N,Qual o cantor que cheira toda a cocaína que trouxeram? Zeca pagodinho.,0,1,-0.333984375,0.73046875,1.064453125,0.25645938515663147,0.7435405850410461,False
5.2893.N,5.2893,N,Qual dupla canta a meia luz? Zezé de Camargo e Luciano,0,0,0.8359375,-0.8046875,-1.640625,0.837619960308075,0.16238002479076385,True
5.1245.H,5.1245,H,Por que a ovelha gosta de salgadinhos? Porque ela Éuma Sheeps.,1,1,-0.9765625,1.5703125,2.546875,0.07263670116662979,0.9273633360862732,True
5.1046.N,5.1046,N,Qual o canal para fumantes infantis? Discovery Kids.,0,0,0.73046875,-1.0234375,-1.75390625,0.8524448275566101,0.1475551873445511,True
5.2397.N,5.2397,N,Qual o Podcast favorito desse canal? NLP - Data Hackers.,0,1,-0.15625,0.5078125,0.6640625,0.33982762694358826,0.6601723432540894,False
5.2592.N,5.2592,N,Qual a composição do peido do Papa? 100% metano.,0,0,0.5078125,-0.33984375,-0.84765625,0.7000752091407776,0.29992473125457764,True
5.92.H,5.92,H,Qual o parente que não serve pra nada? Inú tio.,1,1,-0.000396728515625,0.2392578125,0.239654541015625,0.44037145376205444,0.5596285462379456,True
5.2183.H,5.2183,H,Qual é a hortaliça que faz sucesso no norte e nordeste? Cebola Arroxa ,1,1,-0.357421875,0.875,1.232421875,0.22575780749320984,0.7742421627044678,True
5.465.H,5.465,H,Qual estado brasileiro mais toma refrigerante? Fanta Catarina.,1,1,-0.396484375,0.7578125,1.154296875,0.23970511555671692,0.7602949142456055,True
4.486.H,4.486,H,"Vira-se um computador grande para o pequeno: Olha só para ti, tão pequeno e já computas.",1,1,-0.318359375,0.82421875,1.142578125,0.24184733629226685,0.7581526637077332,True
4.404.H,4.404,H,O que são duas cenouras a discutir? Poluição cenora.,1,1,-0.7578125,1.4765625,2.234375,0.09670579433441162,0.9032942056655884,True
5.2452.N,5.2452,N,Qual é o salgado muito bom que não deixa ninguem transar? Croquete.,0,0,0.6640625,-0.75,-1.4140625,0.804405927658081,0.19559407234191895,True
5.3733.H,5.3733,H,Qual é o esporte de praia que deixa a bola bêbada? Altinha.,1,0,0.2138671875,0.138671875,-0.0751953125,0.5187899470329285,0.48121005296707153,False
5.354.H,5.354,H,Por que Cuba foi na festa dos países? Pra socializar.,1,0,0.57421875,-0.4453125,-1.01953125,0.7348812818527222,0.26511871814727783,False
4.109.H,4.109,H,Que nome se dá a um cão que vai à missa? Cachorro crente.,1,0,0.470703125,-0.408203125,-0.87890625,0.7065955400466919,0.2934044897556305,False
5.810.H,5.810,H,Por que quando você reclamou eles nunca responderam? Porque eram lentos de contato.,1,1,-0.11669921875,0.482421875,0.59912109375,0.3545447885990143,0.6454551815986633,True
5.1732.H,5.1732,H,Por que algumas pessoas não ficavam acordadas de madrugada pra ver as Olimpíadas? Por medo do espírito olímpico,1,0,0.2197265625,-0.228515625,-0.4482421875,0.6102211475372314,0.3897787928581238,False
5.2200.H,5.2200,H,Qual é o filme favorito da cabra? A bruxa de béé,1,1,-0.10302734375,0.498046875,0.60107421875,0.35409796237945557,0.6459020376205444,True
5.728.H,5.728,H,"Qual é o nome da doença que acomete vítimas de sequestro que não têm espelho no cativeiro? Síndrome de ""ESTOU COMO?""",1,1,-0.2490234375,0.75390625,1.0029296875,0.2683658003807068,0.731634259223938,True
5.3762.H,5.3762,H,Qual é o jogador de futebol que sempre se protege do sol? Frank de Boné ,1,1,-0.36328125,0.83984375,1.203125,0.23091977834701538,0.7690802216529846,True
5.83.H,5.83,H,Qual é o animal que mais sofre com enfermidades? O condor.,1,0,0.5859375,-0.73046875,-1.31640625,0.7885831594467163,0.2114168405532837,False
5.441.H,5.441,H,Por que todo fã de Nirvana também gosta do Jorge Ben Jor? Porque fã de Nirvana Curte com Ben.,1,1,-0.55859375,1.015625,1.57421875,0.1716158092021942,0.8283842206001282,True
5.3395.N,5.3395,N,Qual o remédio que te convence a pedir um carro pra vc se deslocar? Dipirona.,0,0,0.64453125,-0.65625,-1.30078125,0.7859664559364319,0.2140335589647293,True
5.1598.H,5.1598,H,Qual é o animal que voa no deserto? Dronedário.,1,0,0.1826171875,0.1611328125,-0.021484375,0.5053709149360657,0.4946291446685791,False
5.3132.N,5.3132,N,Qual o exercício preferido das abelhas? Voar.,0,0,0.72265625,-0.79296875,-1.515625,0.8198933005332947,0.18010665476322174,True
4.466.H,4.466,H,Como é que as pombas se reproduzem? Uma em cima da outra e POMBA POMBA POMBA!,1,1,-0.625,1.453125,2.078125,0.11124120652675629,0.8887588381767273,True
5.3645.H,5.3645,H,Qual é o desenho onde o personagem principal só consegue dinheiro em outro planeta? Rico em Marte.,1,1,-0.1123046875,0.33203125,0.4443359375,0.3907082974910736,0.6092917323112488,True
5.3807.H,5.3807,H,Qual senador que proíbe piadas? Ri não Calheiros.,1,1,-0.87109375,1.4609375,2.33203125,0.08850465714931488,0.9114953279495239,True
4.607.H,4.607,H,Por que é que o motard foi despedido? Porque não estava capacetado para o trabalho.,1,1,0.09912109375,0.177734375,0.07861328125,0.4803568124771118,0.5196431875228882,True
5.3287.N,5.3287,N,Qual o ingrediente principal na comida de quem apanhou? RepOlho Roxo.,0,1,-0.6484375,0.99609375,1.64453125,0.16184943914413452,0.8381505608558655,False
5.3522.N,5.3522,N,O que é que tem abas e é gostoso de lamber? Absorvente.,0,0,0.341796875,-0.1005859375,-0.4423828125,0.6088266372680664,0.3911733329296112,True
5.2643.H,5.2643,H,Qual é o nome de um cabeleireiro? Saulão de Beleza.,1,1,-0.5,1.140625,1.640625,0.16238002479076385,0.837619960308075,True
5.3238.N,5.3238,N,Qual queijo dirige carro? Rockerford.,0,1,-0.498046875,0.86328125,1.361328125,0.2040245532989502,0.7959754467010498,False
4.213.N,4.213,N,Como é que se chama uma empregada doméstica chinesa? Lee.,0,0,0.5625,-0.76953125,-1.33203125,0.791176438331604,0.20882359147071838,True
4.245.H,4.245,H,Que nome se dá a um homem que via mas agora já não vê? Tobias.,1,0,0.44140625,-0.42578125,-0.8671875,0.7041601538658142,0.2958398759365082,False
4.40.H,4.40,H,"Hoje no trânsito disse ""amo-te"" a um semáforo. O semáforo ficou vermelho.",1,0,0.61328125,-0.4921875,-1.10546875,0.7512834072113037,0.24871660768985748,False
5.3223.H,5.3223,H,Qual o contrário de vadia? Voltenoite.,1,1,-0.36328125,1.0,1.36328125,0.2037075310945511,0.7962924242019653,True
5.424.H,5.424,H,Qual deus grego me deixa puto? Mienerva.,1,1,-0.251953125,0.7265625,0.978515625,0.27318641543388367,0.7268136143684387,True
5.2301.H,5.2301,H,"Por que o militar sempre ia no futebol, mas nunca jogava? Porque era militar de reserva.",1,0,0.46484375,-0.28515625,-0.75,0.6791787147521973,0.32082128524780273,False
4.324.N,4.324,N,Quais são as escadas que demoram mais a subir? São as escadas em pedra.,0,1,-0.388671875,0.796875,1.185546875,0.23405632376670837,0.7659436464309692,False
5.1043.N,5.1043,N,Qual é o pokémon da umbanda? O Olorum,0,0,0.349609375,-0.296875,-0.646484375,0.6562178134918213,0.3437821865081787,True
5.3942.N,5.3942,N,Qual a bebida preferida dos sindicalistas? Café.,0,0,0.74609375,-0.99609375,-1.7421875,0.8509647250175476,0.14903530478477478,True
5.1015.H,5.1015,H,O que são vários números 2 caindo do céu? Twova.,1,1,-0.447265625,0.875,1.322265625,0.21044158935546875,0.7895584106445312,True
5.778.H,5.778,H,Por que o cara que não fazia exercícios prestou odonto?  Pra ser dentário.,1,0,0.359375,-0.1337890625,-0.4931640625,0.6208515167236328,0.3791485130786896,False
5.3328.H,5.3328,H,Como se chamam os jovens barbeiros? Molecortes.,1,0,0.2578125,-0.000804901123046875,-0.2586174011230469,0.5642964243888855,0.4357036352157593,False
5.1377.H,5.1377,H,"Por que o professor de natação largou o emprego? Porque ele ensinou, ensinou, e o aluno nada.",1,0,0.2216796875,0.059814453125,-0.161865234375,0.5403781533241272,0.4596218168735504,False
5.4048.N,5.4048,N,Qual a música preferida dos cachorros? Cão amigo.,0,0,0.3671875,-0.06640625,-0.43359375,0.6067315340042114,0.39326852560043335,True
4.524.N,4.524,N,Partir o pescoço foi uma experiência aterrorizante . Mas agora já estou a melhorar.,0,0,0.2294921875,-0.259765625,-0.4892578125,0.6199315786361694,0.38006845116615295,True
5.1054.N,5.1054,N,Por que o carbono alfa ficou nervoso? Porque uma carboxila tirou a mulher dele.,0,1,-0.03564453125,0.482421875,0.51806640625,0.3733045160770416,0.6266955137252808,False
5.1066.H,5.1066,H,Qual o sanduíche de queijo com mosquito? Cheese-kungunya.,1,1,0.0233154296875,0.1630859375,0.1397705078125,0.46511414647102356,0.534885823726654,True
